Date,Close,High,Low,Open,Volume
1990-01-02,1.9651423692703247,2.0155306351490507,1.9550647160945793,2.0155306351490507,194400
1990-01-03,1.955064058303833,1.9752193578739756,1.955064058303833,1.9752193578739756,361600
1990-01-04,1.9046753644943237,1.9752188965126318,1.9046753644943235,1.955063601650258,166400
1990-01-05,1.874443531036377,1.8945988378217145,1.844210570858371,1.8945988378217145,100800
1990-01-08,1.8442102670669556,1.864365570532168,1.8341326153343491,1.8542879187995618,880800
1990-01-09,1.8139770030975342,1.8341323031319512,1.8139770030975342,1.8240546531147428,282400
1990-01-10,1.7473170757293701,1.787717470543922,1.7372169770257322,1.787717470543922,784000
1990-01-11,1.7776156663894653,1.7877157554030418,1.7473153993487358,1.7574154883623123,347200
1990-01-12,1.7574167251586914,1.767516821280293,1.737216532915488,1.7574167251586914,159200
1990-01-15,1.7574167251586914,1.767516821280293,1.7574167251586914,1.767516821280293,25600
1990-01-16,1.7473170757293701,1.7473170757293701,1.6968165822111803,1.7372169770257322,172800
1990-01-17,1.7574167251586914,1.8180173018883015,1.7574167251586914,1.7574167251586914,216000
1990-01-18,1.7473170757293701,1.757417174433008,1.7372169770257322,1.7372169770257322,157600
1990-01-19,1.7776156663894653,1.7776156663894653,1.7675155773758888,1.7675155773758888,8800
1990-01-22,1.767517328262329,1.777617427280971,1.7574172292436874,1.767517328262329,56800
1990-01-23,1.7776156663894653,1.7877157554030418,1.7675155773758888,1.7877157554030418,101600
1990-01-24,1.7372158765792847,1.7675161534963653,1.7372158765792847,1.7675161534963653,26400
1990-01-25,1.7574167251586914,1.7574167251586914,1.7271164367938863,1.737216532915488,249600
1990-01-26,1.7271173000335693,1.7574176035429303,1.7271173000335693,1.7473175023731433,45600
1990-01-29,1.7069156169891357,1.7372158942137947,1.6968155245809158,1.7372158942137947,444000
1990-01-30,1.7170161008834839,1.7170161008834839,1.6665156273280874,1.6968159114613253,548000
1990-01-31,1.84831702709198,1.84831702709198,1.7372160036055768,1.7372160036055768,757600
1990-02-01,1.84831702709198,1.8584171201361985,1.8382169340477617,1.8584171201361985,149600
1990-02-02,1.8584175109863281,1.878617701323136,1.8584175109863281,1.8584175109863281,720000
1990-02-05,1.8584175109863281,1.878617701323136,1.8584175109863281,1.878617701323136,163200
1990-02-06,1.8685176372528076,1.8786177325893094,1.8382173512433027,1.858417541916306,99200
1990-02-07,1.8988182544708252,1.8988182544708254,1.8786180602743272,1.8786180602743272,32800
1990-02-08,1.9695184230804443,2.0200188954671225,1.9190179506937664,1.9190179506937664,346400
1990-02-09,1.9392169713974,2.0200176785389585,1.9190167946120105,1.989717413360874,179200
1990-02-12,1.878617763519287,1.939218336536038,1.8786177635192869,1.939218336536038,28000
1990-02-13,1.9089168310165405,1.9089168310165405,1.898816741963543,1.898816741963543,26400
1990-02-14,1.8988182544708252,1.9190184486673234,1.8988182544708254,1.9089183515690744,32800
1990-02-15,1.9089168310165405,1.9190169200695382,1.9089168310165405,1.9089168310165405,152000
1990-02-16,1.919018030166626,1.919018030166626,1.919018030166626,1.919018030166626,32000
1990-02-20,1.9089168310165405,1.9291170091225358,1.9089168310165405,1.9291170091225358,23200
1990-02-21,1.878617763519287,1.9089180500276626,1.8786177635192869,1.9089180500276626,553600
1990-02-22,1.83821702003479,1.8786173941014888,1.83821702003479,1.8786173941014888,148000
1990-02-23,1.7574167251586914,1.797817109645098,1.737216532915488,1.797817109645098,575200
1990-02-26,1.7776156663894653,1.7776156663894653,1.7675155773758888,1.7675155773758888,477600
1990-02-27,1.83821702003479,1.83821702003479,1.7877165524514167,1.7877165524514167,357600
1990-02-28,1.8079173564910889,1.8281175504183635,1.8079173564910886,1.818017453454726,145600
1990-03-01,1.7776156663894653,1.8079159334301949,1.7776156663894653,1.8079159334301949,225600
1990-03-02,1.7473170757293701,1.79781756924756,1.7372169770257322,1.7776173718402841,931200
1990-03-05,1.7271173000335693,1.7473175023731433,1.7170171988637823,1.7271173000335693,146400
1990-03-06,1.767517328262329,1.767517328262329,1.6968166351318361,1.7271169321877617,258400
1990-03-07,1.7776156663894653,1.7776156663894653,1.7473153993487358,1.7675155773758888,174400
1990-03-08,1.7978174686431885,1.8079175667816334,1.7675171742278537,1.7776172723662986,146400
1990-03-09,1.767517328262329,1.7978176253182547,1.767517328262329,1.777617427280971,194400
1990-03-12,1.7372158765792847,1.7574160611906717,1.6968155073565105,1.7473159688849782,1072800
1990-03-13,1.7372158765792847,1.7372158765792847,1.7271157842735911,1.7271157842735911,662400
1990-03-14,1.7877159118652344,1.7877159118652344,1.7271153724799722,1.7271153724799722,298400
1990-03-15,1.7574167251586914,1.8079172057666997,1.7574167251586914,1.797817109645098,192000
1990-03-16,1.7978174686431885,1.7978174686431885,1.7675171742278537,1.7776172723662986,271200
1990-03-19,1.7877159118652344,1.7877159118652344,1.7776158219676907,1.7776158219676907,476000
1990-03-20,1.8079173564910889,1.8786180352365502,1.7776170656001766,1.7776170656001766,898400
1990-03-21,1.8079173564910889,1.818017453454726,1.8079173564910886,1.8079173564910886,102400
1990-03-22,1.7877159118652344,1.7877159118652344,1.7776158219676907,1.7776158219676907,177600
1990-03-23,1.8079173564910889,1.8079173564910886,1.8079173564910886,1.8079173564910886,320000
1990-03-26,1.7776156663894653,1.7978158444166183,1.7776156663894653,1.7978158444166183,37600
1990-03-27,1.7776156663894653,1.7776156663894653,1.7675155773758888,1.7675155773758888,24000
1990-03-28,1.8887170553207397,1.8988171465256634,1.838216599296121,1.838216599296121,706400
1990-03-29,1.878617763519287,1.8988179545248707,1.868517668016495,1.8887178590220788,361600
1990-03-30,1.8887170553207397,1.8887170553207397,1.8887170553207397,1.8887170553207397,161600
1990-04-02,1.8584175109863281,1.88871779649154,1.8382173206495203,1.88871779649154,184800
1990-04-03,1.9291192293167114,1.959419531347864,1.8584185245773555,1.8584185245773555,358400
1990-04-04,1.878617763519287,1.9291182410332464,1.8786177635192869,1.9291182410332464,364800
1990-04-05,1.878617763519287,1.9089180500276626,1.8786177635192869,1.8988179545248707,373600
1990-04-06,1.7978174686431885,1.8887183518891923,1.7978174686431885,1.8887183518891923,810400
1990-04-09,1.7714983224868774,1.7917440176010133,1.7714983224868777,1.7714983224868777,336800
1990-04-10,1.7917428016662598,1.8221113237284,1.7613742796041199,1.7816199609788799,426400
1990-04-11,1.7714983224868774,1.822112560272217,1.7613754749298096,1.8018668651580811,234400
1990-04-12,1.7006369829177856,1.7714968572060268,1.6803913045497167,1.7613740180219923,456000
1990-04-16,1.7512524127960205,1.7714981054295007,1.7107610275290606,1.7107610275290606,273600
1990-04-17,1.7613754272460938,1.7613754272460938,1.7512525799630703,1.7613754272460938,16800
1990-04-18,1.7613754272460938,1.7816211218121407,1.7411297326800468,1.7411297326800468,333600
1990-04-19,1.7411288022994995,1.761374486047168,1.7310059604256651,1.761374486047168,207200
1990-04-20,1.7310078144073486,1.7411306671231812,1.7208849616915163,1.7310078144073486,168800
1990-04-23,1.7006369829177856,1.7208826612858545,1.7006369829177856,1.7208826612858545,173600
1990-04-24,1.7006369829177856,1.731005500469889,1.7006369829177856,1.7006369829177856,458400
1990-04-25,1.7208833694458008,1.731006212795482,1.7107605260961196,1.7208833694458008,104000
1990-04-26,1.7411288022994995,1.7411288022994993,1.7006374348041622,1.7006374348041622,461600
1990-04-27,1.7512524127960205,1.7512524127960207,1.7411295664792805,1.7411295664792805,133600
1990-04-30,1.7613754272460938,1.7613754272460938,1.7411297326800468,1.7512525799630703,68800
1990-05-01,1.8221112489700317,1.8322340892420874,1.7411285267935859,1.7613742073376972,732800
1990-05-02,1.8221112489700317,1.8322340892420874,1.7917427281538645,1.8018655684259202,575200
1990-05-03,1.8322347402572632,1.8524804279949125,1.8322347402572634,1.842357584126088,105600
1990-05-04,1.8018666505813599,1.8423580359876826,1.8018666505813599,1.8423580359876826,279200
1990-05-07,1.8423569202423096,1.8423569202423098,1.8018655593578634,1.8018655593578634,32800
1990-05-08,1.8322347402572632,1.842357584126088,1.8322347402572634,1.842357584126088,48800
1990-05-09,1.8119885921478271,1.8524799573354882,1.8119885921478271,1.842357116038573,1232800
1990-05-10,1.8119885921478271,1.842357116038573,1.8119885921478271,1.8221114334447424,428000
1990-05-11,1.8626035451889038,1.8626035451889038,1.8322350091260413,1.8322350091260413,172000
1990-05-14,1.781619668006897,1.8727252192117951,1.781619668006897,1.8727252192117951,2418400
1990-05-15,1.8221112489700317,1.8322340892420874,1.7816198878818088,1.8018655684259202,5804800
1990-05-16,1.882848858833313,1.9233402321415562,1.822111798870948,1.822111798870948,367200
1990-05-17,1.9132159948349,1.9132159948349001,1.8929703229318853,1.8929703229318853,196000
1990-05-18,1.9435855150222778,1.9435855150222778,1.923339832574129,1.923339832574129,181600
1990-05-21,1.9132159948349,1.9233388307864074,1.8929703229318853,1.9233388307864074,74400
1990-05-22,1.9233393669128418,1.9334622056860675,1.923339366912842,1.9334622056860675,40800
1990-05-23,1.882848858833313,1.9233402321415562,1.882848858833313,1.9233402321415562,30400
1990-05-24,1.8221112489700317,1.8929711308744217,1.7816198878818088,1.8929711308744217,483200
1990-05-25,1.8626035451889038,1.8626035451889038,1.7816207823546037,1.822112163771754,817600
1990-05-29,1.882848858833313,1.882848858833313,1.8727260155062522,1.8727260155062522,60800
1990-05-30,1.9233393669128418,1.9334622056860675,1.8929708505931655,1.903093689366391,129600
1990-05-31,1.9233393669128418,1.9334622056860675,1.88284801181994,1.903093689366391,143200
1990-06-01,1.9233393669128418,1.9334622056860675,1.9132165281396165,1.923339366912842,47200
1990-06-04,1.9334620237350464,1.9334620237350464,1.8828478346320348,1.9030935102732394,68000
1990-06-05,1.8727266788482666,1.94358660723712,1.8119895973721067,1.9334637603244267,1125600
1990-06-06,1.8626035451889038,1.8828492358974789,1.8626035451889038,1.8727263905431915,44000
1990-06-07,1.8524800539016724,1.872725737550871,1.8524800539016724,1.872725737550871,212800
1990-06-08,1.8423569202423096,1.8626026006845329,1.8221112398000865,1.8626026006845329,405600
1990-06-11,1.8626035451889038,1.8727263905431915,1.842357854480329,1.8524806998346164,48800
1990-06-12,1.9334620237350464,1.9435848615556486,1.8524793211702277,1.8828478346320348,196000
1990-06-13,1.9233393669128418,2.004322077098646,1.923339366912842,1.923339366912842,208000
1990-06-14,1.9334620237350464,1.9334620237350464,1.9030935102732394,1.9132163480938418,20800
1990-06-15,1.9233393669128418,1.9334622056860675,1.8929708505931655,1.9334622056860675,158400
1990-06-18,1.9233393669128418,1.923339366912842,1.923339366912842,1.923339366912842,1600
1990-06-19,1.8929719924926758,1.9030948373723158,1.8626034578537558,1.9030948373723158,174400
1990-06-20,1.90309476852417,1.9132176130375964,1.882849079497317,1.9132176130375964,127200
1990-06-21,1.90309476852417,1.90309476852417,1.8929719240107434,1.8929719240107434,6400
1990-06-22,1.9132159948349,1.9132159948349001,1.8929703229318853,1.9030931588833926,356800
1990-06-25,1.8929719924926758,1.9030948373723158,1.8828491476130358,1.8929719924926758,24800
1990-06-26,1.8929719924926758,1.8929719924926758,1.852480612974116,1.8828491476130358,207200
1990-06-27,1.8929719924926758,1.9030948373723158,1.8929719924926758,1.8929719924926758,13600
1990-06-28,1.9233393669128418,1.923339366912842,1.903093689366391,1.903093689366391,157600
1990-06-29,1.9233393669128418,1.9334622056860675,1.9132165281396165,1.9334622056860675,327200
1990-07-02,1.882848858833313,1.9132173888144954,1.8626031721791914,1.9132173888144954,322400
1990-07-03,1.8626035451889038,1.903094926606054,1.8626035451889038,1.903094926606054,308800
1990-07-05,1.8322347402572632,1.842357584126088,1.8221118963884386,1.842357584126088,596800
1990-07-06,1.8119885921478271,1.8119885921478271,1.801865750850912,1.801865750850912,82400
1990-07-09,1.8018666505813599,1.8221123432845212,1.7816209578781985,1.8119894969329406,724800
1990-07-10,1.805924654006958,1.805924654006958,1.7957790098833235,1.805924654006958,1073600
1990-07-11,1.816070318222046,1.8262159624579233,1.8059246739861685,1.8059246739861685,776000
1990-07-12,1.8667991161346436,1.8870904108752375,1.8160708792831588,1.8160708792831588,1208800
1990-07-13,1.927670955657959,1.9479622288754113,1.8870884092230547,1.8870884092230547,568000
1990-07-16,1.927670955657959,1.9479622288754113,1.927670955657959,1.9378165922666852,680800
1990-07-17,1.897234320640564,1.9276712348754395,1.897234320640564,1.9276712348754395,102400
1990-07-18,1.846506953239441,1.8972351662405245,1.846506953239441,1.8972351662405245,348000
1990-07-19,1.8667991161346436,1.8667991161346436,1.8160708792831588,1.8262165266534558,465600
1990-07-20,1.8769443035125732,1.887089948396425,1.8769443035125732,1.8769443035125732,51200
1990-07-23,1.9073811769485474,1.9073811769485474,1.8566529541573624,1.8667985987155995,349600
1990-07-24,1.9378169775009155,1.958108254752234,1.8870887843726192,1.8870887843726192,353600
1990-07-25,1.9682542085647583,1.968254208564758,1.9479629280640904,1.9581085683144244,52000
1990-07-26,1.988546371459961,1.988546371459961,1.9682550819552673,1.988546371459961,80000
1990-07-27,1.9378169775009155,1.9885451706292117,1.9378169775009155,1.9682538933778932,75200
1990-07-30,1.9479622840881348,1.9479622840881348,1.9378166471918423,1.9479622840881348,160800
1990-07-31,1.9479622840881348,1.958107920984427,1.9175253733992577,1.9175253733992577,175200
1990-08-01,1.9581087827682495,1.9885457068527301,1.9479631414067562,1.968254424129743,134400
1990-08-02,2.0595648288726807,2.0595648288726807,1.9682540729128082,2.02912791021939,1056800
1990-08-03,2.079857110977173,2.120439688752337,2.0189832443144264,2.0494201776458,1272000
1990-08-06,2.029127359390259,2.1204380905628204,2.029127359390259,2.110292453765869,247200
1990-08-07,2.039275884628296,2.039275884628296,2.029130233460991,2.029130233460991,148800
1990-08-08,2.0088372230529785,2.039274150674993,2.0088372230529785,2.0291285081343218,170400
1990-08-09,2.0088372230529785,2.0088372230529785,1.9885459379716353,2.0088372230529785,296000
1990-08-10,2.0088372230529785,2.01898286559365,2.0088372230529785,2.0088372230529785,299200
1990-08-13,1.9986917972564697,2.029128728179157,1.9986917972564697,2.0189830845382613,56800
1990-08-14,1.988546371459961,2.018983305717001,1.988546371459961,2.018983305717001,49600
1990-08-15,2.029127359390259,2.0494186329841613,1.9885448122024536,1.9885448122024536,196000
1990-08-16,2.0189836025238037,2.029129248767642,1.9986923100361274,2.0189836025238037,140000
1990-08-17,2.039275884628296,2.069712838130211,2.029130233460991,2.039275884628296,201600
1990-08-20,1.9784011840820312,2.0494207137670273,1.9784011840820312,2.0494207137670273,239200
1990-08-21,1.9986917972564697,2.0088374408973655,1.988546153615574,1.988546153615574,452000
1990-08-22,1.9581087827682495,2.008836989575717,1.9581087827682495,1.9885457068527301,333600
1990-08-23,1.927670955657959,1.9479622288754113,1.907379682440507,1.9479622288754113,364000
1990-08-24,1.9479622840881348,1.9479622840881348,1.8972340996066728,1.8972340996066728,326400
1990-08-27,1.917525291442871,1.9479622008308533,1.917525291442871,1.9479622008308533,88000
1990-08-28,1.9378169775009155,1.9378169775009155,1.917525700249597,1.917525700249597,8000
1990-08-29,1.9073811769485474,1.958109399739732,1.9073811769485474,1.958109399739732,140800
1990-08-30,1.9378169775009155,1.9378169775009155,1.8870887843726192,1.917525700249597,65600
1990-08-31,1.897234320640564,1.9378168729537313,1.8769430444839805,1.9175255967971476,256800
1990-09-04,1.917525291442871,1.917525291442871,1.9073796549802104,1.9073796549802104,20000
1990-09-05,2.0595648288726807,2.0697104684237777,1.9175258751573234,1.9175258751573234,223200
1990-09-06,2.1407310962677,2.1407310962677,2.069711581225644,2.079857226231652,317600
1990-09-07,2.1813132762908936,2.1813132762908936,2.1407307037087375,2.1407307037087375,160800
1990-09-10,2.1813132762908936,2.201604562581972,2.1610219899998158,2.1610219899998158,1408800
1990-09-11,2.150876760482788,2.1914593408692555,2.0697115997098527,2.1914593408692555,963200
1990-09-12,2.150876760482788,2.171168050676022,2.1204398251929373,2.171168050676022,336000
1990-09-13,2.110293388366699,2.1610215948178215,2.110293388366699,2.150875953527597,405600
1990-09-14,2.201603889465332,2.201603889465332,2.1102931290727605,2.1102931290727605,209600
1990-09-17,2.2523317337036133,2.2523317337036133,2.1914579030629753,2.2016035415030815,1116000
1990-09-18,2.384226083755493,2.4450999412130803,2.2523327259307213,2.2523327259307213,776800
1990-09-19,2.374079942703247,2.3943712242648134,2.374079942703247,2.3943712242648134,1624800
1990-09-20,2.292914867401123,2.37407999545072,2.292914867401123,2.37407999545072,432000
1990-09-21,2.3132054805755615,2.3132054805755615,2.2523316521393624,2.2624772902120625,521600
1990-09-24,2.2827682495117188,2.3132051595052086,2.2624769761827257,2.3132051595052086,112800
1990-09-25,2.2827682495117188,2.2827682495117188,2.2726226128472224,2.2726226128472224,221600
1990-09-26,2.2523317337036133,2.2827686490239323,2.242186095263507,2.2827686490239323,55200
1990-09-27,2.1914584636688232,2.2421866688463425,2.1914584636688232,2.2320410278108387,72800
1990-09-28,2.171168804168701,2.1914601014039228,2.130586209698258,2.1914601014039228,163200
1990-10-01,2.171168804168701,2.201605750021533,2.1407318583158688,2.1610231555510904,455200
1990-10-02,2.1813132762908936,2.1813132762908936,2.1610219899998158,2.1813132762908936,72000
1990-10-03,2.171168804168701,2.171168804168701,2.1508775069334796,2.171168804168701,26400
1990-10-04,2.110293388366699,2.171167236108046,2.110293388366699,2.171167236108046,313600
1990-10-05,2.069711446762085,2.1407309571901956,2.069711446762085,2.100148379802704,550400
1990-10-08,2.069711446762085,2.100148379802704,2.069711446762085,2.079857091108958,411200
1990-10-09,2.1754331588745117,2.1957643098920303,2.083942979295677,2.083942979295677,298400
1990-10-10,2.1042728424072266,2.175431827416167,2.0941072731202355,2.175431827416167,200000
1990-10-11,2.094109535217285,2.1144406957533755,2.0839439549492402,2.1144406957533755,34400
1990-10-12,2.083944320678711,2.083944320678711,2.0636131565745286,2.0737787386266198,89600
1990-10-15,2.053445816040039,2.083942536080238,2.053445816040039,2.083942536080238,36800
1990-10-16,2.02294921875,2.0534459406407035,2.02294921875,2.0432803666771355,153600
1990-10-17,2.033114433288574,2.033114433288574,2.0127832889556885,2.0229488611221313,11200
1990-10-18,2.02294921875,2.033114792713568,2.02294921875,2.02294921875,113600
1990-10-19,2.012784004211426,2.0229495799902715,2.00261842843258,2.0229495799902715,36800
1990-10-22,1.99245285987854,2.0229495873256607,1.99245285987854,2.0229495873256607,68000
1990-10-23,2.02294921875,2.02294921875,1.9924524968592965,1.9924524968592965,17600
1990-10-24,2.053445816040039,2.053445816040039,2.0331146693465736,2.0331146693465736,120000
1990-10-25,2.1652672290802,2.1652672290802,2.0737770644711775,2.0737770644711775,112800
1990-10-26,2.1855993270874023,2.1855993270874023,2.155102592290834,2.155102592290834,22400
1990-10-29,2.1855993270874023,2.195764905352925,2.1855993270874023,2.195764905352925,16000
1990-10-30,2.1449358463287354,2.1855981372543987,2.1347702735973195,2.175432564522983,29600
1990-10-31,2.1957638263702393,2.246591692721402,2.155101533289309,2.155101533289309,366400
1990-11-01,2.1957638263702393,2.1957638263702393,2.1855982531000064,2.1957638263702393,163200
1990-11-02,2.277087688446045,2.2974188285214563,2.1957631281444003,2.1957631281444003,469600
1990-11-05,2.2567570209503174,2.3075848817825317,2.2567570209503174,2.297419309616089,426400
1990-11-06,2.226259469985962,2.266921743410363,2.226259469985962,2.266921743410363,8800
1990-11-07,2.1957638263702393,2.226260546180937,2.1957638263702393,2.226260546180937,148000
1990-11-08,2.205929756164551,2.205929756164551,2.1754330314249484,2.1754330314249484,37600
1990-11-09,2.226259469985962,2.236425038342062,2.195762764917661,2.195762764917661,397600
1990-11-12,2.1652672290802,2.205929524461988,2.1652672290802,2.205929524461988,76800
1990-11-13,2.02294921875,2.0534459406407035,2.02294921875,2.0534459406407035,208000
1990-11-14,2.073777914047241,2.073777914047241,2.0229500239970637,2.0331156020070993,75200
1990-11-15,2.043280839920044,2.0636119925560643,2.033115263602034,2.0534464162380544,45600
1990-11-16,2.053445816040039,2.053445816040039,2.0127835226531077,2.043280242693306,300800
1990-11-19,1.941624402999878,2.0534457036962057,1.941624402999878,2.0534457036962057,456800
1990-11-20,1.900961995124817,1.9314587116241455,1.8501341342926025,1.9314587116241455,329600
1990-11-21,1.9314603805541992,1.9314603805541992,1.8806324758027728,1.8907980567530582,32800
1990-11-23,1.9314603805541992,1.9416259615044844,1.9314603805541992,1.9314603805541992,18400
1990-11-26,1.9314603805541992,1.9517915424547696,1.9314603805541992,1.9416259615044844,40000
1990-11-27,1.9212933778762817,1.9416245247321153,1.9111278044483648,1.9416245247321153,39200
1990-11-28,1.900961995124817,1.9212931394577026,1.890796422958374,1.9212931394577026,145600
1990-11-29,1.890795350074768,1.890795350074768,1.890795350074768,1.890795350074768,36800
1990-11-30,1.8298033475875854,1.8806312183539071,1.7993066251277923,1.8704656442006429,236000
1990-12-03,1.7891407012939453,1.819637417793274,1.6976505517959595,1.819637417793274,366400
1990-12-04,1.7688099145889282,1.7789754888107034,1.7383131919236017,1.7789754888107034,230400
1990-12-05,1.8094730377197266,1.8196386165833205,1.7688107222653506,1.7688107222653506,432000
1990-12-06,1.7891407012939453,1.8298029899597168,1.7789751291275024,1.809471845626831,248800
1990-12-07,1.7688099145889282,1.768809914588928,1.7078164692582753,1.768809914588928,257600
1990-12-10,1.7688099145889282,1.7789754888107034,1.7586443403671526,1.7789754888107034,179200
1990-12-11,1.7789751291275024,1.809471845626831,1.7586439847946167,1.7586439847946167,981600
1990-12-12,1.8094730377197266,1.8094730377197263,1.7789763011289446,1.7891418799925385,493600
1990-12-13,1.7688099145889282,1.789141063032479,1.768809914588928,1.789141063032479,908000
1990-12-14,1.8094730377197266,1.8094730377197263,1.7281484068109747,1.7688107222653506,207200
1990-12-17,1.7789751291275024,1.8399685621261597,1.7789751291275024,1.819637417793274,89600
1990-12-18,1.7586437463760376,1.8196371711058423,1.7586437463760376,1.7993060295292407,153600
1990-12-19,1.7179819345474243,1.7789753760106464,1.717981934547424,1.758644228856239,277600
1990-12-20,1.6671549081802368,1.697651644305485,1.6569893294718205,1.697651644305485,1007200
1990-12-21,1.6264917850494385,1.6366573587059974,1.6163262113928794,1.6163262113928794,980000
1990-12-24,1.656989336013794,1.656989336013794,1.6264925997681412,1.6264925997681412,222400
1990-12-26,1.7891407012939453,1.7891407012939453,1.6671538352966309,1.6671538352966309,93600
1990-12-27,1.7789751291275024,1.7891407012939453,1.7688095569610596,1.7891407012939453,51200
1990-12-28,1.7281478643417358,1.7688101670321295,1.7281478643417356,1.7688101670321295,49600
1990-12-31,1.7281478643417358,1.7281478643417356,1.6468232589609482,1.7281478643417356,364800
1991-01-02,1.6874843835830688,1.7078155207346721,1.6874843835830688,1.7078155207346721,36000
1991-01-03,1.616326093673706,1.6874851040870138,1.616326093673706,1.6874851040870138,413600
1991-01-04,1.5146706104278564,1.585829632394266,1.5146706104278567,1.585829632394266,216800
1991-01-07,1.474008560180664,1.504505289011988,1.44351183134934,1.49433971273488,599200
1991-01-08,1.4028490781784058,1.474008089390354,1.4028490781784058,1.4638425163600757,679200
1991-01-09,1.3967317342758179,1.4273171007198138,1.3967317342758179,1.417121978571815,572000
1991-01-10,1.3967317342758179,1.3967317342758179,1.3661463678318218,1.386536612127819,296000
1991-01-11,1.4477072954177856,1.4477072954177856,1.3763414428267682,1.3763414428267682,278400
1991-01-14,1.4680986404418945,1.4782937698894076,1.447708381546868,1.4579035109943812,172800
1991-01-15,1.4579033851623535,1.4680985137299225,1.417122870892078,1.4680985137299225,92800
1991-01-16,1.4375123977661133,1.4680977679313498,1.417122150989289,1.4579026445429377,50400
1991-01-17,1.4375123977661133,1.4680977679313498,1.3253660404935796,1.4273172743777012,1341600
1991-01-18,1.4273179769515991,1.4477082337651934,1.4069277201380048,1.4375131053583963,275200
1991-01-21,1.3865373134613037,1.4069275680710287,1.3457568042418537,1.4069275680710287,550400
1991-01-22,1.3865373134613037,1.4171226953758913,1.3865373134613037,1.4069275680710287,174400
1991-01-23,1.4680986404418945,1.4782937698894076,1.3967327343093023,1.3967327343093023,837600
1991-01-24,1.4884880781173706,1.5292685734082574,1.4782929542946488,1.508878325762814,495200
1991-01-25,1.4680986404418945,1.5496596760219996,1.447708381546868,1.508879158231947,817600
1991-01-28,1.4579033851623535,1.4986838994326293,1.4375131280272158,1.4884887708650603,679200
1991-01-29,1.4680986404418945,1.4782937698894076,1.4680986404418945,1.4680986404418945,99200
1991-01-30,1.4579033851623535,1.4680985137299225,1.4375131280272158,1.4477082565947847,132000
1991-01-31,1.4171221256256104,1.4477074952434292,1.4069270024196707,1.4477074952434292,384800
1991-02-01,1.4477072954177856,1.4477072954177856,1.4069268082229185,1.4069268082229185,869600
1991-02-04,1.4680986404418945,1.4884888993369207,1.437513252099355,1.447708381546868,961600
1991-02-05,1.4884880781173706,1.5496588210537008,1.468097830471927,1.468097830471927,1217600
1991-02-06,1.62102472782135,1.6312198518956982,1.4884881148548248,1.4884881148548248,1186400
1991-02-07,1.7535613775253296,1.8147321232529574,1.661805258933888,1.661805258933888,1224000
1991-02-08,1.7433664798736572,1.7535616054869534,1.7229762286470647,1.733171354260361,94400
1991-02-11,1.7637559175491333,1.7943412802811993,1.722975433906379,1.7535607966384448,307200
1991-02-12,1.6923902034759521,1.7841462988451304,1.6923902034759524,1.7841462988451304,216000
1991-02-13,1.7637559175491333,1.7637559175491333,1.7127803129956902,1.7127803129956902,45600
1991-02-14,1.6414152383804321,1.7535616211269212,1.6414152383804321,1.7535616211269212,148800
1991-02-15,1.7025861740112305,1.7025861740112305,1.621025159687339,1.621025159687339,356800
1991-02-19,1.661806344985962,1.6923917378384643,1.6414160830842937,1.6923917378384643,160800
1991-02-20,1.7127801179885864,1.7127801179885864,1.6414142797390618,1.6618045192389261,219200
1991-02-21,1.6923902034759521,1.7127804468913252,1.6923902034759524,1.7025853251836387,188000
1991-02-22,1.6006349325180054,1.692391075146426,1.6006349325180054,1.692391075146426,408000
1991-02-25,1.5190736055374146,1.6006346044924435,1.5190736055374146,1.6006346044924435,88800
1991-02-26,1.508878469467163,1.51907359426086,1.4782930950860718,1.508878469467163,776800
1991-02-27,1.5904399156570435,1.6006350433215117,1.529269149670234,1.529269149670234,1544000
1991-02-28,1.6923902034759521,1.6923902034759524,1.600634108106774,1.6108292298144606,578400
1991-03-01,1.661806344985962,1.6923917378384643,1.6516112140351278,1.6923917378384643,692800
1991-03-04,1.6923902034759521,1.7025853251836387,1.661804838352893,1.661804838352893,555200
1991-03-05,1.6821963787078857,1.6821963787078857,1.6720012491399592,1.6720012491399592,418400
1991-03-06,1.6720013618469238,1.6923916223572522,1.6618062315917597,1.6618062315917597,180800
1991-03-07,1.7127801179885864,1.7127801179885864,1.671999638988858,1.671999638988858,280800
1991-03-08,1.7433664798736572,1.814732359166731,1.692390851807176,1.7127811030337685,442400
1991-03-11,1.7739518880844116,1.7943421396715888,1.7535616364972344,1.7535616364972344,116000
1991-03-12,1.7535613775253296,1.7943418746770816,1.7535613775253296,1.7943418746770816,163200
1991-03-13,1.6923902034759521,1.7433658120143847,1.6923902034759524,1.7433658120143847,147200
1991-03-14,1.6720013618469238,1.6923916223572522,1.6618062315917597,1.682196492102088,184000
1991-03-15,1.7127801179885864,1.7331703574884505,1.6618045192389261,1.6618045192389261,289600
1991-03-18,1.7535613775253296,1.7535613775253296,1.7127808803735778,1.7229760046615157,136000
1991-03-19,1.7127801179885864,1.7331703574884505,1.7025849982386543,1.7331703574884505,172000
1991-03-20,1.7331717014312744,1.7331717014312744,1.7127814461203184,1.7127814461203184,71200
1991-03-21,1.784146785736084,1.7841467857360842,1.7331711632864817,1.7433662877764022,327200
1991-03-22,1.7637559175491333,1.7841461593705106,1.7637559175491333,1.7841461593705106,93600
1991-03-25,1.7637559175491333,1.773951038459822,1.722975433906379,1.773951038459822,115200
1991-03-26,1.7331717014312744,1.7535619567422307,1.7127814461203184,1.7433668290867526,447200
1991-03-27,1.6821963787078857,1.722976896979592,1.6821963787078857,1.722976896979592,86400
1991-03-28,1.6414152383804321,1.6923908669015635,1.6414152383804321,1.6821957411973372,70400
1991-04-01,1.6006349325180054,1.6516105673115724,1.6006349325180054,1.6516105673115724,128000
1991-04-02,1.5496587753295898,1.6108295164610211,1.5394636518076847,1.6108295164610211,367200
1991-04-03,1.508878469467163,1.5904394678167393,1.508878469467163,1.5394638438482542,1358400
1991-04-04,1.5700491666793823,1.5700491666793823,1.5292686688435542,1.5292686688435542,1049600
1991-04-05,1.62102472782135,1.62102472782135,1.5802442315239578,1.5802442315239578,73600
1991-04-08,1.5904399156570435,1.6108301709859798,1.5904399156570435,1.6108301709859798,24000
1991-04-09,1.5904399156570435,1.5904399156570435,1.5496594049991705,1.5700496603281069,198400
1991-04-10,1.563865065574646,1.584307746170393,1.5332010446810254,1.584307746170393,198400
1991-04-11,1.5740855932235718,1.5945282632654363,1.543421588160775,1.5740855932235716,255200
1991-04-12,1.6149708032608032,1.6149708032608032,1.5638641322715374,1.5740854664693906,398400
1991-04-15,1.6660782098770142,1.6762995485879162,1.6354141937443085,1.6354141937443085,258400
1991-04-16,1.7171837091445923,1.7274050407466435,1.6558557195322856,1.6558557195322856,468000
1991-04-17,1.6865208148956299,1.727406167984009,1.6865208148956299,1.727406167984009,662400
1991-04-18,1.7171837091445923,1.7274050407466435,1.7069623775425413,1.7069623775425413,68800
1991-04-19,1.6865208148956299,1.717184829711914,1.6762994766235353,1.7069634914398193,20000
1991-04-22,1.6354130506515503,1.686519708484411,1.625191719084978,1.686519708484411,263200
1991-04-23,1.6354130506515503,1.6354130506515503,1.6047490559518336,1.625191719084978,69600
1991-04-24,1.6354130506515503,1.6354130506515503,1.6149703875184058,1.6354130506515503,44800
1991-04-25,1.6149708032608032,1.6251921374586564,1.6149708032608032,1.6251921374586564,70400
1991-04-26,1.5945285558700562,1.6047498927666592,1.5843072189734533,1.6047498927666592,24000
1991-04-29,1.5332014560699463,1.5843081712722777,1.5332014560699463,1.5843081712722777,373600
1991-04-30,1.5536428689956665,1.5536428689956665,1.522978865002331,1.5536428689956665,1024800
1991-05-01,1.5843071937561035,1.5843071937561035,1.5332005100865518,1.5536431835543725,403200
1991-05-02,1.5536428689956665,1.5740855383245569,1.5536428689956665,1.5740855383245569,714400
1991-05-03,1.563865065574646,1.5945290864682664,1.5434223849788988,1.5740864058725195,464000
1991-05-06,1.543421745300293,1.5536430813618842,1.543421745300293,1.5536430813618842,11200
1991-05-07,1.5332014560699463,1.5536441421508789,1.492316083908081,1.5536441421508789,360800
1991-05-08,1.5945285558700562,1.6047498927666592,1.5229791975938358,1.5332005344904387,567200
1991-05-09,1.6149708032608032,1.6149708032608032,1.5740854664693906,1.6047494690629502,150400
1991-05-10,1.5536428689956665,1.6047495423178924,1.5536428689956665,1.6047495423178924,88800
1991-05-13,1.4923144578933716,1.5434211174102679,1.4923144578933716,1.5434211174102679,872000
1991-05-14,1.5127575397491455,1.5536428786612846,1.492314870293076,1.492314870293076,366400
1991-05-15,1.563865065574646,1.5740864058725195,1.5127583640852784,1.5127583640852784,276000
1991-05-16,1.5843071937561035,1.6149712039578346,1.5843071937561035,1.6047498672239242,404000
1991-05-17,1.5740855932235718,1.584306928244504,1.5638642582026394,1.584306928244504,25600
1991-05-20,1.5740855932235718,1.5945282632654363,1.5638642582026394,1.5740855932235716,121600
1991-05-21,1.5536428689956665,1.5945282076534473,1.5332001996667761,1.5945282076534473,480800
1991-05-22,1.563865065574646,1.563865065574646,1.5536437252767723,1.5536437252767723,31200
1991-05-23,1.5740855932235718,1.584306928244504,1.553642923181707,1.5740855932235716,240800
1991-05-24,1.563865065574646,1.6047504267661399,1.5536437252767723,1.584307746170393,160800
1991-05-28,1.5945285558700562,1.6047498927666592,1.5536432082836447,1.5536432082836447,60000
1991-05-29,1.5945285558700562,1.5945285558700564,1.5843072189734533,1.5945285558700564,334400
1991-05-30,1.6354130506515503,1.6354130506515503,1.5843063928186893,1.5945277243852614,521600
1991-05-31,1.7171837091445923,1.7171837091445923,1.6558557195322856,1.6558557195322856,1612000
1991-06-03,1.7171837091445923,1.758069035552797,1.7069623775425413,1.7376263723486947,256000
1991-06-04,1.7171837091445923,1.7478477039507458,1.7171837091445923,1.7376263723486947,1272800
1991-06-05,1.6865208148956299,1.717184829711914,1.6865208148956299,1.717184829711914,141600
1991-06-06,1.696740984916687,1.706962316151125,1.6762983224478114,1.6762983224478114,201600
1991-06-07,1.6558573246002197,1.6967426906397312,1.6558573246002195,1.6967426906397312,473600
1991-06-10,1.6558573246002197,1.6763000076199754,1.6558573246002195,1.6660786661100975,168000
1991-06-11,1.6354130506515503,1.6558557137846945,1.5945277243852614,1.6558557137846945,155200
1991-06-12,1.6354130506515503,1.6354130506515503,1.625191719084978,1.6354130506515503,51200
1991-06-13,1.6251919269561768,1.635413259830115,1.6251919269561768,1.635413259830115,1600
1991-06-14,1.6149708032608032,1.6149708032608032,1.6149708032608032,1.6149708032608032,83200
1991-06-17,1.604750156402588,1.6149714949784004,1.604750156402588,1.6149714949784004,21600
1991-06-18,1.6149708032608032,1.6149708032608032,1.594528134865097,1.6149708032608032,341600
1991-06-19,1.6354130506515503,1.6354130506515503,1.6149703875184058,1.6149703875184058,170400
1991-06-20,1.5536428689956665,1.5945282076534473,1.5536428689956665,1.5945282076534473,30400
1991-06-21,1.5332014560699463,1.5536441421508789,1.5127587699890137,1.5332014560699463,251200
1991-06-24,1.5536428689956665,1.5536428689956665,1.5127575303378857,1.5434215343312214,124800
1991-06-25,1.543421745300293,1.5536430813618842,1.543421745300293,1.5536430813618842,39200
1991-06-26,1.5127575397491455,1.5434215439332497,1.5025362050211106,1.5229788744771802,188000
1991-06-27,1.5127575397491455,1.533200209205215,1.492314870293076,1.5127575397491455,260800
1991-06-28,1.4718722105026245,1.5127575496832528,1.4718722105026245,1.5127575496832528,418400
1991-07-01,1.4412078857421875,1.4718718833111701,1.4412078857421875,1.4718718833111701,188800
1991-07-02,1.46165132522583,1.471872663164472,1.4514299872871879,1.4514299872871879,127200
1991-07-03,1.4718722105026245,1.4923148800929387,1.4412082061171532,1.4412082061171532,267200
1991-07-05,1.4718722105026245,1.4718722105026245,1.4718722105026245,1.4718722105026245,3200
1991-07-08,1.502536416053772,1.5025364160537718,1.4718724075628786,1.4718724075628786,192800
1991-07-09,1.4861371517181396,1.516884816926101,1.4656387082461653,1.4963863734541267,359200
1991-07-10,1.4656392335891724,1.4758884589988868,1.4656392335891724,1.4758884589988868,56000
1991-07-11,1.5168853998184204,1.527134625492869,1.4758884971206252,1.4758884971206252,152800
1991-07-12,1.5066362619400024,1.5476331670268053,1.4963870356683018,1.5373839407551044,1025600
1991-07-15,1.5578824281692505,1.5578824281692505,1.52713474866591,1.52713474866591,791200
1991-07-16,1.5886298418045044,1.5886298418045044,1.537383717875327,1.5476329426611624,1204800
1991-07-17,1.7013707160949707,1.7013707160949707,1.5988785042820206,1.6091277254633156,1052000
1991-07-18,1.752617597579956,1.752617597579956,1.7218699204294305,1.7218699204294305,304800
1991-07-19,1.7218693494796753,1.7526170164346695,1.7116201271613438,1.7526170164346695,73600
1991-07-22,1.7013707160949707,1.7218691584575607,1.6808722737323807,1.7218691584575607,72000
1991-07-23,1.6911219358444214,1.7218696074052289,1.6911219358444214,1.7116203835516264,124000
1991-07-24,1.6911219358444214,1.7013711596980239,1.6911219358444214,1.6911219358444214,39200
1991-07-25,1.680872917175293,1.6911221422800202,1.680872917175293,1.680872917175293,232800
1991-07-26,1.7013707160949707,1.7013707160949707,1.6808722737323807,1.6808722737323807,226400
1991-07-29,1.7116212844848633,1.7116212844848633,1.701372055236451,1.7116212844848633,6400
1991-07-30,1.7218693494796753,1.742367794116338,1.7013709048430123,1.7013709048430123,582400
1991-07-31,1.6603753566741943,1.6911230484644573,1.6603753566741943,1.680873817867703,698400
1991-08-01,1.680872917175293,1.6911221422800202,1.6603744669658382,1.6603744669658382,248800
1991-08-02,1.6706241369247437,1.6706241369247437,1.6706241369247437,1.6706241369247437,71200
1991-08-05,1.680872917175293,1.6911221422800202,1.6706236920705655,1.680872917175293,96800
1991-08-06,1.7013707160949707,1.7218691584575607,1.6808722737323807,1.6808722737323807,457600
1991-08-07,1.7218693494796753,1.7218693494796753,1.7013709048430123,1.7013709048430123,733600
1991-08-08,1.7321186065673828,1.7628662741395849,1.7218693840433155,1.7321186065673828,413600
1991-08-09,1.7423679828643799,1.7423679828643797,1.7218695360071516,1.7218695360071516,111200
1991-08-12,1.7423679828643799,1.7731156531502217,1.7321187594357657,1.7628664297216077,223200
1991-08-13,1.7628661394119263,1.7628661394119263,1.7321184741896252,1.7321184741896252,118400
1991-08-14,1.803863286972046,1.803863286972046,1.7526171708648857,1.7526171708648857,372000
1991-08-15,1.803863286972046,1.803863286972046,1.7833648405291818,1.803863286972046,369600
1991-08-16,1.7731152772903442,1.7936137198023712,1.7731152772903442,1.7936137198023712,490400
1991-08-19,1.7116212844848633,1.7526182014785128,1.7116212844848633,1.7526182014785128,91200
1991-08-20,1.7218693494796753,1.7218693494796753,1.7116201271613438,1.7116201271613438,22400
1991-08-21,1.7218693494796753,1.7218693494796753,1.7116201271613438,1.7218693494796753,78400
1991-08-22,1.7013707160949707,1.7321183796388557,1.6808722737323807,1.7321183796388557,292800
1991-08-23,1.803863286972046,1.803863286972046,1.7013710547577252,1.7013710547577252,1125600
1991-08-26,1.803863286972046,1.82436173341491,1.793614063750614,1.803863286972046,183200
1991-08-27,1.844860553741455,1.8653590043385824,1.8038636525472005,1.8038636525472005,362400
1991-08-28,1.9268537759780884,1.9371029981907377,1.8551092204895423,1.8653584427021919,203200
1991-08-29,1.937103509902954,1.9678511846633184,1.9166050600627114,1.9166050600627114,416800
1991-08-30,1.9166046380996704,1.9473523060905742,1.9063554154360358,1.9473523060905742,236800
1991-09-03,1.8243615627288818,1.8961061185665347,1.8243615627288818,1.8961061185665347,230400
1991-09-04,1.8141124248504639,1.8448600930682684,1.8038632021111958,1.8141124248504639,175200
1991-09-05,1.844860553741455,1.8551097790400188,1.8346113284428915,1.8346113284428915,309600
1991-09-06,1.8551098108291626,1.8551098108291626,1.8243621344065797,1.8448605853549682,55200
1991-09-09,1.8653583526611328,1.8653583526611328,1.8448599092252962,1.8448599092252962,8000
1991-09-10,1.8653583526611328,1.8653583526611328,1.8448599092252962,1.8551091309432146,452800
1991-09-11,1.8653583526611328,1.8653583526611328,1.8448599092252962,1.8551091309432146,145600
1991-09-12,1.8653583526611328,1.8756075743790512,1.8653583526611328,1.8756075743790512,48000
1991-09-13,1.8653583526611328,1.8858567960969694,1.8551091309432146,1.8858567960969694,366400
1991-09-16,1.8653583526611328,1.8756075743790512,1.8551091309432146,1.8756075743790512,433600
1991-09-17,1.8961071968078613,1.8961071968078613,1.8653595125353015,1.8653595125353015,648800
1991-09-18,1.9268537759780884,1.9268537759780882,1.9063553315527895,1.9063553315527895,136800
1991-09-19,1.9883490800857544,1.9883490800857542,1.9166045256496704,1.9371029697742657,153600
1991-09-20,1.9883490800857544,2.0190967462726475,1.9678506359611587,2.0190967462726475,312000
1991-09-23,1.947352647781372,2.0088479945534155,1.947352647781372,2.0088479945534155,113600
1991-09-24,1.8858569860458374,1.9473523225473321,1.8858569860458374,1.9473523225473321,77600
1991-09-25,1.8858569860458374,1.8961062087960867,1.8858569860458374,1.8961062087960867,7200
1991-09-26,1.937103509902954,1.937103509902954,1.885857385302347,1.9063558351425898,296000
1991-09-27,1.947352647781372,1.9678510967053866,1.937103423319365,1.947352647781372,70400
1991-09-30,1.9576014280319214,1.9576014280319212,1.9371029837593357,1.9371029837593357,229600
1991-10-01,1.875608205795288,1.9678512323098103,1.8756082057952879,1.95760200714153,1317600
1991-10-02,1.9063562154769897,1.92685466940685,1.8653593076172696,1.8653593076172696,740800
1991-10-03,1.8961071968078613,1.9063564248987148,1.8961071968078613,1.9063564248987148,106400
1991-10-04,1.8961071968078613,1.8961071968078613,1.8756087406261548,1.885857968717008,599200
1991-10-07,1.9268537759780884,1.9268537759780882,1.8756076649148412,1.8858568871274906,973600
1991-10-08,1.9309624433517456,1.9412335201780846,1.9104202896990674,1.9309624433517456,735200
1991-10-09,1.9104211330413818,1.930963295762257,1.9104211330413818,1.930963295762257,43200
1991-10-10,1.9104211330413818,1.9206922144018195,1.8898789703205068,1.9104211330413818,144000
1991-10-11,1.9206914901733398,1.92069149017334,1.910420412685782,1.92069149017334,23200
1991-10-14,1.9515053033828735,1.9617763839269942,1.930963142294633,1.930963142294633,32000
1991-10-15,1.9823180437088013,1.9823180437088015,1.9617758878154459,1.9617758878154459,181600
1991-10-16,1.9720464944839478,2.0234018719444675,1.9720464944839478,2.0028597209602594,104000
1991-10-17,1.9925885200500488,1.992588520050049,1.9617752955131926,1.9720463703588114,89600
1991-10-18,1.9720464944839478,2.0028597209602594,1.9720464944839478,2.0028597209602594,87200
1991-10-21,1.9617747068405151,1.9617747068405151,1.9617747068405151,1.9617747068405151,3200
1991-10-22,1.8898775577545166,1.941232926171759,1.8898775577545166,1.941232926171759,495200
1991-10-23,1.900149941444397,1.9412342645026541,1.900149941444397,1.9412342645026541,95200
1991-10-24,1.8693344593048096,1.889876596220247,1.8693344593048096,1.889876596220247,35200
1991-10-25,1.817980408668518,1.848793635934086,1.8077093329133285,1.848793635934086,277600
1991-10-28,1.8693344593048096,1.8693344593048096,1.807708048558497,1.807708048558497,181600
1991-10-29,1.817980408668518,1.879606863199654,1.8077093329133285,1.879606863199654,404800
1991-10-30,1.8385233879089355,1.8385233879089355,1.828252307529556,1.828252307529556,12800
1991-10-31,1.8693344593048096,1.8693344593048096,1.8385212539316533,1.848792322389372,37600
1991-11-01,1.9309624433517456,1.9309624433517456,1.8693359823937112,1.8796070592200502,62400
1991-11-04,1.9925885200500488,2.0234017445869052,1.9206909961307173,1.9206909961307173,624800
1991-11-05,2.043943405151367,2.064485549926758,2.002859115600586,2.002859115600586,421600
1991-11-06,1.9925885200500488,2.0644860439693806,1.992588520050049,2.0644860439693806,228000
1991-11-07,1.9925885200500488,2.002859594895668,1.9720463703588114,2.002859594895668,206400
1991-11-08,2.0131311416625977,2.0131311416625977,1.9823179099024557,1.9823179099024557,96800
1991-11-11,1.9925885200500488,2.0131306697412867,1.992588520050049,2.0131306697412867,20000
1991-11-12,1.9925885200500488,2.002859594895668,1.9720463703588114,1.9720463703588114,71200
1991-11-13,2.0542151927948,2.064486268758774,1.9925887370109558,1.9925887370109558,127200
1991-11-14,1.9925885200500488,2.0542149691237617,1.98231744520443,2.0542149691237617,102400
1991-11-15,1.9309624433517456,1.982317827483441,1.9001492128727284,1.982317827483441,141600
1991-11-18,1.8898775577545166,1.9309618524883103,1.8898775577545166,1.9309618524883103,236800
1991-11-19,1.8487945795059204,1.900149984492196,1.8487945795059204,1.900149984492196,143200
1991-11-20,1.8282514810562134,1.838522556792484,1.8282514810562134,1.838522556792484,144000
1991-11-21,1.8385233879089355,1.869336629047074,1.828252307529556,1.828252307529556,202400
1991-11-22,1.8077096939086914,1.8282518495212903,1.8077096939086914,1.8282518495212903,97600
1991-11-25,1.817980408668518,1.8179804086685178,1.8077093329133285,1.8077093329133285,16800
1991-11-26,1.725540041923523,1.8077086153484527,1.715268970245407,1.8077086153484527,346400
1991-11-27,1.725540041923523,1.7460821852797554,1.725540041923523,1.7358111136016392,76800
1991-11-29,1.7460832595825195,1.7460832595825195,1.7358121815849754,1.7358121815849754,28800
1991-12-02,1.7049992084503174,1.7563546062952065,1.7049992084503174,1.7460835267262287,299200
1991-12-03,1.7460832595825195,1.7460832595825195,1.7049989475923426,1.7049989475923426,97600
1991-12-04,1.725540041923523,1.7460821852797554,1.725540041923523,1.7460821852797554,20800
1991-12-05,1.7358120679855347,1.7666252999616092,1.7255409906601764,1.7255409906601764,96800
1991-12-06,1.7358120679855347,1.746083145310893,1.7358120679855347,1.7358120679855347,858400
1991-12-09,1.7049992084503174,1.725541367588273,1.7049992084503174,1.725541367588273,57600
1991-12-10,1.6433721780776978,1.6844564825296402,1.6331011019647121,1.6844564825296402,171200
1991-12-11,1.6741865873336792,1.6844576706915544,1.6125600871864272,1.6536444206179284,415200
1991-12-12,1.6639150381088257,1.6639150381088257,1.6536439576266724,1.6536439576266724,124000
1991-12-13,1.6433721780776978,1.663914330303669,1.6433721780776978,1.663914330303669,319200
1991-12-16,1.653643012046814,1.653643012046814,1.633100862828841,1.6433719374378275,372800
1991-12-17,1.6639150381088257,1.6639150381088257,1.6536439576266724,1.6536439576266724,683200
1991-12-18,1.6947280168533325,1.6947280168533325,1.6741858590732923,1.6741858590732923,112800
1991-12-19,1.6741865873336792,1.6844576706915544,1.6639155039758038,1.6844576706915544,392800
1991-12-20,1.653643012046814,1.6639140866558004,1.6433719374378275,1.6639140866558004,164800
1991-12-23,1.5920171737670898,1.6433725664692542,1.59201717376709,1.6433725664692542,1115200
1991-12-24,1.653643012046814,1.653643012046814,1.581745489783909,1.5920165643928954,107200
1991-12-26,1.6433721780776978,1.6536432541906834,1.6433721780776978,1.6433721780776978,15200
1991-12-27,1.6228300333023071,1.6433721856225894,1.6228300333023071,1.6433721856225894,48000
1991-12-30,1.6022886037826538,1.622830765369611,1.5920175229891753,1.622830765369611,920800
1991-12-31,1.6022886037826538,1.6331018461630895,1.5920175229891753,1.6022886037826538,116000
1992-01-02,1.571475625038147,1.5920177900713253,1.571475625038147,1.5920177900713253,732000
1992-01-03,1.561204433441162,1.5714755152401172,1.561204433441162,1.5714755152401172,277600
1992-01-06,1.5303902626037598,1.5714745649555384,1.520119187015815,1.5714745649555384,528000
1992-01-07,1.4071370363235474,1.5201188421597447,1.4071370363235474,1.5201188421597447,584000
1992-01-08,1.3968666791915894,1.4482220718089271,1.386595600668122,1.3968666791915894,692800
1992-01-09,1.427679419517517,1.427679419517517,1.3865951196752864,1.396866194635844,348000
1992-01-10,1.4687641859054565,1.4687641859054565,1.4071377165667662,1.4174087947898812,840800
1992-01-13,1.5098485946655273,1.530390752416079,1.4687642791644246,1.4687642791644246,456000
1992-01-14,1.458492636680603,1.5201190861178115,1.458492636680603,1.5098480112116102,281600
1992-01-15,1.499576449394226,1.5098475209654192,1.468763234680646,1.468763234680646,377600
1992-01-16,1.5303902626037598,1.5303902626037598,1.4995770358399256,1.4995770358399256,80800
1992-01-17,1.5920171737670898,1.59201717376709,1.5509328596053586,1.5509328596053586,47200
1992-01-20,1.653643012046814,1.6639140866558004,1.5920165643928954,1.5920165643928954,91200
1992-01-21,1.653643012046814,1.6741851612647867,1.653643012046814,1.6639140866558004,578400
1992-01-22,1.6331015825271606,1.6536437407979425,1.6331015825271606,1.6536437407979425,300000
1992-01-23,1.6125593185424805,1.6433725539286426,1.6125593185424805,1.6228303970045346,313600
1992-01-24,1.5201196670532227,1.612559376536189,1.5201196670532227,1.612559376536189,1104800
1992-01-27,1.489306092262268,1.509848245258989,1.4790350157639076,1.509848245258989,292800
1992-01-28,1.4379509687423706,1.4893063604831696,1.4379509687423706,1.4893063604831696,2736800
1992-01-29,1.4482215642929077,1.4790347890650972,1.4174083395207182,1.4482215642929077,463200
1992-01-30,1.4379509687423706,1.4584931254386901,1.4071377336978912,1.4071377336978912,405600
1992-01-31,1.4790347814559937,1.5098480060696602,1.4379504819711049,1.4482215568423271,714400
1992-02-03,1.4687641859054565,1.4893063423516868,1.4584931076823415,1.4893063423516868,96800
1992-02-04,1.4482215642929077,1.468763714141034,1.4379504893688444,1.4584926392169708,355200
1992-02-05,1.427679419517517,1.4482215694386325,1.4174083445569594,1.4482215694386325,604000
1992-02-06,1.376325249671936,1.43795175338859,1.376325249671936,1.43795175338859,492800
1992-02-07,1.458492636680603,1.458492636680603,1.3660529625247901,1.3660529625247901,704000
1992-02-10,1.5303902626037598,1.5406613381917043,1.4687638090760915,1.4687638090760915,782400
1992-02-11,1.5201196670532227,1.5406618247161041,1.5201196670532227,1.5303907458846633,241600
1992-02-12,1.5201196670532227,1.5303907458846633,1.4995775093903412,1.5201196670532227,446400
1992-02-13,1.5098485946655273,1.5201196735408031,1.5098485946655273,1.5201196735408031,161600
1992-02-14,1.5303902626037598,1.5303902626037598,1.4995770358399256,1.5098481114278703,190400
1992-02-18,1.5098485946655273,1.5201196735408031,1.4995775157902518,1.5201196735408031,504800
1992-02-19,1.489306092262268,1.4995771687606285,1.489306092262268,1.4995771687606285,20800
1992-02-20,1.5098485946655273,1.5098485946655273,1.489306436914976,1.489306436914976,260800
1992-02-21,1.5201196670532227,1.5303907458846633,1.509848588221782,1.509848588221782,311200
1992-02-24,1.5201196670532227,1.5406618247161041,1.5201196670532227,1.5303907458846633,249600
1992-02-25,1.499576449394226,1.5201185925366125,1.4995764493942259,1.5201185925366125,144000
1992-02-26,1.489306092262268,1.489306092262268,1.4790350157639076,1.489306092262268,835200
1992-02-27,1.489306092262268,1.509848245258989,1.4790350157639076,1.4790350157639076,67200
1992-02-28,1.4687641859054565,1.4893063423516868,1.4687641859054565,1.4687641859054565,321600
1992-03-02,1.4790347814559937,1.5098480060696602,1.4790347814559937,1.4790347814559937,588800
1992-03-03,1.4790347814559937,1.499576931198438,1.4790347814559937,1.4893058563272157,608800
1992-03-04,1.4790347814559937,1.4790347814559937,1.4687637065847714,1.4687637065847714,488000
1992-03-05,1.499576449394226,1.4995764493942259,1.4893053778230325,1.4893053778230325,607200
1992-03-06,1.499576449394226,1.5098475209654192,1.4995764493942259,1.4995764493942259,404800
1992-03-09,1.5303902626037598,1.5303902626037598,1.4995770358399256,1.4995770358399256,348000
1992-03-10,1.571475625038147,1.5817467075547362,1.5303912949717902,1.5303912949717902,348000
1992-03-11,1.5817457437515259,1.5817457437515259,1.571474667493399,1.5817457437515259,376000
1992-03-12,1.5817457437515259,1.6022878962677793,1.5817457437515259,1.6022878962677793,347200
1992-03-13,1.6228300333023071,1.6228300333023071,1.5920168048218835,1.6022878809820247,138400
1992-03-16,1.5817457437515259,1.6433722013002865,1.5817457437515259,1.6433722013002865,122400
1992-03-17,1.6022886037826538,1.6022886037826538,1.5920175229891753,1.6022886037826538,569600
1992-03-18,1.5817457437515259,1.5920168200096527,1.5817457437515259,1.5920168200096527,46400
1992-03-19,1.5817457437515259,1.6022878962677793,1.5612035912352722,1.6022878962677793,394400
1992-03-20,1.6228300333023071,1.6331011094624481,1.612558957142166,1.6228300333023071,232000
1992-03-23,1.6433721780776978,1.6741854064166546,1.6433721780776978,1.6433721780776978,545600
1992-03-24,1.6844571828842163,1.6947282632676568,1.643372861350455,1.643372861350455,618400
1992-03-25,1.6947280168533325,1.6947280168533325,1.6844569379633123,1.6947280168533325,116800
1992-03-26,1.7666246891021729,1.7974379104237224,1.7152693202329237,1.7152693202329237,959200
1992-03-27,1.725540041923523,1.7460821852797554,1.715268970245407,1.725540041923523,236800
1992-03-30,1.725540041923523,1.725540041923523,1.715268970245407,1.725540041923523,324800
1992-03-31,1.7460832595825195,1.7460832595825195,1.7358121815849754,1.7358121815849754,307200
1992-04-01,1.71527099609375,1.746084247520584,1.71527099609375,1.746084247520584,172800
1992-04-02,1.7049992084503174,1.7152702880192952,1.6947281288813396,1.7152702880192952,878400
1992-04-03,1.6844571828842163,1.6844571828842163,1.674186102500776,1.6844571828842163,109600
1992-04-06,1.797439455986023,1.797439455986023,1.6947286299296787,1.6947286299296787,336000
1992-04-07,1.7666246891021729,1.7974379104237224,1.7666246891021729,1.7974379104237224,612000
1992-04-08,1.725540041923523,1.7563532569578717,1.725540041923523,1.7563532569578717,771200
1992-04-09,1.8120235204696655,1.8120235204696655,1.7193632268092849,1.7193632268092849,170400
1992-04-10,1.8017290830612183,1.8120246778215683,1.8017290830612185,1.8017290830612185,213600
1992-04-13,1.8223189115524292,1.832614498623347,1.8120233244815116,1.8223189115524294,141600
1992-04-14,1.8532071113586426,1.8532071113586426,1.8326159212324356,1.8326159212324356,228000
1992-04-15,1.8635021448135376,1.8635021448135374,1.8532065528532418,1.8532065528532418,312000
1992-04-16,1.8532071113586426,1.8635027064217462,1.8532071113586426,1.8532071113586426,39200
1992-04-20,1.9046844244003296,1.9046844244003296,1.8532064669841046,1.8532064669841046,245600
1992-04-21,1.9149795770645142,1.9252751661885168,1.8943883988165084,1.9252751661885168,337600
1992-04-22,1.8943887948989868,1.9046843861756115,1.8943887948989866,1.9046843861756115,8800
1992-04-23,1.8943887948989868,1.9664579338353612,1.8737976123457367,1.8943887948989866,1366400
1992-04-24,1.976754903793335,2.090006486823161,1.976754903793335,1.9973461007078488,687200
1992-04-27,2.0076403617858887,2.0385271365825948,1.9973447701869869,2.0179359533847907,511200
1992-04-28,1.997344732284546,2.0076403236880744,1.9870491408810174,2.0076403236880744,234400
1992-04-29,1.997344732284546,2.0076403236880744,1.997344732284546,2.0076403236880744,237600
1992-04-30,2.0076403617858887,2.0179359533847907,1.9973447701869869,2.0076403617858887,1008800
1992-05-01,2.0076403617858887,2.0076403617858887,1.9973447701869869,1.9973447701869869,146400
1992-05-04,2.0179364681243896,2.028232062349514,2.0179364681243896,2.0179364681243896,251200
1992-05-05,2.0282318592071533,2.0282318592071533,2.0076406728192633,2.0076406728192633,532000
1992-05-06,1.9870493412017822,2.0282317109676224,1.9870493412017822,2.0282317109676224,792800
1992-05-07,1.956162929534912,1.987049712632832,1.956162929534912,1.987049712632832,61600
1992-05-08,1.9458671808242798,1.9767539614722844,1.935571587274945,1.9767539614722844,42400
1992-05-11,1.9149795770645142,1.9458663444365223,1.9149795770645142,1.9458663444365223,91200
1992-05-12,1.8429105281829834,1.9252752445263568,1.8120237595542181,1.9252752445263568,1191200
1992-05-13,1.8223189115524292,1.8429100856942646,1.8223189115524294,1.8429100856942646,261600
1992-05-14,1.8737963438034058,1.8737963438034058,1.7708405007372845,1.822318422270345,1236800
1992-05-15,1.9046844244003296,1.9149800158835748,1.8532064669841046,1.8635020584673496,509600
1992-05-18,1.976754903793335,1.9870505022505918,1.9149813130497932,1.9149813130497932,431200
1992-05-19,2.0076403617858887,2.0076403617858887,1.945866812192477,1.9767535869891828,572000
1992-05-20,2.038527011871338,2.038527011871338,2.0179358299332435,2.0179358299332435,200800
1992-05-21,2.038527011871338,2.0797093757475262,2.0282314209022907,2.0282314209022907,946400
1992-05-22,2.0694143772125244,2.0797099711290046,2.0282320015466033,2.0385275954630835,230400
1992-05-26,2.1003005504608154,2.1003005504608154,2.0591181867262898,2.0694137776599213,1300800
1992-05-27,2.0591177940368652,2.14148250579834,2.0591177940368652,2.110595738887787,1122400
1992-05-28,2.0591177940368652,2.0694133830070496,2.028231027126312,2.0694133830070496,627200
1992-05-29,2.038527011871338,2.0591181938094323,2.0282314209022907,2.0591181938094323,368800
1992-06-01,2.0900042057037354,2.0900042057037354,2.0282306823824428,2.0282306823824428,348800
1992-06-02,2.0694143772125244,2.0797099711290046,2.0591187832960443,2.0694143772125244,108000
1992-06-03,2.0797083377838135,2.100299509445039,2.0591171661225873,2.0797083377838135,1278400
1992-06-04,2.0694143772125244,2.0694143772125244,2.0591187832960443,2.0591187832960443,1169600
1992-06-05,2.1003005504608154,2.1003005504608154,2.0694137776599213,2.0797093685935524,816800
1992-06-08,2.182666063308716,2.22384844186171,2.120892495479224,2.120892495479224,1822400
1992-06-09,2.182666063308716,2.203257252585213,2.162074874032218,2.182666063308716,2077600
1992-06-10,2.162074089050293,2.182665270850772,2.120891725449335,2.182665270850772,778400
1992-06-11,2.244438409805298,2.244438409805298,2.1620736975188652,2.1620736975188652,438400
1992-06-12,2.2032573223114014,2.2238485122395453,2.2032573223114014,2.2238485122395453,2042400
1992-06-15,2.182666063308716,2.1929616579469644,2.172370468670467,2.1929616579469644,2438400
1992-06-16,2.1723685264587402,2.1929596973256476,2.1723685264587402,2.1929596973256476,660800
1992-06-17,2.131187677383423,2.1826656406052445,2.1208920847390584,2.1826656406052445,673600
1992-06-18,2.131187677383423,2.1517788626721517,2.1208920847390584,2.1208920847390584,948800
1992-06-19,2.131187677383423,2.1517788626721517,2.131187677383423,2.1414832700277873,417600
1992-06-22,2.1105964183807373,2.1208920106655214,2.1105964183807373,2.1105964183807373,568000
1992-06-23,2.1105964183807373,2.1208920106655214,2.1105964183807373,2.1105964183807373,518400
1992-06-24,2.12089204788208,2.12089204788208,2.0900052704857393,2.12089204788208,224000
1992-06-25,2.0591177940368652,2.1208913278579713,2.0591177940368652,2.1208913278579713,307200
1992-06-26,2.0694143772125244,2.0694143772125244,2.0488231893795636,2.0591187832960443,629600
1992-06-29,2.0900042057037354,2.1002997929239506,2.059117444043089,2.059117444043089,1169600
1992-06-30,2.1003005504608154,2.1003005504608154,2.0797093685935524,2.1003005504608154,1156800
1992-07-01,2.141482353210449,2.141482353210449,2.110595588500683,2.120891176737272,694400
1992-07-02,2.162074089050293,2.1723696799505325,2.1414829072498143,2.162074089050293,2007200
1992-07-06,2.182666063308716,2.1929616579469644,2.172370468670467,2.182666063308716,771200
1992-07-07,2.192960262298584,2.2135514384704016,2.1826646742126754,2.1826646742126754,655200
1992-07-08,2.192960262298584,2.203255850384493,2.1826646742126754,2.192960262298584,480800
1992-07-09,2.2177155017852783,2.2280304576075354,2.197085590140764,2.2074005459630213,424000
1992-07-10,2.1970860958099365,2.2383459285950997,2.1970860958099365,2.2383459285950997,568800
1992-07-13,2.2177155017852783,2.2177155017852783,2.197085590140764,2.197085590140764,624800
1992-07-14,2.3621277809143066,2.3930726863411316,2.238348159207007,2.238348159207007,627200
1992-07-15,2.3311808109283447,2.3827556076302994,2.320865851587954,2.3724406482899085,465600
1992-07-16,2.2589762210845947,2.310551020652736,2.238346301257338,2.310551020652736,143200
1992-07-17,2.269291400909424,2.2796063618226485,2.258976439996199,2.269291400909424,45600
1992-07-20,2.2383463382720947,2.2796061786089075,2.2383463382720947,2.2692912185247045,645600
1992-07-21,2.248661518096924,2.2589764791891116,2.238346557004736,2.238346557004736,224000
1992-07-22,2.300236940383911,2.300236940383911,2.248662121092792,2.248662121092792,235200
1992-07-23,2.3105506896972656,2.320865648133414,2.2899207728249684,2.3105506896972656,112000
1992-07-24,2.382755994796753,2.382755994796753,2.3105512676817,2.3105512676817,329600
1992-07-27,2.372441530227661,2.3827564934025642,2.3518116038778554,2.3827564934025642,66400
1992-07-28,2.3518118858337402,2.372441814656843,2.3311819570106374,2.372441814656843,91200
1992-07-29,2.3621277809143066,2.3621277809143066,2.34149784396309,2.3518128124386983,84800
1992-07-30,2.403386116027832,2.403386116027832,2.351811306671012,2.351811306671012,565600
1992-07-31,2.403386116027832,2.413701077899196,2.393071154156468,2.403386116027832,500800
1992-08-03,2.4446465969085693,2.4446465969085693,2.393071774188979,2.393071774188979,492000
1992-08-04,2.454961061477661,2.454961061477661,2.4343311365912945,2.4343311365912945,398400
1992-08-05,2.248661518096924,2.3724410512031766,2.2280315959125483,2.3724410512031766,268800
1992-08-06,2.145512104034424,2.155827066073051,2.0939372938412886,2.145512104034424,1166400
1992-08-07,2.3208670616149902,2.3208670616149902,2.14551266140408,2.14551266140408,996000
1992-08-10,2.341496229171753,2.3518111905337427,2.3105513450857824,2.3208663064477726,88000
1992-08-11,2.341496229171753,2.3518111905337427,2.341496229171753,2.341496229171753,2608000
1992-08-12,2.372441530227661,2.372441530227661,2.3518116038778554,2.3518116038778554,92800
1992-08-13,2.465275764465332,2.465275764465332,2.382756073604568,2.3930710349621633,684800
1992-08-14,2.4755918979644775,2.5374816954135895,2.4652769317229586,2.4962218304475146,1344000
1992-08-17,2.4343297481536865,2.4549596612736333,2.4240147915937134,2.4549596612736333,1498400
1992-08-18,2.372441530227661,2.4343313092770784,2.3621265670527585,2.4240163461021758,823200
1992-08-19,2.3518118858337402,2.434331601126152,2.310552028187534,2.310552028187534,844800
1992-08-20,2.372441530227661,2.40338641975237,2.3518116038778554,2.393071456577467,7611200
1992-08-21,2.372441530227661,2.40338641975237,2.372441530227661,2.3827564934025642,1631200
1992-08-24,2.3621277809143066,2.3827577178655233,2.3621277809143066,2.3621277809143066,1412000
1992-08-25,2.424015522003174,2.4549604010074697,2.362125763994582,2.362125763994582,1002400
1992-08-26,2.4755918979644775,2.4755918979644775,2.4343320329984026,2.4343320329984026,1988000
1992-08-27,2.496220588684082,2.506535549794347,2.454960744243023,2.4652757053532874,872800
1992-08-28,2.5993711948394775,2.5993711948394775,2.516851474368383,2.516851474368383,1732800
1992-08-31,2.558110475540161,2.6303152067046014,2.537480552350321,2.5787403987300013,1392800
1992-09-01,2.578740358352661,2.5993702812194828,2.5477954740524296,2.55811043548584,740000
1992-09-02,2.568425416946411,2.6096852630017753,2.55811045543257,2.599370301487934,458400
1992-09-03,2.5890564918518066,2.5890564918518066,2.5684265596458165,2.5787415257488115,617600
1992-09-04,2.6096863746643066,2.6200013405720703,2.5890564428487783,2.5890564428487783,190400
1992-09-08,2.692203998565674,2.7025189564145844,2.609684335774389,2.609684335774389,1150400
1992-09-09,2.702521324157715,2.702521324157715,2.6818913903855184,2.692206357271617,660000
1992-09-10,2.692203998565674,2.712833914263495,2.6818890407167633,2.7025189564145844,809600
1992-09-11,2.7128355503082275,2.7128355503082275,2.6818906580993884,2.692205622169001,549600
1992-09-14,2.7231497764587402,2.754094660282135,2.7128348151842756,2.7334647377332053,684000
1992-09-15,2.7128355503082275,2.7334654784474535,2.7128355503082275,2.7231505143778403,557600
1992-09-16,2.7231497764587402,2.754094660282135,2.7025198539098105,2.7128348151842756,723200
1992-09-17,2.7850406169891357,2.8263004779815675,2.7231508255004884,2.7231508255004884,565600
1992-09-18,2.8469295501708984,2.8469295501708984,2.7644098530644956,2.7644098530644956,668000
1992-09-21,2.8675596714019775,2.8675596714019775,2.857244708555208,2.857244708555208,808000
1992-09-22,2.877875566482544,2.888190532670653,2.8366157017301057,2.8469306679182154,662400
1992-09-23,2.888188362121582,2.950078112738473,2.8778734036854337,2.888188362121582,898400
1992-09-24,2.950080156326294,2.9603951219078546,2.8985053284184916,2.8985053284184916,1256800
1992-09-25,2.8056693077087402,2.9294488359900086,2.7747244256384236,2.9191338752999028,1837600
1992-09-28,2.7231497764587402,2.80566946665446,2.7128348151842756,2.80566946665446,1749600
1992-09-29,2.7953543663024902,2.7953543663024902,2.754094523257435,2.7747244447799626,276800
1992-09-30,2.7437796592712402,2.7953544648966395,2.7437796592712402,2.7850395037715594,330400
1992-10-01,2.661259412765503,2.7334641255149545,2.661259412765503,2.7334641255149545,378400
1992-10-02,2.6715753078460693,2.6922052330031816,2.6509453826889566,2.6715753078460693,772800
1992-10-05,2.6200003623962402,2.671575172679631,2.6096854003395618,2.671575172679631,312000
1992-10-06,2.5993711948394775,2.6200011249572515,2.578741264721704,2.6200011249572515,885600
1992-10-07,2.630315065383911,2.650944987465354,2.609685143302469,2.609685143302469,649600
1992-10-08,2.644779682159424,2.686104364693165,2.6241173408925533,2.6241173408925533,266400
1992-10-09,2.603454828262329,2.6654418479828608,2.5827924883554854,2.6241171681691733,112000
1992-10-12,2.6137850284576416,2.6137850284576416,2.6034538623372554,2.6034538623372554,351200
1992-10-13,2.603454828262329,2.6137859982157514,2.5724613184020635,2.603454828262329,412000
1992-10-14,2.603454828262329,2.6137859982157514,2.5931236583089072,2.603454828262329,341600
1992-10-15,2.582791566848755,2.603453899383545,2.582791566848755,2.603453899383545,205600
1992-10-16,2.6861040592193604,2.6964352286778963,2.5931235340925367,2.5931235340925367,1151200
1992-10-19,2.8307385444641113,2.851400869606185,2.686102268469595,2.686102268469595,756000
1992-10-20,2.789417266845703,2.8204107920328774,2.7790860917833116,2.8204107920328774,209600
1992-10-21,2.7480900287628174,2.7790835253278114,2.7377588632411527,2.7790835253278114,104800
1992-10-22,2.6137850284576416,2.737759021902273,2.6137850284576416,2.737759021902273,365600
1992-10-23,2.6137850284576416,2.6241161945780274,2.6034538623372554,2.6241161945780274,101600
1992-10-26,2.644779682159424,2.655110852792859,2.613786170259118,2.613786170259118,396800
1992-10-27,2.5517990589141846,2.6344484211462227,2.52080554807717,2.6344484211462227,318400
1992-10-28,2.5311362743377686,2.551798611271138,2.458818095070975,2.551798611271138,920800
1992-10-29,2.541466474533081,2.5827911326555704,2.5311353100024587,2.5311353100024587,348000
1992-10-30,2.5208051204681396,2.5621297945741746,2.5208051204681396,2.5621297945741746,143200
1992-11-02,2.5621304512023926,2.5621304512023926,2.5311369376797828,2.5311369376797828,156800
1992-11-03,2.4794790744781494,2.562128376960754,2.4794790744781494,2.562128376960754,296800
1992-11-04,2.417495012283325,2.5001444144126697,2.417495012283325,2.4898132391465015,464000
1992-11-05,2.303849458694458,2.3968299301215885,2.2935182952025546,2.3968299301215885,1245600
1992-11-06,2.417495012283325,2.4278261875494933,2.3348456101539807,2.3348456101539807,1823200
1992-11-09,2.34517502784729,2.4174932005121845,2.3141815252766214,2.396830865465072,1322400
1992-11-10,2.396831750869751,2.396831750869751,2.355507065509928,2.355507065509928,1669600
1992-11-11,2.3555068969726562,2.3968315793756854,2.3555068969726562,2.3968315793756854,551200
1992-11-12,2.3658361434936523,2.4071607922883014,2.35550498129499,2.396829630089639,1320800
1992-11-13,2.396831750869751,2.407162922209707,2.3761694081898397,2.3865005795297956,324000
1992-11-16,2.417495012283325,2.417495012283325,2.386501486484821,2.386501486484821,257600
1992-11-17,2.396831750869751,2.407162922209707,2.396831750869751,2.396831750869751,304000
1992-11-18,2.4071621894836426,2.4071621894836426,2.396831021288434,2.396831021288434,693600
1992-11-19,2.314181089401245,2.4071615796004022,2.293518758245877,2.386499248445034,821600
1992-11-20,2.3761677742004395,2.3761677742004395,2.3348431172578232,2.3348431172578232,536800
1992-11-23,2.396831750869751,2.4278252648896186,2.355507065509928,2.355507065509928,660000
1992-11-24,2.3761677742004395,2.3864989384360937,2.3658366099647856,2.3864989384360937,503200
1992-11-25,2.3761677742004395,2.3864989384360937,2.3658366099647856,2.3658366099647856,96000
1992-11-27,2.396831750869751,2.396831750869751,2.365838236849884,2.3761694081898397,230400
1992-11-30,2.34517502784729,2.396830865465072,2.334843860323734,2.396830865465072,539200
1992-12-01,2.334843158721924,2.3451743231410473,2.334843158721924,2.3451743231410473,1116800
1992-12-02,2.3658361434936523,2.3658361434936523,2.3348426568976657,2.3348426568976657,721600
1992-12-03,2.2728569507598877,2.3555062944238836,2.2625257828018883,2.3555062944238836,1191200
1992-12-04,2.314181089401245,2.314181089401245,2.2625252615128244,2.2728564270905083,1249600
1992-12-07,2.314181089401245,2.345174586134297,2.303849923823561,2.303849923823561,167200
1992-12-08,2.303849458694458,2.324511785678265,2.283187131710651,2.3141806221863614,580000
1992-12-09,2.334843158721924,2.3451743231410473,2.3038496654645533,2.314180829883677,374400
1992-12-10,2.3864994049072266,2.3864994049072266,2.3038500748671495,2.345174739887188,1601600
1992-12-11,2.427824020385742,2.4484863524741316,2.4174928543415475,2.4174928543415475,151200
1992-12-14,2.417495012283325,2.4278261875494933,2.386501486484821,2.4278261875494933,920000
1992-12-15,2.396831750869751,2.407162922209707,2.3865005795297956,2.407162922209707,406400
1992-12-16,2.3761677742004395,2.3968301026717476,2.3761677742004395,2.3864989384360937,402400
1992-12-17,2.3555068969726562,2.386500408774928,2.3555068969726562,2.386500408774928,52800
1992-12-18,2.3761677742004395,2.3761677742004395,2.3658366099647856,2.3761677742004395,295200
1992-12-21,2.34517502784729,2.365837362894403,2.34517502784729,2.365837362894403,488000
1992-12-22,2.34517502784729,2.3555061953708467,2.334843860323734,2.3555061953708467,960800
1992-12-23,2.3245129585266113,2.3451752959357366,2.3245129585266113,2.3451752959357366,1008000
1992-12-24,2.3761677742004395,2.3761677742004395,2.3348431172578232,2.3451742814934775,655200
1992-12-28,2.34517502784729,2.365837362894403,2.334843860323734,2.365837362894403,97600
1992-12-29,2.3555068969726562,2.3761692381741706,2.3348445557711415,2.345175726371899,596000
1992-12-30,2.34517502784729,2.365837362894403,2.34517502784729,2.365837362894403,639200
1992-12-31,2.427824020385742,2.438155186429937,2.3555058580763797,2.3555058580763797,376000
1993-01-04,2.3864994049072266,2.4588175686922944,2.3864994049072266,2.4381552361822747,597600
1993-01-05,2.438154935836792,2.438154935836792,2.365836780960277,2.3864991109249956,715200
1993-01-06,2.3864994049072266,2.4381552361822747,2.376168238652217,2.4381552361822747,928800
1993-01-07,2.3658361434936523,2.3864984678909766,2.35550498129499,2.3864984678909766,333600
1993-01-08,2.293518543243408,2.36583669550784,2.293518543243408,2.36583669550784,1617600
1993-01-11,2.246720314025879,2.308841613031203,2.2363667641916583,2.308841613031203,410400
1993-01-12,2.257075309753418,2.257075309753418,2.226014640353142,2.2467217532866592,269600
1993-01-13,2.2984890937805176,2.3088426482570066,2.226014212445096,2.2570748758745625,826400
1993-01-14,2.215660333633423,2.2881352043597496,2.215660333633423,2.277781651398846,619200
1993-01-15,2.246720314025879,2.26742741369432,2.2260132143574376,2.2363667641916583,1232800
1993-01-18,2.2363674640655518,2.2467210171399294,2.226013910991174,2.2467210171399294,460000
1993-01-19,2.288135051727295,2.308842156267813,2.226013738105739,2.226013738105739,1157600
1993-01-20,2.2984890937805176,2.3088426482570066,2.27778198482754,2.2881355393040286,132800
1993-01-21,2.3191959857940674,2.3191959857940674,2.277781771762031,2.277781771762031,272800
1993-01-22,2.381316661834717,2.381316661834717,2.3191953576129416,2.329548908316571,540800
1993-01-25,2.443439245223999,2.45379280134783,2.3709643523571855,2.3709643523571855,969600
1993-01-26,2.5055603981018066,2.5676817302861488,2.5055603981018066,2.5262675088299207,1224000
1993-01-27,2.484853506088257,2.4952070623636247,2.453792837262154,2.474499949812889,636000
1993-01-28,2.5883893966674805,2.5883893966674805,2.4848538208007813,2.4952073783874513,773600
1993-01-29,2.6298019886016846,2.650509090874139,2.5780342329205492,2.5883877840567764,492800
1993-02-01,2.6919233798980713,2.7022769313592176,2.6505091740534854,2.6505091740534854,1876800
1993-02-02,2.7126314640045166,2.7126314640045166,2.6815707983861445,2.6815707983861445,1044000
1993-02-03,2.847227096557617,2.888641308871182,2.71263090653853,2.71263090653853,1448000
1993-02-04,2.940408229827881,2.940408229827881,2.867933379092687,2.867933379092687,1330400
1993-02-05,2.9818224906921387,2.992176041007042,2.9404082894325256,2.9404082894325256,1606400
1993-02-08,2.9818224906921387,2.9818224906921387,2.961115390062332,2.9818224906921387,1975200
1993-02-09,2.930056095123291,2.981823870655505,2.9197025400168486,2.981823870655505,756000
1993-02-10,2.8989946842193604,2.950762446437563,2.88864113177572,2.930055341550282,800000
1993-02-11,2.9714691638946533,2.981822714988363,2.8886407551449764,2.8886407551449764,971200
1993-02-12,2.9714691638946533,2.9714691638946533,2.9611156128009437,2.9714691638946533,932000
1993-02-16,2.8782873153686523,2.961115727321707,2.878287315368652,2.961115727321707,292800
1993-02-17,2.9093480110168457,2.919701562657475,2.8782873560949573,2.888640907735587,632800
1993-02-18,2.940408229827881,2.971468880142964,2.9300546797228533,2.9300546797228533,604800
1993-02-19,2.9818224906921387,2.992176041007042,2.9300547391176224,2.9404082894325256,3408800
1993-02-22,3.023237466812134,3.0542981257177377,2.9818232549379946,2.9818232549379946,1140000
1993-02-23,3.012883424758911,3.0439440786224052,2.981822770895417,3.0439440786224052,664000
1993-02-24,2.9714691638946533,2.9921762660820725,2.9611156128009437,2.9921762660820725,499200
1993-02-25,2.8886423110961914,2.9714707644609564,2.8886423110961914,2.9714707644609564,259200
1993-02-26,2.9197003841400146,2.930053931601504,2.8886397417555463,2.9093468366785253,128000
1993-03-01,2.940408229827881,3.0025295304580473,2.9300546797228533,2.940408229827881,1396000
1993-03-02,2.950763463973999,2.9714705760018867,2.9404099079600554,2.961117019987943,332800
1993-03-03,3.1681880950927734,3.2096023185580385,2.9611169777664483,2.9611169777664483,4088800
1993-03-04,3.1371264457702637,3.168187103649177,3.0750051300124364,3.147479998396568,913600
1993-03-05,3.106066942214966,3.1371276116371156,3.106066942214966,3.1267740551630654,335200
1993-03-08,3.1681880950927734,3.17854165095909,3.1164203157611925,3.1164203157611925,472000
1993-03-09,3.1681880950927734,3.17854165095909,3.147480983360141,3.17854165095909,324000
1993-03-10,3.1888957023620605,3.1888957023620605,3.137127914986053,3.1681885874116578,199200
1993-03-11,3.240661144256592,3.261368244219893,3.1785398443666892,3.18889339434834,213600
1993-03-12,3.2096004486083984,3.2613681977795017,3.1785397991057365,3.2613681977795017,702400
1993-03-15,3.230308771133423,3.230308771133423,3.2096016636261573,3.2096016636261573,209600
1993-03-16,3.219954490661621,3.2303080420785397,3.209600939244703,3.219954490661621,316800
1993-03-17,3.302783727645874,3.302783727645874,3.2199552956045983,3.2303088496097576,136800
1993-03-18,3.313136577606201,3.313136577606201,3.2613688185811043,3.292429473996162,444000
1993-03-19,3.2924320697784424,3.313139189714156,3.2924320697784424,3.302785629746299,300800
1993-03-22,3.302783727645874,3.3131372816510334,3.2924301736407147,3.302783727645874,640800
1993-03-23,3.2924320697784424,3.323492749682013,3.2924320697784424,3.323492749682013,100800
1993-03-24,3.2924320697784424,3.3649069895534396,3.2924320697784424,3.2924320697784424,574400
1993-03-25,3.2096004486083984,3.2613681977795017,3.2096004486083984,3.251014647945281,1020000
1993-03-26,3.2510147094726562,3.2613682595028237,3.1888934092916497,3.209600509351985,753600
1993-03-29,3.302783727645874,3.302783727645874,3.261369511625236,3.261369511625236,589600
1993-03-30,3.3338451385498047,3.3338451385498042,3.3131380258880045,3.3131380258880045,663200
1993-03-31,3.3234896659851074,3.3338432163464318,3.2924290149011344,3.3338432163464318,558400
1993-04-01,3.313136577606201,3.3338436812162398,3.302783025801182,3.3338436812162398,537600
1993-04-02,3.240661144256592,3.282075344183194,3.2199540442932912,3.282075344183194,240800
1993-04-05,3.2510147094726562,3.251014709472656,3.2303076094123204,3.251014709472656,292800
1993-04-06,3.230308771133423,3.2510158786406884,3.230308771133423,3.2510158786406884,604800
1993-04-07,3.230308771133423,3.230308771133423,3.1888945561188917,3.2096016636261573,860000
1993-04-08,3.235285758972168,3.235285758972168,3.224916253334437,3.224916253334437,24000
1993-04-12,3.297504425048828,3.297504425048828,3.2249178496546715,3.2249178496546715,325600
1993-04-13,3.235285758972168,3.338980815349481,3.2145467476967053,3.297502792798556,1076800
1993-04-14,3.2145462036132812,3.245654715261152,3.2145462036132812,3.245654715261152,447200
1993-04-15,3.193807363510132,3.2663938944989983,3.193807363510132,3.2352853812180555,231200
1993-04-16,3.2145462036132812,3.2145462036132812,3.183437691965411,3.2041766997306578,356800
1993-04-19,3.235285758972168,3.2456552646098995,3.2041772420589743,3.2041772420589743,173600
1993-04-20,3.307873010635376,3.3597205499870277,3.256025471283724,3.256025471283724,1133600
1993-04-21,3.235285758972168,3.32861130971175,3.235285758972168,3.32861130971175,185600
1993-04-22,3.100482940673828,3.214547530464504,3.100482940673828,3.214547530464504,335200
1993-04-23,2.986417293548584,3.100481842954953,2.9656782845656076,3.100481842954953,786400
1993-04-26,3.0693719387054443,3.079741438498368,2.996785440154978,3.0071549399479016,367200
1993-04-27,3.0797431468963623,3.090112652441468,3.0693736413512567,3.090112652441468,108000
1993-04-28,3.0797431468963623,3.0797431468963623,3.0693736413512567,3.0693736413512567,189600
1993-04-29,3.1523311138153076,3.1523311138153076,3.0693750318728,3.0901140523584267,383200
1993-04-30,3.266394853591919,3.2975033760070804,3.152330271402995,3.152330271402995,779200
1993-05-03,3.287132501602173,3.3078715079214294,3.287132501602173,3.287132501602173,249600
1993-05-04,3.266394853591919,3.28713386853536,3.256025346120199,3.266394853591919,1332800
1993-05-05,3.266394853591919,3.2767643610636394,3.266394853591919,3.266394853591919,65600
1993-05-06,3.2767655849456787,3.318243630324738,3.266396073600914,3.266396073600914,664800
1993-05-07,3.266394853591919,3.2975033760070804,3.256025346120199,3.266394853591919,186400
1993-05-10,3.193807363510132,3.2767633989259792,3.193807363510132,3.2767633989259792,828000
1993-05-11,3.2767655849456787,3.2871350962904438,3.173070471498031,3.173070471498031,1120800
1993-05-12,3.287132501602173,3.3078715079214294,3.256023992123288,3.276762998442545,852000
1993-05-13,3.3597218990325928,3.3804609231006952,3.256026778692081,3.256026778692081,702400
1993-05-14,3.432305335998535,3.494522351152587,3.359718818318808,3.359718818318808,931200
1993-05-17,3.4530467987060547,3.4530467987060547,3.4219382689879825,3.4323077788940064,390400
1993-05-18,3.515261650085449,3.536000656870614,3.4530446297299546,3.4530446297299546,340800
1993-05-19,3.473785400390625,3.5256329436800375,3.442676874416978,3.5256329436800375,412800
1993-05-20,3.473785400390625,3.4841549090485078,3.4634158917327427,3.4634158917327427,216000
1993-05-21,3.463414430618286,3.4737839349015744,3.453044926334998,3.4737839349015744,400000
1993-05-24,3.473785400390625,3.4841549090485078,3.4634158917327427,3.4841549090485078,496000
1993-05-25,3.442675828933716,3.4841538509690615,3.4323063234248794,3.442675828933716,400800
1993-05-26,3.4530467987060547,3.4530467987060547,3.4219382689879825,3.4426772888000308,188000
1993-05-27,3.525631904602051,3.5256319046020503,3.4530453653896553,3.4530453653896553,511200
1993-05-28,3.525631904602051,3.5256319046020503,3.504892893398509,3.51526239900028,473600
1993-06-01,3.5878496170043945,3.6085886321315876,3.5360020791864124,3.5463715867500087,619200
1993-06-02,3.6915459632873535,3.733024007818672,3.587850851959057,3.587850851959057,522400
1993-06-03,3.660438299179077,3.6915468399653015,3.6396992719882606,3.6915468399653015,403200
1993-06-04,3.650066375732422,3.660435882481662,3.639696868983182,3.6500663757324223,889600
1993-06-07,3.650066375732422,3.660435882481662,3.639696868983182,3.6500663757324223,482400
1993-06-08,3.6085875034332275,3.639696016393859,3.598217999113017,3.639696016393859,277600
1993-06-09,3.650066375732422,3.6500663757324223,3.5878493352369834,3.5878493352369834,262400
1993-06-10,3.6085875034332275,3.639696016393859,3.6085875034332275,3.639696016393859,779200
1993-06-11,3.473785400390625,3.5878499956273324,3.473785400390625,3.5878499956273324,606400
1993-06-14,3.401198148727417,3.4634151880334065,3.4011981487274174,3.4634151880334065,763200
1993-06-15,3.401198148727417,3.4219371618294137,3.4011981487274174,3.4011981487274174,288800
1993-06-16,3.4530467987060547,3.4530467987060547,3.411568759081958,3.411568759081958,219200
1993-06-17,3.484153985977173,3.5360015155304043,3.46341497415588,3.46341497415588,193600
1993-06-18,3.4945242404937744,3.5152632567578324,3.4945242404937744,3.504893748625803,224800
1993-06-21,3.5463733673095703,3.5567428800794816,3.5048953162299266,3.5048953162299266,292800
1993-06-22,3.4945242404937744,3.546371781153919,3.4945242404937744,3.546371781153919,1112000
1993-06-23,3.515261650085449,3.515261650085449,3.4945226433002845,3.4945226433002845,2466400
1993-06-24,3.401198148727417,3.5152627207883977,3.3597201225234246,3.5152627207883977,637600
1993-06-25,3.401198148727417,3.4011981487274174,3.390828642176419,3.4011981487274174,36000
1993-06-28,3.4115676879882812,3.4115676879882817,3.401198181337861,3.401198181337861,204800
1993-06-29,3.3493494987487793,3.4011970142092864,3.3078714863803733,3.390827511117185,648000
1993-06-30,3.380460500717163,3.380460500717163,3.3389824577635783,3.3597214792403705,552000
1993-07-01,3.3493494987487793,3.370088504932982,3.328610492564576,3.370088504932982,376800
1993-07-02,3.3493494987487793,3.3597190018408805,3.328610492564576,3.3597190018408805,100000
1993-07-06,3.318241834640503,3.3804588690400124,3.318241834640503,3.3493503518402576,437600
1993-07-07,3.370089054107666,3.3700890541076665,3.2975025206345783,3.2975025206345783,1369600
1993-07-08,3.442675828933716,3.442675828933716,3.3700892903718604,3.3700892903718604,955200
1993-07-09,3.4891982078552246,3.4891982078552246,3.437275615476427,3.437275615476427,1352000
1993-07-12,3.530735969543457,3.5515050046584182,3.5099669344284954,3.5099669344284954,900000
1993-07-13,3.509967565536499,3.5307366043858273,3.509967565536499,3.5307366043858273,100000
1993-07-14,3.509967565536499,3.5307366043858273,3.509967565536499,3.509967565536499,538400
1993-07-15,3.4891982078552246,3.530736281758263,3.4684291709037054,3.530736281758263,338400
1993-07-16,3.4891982078552246,3.4995827263309844,3.4788136893794652,3.4891982078552246,147200
1993-07-19,3.509967565536499,3.520352084961163,3.4891985266871703,3.520352084961163,417600
1993-07-20,3.530735969543457,3.530735969543457,3.4891978993135337,3.4891978993135337,713600
1993-07-21,3.530735969543457,3.5515050046584182,3.530735969543457,3.530735969543457,395200
1993-07-22,3.520353078842163,3.53073760119863,3.5099685564856964,3.53073760119863,314400
1993-07-23,3.530735969543457,3.530735969543457,3.4891978993135337,3.520351451985976,341600
1993-07-26,3.520353078842163,3.5515066459115627,3.520353078842163,3.5515066459115627,196000
1993-07-27,3.4891982078552246,3.509967244806744,3.4684291709037054,3.4995827263309844,191200
1993-07-28,3.4995830059051514,3.5203520445158643,3.478813967294438,3.4891984865997947,356800
1993-07-29,3.520353078842163,3.53073760119863,3.4891995117727634,3.49958403412923,98400
1993-07-30,3.541121244430542,3.5411212444305424,3.5307367246521535,3.5307367246521535,57600
1993-08-02,3.6345834732055664,3.6345834732055664,3.5307382311139786,3.5411227553231375,1029600
1993-08-03,3.696890354156494,3.707274877623226,3.644967736822836,3.644967736822836,356000
1993-08-04,3.738429307937622,3.7591983596483862,3.6865066786607104,3.6865066786607104,400000
1993-08-05,3.738429307937622,3.748813833793004,3.7280447820822395,3.7280447820822395,56000
1993-08-06,3.7176573276519775,3.7384263630019885,3.707272809976972,3.7384263630019885,348800
1993-08-09,3.779966115951538,3.779966115951538,3.7280435044686873,3.7280435044686873,344800
1993-08-10,3.8215036392211914,3.821503639221191,3.7799655561861782,3.7799655561861782,632800
1993-08-11,3.987654685974121,3.987654685974121,3.842271442214648,3.842271442214648,784800
1993-08-12,3.9980409145355225,4.133039698662696,3.977271870823649,3.987656392679586,1103200
1993-08-13,3.9461188316345215,4.008425971081382,3.9461188316345215,4.008425971081382,226400
1993-08-16,3.977268934249878,3.9772689342498784,3.946115391683952,3.946115391683952,448000
1993-08-17,4.153807163238525,4.153807163238525,4.029192948341369,4.029192948341369,640000
1993-08-18,4.268036365509033,4.309574432326639,4.143422165056215,4.143422165056215,805600
1993-08-19,4.1953444480896,4.299189607695777,4.1953444480896,4.2784205757745415,424000
1993-08-20,4.288806915283203,4.288806915283203,4.1953462318993076,4.1953462318993076,914400
1993-08-23,4.454957485198975,4.454957485198975,4.288805224678733,4.299189740961248,964800
1993-08-24,4.3615007400512695,4.454961470195226,4.340731688908169,4.454961470195226,704000
1993-08-25,4.288806915283203,4.37188307829111,4.278422394907215,4.361498557915122,753600
1993-08-26,4.184960842132568,4.288806024319481,4.153807287476495,4.288806024319481,817600
1993-08-27,4.070731163024902,4.1745763457551295,4.008424053386767,4.1745763457551295,627200
1993-08-30,4.133038520812988,4.153807558606019,4.060346888537383,4.0707314074338985,529600
1993-08-31,4.174577713012695,4.205731278035178,4.101886061293569,4.1434241479902125,888000
1993-09-01,4.236884117126465,4.247268637021383,4.174576997756958,4.174576997756958,388800
1993-09-02,4.174577713012695,4.236884843057661,4.174577713012695,4.236884843057661,286400
1993-09-03,4.184960842132568,4.205729878569951,4.174576323913877,4.174576323913877,135200
1993-09-07,4.070731163024902,4.205729900574198,4.070731163024902,4.184960864028152,236800
1993-09-08,3.956501007080078,4.070730694948532,3.9565010070800786,4.070730694948532,388800
1993-09-09,3.9668874740600586,3.977271996243462,3.9357339075098485,3.9565029518766552,533600
1993-09-10,3.977268934249878,3.9772689342498784,3.9564999058725943,3.9668844200612363,121600
1993-09-13,3.9357330799102783,4.008424719908621,3.9357330799102783,3.977271159909331,472800
1993-09-14,3.9461188316345215,3.9668878781168084,3.9253497851522345,3.956503354875665,633600
1993-09-15,3.987654685974121,4.018808238208294,3.9357320989171662,3.946116616328557,994400
1993-09-16,3.987654685974121,4.008423720796903,3.987654685974121,3.987654685974121,152800
1993-09-17,3.9461188316345215,3.9668878781168084,3.914965261911091,3.9668878781168084,127200
1993-09-20,3.9668874740600586,3.9668874740600586,3.946118429693252,3.946118429693252,248000
1993-09-21,3.9980409145355225,4.008425436391459,3.966887348967713,3.966887348967713,218400
1993-09-22,3.9668874740600586,4.008425562793672,3.9668874740600586,3.9876565184268653,99200
1993-09-23,3.977268934249878,3.9772689342498784,3.9564999058725943,3.9772689342498784,232800
1993-09-24,3.9668874740600586,3.9876565184268653,3.9565029518766552,3.9668874740600586,357600
1993-09-27,3.977268934249878,3.98765344843852,3.9564999058725943,3.9564999058725943,441600
1993-09-28,3.9461188316345215,3.977272401357952,3.935734308393378,3.977272401357952,326400
1993-09-29,4.288806915283203,4.288806915283203,3.9461177428755865,3.9461177428755865,1200800
1993-09-30,4.403036594390869,4.403036594390869,4.288806871423182,4.288806871423182,755200
1993-10-01,4.46534538269043,4.46534538269043,4.382269189524096,4.382269189524096,599200
1993-10-04,4.413419723510742,4.486111342486213,4.413419723510742,4.465342308493221,248000
1993-10-05,4.371882438659668,4.4238050329430365,4.371882438659668,4.4238050329430365,122400
1993-10-06,4.340730667114258,4.371884236495461,4.319961620860123,4.371884236495461,114400
1993-10-07,4.309576034545898,4.319960555111069,4.278422472850386,4.319960555111069,224000
1993-10-08,4.272979736328125,4.314565913810637,4.262583191957497,4.314565913810637,245600
1993-10-11,4.15861701965332,4.2729789876937865,4.15861701965332,4.2729789876937865,288000
1993-10-12,4.07544469833374,4.158617039116062,4.07544469833374,4.158617039116062,272800
1993-10-13,3.981874704360962,4.065047021945525,3.9714781646628916,4.044253942549385,826400
1993-10-14,4.013065338134766,4.075444592095409,3.992272253481217,4.054651507441862,388000
1993-10-15,3.909100294113159,3.992272640796418,3.8779106641069374,3.992272640796418,707200
1993-10-18,3.8259289264678955,3.9091012944345884,3.805135834476222,3.9091012944345884,719200
1993-10-19,3.877913475036621,3.909103127650857,3.6491893558655604,3.825930720679562,1467200
1993-10-20,3.5348246097564697,3.8571174418225005,3.5348246097564697,3.8571174418225005,1626400
1993-10-21,3.659583806991577,3.7843423458662904,3.617997627366673,3.617997627366673,3216000
1993-10-22,3.576413154602051,3.6595855535462847,3.576413154602051,3.6595855535462847,928800
1993-10-25,3.5140326023101807,3.6076015177563097,3.5140326023101807,3.576411879274267,901600
1993-10-26,3.347686767578125,3.5348245371942935,3.3268936820652173,3.5140314516813858,1536800
1993-10-27,3.451653480529785,3.451653480529785,3.368481107504971,3.368481107504971,1416000
1993-10-28,3.62839412689209,3.62839412689209,3.451652865696773,3.451652865696773,1215200
1993-10-29,3.555619239807129,3.6387916196856587,3.545222692322313,3.60760197723121,412800
1993-11-01,3.62839412689209,3.64918721644448,3.5556183134587243,3.566014858234919,379200
1993-11-02,3.701172113418579,3.7115686642989685,3.6283962572558544,3.6283962572558544,553600
1993-11-03,3.742757797241211,3.7739474455515545,3.711568148930868,3.73236124780443,540800
1993-11-04,3.742757797241211,3.815533643298679,3.7427577972412114,3.7635508961147734,345600
1993-11-05,3.701172113418579,3.742758316940136,3.680379011657801,3.742758316940136,112800
1993-11-08,3.638791561126709,3.701170845031738,3.638791561126709,3.701170845031738,207200
1993-11-09,3.4724457263946533,3.6387904318506847,3.4516526382126496,3.6387904318506847,542400
1993-11-10,3.503635883331299,3.5140324289791662,3.4724462463876966,3.4932393376834314,191200
1993-11-11,3.4724457263946533,3.5972042554866768,3.4620491823036517,3.5140319027586613,564800
1993-11-12,3.4620511531829834,3.462051153182984,3.3684822030969572,3.462051153182984,1202400
1993-11-15,3.420462131500244,3.4828413800990328,3.420462131500244,3.4620482972327697,675200
1993-11-16,3.2853076457977295,3.316497275346442,3.2437214730661124,3.3061007321635376,827200
1993-11-17,3.4620511531829834,3.462051153182984,3.285309803020489,3.326896003058723,1617600
1993-11-18,3.5244295597076416,3.566015749202717,3.4308606333437215,3.462050275465028,463200
1993-11-19,3.503635883331299,3.503635883331299,3.4724462463876966,3.4932393376834314,85600
1993-11-22,3.378875255584717,3.4932371873121992,3.3788752555847164,3.4932371873121992,173600
1993-11-23,3.3892734050750732,3.472445758573848,3.3788768608877264,3.39966994926242,697600
1993-11-24,3.4308602809906006,3.4308602809906006,3.399670642072504,3.399670642072504,556800
1993-11-26,3.347686767578125,3.4100660241168477,3.347686767578125,3.4100660241168477,94400
1993-11-29,3.212533473968506,3.306102410103511,3.212533473968506,3.306102410103511,1270400
1993-11-30,3.212533473968506,3.233326570887396,3.181343828590171,3.222930022427951,457600
1993-12-01,3.233325958251953,3.2749121442101776,3.212532865272841,3.233325958251953,316000
1993-12-02,3.233325958251953,3.2645155977206213,3.222929411762397,3.222929411762397,429600
1993-12-03,3.2437214851379395,3.2645145715811315,3.2437214851379395,3.2437214851379395,142400
1993-12-06,3.2541182041168213,3.264514747899942,3.222928572767459,3.2437216603337005,308800
1993-12-07,3.2645153999328613,3.2957050375118375,3.2333257623538847,3.2437223082135436,528800
1993-12-08,3.233325958251953,3.2541190512310654,3.222929411762397,3.2541190512310654,89600
1993-12-09,3.1813433170318604,3.2333260509702897,3.1397571298811173,3.2333260509702897,69600
1993-12-10,3.212533473968506,3.222930022427951,3.1917403770496158,3.1917403770496158,271200
1993-12-13,3.170945644378662,3.233324902956603,3.1397560150896915,3.233324902956603,102400
1993-12-14,3.202136278152466,3.202136278152466,3.1501535463642765,3.191739731794828,620800
1993-12-15,3.150151491165161,3.1709445703147665,3.139754951590359,3.1709445703147665,128000
1993-12-16,3.1813433170318604,3.222929504182604,3.160550223456489,3.160550223456489,565600
1993-12-17,3.1605513095855713,3.2021375110274866,3.1501547592250922,3.1917409606670075,200800
1993-12-20,3.0046024322509766,3.139757558961228,2.9318265947916102,3.139757558961228,927200
1993-12-21,2.952618360519409,3.025394165180099,2.8382563817668967,3.025394165180099,880000
1993-12-22,3.150151491165161,3.160548030739964,2.9318241600943087,2.9630137788187163,676000
1993-12-23,3.1605513095855713,3.1917409606670075,3.1293616585041346,3.1293616585041346,176000
1993-12-27,3.233325958251953,3.2541190512310654,3.1189639468668355,3.1189639468668355,1060000
1993-12-28,3.202136278152466,3.274912102655931,3.202136278152466,3.254119009940655,629600
1993-12-29,3.233325958251953,3.2541190512310654,3.212532865272841,3.212532865272841,648000
1993-12-30,3.233325958251953,3.233325958251953,3.212532865272841,3.222929411762397,270400
1993-12-31,3.2437214851379395,3.2437214851379395,3.2125318554731517,3.2333249419163437,112800
1994-01-03,3.2437214851379395,3.2437214851379395,3.2125318554731517,3.2437214851379395,332000
1994-01-04,3.2541182041168213,3.2541182041168213,3.222928572767459,3.222928572767459,202400
1994-01-05,3.4620511531829834,3.493240803211659,3.306102903039606,3.306102903039606,800000
1994-01-06,3.62839412689209,3.64918721644448,3.4828425000253587,3.4828425000253587,999200
1994-01-07,3.6179990768432617,3.638792174986039,3.5972059787004844,3.638792174986039,704800
1994-01-10,3.7583351135253906,3.7583351135253906,3.6125825052446277,3.6125825052446277,573600
1994-01-11,3.664637565612793,3.7271029786630114,3.633404859087684,3.7271029786630114,1028800
1994-01-12,3.602170944213867,3.6854581336754593,3.591760045531168,3.6646363363100614,296000
1994-01-13,3.5397067070007324,3.61258302155663,3.5397067070007324,3.602172119477216,10779200
1994-01-14,3.435598134994507,3.550118072827657,3.435598134994507,3.5188853625095255,1295200
1994-01-17,3.529296398162842,3.5397073019922307,3.477241879015897,3.498063686674675,1098400
1994-01-18,3.6229960918426514,3.6229960918426514,3.5397088253635096,3.5397088253635096,851200
1994-01-19,3.6750495433807373,3.737514974712988,3.643816827714612,3.643816827714612,1249600
1994-01-20,3.57094144821167,3.706283252371296,3.57094144821167,3.675050528334459,487200
1994-01-21,3.581352472305298,3.6125851973544716,3.5605306556058482,3.5917633806550224,354400
1994-01-24,3.5397067070007324,3.602172119477216,3.5397067070007324,3.5917612173978024,408800
1994-01-25,3.5397067070007324,3.5501176090801465,3.529295804921319,3.5397067070007324,284000
1994-01-26,3.581352472305298,3.602174289004747,3.5084761138572245,3.5397088389063986,873600
1994-01-27,3.6958703994750977,3.70628130200883,3.581350471604038,3.581350471604038,1322400
1994-01-28,3.664637565612793,3.6750484677878297,3.6542266634377567,3.6646375656127934,303200
1994-01-31,3.6750495433807373,3.779158595601155,3.6750495433807377,3.6854604486027793,787200
1994-02-01,3.737513780593872,3.747924682489677,3.6958701730106536,3.6958701730106536,700800
1994-02-02,3.841623306274414,3.9561432422338143,3.716692467045978,3.716692467045978,999200
1994-02-03,3.8312134742736816,3.872857098994048,3.82080256809359,3.872857098994048,155200
1994-02-04,3.810391426086426,3.883267764836712,3.7999805205506703,3.8520350482294465,1171200
1994-02-07,3.74792742729187,3.7791601558526353,3.7375165177716148,3.7791601558526353,363200
1994-02-08,3.820803642272949,3.83121455137996,3.7271054603098523,3.747927278523874,355200
1994-02-09,3.768746852874756,3.820801367417225,3.7271032412407807,3.820801367417225,272800
1994-02-10,3.664637565612793,3.7687465873631565,3.6646375656127934,3.7687465873631565,944800
1994-02-11,3.789569854736328,3.810391667124989,3.6646389804043613,3.6854607927930223,212800
1994-02-14,3.664637565612793,3.7895683917132295,3.6021721525625754,3.7895683917132295,335200
1994-02-15,3.664637565612793,3.685459369962866,3.6438157612627204,3.6438157612627204,137600
1994-02-16,3.581352472305298,3.6542288307533703,3.5813524723052974,3.6438179224036458,541600
1994-02-17,3.560530185699463,3.6438174415052984,3.560530185699463,3.591762906626651,538400
1994-02-18,3.560530185699463,3.591762906626651,3.5501192787237335,3.5813519996509218,437600
1994-02-22,3.581352472305298,3.602174289004747,3.570941563955573,3.5813524723052974,83200
1994-02-23,3.612586498260498,3.6229974103592313,3.560531937766831,3.560531937766831,152000
1994-02-24,3.6229960918426514,3.6229960918426514,3.5813524586030803,3.6125851835327585,108800
1994-02-25,3.643817901611328,3.7062833513532367,3.643817901611328,3.6646397181919643,848800
1994-02-28,3.581352472305298,3.6438179224036458,3.5813524723052974,3.6438179224036458,57600
1994-03-01,3.581352472305298,3.602174289004747,3.5605306556058482,3.602174289004747,180000
1994-03-02,3.5397067070007324,3.5605285111595606,3.5188849028419047,3.5605285111595606,310400
1994-03-03,3.5397067070007324,3.5605285111595606,3.529295804921319,3.5501176090801465,92800
1994-03-04,3.591761589050293,3.602172492206961,3.529296170110288,3.529296170110288,196800
1994-03-07,3.560530185699463,3.6021738136023806,3.560530185699463,3.6021738136023806,268800
1994-03-08,3.4876534938812256,3.550118929592531,3.4876534938812256,3.539708023640647,516800
1994-03-09,3.3523101806640625,3.4668300936681145,3.3106665759353167,3.4668300936681145,609600
1994-03-10,3.2898452281951904,3.3627215465412865,3.2794343255743197,3.341899741299545,894400
1994-03-11,3.341900110244751,3.352311014014984,3.279434687623354,3.30025649516382,410400
1994-03-14,3.446009397506714,3.4564203020309034,3.3419003522648194,3.3419003522648194,308800
1994-03-15,3.5188863277435303,3.5501190466288275,3.4772427025631334,3.4772427025631334,446400
1994-03-16,3.5188863277435303,3.529297234038629,3.498064515153332,3.508475421448431,458400
1994-03-17,3.654226303100586,3.6750481053974555,3.5084736870224997,3.5084736870224997,423200
1994-03-18,3.789569854736328,3.789569854736328,3.6646389804043613,3.6854607927930223,879200
1994-03-21,3.810391426086426,3.820802331622181,3.7791587094791597,3.810391426086426,813600
1994-03-22,3.8624472618103027,3.872858170871786,3.7895708983799197,3.7895708983799197,1078400
1994-03-23,3.7791590690612793,3.789569975587619,3.74792634948226,3.789569975587619,722400
1994-03-24,3.74792742729187,3.7687492463323804,3.706283789210849,3.7271056082513594,674400
1994-03-25,3.74792742729187,3.7791601558526353,3.7375165177716148,3.7375165177716148,510400
1994-03-28,3.6229960918426514,3.7375160832514704,3.6229960918426514,3.7375160832514704,1590400
1994-03-29,3.4980640411376953,3.6125839948654175,3.4980640411376953,3.6125839948654175,617600
1994-03-30,3.5397067070007324,3.5501176090801465,3.4043649799683515,3.487652196603663,567200
1994-03-31,3.560530185699463,3.560530185699463,3.5084756508208157,3.539708371748004,148800
1994-04-04,3.5084738731384277,3.5397065782405503,3.4980629714377205,3.5397065782405503,445600
1994-04-05,3.4980640411376953,3.550118565559387,3.487653136253357,3.518885850906372,940000
1994-04-06,3.581352472305298,3.5813524723052974,3.4772433888080507,3.5397088389063986,240000
1994-04-07,3.560530185699463,3.6229956275538395,3.560530185699463,3.5813519996509218,574400
1994-04-08,3.560530185699463,3.560530185699463,3.539708371748004,3.5501192787237335,169600
1994-04-11,3.53425669670105,3.544682232679519,3.513405624744111,3.544682232679519,698400
1994-04-12,3.586386203765869,3.607237286345903,3.5446840386058005,3.5446840386058005,1101600
1994-04-13,3.628085136413574,3.6280851364135738,3.575957476407632,3.5863830084088204,604000
1994-04-14,3.690641403198242,3.690641403198242,3.5759604556412348,3.596811537015236,1280800
1994-04-15,3.9200024604797363,3.9200024604797368,3.6489384605529462,3.690640614387837,826400
1994-04-18,3.86787486076355,3.878300399471807,3.794896089805747,3.878300399471807,1331200
1994-04-19,3.8261728286743164,3.878300523887863,3.8261728286743164,3.8574494458024446,704000
1994-04-20,3.8157474994659424,3.815747499465942,3.805321959849915,3.815747499465942,727200
1994-04-21,3.836596727371216,3.847022261956464,3.8053201236154726,3.8053201236154726,480000
1994-04-22,3.8470211029052734,3.8678721657936492,3.8157445085727106,3.826170040016898,332000
1994-04-25,3.961705446243286,3.961705446243286,3.8261734178191737,3.8470244991151907,498400
1994-04-26,3.982558012008667,3.9825580120086665,3.9617069229405586,3.9617069229405586,1096000
1994-04-28,3.9721319675445557,4.013834140432163,3.9617064243226543,3.972131967544556,856800
1994-04-29,3.961705446243286,3.961705446243286,3.93042882429926,3.961705446243286,535200
1994-05-02,3.9721319675445557,3.972131967544556,3.930429794656949,3.9408553378788507,652000
1994-05-03,3.9200024604797363,3.9617046143146273,3.9095769220210137,3.9617046143146273,560800
1994-05-04,3.961705446243286,3.961705446243286,3.9200032836512513,3.9200032836512513,358400
1994-05-05,3.951277256011963,3.9825538569830337,3.9512772560119624,3.9825538569830337,66400
1994-05-06,4.065958499908447,4.086809569138747,3.951277619141799,3.951277619141799,343200
1994-05-09,4.055532932281494,4.076384001342067,4.024256328690634,4.076384001342067,453600
1994-05-10,4.065958499908447,4.097235103753897,4.065958499908447,4.097235103753897,632800
1994-05-11,4.024256229400635,4.076383900765928,4.024256229400635,4.06595836649287,187200
1994-05-12,4.097235202789307,4.107660737656455,4.024256458719268,4.034681993586417,806400
1994-05-13,4.0868096351623535,4.0868096351623535,4.076384100378776,4.076384100378776,257600
1994-05-16,4.076387405395508,4.097238491868119,4.076387405395508,4.097238491868119,293600
1994-05-17,3.9721319675445557,4.065961856541671,3.930429794656949,4.065961856541671,1044000
1994-05-18,3.982558012008667,3.992983556542721,3.94085583387245,3.9825580120086665,1417600
1994-05-19,3.9304275512695312,3.9929807748971635,3.9304275512695317,3.9929807748971635,205600
1994-05-20,3.8887276649475098,3.940855381635814,3.878302121609849,3.940855381635814,309600
1994-05-23,3.8470211029052734,3.8782976972378367,3.847021102905274,3.8678721657936492,208800
1994-05-24,3.8053221702575684,3.836598790835028,3.8053221702575684,3.836598790835028,287200
1994-05-25,3.774044990539551,3.8157471451311484,3.774044990539551,3.8157471451311484,179200
1994-05-26,3.7010655403137207,3.7531932239801113,3.680214466847165,3.732342150513555,840800
1994-05-27,3.721918821334839,3.7323443642517433,3.690642192584126,3.7114932784179344,70400
1994-05-31,3.669788360595703,3.721916036172347,3.6697883605957036,3.7010649659416894,752800
1994-06-01,3.680216073989868,3.7010671565620488,3.669790532703778,3.669790532703778,480800
1994-06-02,3.6489369869232178,3.690639123916626,3.6489369869232178,3.669788055419922,600000
1994-06-03,3.617661237716675,3.638512311132909,3.565533554176089,3.638512311132909,136800
1994-06-06,3.6489369869232178,3.669788055419922,3.638511452674866,3.669788055419922,132800
1994-06-07,3.711491584777832,3.7219171229373202,3.6489383558209023,3.6489383558209023,863200
1994-06-08,3.6489369869232178,3.71149019241333,3.6280859184265135,3.71149019241333,276800
1994-06-09,3.586386203765869,3.6280883689259373,3.5863862037658687,3.6280883689259373,304800
1994-06-10,3.721918821334839,3.721918821334839,3.586386763415083,3.586386763415083,165600
1994-06-13,3.7948946952819824,3.805320230159131,3.7219159511419444,3.7219159511419444,736800
1994-06-14,3.836596727371216,3.836596727371216,3.8053201236154726,3.8053201236154726,476000
1994-06-15,3.8261728286743164,3.8574494458024446,3.815747289631607,3.8365983677170257,292000
1994-06-16,3.8574464321136475,3.8574464321136475,3.8157443085232297,3.8157443085232297,132000
1994-06-17,3.9408533573150635,3.9408533573150635,3.836597977491914,3.836597977491914,384000
1994-06-20,3.8991518020629883,3.9617050395292392,3.836598564596737,3.9617050395292392,174800
1994-06-21,3.9408533573150635,3.9408533573150635,3.857449053456544,3.857449053456544,166400
1994-06-22,3.9408533573150635,3.9825555092443237,3.920002281350434,3.9825555092443237,52800
1994-06-23,3.836596727371216,3.982554211564686,3.836596727371216,3.982554211564686,197200
1994-06-24,3.8157474994659424,3.8365985786979966,3.7323431825377247,3.8365985786979966,143200
1994-06-27,3.8157474994659424,3.8365985786979966,3.7531942617697793,3.7948964202338877,136800
1994-06-28,3.8157474994659424,3.815747499465942,3.7323431825377247,3.7740453410018335,190800
1994-06-29,3.836596727371216,3.836596727371216,3.774043519859729,3.8157456582007203,94800
1994-06-30,3.836596727371216,3.836596727371216,3.7323413815187374,3.7948945890302244,440400
1994-07-01,3.774044990539551,3.836598222426947,3.753193913243752,3.836598222426947,150400
1994-07-05,3.669788360595703,3.794894781979648,3.6697883605957036,3.794894781979648,72400
1994-07-06,3.7948946952819824,3.7948946952819824,3.6489372070019064,3.669788276756203,182800
1994-07-07,3.7323431968688965,3.8157475141173633,3.7323431968688965,3.8157475141173633,36000
1994-07-08,3.669788360595703,3.7323415712876757,3.6697883605957036,3.711490501057018,24000
1994-07-11,3.7165608406066895,3.71656084060669,3.6748017300380753,3.6956812853223826,51600
1994-07-12,3.7165608406066895,3.7374403958909967,3.6748017300380753,3.71656084060669,98800
1994-07-13,3.674799680709839,3.779197398911823,3.6121610497886487,3.7374383116310295,277200
1994-07-14,3.6330413818359375,3.69568002635035,3.6330413818359375,3.69568002635035,72800
1994-07-15,3.5912835597991943,3.6121631153794223,3.5704040042189664,3.6121631153794223,68800
1994-07-18,3.653919219970703,3.653919219970703,3.54952152797154,3.6330396815708705,261600
1994-07-19,3.5912835597991943,3.63304267095965,3.5912835597991943,3.63304267095965,143200
1994-07-20,3.5495221614837646,3.61216078786289,3.5495221614837646,3.61216078786289,31600
1994-07-21,3.5704009532928467,3.5704009532928467,3.466003264600073,3.466003264600073,230800
1994-07-22,3.4868836402893066,3.549522268557977,3.4660040975330833,3.549522268557977,37600
1994-07-25,3.36160945892334,3.507766391920007,3.36160945892334,3.507766391920007,187200
1994-07-26,3.3198490142822266,3.3824876749290613,3.298969460733282,3.3824876749290613,230000
1994-07-27,3.2989683151245117,3.361606954019281,3.2780887688262554,3.3407274077210247,551200
1994-07-28,3.340726137161255,3.340726137161255,3.2989670604467394,3.2989670604467394,342800
1994-07-29,3.3198490142822266,3.340728567831172,3.3198490142822266,3.340728567831172,209600
1994-08-01,3.340726137161255,3.340726137161255,3.2989670604467394,3.2989670604467394,620000
1994-08-02,3.340726137161255,3.340726137161255,3.2989670604467394,3.319846598803997,216400
1994-08-03,3.340726137161255,3.361605675518513,3.2780875220894816,3.319846598803997,430800
1994-08-04,3.340726137161255,3.382485213875771,3.2989670604467394,3.319846598803997,156400
1994-08-05,3.194570302963257,3.340727114209942,3.1945703029632573,3.31984756974613,233200
1994-08-08,3.2363293170928955,3.2780884050553847,3.215449773111651,3.236329317092896,731600
1994-08-09,3.340726137161255,3.340726137161255,3.19456936866045,3.215448907017708,1479200
1994-08-10,3.382488489151001,3.424247606301013,3.3616089305759944,3.382488489151001,600000
1994-08-11,3.3198490142822266,3.403367228478006,3.3198490142822266,3.3616081213801166,326800
1994-08-12,3.340726137161255,3.361605675518513,3.2989670604467394,3.319846598803997,558400
1994-08-15,3.3198490142822266,3.3824876749290613,3.3198490142822266,3.340728567831172,71600
1994-08-16,3.2989683151245117,3.3407274077210247,3.2989683151245117,3.3407274077210247,300800
1994-08-17,3.3198490142822266,3.340728567831172,3.278089907184337,3.298969460733282,148800
1994-08-18,3.2989683151245117,3.3198478614227684,3.2780887688262554,3.3198478614227684,228400
1994-08-19,3.278090000152588,3.309409331364237,3.278090000152588,3.2989695542936874,330400
1994-08-22,3.2154502868652344,3.2989684761344615,3.2154502868652344,3.2989684761344615,137200
1994-08-23,3.2363293170928955,3.2780884050553847,3.194570229130407,3.2572088610741403,459200
1994-08-24,3.2989683151245117,3.361606954019281,3.257209222527999,3.257209222527999,956000
1994-08-25,3.194570302963257,3.31984756974613,3.173690758499445,3.31984756974613,773200
1994-08-26,3.2154502868652344,3.2572093814998477,3.1110525502787008,3.2154502868652344,1071600
1994-08-29,3.15281081199646,3.257208521002965,3.0901721865925564,3.257208521002965,1677600
1994-08-30,3.2154502868652344,3.2154502868652344,3.1319320975960077,3.152811644913314,976800
1994-08-31,3.2154502868652344,3.2780889288171546,3.173691192230621,3.2154502868652344,1103600
1994-09-01,3.2363293170928955,3.2572088610741403,3.194570229130407,3.194570229130407,967600
1994-09-02,3.2989683151245117,3.2989683151245117,3.236329676229743,3.2780887688262554,250400
1994-09-06,3.36160945892334,3.36160945892334,3.2572116496400065,3.278091211496673,397200
1994-09-07,3.466003894805908,3.507762977875859,3.3824857286660066,3.3824857286660066,1347600
1994-09-08,3.6330413818359375,3.6330413818359375,3.424245900121228,3.424245900121228,1925200
1994-09-09,3.424246311187744,3.5912827166115364,3.424246311187744,3.5912827166115364,1384800
1994-09-12,3.424246311187744,3.4868849632216663,3.424246311187744,3.466005412543692,572800
1994-09-13,3.4451253414154053,3.466004888939135,3.4242457938916755,3.4451253414154053,136400
1994-09-14,3.507762908935547,3.507762908935547,3.4242447444370816,3.4242447444370816,378800
1994-09-15,3.507762908935547,3.5495219911847795,3.4868833678109303,3.507762908935547,1040800
1994-09-16,3.5912835597991943,3.5912835597991943,3.5077653374782827,3.5286448930585106,429600
1994-09-19,3.507762908935547,3.591281073434012,3.507762908935547,3.591281073434012,374400
1994-09-20,3.424246311187744,3.466005412543692,3.340728108475848,3.466005412543692,248400
1994-09-21,3.340726137161255,3.4242442905902863,3.2989670604467394,3.4242442905902863,303200
1994-09-22,3.340726137161255,3.382485213875771,3.340726137161255,3.382485213875771,68000
1994-09-23,3.466003894805908,3.4868834363408836,3.3824857286660066,3.3824857286660066,456000
1994-09-26,3.507762908935547,3.507762908935547,3.4451242855616977,3.4451242855616977,168800
1994-09-27,3.466003894805908,3.4868834363408836,3.445124353270933,3.4868834363408836,271200
1994-09-28,3.4451253414154053,3.4868844364628644,3.4451253414154053,3.466004888939135,45600
1994-09-29,3.4451253414154053,3.466004888939135,3.4242457938916755,3.466004888939135,135200
1994-09-30,3.4033656120300293,3.4660042429262874,3.382486068397943,3.4660042429262874,63600
1994-10-03,3.382488489151001,3.424247606301013,3.382488489151001,3.403368047726007,100000
1994-10-04,3.3198490142822266,3.403367228478006,3.3198490142822266,3.403367228478006,256800
1994-10-05,3.36160945892334,3.36160945892334,3.3198503352100066,3.3198503352100066,100400
1994-10-06,3.382488489151001,3.424247606301013,3.3616089305759944,3.382488489151001,187200
1994-10-07,3.5338785648345947,3.5547890888868703,3.4084154205209405,3.4084154205209405,220000
1994-10-10,3.554788589477539,3.5966096317066865,3.533878068362965,3.533878068362965,344000
1994-10-11,3.554788589477539,3.5966096317066865,3.554788589477539,3.554788589477539,328800
1994-10-12,3.450237274169922,3.5129688609730114,3.4502372741699223,3.5129688609730114,155600
1994-10-13,3.512967348098755,3.5338778680279144,3.4711463082404364,3.492056828169596,285600
1994-10-14,3.512967348098755,3.512967348098755,3.4711463082404364,3.512967348098755,151200
1994-10-17,3.512967348098755,3.5547883879570734,3.512967348098755,3.5547883879570734,88000
1994-10-18,3.596611499786377,3.596611499786377,3.512969371884368,3.512969371884368,153200
1994-10-19,3.5756988525390625,3.6384304113555372,3.5756988525390625,3.5756988525390625,236000
1994-10-20,3.512967348098755,3.5756989078862325,3.492056828169596,3.5547883879570734,174000
1994-10-21,3.4920566082000732,3.5129671268120495,3.4711460895880966,3.4711460895880966,66800
1994-10-24,3.554788589477539,3.5756991105921125,3.471146505019244,3.512967547248391,72800
1994-10-25,3.512967348098755,3.5756989078862325,3.4711463082404364,3.5547883879570734,243200
1994-10-26,3.6175222396850586,3.6175222396850586,3.4920590406208367,3.512969573798207,512800
1994-10-27,3.7011630535125732,3.7638946306907526,3.596610424882275,3.596610424882275,1548800
1994-10-28,3.784804344177246,3.8057148654157946,3.6593412167459562,3.680251737984505,638000
1994-10-31,3.7011630535125732,3.7638946306907526,3.6802525277865135,3.7638946306907526,102000
1994-11-01,3.7220749855041504,3.7220749855041504,3.659343384624867,3.7011644518777227,71200
1994-11-02,3.6593403816223145,3.701161414555141,3.638429865155901,3.701161414555141,349600
1994-11-03,3.7011630535125732,3.722073579238633,3.6593420020604537,3.6802525277865135,54000
1994-11-04,3.6593403816223145,3.701161414555141,3.6593403816223145,3.6593403816223145,237600
1994-11-07,3.6384310722351074,3.680252119042408,3.638431072235108,3.680252119042408,145600
1994-11-08,3.6175222396850586,3.6384327728624286,3.596611706507688,3.6175222396850586,126800
1994-11-09,3.6384310722351074,3.659341595638758,3.638431072235108,3.638431072235108,328400
1994-11-10,3.6384310722351074,3.659341595638758,3.638431072235108,3.638431072235108,60800
1994-11-11,3.5756988525390625,3.659340930961029,3.5756988525390625,3.6384304113555372,80800
1994-11-14,3.512967348098755,3.5547883879570734,3.492056828169596,3.5547883879570734,125600
1994-11-15,3.5338785648345947,3.5338785648345947,3.492057516730043,3.5129680407823187,166400
1994-11-16,3.450237274169922,3.5129688609730114,3.4502372741699223,3.4920583320386482,154800
1994-11-17,3.3247740268707275,3.4084161407542677,3.2829529699289575,3.4084161407542677,990400
1994-11-18,3.199310302734375,3.2829524021522674,3.09475767846201,3.2829524021522674,1564800
1994-11-21,3.178400993347168,3.241132591900073,3.1574904604962,3.2202220590491044,789600
1994-11-22,3.136579751968384,3.157490283648173,3.094758688608805,3.136579751968384,559600
1994-11-23,3.073847532272339,3.157489641994035,3.0111159499810665,3.157489641994035,952400
1994-11-25,3.0320258140563965,3.073846859767519,3.0320258140563965,3.0529363369119578,45600
1994-11-28,3.0320258140563965,3.073846859767519,2.990204768345274,3.073846859767519,1295600
1994-11-29,3.073847532272339,3.094758059702763,2.9902054225506425,3.0320264774114905,1277200
1994-11-30,3.0320258140563965,3.0947573826230808,3.0320258140563965,3.0947573826230808,410400
1994-12-01,3.094757080078125,3.1156676008894637,3.01111499683277,3.032025517644109,507600
1994-12-02,3.094757080078125,3.1365781217008024,3.094757080078125,3.094757080078125,588000
1994-12-05,2.927471876144409,3.115666496753693,2.927471876144409,3.0738454699516295,1013600
1994-12-06,2.927471876144409,2.969292902946472,2.927471876144409,2.927471876144409,664400
1994-12-07,3.0529367923736572,3.0529367923736572,2.9065631105475234,2.927473636522685,218400
1994-12-08,3.136579751968384,3.2202218786875405,3.0320270935694373,3.0320270935694373,552800
1994-12-09,3.073847532272339,3.094758059702763,3.052937004841915,3.094758059702763,588400
1994-12-12,3.115666627883911,3.1365771421650113,3.094756113602811,3.094756113602811,519200
1994-12-13,3.178400993347168,3.1993115261981364,3.1156693947942635,3.1156693947942635,408000
1994-12-14,3.303863048553467,3.324773574177223,3.1993104204346863,3.1993104204346863,529200
1994-12-15,3.241131544113159,3.3247736484773696,3.2202210180221065,3.3247736484773696,116000
1994-12-16,3.241131544113159,3.262042070204212,3.2202210180221065,3.241131544113159,312800
1994-12-19,3.2202208042144775,3.241131328917169,3.1783997548090945,3.241131328917169,426800
1994-12-20,3.115666627883911,3.220219199289412,3.094756113602811,3.1783981707272115,305200
1994-12-21,3.094757080078125,3.1365781217008024,3.0738465592667863,3.1365781217008024,634400
1994-12-22,3.0320258140563965,3.115667905478642,3.0320258140563965,3.115667905478642,284000
1994-12-23,3.0529367923736572,3.0738473183488195,3.0320262663984954,3.0529367923736572,29600
1994-12-27,3.0111148357391357,3.0738463948170343,2.96929379635387,3.0738463948170343,209600
1994-12-28,3.073847532272339,3.073847532272339,3.0111159499810665,3.0111159499810665,228800
1994-12-29,3.157489538192749,3.220221118421744,3.1156684847067524,3.1156684847067524,221200
1994-12-30,3.136579751968384,3.199311347007751,3.136579751968384,3.157490283648173,150400
1995-01-03,3.178400993347168,3.1993115261981364,3.1156693947942635,3.178400993347168,129600
1995-01-04,3.157489538192749,3.220221118421744,3.1365790114497507,3.1784000649357473,68400
1995-01-05,3.115666627883911,3.1365771421650113,3.073845599321711,3.115666627883911,260000
1995-01-06,3.0529367923736572,3.1365788962743055,3.0111157404233335,3.1365788962743055,404800
1995-01-09,2.995128870010376,3.057963741409195,2.995128870010376,3.0370187842762553,613600
1995-01-10,2.8904037475585938,2.974183566328408,2.8904037475585938,2.974183566328408,289600
1995-01-11,2.9532382488250732,2.9532382488250732,2.8904033924670927,2.8904033924670927,124800
1995-01-12,2.8904037475585938,2.974183566328408,2.8904037475585938,2.932293656943501,374400
1995-01-13,2.9322919845581055,2.953236927304949,2.8694571563175746,2.890402099064418,66800
1995-01-16,2.8904037475585938,2.9008762249048208,2.86945879286614,2.8904037475585938,480800
1995-01-17,2.9532382488250732,2.9741832009444,2.8904033924670927,2.8904033924670927,437600
1995-01-18,3.057962656021118,3.078907605719893,2.953237907527244,2.953237907527244,606000
1995-01-19,3.016072988510132,3.0579628911283283,3.016072988510132,3.0579628911283283,248000
1995-01-20,3.037019729614258,3.0370197296142574,3.0160747659617453,3.0370197296142574,76400
1995-01-23,2.9322919845581055,3.0160717555454797,2.9322919845581055,2.995126812798636,128800
1995-01-24,3.037019729614258,3.05796469326677,2.932294911351697,2.932294911351697,345600
1995-01-25,3.016072988510132,3.03701793981923,2.995128037201034,3.03701793981923,129600
1995-01-26,3.0998528003692627,3.0998528003692627,3.016072994953877,3.016072994953877,145200
1995-01-27,3.037019729614258,3.078909656919282,3.0160747659617453,3.05796469326677,512000
1995-01-30,2.995128870010376,3.0370187842762553,2.974183912877436,3.0370187842762553,193200
1995-01-31,2.9741837978363037,3.037018666804676,2.9741837978363037,2.9741837978363037,186400
1995-02-01,2.995128870010376,3.0160738271433156,2.974183912877436,2.974183912877436,46000
1995-02-02,2.995128870010376,3.0160738271433156,2.974183912877436,2.995128870010376,41600
1995-02-03,3.016072988510132,3.03701793981923,2.974183085891936,3.016072988510132,243600
1995-02-06,3.1836342811584473,3.2255242059105322,3.057964506902193,3.0998544316542778,651200
1995-02-07,3.1417434215545654,3.225523246129354,3.1417434215545654,3.225523246129354,437200
1995-02-08,3.1836342811584473,3.2255242059105322,3.162689318782405,3.162689318782405,549600
1995-02-09,3.1417434215545654,3.204578289985657,3.1417434215545654,3.204578289985657,278800
1995-02-10,3.2045798301696777,3.204579830169678,3.1417449315389,3.1626898977491593,243600
1995-02-13,3.2464683055877686,3.2883582192082557,3.225523348777525,3.225523348777525,264800
1995-02-14,3.2464683055877686,3.2464683055877686,3.1836334351570375,3.2464683055877686,137600
1995-02-15,3.3093013763427734,3.3302463217626648,3.22552159466321,3.2464665400831008,277200
1995-02-16,3.351193904876709,3.3721388667821888,3.3093039810657503,3.3093039810657503,477600
1995-02-17,3.4349727630615234,3.4349727630615234,3.351192939572218,3.351192939572218,261200
1995-02-21,3.4349727630615234,3.4349727630615234,3.4140278071891967,3.4349727630615234,92400
1995-02-22,3.4140267372131348,3.4349716865211906,3.3930817879050785,3.4140267372131343,214400
1995-02-23,3.455919027328491,3.455919027328491,3.3930841359225186,3.4349740635265005,348800
1995-02-24,3.4349727630615234,3.4559177189338497,3.4140278071891967,3.4559177189338497,281200
1995-02-27,3.455919027328491,3.455919027328491,3.4140290997245097,3.4349740635265005,381600
1995-02-28,3.497807025909424,3.497807025909424,3.4559171214075146,3.476862073658469,322400
1995-03-01,3.455919027328491,3.476863991130482,3.455919027328491,3.476863991130482,70800
1995-03-02,3.5187509059906006,3.5187509059906006,3.4559160683836256,3.4559160683836256,218800
1995-03-03,3.5187509059906006,3.5396958518595922,3.497805960121609,3.5187509059906006,259600
1995-03-06,3.497807025909424,3.5187519781603784,3.4559171214075146,3.5187519781603784,236400
1995-03-07,3.4349727630615234,3.518752586550829,3.4349727630615234,3.518752586550829,405200
1995-03-08,3.497807025909424,3.5396969304113335,3.43497216915656,3.4559171214075146,442800
1995-03-09,3.539698839187622,3.539698839187622,3.476863948551155,3.5187538756421333,179600
1995-03-10,3.455919027328491,3.518753918734464,3.455919027328491,3.518753918734464,170400
1995-03-13,3.476863145828247,3.497808104538056,3.4559181871184386,3.476863145828247,100800
1995-03-14,3.5187509059906006,3.5187509059906006,3.4768610142526173,3.4768610142526173,101600
1995-03-15,3.5606415271759033,3.5815864773357617,3.518751626856187,3.518751626856187,317200
1995-03-16,3.644422769546509,3.686312686437848,3.539697977318161,3.539697977318161,635600
1995-03-17,3.644422769546509,3.686312686437848,3.5606429357638305,3.623477811100839,492800
1995-03-20,3.5815889835357666,3.68631380761576,3.5396990539037696,3.623478913167764,426800
1995-03-21,3.5187509059906006,3.560640797728584,3.5187509059906006,3.560640797728584,159600
1995-03-22,3.5606415271759033,3.60253142749562,3.5396965770160453,3.5606415271759033,349200
1995-03-23,3.623474359512329,3.6444192980066203,3.5606395440294563,3.5815844825237475,279600
1995-03-24,3.5606415271759033,3.623476377655478,3.5396965770160453,3.623476377655478,696000
1995-03-27,3.6863114833831787,3.6863114833831787,3.5606417737223888,3.5815867253325204,314400
1995-03-28,3.7282016277313232,3.7282016277313232,3.686311721801758,3.686311721801758,268800
1995-03-29,3.7700912952423096,3.8119811985227794,3.7282013919618393,3.7282013919618393,458000
1995-03-30,3.937652111053467,3.937652111053467,3.7910374047908375,3.7910374047908375,414400
1995-03-31,4.126156806945801,4.168046723767586,3.9585971396586617,3.9585971396586617,1336800
1995-04-03,4.000483512878418,4.126153152026431,4.000483512878418,4.126153152026431,1253600
1995-04-04,3.937652111053467,4.000486985166022,3.916707153015948,4.000486985166022,666000
1995-04-05,3.9585976600646973,4.000487582393425,3.9167077377359707,3.937652698900334,1044800
1995-04-06,3.8329274654388428,3.9376522595765158,3.8329274654388423,3.9376522595765158,704000
1995-04-07,3.775042772293091,3.858932611677382,3.7750427722930913,3.8169876919852364,227600
1995-04-10,3.858933210372925,3.858933210372925,3.7540708948736605,3.7540708948736605,525600
1995-04-11,3.858933210372925,3.8799056734727775,3.816988284173219,3.8799056734727775,668400
1995-04-12,3.879906177520752,3.879906177520752,3.837961245871879,3.8589337116963156,110400
1995-04-13,3.858933210372925,3.942823062772336,3.858933210372925,3.9008781365726306,191600
1995-04-17,3.858933210372925,3.9008781365726306,3.858933210372925,3.8799056734727775,133200
1995-04-18,3.733097553253174,3.858932302239236,3.733097553253174,3.858932302239236,805200
1995-04-19,3.775042772293091,3.7750427722930913,3.712125392754873,3.7540703124470185,182400
1995-04-20,3.879906177520752,3.879906177520752,3.7750438483985693,3.7750438483985693,356000
1995-04-21,4.08962869644165,4.152546061002291,3.900876602759728,3.900876602759728,1894000
1995-04-24,3.9847683906555176,4.152548112367329,3.9847683906555176,4.110603181939376,940800
1995-04-25,3.9218509197235107,3.9637958493462224,3.9218509197235107,3.942823384534867,103200
1995-04-26,3.879906177520752,3.9428235749940614,3.837961245871879,3.9428235749940614,144000
1995-04-27,3.796015739440918,3.879905590036297,3.796015739440918,3.879905590036297,390800
1995-04-28,3.837961196899414,3.837961196899414,3.8169887313425868,3.837961196899414,266400
1995-05-01,3.858933210372925,3.8799056734727775,3.8379607472730717,3.858933210372925,529200
1995-05-02,3.858933210372925,3.858933210372925,3.816988284173219,3.858933210372925,406400
1995-05-03,3.858933210372925,3.9008781365726306,3.858933210372925,3.858933210372925,199600
1995-05-04,3.837961196899414,3.8589336624562414,3.8169887313425868,3.8589336624562414,215200
1995-05-05,3.796015739440918,3.8589331273874525,3.796015739440918,3.8169882020897625,289200
1995-05-08,3.796015739440918,3.8169882020897625,3.775043276792073,3.796015739440918,224000
1995-05-09,3.900876998901367,3.900876998901367,3.775042257001323,3.796014713984664,509200
1995-05-10,3.9847683906555176,3.9847683906555176,3.8799060645856356,3.8799060645856356,706400
1995-05-11,3.900876998901367,3.963794369851389,3.8799045419180263,3.963794369851389,222000
1995-05-12,3.879906177520752,3.9008786433451883,3.8589337116963156,3.9008786433451883,38800
1995-05-15,3.9428231716156006,3.9428231716156006,3.8799057805791817,3.9008782442579877,279600
1995-05-16,3.9218509197235107,3.984768314157578,3.9218509197235107,3.9637958493462224,43200
1995-05-17,3.900876998901367,3.9218494558847077,3.8799045419180263,3.9218494558847077,295600
1995-05-18,3.837961196899414,3.9008785935698964,3.7960162657857595,3.9008785935698964,107600
1995-05-19,3.858933210372925,3.858933210372925,3.8379607472730717,3.8379607472730717,130800
1995-05-22,3.8169891834259033,3.858934119507506,3.816989183425903,3.858934119507506,64000
1995-05-23,3.9428231716156006,3.963795635294407,3.8379608532215688,3.8379608532215688,340800
1995-05-24,4.08962869644165,4.08962869644165,3.921849057613275,3.942821512466822,449200
1995-05-25,4.068657398223877,4.110602319855051,4.026712476592703,4.04768493740829,798400
1995-05-26,4.005736827850342,4.068654160224955,3.9847643837254707,4.068654160224955,177600
1995-05-30,4.047684669494629,4.047684669494629,3.9847672912123286,3.9847672912123286,303600
1995-05-31,4.068657398223877,4.068657398223877,4.026712476592703,4.068657398223877,254800
1995-06-01,4.047684669494629,4.089629588349496,4.047684669494629,4.068657128922062,26000
1995-06-02,4.005736827850342,4.089626604349825,3.9847643837254707,4.068654160224955,201600
1995-06-05,4.026712417602539,4.026712417602539,4.0057399570941925,4.026712417602539,137600
1995-06-06,3.9637951850891113,4.0267125689794145,3.9428227237923434,4.0267125689794145,53200
1995-06-07,3.900876998901367,3.98476682683473,3.900876998901367,3.98476682683473,307600
1995-06-08,3.879906177520752,3.9008786433451883,3.8589337116963156,3.9008786433451883,242000
1995-06-09,3.879906177520752,3.9008786433451883,3.8589337116963156,3.879906177520752,652000
1995-06-12,3.858933210372925,3.8799056734727775,3.8379607472730717,3.8799056734727775,188000
1995-06-13,3.837961196899414,3.837961196899414,3.8169887313425868,3.8169887313425868,119200
1995-06-14,3.879906177520752,3.879906177520752,3.837961245871879,3.879906177520752,300400
1995-06-15,3.900876998901367,3.900876998901367,3.8379596279513453,3.8589320849346858,186800
1995-06-16,3.8169891834259033,3.9008790555891095,3.816989183425903,3.9008790555891095,190000
1995-06-19,3.8169891834259033,3.8379616514667045,3.754071779303498,3.796016715385101,399600
1995-06-20,3.5862925052642822,3.8379621547565126,3.5862925052642822,3.8379621547565126,788000
1995-06-21,3.5024001598358154,3.5862899840235,3.4814277037888943,3.5862899840235,494400
1995-06-22,3.4604568481445312,3.5024017796371925,3.3975394509055397,3.5024017796371925,762800
1995-06-23,3.565317392349243,3.5862898475983567,3.4814275713527905,3.4814275713527905,2558400
1995-06-26,3.5862925052642822,3.6072649760553013,3.5233750928912246,3.5443475636822437,352400
1995-06-27,3.628232479095459,3.649204921171155,3.56531515286837,3.56531515286837,496800
1995-06-28,3.523371934890747,3.6072617428643365,3.50239948289735,3.6072617428643365,1011200
1995-06-29,3.481429100036621,3.5233740289527247,3.4814291000366206,3.5233740289527247,250400
1995-06-30,3.6492085456848145,3.649208545684815,3.5024013053411727,3.5024013053411727,653600
1995-07-03,3.670179843902588,3.670179843902588,3.5862900188991,3.628234931400844,317600
1995-07-05,3.5443472862243652,3.6492096319706486,3.5443472862243657,3.6492096319706486,124000
1995-07-06,3.523371934890747,3.5443443868841444,3.50239948289735,3.523371934890747,680800
1995-07-07,3.523371934890747,3.523371934890747,3.50239948289735,3.523371934890747,272400
1995-07-10,3.439483880996704,3.56531865713073,3.4394838809967037,3.5443461944417254,638400
1995-07-11,3.4604568481445312,3.5443467111298532,3.355594519412879,3.439484382398201,582000
1995-07-12,3.5285048484802246,3.549507853530702,3.486498838379269,3.486498838379269,335600
1995-07-13,3.507502555847168,3.654523621062319,3.507502555847168,3.6125176024294188,817600
1995-07-14,3.486499547958374,3.549508575933525,3.465496538633323,3.528505566608475,286000
1995-07-17,3.507502555847168,3.528505565163618,3.465496537214268,3.4864995465307183,460400
1995-07-18,3.549509286880493,3.549509286880493,3.507503259816819,3.507503259816819,77600
1995-07-19,3.5285048484802246,3.549507853530702,3.486498838379269,3.5285048484802246,132000
1995-07-20,3.549509286880493,3.612518327476005,3.528506273348656,3.528506273348656,379200
1995-07-21,3.591515302658081,3.612518316123918,3.507503248794734,3.5495092757264075,248000
1995-07-24,3.612516403198242,3.633519405542418,3.5705103985098905,3.5705103985098905,176400
1995-07-25,3.6545238494873047,3.675526860116542,3.6335208388580673,3.6335208388580673,344000
1995-07-26,3.591515302658081,3.6335213295897546,3.591515302658081,3.6335213295897546,244000
1995-07-27,3.549509286880493,3.612518327476005,3.507503259816819,3.549509286880493,758000
1995-07-28,3.612516403198242,3.612516403198242,3.528504393821539,3.5705103985098905,111600
1995-07-31,3.633519172668457,3.6545221736665408,3.59151317067229,3.59151317067229,217200
1995-08-01,3.507502555847168,3.6125176024294188,3.4864995465307183,3.6125176024294188,532800
1995-08-02,3.507502555847168,3.528505565163618,3.4864995465307183,3.507502555847168,302000
1995-08-03,3.591515302658081,3.591515302658081,3.444494208397224,3.486500235328897,552400
1995-08-04,3.591515302658081,3.591515302658081,3.5495092757264075,3.591515302658081,558800
1995-08-07,3.612516403198242,3.633519405542418,3.5915134008540663,3.612516403198242,101600
1995-08-08,3.591515302658081,3.6545243430555914,3.591515302658081,3.6335213295897546,305200
1995-08-09,3.570512056350708,3.6335210926392496,3.570512056350708,3.6335210926392496,703200
1995-08-10,3.486499547958374,3.591514594583626,3.4864995479583736,3.5705115852585756,166000
1995-08-11,3.570512056350708,3.570512056350708,3.4654969958698048,3.4654969958698048,349600
1995-08-14,3.5285048484802246,3.5915138636316573,3.5285048484802246,3.5915138636316573,134400
1995-08-15,3.5285048484802246,3.5915138636316573,3.5285048484802246,3.5705108585811796,108800
1995-08-16,3.507502555847168,3.507502555847168,3.444493527897818,3.507502555847168,242000
1995-08-17,3.549509286880493,3.5705123004123305,3.4865002462849817,3.4865002462849817,371600
1995-08-18,3.633519172668457,3.696528175662708,3.549507168676123,3.549507168676123,542400
1995-08-21,3.633519172668457,3.696528175662708,3.6335191726684575,3.6755251746646245,575600
1995-08-22,3.717533588409424,3.7175335884094234,3.6545245445380776,3.6545245445380776,362400
1995-08-23,3.780540704727173,3.843549716472626,3.738534696896871,3.738534696896871,317600
1995-08-24,3.6965291500091553,3.7805411761457273,3.6755261434750124,3.7595381696115844,2007200
1995-08-25,3.6965291500091553,3.7175321565432986,3.6965291500091553,3.6965291500091553,160000
1995-08-28,3.717533588409424,3.7385366030332055,3.6755275591618597,3.6965305737856413,280000
1995-08-29,3.717533588409424,3.7385366030332055,3.6965305737856413,3.7175335884094234,56400
1995-08-30,3.8015451431274414,3.8015451431274414,3.7805421312869583,3.7805421312869583,290400
1995-08-31,3.906558036804199,3.9275610370020715,3.822546036012711,3.822546036012711,116800
1995-09-01,4.011573791503906,4.011573791503906,3.9275617749279084,3.9275617749279084,431200
1995-09-05,4.053580284118652,4.053580284118652,3.969568257504794,4.011574270811724,545200
1995-09-06,4.032577037811279,4.032577037811279,3.969568021595478,4.011574032406012,415600
1995-09-07,4.053580284118652,4.053580284118652,3.885556230890936,4.032577277465188,284000
1995-09-08,3.990571975708008,4.095587027700324,3.990571975708008,4.053581006903397,248000
1995-09-11,4.053580284118652,4.053580284118652,3.990571264158259,4.011574270811724,230800
1995-09-12,4.137594699859619,4.137594699859619,3.969570549611513,4.0325796059545524,312400
1995-09-13,4.074582576751709,4.116588582697602,4.053579573778761,4.116588582697602,547600
1995-09-14,4.09558629989624,4.09558629989624,3.9905712665655675,4.053580286563971,348000
1995-09-15,4.158596038818359,4.158596038818359,4.07458399763011,4.07458399763011,221200
1995-09-18,4.179601192474365,4.263613276745207,4.116592129271234,4.137595150338945,490000
1995-09-19,4.137594699859619,4.158597718640632,4.0325796059545524,4.137594699859619,504800
1995-09-20,4.032577037811279,4.116589059432347,4.032577037811279,4.116589059432347,284800
1995-09-21,4.053580284118652,4.074583290772117,3.990571264158259,4.074583290772117,451200
1995-09-22,3.9485650062561035,4.053580033018234,3.8855559901988252,4.053580033018234,143600
1995-09-25,3.885558605194092,3.927564644169163,3.8645555857065563,3.927564644169163,183200
1995-09-26,3.8015451431274414,3.885557190489374,3.8015451431274414,3.885557190489374,232000
1995-09-27,3.8645527362823486,3.8645527362823486,3.780540720276211,3.8225467282792795,229200
1995-09-28,3.780540704727173,4.011573747793833,3.780540704727173,3.9065587282180787,263600
1995-09-29,3.6545238494873047,3.7595389026334916,3.6545238494873047,3.7595389026334916,635600
1995-10-02,3.759538173675537,3.822547193346077,3.6545231408913046,3.675526147448151,548400
1995-10-03,3.8015451431274414,3.8225481549679245,3.738536107605992,3.738536107605992,304400
1995-10-04,3.8015451431274414,3.8015451431274414,3.738536107605992,3.7805421312869583,230800
1995-10-05,3.717533588409424,3.7805426322807696,3.6965305737856413,3.7805426322807696,76800
1995-10-06,3.738534927368164,3.738534927368164,3.696528916948297,3.696528916948297,259200
1995-10-09,3.6965291500091553,3.7595381696115844,3.6965291500091553,3.7595381696115844,48000
1995-10-10,3.612516403198242,3.6755254102307697,3.612516403198242,3.6755254102307697,109600
1995-10-11,3.591515302658081,3.6335213295897546,3.591515302658081,3.612518316123918,166000
1995-10-12,3.701723575592041,3.743788616223769,3.5965609740127213,3.6175934943285855,620000
1995-10-13,3.7227580547332764,3.7648231174986244,3.7017255233506026,3.7017255233506026,227200
1995-10-16,3.6806912422180176,3.7227562849862235,3.6386261994498112,3.7227562849862235,188800
1995-10-17,3.701723575592041,3.701723575592041,3.638626014644449,3.6596585349603132,398400
1995-10-18,3.5334644317626953,3.6806921164194746,3.5334644317626953,3.6596595900399347,1966400
1995-10-19,3.512432098388672,3.5755296809944563,3.512432098388672,3.512432098388672,1503600
1995-10-20,3.4493353366851807,3.533465466848234,3.449335336685181,3.533465466848234,333600
1995-10-23,3.3652045726776123,3.470367215573788,3.3652045726776123,3.470367215573788,608000
1995-10-24,3.323138475418091,3.365203519410725,3.302105953421774,3.365203519410725,1186800
1995-10-25,3.1759119033813477,3.323139607511609,3.175911903381348,3.323139607511609,658400
1995-10-26,3.1759119033813477,3.2390094908657456,3.154879374219882,3.196944432542814,439600
1995-10-27,3.2810747623443604,3.2810747623443604,3.175912109705118,3.175912109705118,352000
1995-10-30,3.3441734313964844,3.3652059687008644,3.323140894092104,3.323140894092104,646800
1995-10-31,3.3652045726776123,3.3862371012568477,3.3441720440983773,3.3652045726776123,314800
1995-11-01,3.3652045726776123,3.3862371012568477,3.3652045726776123,3.3652045726776123,390800
1995-11-02,3.323138475418091,3.365203519410725,3.323138475418091,3.344170997414408,42800
1995-11-03,3.3441734313964844,3.344173431396484,3.281075819483343,3.281075819483343,165600
1995-11-06,3.3021059036254883,3.3441709469837746,3.3021059036254883,3.3441709469837746,63600
1995-11-07,3.3862380981445312,3.3862380981445312,3.3231404938312794,3.3231404938312794,476400
1995-11-08,3.3652045726776123,3.3652045726776123,3.2810744583606724,3.3441720440983773,907200
1995-11-09,3.3862380981445312,3.470368237228868,3.3862380981445312,3.4283031676866993,1176400
1995-11-10,3.3021059036254883,3.386235990342061,3.3021059036254883,3.386235990342061,550000
1995-11-13,3.428300380706787,3.428300380706787,3.3231377923415484,3.3441703100145963,446800
1995-11-14,3.3441734313964844,3.4072710433096254,3.323140894092104,3.386238506005245,1045600
1995-11-15,3.3652045726776123,3.3862371012568477,3.3441720440983773,3.3441720440983773,228000
1995-11-16,3.6175942420959473,3.6596592914226442,3.3862364707991133,3.3862364707991133,1046400
1995-11-17,3.6386256217956543,3.6386256217956543,3.617593103750593,3.6386256217956543,906800
1995-11-20,3.491398811340332,3.638626472059503,3.491398811340332,3.638626472059503,585600
1995-11-21,3.5965631008148193,3.6175956335681225,3.4914004370483043,3.5124329698016075,363200
1995-11-22,3.6386256217956543,3.6386256217956543,3.5965605857055314,3.617593103750593,432800
1995-11-24,3.5755295753479004,3.638627156089334,3.5755295753479004,3.638627156089334,229200
1995-11-27,3.491398811340332,3.5124313343002136,3.4493337654205694,3.5124313343002136,851200
1995-11-28,3.5334644317626953,3.554496958142235,3.4913993790036155,3.4913993790036155,315200
1995-11-29,3.512432098388672,3.5544971534591947,3.512432098388672,3.5544971534591947,28800
1995-11-30,3.5334644317626953,3.554496958142235,3.4913993790036155,3.554496958142235,311200
1995-12-01,3.5544984340667725,3.5965635042924147,3.5334658989539514,3.5334658989539514,308400
1995-12-04,3.5755295753479004,3.5755295753479004,3.4493344138650333,3.5755295753479004,1056000
1995-12-05,3.6175942420959473,3.617594242095947,3.57552919276925,3.57552919276925,461200
1995-12-06,3.6596593856811523,3.6596593856811523,3.638626860476088,3.638626860476088,685200
1995-12-07,3.701723575592041,3.701723575592041,3.6596585349603132,3.6596585349603132,720400
1995-12-08,3.806887626647949,3.806887626647949,3.659659928379796,3.680692456703818,18838800
1995-12-11,3.9541170597076416,3.954117059707641,3.848954371949459,3.9120519846043686,5631200
1995-12-12,3.9541170597076416,3.9751495972592776,3.9120519846043686,3.954117059707641,2874000
1995-12-13,4.03824520111084,4.101342782378197,3.933082565665245,3.954115092754364,3176800
1995-12-14,3.9751477241516113,4.101342889997694,3.9751477241516113,4.059277834715667,2280000
1995-12-15,4.03824520111084,4.1854728907346725,3.954115092754364,4.164440363645554,1721200
1995-12-18,4.017212867736816,4.017212867736816,3.9120502272201456,3.996180339633482,974000
1995-12-19,4.080310344696045,4.080310344696045,3.954115179396167,4.017212762046106,876000
1995-12-20,4.05927848815918,4.185473674319569,4.05927848815918,4.0803110191859115,2001200
1995-12-21,4.05927848815918,4.122376081239374,4.038245957132449,4.05927848815918,1896800
1995-12-22,4.05927848815918,4.143408612266106,3.9961808950789854,4.101343550212643,1115600
1995-12-26,4.05927848815918,4.101343550212643,4.05927848815918,4.101343550212643,490800
1995-12-27,3.9961798191070557,4.05927739519822,3.9961798191070557,4.05927739519822,582000
1995-12-28,4.143407821655273,4.143407821655273,3.9751476055474453,3.9751476055474453,1150800
1995-12-29,4.03824520111084,4.164440363645554,3.996180146932602,4.164440363645554,677200
1996-01-02,4.101344585418701,4.122377121754182,4.05927951274774,4.08031204908322,579600
1996-01-03,4.017212867736816,4.122375508253487,3.954115283426814,4.122375508253487,1148000
1996-01-04,4.017212867736816,4.0803104520468185,3.996180339633482,4.017212867736816,1644000
1996-01-05,4.080310344696045,4.101342872246025,3.9961802344961264,3.9961802344961264,680800
1996-01-08,4.122375965118408,4.122375965118408,4.0803109042498535,4.0803109042498535,779200
1996-01-09,4.03824520111084,4.143407836556435,3.996180146932602,4.143407836556435,948400
1996-01-10,4.017212867736816,4.059277923943485,3.93308275532348,4.038245395840151,516400
1996-01-11,3.8959128856658936,3.9169718742370607,3.8327359199523925,3.9169718742370607,1618400
1996-01-12,3.9169697761535645,3.9169697761535645,3.874851821571268,3.874851821571268,555200
1996-01-15,3.8748533725738525,3.9590893154558926,3.8748533725738525,3.9590893154558926,1159200
1996-01-16,3.8748533725738525,3.9169713440148723,3.8537943868533424,3.8748533725738525,1683200
1996-01-17,3.8748533725738525,3.895912358294362,3.769558443971302,3.8748533725738525,2281600
1996-01-18,3.8959128856658936,3.8959128856658936,3.8537949085235597,3.874853897094727,504000
1996-01-19,3.8748533725738525,3.9380303297353825,3.8748533725738525,3.9169713440148723,803200
1996-01-22,3.9590916633605957,3.9590916633605957,3.8959146687325013,3.8959146687325013,545600
1996-01-23,3.8959128856658936,3.980148839950562,3.8959128856658936,3.9380308628082275,426400
1996-01-24,3.9590916633605957,4.022268657988691,3.8959146687325013,3.916973666941866,539600
1996-01-25,4.00120735168457,4.022266337746069,3.959089379561575,3.959089379561575,693600
1996-01-26,3.9590916633605957,3.9801506615699607,3.9590916633605957,3.9801506615699607,1880000
1996-01-29,4.043325901031494,4.043325901031494,3.9590899447600045,3.980148933827877,1636800
1996-01-30,4.064385414123535,4.064385414123535,4.022267430557489,4.043326422340511,970800
1996-01-31,4.106504440307617,4.1275634374374,4.022268451788487,4.064386446048052,650000
1996-02-01,4.190739154815674,4.253916126998824,4.127562182632523,4.127562182632523,2182400
1996-02-02,4.14862060546875,4.211797569003807,4.127561617623731,4.14862060546875,1204000
1996-02-05,4.106504440307617,4.148622434567183,4.085445443177835,4.106504440307617,923200
1996-02-06,4.064385414123535,4.1275623894726055,4.064385414123535,4.106503397689583,938400
1996-02-07,4.127562522888184,4.148621515351898,4.085444537960753,4.106503530424468,838800
1996-02-08,4.169680118560791,4.211798099556355,4.127562137565228,4.127562137565228,705600
1996-02-09,4.211797714233398,4.232856702804566,4.127561759948731,4.169679737091065,1770400
1996-02-12,4.401327610015869,4.485563545135791,4.148619804656106,4.211796755996048,4923200
1996-02-13,4.27497673034668,4.443448719719948,4.211799734331704,4.443448719719948,3442800
1996-02-14,4.422385215759277,4.46450317019508,4.29603135245187,4.29603135245187,1570000
1996-02-15,4.654036998748779,4.675095989693344,4.401329107414004,4.401329107414004,1637600
1996-02-16,4.548741817474365,4.801449696222941,4.485564847787222,4.801449696222941,2182000
1996-02-20,4.464505195617676,4.527682155933021,4.422387222074113,4.464505195617676,421200
1996-02-21,4.527684211730957,4.527684211730957,4.401330233729163,4.422389230062795,1553600
1996-02-22,4.5066237449646,4.548741723889503,4.443446776577246,4.5066237449646,1300800
1996-02-23,4.527684211730957,4.5487432080645895,4.422389230062795,4.485566219063692,660000
1996-02-26,4.443447113037109,4.485565095151205,4.422388121980061,4.464506104094157,556400
1996-02-27,4.443447113037109,4.464506104094157,4.380270139865965,4.401329130923013,532800
1996-02-28,4.317094326019287,4.52768429314218,4.317094326019287,4.443448306293023,2225600
1996-02-29,4.211797714233398,4.338151645660401,4.169679737091065,4.338151645660401,956000
1996-03-01,4.211797714233398,4.2749746799469,4.211797714233398,4.211797714233398,402800
1996-03-04,4.253914833068848,4.274973817390971,4.169678895780356,4.211796864424602,809200
1996-03-05,4.211797714233398,4.211797714233398,4.148620748519898,4.211797714233398,574000
1996-03-06,4.317094326019287,4.317094326019287,4.169681349033263,4.190740345745552,830000
1996-03-07,4.296034812927246,4.317093807108262,4.253916824565215,4.296034812927246,1132000
1996-03-08,4.190739154815674,4.232857136271107,4.169680164087956,4.169680164087956,278400
1996-03-11,4.14862060546875,4.169679593313769,4.106502629778712,4.169679593313769,1366400
1996-03-12,4.127562522888184,4.148621515351898,4.106503530424468,4.127562522888184,1108400
1996-03-13,4.169680118560791,4.169680118560791,4.127562137565228,4.127562137565228,1038800
1996-03-14,4.253914833068848,4.317091786035217,4.211796864424602,4.211796864424602,2724800
1996-03-15,4.08544397354126,4.211797910867278,4.043325994432587,4.211797910867278,1051600
1996-03-18,4.296034812927246,4.296034812927246,4.085444871117087,4.1065038652981025,4547200
1996-03-19,4.27497673034668,4.338153726361655,4.27497673034668,4.296035729018338,473600
1996-03-20,4.169680118560791,4.2960340615474815,4.169680118560791,4.2960340615474815,223600
1996-03-21,4.127562522888184,4.232857485206759,4.127562522888184,4.169680507815614,936800
1996-03-22,4.106504440307617,4.169681431696965,4.106504440307617,4.148622434567183,1019600
1996-03-25,4.2328572273254395,4.2328572273254395,4.085444289060375,4.085444289060375,907200
1996-03-26,4.253914833068848,4.253914833068848,4.211796864424602,4.232855848746724,216800
1996-03-27,4.401327610015869,4.4434455775758295,4.3170916748959485,4.380268626235889,1842000
1996-03-28,4.485566139221191,4.485566139221191,4.401330155386052,4.401330155386052,1270000
1996-03-29,4.443447113037109,4.464506104094157,4.422388121980061,4.443447113037109,1343600
1996-04-01,4.5066237449646,4.5066237449646,4.422387787114794,4.443446776577246,752800
1996-04-02,4.611921310424805,4.632980311842269,4.485567301920016,4.527685304754946,1116400
1996-04-03,4.6750969886779785,4.696155984122474,4.527684020566511,4.569802011455502,1519600
1996-04-04,4.632978916168213,4.675096906315196,4.5487429358742455,4.675096906315196,796800
1996-04-08,4.5908613204956055,4.611920317378613,4.464507339197562,4.611920317378613,1262800
1996-04-09,4.632978916168213,4.654037911241705,4.590860926021229,4.590860926021229,923200
1996-04-10,4.6750969886779785,4.696155984122474,4.569802011455502,4.590861006899997,1358000
1996-04-11,4.637991905212402,4.68015546798706,4.616910123825073,4.637991905212402,932000
1996-04-12,4.490419864654541,4.637992348469479,4.448256297850273,4.637992348469479,1120000
1996-04-15,4.553664207458496,4.57474598619673,4.427173535029094,4.448255313767327,948000
1996-04-16,4.553664207458496,4.57474598619673,4.511500649982029,4.57474598619673,846000
1996-04-17,4.511502742767334,4.553666319802542,4.490420954249729,4.553666319802542,1494800
1996-04-18,4.406092643737793,4.5115015586597496,4.385010860753401,4.5115015586597496,1113200
1996-04-19,4.490419864654541,4.511501648056675,4.385010947643871,4.385010947643871,884400
1996-04-22,4.595826625823975,4.659071946362836,4.490417758259205,4.490417758259205,2457600
1996-04-23,4.659071922302246,4.722317242514493,4.574744828685915,4.680153695706329,1053200
1996-04-24,4.743401050567627,4.8277281803554954,4.6590739207797585,4.6590739207797585,1069200
1996-04-25,4.680155277252197,4.722318838308523,4.680155277252197,4.70123705778036,536800
1996-04-26,4.574746608734131,4.68015551676948,4.574746608734131,4.63799195355534,486400
1996-04-29,4.574746608734131,4.63799195355534,4.532583045519992,4.532583045519992,705200
1996-04-30,4.469338417053223,4.637992696942024,4.448256632067123,4.595829126969823,779600
1996-05-01,4.385010719299316,4.553664977733906,4.385010719299316,4.469337848516611,808400
1996-05-02,4.427171230316162,4.448252998079572,4.363925927025931,4.427171230316162,373600
1996-05-03,4.469338417053223,4.469338417053223,4.406093062094922,4.469338417053223,680000
1996-05-06,4.427171230316162,4.490416533606393,4.427171230316162,4.448252998079572,504400
1996-05-07,4.195274829864502,4.490419792769543,4.132029480670565,4.469338009704897,1395600
1996-05-08,4.2163567543029785,4.279602105617523,4.174193186759949,4.2163567543029785,620400
1996-05-09,4.30068302154541,4.30068302154541,4.216355903475892,4.216355903475892,332000
1996-05-10,4.258517265319824,4.3217625712404155,4.21635372803943,4.300680802600218,818400
1996-05-13,4.2163567543029785,4.258520321846008,4.195274970531464,4.2163567543029785,796000
1996-05-14,4.153111457824707,4.237438594024193,4.153111457824707,4.216356809974322,1208800
1996-05-15,4.258517265319824,4.258517265319824,4.110944884838444,4.1741901907590355,2372400
1996-05-16,4.237438678741455,4.279602247684156,4.216356894270104,4.279602247684156,379600
1996-05-17,4.2163567543029785,4.237438538074493,4.174193186759949,4.2163567543029785,1017600
1996-05-20,4.27960205078125,4.300683834282635,4.216356700277093,4.216356700277093,425600
1996-05-21,4.342845916748047,4.363927693042941,4.258518811568473,4.258518811568473,2660400
1996-05-22,4.385010719299316,4.385010719299316,4.342847154690669,4.342847154690669,552000
1996-05-23,4.427171230316162,4.553661836896624,4.406089462552751,4.427171230316162,1154800
1996-05-24,4.385010719299316,4.40609250160364,4.342847154690669,4.385010719299316,1701200
1996-05-28,4.342845916748047,4.4060912456327275,4.290141476010813,4.4060912456327275,554000
1996-05-29,4.30068302154541,4.321764801062789,4.258519462510651,4.321764801062789,613600
1996-05-30,4.258517265319824,4.300680802600218,4.21635372803943,4.300680802600218,604000
1996-05-31,4.258517265319824,4.300680802600218,4.21635372803943,4.279599033960022,493200
1996-06-03,4.258517265319824,4.258517265319824,4.237435496679627,4.258517265319824,211200
1996-06-04,4.30068302154541,4.363928360097549,4.30068302154541,4.321764801062789,654800
1996-06-05,4.342845916748047,4.363927693042941,4.321764140453154,4.342845916748047,679600
1996-06-06,4.237438678741455,4.3428476010982076,4.216356894270104,4.3428476010982076,278800
1996-06-07,4.27960205078125,4.27960205078125,4.153111349772937,4.195274916775708,702800
1996-06-10,4.258517265319824,4.279599033960022,4.258517265319824,4.279599033960022,241200
1996-06-11,4.258517265319824,4.300680802600218,4.237435496679627,4.258517265319824,761600
1996-06-12,4.237438678741455,4.258520463212806,4.216356894270104,4.258520463212806,1385200
1996-06-13,4.174192905426025,4.237438252477935,4.110947558374116,4.237438252477935,985600
1996-06-14,4.153111457824707,4.195275025924451,4.153111457824707,4.174193241874579,1093200
1996-06-17,4.0898661613464355,4.13202973002011,4.0898661613464355,4.1109479456832725,586400
1996-06-18,4.026620388031006,4.132029298712446,4.026620388031006,4.047702170167294,1450000
1996-06-19,4.0898661613464355,4.153111514356947,4.068784377009599,4.068784377009599,1416800
1996-06-20,4.1109490394592285,4.132030829405173,4.089867249513284,4.1109490394592285,1258400
1996-06-21,4.047702312469482,4.110947661101818,4.047702312469482,4.110947661101818,650800
1996-06-24,4.047702312469482,4.089865878224373,4.026620529592037,4.068784095346928,948000
1996-06-25,4.153111457824707,4.216356809974322,4.026620753525477,4.068784321625221,2754000
1996-06-26,4.469338417053223,4.469338417053223,4.195275212233922,4.195275212233922,5256400
1996-06-27,4.553664207458496,4.553664207458496,4.40609175629086,4.448255313767327,4884000
1996-06-28,4.701238632202148,4.701238632202148,4.574747906672046,4.595829694260397,5409200
1996-07-01,4.912055015563965,4.912055015563965,4.65907364137183,4.701237203737185,3778800
1996-07-02,4.869893550872803,4.890975341136321,4.806648180082247,4.827729970345765,2342000
1996-07-03,4.869893550872803,4.869893550872803,4.806648180082247,4.806648180082247,1392000
1996-07-05,4.912055015563965,4.933136796746643,4.806646109650575,4.869891453198609,753600
1996-07-08,4.890974044799805,4.933137614151527,4.848810475448082,4.890974044799805,924800
1996-07-09,5.05962610244751,5.101789653301239,4.890971899032593,4.890971899032593,2440800
1996-07-10,5.10178804397583,5.16503335030611,5.038542737645551,5.0596245064223115,3225600
1996-07-11,4.853625297546387,5.127960640451183,4.811419860176418,5.043549765711245,3954400
1996-07-12,4.832521915435791,4.87472734701165,4.811419199647862,4.832521915435791,1191200
1996-07-15,4.81141996383667,4.959138997814112,4.790317244697036,4.81141996383667,1718400
1996-07-16,4.494879722595215,4.790317826427764,4.43157155748824,4.769215104725439,1854400
1996-07-17,4.515979290008545,4.705903652672456,4.515979290008545,4.515979290008545,2270000
1996-07-18,4.537081718444824,4.60038983544638,4.494876307110454,4.558184424112009,990400
1996-07-19,4.515979290008545,4.537081996971201,4.4948765830458886,4.515979290008545,1322800
1996-07-22,4.452670097351074,4.515978203000616,4.431567395467894,4.515978203000616,1101600
1996-07-23,4.600391387939453,4.600391387939453,4.410466972841035,4.473775111207175,2303200
1996-07-24,4.473775386810303,4.558186243165214,4.473775386810303,4.558186243165214,327600
1996-07-25,4.304952621459961,4.57928783753339,4.304952621459961,4.473774292889764,762800
1996-07-26,4.410467147827148,4.431569861453116,4.32605629332328,4.32605629332328,462800
1996-07-29,4.389363765716553,4.410466476128652,4.347158344892355,4.389363765716553,676800
1996-07-30,4.262747764587402,4.4104667465285505,4.220542341175646,4.368261323116794,1988800
1996-07-31,4.220543384552002,4.262748818397522,4.136132516860962,4.262748818397522,1733600
1996-08-01,4.262747764587402,4.304953187999159,4.220542341175646,4.220542341175646,1422800
1996-08-02,4.368257999420166,4.368257999420166,4.262744521173302,4.262744521173302,1042800
1996-08-05,4.452670097351074,4.452670097351074,4.283848482285631,4.3682592898183525,503200
1996-08-06,4.494879722595215,4.494879722595215,4.3893661140835905,4.452674279190565,495200
1996-08-07,4.621491432189941,4.621491432189941,4.55818333037912,4.55818333037912,1542800
1996-08-08,4.621491432189941,4.6425941327935485,4.55818333037912,4.621491432189941,767600
1996-08-09,4.537081718444824,4.6425952467807505,4.537081718444824,4.6425952467807505,634400
1996-08-12,4.473775386810303,4.558186243165214,4.473775386810303,4.558186243165214,167600
1996-08-13,4.473775386810303,4.515980814987758,4.473775386810303,4.49487810089903,389600
1996-08-14,4.494879722595215,4.494879722595215,4.47377700089289,4.47377700089289,333200
1996-08-15,4.5581841468811035,4.5581841468811035,4.473773329346268,4.473773329346268,331600
1996-08-16,4.537081718444824,4.537081718444824,4.473773601443269,4.515979012777639,329600
1996-08-19,4.579287528991699,4.579287528991699,4.473773991457328,4.494876698964203,339200
1996-08-20,4.5581841468811035,4.600389555648521,4.515978738113685,4.600389555648521,928800
1996-08-21,4.494879722595215,4.537085165999865,4.452674279190565,4.537085165999865,837600
1996-08-22,4.494879722595215,4.51598244429754,4.452674279190565,4.494879722595215,433200
1996-08-23,4.473775386810303,4.49487810089903,4.4315699586328465,4.452672672721575,228800
1996-08-26,4.494879722595215,4.494879722595215,4.43157155748824,4.47377700089289,488000
1996-08-27,4.389363765716553,4.473774607364947,4.389363765716553,4.473774607364947,669600
1996-08-28,4.368257999420166,4.389360695069539,4.368257999420166,4.389360695069539,392800
1996-08-29,4.368257999420166,4.389360695069539,4.347155303770793,4.368257999420166,499200
1996-08-30,4.368257999420166,4.368257999420166,4.304949912472048,4.347155303770793,160800
1996-09-03,4.4315690994262695,4.452671809423538,4.3893636794317334,4.3893636794317334,1298800
1996-09-04,4.368257999420166,4.4104633907189115,4.326052608121421,4.4104633907189115,356400
1996-09-05,4.3471574783325195,4.389362890743515,4.304952065921524,4.3471574783325195,382800
1996-09-06,4.368257999420166,4.452668782017657,4.262744521173302,4.347155303770793,2431600
1996-09-09,4.389363765716553,4.410466476128652,4.326055634480256,4.368261055304454,501200
1996-09-10,4.368257999420166,4.4104633907189115,4.368257999420166,4.389360695069539,488400
1996-09-11,4.4315690994262695,4.494877229418074,4.368260969434465,4.368260969434465,1305600
1996-09-12,4.262747764587402,4.4104667465285505,4.241645052881524,4.4104667465285505,1240800
1996-09-13,4.136130332946777,4.262746567628821,4.136130332946777,4.262746567628821,1250400
1996-09-16,4.0939249992370605,4.136130411600329,4.072822293055426,4.136130411600329,1839600
1996-09-17,3.9673092365264893,4.009514653936345,3.8617956930018487,3.9673092365264893,3505600
1996-09-18,4.051720142364502,4.115028269588947,3.9673093060652413,3.9884120151400566,2286800
1996-09-19,4.072822570800781,4.115027986042239,4.030617155559322,4.030617155559322,2160800
1996-09-20,4.072822570800781,4.115027986042239,4.072822570800781,4.072822570800781,601200
1996-09-23,4.072822570800781,4.09392527842151,4.051719863180051,4.09392527842151,1021600
1996-09-24,3.9884119033813477,4.093925445798844,3.9462064864143493,4.051720028831845,1552000
1996-09-25,4.051720142364502,4.051720142364502,3.904001178840796,3.9884120151400566,1691200
1996-09-26,4.136130332946777,4.157233038727118,4.072822215605755,4.072822215605755,856400
1996-09-27,4.072822570800781,4.115027986042239,4.051719863180051,4.09392527842151,1036000
1996-09-30,4.19943904876709,4.19943904876709,4.0517200872526695,4.0517200872526695,1134400
1996-10-01,4.262747764587402,4.262747764587402,4.220542341175646,4.220542341175646,956400
1996-10-02,4.304952621459961,4.326055330388686,4.2416444946737855,4.26274720360251,774800
1996-10-03,4.241645336151123,4.304953475496662,4.241645336151123,4.304953475496662,691600
1996-10-04,4.241645336151123,4.326056188611841,4.241645336151123,4.2838507623814825,592000
1996-10-07,4.326056003570557,4.347158715783096,4.220542442507861,4.241645154720399,1552000
1996-10-08,4.304952621459961,4.368260748246137,4.2838499125312355,4.326055330388686,1220000
1996-10-09,4.262747764587402,4.304953187999159,4.220542341175646,4.304953187999159,772800
1996-10-10,4.056540489196777,4.204435194532077,4.014284859100978,4.204435194532077,2254800
1996-10-11,4.014284610748291,4.098795865711413,4.014284610748291,4.056540238229852,1258800
1996-10-14,3.9509024620056152,4.035413744615361,3.9297746413531787,4.014285923962924,2306000
1996-10-15,4.056540489196777,4.056540489196777,3.9509014139572782,3.972029229005178,1424800
1996-10-16,4.119922637939453,4.119922637939453,4.035411404340695,4.056539212740384,1880000
1996-10-17,4.225562572479248,4.225562572479248,4.141051321029663,4.162179133892059,1636400
1996-10-18,4.310074329376221,4.3312021447163005,4.2044352526758235,4.225563068015903,1060800
1996-10-21,4.225562572479248,4.310073823928833,4.225562572479248,4.288946011066437,722000
1996-10-22,4.18330717086792,4.267818426845049,4.162179356873637,4.225562798856484,1494400
1996-10-23,4.056540489196777,4.162179564436277,4.035412674148878,4.162179564436277,2842800
1996-10-24,4.098794937133789,4.119922746088087,4.056539319225193,4.077667128179491,1593200
1996-10-25,4.204433917999268,4.204433917999268,4.119922683466619,4.119922683466619,1020000
1996-10-28,4.119922637939453,4.183306063138521,4.119922637939453,4.162178254738832,995600
1996-10-29,4.1621785163879395,4.1621785163879395,4.077667277476509,4.119922896932224,1533600
1996-10-30,4.310074329376221,4.310074329376221,4.162179621995664,4.162179621995664,3300400
1996-10-31,4.352330684661865,4.415714141234611,4.310075046946701,4.310075046946701,1713200
1996-11-01,4.24669075012207,4.373457638185416,4.225562935444846,4.3523298235081915,1226800
1996-11-04,4.18330717086792,4.246690612850767,4.18330717086792,4.225562798856484,1135200
1996-11-05,4.204433917999268,4.22556172663243,4.1833061093661055,4.22556172663243,730800
1996-11-06,4.141051769256592,4.204435214704397,4.141051769256592,4.204435214704397,395600
1996-11-07,4.056540489196777,4.098796119292578,4.056540489196777,4.056540489196777,1647200
1996-11-08,4.1621785163879395,4.1621785163879395,4.056539467748651,4.098795087204366,1212400
1996-11-11,4.225562572479248,4.246690385341644,4.162179133892059,4.183306946754455,1075600
1996-11-12,4.225562572479248,4.310073823928833,4.225562572479248,4.267818198204041,1186400
1996-11-13,4.24669075012207,4.24669075012207,4.225562935444846,4.24669075012207,1387200
1996-11-14,4.267817497253418,4.267817497253418,4.246689687861075,4.246689687861075,2227200
1996-11-15,4.225562572479248,4.288946011066437,4.204434759616852,4.246690385341644,1321600
1996-11-18,4.225562572479248,4.225562572479248,4.183306946754455,4.225562572479248,682000
1996-11-19,4.331201553344727,4.331201553344727,4.204434678612686,4.225562491068026,2281600
1996-11-20,4.584733486175537,4.584733486175537,4.43683885758923,4.563605682091779,3805200
1996-11-21,4.479095935821533,4.584734990911664,4.457968124803507,4.584734990911664,1956000
1996-11-22,4.711502552032471,4.732630366167145,4.479096596551048,4.500224410685723,2746800
1996-11-25,4.753758907318115,4.796014542049831,4.648119820488823,4.753758907318115,1406000
1996-11-26,4.6481194496154785,4.73263071233576,4.626991633935408,4.7115028966556896,826800
1996-11-27,4.521352767944336,4.648119667980158,4.521352767944336,4.605864034634884,727600
1996-11-29,4.500225067138672,4.5424807015718995,4.500225067138672,4.521352884355285,344000
1996-12-02,4.436838626861572,4.5424776417868475,4.415710823876517,4.521349838801792,908800
1996-12-03,4.5636067390441895,4.5636067390441895,4.436839885181851,4.457967694158907,1007200
1996-12-04,4.394585609436035,4.521352502015921,4.28894653228613,4.521352502015921,1232400
1996-12-05,4.479095935821533,4.479095935821533,4.436840313785481,4.436840313785481,914400
1996-12-06,4.373456954956055,4.4368403890858525,4.373456954956055,4.4368403890858525,239600
1996-12-09,4.331201553344727,4.373457178255407,4.225562491068026,4.331201553344727,2831200
1996-12-10,4.394585609436035,4.457969055725978,4.352329978576073,4.436841240295997,1900000
1996-12-11,4.267817497253418,4.39458435360748,4.225561878468731,4.39458435360748,550400
1996-12-12,4.225562572479248,4.33120163679123,4.225562572479248,4.310073823928833,944800
1996-12-13,4.225562572479248,4.267818198204041,4.162179133892059,4.225562572479248,1152000
1996-12-16,4.288945198059082,4.352328624631384,4.267817389201649,4.267817389201649,1024800
1996-12-17,4.373456954956055,4.394584766332653,4.267817898073058,4.310073520826257,898400
1996-12-18,4.352330684661865,4.436841960092193,4.331202865804284,4.3945863223770285,1152400
1996-12-19,4.352330684661865,4.3945863223770285,4.310075046946701,4.352330684661865,2370000
1996-12-20,4.352330684661865,4.415714141234611,4.310075046946701,4.310075046946701,416400
1996-12-23,4.373456954956055,4.521351634592249,4.373456954956055,4.457968200462451,661600
1996-12-24,4.373456954956055,4.415712577709253,4.352329143579455,4.415712577709253,219200
1996-12-26,4.373456954956055,4.415712577709253,4.373456954956055,4.394584766332653,368000
1996-12-27,4.479095935821533,4.542479368875612,4.373456880731403,4.373456880731403,616400
1996-12-30,4.436838626861572,4.500222035816737,4.394583020891462,4.479094232831682,1130000
1996-12-31,4.267817497253418,4.436839972392168,4.183306259684044,4.436839972392168,1435600
1997-01-02,4.1621785163879395,4.225561945571512,4.1621785163879395,4.225561945571512,1285600
1997-01-03,4.225562572479248,4.246690385341644,4.183306946754455,4.183306946754455,860000
1997-01-06,4.267817497253418,4.288945306645762,4.204434069076387,4.246689687861075,1424800
1997-01-07,4.310074329376221,4.3312021447163005,4.225563068015903,4.267818698696062,1248400
1997-01-08,4.288945198059082,4.352328624631384,4.246689580344214,4.288945198059082,1650400
1997-01-09,4.352330684661865,4.3945863223770285,4.267819409231538,4.288947228089119,2256800
1997-01-10,4.500225067138672,4.500225067138672,4.288946894972537,4.3100747121891505,2746000
1997-01-13,4.484146595001221,4.568753134529546,4.46299496011914,4.484146595001221,1457600
1997-01-14,4.441845417022705,4.484148706708635,4.42069377217974,4.484148706708635,817200
1997-01-15,4.462995529174805,4.484147166753832,4.399540616437722,4.441843891595777,1473600
1997-01-16,4.484146595001221,4.526449864765383,4.46299496011914,4.46299496011914,1504000
1997-01-17,4.441845417022705,4.547603641237531,4.441845417022705,4.5053003515516,1328000
1997-01-20,4.209177494049072,4.462997242433941,4.188025848350333,4.462997242433941,3205200
1997-01-21,4.14572286605835,4.188026160609965,4.082267924230926,4.188026160609965,5821600
1997-01-22,4.082266807556152,4.23032829798565,4.082266807556152,4.145721732025937,4841600
1997-01-23,4.0188117027282715,4.145721545972322,3.997660062187596,4.103418264890972,4544000
1997-01-24,3.997662305831909,4.061117263067336,3.9765106534201,4.018813958243718,1410000
1997-01-27,3.976511001586914,4.039965964378195,3.9553593473231543,4.0188143101144345,1593600
1997-01-28,3.976511001586914,4.061117618641955,3.9553593473231543,4.0188143101144345,2160000
1997-01-29,3.8919029235839844,3.9976611552031143,3.80729633828868,3.9976611552031143,760800
1997-01-30,3.955357551574707,3.955357551574707,3.891902617592225,3.891902617592225,3844400
1997-01-31,3.934206485748291,3.955358133521131,3.89190319020261,3.934206485748291,2356000
1997-02-03,3.870753049850464,3.9765113299010233,3.849601393840352,3.9765113299010233,1014400
1997-02-04,3.722691535949707,3.870753131129525,3.7226915359497075,3.870753131129525,2916000
1997-02-05,3.8284475803375244,3.891902512608312,3.7649926480667366,3.7649926480667366,2352800
1997-02-06,3.7649924755096436,3.8707506911138467,3.764992475509643,3.8072957617513246,1579600
1997-02-07,3.5957794189453125,3.828447498994715,3.574627775304458,3.8072958553538605,2427600
1997-02-10,3.4054155349731445,3.638083677114167,3.3842638856875973,3.595780378543072,6024000
1997-02-11,3.511171817779541,3.5323234552360443,3.426565267953528,3.426565267953528,2859600
1997-02-12,3.5746288299560547,3.6592354294816416,3.511173880311864,3.532325530193261,2171200
1997-02-13,3.5746288299560547,3.6803870793630384,3.553477180074658,3.6803870793630384,1607200
1997-02-14,3.553475856781006,3.680385708808899,3.532324214776357,3.6380824247996015,2410400
1997-02-18,3.5746288299560547,3.6803870793630384,3.5746288299560547,3.6169321297188484,1843200
1997-02-19,3.5746288299560547,3.5957804798374515,3.511173880311864,3.5746288299560547,2238800
1997-02-20,3.490021228790283,3.5534761602228335,3.468869584979433,3.5111728726011333,1568400
1997-02-21,3.553475856781006,3.574627498785655,3.4688692887624106,3.4900209307670593,1307200
1997-02-24,3.511171817779541,3.5534750926925476,3.4900201803230377,3.5534750926925476,1454000
1997-02-25,3.4477198123931885,3.5746297441377233,3.405416501811677,3.5323264335562117,1583600
1997-02-26,3.4265670776367188,3.5534769694010415,3.384263780381944,3.49002202351888,9968800
1997-02-27,3.4054155349731445,3.468870482829787,3.3631122364020496,3.4265671842586922,1795200
1997-02-28,3.4265670776367188,3.447718726264106,3.363112131754557,3.447718726264106,1148000
1997-03-03,3.4054155349731445,3.44771883354424,3.3842638856875973,3.3842638856875973,1346000
1997-03-04,3.511171817779541,3.511171817779541,3.4054136304970246,3.4054136304970246,1754000
1997-03-05,3.5323245525360107,3.595779484617496,3.511172908508849,3.511172908508849,1204800
1997-03-06,3.616931915283203,3.63808356391059,3.468870374891493,3.5323253207736545,1808800
1997-03-07,3.5746288299560547,3.6380837796002448,3.532325530193261,3.5957804798374515,1279600
1997-03-10,3.659233570098877,3.6592335700988774,3.574627013564799,3.6169302918318382,1359600
1997-03-11,3.553475856781006,3.6592340668042502,3.532324214776357,3.6592340668042502,806000
1997-03-12,3.490021228790283,3.5323245164119834,3.4477179411685825,3.5323245164119834,626000
1997-03-13,3.5323245525360107,3.5746278405903347,3.4900212644816877,3.4900212644816877,932400
1997-03-14,3.553475856781006,3.574627498785655,3.532324214776357,3.553475856781006,630400
1997-03-17,3.5323245525360107,3.5746278405903347,3.5323245525360107,3.5323245525360107,695200
1997-03-18,3.553475856781006,3.5957791407903037,3.5111725727717085,3.553475856781006,1374400
1997-03-19,3.5746288299560547,3.5957804798374515,3.553477180074658,3.553477180074658,869200
1997-03-20,3.5957794189453125,3.5957794189453125,3.553476131663603,3.574627775304458,834400
1997-03-21,3.5746288299560547,3.6169321297188484,3.553477180074658,3.6169321297188484,673600
1997-03-24,3.553475856781006,3.5957791407903037,3.553475856781006,3.574627498785655,510800
1997-03-25,3.511171817779541,3.574626730149051,3.511171817779541,3.574626730149051,868400
1997-03-26,3.5746288299560547,3.5746288299560547,3.532325530193261,3.532325530193261,832400
1997-03-27,3.5323245525360107,3.6169311286446577,3.5323245525360107,3.595779484617496,817600
1997-03-31,3.511171817779541,3.595778367605554,3.511171817779541,3.5323234552360443,550400
1997-04-01,3.553475856781006,3.6380824247996015,3.5111725727717085,3.5111725727717085,1957600
1997-04-02,3.3208088874816895,3.553477026095056,3.320808887481689,3.553477026095056,1869600
1997-04-03,3.3208088874816895,3.384263834376244,3.2996572385168377,3.341960536446541,1580400
1997-04-04,3.257352590560913,3.3208075111562554,3.2362009503624654,3.3208075111562554,1441200
1997-04-07,3.1515963077545166,3.2785062261875844,3.1515963077545166,3.2785062261875844,760800
1997-04-08,3.109290838241577,3.151594114952347,3.0458359231754226,3.151594114952347,2062400
1997-04-09,3.1938977241516113,3.236201005266202,3.15159444303702,3.1938977241516113,1728800
1997-04-10,3.066988468170166,3.1727466912105164,3.045836823562096,3.1727466912105164,1031200
1997-04-11,2.966139316558838,3.093259572982788,2.966139316558838,3.0720728635787964,1359200
1997-04-14,3.072073221206665,3.1144466449474466,3.0085130855954927,3.0085130855954927,875200
1997-04-15,3.093259334564209,3.1144460423351963,3.0508859190222335,3.072072626793221,1592400
1997-04-16,3.156820774078369,3.1991942072874746,3.0932606242647105,3.0932606242647105,1586400
1997-04-17,3.1356329917907715,3.1991931200027466,3.1356329917907715,3.178006410598755,1415600
1997-04-18,3.1144466400146484,3.1144466400146484,3.0508865045041453,3.093259928177814,1388000
1997-04-21,3.156820774078369,3.1991942072874746,3.135634057473816,3.156820774078369,1125600
1997-04-22,3.241565704345703,3.241565704345703,3.1144454806458715,3.1780055924957873,909600
1997-04-23,3.199193000793457,3.2415664180225097,3.1356328749498785,3.2415664180225097,882800
1997-04-24,3.178008556365967,3.241568727493286,3.1568218326568602,3.2203820037841795,1203200
1997-04-25,3.1356329917907715,3.2203798294067383,3.1356329917907715,3.2203798294067383,542400
1997-04-28,3.0508859157562256,3.1568194544977612,3.029699208007919,3.1568194544977612,908400
1997-04-29,3.22038197517395,3.2415686986948318,3.072074910527782,3.072074910527782,782000
1997-04-30,3.156820774078369,3.2203809238920273,3.135634057473816,3.2203809238920273,415200
1997-05-01,3.178008556365967,3.1991952800750734,3.1568218326568602,3.178008556365967,746800
1997-05-02,3.2627527713775635,3.2627527713775635,3.1568192398393307,3.1991926524546237,1359600
1997-05-05,3.3263142108917236,3.3263142108917236,3.220380637296446,3.305127496172668,2642800
1997-05-06,3.283940553665161,3.326313980164066,3.283940553665161,3.3051272669146137,1274800
1997-05-07,3.4110617637634277,3.432248482793014,3.305128168615495,3.305128168615495,2136800
1997-05-08,3.516993761062622,3.580553889274597,3.4322469234466553,3.4322469234466553,1599200
1997-05-09,3.495806932449341,3.6229271845384075,3.4958069324493404,3.559367058493874,1685600
1997-05-12,3.6653006076812744,3.6864873163961955,3.538180355391751,3.5593670641066715,1002800
1997-05-13,3.538179874420166,3.686486815264125,3.538179874420166,3.6441134035944223,537200
1997-05-14,3.559366226196289,3.6017396336510066,3.516992818741571,3.53817952246893,814000
1997-05-15,3.516993761062622,3.580553889274597,3.516993761062622,3.5593671798706055,700000
1997-05-16,3.495806932449341,3.5381803498123627,3.4958069324493404,3.4958069324493404,333200
1997-05-19,3.516993761062622,3.5381804704666138,3.4746203422546387,3.4958070516586304,552400
1997-05-20,3.516993761062622,3.5381804704666138,3.4322469234466553,3.516993761062622,1147600
1997-05-21,3.516993761062622,3.516993761062622,3.453433632850647,3.4958070516586304,718000
1997-05-22,3.6017415523529053,3.6441149823805863,3.559368122325224,3.559368122325224,1252400
1997-05-23,3.5805552005767822,3.622928634903135,3.559368483413606,3.622928634903135,392400
1997-05-27,3.495806932449341,3.6229271845384075,3.4746202237678294,3.6229271845384075,668400
1997-05-28,3.6229281425476074,3.6653015711154158,3.5805547139797995,3.622928142547608,1028800
1997-05-29,3.6017415523529053,3.6441149823805863,3.559368122325224,3.6229282673667456,394000
1997-05-30,3.6229281425476074,3.622928142547608,3.5593679996958953,3.5805547139797995,318400
1997-06-02,3.559366226196289,3.6229263373783653,3.5593662261962886,3.6229263373783653,356400
1997-06-03,3.538179874420166,3.559366580255017,3.474619756915612,3.559366580255017,1106800
1997-06-04,3.495806932449341,3.5381803498123627,3.4958069324493404,3.5381803498123627,550800
1997-06-05,3.516993761062622,3.5381804704666138,3.4958070516586304,3.516993761062622,218000
1997-06-06,3.453435182571411,3.5381820582173353,3.4110617447484493,3.5381820582173353,1139600
1997-06-09,3.305126905441284,3.4322471710351796,3.305126905441284,3.411060460102864,967600
1997-06-10,3.22038197517395,3.3263155927783568,3.114448357569544,3.3263155927783568,2467600
1997-06-11,3.178008556365967,3.2203820037841795,3.178008556365967,3.2203820037841795,1640800
1997-06-12,3.199193000793457,3.262753126637036,3.1780062921789307,3.1780062921789307,1046800
1997-06-13,3.22038197517395,3.283942145736594,3.199195251653069,3.2415686986948318,1245200
1997-06-16,3.22038197517395,3.283942145736594,3.199195251653069,3.262755422215713,1196400
1997-06-17,3.305126905441284,3.3898737491705475,3.1991933507797046,3.1991933507797046,1166000
1997-06-18,3.199193000793457,3.3474999610951404,3.199193000793457,3.283939835251562,1546400
1997-06-19,3.199193000793457,3.2415664180225097,3.199193000793457,3.2203797094079833,813600
1997-06-20,3.199193000793457,3.2203797094079833,3.1780062921789307,3.2203797094079833,802400
1997-06-23,3.1144466400146484,3.2627536228724887,3.1144466400146484,3.22038019919882,1644800
1997-06-24,3.0508859157562256,3.1568194544977612,3.0508859157562256,3.1356327467494545,1611600
1997-06-25,3.0508859157562256,3.1356327467494545,3.0508859157562256,3.072072623504533,1615600
1997-06-26,3.072073221206665,3.1144466449474466,3.0296997974658835,3.0296997974658835,2868800
1997-06-27,3.1144466400146484,3.1356333518514825,3.0720732163409794,3.093259928177814,886800
1997-06-30,3.072073221206665,3.1144466449474466,3.0085130855954927,3.1144466449474466,2687200
1997-07-01,3.167415142059326,3.167415142059326,3.0508881635889162,3.072074886947173,1615600
1997-07-02,3.1462275981903076,3.2097877516891016,3.1144475214409106,3.1674143160232386,3484000
1997-07-03,3.0826666355133057,3.1568201284637976,3.0402932109701672,3.114446703920659,836800
1997-07-07,3.0826666355133057,3.09325999164909,3.0402932109701672,3.09325999164909,958400
1997-07-08,3.072073221206665,3.093259933077056,3.0296997974658835,3.0508865093362743,1516000
1997-07-09,3.0508859157562256,3.125039392875301,3.029699208007919,3.0508859157562256,1568800
1997-07-10,3.072073221206665,3.072073221206665,2.9979197296602975,3.0508865093362743,2599600
1997-07-11,3.1089999675750732,3.1408327317481968,3.055945360619867,3.055945360619867,2845200
1997-07-14,3.1620538234710693,3.3318285254024023,3.151442904600361,3.215108417824611,4716800
1997-07-15,3.268162250518799,3.268162250518799,3.1938858357342803,3.2257185849276455,5268800
1997-07-16,3.2257206439971924,3.268164336681366,3.215109720826149,3.268164336681366,2330400
1997-07-17,3.3742713928222656,3.3848823091518954,3.2787731458555975,3.2893840621852273,2117200
1997-07-18,3.342440366744995,3.3742731321425667,3.3212185231466145,3.363662210343376,1487600
1997-07-21,3.3106062412261963,3.331828076105851,3.299995323786369,3.3212171586660237,668800
1997-07-22,3.289383888244629,3.321216635550222,3.2575511409390354,3.310605719781691,3178400
1997-07-23,3.2151074409484863,3.2999947661220435,3.2151074409484863,3.278772934828654,1210800
1997-07-24,3.2999958992004395,3.353050495650607,3.236330383460238,3.236330383460238,1387200
1997-07-25,3.3742713928222656,3.437936890800044,3.268162229525968,3.2893840621852273,1565200
1997-07-28,3.363661766052246,3.4379382088357344,3.353050845654605,3.353050845654605,1104400
1997-07-29,3.342440366744995,3.3954949757409474,3.310607601347424,3.384884053941757,731600
1997-07-30,3.4379372596740723,3.448548177142202,3.3318280849927735,3.3530499199290333,1110800
1997-07-31,3.459160089492798,3.501603771572464,3.4167164074131313,3.427327327933048,1353600
1997-08-01,3.459160089492798,3.4909928510525474,3.3954945663732983,3.480381930532631,1047600
1997-08-04,3.533435821533203,3.544046739916186,3.427326637703377,3.459159392852325,1268800
1997-08-05,3.862375020980835,3.8942077821427645,3.554658329748845,3.554658329748845,3988400
1997-08-06,3.9260413646698,3.9472632098842313,3.8199321385976432,3.8729867516337215,3118800
1997-08-07,4.074593544006348,4.117037226756414,3.9472624957561493,3.9472624957561493,4546800
1997-08-08,3.904818058013916,4.032149081644805,3.894207139378009,4.032149081644805,2805200
1997-08-11,3.8835976123809814,3.9897068367629753,3.8093211553135853,3.90481945725738,2554000
1997-08-12,3.756265163421631,3.9048180229919778,3.756265163421631,3.9048180229919778,1123600
1997-08-13,3.7456557750701904,3.819932235199061,3.6395465463146612,3.809321312323508,2248800
1997-08-14,3.862375020980835,3.915429622917385,3.8411531802062147,3.915429622917385,1758000
1997-08-15,3.788097858428955,3.9366507156222474,3.788097858428955,3.872985205396551,1025600
1997-08-18,3.7774863243103027,3.7987081575929453,3.7456535743863397,3.788097240951624,1256400
1997-08-19,3.8411519527435303,3.8517628697400594,3.766875533767827,3.788097367760885,1192400
1997-08-20,3.904818058013916,3.9154289766498236,3.8517634648343795,3.8835962207421013,1377600
1997-08-21,3.819931745529175,3.8942081961366863,3.819931745529175,3.86237543159061,732800
1997-08-22,3.8411519527435303,3.8517628697400594,3.7244318657817104,3.777486450764356,842400
1997-08-25,3.862375020980835,3.8942077821427645,3.819931339431595,3.862375020980835,851600
1997-08-26,3.8942086696624756,3.9048195924680953,3.8199322100231368,3.8411540556343766,648800
1997-08-27,3.904818058013916,3.9366508139216383,3.841152546198472,3.904818058013916,629200
1997-08-28,3.947261333465576,3.947261333465576,3.7880975700193837,3.904817663213258,1627200
1997-08-29,4.095815181732178,4.095815181732178,3.97909505997297,3.97909505997297,1526800
1997-09-02,4.117037296295166,4.117037296295166,4.021539008494504,4.074593612828205,2116000
1997-09-03,4.2125349044799805,4.2443676619445645,4.0852038746216435,4.1170366320862275,1538800
1997-09-04,4.159478664398193,4.254976899039988,4.117035004557396,4.223144154159391,2052400
1997-09-05,4.085205554962158,4.159482019597834,4.032150937365247,4.138260172559069,1785600
1997-09-08,4.010927200317383,4.095814548472248,3.9684835262399503,4.053370874394815,1554000
1997-09-09,4.042762279510498,4.042762279510498,3.947263957947258,3.9578748825653958,704400
1997-09-10,4.0639824867248535,4.117037088379225,4.010927885070482,4.03214972573223,787200
1997-09-11,3.904818058013916,4.032149081644805,3.841152546198472,4.032149081644805,1441200
1997-09-12,3.947261333465576,3.9897050037178943,3.8517630753978604,3.8729849105240195,1030800
1997-09-15,3.9260413646698,3.9472632098842313,3.894208596848153,3.9472632098842313,1168400
1997-09-16,3.9578726291656494,4.000316303473056,3.9048180362813913,3.9578726291656494,1175200
1997-09-17,3.8835976123809814,3.9684849918865766,3.8623757675045822,3.9684849918865766,736400
1997-09-18,3.904818058013916,3.904818058013916,3.8093197902907496,3.8835962207421013,1006800
1997-09-19,3.8305394649505615,3.9048158534676083,3.7774849017240992,3.9048158534676083,1227600
1997-09-22,3.8729865550994873,3.8729865550994873,3.819931944755659,3.8305428668244246,881600
1997-09-23,3.862375020980835,3.862375020980835,3.7774876578823546,3.8411531802062147,1400800
1997-09-24,3.947261333465576,4.000315921280974,3.777486652456304,3.8199303227086223,1210800
1997-09-25,3.904818058013916,3.9366508139216383,3.8517634648343795,3.894207139378009,1124800
1997-09-26,3.91542911529541,3.957872791341973,3.819930844190644,3.8623745202372066,3287200
1997-09-29,3.862375020980835,3.8942077821427645,3.819931339431595,3.8729859413681447,830400
1997-09-30,3.7774863243103027,3.862373657440872,3.777486324310303,3.8199299908755875,1301200
1997-10-01,3.7774863243103027,3.8305409075169083,3.735042657745019,3.8199299908755875,2548000
1997-10-02,3.788097858428955,3.8199306135418034,3.7350432665742077,3.766876021687056,1958000
1997-10-03,3.8411519527435303,3.8517628697400594,3.7456536997747687,3.777486450764356,1053200
1997-10-06,3.9260413646698,3.9472632098842313,3.8199321385976432,3.8199321385976432,1430800
1997-10-07,3.91542911529541,4.053371062446739,3.883596358260488,3.9048181962837694,3018800
1997-10-08,3.8835976123809814,3.9684849918865766,3.8411539226281834,3.9366522245719784,809200
1997-10-09,3.8411519527435303,3.8729847037331178,3.8305410357470016,3.8411519527435307,948800
1997-10-10,3.8250036239624023,3.9312537246280246,3.81437861389584,3.8462536440955266,2402800
1997-10-13,3.8037540912628174,3.8993791941157934,3.7718790569784924,3.8675041598314683,979200
1997-10-14,3.7612528800964355,3.888752977726823,3.761252880096435,3.8462529451833603,2642800
1997-10-15,3.740001916885376,3.782501938668164,3.740001916885376,3.750626922331073,1076000
1997-10-16,3.7293787002563477,3.8143787845926744,3.7293787002563477,3.782503752966552,1611600
1997-10-17,3.676252841949463,3.7293778830180964,3.6443778173082824,3.7187528748043697,890400
1997-10-20,3.814380168914795,3.8356301977109775,3.6337549241472415,3.6550049529434245,2530400
1997-10-21,3.846251964569092,3.846251964569092,3.7506269157262135,3.793126937434159,1436400
1997-10-22,3.888754367828369,3.8887543678283687,3.8143792842906676,3.8462543200925396,1407200
1997-10-23,3.7825019359588623,3.825001957711209,3.761251925082689,3.8143769522731223,817200
1997-10-24,3.888754367828369,3.910004391696283,3.793129260422753,3.8037542723567106,1408000
1997-10-27,3.6018741130828857,3.8568740502922934,3.6018741130828857,3.8568740502922934,1316800
1997-10-28,3.5168769359588623,3.6125019885982272,3.400001871621861,3.400001871621861,3302000
1997-10-29,3.5912537574768066,3.6762538464111687,3.527503690776035,3.527503690776035,1778800
1997-10-30,3.4743781089782715,3.6443782610995323,3.3575030043949043,3.3575030043949043,2910400
1997-10-31,3.5806286334991455,3.612503665844835,3.516878568807766,3.516878568807766,1048400
1997-11-03,3.62312912940979,3.6550041657389083,3.591254093080672,3.591254093080672,1388800
1997-11-04,3.5912537574768066,3.612503779710397,3.570003735243216,3.612503779710397,1326400
1997-11-05,3.5912537574768066,3.5912537574768066,3.548753713009625,3.5912537574768066,1605200
1997-11-06,3.5275015830993652,3.612501621246338,3.485001564025879,3.5700016021728516,1626400
1997-11-07,3.453126907348633,3.5168769425612227,3.4318768956111025,3.4531269073486324,596800
1997-11-10,3.5381271839141846,3.591252216705689,3.527502177355884,3.570002203589087,972400
1997-11-11,3.4318764209747314,3.5381264649677573,3.4000014077768235,3.5381264649677573,1226400
1997-11-12,3.368128538131714,3.4850036609060004,3.368128538131714,3.4212535939382076,2159600
1997-11-13,3.304377555847168,3.4000026298105905,3.304377555847168,3.3787526133742745,2653200
1997-11-14,3.3362531661987305,3.357503186365601,3.240628075447811,3.304378135948424,2408800
1997-11-17,3.4212534427642822,3.4212534427642822,3.3150033358461366,3.3575033786133948,2226000
1997-11-18,3.325627565383911,3.421252639148944,3.3043775489916816,3.421252639148944,1280000
1997-11-19,3.3150014877319336,3.3468765020370483,3.2087514400482178,3.325626492500305,1766000
1997-11-20,3.410628318786621,3.4425033498033186,3.3043782153976298,3.315003225736529,2373200
1997-11-21,3.400001287460327,3.442501303553581,3.400001287460327,3.4106262914836405,1438000
1997-11-24,3.368128538131714,3.410628582776909,3.368128538131714,3.3787535492930125,2336400
1997-11-25,3.2512521743774414,3.400002273858762,3.2512521743774414,3.400002273858762,3047200
1997-11-26,3.208752155303955,3.2512521838510273,3.208752155303955,3.240627176714259,1718000
1997-11-28,3.240626335144043,3.315001365786693,3.219376326389,3.219376326389,1211200
1997-12-01,3.166252613067627,3.3256277445978766,3.14500259553026,3.2831277095231433,2172400
1997-12-02,3.219376564025879,3.2512515795112837,3.198126553702276,3.2300015691876807,2712800
1997-12-03,3.155627965927124,3.26187806578999,3.155627965927124,3.2193780258448434,2877600
1997-12-04,3.2300033569335938,3.2512533790186833,3.145003268593236,3.17687830172087,4263200
1997-12-05,3.261875867843628,3.2937508763241845,3.208750853709367,3.2300008593630714,5501600
1997-12-08,3.283127546310425,3.2937525545509114,3.251252521588964,3.261877529829451,1040000
1997-12-09,3.240626335144043,3.3043763614091715,3.240626335144043,3.272501348276607,2011200
1997-12-10,3.2512521743774414,3.2831271956948673,3.2193771530600155,3.2193771530600155,2288400
1997-12-11,3.208752155303955,3.272502198124563,3.208752155303955,3.240627176714259,2378800
1997-12-12,3.2300033569335938,3.2406283679761385,3.2087533348485042,3.2300033569335938,1108000
1997-12-15,3.240626335144043,3.29375135703165,3.219376326389,3.2512513395215645,2812800
1997-12-16,3.283127546310425,3.315002571031885,3.2406275133484774,3.2406275133484774,1244000
1997-12-17,3.3468785285949707,3.3468785285949707,3.283128461383638,3.283128461383638,2318400
1997-12-18,3.283127546310425,3.421252653436753,3.283127546310425,3.368127612234319,2424000
1997-12-19,3.304377555847168,3.336252580501642,3.230002498320061,3.2725025311926936,1393200
1997-12-22,3.4212534427642822,3.4318784534560964,3.3256283465379513,3.336253357229766,2550800
1997-12-23,3.410628318786621,3.4318783394644194,3.389378298108823,3.4212533291255203,1340000
1997-12-24,3.4637529850006104,3.4637529850006104,3.400002930061949,3.400002930061949,476400
1997-12-26,3.442502498626709,3.4637525140503302,3.3335964938301506,3.442502498626709,466400
1997-12-29,3.4743781089782715,3.516878147008587,3.4637530994706927,3.4850031184858503,1210800
1997-12-30,3.4637529850006104,3.4850030033134978,3.4425029666877234,3.4637529850006104,1064400
1997-12-31,3.6018741130828857,3.654999100001512,3.474374144478182,3.4849991418619073,982800
1998-01-02,3.5062527656555176,3.6125028494632607,3.5062527656555176,3.5806278243209375,1168800
1998-01-05,3.400001287460327,3.5168763317167757,3.3893762834370134,3.506251327693462,775600
1998-01-06,3.3362531661987305,3.4000032266993427,3.2725031056981178,3.3150031460318594,2596800
1998-01-07,3.368128538131714,3.4212535939382076,3.3362535046478174,3.3362535046478174,1691600
1998-01-08,3.400001287460327,3.421251295506954,3.3362512633204457,3.357501271367073,864000
1998-01-09,3.240626335144043,3.4000014008068646,3.2300013307665214,3.4000014008068646,1363200
1998-01-12,3.283127546310425,3.336252587512859,3.1556274474245827,3.208752488627017,846000
1998-01-13,3.362727165222168,3.3946517902084543,3.2775948319254042,3.2775948319254042,2014000
1998-01-14,3.3733677864074707,3.3733677864074707,3.2988770150987885,3.3733677864074707,627600
1998-01-15,3.4052915573120117,3.4478577017784118,3.384008485078812,3.4052915573120117,382800
1998-01-16,3.4478588104248047,3.511708047654894,3.3627264941180197,3.3627264941180197,940800
1998-01-20,3.5436313152313232,3.586197457156024,3.4691405668630972,3.4797821023442728,3438800
1998-01-21,3.6181225776672363,3.6181225776672363,3.543631818715264,3.543631818715264,2057200
1998-01-22,3.4584996700286865,3.5329904321523813,3.4478581325824442,3.522348894706139,1550800
1998-01-23,3.3946495056152344,3.469140247117763,3.3946495056152344,3.4584987126174016,888000
1998-01-26,3.3840091228485107,3.426575275337171,3.3520845084820152,3.3627260466041804,860400
1998-01-27,3.426576852798462,3.426576852798462,3.341444508629556,3.3520860516506694,538000
1998-01-28,3.415933847427368,3.4585000012893916,3.362726155099839,3.415933847427368,432000
1998-01-29,3.4478588104248047,3.5436326662699384,3.437217270886457,3.437217270886457,1839200
1998-01-30,3.4052915573120117,3.458499237895012,3.384008485078812,3.458499237895012,1220000
1998-02-02,3.2988762855529785,3.426574722413094,3.2775932127429592,3.426574722413094,3060800
1998-02-03,3.3414437770843506,3.3840099398497565,3.298877614318945,3.298877614318945,1744000
1998-02-04,3.4478588104248047,3.4691418895015014,3.341443415041323,3.341443415041323,2246400
1998-02-05,3.490424394607544,3.5117074701844193,3.4691413190306686,3.490424394607544,2274000
1998-02-06,3.5755558013916016,3.5755558013916016,3.415932774543762,3.5223481257756553,4299200
1998-02-09,3.5436313152313232,3.575555921674849,3.501065173306623,3.575555921674849,2310000
1998-02-10,3.5436313152313232,3.5436313152313232,3.4691405668630972,3.532989779750148,1010400
1998-02-11,3.501065731048584,3.5649149541072207,3.4904241938721445,3.5649149541072207,588400
1998-02-12,3.501065731048584,3.522348805401463,3.4478580451663867,3.522348805401463,756400
1998-02-13,3.501065731048584,3.5329903425779023,3.4478580451663867,3.4904241938721445,1111200
1998-02-17,3.3946495056152344,3.5329894541199303,3.3946495056152344,3.5329894541199303,1417200
1998-02-18,3.469141960144043,3.5117081191642154,3.3840096421036985,3.4052927216137845,1689200
1998-02-19,3.426576852798462,3.4904261109251413,3.4052937667562357,3.4797845679040282,1938800
1998-02-20,3.4478588104248047,3.4904249685781976,3.4265757313481084,3.437217270886457,1436400
1998-02-23,3.3946495056152344,3.437215643616679,3.341441833113428,3.426574109116318,1859600
1998-02-24,3.4478588104248047,3.4691418895015014,3.384009573194716,3.405292652271412,1364000
1998-02-25,3.4478588104248047,3.4797834290398493,3.405292652271412,3.4691418895015014,588800
1998-02-26,3.607478618621826,3.660686267864036,3.46913873059208,3.4904217902889645,1950400
1998-02-27,3.6394052505493164,3.660688322189956,3.54363142816644,3.5755560356273985,1156800
1998-03-02,3.724536180496216,3.735177712440491,3.6394039249420165,3.6606869888305664,1378000
1998-03-03,3.7671055793762207,3.7990302029302563,3.681973249898792,3.724539414637506,856000
1998-03-04,3.745820999145508,3.799028683792461,3.7351794622161174,3.7883871468630708,1053600
1998-03-05,3.713897466659546,3.7351805466977095,3.650048226545055,3.7245390066786275,756000
1998-03-06,3.6181225776672363,3.7564625585780425,3.6181225776672363,3.7138964106054866,1406000
1998-03-09,3.532989740371704,3.6500466293599234,3.5117066696465735,3.6500466293599234,985200
1998-03-10,3.6287662982940674,3.6287662982940674,3.5223508643264996,3.5223508643264996,1217600
1998-03-11,3.692613124847412,3.7138961976131033,3.575556224636111,3.596839297401802,1084000
1998-03-12,3.7564632892608643,3.7564632892608643,3.6819725158194303,3.6926140548824926,1966000
1998-03-13,3.8096721172332764,3.8309552016870936,3.767105948325642,3.767105948325642,1702800
1998-03-16,3.6181225776672363,3.7777456325643204,3.6074810406740974,3.7671040955711814,866400
1998-03-17,3.5861990451812744,3.5968405853746908,3.532991344214193,3.575557504987858,1109600
1998-03-18,3.703256130218506,3.7351807520307343,3.511708399345135,3.511708399345135,981200
1998-03-19,3.7564632892608643,3.7564632892608643,3.628764820504121,3.6819725158194303,1167600
1998-03-20,3.799029588699341,3.8309542070917724,3.7138972729861903,3.7138972729861903,1210000
1998-03-23,4.04378604888916,4.107635302292674,3.9586537110178095,4.086352217824835,3479600
1998-03-24,3.8948047161102295,4.022503231392532,3.8841631731700375,4.022503231392532,1218400
1998-03-25,3.9160850048065186,3.958651146163111,3.8735188634499256,3.894801934128222,905200
1998-03-26,3.9160850048065186,3.948009610823963,3.8522357927716295,3.948009610823963,499600
1998-03-27,3.873518705368042,3.916084844987471,3.8309525657486128,3.916084844987471,931600
1998-03-30,3.8948047161102295,3.916087801990613,3.8415970014092697,3.894804716110229,821600
1998-03-31,3.905445098876953,3.9373697182138216,3.8203127806453026,3.9373697182138216,1879200
1998-04-01,4.011859893798828,4.022501431978666,3.8735198974609375,3.8735198974609375,2113600
1998-04-02,3.979936361312866,4.022502525604983,3.926728655947721,3.9586532791668083,2279600
1998-04-03,3.979936361312866,3.9905779023858954,3.8948040327286337,3.93737019702075,694000
1998-04-06,3.9267265796661377,4.0331419341286345,3.916085044219888,4.011858863236135,926400
1998-04-07,4.001218318939209,4.001218318939209,3.916086014280928,3.9267275523632135,1249600
1998-04-08,3.9267265796661377,4.022500398682385,3.916085044219888,3.979934256897386,867200
1998-04-09,4.054427623748779,4.107635335346532,3.9160875735946212,3.9160875735946212,7786400
1998-04-13,3.952991008758545,4.176745216801481,3.952991008758545,4.176745216801481,4020000
1998-04-14,3.984955310821533,4.016920192993899,3.9210255464768027,3.995610271545655,1919200
1998-04-15,4.07019567489624,4.091505599895697,3.974301012398685,3.984955974898413,1676800
1998-04-16,3.9316816329956055,4.006266379420996,3.931681632995605,3.99561141564594,687200
1998-04-17,4.006265640258789,4.016920602067988,3.9423358694035957,3.974300754831192,3099600
1998-04-20,4.006265640258789,4.006265640258789,3.9316809075943966,4.006265640258789,2513600
1998-04-21,4.006265640258789,4.048885487495585,3.9849557166403913,4.006265640258789,1166000
1998-04-22,3.9423344135284424,4.006264160774849,3.9423344135284424,4.006264160774849,1386400
1998-04-23,3.835787534713745,3.9849570499526132,3.7505478117201068,3.9849570499526132,1807200
1998-04-24,3.835787534713745,3.878407396210565,3.8144776039653356,3.8357875347137456,1050400
1998-04-27,3.8251335620880127,3.8251335620880127,3.739893816971845,3.8251335620880127,1789600
1998-04-28,3.8890607357025146,3.8997156966222475,3.814476009264384,3.846440892023583,1009200
1998-04-29,3.9210259914398193,4.048885534638943,3.9103710295065586,3.9316809533730797,2002000
1998-04-30,3.984955310821533,3.995610271545655,3.8890606643044374,3.952990428649168,1560400
1998-05-01,3.963646411895752,3.984956338841428,3.8784067041130474,3.963646411895752,1372000
1998-05-04,3.9423344135284424,3.9956092029004484,3.931679455654041,3.9636443292772445,794000
1998-05-05,3.9210259914398193,3.9529908772396003,3.857096219840257,3.94233591530634,1035200
1998-05-06,3.8038203716278076,3.974299716014488,3.79316541260364,3.9103699618694825,1314400
1998-05-07,3.793165683746338,3.8677504022469678,3.7505458446031206,3.7825107239605336,1893600
1998-05-08,3.835787534713745,3.857097465462155,3.803822638591131,3.8251325693395404,890400
1998-05-11,3.8038203716278076,3.8677501257728126,3.79316541260364,3.8677501257728126,750800
1998-05-12,3.750544786453247,3.814474527131427,3.6866150457750666,3.814474527131427,696000
1998-05-13,3.6972734928131104,3.8038231611938915,3.654653625460798,3.7931681943558133,1866400
1998-05-14,3.5587573051452637,3.6866168490426987,3.5161374571794526,3.6866168490426987,7243600
1998-05-15,3.5800669193267822,3.654651646812757,3.5694119582573576,3.6013768414656324,3983600
1998-05-18,3.6013784408569336,3.6226883724596375,3.5694135434528778,3.5800685092542297,1616800
1998-05-19,3.5481033325195312,3.6333430522197,3.5161384376319678,3.622688087257179,768800
1998-05-20,3.5800669193267822,3.612031802535057,3.5161371529102325,3.5374470750490827,800800
1998-05-21,3.5267930030822754,3.601377749371024,3.51613803932674,3.580067821859953,1499200
1998-05-22,3.5267930030822754,3.5694128581044176,3.5267930030822754,3.558757894348882,422400
1998-05-26,3.409588575363159,3.5800680041313173,3.409588575363159,3.5694130398333077,808000
1998-05-27,3.3563132286071777,3.473517817542666,3.3243483407156806,3.4202430043901715,2644800
1998-05-28,3.409588575363159,3.409588575363159,3.33500382527709,3.3456587895751,835200
1998-05-29,3.4628632068634033,3.4735181705768294,3.409588388296274,3.4522082431499777,1610800
1998-06-01,3.377622604370117,3.4308974088554502,3.345657721678917,3.4308974088554502,532000
1998-06-02,3.3989338874816895,3.4308987829752473,3.3243491313300533,3.3989338874816895,1030000
1998-06-03,3.388278007507324,3.409587932082842,3.3456581583562888,3.398932969795083,724000
1998-06-04,3.388278007507324,3.4522077812338776,3.3776230452195652,3.409587932082842,1264000
1998-06-05,3.388278007507324,3.4308978566583597,3.3456581583562888,3.409587932082842,1047200
1998-06-08,3.3136932849884033,3.38827802130647,3.281728397994946,3.38827802130647,1039600
1998-06-09,3.2604193687438965,3.313694195030562,3.2391094382292307,3.313694195030562,2396000
1998-06-10,3.1751785278320312,3.27107318135716,3.1751785278320317,3.2391082968487837,1175600
1998-06-11,3.143214464187622,3.2497641070414396,3.143214464187622,3.196489285614531,2512800
1998-06-12,3.239109516143799,3.2923843437119538,3.13255986100749,3.143214826521121,2509600
1998-06-15,3.111248731613159,3.2177983457095003,3.111248731613159,3.185833461480598,843600
1998-06-16,3.111248731613159,3.175178500070964,3.089938808793891,3.1645235386613297,2560400
1998-06-17,3.185835123062134,3.2497649248627116,3.132560288228319,3.1432152551950816,1481200
1998-06-18,3.143214464187622,3.228454178470676,3.0899396427607133,3.228454178470676,1182000
1998-06-19,3.132558822631836,3.1645237085770583,3.1112488986683537,3.1432137846135766,560000
1998-06-22,3.2817277908325195,3.292382751192365,3.1219033854348317,3.1538682665143694,2045600
1998-06-23,3.3989338874816895,3.4628636784688056,3.281729270671976,3.2923842358364954,3002800
1998-06-24,3.4415524005889893,3.473517283566596,3.3882775956263114,3.4202424786039183,2459600
1998-06-25,3.4628632068634033,3.4628632068634033,3.3882784608694223,3.430898315723126,1868800
1998-06-26,3.452206611633301,3.5161363637005842,3.4308966942775396,3.4841714876669423,761600
1998-06-29,3.409588575363159,3.452208432555199,3.37762368246913,3.452208432555199,966000
1998-06-30,3.452206611633301,3.4628615703111816,3.3882768595660173,3.4095867769217785,1552400
1998-07-01,3.4308972358703613,3.526791879108974,3.4095873151506693,3.494826998029436,775600
1998-07-02,3.4415524005889893,3.473517283566596,3.409587517611383,3.4308974395964538,619600
1998-07-06,3.3989338874816895,3.441553748139767,3.38827892231717,3.441553748139767,736000
1998-07-07,3.324347496032715,3.398932215494987,3.324347496032715,3.398932215494987,586000
1998-07-08,3.366966962814331,3.3882768803004977,3.324347127841998,3.335002086585081,297200
1998-07-09,3.324347496032715,3.398932215494987,3.313692536109533,3.35631237580226,603600
1998-07-10,3.2177979946136475,3.335002557331363,3.2071430343665823,3.335002557331363,919600
1998-07-13,3.062842607498169,3.2442653403464927,3.0628426074981694,3.2015776384998285,1148400
1998-07-14,3.1268718242645264,3.1588875767313986,3.0521684018418243,3.062840319330782,3881200
1998-07-15,3.062842607498169,3.1162022348064995,3.041498756574837,3.1162022348064995,1971600
1998-07-16,3.062842607498169,3.0735145329598352,3.030826831113171,3.052170682036503,4154800
1998-07-17,3.062842607498169,3.0735145329598352,3.052170682036503,3.0628426074981694,1140000
1998-07-20,2.988137722015381,3.0735130855015345,2.9347781198365346,3.062841165065765,3531600
1998-07-21,2.913435935974121,3.0094832745227187,2.9027640094687217,2.998811348017319,1129600
1998-07-22,2.881420135498047,2.913435914781359,2.8067166505036534,2.902763988353588,6316400
1998-07-23,2.881420135498047,2.902763988353588,2.8494043562147353,2.860076282642506,3704400
1998-07-24,2.828061819076538,2.9027653388257293,2.817389887683796,2.9027653388257293,1718800
1998-07-27,2.8067171573638916,2.828061014073883,2.732013658878921,2.7853733006539,1714400
1998-07-28,2.742685556411743,2.817389054057199,2.742685556411743,2.806717125822134,2675200
1998-07-29,2.753356695175171,2.8173882462257565,2.732012844824976,2.732012844824976,3414800
1998-07-30,2.764029026031494,2.849404439962969,2.7320132458071913,2.7320132458071913,2160000
1998-07-31,2.7106683254241943,2.774699860670435,2.699996402883154,2.774699860670435,2302400
1998-08-03,2.7320125102996826,2.8067159773781896,2.7106686625629663,2.753356358036399,1397200
1998-08-04,2.6679813861846924,2.7640287160873416,2.5826059818267826,2.732012939453125,2195600
1998-08-05,2.6252927780151367,2.7533558403573384,2.6039489342914366,2.6679804654625374,1190400
1998-08-06,2.6252927780151367,2.635964699876987,2.561261246844036,2.6252927780151367,1042000
1998-08-07,2.6786530017852783,2.699996850405081,2.5826056829961646,2.6466372288555737,2102400
1998-08-10,2.5612614154815674,2.6573087185621262,2.5612614154815674,2.6573087185621262,1195600
1998-08-11,2.5079023838043213,2.5185743088417865,2.390511208392204,2.4758866086919253,2526000
1998-08-12,2.5612614154815674,2.5612614154815674,2.4865579575300214,2.4865579575300214,1011600
1998-08-13,2.4972310066223145,2.5826064256521373,2.4972310066223145,2.5612625708946815,1538400
1998-08-14,2.5612614154815674,2.5612614154815674,2.4972298800945283,2.4972298800945283,1249600
1998-08-17,2.5185742378234863,2.561261936769647,2.5185742378234863,2.561261936769647,1305600
1998-08-18,2.5826056003570557,2.603949448293891,2.497230208609715,2.497230208609715,1025200
1998-08-19,2.6679813861846924,2.699997162818909,2.5826059818267826,2.593277907371521,1506000
1998-08-20,2.7106683254241943,2.7106683254241943,2.6573087127189936,2.699996402883154,1153200
1998-08-21,2.6786530017852783,2.753356471954589,2.635965304545672,2.742684547644687,1140400
1998-08-24,2.614621639251709,2.6893251146589003,2.6039497141935386,2.6786531896007304,891200
1998-08-25,2.5612614154815674,2.6466367959976194,2.475886034965515,2.6466367959976194,2658800
1998-08-26,2.475886583328247,2.539918132897081,2.433198883615691,2.518574283040803,2456800
1998-08-27,2.401181936264038,2.4972292137145997,2.3051346588134765,2.4972292137145997,2062000
1998-08-28,2.294464588165283,2.4225277279698574,2.2837926598482357,2.390511943018714,1750800
1998-08-31,2.219759702682495,2.326478919157615,2.198415859387471,2.2944631542150793,1370800
1998-09-01,2.305136203765869,2.3264800575044418,2.006322251425849,2.219760788811578,2005200
1998-09-02,2.2624475955963135,2.3798387444244242,2.2624475955963135,2.3264791313207374,2121200
1998-09-03,2.2624475955963135,2.2837914408377884,2.1664002920096777,2.241103750354839,2307600
1998-09-04,2.390509843826294,2.422525600663253,2.262446816478457,2.283790654369763,2625600
1998-09-08,2.4225270748138428,2.4758867020123856,2.390511298494717,2.433199000253551,1400800
1998-09-09,2.443871259689331,2.454543186587538,2.4011835520965046,2.4225274058929176,1096000
1998-09-10,2.454542875289917,2.4865586519241334,2.369167470932007,2.411855173110962,3246400
1998-09-11,2.6252927780151367,2.6786523873243877,2.4758858719492345,2.4758858719492345,2548800
1998-09-14,2.6786530017852783,2.753356471954589,2.657309153165475,2.753356471954589,1546000
1998-09-15,2.764029026031494,2.7960448062557974,2.6359659051342823,2.6359659051342823,2442000
1998-09-16,2.8173882961273193,2.860075997583794,2.73201289321437,2.7426848185784887,2447200
1998-09-17,2.8067171573638916,2.8173890857188875,2.7533575155889127,2.774701372298904,785200
1998-09-18,2.8173882961273193,2.8173882961273193,2.753356743942607,2.796044445399082,1340800
1998-09-21,2.8600754737854004,2.8600754737854004,2.7747000865082243,2.817387780146812,967200
1998-09-22,2.8067171573638916,2.9134364409138493,2.7960452290088957,2.8600767991388705,2636400
1998-09-23,3.0841853618621826,3.180232656868271,2.8494030851806325,2.8494030851806325,4059600
1998-09-24,2.988137722015381,3.0841850059373037,2.9667938811438423,3.062841165065765,1387600
1998-09-25,3.2015786170959473,3.2015786170959473,3.0094839000701903,3.0308277575174967,2524800
1998-09-28,3.062842607498169,3.2015776384998285,3.0628426074981694,3.2015776384998285,2060000
1998-09-29,3.062842607498169,3.0735145329598352,3.041498756574837,3.0735145329598352,896400
1998-09-30,2.988137722015381,3.062841165065765,2.8814185176576887,3.062841165065765,914000
1998-10-01,2.828061819076538,2.988140789967663,2.7960460248983128,2.988140789967663,1340400
1998-10-02,2.870748281478882,2.913435988266672,2.774700941206354,2.774700941206354,980000
1998-10-05,2.8173882961273193,2.902763699040268,2.796044445399082,2.8920917736761496,1690000
1998-10-06,2.8067171573638916,2.8600767991388705,2.774701372298904,2.8173890857188875,946800
1998-10-07,2.742685556411743,2.817389054057199,2.721341699941613,2.796045197587069,875200
1998-10-08,2.6466386318206787,2.785373721391924,2.5932789819855846,2.7320140715568297,2444800
1998-10-09,2.7213399410247803,2.7213399410247803,2.550589199627147,2.689324177012724,1623600
1998-10-12,2.6999964714050293,2.7746999310881724,2.6999964714050293,2.7746999310881724,2058000
1998-10-13,2.812051773071289,2.812051773071289,2.6516685920976415,2.6623608041625513,1566400
1998-10-14,2.8975892066955566,2.951050262169644,2.790667095747381,2.8227437290318336,4930400
1998-10-15,2.8548197746276855,2.940357445777579,2.844127565733949,2.9189730279901056,1736400
1998-10-16,2.886897563934326,2.90828199033384,2.8227442847357858,2.844128711135299,1295200
1998-10-19,2.8013579845428467,2.897587838973708,2.705128130111986,2.897587838973708,1014000
1998-10-20,2.8227434158325195,2.8868966752832583,2.812051205924063,2.844127835649432,2849600
1998-10-21,2.8762047290802,2.951050205301618,2.8013592528587825,2.812051463747556,3030800
1998-10-22,2.983126640319824,2.9938188505001824,2.8655123283358885,2.8868967486966044,2147600
1998-10-23,2.983126640319824,3.015203270860898,2.9296655894180352,2.9938188505001824,1681600
1998-10-26,2.9938180446624756,3.057971288476671,2.9724336300577434,3.0152024592672073,1774800
1998-10-27,2.983126640319824,3.090048742123402,2.951050009778751,3.00451106068054,1546000
1998-10-28,2.940357208251953,2.993818248401989,2.886896168101918,2.993818248401989,793200
1998-10-29,2.929666042327881,3.0472803724943285,2.908281618661254,2.940358254161194,1172800
1998-10-30,2.8548197746276855,2.908280819096369,2.822743147946476,2.908280819096369,678800
1998-11-02,2.983126640319824,3.0472799014019714,2.8120512774340995,2.8334356977948154,1299200
1998-11-03,2.983126640319824,3.00451106068054,2.8762045385162462,3.00451106068054,1424000
1998-11-04,2.983126640319824,3.015203270860898,2.9296655894180352,2.983126640319824,916800
1998-11-05,3.015202283859253,3.047278903900309,2.9724334571378455,2.983125663818197,1730000
1998-11-06,3.100741147994995,3.1221255697053056,3.036587882864064,3.036587882864064,2287200
1998-11-09,3.0900490283966064,3.1648945065930643,3.079356817225684,3.122125661909374,1908400
1998-11-10,2.9724340438842773,3.0793561317937836,2.929665208720475,3.01520287904808,1174000
1998-11-11,2.9510498046875,2.9938186424365942,2.9510498046875,2.9831264329993203,718800
1998-11-12,3.0472798347473145,3.07935646458676,2.9510499452289785,2.9510499452289785,1099600
1998-11-13,3.057971715927124,3.090048342317968,3.015202880739332,3.0686639247240723,1274000
1998-11-16,3.0365874767303467,3.0686641050056673,2.9082809636290645,3.0686641050056673,1183600
1998-11-17,2.9724340438842773,3.0365872966299814,2.951049626302376,3.0365872966299814,895200
1998-11-18,2.9724340438842773,2.9938184614661787,2.9403574175114255,2.9724340438842773,804000
1998-11-19,2.886897563934326,2.983127482732137,2.886897563934326,2.9724352695323804,684000
1998-11-20,2.886897563934326,2.951050843132867,2.854820924335056,2.886897563934326,1759600
1998-11-23,2.8334360122680664,2.918973703204461,2.801359378166919,2.908281491837412,1885200
1998-11-24,2.779974937438965,2.833435993928176,2.7372060922475963,2.8013593600346494,2756800
1998-11-25,2.7585902214050293,2.87620453317036,2.7585902214050293,2.8227434823679367,1432000
1998-11-27,2.790665864944458,2.8227424840817505,2.7585892458071655,2.7585892458071655,222800
1998-11-30,2.5661303997039795,2.8013590196768443,2.5340537697076795,2.8013590196768443,2205200
1998-12-01,2.448516607284546,2.5554387298733907,2.3950555459901235,2.5554387298733907,2979200
1998-12-02,2.4057469367980957,2.427131354014079,2.2988248507181805,2.4057469367980957,3014400
1998-12-03,2.309516668319702,2.395054322701913,2.2239790139374906,2.3736699091063604,2423600
1998-12-04,2.427130699157715,2.4378229048808766,2.2988242304797737,2.3095164362029355,1813600
1998-12-07,2.5233607292175293,2.5554373486567354,2.4271308708999118,2.4271308708999118,3509600
1998-12-08,2.4057469367980957,2.587514483133952,2.4057469367980957,2.5126690228780113,2256800
1998-12-09,2.4378244876861572,2.480593338347318,2.373671211694416,2.4057478496902864,2302400
1998-12-10,2.395054817199707,2.469900280237198,2.384362608194351,2.4164392352104187,2878400
1998-12-11,2.335907220840454,2.4537740989562566,2.3144768793648534,2.3573375623160544,1939200
1998-12-14,2.207326889038086,2.335909037914091,2.1751813518190843,2.335909037914091,3390800
1998-12-15,2.657363176345825,2.657363176345825,2.196610690124573,2.293047257008091,10403200
1998-12-16,2.8288047313690186,2.8395199008060223,2.668077189813961,2.8288047313690186,13330800
1998-12-17,2.8073742389678955,2.8930955897760753,2.7430832258617603,2.7645135635638054,3994800
1998-12-18,2.8823816776275635,2.978818239332575,2.8073754629681105,2.8073754629681105,3674800
1998-12-21,2.8288047313690186,2.8288047313690186,2.7859440536210034,2.8288047313690186,2814400
1998-12-22,2.8395204544067383,2.850235625932801,2.7966597683024856,2.8073749398285486,3517200
1998-12-23,2.8395204544067383,2.850235625932801,2.8073749398285486,2.828805282880675,3856000
1998-12-24,2.893097400665283,2.9252429273393417,2.8395215228751853,2.850236698433205,605600
1998-12-28,2.8716659545898438,2.9145266404792443,2.839520440172793,2.8716659545898438,2506000
1998-12-29,2.9359569549560547,2.989532811798319,2.860950755376886,2.8716659267453384,2609200
1998-12-30,2.9359569549560547,2.9573872976929603,2.9038114408506965,2.935956954956055,2546800
1998-12-31,2.9573869705200195,3.0216779916182808,2.8823807792387144,2.9252414599708887,2068000
1999-01-04,3.00024676322937,3.021677097252437,2.882379926102502,2.9252405941486357,1759600
1999-01-05,3.00024676322937,3.0431074312755038,2.978816429206303,3.00024676322937,991200
1999-01-06,3.053823471069336,3.064538641143263,2.9573869404039885,2.989532450625771,1356000
1999-01-07,2.9359569549560547,3.021678325903677,2.828805241271527,3.010963154535224,2656800
1999-01-08,3.0859696865081787,3.1395455491211677,2.925242098669211,2.9359572711918087,3171200
1999-01-11,2.9573869705200195,3.1609752039978467,2.8930959494217583,3.1502600338148032,3020400
1999-01-12,2.968104600906372,3.1181171078113876,2.9252438846477964,2.9466742427770845,3406000
1999-01-13,2.9303197860717773,2.962521102402236,2.844449609190553,2.876650925521012,3693200
1999-01-14,2.908853054046631,2.994723254904096,2.898119278939448,2.9303206042609973,716800
1999-01-15,2.8873841762542725,2.9625205674579154,2.855182865738426,2.8981179464262214,830400
1999-01-19,3.005455255508423,3.0698578681264608,2.9410526428903854,2.962520180429731,1772800
1999-01-20,3.005455255508423,3.1342604807444983,3.005455255508423,3.048390330587115,1516800
1999-01-21,3.0376553535461426,3.0913241760469576,3.0161878245458165,3.0269215890459793,1546400
1999-01-22,3.0913264751434326,3.0913264751434326,2.9839887503120632,2.9947225227952003,2235600
1999-01-25,3.0376553535461426,3.102057940547121,3.0054540600456536,3.0913241760469576,1106000
1999-01-26,2.9625203609466553,3.0269229774889737,2.9517865915229353,3.0269229774889737,3531600
1999-01-27,2.87665057182312,3.0054558213077374,2.8551830302423507,2.994722050517353,2788400
1999-01-28,2.87665057182312,2.9088518841942745,2.8229817178711962,2.87665057182312,3273200
1999-01-29,2.9625203609466553,3.0376567469126936,2.8444488972857376,2.876650205556897,2827200
1999-02-01,2.87665057182312,2.941053196565429,2.8659168010327356,2.941053196565429,3993200
1999-02-02,2.7049105167388916,2.8766508670080277,2.7049105167388916,2.8551833232243857,2926800
1999-02-03,2.822981357574463,2.8551826658357684,2.726377432790546,2.7478449716314164,3995600
1999-02-04,2.8337149620056152,2.89811757477847,2.790779886823712,2.8229811932101394,3675600
1999-02-05,2.908853054046631,2.9195868291538143,2.833716628296349,2.833716628296349,1486400
1999-02-08,2.9195852279663086,2.983987843289095,2.9195852279663086,2.9195852279663086,961200
1999-02-09,2.9303197860717773,2.94105355818193,2.812248292860094,2.9303197860717773,715600
1999-02-10,2.8659162521362305,2.9303188645437865,2.8444487146670454,2.9195850958091936,565600
1999-02-11,2.855182409286499,2.9625200938461416,2.822981103918606,2.8766499461984276,3232000
1999-02-12,2.9195852279663086,2.930318997186773,2.8229813049821293,2.8229813049821293,1567200
1999-02-16,2.8337149620056152,2.908851343573946,2.7478448116418086,2.8766500371875185,1332000
1999-02-17,2.822981357574463,2.8444488964153334,2.7478449716314164,2.7907800493131574,1139200
1999-02-18,2.8015124797821045,2.833713772653163,2.758577422620693,2.8229800083628103,800400
1999-02-19,2.8122472763061523,2.844448580996681,2.7907797398458,2.8337148127665044,2458000
1999-02-22,2.822981357574463,2.91958528235838,2.780046279892722,2.8337151269948984,779600
1999-02-23,2.790780782699585,2.822982099423042,2.780047010458433,2.822982099423042,1269600
1999-02-24,2.8015124797821045,2.855181301233869,2.7907787154917516,2.7907787154917516,1193200
1999-02-25,2.8659162521362305,2.8981175583400085,2.8122474084632674,2.833714945932453,1639200
1999-02-26,2.8337149620056152,2.8766500371875185,2.8015136556191877,2.8766500371875185,1188000
1999-03-01,2.7478444576263428,2.8766496665775776,2.73711069021374,2.8766496665775776,2834400
1999-03-02,2.780046224594116,2.8766501474564596,2.769312455387189,2.780046224594116,1619200
1999-03-03,2.7478444576263428,2.8015132946893573,2.726376922801137,2.8015132946893573,2936400
1999-03-04,2.844449043273926,2.844449043273926,2.715643803578503,2.7478451135023585,2527600
1999-03-05,2.87665057182312,2.87665057182312,2.8229817178711962,2.8551830302423507,760000
1999-03-08,2.9303197860717773,2.9839886466225423,2.8337158370804,2.9088522418514713,1444800
1999-03-09,2.8015124797821045,2.941051415556692,2.6941748368785756,2.9195838869759863,2306400
1999-03-10,2.983987808227539,2.983987808227539,2.801513733623697,2.8337150409067275,5960000
1999-03-11,2.983987808227539,3.144994344642694,2.973254039133195,3.0913254991709755,5587200
1999-03-12,2.9625203609466553,3.048390516336413,2.9410528220992154,2.9839878997940947,1056800
1999-03-15,2.9410529136657715,2.973254222939484,2.9088516043920585,2.973254222939484,1176800
1999-03-16,2.983987808227539,3.0054553464162264,2.951786500944508,2.983987808227539,850000
1999-03-17,3.080592155456543,3.091325926033047,2.9839882202680106,2.9839882202680106,1010400
1999-03-18,2.9732565879821777,3.102061927533752,2.941055253094284,3.0913281492377878,1377600
1999-03-19,3.0161917209625244,3.059126834428183,2.962522829130451,2.9839903858632804,1552400
1999-03-22,2.9625203609466553,3.0161892080652537,2.9410528220992154,3.005455438641534,790000
1999-03-23,2.951786518096924,2.96252028725364,2.9088514414700595,2.9195852106267757,864000
1999-03-24,2.908853054046631,2.994723254904096,2.8659179536178985,2.9625219295825467,1865200
1999-03-25,2.8337149620056152,2.919585112369422,2.790779886823712,2.919585112369422,3718000
1999-03-26,2.8873841762542725,2.9517867972859664,2.801514014878681,2.876650406082324,5338800
1999-03-29,2.9625203609466553,2.9947216692178142,2.930319052675496,2.930319052675496,1775600
1999-03-30,2.844449043273926,2.9517867430201115,2.8337152732993074,2.9517867430201115,3317600
1999-03-31,2.855182409286499,2.8981174831103558,2.8444486408305347,2.8766499461984276,1166400
1999-04-01,2.87665057182312,2.8981181134038896,2.8229817178711962,2.8444492594519657,1318800
1999-04-05,2.8873841762542725,2.9195854867701194,2.758578934190885,2.9195854867701194,3171600
1999-04-06,2.855182409286499,2.9195850200222844,2.8444486408305347,2.8659161777424633,2199200
1999-04-07,2.8122472763061523,2.855182349226857,2.7585784351552713,2.8337148127665044,1701600
1999-04-08,2.790780782699585,2.876650960628803,2.7693132382172805,2.8122483271818894,1140000
1999-04-09,2.8122472763061523,2.865916117457033,2.7478446669250953,2.7478446669250953,1272000
1999-04-12,2.908853054046631,2.9303206042609973,2.7907815278676162,2.8015153029747997,1660400
1999-04-13,2.9892821311950684,3.0000349446166337,2.8817539969794184,2.9032596238225485,4466000
1999-04-14,2.935518980026245,2.9892830639095096,2.9140133464729394,2.9462717968028977,1443600
1999-04-15,3.064551591873169,3.09681002968236,2.92476502803334,2.92476502803334,2135200
1999-04-16,3.258103847503662,3.333373573353582,3.075305941868143,3.075305941868143,5423600
1999-04-19,3.2688567638397217,3.365632128558661,3.2150926723291997,3.247351127235513,2685600
1999-04-20,3.1398231983184814,3.279609847558688,3.107564740801511,3.279609847558688,3490800
1999-04-21,3.225844621658325,3.225844621658325,3.139822098414103,3.161327729225159,1624000
1999-04-22,3.204338312149048,3.2581023777891325,3.1505742465089632,3.225843938405082,927600
1999-04-23,3.118316411972046,3.193586118467923,3.1075635967583493,3.182833303254226,994400
1999-04-26,3.0107879638671875,3.1290689195905412,3.000035149710519,3.1290689195905412,1046000
1999-04-27,3.17208194732666,3.17208194732666,2.9677783642785025,3.000036824759791,1469600
1999-04-28,3.2688567638397217,3.279609582141826,3.1720813991207826,3.1720813991207826,1465600
1999-04-29,3.290360927581787,3.376383435492422,3.2365968601376403,3.268855300604128,3362400
1999-04-30,3.2688567638397217,3.376384946860765,3.2688567638397217,3.3118680370481393,1748800
1999-05-03,3.2688567638397217,3.2903624004439305,3.2365983089334085,3.279609582141826,1373600
1999-05-04,3.311866521835327,3.311866521835327,3.2688552683049985,3.290360895070163,1937600
1999-05-05,3.2365972995758057,3.29036137431959,3.1935860397807785,3.29036137431959,650400
1999-05-06,3.1613292694091797,3.25810465520742,3.139823628120682,3.2258461932746734,659600
1999-05-07,3.225844621658325,3.311867144902547,3.064552390575409,3.096810836791992,11700800
1999-05-10,3.3226211071014404,3.3441267453351067,3.204340096816276,3.2365985541667754,1980400
1999-05-11,3.333373546600342,3.35487918238486,3.279609457139046,3.2903622750313053,5866800
1999-05-12,3.333373546600342,3.3656320002771194,3.279609457139046,3.2903622750313053,1474800
1999-05-13,3.365631341934204,3.3763841577231313,3.3118672629895682,3.3333728945674226,2565600
1999-05-14,3.3011136054992676,3.397888922924327,3.2796079794048096,3.3548776707354118,2879600
1999-05-17,3.290360927581787,3.3118665545594457,3.2150912331599812,3.279608114092958,2650800
1999-05-18,3.258103847503662,3.301115119417902,3.2258453935679823,3.301115119417902,668000
1999-05-19,3.333373546600342,3.3763848181693783,3.2581038213545277,3.2688566392467866,2219600
1999-05-20,3.2796096801757812,3.344126591916944,3.268856861552254,3.3333737732934168,814800
1999-05-21,3.3226211071014404,3.35487956445194,3.2581041924004417,3.279609830634108,1248400
1999-05-24,3.225844621658325,3.333372775713603,3.225844621658325,3.322619960308075,2362000
1999-05-25,3.2150914669036865,3.2581027239860103,3.172080209821363,3.225844281174268,882000
1999-05-26,3.258103847503662,3.258103847503662,3.1935869396323024,3.2365982115465424,415200
1999-05-27,3.2473490238189697,3.258101835156119,3.225843401144672,3.2473490238189697,820400
1999-05-28,3.2796096801757812,3.290362498799308,3.215092768434618,3.2365984056816726,1071200
1999-06-01,3.2365972995758057,3.2688557444220763,3.161327594934508,3.2688557444220763,1438800
1999-06-02,3.3548805713653564,3.354880571365356,3.2258467032359195,3.236599525580039,1332800
1999-06-03,3.3548805713653564,3.5914426629359903,3.354880571365356,3.4086446830859547,2700000
1999-06-04,3.451652765274048,3.4946640146855623,3.3763830788038973,3.3978887035096546,1378000
1999-06-07,3.5269246101379395,3.5376774290712865,3.4409020586711603,3.4516548776045077,1061200
1999-06-08,3.602193832397461,3.6129466498076024,3.462407206065619,3.462407206065619,2679600
1999-06-09,3.580686569213867,3.6021921942541906,3.559180944173544,3.6021921942541906,1420400
1999-06-10,3.580686569213867,3.580686569213867,3.548428131653382,3.5699337566937053,1221200
1999-06-11,3.602193832397461,3.623699467217744,3.526924110526469,3.5376769279366105,1027600
1999-06-14,3.5914394855499268,3.62369792404289,3.5806866727189393,3.6021922983809147,738400
1999-06-15,3.602193832397461,3.645205102038027,3.591441014987319,3.591441014987319,1677200
1999-06-16,3.548428773880005,3.6236984751441264,3.462406258149581,3.6236984751441264,992800
1999-06-17,3.6774630546569824,3.698968686555561,3.53767644731622,3.591440527062667,2031200
1999-06-18,3.6667096614837646,3.6989681042534164,3.6129455902010115,3.6882152899968657,727600
1999-06-21,3.634450912475586,3.6882149792281833,3.612945285774547,3.6882149792281833,1009600
1999-06-22,3.6237010955810547,3.666712384549376,3.6021954510968945,3.612948273338975,1078400
1999-06-23,3.569934129714966,3.6452038252210044,3.526922875140087,3.580686943358686,952400
1999-06-24,3.5161709785461426,3.6021935101313693,3.473159712753529,3.6021935101313693,489200
1999-06-25,3.5054171085357666,3.5269227349685015,3.4946642953193994,3.5269227349685015,614400
1999-06-28,3.4409000873565674,3.505416963994503,3.2688550829887393,3.505416963994503,1345200
1999-06-29,3.4731597900390625,3.48391260672649,3.419395706601925,3.4301485232893527,2542400
1999-06-30,3.483914613723755,3.612948488306116,3.4624089679600276,3.4731617908418912,2419600
1999-07-01,3.4946653842926025,3.505418200859657,3.440901301457332,3.440901301457332,964400
1999-07-02,3.548428773880005,3.6021928462115205,3.4946647015484897,3.505417516014793,640800
1999-07-06,3.4946653842926025,3.5484294671278738,3.4301484848902777,3.505418200859657,1520800
1999-07-07,3.5054171085357666,3.5914396142667058,3.4409002292375623,3.5914396142667058,761200
1999-07-08,3.5161709785461426,3.5914406936832157,3.4839125292016826,3.5484294278906026,738000
1999-07-09,3.4409000873565674,3.5591810278594496,3.4301472745835784,3.5161697767674926,1172400
1999-07-12,3.408642053604126,3.5054173800471453,3.3871364255056773,3.4839117519486966,1102400
1999-07-13,3.392273426055908,3.4138116700308663,3.349196938105992,3.381504304068429,936800
1999-07-14,3.392273426055908,3.446119035993304,3.3168895721435545,3.4353499140058243,2089600
1999-07-15,3.3815038204193115,3.4245803022080925,3.3599655795249213,3.3599655795249213,1315200
1999-07-16,3.4138119220733643,3.446119290421062,3.370735430943101,3.381504553725667,758400
1999-07-19,3.4030418395996094,3.424580079090746,3.338427121126199,3.4138109593451778,552400
1999-07-20,3.5215039253234863,3.6938099277857974,3.5107348001695917,3.532273050477381,4442800
1999-07-21,3.4461183547973633,3.521502193808556,3.3922727555036545,3.521502193808556,1336800
1999-07-22,3.489197015762329,3.4999661423541877,3.4030440030274565,3.4568896359867516,1292800
1999-07-23,3.683039665222168,3.726116152534708,3.532271959628278,3.532271959628278,1787200
1999-07-26,3.5107345581054688,3.683040548687332,3.5107345581054688,3.6615022998645994,695200
1999-07-27,3.4461183547973633,3.5645786732435227,3.42458011507988,3.521502193808556,2086000
1999-07-28,3.4676570892333984,3.5215026962090725,3.4353497250479945,3.446118846443129,1353200
1999-07-29,3.715346336364746,3.7368845759958464,3.4568874607915467,3.4784257004226466,2756000
1999-07-30,3.683039665222168,3.758423518019113,3.618424934253358,3.683039665222168,1898000
1999-08-02,3.715346336364746,3.7261154561802963,3.5968860183936964,3.6830389769180965,828400
1999-08-03,3.639963388442993,3.7799619803061852,3.618425143540964,3.7368854905021265,740800
1999-08-04,3.7907304763793945,3.7907304763793945,3.6399627869779416,3.6507319076494738,1095200
1999-08-05,3.973806381225586,4.070728488084747,3.7907312904916157,3.7907312904916157,6318800
1999-08-06,4.296880722045898,4.307649846662555,4.006114357396176,4.016883482012832,10857600
1999-08-09,4.26457405090332,4.33995793564151,4.2322666717298105,4.307650556468,5552400
1999-08-10,3.8553476333618164,4.243036222191496,3.844578505894325,4.243036222191496,11995600
1999-08-11,3.9953453540802,4.113805728459937,3.876884979700464,3.876884979700464,49530800
1999-08-12,4.049190044403076,4.092266534237151,4.0061135545690005,4.081497411778632,11618000
1999-08-13,4.03842306137085,4.081499574025472,3.995346548716227,4.081499574025472,3915600
1999-08-16,3.9953453540802,4.049190978798262,3.984576229136588,4.027652728911037,4842400
1999-08-17,4.006115436553955,4.081499329177282,3.9845771815187185,4.081499329177282,3304400
1999-08-18,3.98457407951355,4.049188794316472,3.98457407951355,4.038419675182652,2251200
1999-08-19,4.070729732513428,4.135344490172371,3.995345848577994,3.995345848577994,3824800
1999-08-20,4.081499099731445,4.124575607380327,4.059960845907005,4.124575607380327,2324000
1999-08-23,4.070729732513428,4.11380623761939,4.0384223536839565,4.11380623761939,2996400
1999-08-24,4.059961318969727,4.124576087971898,4.049192190802699,4.059961318969727,1313600
1999-08-25,4.059961318969727,4.081499575303783,4.049192190802699,4.059961318969727,3498800
1999-08-26,3.9953453540802,4.0707292286854875,3.9953453540802,4.049190978798262,4426800
1999-08-27,3.9953453540802,4.03842185385465,3.984576229136588,4.03842185385465,2379600
1999-08-30,4.01688289642334,4.038421142516762,3.984575527283206,3.984575527283206,1148800
1999-08-31,4.113804340362549,4.167649946911797,4.016882248573903,4.016882248573903,2851200
1999-09-01,4.146113872528076,4.167652126411339,4.124575618644814,4.135344745586445,2284400
1999-09-02,4.027652263641357,4.1030361295383875,3.99534489254263,4.1030361295383875,2588400
1999-09-03,4.03842306137085,4.059961317698161,4.006115676879883,4.049192189534505,1901600
1999-09-07,4.124575138092041,4.210728143587437,4.016883881222798,4.016883881222798,2730000
1999-09-08,4.1353440284729,4.307650029659271,4.0814984031021595,4.092267528176308,4117200
1999-09-09,4.350724697113037,4.350724697113037,4.2107261301267265,4.221495250664136,3618400
1999-09-10,4.26457405090332,4.372265314815021,4.16765191338279,4.372265314815021,2659200
1999-09-13,4.199958801269531,4.264573552058294,4.15688230074369,4.264573552058294,1657600
1999-09-14,4.059961318969727,4.221498241475153,4.049192190802699,4.210729113308125,2080800
1999-09-15,3.952268123626709,4.081497599058645,3.941499000674048,4.059959353153323,2696000
1999-09-16,4.006115436553955,4.006115436553955,3.941500671448246,3.9630389264834824,1253600
1999-09-17,4.01688289642334,4.0814976347036085,3.952268158143072,3.9630372811897834,1513600
1999-09-20,4.167651176452637,4.264573296835256,4.0276525581221865,4.049190807096101,5072800
1999-09-21,3.941497802734375,4.146111076646815,3.9414978027343754,4.135341956967213,3708800
1999-09-22,3.941497802734375,4.027650760171192,3.876883084656763,3.9738051617731815,4423600
1999-09-23,3.8445773124694824,3.9953450502133836,3.8230390642203536,3.984575926088819,1639200
1999-09-24,3.607656478881836,3.844577202868106,3.499965240706259,3.844577202868106,4068000
1999-09-27,3.7476565837860107,3.7584257119003386,3.6722726869857176,3.7368874556716833,3034000
1999-09-28,3.5107345581054688,3.8015009172123633,3.467658060460003,3.790731792800997,4129600
1999-09-29,3.6291959285736084,3.6615033107270825,3.543042909497677,3.543042909497677,5394800
1999-09-30,3.661501169204712,3.769192380063674,3.6399629270329195,3.6399629270329195,2349600
1999-10-01,3.661501169204712,3.715346774634193,3.6291938059470232,3.6399629270329195,1456400
1999-10-04,3.683039665222168,3.693808787050303,3.575348446940818,3.618424934253358,1798000
1999-10-05,3.618424892425537,3.6615013792401268,3.4891954319817677,3.6507322575364793,3047200
1999-10-06,3.5645804405212402,3.6076569413130377,3.5430421901253415,3.6076569413130377,1636800
1999-10-07,3.6938085556030273,3.7153467979097505,3.532271738302603,3.5968864652227728,1752000
1999-10-08,3.5215039253234863,3.6938099277857974,3.5107348001695917,3.6184260517085365,3649200
1999-10-11,3.618424892425537,3.639963135832832,3.4784263102781203,3.5322719187963574,1274000
1999-10-12,3.7476565837860107,3.801502224357649,3.6615035588713902,3.6615035588713902,2177200
1999-10-13,3.6126394271850586,3.795967398116838,3.580287432314745,3.709695411796001,2228800
1999-10-14,3.644990921020508,3.7096949018670258,3.526366956135225,3.623422927405002,1484000
1999-10-15,3.450878143310547,3.6557740330696107,3.3969581723213196,3.6557740330696107,3327600
1999-10-18,3.4724464416503906,3.5155824222920105,3.418526465848366,3.4293104610087712,2130800
1999-10-19,3.644990921020508,3.7528308890980373,3.515582959327472,3.526366956135225,1981600
1999-10-20,3.828317880630493,3.839101874660438,3.6881259582412076,3.6881259582412076,2732000
1999-10-21,3.688126564025879,3.8391025052433125,3.634206585019653,3.806750517839577,890000
1999-10-22,3.8498880863189697,3.968512088978658,3.6665600822085427,3.6665600822085427,1703600
1999-10-25,3.7204782962799072,3.860670232081759,3.623422340724779,3.860670232081759,808800
1999-10-26,3.644990921020508,3.7851828795212965,3.644990921020508,3.7743988827135433,1713600
1999-10-27,3.644990921020508,3.7420468922902845,3.623422927405002,3.6557749178282606,1456000
1999-10-28,3.5479350090026855,3.7528309517718377,3.4508790361120347,3.6449909818933364,2042800
1999-10-29,3.591071128845215,3.591071128845215,3.440095165470341,3.5479351393095366,1572400
1999-11-01,3.623422861099243,3.6342068577096573,3.547934884826342,3.5802868746575855,836000
1999-11-02,3.3214707374572754,3.623422622680664,3.235198770250593,3.623422622680664,3785600
1999-11-03,3.396958827972412,3.429310816810245,3.2891188651796375,3.3106868577381925,5707600
1999-11-04,3.2675516605377197,3.4293116437326563,3.1920636683800825,3.396959647093669,1625600
1999-11-05,3.1597118377685547,3.2999038305705723,2.9979518460739185,3.2783358316779543,9891600
1999-11-08,3.235198497772217,3.256766487757365,3.1597105328241986,3.1597105328241986,3473600
1999-11-09,3.34303879737854,3.353822793499116,3.2244148400522046,3.2459828322933566,4055600
1999-11-10,3.4077420234680176,3.494013973429233,3.332254067251954,3.353822054742258,2160800
1999-11-11,3.34303879737854,3.4293107663431472,3.299902812896236,3.4293107663431472,1836400
1999-11-12,3.3861746788024902,3.461662649349043,3.2999027124635734,3.321470704048303,2381600
1999-11-15,3.4724464416503906,3.4940144319712005,3.3861744803671514,3.3861744803671514,1271600
1999-11-16,3.353823184967041,3.450879161380878,3.2999031980704645,3.4293111666222478,1710400
1999-11-17,3.601853132247925,3.763613003456664,3.37538931255569,3.3861733039696063,3100400
1999-11-18,3.5155839920043945,3.558719991906289,3.3969599922741853,3.4940159920534475,2759200
1999-11-19,3.3861746788024902,3.461662649349043,3.3538226914253966,3.429310661971949,4571600
1999-11-22,3.353823184967041,3.440095164001563,3.2783352033118343,3.364607182346356,2540400
1999-11-23,3.3214707374572754,3.3646067210606168,3.170494794845581,3.343038729258946,8740800
1999-11-24,3.4077420234680176,3.4400940047034734,3.343038060997106,3.343038060997106,5987200
1999-11-26,3.4077420234680176,3.4293100109583214,3.3969580297228656,3.4077420234680176,1155600
1999-11-29,3.235198497772217,3.3753904326756796,3.235198497772217,3.3646064376831055,4353600
1999-11-30,3.1920623779296875,3.2783343340899496,3.138142405329524,3.2351983560098185,3780000
1999-12-01,3.2244150638580322,3.2783350482034845,3.15971108264349,3.235199060727123,2977600
1999-12-02,3.0842230319976807,3.1920629981514455,3.0734390353823042,3.1920629981514455,2751600
1999-12-03,2.997951030731201,3.1381429854056817,2.933247051650672,3.12735898889226,1984400
1999-12-06,2.8469741344451904,2.987166042580749,2.8469741344451904,2.9332460779132266,1987600
1999-12-07,2.6097252368927,2.7283491112969136,2.5018853510706878,2.6744291683859074,19160000
1999-12-08,2.6959991455078125,2.760703125,2.4803192138671877,2.6097271728515627,9156800
1999-12-09,2.72835111618042,2.8038390917269136,2.588159161594074,2.771487102206988,4218800
1999-12-10,2.6959991455078125,2.749919128417969,2.598943176269531,2.749919128417969,3742000
1999-12-13,2.7607038021087646,2.9332477897405624,2.717567805200815,2.73913580365479,4740400
1999-12-14,2.739135265350342,2.8254072422117695,2.7175672711349845,2.793055250888734,2705600
1999-12-15,2.782271385192871,2.857759368512058,2.739135394724765,2.739135394724765,6146800
1999-12-16,2.922464370727539,2.922464370727539,2.803840355679558,2.803840355679558,6224000
1999-12-17,2.9655988216400146,2.9655988216400146,2.9116788430647413,2.9655988216400146,4254800
1999-12-20,2.9440317153930664,2.976383712265518,2.86854372269068,2.965599713308034,3943200
1999-12-21,2.9332478046417236,2.965599802487037,2.8793278082328686,2.9440318039234947,2204800
1999-12-22,2.900895833969116,2.9332478321174706,2.846975837055192,2.911679833351901,2402000
1999-12-23,2.9440317153930664,3.019519708095453,2.846975724775713,2.8577597237331966,4230800
1999-12-27,2.8469741344451904,2.96559805671374,2.7930541697776676,2.922462084979722,2252800
1999-12-28,2.9332478046417236,2.954815803205266,2.771487815415158,2.9332478046417236,3511200
1999-12-29,2.987169027328491,3.051873049581094,2.9332490087846557,2.976385023619724,1347200
1999-12-30,2.9440317153930664,3.0518717049679043,2.846975724775713,3.0518717049679043,1889600
1999-12-31,3.0303046703338623,3.030304670333862,2.857760632165386,2.911680644093035,924400
2000-01-03,2.6744329929351807,2.9979531130483075,2.5881609609050136,2.9656011010369947,3971200
2000-01-04,2.6744329929351807,2.696001000942722,2.54502494488993,2.5881609609050136,5402800
2000-01-05,2.598942995071411,2.674430965882614,2.5665910075808953,2.6312949825619265,3598000
2000-01-06,2.814622640609741,2.8469746249845658,2.5773747551943607,2.598942744777577,3956000
2000-01-07,2.782271385192871,2.8901113613631377,2.7499193923417913,2.846975370895031,2756400
2000-01-10,2.803840160369873,2.803840160369873,2.6960001542018013,2.73913615666903,1998800
2000-01-11,2.825406074523926,2.8685420451273442,2.7607021186187977,2.7607021186187977,2788400
2000-01-12,2.830592632293701,2.863003998312331,2.7765736889293176,2.8197888436208243,2079200
2000-01-13,2.8846116065979004,2.927826761752925,2.841396451442876,2.852200240231632,4296400
2000-01-14,2.9386322498321533,2.9602398399044487,2.86300568457912,2.9278284547960056,5099200
2000-01-18,2.949436664581299,3.1006898268675194,2.884613880744347,2.981848056499775,3706800
2000-01-19,2.960238218307495,3.0790798986045114,2.960238218307495,2.9926495856612267,1662400
2000-01-20,2.895415782928467,2.960238524337313,2.7657703001107743,2.9494347341025056,4240800
2000-01-21,2.808985710144043,2.992650160422692,2.78737812775832,2.927827413265522,7760000
2000-01-24,2.7441623210906982,2.798181264419255,2.668535800430718,2.765769898422121,5458400
2000-01-25,2.7009475231170654,2.7981816339492798,2.690143733024597,2.7441626834869384,5332000
2000-01-26,2.733358860015869,2.8089853897396284,2.7117512800947954,2.7117512800947954,4566400
2000-01-27,2.668536901473999,2.7873786258311406,2.6361255221038697,2.744163453337635,2605200
2000-01-28,2.6361241340637207,2.7117506461065326,2.6253203466290334,2.6685354963677828,2298000
2000-01-31,2.7441623210906982,2.7549661097564093,2.60371306843645,2.6793395890964296,3082800
2000-02-01,2.76577091217041,2.798182290047407,2.700948156416416,2.7225557416677475,2764000
2000-02-02,2.852201223373413,2.884612600911747,2.808986053322301,2.808986053322301,4101200
2000-02-03,2.7873783111572266,2.9062200220980383,2.7873783111572266,2.873808646386908,3419200
2000-02-04,2.7117514610290527,2.8630045305685217,2.636124926259318,2.7765742051173965,2589200
2000-02-07,2.6901445388793945,2.787378678838891,2.6685369522217286,2.754967298852392,3120800
2000-02-08,2.67933988571167,2.744162624882114,2.646928516126448,2.711751255296892,2361600
2000-02-09,2.6037135124206543,2.744162789024258,2.5713021408967456,2.70094762699238,3786400
2000-02-10,2.7441623210906982,2.7441623210906982,2.60371306843645,2.60371306843645,3636800
2000-02-11,2.7009475231170654,2.7549664735794064,2.6361247825622556,2.7549664735794064,3043600
2000-02-14,2.7225570678710938,2.7441646636478487,2.6469304826524525,2.700949472094339,2067200
2000-02-15,2.808985710144043,2.8522008749154897,2.7117515894082875,2.7225553806011495,2679600
2000-02-16,2.7549657821655273,2.86300365597594,2.7549657821655273,2.8305922938328165,2467600
2000-02-17,2.7981820106506348,2.7981820106506348,2.7441630529160665,2.7765744275568074,4590800
2000-02-18,2.7117514610290527,2.8089855771615686,2.7117514610290527,2.798181786480178,2795200
2000-02-22,2.67933988571167,2.7333588350203732,2.625320936402967,2.7009474654351515,1354400
2000-02-23,2.549694299697876,2.7225549301858676,2.5388905102923762,2.6577321937528704,2829600
2000-02-24,2.420048475265503,2.582105292805603,2.376833323921476,2.582105292805603,5046800
2000-02-25,2.3984410762786865,2.4632638080700024,2.3660297103830286,2.4308524421743445,5426400
2000-02-28,2.4524600505828857,2.5064789944283237,2.3876373179683603,2.4308524730447107,3141200
2000-02-29,2.6361241340637207,2.6361241340637207,2.441655960239348,2.4524597476740353,8637600
2000-03-01,2.7009475231170654,2.722555103302002,2.6361247825622556,2.679339942932129,6214400
2000-03-02,3.06827449798584,3.089882064873064,2.7657685615647005,2.7657685615647005,8708800
2000-03-03,2.9926509857177734,3.1331003099572357,2.873809249822844,3.068277544923638,6155200
2000-03-06,3.0034542083740234,3.08988454530565,2.9386314556753037,2.96023903990821,1912400
2000-03-07,3.230332851409912,3.2735480066127205,3.0466684417979777,3.133098752203594,4027600
2000-03-08,3.2627437114715576,3.3599777955882595,3.1330982659826216,3.2195285629752455,6978400
2000-03-09,3.2411386966705322,3.305961470603943,3.1763159227371216,3.284353879292806,2698800
2000-03-10,3.2087254524230957,3.3059595570419775,3.111491347804214,3.1871178736188996,4815600
2000-03-13,3.154705047607422,3.273546676113181,3.1439012631978076,3.1655088320170366,1570000
2000-03-14,3.197920799255371,3.2519397316752254,3.1330980803515462,3.1655094398034587,2675200
2000-03-15,3.1655097007751465,3.2627437871470795,3.0898831891525322,3.241136212397761,2478400
2000-03-16,3.2411386966705322,3.3491766532262166,3.1547083314259847,3.1655121270815534,3574800
2000-03-17,3.197920799255371,3.284351091127138,3.1655094398034587,3.2411359451912545,1438800
2000-03-20,3.1763131618499756,3.1871169481147716,3.0682752992020172,3.16550937558518,2441600
2000-03-21,3.230332851409912,3.2627442178120183,3.143902541004296,3.176313907406402,3318400
2000-03-22,3.273545980453491,3.4031913658179858,3.17631194143012,3.3059573267946147,7837600
2000-03-23,3.284353494644165,3.295157289034442,3.2411383170830574,3.284353494644165,2806000
2000-03-24,3.1871180534362793,3.305959743564412,3.176314263424631,3.273548373529467,3700000
2000-03-27,3.1871180534362793,3.262744583517818,3.154706683401334,3.176314263424631,3110800
2000-03-28,3.338371753692627,3.435605882440956,3.2303338328611506,3.2303338328611506,3733600
2000-03-29,3.6462788581848145,3.7489145166884117,3.349174352084748,3.349174352084748,5833600
2000-03-30,3.975795269012451,4.15945972437444,3.716504273207291,3.7489156476829364,11296000
2000-03-31,3.6624841690063477,4.105439481482041,3.6624841690063477,3.964990236062919,6144800
2000-04-03,4.019007682800293,4.040615250987391,3.7597168645551124,3.8029320009293093,4421600
2000-04-04,3.92177677154541,4.159460212245132,3.7705236729183147,4.127048833967898,8818400
2000-04-05,3.856955051422119,4.062227169004808,3.781328481786391,3.9974043950313276,4235200
2000-04-06,4.019007682800293,4.040615250987391,3.8785584895841536,3.900166057771252,2180800
2000-04-07,4.083832740783691,4.116244111742292,3.9757948375883556,4.008206208546957,2288000
2000-04-10,3.889364242553711,4.083832454681397,3.813737715615167,4.0730286651187475,3462000
2000-04-11,4.051421642303467,4.127048179626465,3.9001685676574707,3.9001685676574707,3255600
2000-04-12,4.208060264587402,4.316236621003531,4.121519179454499,4.132336815096112,6724400
2000-04-13,4.240514278411865,4.272967193807874,4.143155532223838,4.153973170689174,3855200
2000-04-14,4.024160385131836,4.2513307294537945,3.9592545724684194,4.2513307294537945,4076000
2000-04-17,3.9700729846954346,4.056614085179259,3.8943495217720883,4.056614085179259,2638800
2000-04-18,4.110702991485596,4.132338270388152,3.8943502024600383,3.926803120813872,2716800
2000-04-19,4.0133442878723145,4.240514719261314,3.959256089922553,4.089067765001981,4382400
2000-04-20,4.121517658233643,4.251329238020529,4.002523710095663,4.240511606371622,5895600
2000-04-24,4.024160385131836,4.089066197795253,3.991707478800128,4.07824856235135,4030800
2000-04-25,4.089066505432129,4.143154686720914,4.067431232916615,4.067431232916615,3372400
2000-04-26,4.089066505432129,4.143154686720914,4.067431232916615,4.110701777947643,2989200
2000-04-27,4.15397310256958,4.186426017433405,4.034979081402222,4.067431996266047,4181600
2000-04-28,4.305419921875,4.305419921875,4.143155351955088,4.143155351955088,4572800
2000-05-01,4.478501319885254,4.521771864038735,4.305419143271331,4.327054415348072,8929600
2000-05-02,4.651585578918457,4.738126705968103,4.489320965700371,4.500138606581577,7471200
2000-05-03,4.5434064865112305,4.705671003886632,4.521771217527844,4.640765196936472,7364800
2000-05-04,4.792212009429932,4.867935449759524,4.521771151109958,4.543406419775556,8126800
2000-05-05,4.922025680541992,4.954478597116994,4.738125819950313,4.748943458808648,5255200
2000-05-08,5.019384384155273,5.09510785546796,4.846302164011988,4.867937441529898,6769200
2000-05-09,4.943659782409668,5.084289054119353,4.803030510699984,5.00856560012183,6667200
2000-05-10,4.976112365722656,4.986930001300315,4.813847832057787,4.922024187834366,2924800
2000-05-11,5.095106601715088,5.105924237812148,4.986930240744492,5.01938314903567,4901200
2000-05-12,5.138376712799072,5.149194347983912,4.9977474553961505,5.105923807244552,3829600
2000-05-15,5.105923175811768,5.181646612741179,5.105923175811768,5.116740809658826,6628800
2000-05-16,4.846299648284912,5.105922843728747,4.813846748854433,5.105922843728747,5500400
2000-05-17,5.170830249786377,5.279006614844669,4.846301154611499,4.867936427623158,7666400
2000-05-18,5.279006004333496,5.333094180607405,5.06265329923786,5.149194381276115,7371200
2000-05-19,5.37636661529541,5.452090088750276,5.203284390255719,5.322278419970507,9448800
2000-05-22,5.398002624511719,5.5278143108727225,5.333096781331218,5.387184983981635,4984000
2000-05-23,5.387182235717773,5.516993855855551,5.376364600706292,5.462905680798144,8338000
2000-05-24,5.333096504211426,5.527814023634966,5.311461224275477,5.398002344019273,4621200
2000-05-25,5.2357378005981445,5.452090602275754,5.13837903984322,5.452090602275754,7182000
2000-05-26,5.192466735839844,5.354731321334839,5.149196179707845,5.279007848103841,5896000
2000-05-30,5.387182235717773,5.408817505740736,5.160011900476663,5.192464805511107,5545200
2000-05-31,5.625173091888428,5.646808373011075,5.398002640100626,5.408820280661949,7608400
2000-06-01,5.549447059631348,5.69007632235105,5.4304530680992915,5.69007632235105,4780400
2000-06-02,5.279006004333496,5.61435269723173,5.257370733823932,5.581899791467385,7745600
2000-06-05,5.224917888641357,5.279006065542407,5.127559170219469,5.279006065542407,3572800
2000-06-06,5.430455684661865,5.441273325467964,5.18164994612158,5.18164994612158,5061200
2000-06-07,5.408819198608398,5.603536689758301,5.23573698425293,5.430454475402832,4528000
2000-06-08,5.571082592010498,5.711711861323384,5.4412709587986035,5.452088594899594,3970000
2000-06-09,5.484541416168213,5.5710825036028195,5.462906144309561,5.5710825036028195,2680400
2000-06-12,5.635989189147949,5.700895014742744,5.5169951755574935,5.527812813156626,2977200
2000-06-13,5.754981994628906,5.787434900613656,5.657623276674658,5.679258547331157,2928000
2000-06-14,5.798255443572998,5.873978928843541,5.744167239808324,5.7658025213141935,2354400
2000-06-15,5.754981994628906,5.830705441926655,5.635988006018159,5.776617265285406,5023200
2000-06-16,5.9929704666137695,6.036241011499068,5.7766177421872795,5.7766177421872795,5959600
2000-06-19,5.9145426750183105,6.025423447618105,5.7982530842429165,5.971335265862108,4421600
2000-06-20,5.809071063995361,5.819888700986041,5.690077057097877,5.798253427004681,4307600
2000-06-21,5.819890022277832,5.863160580064283,5.657625430578635,5.809072382831219,6675600
2000-06-22,5.592718601226807,5.938883002076435,5.495359863487848,5.938883002076435,3479200
2000-06-23,5.722529411315918,5.809070498821641,5.6251706878719805,5.635988323810196,1300400
2000-06-26,5.625173091888428,5.841525903114905,5.538631967397836,5.754984778624314,1290000
2000-06-27,5.700894832611084,5.711712469864615,5.506177362047517,5.581900822822238,3145200
2000-06-28,5.787435531616211,5.798253168123905,5.614353347493109,5.690076803046966,2004800
2000-06-29,5.841525077819824,5.938883829116821,5.722531048456828,5.798254521687825,2542400
2000-06-30,5.78203010559082,5.949702890428261,5.668444208335289,5.841526474238656,3358000
2000-07-03,5.700894832611084,5.852341754160524,5.66844192085049,5.809071205146398,955200
2000-07-05,5.116744041442871,5.690078997460782,5.062655838044955,5.690078997460782,8606400
2000-07-06,4.976112365722656,5.343911975363026,4.727306747436524,5.279006161897079,13292400
2000-07-07,5.192466735839844,5.214102013905843,4.878755203882854,4.932843399047852,7344800
2000-07-10,5.257369518280029,5.538627969875257,5.235734252772704,5.527810337121595,5566400
2000-07-11,5.6035356521606445,5.625170924948909,5.279006560336669,5.279006560336669,10232800
2000-07-12,5.441271781921387,5.8090714649936075,5.430454144183968,5.798253827256189,6577200
2000-07-13,5.533975124359131,5.609783002775009,5.230743610695617,5.436507852110144,6513200
2000-07-14,5.45816707611084,5.577293738486275,5.37152950347416,5.5339749521679344,2781600
2000-07-17,5.263229846954346,5.620609651377171,5.209081391738765,5.458164285730432,5228000
2000-07-18,5.45816707611084,5.45816707611084,5.21991375135997,5.21991375135997,5148800
2000-07-19,5.360698699951172,5.458165949041193,5.328209616921165,5.447336254697857,2002000
2000-07-20,5.024979591369629,5.360700210620617,4.949171709603276,5.360700210620617,4954000
2000-07-21,4.862533092498779,5.068297299085587,4.667598580995487,5.068297299085587,5475600
2000-07-24,4.732575416564941,4.938339565111243,4.678426956421178,4.873361412938727,4165600
2000-07-25,4.678427219390869,4.938339842690362,4.624278756203474,4.830042916315573,4645600
2000-07-26,4.819211959838867,4.884190098623211,4.678425992472787,4.689255682270178,5205200
2000-07-27,5.111614227294922,5.165762683092538,4.86253133062589,4.86253133062589,6708400
2000-07-28,5.198253631591797,5.317380277315776,5.111616071065267,5.111616071065267,3148000
2000-07-31,5.1224470138549805,5.371530061040318,5.035809432225298,5.371530061040318,2477200
2000-08-01,5.349869251251221,5.436506809975937,5.100786269917662,5.1116159647582515,3064400
2000-08-02,5.544803619384766,5.5556333139538765,5.339039422571659,5.339039422571659,4163600
2000-08-03,5.45816707611084,5.8913549392942395,5.45816707611084,5.6314422213842,4956000
2000-08-04,5.663929462432861,5.750567006791299,5.468994987626377,5.566462225029619,4012000
2000-08-07,5.709954261779785,5.804714052752897,5.653098387195918,5.696417148783627,2492800
2000-08-08,5.685586929321289,5.84803227015904,5.6639275505429225,5.707246308099656,3491200
2000-08-09,5.739739418029785,5.880525479226742,5.739739418029785,5.880525479226742,2464000
2000-08-10,5.923842430114746,5.999650285710365,5.80471579989306,5.848034574519128,5085600
2000-08-11,5.934671401977539,5.967160478995664,5.858863555601913,5.95633078665629,2801600
2000-08-14,6.021308898925781,6.227073051946626,5.945501053075996,5.945501053075996,9181200
2000-08-15,6.151262283325195,6.2378997802734375,6.064624786376953,6.064624786376953,3815200
2000-08-16,6.107943534851074,6.2378997802734375,6.075454473495483,6.162091970443726,4539600
2000-08-17,6.281222343444824,6.541134992139093,6.194584793880068,6.194584793880068,7969600
2000-08-18,6.259563446044922,6.367860391478224,6.129607111524957,6.324541613304904,3105200
2000-08-21,6.302882671356201,6.422009319783895,6.205415413551724,6.3786905385374615,3074400
2000-08-22,6.357032775878906,6.49781885098355,6.324543681623989,6.389521870133824,3228000
2000-08-23,6.541133403778076,6.606111550173223,6.3786880377902095,6.411177110987783,4234000
2000-08-24,6.584451675415039,6.595281365670656,6.41117663132517,6.5411329143925725,5120000
2000-08-25,6.573626518249512,6.595285913696792,6.4436701455658305,6.562796820525871,2270000
2000-08-28,6.573626518249512,6.660264100038631,6.541137425078591,6.573626518249512,2191600
2000-08-29,6.7469000816345215,6.844367338030526,6.541135873687402,6.606114044618072,4318800
2000-08-30,6.562794208526611,6.779388076794817,6.465326967805919,6.746898996554586,5579200
2000-08-31,6.627771854400635,6.714409394981034,6.595282776682984,6.627771854400635,2158400
2000-09-01,6.671092987060547,6.790219647543771,6.660263290652981,6.671092987060547,3648000
2000-09-05,6.671092987060547,6.692752379875679,6.58445541580002,6.627774201430284,2422400
2000-09-06,6.801048755645752,6.801048755645752,6.627773628113376,6.649433019054923,5343200
2000-09-07,6.8118791580200195,6.8118791580200195,6.692752495479129,6.801049461425393,2734000
2000-09-08,6.714410305023193,6.746899387144273,6.551964894417793,6.703580610982833,3470800
2000-09-11,6.876857280731201,6.909346370246467,6.671093047134519,6.714411833154873,3152800
2000-09-12,6.974320411682129,7.017639172003136,6.8227047505586045,6.909342271200618,4668000
2000-09-13,6.801048755645752,7.017642665061222,6.714411191879564,7.017642665061222,4134800
2000-09-14,6.866025447845459,6.887684834116264,6.638601892001997,6.801047289033041,1876000
2000-09-15,6.8443684577941895,6.995984214770643,6.779390276232853,6.855198154721079,4874400
2000-09-18,6.922883987426758,6.96349535223372,6.822709287569586,6.8443686821332985,4268400
2000-09-19,6.725242614746094,6.974325674551505,6.681923821736457,6.920177183289459,4907200
2000-09-20,6.876857280731201,7.017643335297351,6.725241529659962,6.768560315680316,6606800
2000-09-21,6.627771854400635,6.844365705851636,6.606112469255534,6.844365705851636,5988400
2000-09-22,6.584451675415039,6.811875170782994,6.5411329143925725,6.58445167541504,5231200
2000-09-25,6.443666458129883,6.530303990340032,6.216242936078239,6.530303990340032,4980400
2000-09-26,6.7469000816345215,6.844367338030526,6.486987397911844,6.486987397911844,3000800
2000-09-27,6.8443684577941895,6.898516942428637,6.746901185452184,6.790219973159742,3685600
2000-09-28,6.757729530334473,6.9526640360171985,6.7577295303344735,6.909345256976593,3528800
2000-09-29,6.736068248748779,7.082618383732639,6.692749481875796,6.801046399058253,4221600
2000-10-02,6.876857280731201,6.9310057632566435,6.81187910170067,6.833538494710847,2756400
2000-10-03,6.8443684577941895,6.8876872455017475,6.801049670086631,6.876857548574859,2165600
2000-10-04,6.519474506378174,6.822705878767856,6.508644814507114,6.8118761868967965,5314000
2000-10-05,6.400347709655762,6.5844524661094805,6.367858634987458,6.551963391441177,3250000
2000-10-06,6.573626518249512,6.595285913696792,6.411181052394911,6.411181052394911,4725200
2000-10-09,6.562794208526611,6.692750529487535,6.49781604804615,6.606112982180252,1105600
2000-10-10,7.02847146987915,7.082619940371285,6.584454011843642,6.6061134000404955,8097600
2000-10-11,7.320869445800781,7.4291663310936915,7.11510536374425,7.169253806390706,11044800
2000-10-12,7.299216270446777,7.461661736406275,7.212578688601711,7.277556874985511,6430000
2000-10-13,7.207733631134033,7.2836045114617605,7.110185356426957,7.2836045114617605,4662000
2000-10-16,7.088510990142822,7.283607622899047,7.066833586503242,7.283607622899047,3360400
2000-10-17,7.3703131675720215,7.402829255076016,7.088507075870738,7.110184467540067,5753200
2000-10-18,7.326961994171143,7.500381212968093,7.316123292996334,7.37031679887038,8033200
2000-10-19,7.31612491607666,7.457028062608506,7.316124916076659,7.348641026814778,5792000
2000-10-20,7.532896995544434,7.543735696257447,7.337800382710189,7.348639083423203,4158000
2000-10-23,7.446183681488037,7.6087641112148505,7.261925861130982,7.543731939324125,3183600
2000-10-24,6.936769008636475,7.45702668428421,6.7850271865725515,7.4136718779802315,4280000
2000-10-25,6.3839945793151855,6.839219999232397,6.123865767933921,6.8283812987581785,9694400
2000-10-26,6.568253040313721,6.589930443087034,6.3839951167405635,6.3839951167405635,5334000
2000-10-27,6.63328218460083,6.7633465411616305,6.243089114918428,6.56825000632043,6653600
2000-10-30,6.69831657409668,6.709155274054765,6.438187775102634,6.568252174599657,3210800
2000-10-31,6.828379154205322,6.850056548345657,6.524895636240641,6.676637395222982,3737600
2000-11-01,7.3052873611450195,7.532900172100576,7.121029371323854,7.446190529831792,85014000
2000-11-02,7.121028900146484,7.28360946864298,7.099351491013619,7.28360946864298,11438400
2000-11-03,7.0234761238098145,7.229411380526461,7.0234761238098145,7.121024403307174,3452400
2000-11-06,6.915090560913086,7.034316260239174,6.828380961403204,7.034316260239174,3538400
2000-11-07,6.915090560913086,7.045154960177909,6.839219661341939,6.980122760545497,2476800
2000-11-08,7.088510990142822,7.142704499241774,6.94760786648555,6.95844656830534,4343600
2000-11-09,6.882575035095215,7.110187752791277,6.8392202317245365,7.088510351105938,2184400
2000-11-10,6.915090560913086,6.958445360668027,6.88257446109688,6.925929260851821,1820000
2000-11-13,6.752510070800781,6.969284069863407,6.730832670894519,6.936767970004013,2876400
2000-11-14,6.9801225662231445,7.023477364771114,6.763348573483295,6.763348573483295,3869600
2000-11-15,7.587088584899902,7.619604678835187,7.066831081935337,7.066831081935337,6206800
2000-11-16,7.70631217956543,7.803860435002967,7.45702219344728,7.587086534030663,6700000
2000-11-17,7.565414905548096,7.706318048488103,7.478705279123475,7.662963235275793,3281600
2000-11-20,7.326961994171143,7.608768224716187,7.283607189471906,7.608768224716187,3038000
2000-11-21,7.61961030960083,7.630449015588883,7.240255600018997,7.251094306007049,6115600
2000-11-22,7.630442142486572,7.673796927387064,7.435345610434359,7.61960344626145,3240800
2000-11-24,7.890571117401123,7.912248510580796,7.760506758323083,7.793022848092592,2414800
2000-11-27,7.933925628662109,7.977280413518186,7.738829096809762,7.901409540020051,3186800
2000-11-28,7.847217559814453,8.042314128981111,7.836378861527416,7.9339271461107455,3921600
2000-11-29,7.424506664276123,7.814699715245379,7.218571442931238,7.803861019385122,5480400
2000-11-30,7.359475135803223,7.706313433808677,7.175217289987826,7.424507316679246,8427600
2000-12-01,7.70631217956543,7.70631217956543,7.370312633058358,7.402828718204203,5049600
2000-12-04,7.977283000946045,8.096508697971053,7.749670306625574,7.749670306625574,4766800
2000-12-05,7.98812198638916,8.26992818943681,7.9014123854514215,7.977283286271943,7538000
2000-12-06,8.259089469909668,8.313282970368393,8.085670268441747,8.194057269359197,5345600
2000-12-07,7.879735946655273,8.475864525838272,7.597929709223311,8.3241227056826,10778800
2000-12-08,7.9122514724731445,7.977283676356486,7.7063161601758985,7.955606275062039,7000000
2000-12-11,8.237411499023438,8.269927597045898,7.933927917480469,7.95560531616211,3144000
2000-12-12,8.378315925598145,8.389154626666189,8.020638790352686,8.23741281171357,3772400
2000-12-13,8.486700057983398,8.584248334511944,8.334958294494552,8.378313084062793,6840400
2000-12-14,8.183219909667969,8.432510052611496,8.13986510219953,8.280768226471958,6851600
2000-12-15,8.259089469909668,8.313282970368393,8.118186368716984,8.150702468992218,4900400
2000-12-18,8.584249496459961,8.74682997934746,8.269927229544129,8.280765928403296,6525600
2000-12-19,8.746829986572266,9.006958759407128,8.595088202418596,8.595088202418596,8017600
2000-12-20,8.692639350891113,8.97444561413696,8.605929731430853,8.735994160621244,6236800
2000-12-21,8.95276165008545,9.104503372968253,8.757665149236129,8.757665149236129,6930000
2000-12-22,9.017797470092773,9.028636168975098,8.844378287975605,8.963603975681158,2170400
2000-12-26,9.635599136352539,9.689792607310652,9.017793567430047,9.017793567430047,7116400
2000-12-27,9.722314834594727,9.722314834594727,9.451347308546936,9.624766525217522,5626400
2000-12-28,9.787348747253418,9.8307035589799,9.603090797415867,9.689800420868833,5019200
2000-12-29,9.47302532196045,9.819863777684402,9.35379960280534,9.787347672460282,4861200
2001-01-02,9.288764953613281,9.624764619379924,9.12618447017781,9.440506738153056,8253200
2001-01-03,8.497540473937988,9.342959041498146,8.421669576849256,9.191217247320681,10621200
2001-01-04,8.042309761047363,8.5734056886637,7.890568067442697,8.497534841861366,14894000
2001-01-05,8.291606903076172,8.399993921417037,8.042316760892183,8.215735990237565,6247200
2001-01-08,8.519220352172852,8.746833109673652,8.32412370288645,8.32412370288645,7047200
2001-01-09,8.389153480529785,8.638443571036484,8.248250385895563,8.627604871449236,7630000
2001-01-10,8.443345069885254,8.735989892589878,8.389151584199212,8.410828978473628,4845600
2001-01-11,8.259089469909668,8.660121373304232,8.215734669542687,8.540895672295036,4665600
2001-01-12,8.124157905578613,8.243471306061075,8.048231196180682,8.243471306061075,6849600
2001-01-16,8.319400787353516,8.384480845663973,7.89638040833554,7.939767113875845,4787200
2001-01-17,7.755373954772949,8.27601444404442,7.690293893614015,8.27601444404442,7710800
2001-01-18,7.549281597137451,7.592668272983069,7.12626150764268,7.592668272983069,14735600
2001-01-19,7.679440021514893,7.766213355091332,7.3215000205120795,7.462506687573794,9270400
2001-01-22,7.809601306915283,7.896374654769898,7.679441285133362,7.679441285133362,3670000
2001-01-23,7.983147144317627,8.05907381552717,7.8529871365298405,7.863833803845489,5634400
2001-01-24,7.983147144317627,8.145847154052362,7.896373805792436,7.993993811633277,6909600
2001-01-25,8.210929870605469,8.254316554201798,7.950609769027488,7.983149781724736,3667600
2001-01-26,8.135000228881836,8.297700233459473,8.080766894022624,8.167540229797364,4761200
2001-01-29,7.875549793243408,8.243468628781127,7.875549793243409,8.134134017389409,3847600
2001-01-30,7.722830295562744,7.91199627759811,7.587464043804186,7.8772867955494705,4783200
2001-01-31,7.590932846069336,7.851252892529452,7.5492813473433475,7.722828044983425,6278000
2001-02-01,7.505893230438232,7.719355548068609,7.323669365341861,7.662085493108257,4325600
2001-02-02,7.887697219848633,7.896374421972656,7.5492810407870445,7.5492810407870445,7096000
2001-02-05,7.852986812591553,8.00917908030513,7.688117343789002,7.688117343789002,3293200
2001-02-06,8.002240180969238,8.11330998716852,7.806132182007732,7.939763249475076,3076800
2001-02-07,8.219170570373535,8.295530868453024,7.854722158474648,8.13933925937752,4278000
2001-02-08,8.000504493713379,8.286856881118307,7.983150084428107,8.156696825393936,2854400
2001-02-09,8.238264083862305,8.325037455170639,7.981414984233029,8.00224040797911,3979200
2001-02-12,8.082071304321289,8.460403235292528,8.017859198467491,8.42569375628055,3979200
2001-02-13,8.184464454650879,8.215702921663265,7.896376884891995,7.957117980733694,3431600
2001-02-14,8.168841361999512,8.385774690418934,8.156693148570263,8.191402613522966,3619200
2001-02-15,7.861668586730957,8.167111274148546,7.809604687884075,8.167111274148546,4911200
2001-02-16,7.9900946617126465,8.191408918969081,7.936294916521486,8.03521653746474,4524400
2001-02-20,7.955387115478516,8.113314712273713,7.9397678735085,7.991831792732334,3381200
2001-02-21,7.757538795471191,8.200082814985395,7.757538795471192,8.035213292648827,6849600
2001-02-22,7.653409957885742,7.8616661507729315,7.636055550990221,7.8009250646104205,3140400
2001-02-23,7.564901351928711,7.78877677371585,7.4798631700772535,7.655145723393949,3176400
2001-02-26,7.684648036956787,7.722828524658039,7.55795901925409,7.610022899374244,4626000
2001-02-27,7.700265407562256,7.800922791909943,7.66208559110968,7.677704817576459,2584400
2001-02-28,7.566636085510254,7.700267128021236,7.462508327151949,7.700267128021236,3330000
2001-03-01,7.573577880859375,7.62737759618086,7.46250809880171,7.5058947737947435,4851200
2001-03-02,7.826958179473877,7.849519442397394,7.618702608583396,7.688120911537451,9336000
2001-03-05,7.9345550537109375,8.069921263048567,7.896374569219566,7.913728973791227,2931200
2001-03-06,8.043890953063965,8.139342187537304,8.035213748665004,8.052568819491185,4499600
2001-03-07,8.46561050415039,8.538500485566251,8.208761385978391,8.252148074764776,8378800
2001-03-08,8.720724105834961,8.73113714906764,8.295534439910979,8.625273526634468,5651200
2001-03-09,8.748491287231445,8.798820001582955,8.580150734690047,8.677337149090038,6679200
2001-03-12,8.2434720993042,8.677339051899157,8.229588039047513,8.65998463860673,4880800
2001-03-13,8.14281177520752,8.259088421727682,7.977942921020785,8.241734014559036,6553200
2001-03-14,7.905056476593018,8.078603273717029,7.8443153624110105,7.94844317587402,4060400
2001-03-15,7.773159980773926,8.069924798342281,7.722831258628634,8.052570386167954,3136400
2001-03-16,7.774892330169678,7.877284913635613,7.68117694963581,7.722828450549134,4697600
2001-03-19,7.925878047943115,7.981413605049963,7.740183118393506,7.740183118393506,2903600
2001-03-20,8.104635238647461,8.241737361858297,7.8894369274033345,7.9692682920469355,5006800
2001-03-21,7.653409957885742,8.144547484961597,7.6187011440947,8.12198622637487,5675600
2001-03-22,7.43474006652832,7.662086463879476,7.219541884254211,7.65340859994324,4847600
2001-03-23,7.545809745788574,7.679440771998928,7.3757340748012306,7.452094377480836,3486400
2001-03-26,7.537137031555176,7.6794453442950905,7.497221349887,7.5475500771319215,4236000
2001-03-27,7.347970008850098,7.60481913993825,7.297641288440215,7.549284228461264,11815600
2001-03-28,7.278548240661621,7.452094937824037,7.219542337145275,7.375734629402694,2657200
2001-03-29,6.9574875831604,7.16053691470878,6.820385524304158,7.158801738912947,6588000
2001-03-30,7.155330657958984,7.1935111453895715,6.9574875176880315,6.9574875176880315,5249200
2001-04-02,6.882861614227295,7.219541950354433,6.842945955461816,7.198716533178547,8120800
2001-04-03,6.575681686401367,6.889801324153662,6.535766041056244,6.881124125083479,5719600
2001-04-04,6.792616844177246,6.867241968384858,6.577419335042579,6.6815470766202525,7132400
2001-04-05,6.999141693115234,7.014760267183161,6.750969754044891,6.803033653689855,8214800
2001-04-06,7.002607822418213,7.025169074733757,6.794352349446432,7.01128568548204,3359200
2001-04-09,7.288960933685303,7.288960933685304,7.132768648866529,7.132768648866529,2413600
2001-04-10,7.457304954528809,7.486807587796734,7.292435389832096,7.393092172660279,4311600
2001-04-11,7.406927585601807,7.591058765831399,7.393031255333682,7.591058765831399,3938000
2001-04-12,7.531999111175537,7.55631819013204,7.4086662606703,7.450355920982818,3683600
2001-04-16,7.749133110046387,7.790822761851621,7.5215748299054965,7.5215748299054965,3398800
2001-04-17,7.870729446411133,7.886363232102708,7.643171157488227,7.747395953668665,5079600
2001-04-18,7.728288650512695,7.961057982502686,7.712654864683326,7.872466308587896,8219600
2001-04-19,7.514623165130615,7.695280013831617,7.252323839967359,7.684857936597383,8235200
2001-04-20,7.59105920791626,7.660542188593594,7.426036052009249,7.4955196953317165,3693600
2001-04-23,8.146927833557129,8.155613124875092,7.625802402736295,7.643172985372222,9175200
2001-04-24,8.103504180908203,8.268526774480039,8.034020495349667,8.034020495349667,6566400
2001-04-25,8.284157752990723,8.336270830757693,8.13824259306289,8.25115337803091,5232000
2001-04-26,8.308475494384766,8.515188311651348,8.308475494384766,8.442230417963339,4258000
2001-04-27,8.216409683227539,8.336268939727885,8.120870166736147,8.31021240675516,4216000
2001-04-30,8.058334350585938,8.33800504240654,7.886363367667561,8.199038424228785,5856800
2001-05-01,7.895045280456543,8.032275047123044,7.8168763840867115,8.032275047123044,7300000
2001-05-02,7.372186660766602,7.8186173412905555,7.366975619114199,7.816880548288146,9256000
2001-05-03,7.3148603439331055,7.504202513856661,7.148100450049492,7.382606509408016,6272400
2001-05-04,7.578897953033447,7.643169877829143,7.33918016677912,7.33918016677912,6524400
2001-05-07,7.58237361907959,7.7473961058322445,7.565002377611607,7.71265494818649,5735200
2001-05-08,7.643176555633545,7.677918399779173,7.492050295642457,7.5997494161129,2998000
2001-05-09,7.85162353515625,7.851623535156249,7.643173223796384,7.643173223796384,3400000
2001-05-10,7.743923664093018,7.886364551945896,7.712656087477001,7.834251482489063,4598000
2001-05-11,7.714391708374023,7.747396073055904,7.662279309480753,7.747396073055904,4509200
2001-05-14,7.895045280456543,7.895045280456543,7.756078721712854,7.829035916561483,3010000
2001-05-15,8.19208812713623,8.242463722230314,7.895046921821406,7.895046921821406,5835600
2001-05-16,8.212936401367188,8.423124157562818,8.199040068085836,8.233781895257072,7744400
2001-05-17,8.353636741638184,8.40748658263767,8.016642693907208,8.079177159482333,5707200
2001-05-18,8.549934387207031,8.596835771626832,8.346695054721229,8.353643555223158,3606400
2001-05-21,8.647202491760254,8.66109947950243,8.551663020289752,8.567296800177278,3418800
2001-05-22,8.577727317810059,8.641999287776414,8.46134225920809,8.641999287776414,4126000
2001-05-23,8.124347686767578,8.476975775826832,8.112188143189359,8.424863351542253,9073600
2001-05-24,7.988852024078369,8.042701220274214,7.816880364495596,7.952372745433736,9324400
2001-05-25,7.900259971618652,8.007959021603618,7.834250577207486,7.90373422002399,5101600
2001-05-29,7.837727069854736,8.077444977302466,7.75608452820985,7.9836422314344,3372000
2001-05-30,7.8168792724609375,7.837724098313548,7.556316630045573,7.837724098313548,6669200
2001-05-31,7.797770023345947,7.865516193786419,7.662277682465003,7.773450953202697,4746000
2001-06-01,7.8168792724609375,7.8950481977145595,7.608429025999632,7.82556456134577,3074000
2001-06-04,7.926314353942871,8.002745810198865,7.89504678941884,7.947159176077243,2226800
2001-06-05,7.82556676864624,7.888101926487974,7.761294817595683,7.773454357993214,5043200
2001-06-06,7.254065990447998,7.731764320800794,7.20890207623311,7.73002752752707,11105200
2001-06-07,7.149835586547852,7.254060330426589,7.095985760045139,7.254060330426589,12032400
2001-06-08,7.179372787475586,7.269700626416172,6.934443160727233,7.233221999615702,7369200
2001-06-11,7.274911403656006,7.321812773261573,7.122047754124368,7.243643823918959,6295200
2001-06-12,7.426034927368164,7.512889137044985,7.333969677157144,7.4347202158068395,6145200
2001-06-13,7.22279691696167,7.5980071033853225,7.210636717094371,7.486833150339913,4375600
2001-06-14,7.090775012969971,7.22453052611806,7.078615481106034,7.22453052611806,3242000
2001-06-15,7.073407173156738,7.200214242008943,6.984815506639211,6.984815506639211,2508000
2001-06-18,6.861485481262207,7.069935805627084,6.851062733118104,7.069935805627084,6752000
2001-06-19,6.925756454467773,6.948338740916413,6.814583140636346,6.948338740916413,6956400
2001-06-20,6.793736457824707,7.031716809281489,6.771154177532519,6.946600053991381,4713600
2001-06-21,6.418528079986572,6.84411396275299,6.253504901447118,6.837165464938751,7860400
2001-06-22,6.604393482208252,6.618289809705867,6.314300108109102,6.44458140879343,7061600
2001-06-25,6.519277572631836,6.6530331515950865,6.49669595242728,6.49669595242728,6090800
2001-06-26,6.593972206115723,6.618291281628888,6.427212263186784,6.514066482959579,4338000
2001-06-27,6.376837253570557,6.5071185954243855,6.322988056363885,6.5071185954243855,4978800
2001-06-28,6.104114055633545,6.394207475051517,6.064161196699585,6.394207475051517,7068000
2001-06-29,6.175334453582764,6.286507740952283,6.114536769129139,6.23613280068145,6892800
2001-07-02,6.055476188659668,6.270874278349188,5.992941045638486,6.262188989072935,4527600
2001-07-03,6.145806312561035,6.182284934947149,6.045055074376215,6.055477821905937,3196000
2001-07-05,6.262189865112305,6.39247121041691,6.149279763435428,6.149279763435428,3009200
2001-07-06,6.392470836639404,6.425475866279638,6.173598480889352,6.338621641155067,2991600
2001-07-09,6.149280071258545,6.3577297040644165,6.13190882676124,6.3577297040644165,6753200
2001-07-10,6.07284688949585,6.253503825718087,6.036368276213987,6.201391426366125,10427200
2001-07-11,5.862662315368652,5.949516571892632,5.662897260305342,5.949516571892632,6388000
2001-07-12,5.777543067932129,5.992941849146493,5.683741003468872,5.880031085481311,5466400
2001-07-13,5.911459922790527,6.019288656448156,5.713193287852063,5.756672690844675,3511600
2001-07-16,5.67145299911499,5.965373502045197,5.6244951678581545,5.824500671717678,3558800
2001-07-17,5.5340576171875,5.634930137046543,5.478404041900769,5.478404041900769,8650800
2001-07-18,5.448840618133545,5.5462344209931205,5.356664133101141,5.5357994536171455,5303600
2001-07-19,5.473186492919922,5.554927973343679,5.3914453442176455,5.4610123145729315,3556000
2001-07-20,5.586231231689453,5.626232186510141,5.487098286385408,5.499272792902534,5237200
2001-07-23,5.582755088806152,5.732324341517715,5.565363592955383,5.652322399095311,4372000
2001-07-24,5.370576858520508,5.58623470360876,5.356663459860672,5.58623470360876,3461600
2001-07-25,5.890588760375977,5.892328307855072,5.34796604941852,5.464490851406417,7194000
2001-07-26,6.000156879425049,6.043636277102042,5.871457570386248,5.913198084071063,5642800
2001-07-27,6.328861713409424,6.3479927566351,5.902763436782298,6.087116341978863,6578400
2001-07-30,6.156684875488281,6.415821794046703,6.154945327516575,6.226251535163751,5908000
2001-07-31,6.147985458374023,6.347990917027364,6.000155798286138,6.347990917027364,4961200
2001-08-01,6.017551898956299,6.31147322407229,5.982768891188816,6.208861758894185,6032400
2001-08-02,6.12190055847168,6.13929205566769,5.930590772100103,6.043637494203448,4145200
2001-08-03,5.977549076080322,6.102769988659346,5.930591233863189,6.087117374586968,2132800
2001-08-06,5.899282455444336,6.055808501968461,5.8505857580558285,5.9601539906227154,2708400
2001-08-07,5.845373153686523,5.994942460101673,5.845373153686523,5.913200940678678,2272000
2001-08-08,5.594928741455078,5.921894007499699,5.584494110304948,5.8697188614201155,2886000
2001-08-09,5.591449737548828,5.673190538411458,5.5236216645708955,5.594927504868233,3616000
2001-08-10,5.654062271118164,5.730586458494303,5.574060314718706,5.6088439759403,1857600
2001-08-13,5.690587043762207,5.789720074242131,5.565366094337739,5.565366094337739,5830000
2001-08-14,5.82623815536499,5.82623815536499,5.758410414333982,5.82623815536499,3488400
2001-08-15,6.295818328857422,6.297557213239739,5.791456937267761,5.791456937267761,8561200
2001-08-16,6.274946689605713,6.288859751203313,6.10102910725668,6.2871208672947105,7024800
2001-08-17,6.132333755493164,6.274946785567829,6.000156682801416,6.274946785567829,2636400
2001-08-20,5.939284324645996,6.132332238973056,5.930587916791824,6.130593355467885,2693200
2001-08-21,5.930588245391846,6.015808137608054,5.887108857482982,6.00015553142315,1725600
2001-08-22,5.862761497497559,6.208857775674101,5.826238964706297,5.99146079937909,4884400
2001-08-23,5.786240100860596,5.897547286972941,5.765370169325322,5.897547286972941,5970800
2001-08-24,5.694063186645508,5.774065132842996,5.634931169142348,5.742759908079966,3474000
2001-08-27,5.655799388885498,5.723627134229602,5.591450074513254,5.695800349897588,4073600
2001-08-28,5.589713096618652,5.662758853717481,5.582756231477207,5.612322576606763,3018000
2001-08-29,5.600144863128662,5.701016690301635,5.478402453691412,5.648841561526458,4306000
2001-08-30,5.492318153381348,5.64188707357763,5.39318516798337,5.634930873340062,6051200
2001-08-31,5.49927282333374,5.5566655989179585,5.434923186844096,5.492315962428314,3770800
2001-09-04,5.652320861816406,5.661016607376783,5.565362079326923,5.652320861816406,3626800
2001-09-05,5.521886825561523,5.610584558246018,5.43666719467442,5.608845673208162,6250800
2001-09-06,5.666234970092773,5.721888541588393,5.487099414863526,5.53057880905966,3097600
2001-09-07,5.681888580322266,5.756673213332615,5.58275558557703,5.617539243816767,3075600
2001-09-10,5.692322254180908,5.753193804609255,5.603624581224571,5.6210160736652925,4176800
2001-09-17,5.351443767547607,5.772323973137966,5.339269590588738,5.704496226240585,4968800
2001-09-18,5.0418701171875,5.328834030113316,4.979259688286803,5.212309249504479,6273600
2001-09-19,4.885344982147217,5.0783936073698746,4.699253219540837,5.0418707420773465,7279200
2001-09-20,4.850562572479248,5.040132814854436,4.801865848602611,4.860997869071287,4937600
2001-09-21,4.937521457672119,4.970565900576219,4.634904818329285,4.652296647843103,4749600
2001-09-24,4.721860885620117,5.200134094382625,4.713165141785709,5.200134094382625,9009200
2001-09-25,4.6383819580078125,4.747949889485146,4.574032306255339,4.697513962843664,5164000
2001-09-26,4.633166313171387,4.69577677634017,4.553164349541593,4.694037559949748,5196800
2001-09-27,4.747951984405518,4.817519313769534,4.487075494455289,4.487075494455289,6070400
2001-09-28,5.031436920166016,5.114917300151998,4.85925851204935,4.895781053897638,4646800
2001-10-01,4.911433219909668,5.0001312399731646,4.80882180444728,4.975782880955483,5650400
2001-10-02,5.026217937469482,5.043609761612437,4.852300359482847,4.852300359482847,2577200
2001-10-03,5.1375250816345215,5.182743357080057,4.871431085055543,4.904475515623989,4257600
2001-10-04,5.412317276000977,5.495797666259932,5.177528388141277,5.177528388141277,4872000
2001-10-05,5.473186492919922,5.518405106581228,5.33927019938155,5.478404140092123,5476800
2001-10-08,5.568841457366943,5.669713317220358,5.408837257104533,5.464490834287722,3940800
2001-10-09,5.591449737548828,5.657537931702813,5.445358631027671,5.567100722213179,3540400
2001-10-10,5.9131975173950195,5.9131975173950195,5.600146016809744,5.600146016809744,5016000
2001-10-11,5.909720420837402,6.026245566748971,5.8071090024437115,5.913198852716872,3843200
2001-10-12,5.914937496185303,6.00015741515607,5.756672501047893,5.913198612037867,4282800
2001-10-15,5.728626251220703,5.9201605929500225,5.615446444783477,5.9201605929500225,3646800
2001-10-16,5.9358320236206055,6.005481242047754,5.746038600842008,5.746038600842008,3622000
2001-10-17,5.918419361114502,6.129107259168081,5.9027483220066435,6.022892512350828,6595200
2001-10-18,5.775640487670898,5.824395218083863,5.685097411670398,5.780864612065634,4246800
2001-10-19,5.920162677764893,5.956728229007829,5.582365399389667,5.658979030216441,4238800
2001-10-22,5.988068103790283,6.005480739050739,5.813945736530436,5.833099303204879,4129600
2001-10-23,5.972400665283203,6.228360912040539,5.859221456856304,5.953247087059931,7611600
2001-10-24,6.075129508972168,6.146519655583245,5.87140665067622,5.972397281973384,27489200
2001-10-25,6.42337703704834,6.425118633503943,6.059461092085551,6.0751321390638315,14452000
2001-10-26,6.564416885375977,6.703714720754553,6.28582055039435,6.28582055039435,14991200
2001-10-29,6.600980281829834,6.860422954977829,6.5974977540572946,6.860422954977829,13771200
2001-10-30,6.195276260375977,6.461683360656364,6.092544002061262,6.459941764423854,12000400
2001-10-31,6.158707618713379,6.348501015571253,5.928866159207854,6.162190145581533,5996800
2001-11-01,6.263182640075684,6.285818072748294,6.033341136240265,6.111695681101813,4149600
2001-11-02,6.021153926849365,6.245771355941341,5.989811836422698,6.228359378692906,5805600
2001-11-05,5.890561580657959,6.029859378923482,5.867925480869719,5.937574047890332,3276400
2001-11-06,5.930610179901123,5.93757457226123,5.728628188522205,5.798276761693762,3922000
2001-11-07,6.143037796020508,6.193533449268955,5.833100149863112,5.833100149863112,6844000
2001-11-08,6.1517438888549805,6.268405562439455,6.137813779888632,6.18134437407224,4969600
2001-11-09,6.374619007110596,6.616648954704195,6.285816241279379,6.303228873905116,4692400
2001-11-12,6.285818099975586,6.353726390960198,6.1273667494599175,6.338055349075168,4659600
2001-11-13,6.282339096069336,6.313680529880328,6.146523116507296,6.287562557667083,2283600
2001-11-14,5.921900272369385,6.1116936425268324,5.913194288535812,6.094281674859686,6393200
2001-11-15,5.5353498458862305,5.7477786681206355,5.310731847669387,5.746037736822615,10120800
2001-11-16,5.699024677276611,5.742555266621123,5.443064931491215,5.535349900461915,4586000
2001-11-19,5.70250940322876,5.746040009360277,5.486597636669894,5.664202257281237,4305600
2001-11-20,5.996776103973389,6.059460283522044,5.815689285995911,5.815689285995911,6112400
2001-11-21,5.975880146026611,6.094283419893913,5.878371372187604,5.989810255528261,6645200
2001-11-23,6.118661403656006,6.146520962789627,5.885337346827822,5.902749986426513,2258000
2001-11-26,6.024632453918457,6.050751069548549,5.902747352241993,6.031597506649679,6841600
2001-11-27,6.021153926849365,6.16393426580447,5.920162598980247,5.937574576228682,4650000
2001-11-28,5.984588146209717,6.2074653236666135,5.798277186387354,5.9027510501333875,17070000
2001-11-29,6.125625133514404,6.137813646482964,5.981103245138423,6.024633838375892,6272000
2001-11-30,6.09080171585083,6.13955577724864,5.883596290685869,6.12388473405302,12771600
2001-12-03,6.27188777923584,6.3032298586346025,5.815687360755355,5.833099331877281,7028400
2001-12-04,6.482577800750732,6.494766317358475,6.22487669154878,6.268407297783387,8112000
2001-12-05,6.8099260330200195,6.905693204182079,6.688040240530067,6.790772465942782,13107200
2001-12-06,6.721124649047852,6.809927448643395,6.628839985827315,6.809927448643395,5495200
2001-12-07,6.644505977630615,6.70196664712327,6.533067828070786,6.6166464402406575,5978800
2001-12-10,6.505216121673584,6.573123784295006,6.4425319210308665,6.4425319210308665,3517600
2001-12-11,6.338057994842529,6.5052154019118,6.249255165682641,6.503473805295219,7650800
2001-12-12,6.210943698883057,6.212685294290541,6.033339492313441,6.163931250465472,5752000
2001-12-13,6.132588863372803,6.249250509225868,5.989808601528515,6.094281737045409,4260000
2001-12-14,6.289301872253418,6.343280063701237,6.090802411907239,6.163934176585715,3004400
2001-12-17,6.233582019805908,6.374621408190531,6.209204989171983,6.3641738246798765,3640000
2001-12-18,6.388551235198975,6.407704807328644,6.122144149966366,6.129109206054301,3732800
2001-12-19,6.54525899887085,6.569636020983466,6.3624306688021965,6.388548622112555,3374800
2001-12-20,6.477353096008301,6.668887460949794,6.47212897259135,6.494765069466905,4220800
2001-12-21,6.531329154968262,6.616649400016536,6.531329154968262,6.564412827071744,3864800
2001-12-24,6.600980281829834,6.667146981059567,6.5818267111929964,6.6427699508760485,1420000
2001-12-26,6.790771484375,6.8134075753056464,6.705451242697353,6.77510044668825,7409200
2001-12-27,6.785551071166992,6.867388158718185,6.712419307740613,6.755949913710688,3221200
2001-12-28,6.8343048095703125,6.902212445351301,6.757691185857662,6.785550745773563,2848000
2001-12-31,6.8099260330200195,6.888281232779571,6.7559478589136335,6.790772465942782,2345200
2002-01-02,6.632320404052734,6.68803950346915,6.452974594320152,6.651473969019139,4561600
2002-01-03,6.503471851348877,6.61665168534047,6.466906304080561,6.5992397097529745,3991600
2002-01-04,6.580085277557373,6.599238846733373,6.468647054232508,6.529589625043229,4360400
2002-01-07,6.637545585632324,6.68455871251489,6.5174013708597,6.555708510739768,4524400
2002-01-08,6.569637298583984,6.621873879587211,6.390291460257382,6.555707853621068,4264800
2002-01-09,6.52958869934082,6.564413305248793,6.4477509750907,6.524365240933063,5834000
2002-01-10,6.46342658996582,6.52959332160766,6.399001455175507,6.52959332160766,4418400
2002-01-11,6.203980922698975,6.355467215552658,6.203980922698975,6.303230631557341,3900400
2002-01-14,6.024632453918457,6.108211758245157,5.937571287450132,5.9898085187103165,9906000
2002-01-15,6.118769645690918,6.164094239655067,6.052527031424878,6.066472599957144,5401600
2002-01-16,5.988026142120361,6.083904826209766,5.907837301784636,6.0577559732775725,7443600
2002-01-17,5.857285976409912,6.036840143774365,5.77186759110437,6.036840143774365,5520400
2002-01-18,5.709108352661133,5.883432271826359,5.65158114013998,5.8607699761368455,11287600
2002-01-22,5.700393199920654,5.927014198022914,5.665528277521903,5.927014198022914,3518400
2002-01-23,5.852055072784424,5.900865567024922,5.695163248449811,5.717825548629945,4778000
2002-01-24,5.951419830322266,5.995000819899896,5.822420473568632,5.839852603402433,3725600
2002-01-25,5.974081993103027,6.036838723044072,5.906095757331266,5.961879369502614,4284800
2002-01-28,5.782323837280273,6.078674620444999,5.7736077746857415,6.061242495255935,4206800
2002-01-29,5.567904472351074,5.782322419056174,5.510377608845884,5.782322419056174,5836800
2002-01-30,5.735255718231201,5.801498311529055,5.316878154806669,5.437161720916042,10376400
2002-01-31,5.925270080566406,5.991512688544897,5.78406747199403,5.825904838612765,4880800
2002-02-01,5.799756050109863,5.979309448656296,5.7125941028554195,5.925269466953986,6167600
2002-02-04,5.754432678222656,5.839851697135902,5.674243829442399,5.775352028768568,4694400
2002-02-05,5.724797248840332,5.79627002556335,5.611486440990036,5.775351342496184,3127600
2002-02-06,5.698650360107422,5.8572851467701454,5.667271992196714,5.759664148819653,1988400
2002-02-07,5.543502330780029,5.675988925580993,5.536529544604326,5.674245313416319,2368400
2002-02-08,5.611485958099365,5.6132295694508025,5.431932558488835,5.526067621679806,4426800
2002-02-11,5.764892578125,5.80498700407741,5.560933557306252,5.594055198634842,2796400
2002-02-12,5.648097991943359,5.735259993886972,5.606259938413373,5.691678992915166,2726400
2002-02-13,5.6707539558410645,5.69167329415733,5.534781581748508,5.6045113794841255,2482000
2002-02-14,5.749200820922852,5.820673576897308,5.58533663197947,5.616714979967549,3496400
2002-02-15,5.691676139831543,5.7526892446105276,5.63066237005959,5.749202686481305,3966400
2002-02-19,5.721311092376709,5.777094694466252,5.583595033783719,5.630662572732955,2703200
2002-02-20,5.655069828033447,5.75094855167683,5.590570139849632,5.73525936644366,3503200
2002-02-21,5.806729316711426,5.8659994689877175,5.682958842992206,5.682958842992206,3438000
2002-02-22,5.930499076843262,5.970593493496794,5.804985657758888,5.824161392895989,3172000
2002-02-25,6.080419063568115,6.11354037195446,5.893892505563832,5.893892505563832,3995200
2002-02-26,6.03509521484375,6.099595557832487,5.970595536848136,6.097851945863535,3006800
2002-02-27,6.014176368713379,6.083906215797153,5.991514068662187,6.052527851108765,2803600
2002-02-28,6.134459972381592,6.223365565238318,6.01766323724775,6.04032553846519,6206800
2002-03-01,6.1274895668029785,6.188502707783784,6.049043624832399,6.188502707783784,2804800
2002-03-04,6.223365783691406,6.273919893953656,6.14491986517984,6.14491986517984,5098400
2002-03-05,6.259970188140869,6.2913485381560355,6.197213488110538,6.258227242025714,3886800
2002-03-06,6.61559534072876,6.641743539391836,6.298325742332202,6.362825430359662,6314800
2002-03-07,6.7968926429748535,6.9154323440371055,6.702757529049621,6.728905728477799,7192000
2002-03-08,6.791658401489258,6.850928549001954,6.732388253976563,6.798631516489069,8809200
2002-03-11,6.884050369262695,6.967725752537741,6.807347435849278,6.885793315479893,3783600
2002-03-12,6.8945136070251465,6.899743778871644,6.781203413580751,6.79863554642043,4924400
2002-03-13,6.943321228027344,7.00433432678265,6.903226145996254,6.920658934921272,7961600
2002-03-14,6.859650135040283,6.943326252445339,6.734137288919467,6.943326252445339,3557600
2002-03-15,6.842214584350586,6.911944425729723,6.79340409438102,6.798633599736887,4609200
2002-03-18,6.9520368576049805,6.955523415173134,6.833496560259194,6.911942443060503,4224400
2002-03-19,7.107184410095215,7.121129974194068,6.971212001415578,6.972954947555633,3495600
2002-03-20,7.047914028167725,7.145535633530554,6.976441268971319,7.093237941197707,3099600
2002-03-21,7.173427104949951,7.203061841953235,6.976440956953275,6.99387307695606,2851600
2002-03-22,7.000851154327393,7.147283327141733,6.97295934355291,7.112418397425324,4213600
2002-03-25,6.9520368576049805,7.093238781654476,6.887536540083427,6.903225716643688,2678000
2002-03-26,6.85092830657959,7.0025898949982155,6.80909094804685,6.894509276297009,2808000
2002-03-27,7.089753150939941,7.129848235718968,6.8840515474700865,6.8840515474700865,2808800
2002-03-28,7.070578098297119,7.150766938084754,7.0113079417164865,7.091496781504121,3432000
2002-04-01,7.215266227722168,7.24664458341355,7.122874772071383,7.122874772071383,2731200
2002-04-02,7.3791279792785645,7.4070197652376395,7.251870999285617,7.302425069146637,4323200
2002-04-03,7.1664581298828125,7.3059171654268065,7.114161074677957,7.304174218417003,3335600
2002-04-04,6.922404766082764,7.298944518870376,6.861391641901531,7.182147776868251,3795600
2002-04-05,6.842214584350586,7.0078224588812486,6.74633655119906,6.965984421055156,2259200
2002-04-08,7.013052463531494,7.161228220763273,6.911944917825748,6.955525905542195,1640000
2002-04-09,6.803863525390625,7.014796009345662,6.782944837681886,7.014796009345662,2324800
2002-04-10,6.992130279541016,7.025251574247259,6.789914624244817,6.803860187544848,1749200
2002-04-11,6.978185653686523,7.091496457110989,6.868362073128813,6.948550909248293,2887600
2002-04-12,6.63616943359375,6.871742513054775,6.583820082266228,6.8228825415787195,3609600
2002-04-15,6.793219089508057,6.889193024445782,6.770534123398272,6.770534123398272,2804000
2002-04-16,6.779255390167236,6.88918945206112,6.770530612544072,6.82287994394092,3043200
2002-04-17,7.004363059997559,7.047987643745085,6.840334864743853,6.850804338821934,4204000
2002-04-18,7.093356132507324,7.164900408590961,7.023556546527011,7.114295742038144,2611600
2002-04-19,7.208527565002441,7.23819196698996,7.014834276915017,7.095103363578397,3096400
2002-04-22,7.213759899139404,7.273089349003625,7.163155231325588,7.191074933281796,3533600
2002-04-23,7.276578903198242,7.3847676577597925,7.161410057204809,7.213759411627613,3115600
2002-04-24,7.156174659729004,7.2573839885723705,7.1422151425157345,7.154429969699154,3294800
2002-04-25,7.288794040679932,7.372553144453917,7.10208091370618,7.180605281512474,3359200
2002-04-26,7.351615905761719,7.36383073739764,7.250406540025918,7.301011222893818,2897600
2002-04-29,7.348125457763672,7.391750044270786,7.2137616514427565,7.348125457763673,1563600
2002-04-30,7.424901485443115,7.494701061869217,7.328927567100795,7.3917470527526685,3080400
2002-05-01,7.426648139953613,7.431882876120841,7.189330337385549,7.206779901715114,4236400
2002-05-02,7.538323402404785,7.538323402404785,7.332415445037746,7.372549956638726,2901200
2002-05-03,7.637791156768799,7.695375253289843,7.533091770713274,7.567991566065116,3870400
2002-05-06,7.367319107055664,7.540072066951768,7.344634139614372,7.538327376683168,5366000
2002-05-07,7.395236492156982,7.419666142206868,7.285302401274458,7.381276311752454,2861200
2002-05-08,7.583693504333496,7.59939837287809,7.4685246902258,7.503424472064672,2126800
2002-05-09,7.452823162078857,7.60987191791494,7.447588425437078,7.538327632624784,2115200
2002-05-10,7.459802150726318,7.520876288036247,7.431882450004897,7.489466541517377,1789600
2002-05-13,7.615102291107178,7.615102291107178,7.381274647322277,7.407449646849453,1897200
2002-05-14,7.625573635101318,7.704097980495763,7.604634031548797,7.677922976811616,4055200
2002-05-15,7.435374736785889,7.585443423015267,7.407455027649612,7.545308882735517,3450000
2002-05-16,7.5540313720703125,7.5784610269353845,7.4353724778758155,7.4353724778758155,2520000
2002-05-17,7.398730754852295,7.478999840961041,7.323696406550253,7.459804914791903,4073600
2002-05-20,7.451080322265625,7.47550998687219,7.314971144851508,7.3551063546005055,1949200
2002-05-21,7.417920112609863,7.536578972631252,7.372550861734852,7.381275640865664,2787200
2002-05-22,7.5051727294921875,7.505172729492188,7.370809603873342,7.419668922280195,3114800
2002-05-23,7.527857780456543,7.564502269661509,7.431883832970932,7.564502269661509,1988400
2002-05-24,7.355103969573975,7.484232345095998,7.3254389109865565,7.4336276758727795,2731600
2002-05-28,7.2975172996521,7.390001165958587,7.243422598527865,7.355102045912548,1764400
2002-05-29,7.3010077476501465,7.320202664129451,7.164899308117746,7.1928190050899845,2674800
2002-05-30,7.103822231292725,7.285300536142548,7.047982855286298,7.257380848139334,3001600
2002-05-31,7.1544318199157715,7.281815526098686,7.154431819915771,7.157921866536193,2980000
2002-06-03,6.999124050140381,7.178857012446333,6.93804927078372,7.178857012446333,2884000
2002-06-04,6.948521614074707,7.032280710497016,6.869997253160628,7.014831148364166,3129600
2002-06-05,6.903151512145996,6.913620981886995,6.826371850535767,6.857781591074852,2780400
2002-06-06,6.850801944732666,7.084629658532036,6.770532898446129,6.962481399251692,3050400
2002-06-07,6.9432878494262695,6.969462196285428,6.807178716257411,6.850803293347561,2970800
2002-06-10,6.705965518951416,6.96596745021354,6.705965518951415,6.927578300923439,2596000
2002-06-11,6.590799808502197,6.79321777724794,6.538450460072072,6.735633028014146,3304400
2002-06-12,6.6047587394714355,6.705968047714528,6.578584400402307,6.657108748925737,3863600
2002-06-13,6.639660835266113,6.707715072457905,6.534962111226164,6.630936052539159,4900000
2002-06-14,6.688520431518555,6.711204732170555,6.475632283818565,6.613486106203253,4630800
2002-06-17,6.842078685760498,6.883958573725981,6.782749232776702,6.808924245962408,1826400
2002-06-18,6.831605911254883,6.899660113856814,6.810665644563585,6.842075378942617,2447600
2002-06-19,6.812414646148682,6.936308294929052,6.753085190081449,6.883958931495204,3892400
2002-06-20,6.801943778991699,6.925837414508185,6.79147364116254,6.849058400735617,5856000
2002-06-21,6.767041206359863,6.875230589192355,6.657107799759323,6.84556554368734,3721200
2002-06-24,6.822883605957031,6.863018802749327,6.726909669274835,6.767044200408909,4274400
2002-06-25,6.826374053955078,6.941542917886621,6.822884007695545,6.88395881874998,3310800
2002-06-26,6.861273765563965,6.871743904212354,6.733890074137356,6.814159140133588,3859600
2002-06-27,6.835096836090088,6.922345970065145,6.718183316079383,6.904896409533359,3539600
2002-06-28,6.92758321762085,6.92758321762085,6.829863921880256,6.859528981482572,3910800
2002-07-01,6.7530837059021,6.9240919438865625,6.744358924857018,6.910131761687933,2336800
2002-07-02,6.573349952697754,6.803688296967359,6.5384508288811976,6.753083635511986,2313200
2002-07-03,6.597780227661133,6.678049276961402,6.491336170013418,6.547175566540398,1974000
2002-07-05,6.716443061828613,6.716443061828613,6.580333870293526,6.580333870293526,1086800
2002-07-08,6.526236057281494,6.685029468351067,6.505295784025768,6.6571097696682235,2282400
2002-07-09,6.454693794250488,6.599527068171133,6.454693794250488,6.512277899458496,2368400
2002-07-10,6.274959564208984,6.540197096269006,6.250529905381845,6.526237576507047,2562000
2002-07-11,6.187710762023926,6.243550175634493,6.109186378615842,6.203415638705542,3558000
2002-07-12,6.1458306312561035,6.308114111225634,6.060326167300607,6.208650128748595,2415600
2002-07-15,6.1755290031433105,6.1755290031433105,5.897761181894404,6.105650712528912,3983200
2002-07-16,6.140589237213135,6.229684260492092,5.962398524240202,6.096915062457466,3604000
2002-07-17,6.138842582702637,6.376430226537006,6.049747549472296,6.306551272556864,3699200
2002-07-18,6.09342098236084,6.220949491293223,6.084686280787529,6.11438439941979,1995200
2002-07-19,5.929206848144531,6.096916217452447,5.922219485335359,6.072458115167332,4438800
2002-07-22,5.525656700134277,5.983362219444717,5.499452260705222,5.930953340586606,5596400
2002-07-23,5.403369903564453,5.632222859407595,5.399875889000229,5.502946986191857,4390000
2002-07-24,5.7300519943237305,5.747522065293523,5.244395350419638,5.267105776265302,5108400
2002-07-25,5.546619892120361,5.777219468967758,5.380657903797543,5.703847179250396,9980400
2002-07-26,5.663665294647217,5.672400660620754,5.434813100701477,5.5204144225647624,2932400
2002-07-29,5.992096424102783,5.993843764221532,5.747521454262565,5.834869800580142,2815600
2002-07-30,5.997337818145752,6.041011991596572,5.81390575652031,5.992096464169454,2232400
2002-07-31,5.99035120010376,6.061976834761452,5.899508817979221,5.983363170767605,2261200
2002-08-01,5.808665752410889,6.0602287811773,5.798183709639967,6.0602287811773,2866400
2002-08-02,5.784207820892334,5.909989657650773,5.6951121310501,5.76149706338539,2893200
2002-08-05,5.579811096191406,5.894265266222557,5.567582384000444,5.7772181641471265,2321600
2002-08-06,5.798182964324951,5.859327206339721,5.7108346183738465,5.7300513611094885,2284400
2002-08-07,5.880289554595947,5.9134816801185,5.717821607326582,5.896012280667655,1716400
2002-08-08,6.107395172119141,6.117877211797478,5.843603504489039,5.8960123700509595,1604800
2002-08-09,6.203479766845703,6.280346744363165,5.941434706578103,6.070710562866074,2010800
2002-08-12,6.289080619812012,6.327514103519206,6.070709764957428,6.2034789514864315,1616400
2002-08-13,6.025289058685303,6.252394619664456,6.020047704886299,6.159804921918472,3402000
2002-08-14,6.088180065155029,6.117878852333402,5.936194114345297,6.053241256354676,3074800
2002-08-15,6.24540901184082,6.282095170572117,6.105651740663094,6.105651740663094,3214800
2002-08-16,6.131855487823486,6.22793923078226,6.072458567819515,6.22793923078226,3489200
2002-08-19,6.1580586433410645,6.1947447902128525,6.030530132966498,6.1143844685655955,3085200
2002-08-20,6.023543357849121,6.15805992410434,5.978122499858539,6.15805992410434,1522800
2002-08-21,6.072457313537598,6.105650114763731,5.930953405708489,6.023542448254948,1522000
2002-08-22,6.2314324378967285,6.245408497070159,6.054989022530853,6.054989022530853,2017200
2002-08-23,6.128361701965332,6.220950757027924,6.116132317576451,6.220950757027924,1873200
2002-08-26,6.205226421356201,6.236671878426425,6.044505122284504,6.13185346605402,1221600
2002-08-27,6.271614074707031,6.358962456436013,6.22269852777642,6.332757675351212,2435600
2002-08-28,6.112640380859375,6.257638355922115,6.095170303709145,6.255891681414743,1948800
2002-08-29,5.985105991363525,6.123116483025854,5.958901897847274,6.053238233901125,2377600
2002-08-30,6.086432456970215,6.161552083906685,5.9833613874351705,5.992096088294421,2084800
2002-09-03,5.861074447631836,6.000831681404916,5.806918894403237,5.999085007539341,2545200
2002-09-04,5.887279987335205,5.9274601556274655,5.7108359152527335,5.896014690630889,1600400
2002-09-05,5.948421955108643,5.974626724266661,5.827881483094674,5.83486951039214,1817200
2002-09-06,6.061973571777344,6.114382430758024,5.974625251337943,6.0305281231059755,1490800
2002-09-09,6.035771369934082,6.077698874756489,5.962399069513721,6.01830196500021,1955600
2002-09-10,6.1755290031433105,6.1825170321292875,6.0497478134713445,6.061976530989242,1664000
2002-09-11,6.222695827484131,6.245406583474778,6.201732411562367,6.201732411562367,2940800
2002-09-12,6.126615047454834,6.220951453599641,6.088181548710973,6.201734704227711,3367200
2002-09-13,6.152818202972412,6.196492379503642,6.065469849909953,6.091673955979663,3015600
2002-09-16,6.229681968688965,6.262874089383001,6.100406165748132,6.152815689306302,2346800
2002-09-17,6.077700614929199,6.16155498216819,6.0287850675616665,6.1143867756433945,3518000
2002-09-18,6.154562950134277,6.17552636171049,6.030528487554001,6.096913401695985,2854400
2002-09-19,5.978119850158691,6.149322495033087,5.978119850158691,6.027034701147129,3225200
2002-09-20,5.943183422088623,6.053242559464858,5.943183422088623,5.978122904825625,2153200
2002-09-23,5.971135139465332,6.088181645440962,5.925713609970884,5.992098563469952,1908400
2002-09-24,5.785955905914307,5.95715863302964,5.778968542712901,5.95715863302964,2578000
2002-09-25,6.035771369934082,6.068964172289553,5.764991594968574,5.848845938198307,5736800
2002-09-26,6.213961124420166,6.254141282597085,6.035770423104065,6.061975192809218,2020400
2002-09-27,6.233179569244385,6.35022606202413,6.145831201588398,6.156313245616573,2022800
2002-09-30,6.282093048095703,6.332755250035591,6.098661649998364,6.233178186313749,2680800
2002-10-01,6.306552410125732,6.320528470008784,6.131855660078868,6.131855660078868,2276000
2002-10-02,6.374683856964111,6.580825381577046,6.273359435496195,6.289082167571729,6008800
2002-10-03,6.25064754486084,6.383417406487183,6.184263280462674,6.289081031081361,3456800
2002-10-04,6.1091437339782715,6.324020592255319,6.0514935038377144,6.271611716209822,2779600
2002-10-07,6.044508934020996,6.224447088819442,6.027039520816672,6.105653213066925,2125600
2002-10-08,5.965891361236572,6.0846851464495,5.868060989174488,6.044504327155958,2997600
2002-10-09,5.819149971008301,5.981618029422753,5.791198512916315,5.965895292595054,2463200
2002-10-10,5.8226399421691895,5.841856014797502,5.660171996604882,5.8191459290327145,5840800
2002-10-11,5.93619441986084,5.97637458518123,5.827882640892176,5.880291523205072,2529200
2002-10-14,6.25064754486084,6.285587017205405,5.922218237500951,5.93968764046573,3026800
2002-10-15,6.448276519775391,6.478008546658898,6.366077622967666,6.366077622967666,3270800
2002-10-16,6.350339412689209,6.465768299631444,6.290876006254655,6.448278669997073,1932000
2002-10-17,6.567202568054199,6.574198416802884,6.397557572444174,6.512986408154037,1804000
2002-10-18,6.5287251472473145,6.595183692722417,6.434283213579712,6.532222403610682,2036400
2002-10-21,6.610925674438477,6.689627305583395,6.4710120341591,6.4745099585611925,2770000
2002-10-22,6.511239051818848,6.514736977235079,6.2838792370522505,6.462269430313719,4938000
2002-10-23,6.794559478759766,6.8155470162447225,6.505987843527681,6.51123439431863,4937200
2002-10-24,6.693122863769531,6.878508788575862,6.651148452944477,6.873261570247338,2617200
2002-10-25,6.3783183097839355,6.682630343290694,6.2576422730823325,6.680881714961443,9680400
2002-10-28,6.406305313110352,6.533976615584527,6.264642306011567,6.51298972580881,3318400
2002-10-29,6.255896091461182,6.33984429447351,6.1719478884488534,6.336346369286202,3025600
2002-10-30,6.52347993850708,6.603930202868144,6.257643673210569,6.257643673210569,4125200
2002-10-31,6.296119213104248,6.687878035470375,6.296119213104248,6.575946466822339,3896000
2002-11-01,6.584691524505615,6.614422877941716,6.443028603884452,6.444777232314485,3068800
2002-11-04,6.624918460845947,6.686130480040542,6.551463370651462,6.631913643638921,4158400
2002-11-05,6.595186710357666,6.680884208006448,6.51823435910074,6.649403549046569,2196000
2002-11-06,6.649401664733887,6.665141989753321,6.533972836978309,6.624916862961615,3075200
2002-11-07,6.621420860290527,6.696624583077678,6.5427192123550215,6.696624583077678,2641600
2002-11-08,6.5567121505737305,6.628417961747497,6.509491152899133,6.603932481087197,1881600
2002-11-11,6.507740020751953,6.642407124172468,6.455272482744712,6.539220676988486,1654800
2002-11-12,6.451772212982178,6.556707918018005,6.427287415288695,6.511235579020936,1772800
2002-11-13,6.269885063171387,6.5322233614992395,6.177192411253665,6.434284157106416,5013200
2002-11-14,6.588189601898193,6.588189601898193,6.299617839425314,6.304864392529642,5830000
2002-11-15,6.574199199676514,6.60043330202768,6.392311113516131,6.392311113516131,3357600
2002-11-18,6.638913154602051,6.656402789131523,6.549718353566433,6.64590900841384,3000400
2002-11-19,6.700121879577637,6.733351164627731,6.575947883525303,6.644156416776983,2836800
2002-11-20,6.978203296661377,6.978203296661377,6.731605171167033,6.733353800681215,4789200
2002-11-21,7.058650493621826,7.12336043177079,6.953714755562009,6.986944706170028,5854800
2002-11-22,6.712364196777344,6.873264733475335,6.712364196777344,6.84703129840202,13425200
2002-11-25,6.759584426879883,6.799809556569702,6.71586137280475,6.799809556569702,4308800
2002-11-26,6.595186710357666,6.759585855406145,6.589940156251353,6.759585855406145,3096400
2002-11-27,6.694875717163086,6.73335222910666,6.598685104465201,6.612676805957791,2897200
2002-11-29,6.780571460723877,6.836536917843983,6.745592883233593,6.747342179046588,1968000
2002-12-02,6.836536884307861,6.90124681869289,6.761333176578962,6.90124681869289,4146800
2002-12-03,6.897746562957764,6.951963372835698,6.791062905575731,6.843530420240475,4810400
2002-12-04,6.798060417175293,6.89949822520023,6.773575613075721,6.89949822520023,2324000
2002-12-05,6.875011444091797,6.899496241150411,6.803305681065563,6.89774694584012,3975600
2002-12-06,6.9712042808532715,6.995689085908206,6.840035110492493,6.848779588417698,2870000
2002-12-09,6.8872551918029785,7.083134273804393,6.880259343512724,6.971203369803584,3858800
2002-12-10,7.023671627044678,7.039411953751925,6.8820086866794545,6.890753831530834,2583600
2002-12-11,7.044658660888672,7.091879642042385,6.925731893648409,7.0236717805406546,3411600
2002-12-12,7.256277561187744,7.300000610522747,7.0446574953641345,7.0446574953641345,5904000
2002-12-13,7.198563098907471,7.3227364037833285,7.170580372919098,7.275515428585296,3702800
2002-12-16,7.237039566040039,7.327983591899293,7.221299241042075,7.242286118652423,3462400
2002-12-17,7.118117809295654,7.273771872857428,7.112870585840336,7.219555011560998,2517600
2002-12-18,6.972949028015137,7.1023694976120915,6.9624559272103355,7.100620202704272,2884400
2002-12-19,6.9607133865356445,7.027172647149512,6.890756867033678,6.972955794127518,3775200
2002-12-20,7.23878812789917,7.23878812789917,7.067393850143729,7.08313417499682,5518000
2002-12-23,7.2860107421875,7.345474130885872,7.165335335929462,7.238789757001062,3240400
2002-12-24,7.22479772567749,7.315741758592272,7.22479772567749,7.312243834192373,880000
2002-12-26,7.188068866729736,7.266770487026059,7.174077838210818,7.2265453626881095,1375600
2002-12-27,7.018424987792969,7.2247978611300985,6.9991867368132725,7.186321359170706,2621200
2002-12-30,7.004434108734131,7.126858810693573,6.981697930631146,7.056901647527906,2630000
2002-12-31,6.981698513031006,7.0131791723655175,6.89425238535981,6.986945734360763,1704000
2003-01-02,7.198563098907471,7.198563098907471,7.039411219755943,7.074389794031613,2000800
2003-01-03,7.153095245361328,7.249285875698612,7.130359059847041,7.2143072827138255,2995600
2003-01-06,7.118117809295654,7.228300161599435,7.1023774732522575,7.1478491845102505,3040400
2003-01-07,6.777073383331299,7.119861967246998,6.73335032924529,7.119861967246998,5687600
2003-01-08,6.756083011627197,6.841779779724865,6.715857902721687,6.778818507643019,4426000
2003-01-09,6.871516704559326,6.873265333519164,6.764832324662414,6.7840705790255935,3413200
2003-01-10,6.806801795959473,6.882005469835004,6.785814925879962,6.873260996231923,2564400
2003-01-13,6.773571968078613,6.882004899524262,6.715857913352572,6.880256271812782,4205600
2003-01-14,6.8085551261901855,6.866269219904287,6.792814797511618,6.838286487493608,3808000
2003-01-15,6.931107044219971,6.94861399359407,6.805054871615061,6.81380834630211,2954400
2003-01-16,6.931107044219971,7.030898124916421,6.920602473887125,6.959118563926916,5422400
2003-01-17,6.871580123901367,6.939858138022179,6.840067091561441,6.932855093536177,2758800
2003-01-21,6.717517375946045,6.8733314632791735,6.717517375946045,6.8733314632791735,3279600
2003-01-22,6.6982574462890625,6.764785023282398,6.5652029601493735,6.705260489729831,5779600
2003-01-23,6.705262660980225,6.738526794171737,6.612474642808525,6.714016134192182,3480000
2003-01-24,6.547695159912109,6.708761130825587,6.547695159912109,6.70525960956483,4325200
2003-01-27,6.302595615386963,6.505679225168882,6.250074118828151,6.482919665116141,4258400
2003-01-28,6.493423938751221,6.556449998918514,6.3271053172757625,6.3271053172757625,5933200
2003-01-29,6.722772121429443,6.792800594203208,6.444407322623833,6.463664701839637,7286400
2003-01-30,6.6369805335998535,6.85407014148011,6.621224024416232,6.740273056504311,3079600
2003-01-31,6.785791397094727,6.845315912325679,6.587960489637633,6.636980442940732,2964800
2003-02-03,6.771788597106934,6.827811613326982,6.714014485966052,6.787545112159261,2076800
2003-02-04,6.983623027801514,6.999379536894907,6.687751543544221,6.773536462505199,5935600
2003-02-05,6.957365036010742,7.055404977375986,6.939857426590512,7.002883484809318,4570800
2003-02-06,6.91359806060791,7.00638606711411,6.861075892244968,6.941609572072826,2756400
2003-02-07,6.8365654945373535,6.978374138515859,6.803302035363316,6.92585264113951,2033200
2003-02-10,6.90134334564209,6.922352483010217,6.831314891289948,6.880334876121168,2053200
2003-02-11,6.875079154968262,6.99938014424262,6.848818081584963,6.945107570912327,1727200
2003-02-12,6.680752277374268,6.897842006684808,6.680752277374268,6.880334393439595,4249600
2003-02-13,6.7315216064453125,6.740275076871853,6.61947558215283,6.710513143852218,2712000
2003-02-14,6.806800365447998,6.806800365447998,6.694754378831036,6.747275851576892,2054000
2003-02-18,6.908346176147461,6.913598794249408,6.782294695102852,6.820810110049757,2074400
2003-02-19,6.960865497589111,6.960865497589111,6.87332945896434,6.910095102750445,1990400
2003-02-20,7.037894248962402,7.088665287192464,6.946856732502286,6.9521086785789645,7028400
2003-02-21,7.107928276062012,7.1586993545110555,7.037899824127947,7.037899824127947,7469600
2003-02-24,7.2970075607299805,7.2970075607299805,7.104428455075408,7.107929310511502,7772000
2003-02-25,7.325019359588623,7.498341095591197,7.277749795224284,7.370537828320594,9621600
2003-02-26,7.377538204193115,7.428309273593736,7.282999109691351,7.326767134792495,3216000
2003-02-27,7.26548957824707,7.435309668847203,7.195460495896321,7.435309668847203,4452800
2003-02-28,7.2304768562316895,7.382789380641964,7.200714922845069,7.302256383169588,2934400
2003-03-03,7.160451889038086,7.256741447205653,7.127187749924829,7.230480355047536,7665600
2003-03-04,7.160451889038086,7.25849187502078,7.160451889038086,7.204219930736736,4439200
2003-03-05,7.2794928550720215,7.2794928550720215,7.169197326643078,7.204211854317759,3278800
2003-03-06,7.3267693519592285,7.342525872477631,7.2339813243771145,7.235732419905418,3389200
2003-03-07,7.361783027648926,7.370536500692116,7.2742469615226675,7.3005080484994185,2812000
2003-03-10,7.403800010681152,7.498339114431354,7.323266996900074,7.323266996900074,7392000
2003-03-11,7.3075079917907715,7.4615709219181365,7.288249958563126,7.414301386135797,3600800
2003-03-12,7.179706573486328,7.307509795016605,7.078165102111434,7.307509795016605,4786000
2003-03-13,7.065912246704102,7.239233305277769,7.029147254624507,7.239233305277769,5397600
2003-03-14,6.932854175567627,7.0711612805412605,6.862825743521212,7.065909331795702,6180800
2003-03-17,6.917098045349121,7.020390606108284,6.875081117358937,6.957365214123007,4893200
2003-03-18,7.025644302368164,7.029145824879803,6.705262004948093,6.917099108048755,8357200
2003-03-19,7.015134334564209,7.062403850312437,6.939853328133322,7.051899290863958,3551200
2003-03-20,7.092168807983398,7.134186395947136,6.969618901103548,7.015137342537934,3358000
2003-03-21,6.871580123901367,7.1254348098187315,6.8628266522174055,7.1254348098187315,3591200
2003-03-24,6.791049003601074,6.959118110901773,6.754284011600409,6.8873385545849795,2716800
2003-03-25,6.899593830108643,6.976625340432206,6.801553179639957,6.801553179639957,3656800
2003-03-26,6.8138041496276855,6.880331718399581,6.7875437417405236,6.880331718399581,3723600
2003-03-27,6.9258503913879395,6.967867308501666,6.778789845796184,6.803299825420334,4361200
2003-03-28,7.018640041351318,7.060657636364219,6.910095533684596,6.910095533684596,2200000
2003-03-31,6.9258503913879395,7.037896394153686,6.918847349253366,7.004632277937891,3391200
2003-04-01,7.046653747558594,7.051905698131376,6.948613107167561,6.969622245153141,2851600
2003-04-02,6.910098075866699,7.037900667105153,6.882086558168507,7.037900667105153,3906800
2003-04-03,6.799799919128418,6.995880470532497,6.782292977481399,6.995880470532497,4353200
2003-04-04,6.671997547149658,6.84006659554342,6.645736466155056,6.810304660406768,8294400
2003-04-07,6.586212635040283,6.673748690622918,6.575708735792513,6.673748690622918,6566400
2003-04-08,6.467165946960449,6.568708129700529,6.453160520148196,6.568708129700529,5246800
2003-04-09,6.4829206466674805,6.538943673858696,6.460161751015974,6.472416746473605,3906800
2003-04-10,6.745526313781738,6.752529356522815,6.563451877442136,6.563451877442136,5854800
2003-04-11,6.696510314941406,6.7822959696915115,6.58621466393336,6.745530307457289,4516800
2003-04-14,6.712281227111816,6.7385698027319645,6.677230015800367,6.703518591420516,2782400
2003-04-15,6.721044063568115,6.7227969918864865,6.643931931216503,6.66846757930355,3886400
2003-04-16,6.608880043029785,6.764857220101056,6.594859960647863,6.756094585044079,2664800
2003-04-17,6.782384395599365,6.798157408996777,6.608881248227841,6.608881248227841,2997200
2003-04-21,6.864752769470215,6.873516073123074,6.750837175991299,6.794651020070775,2843600
2003-04-22,6.936607837677002,6.964648670022672,6.7876403726468535,6.850732412561158,2670400
2003-04-23,6.8367133140563965,6.985680815081259,6.81042540343766,6.936609513755879,2742800
2003-04-24,6.729809284210205,6.882281332553882,6.700015511231292,6.8086736987885645,4674800
2003-04-25,6.6912522315979,6.703520057958819,6.628160171143806,6.687747042845296,3774800
2003-04-28,6.675478935241699,6.7718692819649515,6.629912820470361,6.700014586929832,2138000
2003-04-29,6.433624267578125,6.654446401139044,6.407336364042122,6.64217857911301,4841600
2003-04-30,6.551046371459961,6.582592393728252,6.475686503657514,6.475686503657514,5828400
2003-05-01,6.487952709197998,6.589600457848051,6.445891133812626,6.535271730801769,3716800
2003-05-02,6.5370259284973145,6.573829400031825,6.493212080895393,6.496717268929098,4296400
2003-05-05,6.6193952560424805,6.738568958442126,6.545787654656268,6.570323967482449,4346400
2003-05-06,6.544036865234375,6.650942769509778,6.5230064037765905,6.615891554715927,2959600
2003-05-07,6.531769275665283,6.628159618411391,6.433626004415855,6.544037101003169,5816400
2003-05-08,6.526510238647461,6.601869432288777,6.466923386418889,6.531767685785042,3404400
2003-05-09,6.647436618804932,6.654446994458051,6.486201321514298,6.526510647246621,6980400
2003-05-12,6.763100624084473,6.845470811606864,6.62114362041635,6.6754729926081495,4960400
2003-05-13,6.859493255615234,6.880523707244783,6.717536871433274,6.72279431720416,3548400
2003-05-14,6.924339771270752,6.940112782216317,6.826197186317215,6.834959821610035,4040800
2003-05-15,6.983922481536865,7.006705854610854,6.924335660952002,6.924335660952002,3317600
2003-05-16,7.032999038696289,7.03299903869629,6.910320131100859,6.98392707453036,3561600
2003-05-19,6.975168704986572,7.06980683460601,6.948880781345621,7.003209557998257,4340400
2003-05-20,6.861244201660156,6.989180470655516,6.810420012066629,6.978664913604707,4228400
2003-05-21,7.204745769500732,7.24680666874692,6.838462151547637,6.8700081602552485,7344000
2003-05-22,7.2433061599731445,7.290624530678503,7.1977393805991055,7.206502017079863,4331200
2003-05-23,7.362481117248535,7.395780080423394,7.21176199270971,7.243308027008797,2778800
2003-05-27,7.486909866333008,7.521960406647723,7.332684948472692,7.358973522254931,3972000
2003-05-28,7.4360857009887695,7.521960461349004,7.406291939249153,7.521960461349004,5024000
2003-05-29,7.392271518707275,7.430827913826243,7.369488133541869,7.4273227262203205,7030400
2003-05-30,7.55350399017334,7.55350399017334,7.325672208920373,7.422062500772092,8440000
2003-06-02,7.621857166290283,7.711237120572936,7.546497295491894,7.5675277549914135,5461600
2003-06-03,7.735769748687744,7.741027194373998,7.5447414223839635,7.553504054709717,4530400
2003-06-04,7.700717926025391,7.856695710370586,7.646389208886197,7.755047311710522,6269200
2003-06-05,7.705976963043213,7.707729222157723,7.59556591954061,7.702471776268176,5873200
2003-06-06,7.6569085121154785,7.842679484720736,7.649898803911493,7.720000565775616,5384000
2003-06-09,7.588556289672852,7.656905767119311,7.588556289672851,7.656905767119311,3628000
2003-06-10,7.5990729331970215,7.6761850551481885,7.55350616271292,7.606083308432448,4064400
2003-06-11,7.925049781799316,7.961853257112274,7.5990746152072255,7.5990746152072255,5184800
2003-06-12,7.667423248291016,7.984635742211249,7.597320825459569,7.925048883368395,5813200
2003-06-13,7.462378025054932,7.669178858815504,7.3519668948460195,7.669178858815504,10050800
2003-06-16,7.351966381072998,7.462377503566115,7.2555760157107825,7.462377503566115,5178800
2003-06-17,7.316908836364746,7.406288745954146,7.274847269851786,7.351960030367892,5583600
2003-06-18,7.241554260253906,7.387016586974241,7.194235214280295,7.316914148077096,5626400
2003-06-19,7.378249645233154,7.486908438839154,7.103098811237909,7.241550692140149,5133200
2003-06-20,7.301137447357178,7.423816319229362,7.283612180752324,7.378249556383032,4329600
2003-06-23,7.388763904571533,7.4010317228903215,7.2783528711564776,7.325671885477216,3891200
2003-06-24,7.3256754875183105,7.43959176340089,7.325675487518311,7.3870152778190405,2681600
2003-06-25,7.527218818664551,7.562270028904439,7.315159966105264,7.360726071434757,6044800
2003-06-26,7.357223033905029,7.579797515153609,7.344955207017397,7.518458380715444,5798400
2003-06-27,7.337942600250244,7.395777196763995,7.273098296605975,7.294128755089967,3302000
2003-06-30,7.3326873779296875,7.430830661547729,7.306398795437548,7.430830661547729,3839600
2003-07-01,7.250317573547363,7.332687846644621,7.169700229286391,7.332687846644621,3734000
2003-07-02,7.180212020874023,7.273097143958495,7.153923450525606,7.250313760892942,5526400
2003-07-03,7.220522403717041,7.322170185116777,7.13289470626549,7.173203366867651,2418000
2003-07-07,7.055777072906494,7.274846166518847,7.011963254184024,7.274846166518847,4641200
2003-07-08,7.008462905883789,7.099595114714812,6.899804089465033,7.055781269930344,3578800
2003-07-09,7.0908331871032715,7.125884400138057,7.010215865105664,7.061040090578788,2804400
2003-07-10,6.894546031951904,7.071553655058046,6.848979931568374,7.059285833087627,4464400
2003-07-11,6.9225873947143555,6.9664012389847,6.857743092387184,6.931350029859183,2433200
2003-07-14,6.752588272094727,6.943616626108102,6.749083084946783,6.922586171766527,4625600
2003-07-15,6.721003532409668,6.808745094632809,6.668358728958782,6.787687307135454,4336400
2003-07-16,6.627997398376465,6.773648037148005,6.620977913048569,6.721003236018713,4235600
2003-07-17,6.83506441116333,6.83506441116333,6.615710615358439,6.62799437437034,5089600
2003-07-18,6.966679573059082,7.0158146294500625,6.835067241084722,6.835067241084722,3412400
2003-07-21,6.922809600830078,7.06144143395833,6.901751812701424,6.97545440585922,2866000
2003-07-22,6.866655349731445,6.922809900112167,6.826294308483742,6.922809900112167,3326400
2003-07-23,6.80523157119751,6.940353582284507,6.747322520397153,6.878934790615246,2557200
2003-07-24,6.712230205535889,6.917545161091873,6.712230205535889,6.831558796076398,2698400
2003-07-25,6.843843936920166,6.845598474156176,6.680644527948084,6.6859088090713135,3452800
2003-07-28,6.864900588989258,6.912281119463109,6.766630454153199,6.82102980181885,3569200
2003-07-29,6.705211162567139,6.880694316799715,6.699946882152996,6.878939779800038,2809600
2003-07-30,6.775400638580322,6.856122680574976,6.715736375059338,6.856122680574976,4634400
2003-07-31,6.80523157119751,6.940353582284507,6.7332835569215375,6.792947812863658,4305600
2003-08-01,6.819272518157959,6.863143287657777,6.729775773506034,6.8052335505989054,2767600
2003-08-04,6.689415454864502,6.7876862299485206,6.645544680715101,6.773647260901566,3002000
2003-08-05,6.761361598968506,6.835064826937913,6.670110334033129,6.70345254144905,4368800
2003-08-06,6.843843936920166,6.878940706377155,6.692928296845751,6.791199117442281,5455600
2003-08-07,7.028097629547119,7.122858658927092,6.84384051869597,6.84384051869597,5734800
2003-08-08,6.959660530090332,7.1018020986405475,6.905260521762847,7.1018020986405475,2939600
2003-08-11,7.152690410614014,7.193052110155077,7.06670407190619,7.087761855142718,4105200
2003-08-12,7.324662208557129,7.324662208557129,7.152688244394741,7.152688244394741,5792400
2003-08-13,7.275528907775879,7.359760712464159,7.275528907775878,7.324664629238534,4562800
2003-08-14,7.214107036590576,7.326416061930602,7.09477852981315,7.264997272889836,6082800
2003-08-15,7.270266056060791,7.308872558483869,7.191298514474955,7.191298514474955,1164800
2003-08-18,7.300096035003662,7.361515516122984,7.270264232008583,7.270264232008583,1615200
2003-08-19,7.168482780456543,7.217618492782254,7.114083459923626,7.117593201476517,5026000
2003-08-20,7.212357044219971,7.2562278307892285,7.142164187358205,7.168486257650713,2447600
2003-08-21,7.289570331573486,7.291324868559708,7.200073548728807,7.229906032815402,4284800
2003-08-22,7.333439350128174,7.350987393416202,7.270265323227366,7.300097130700002,3681200
2003-08-25,7.282545566558838,7.35273904460477,7.263242326625475,7.326416322983891,2908400
2003-08-26,7.2474517822265625,7.277284256853508,7.156200491330748,7.2439420399519285,3000800
2003-08-27,7.282545566558838,7.379061096811031,7.2579780500671465,7.259732585781717,3471600
2003-08-28,7.394857406616211,7.443992458275363,7.282548334586794,7.326419107686715,4750400
2003-08-29,7.440484523773193,7.44750333978763,7.343968272656213,7.377310493738434,1790000
2003-09-02,7.44750452041626,7.458033750229542,7.37029217669743,7.440485703289152,3061200
2003-09-03,7.452764511108398,7.500145009619502,7.417667771165213,7.491370322572729,2369200
2003-09-04,7.4492573738098145,7.522959950977586,7.426444384461036,7.431708662997343,3473200
2003-09-05,7.329928874969482,7.461541194720016,7.3053613490557625,7.449257431763155,3410800
2003-09-08,7.403631687164307,7.403631687164307,7.300096632238607,7.315890137885405,3234400
2003-09-09,7.294831275939941,7.403630593538336,7.282547514408581,7.403630593538336,2177200
2003-09-10,7.228148937225342,7.282548941391374,7.189543108882768,7.259735950042402,4316400
2003-09-11,7.154446125030518,7.245697418096248,7.100046122602415,7.2281487063057765,3188400
2003-09-12,7.157959461212158,7.186036744758873,7.0965399432307406,7.184281537991129,2139200
2003-09-15,7.1597113609313965,7.1912983769617185,7.091273049337364,7.1912983769617185,1807200
2003-09-16,7.284302711486816,7.286057917244714,7.173748847674175,7.229903382459445,3322800
2003-09-17,7.1719970703125,7.293080887723941,7.096539252608761,7.284306193569645,5151600
2003-09-18,7.282545566558838,7.296584529933871,7.098288523456538,7.189539777150403,4710800
2003-09-19,7.265000343322754,7.300096426513348,7.194806838111809,7.282548384918051,4119200
2003-09-22,7.312381267547607,7.329929981144917,7.186033876721855,7.266755951024553,3561600
2003-09-23,7.2474517822265625,7.335193330847744,7.1860329659576925,7.312380340770067,4382800
2003-09-24,7.343969345092773,7.426446637395051,7.291324535514435,7.3702920845894795,4632000
2003-09-25,7.2386794090271,7.3351950005977855,7.2386794090271,7.293079422544961,2728400
2003-09-26,7.1351447105407715,7.25622784064699,7.070216133766285,7.240434330683998,2959200
2003-09-29,7.18603515625,7.194809179903449,7.098293580885325,7.122861114881019,2233600
2003-09-30,7.324662208557129,7.372042039136437,7.152688244394741,7.16848174439273,3453200
2003-10-01,7.333439350128174,7.361516621037984,7.2614913015833515,7.272019859790192,3950400
2003-10-02,7.417672634124756,7.417672634124756,7.298344041735955,7.370292104551402,3021200
2003-10-03,7.4632954597473145,7.514185715526757,7.379063658499367,7.417670151768579,1607200
2003-10-06,7.440484523773193,7.498393605028405,7.419426067484957,7.498393605028405,2518400
2003-10-07,7.458034992218018,7.4755830420806895,7.356254428651986,7.440486942355347,2421600
2003-10-08,7.433465003967285,7.493129291011417,7.389594224358805,7.466806555480341,3211200
2003-10-09,7.3878374099731445,7.44750168402839,7.3053608174665,7.433463385705593,4418400
2003-10-10,7.501904487609863,7.501904487609863,7.387840175002981,7.387840175002981,4118800
2003-10-13,7.507165431976318,7.5369979016206745,7.459784923304539,7.528223882106962,1163200
2003-10-14,7.442241668701172,7.507170258141282,7.200074691834135,7.507170258141282,5769200
2003-10-15,7.284116744995117,7.429939956993843,7.261277497736671,7.414127809550669,4053200
2003-10-16,7.378988742828369,7.393044281179755,7.284115869571386,7.284115869571386,2254800
2003-10-17,7.335065841674805,7.364932853942542,7.284115522883451,7.361419639726864,2780400
2003-10-20,7.280601501464844,7.305198691946223,7.227894576557429,7.291143154528292,2549200
2003-10-21,7.3842620849609375,7.43872631178852,7.280604795324709,7.280604795324709,3890400
2003-10-22,7.387775897979736,7.44399673212186,7.33858283565668,7.396560277650966,1911600
2003-10-23,7.36317777633667,7.387774302185231,7.259520510114116,7.387774302185231,3104800
2003-10-24,7.371965408325195,7.396561945031433,7.3052035716097965,7.3649376349218825,2286400
2003-10-27,7.266549110412598,7.378990767252189,7.256007453756958,7.354394238594171,2194800
2003-10-28,7.233166217803955,7.294658198475079,7.18397316943107,7.266547789375571,4104800
2003-10-29,7.312225341796875,7.336821860564181,7.220866364800541,7.2331646241841945,2312000
2003-10-30,7.238439559936523,7.371963875815172,7.224384016051813,7.326284698600303,3508800
2003-10-31,7.4035868644714355,7.456293804267893,7.176946286121061,7.220868847652292,4025200
2003-11-03,7.422917366027832,7.475624337544325,7.352640957202171,7.421160757399667,2414400
2003-11-04,7.387775897979736,7.475621035102456,7.2876324952762515,7.46156616166953,4045200
2003-11-05,7.31749963760376,7.396559718877443,7.303444095027451,7.361422202846987,3613200
2003-11-06,7.31749963760376,7.363178810566446,7.248979872851992,7.326284016611374,2985200
2003-11-07,7.335065841674805,7.368446738363145,7.308712043622746,7.361419639726864,3224800
2003-11-10,7.32628059387207,7.373717022597717,7.291142424052535,7.335064968775743,2462800
2003-11-11,7.347366809844971,7.371963339649078,7.30520152166798,7.359665074747024,1680400
2003-11-12,7.484405994415283,7.4949476529603,7.335069517823143,7.359666050889589,3510000
2003-11-13,7.572246551513672,7.581031596749012,7.449263960677163,7.526567399232233,2967600
2003-11-14,7.554678440093994,7.670633942831427,7.51075589102368,7.556435047166646,3310400
2003-11-17,7.458050727844238,7.554680224582771,7.403586512858305,7.554680224582771,1905200
2003-11-18,7.4685893058776855,7.508998637322897,7.424666760589707,7.49318649421103,2647200
2003-11-19,7.480894088745117,7.524816668401332,7.463324654759404,7.524816668401332,2244000
2003-11-20,7.484405994415283,7.537113616935107,7.447511194815615,7.482649386427077,3450000
2003-11-21,7.386013031005859,7.510752859162722,7.370200892915226,7.510752859162722,2484400
2003-11-24,7.32628059387207,7.378987513498951,7.30871117385988,7.370203138595278,4611200
2003-11-25,7.359665393829346,7.377234823169134,7.312228939919718,7.343853242526137,4702800
2003-11-26,7.361420154571533,7.3702045311349424,7.326281978112928,7.3702045311349424,3726000
2003-11-28,7.36845064163208,7.396561061682832,7.329799232940594,7.382506186760096,566000
2003-12-01,7.452780723571777,7.475620645691394,7.370206754717307,7.378991133930952,2673600
2003-12-02,7.528329372406006,7.542384918637565,7.468594641332542,7.475622414448322,5000000
2003-12-03,7.440483093261719,7.526571625390709,7.4246709412464025,7.517787245427807,3670000
2003-12-04,7.8287577629089355,7.906061231453752,7.4141286666487645,7.4141286666487645,8414000
2003-12-05,7.821728706359863,7.906059931875265,7.793618297854729,7.862137376698181,3012400
2003-12-08,7.879705429077148,7.88673319812893,7.783075950332463,7.841054039702241,3632000
2003-12-09,7.9148454666137695,7.9411992716569255,7.881464561070195,7.881464561070195,3655600
2003-12-10,7.869169235229492,7.957014391228379,7.867411956794517,7.942958844569987,2507600
2003-12-11,7.925390243530273,7.93241801700319,7.834031198998455,7.870926004423218,2106000
2003-12-12,8.032557487487793,8.036071372493772,7.928900225529043,7.9675516201847385,1894000
2003-12-15,7.927144527435303,7.992150407691011,7.918360148272555,7.990393129735359,2993600
2003-12-16,8.027289390563965,8.074725850953499,7.935930356132858,7.935930356132858,3568000
2003-12-17,8.120406150817871,8.129190532069268,7.9745828752644385,8.009721070475353,3048800
2003-12-18,8.294336318969727,8.348800536281347,8.127430451909685,8.143242600793375,7271200
2003-12-19,8.245141983032227,8.289064537525173,8.16959513568796,8.250412475105781,3246800
2003-12-22,8.169596672058105,8.239873040544955,8.111618567525687,8.239873040544955,3038800
2003-12-23,8.094048500061035,8.153783202542131,8.009717273653314,8.152026595206664,2737200
2003-12-24,8.218786239624023,8.275007042469985,8.090532491243872,8.101074143104302,1439600
2003-12-26,8.231087684631348,8.248657111199899,8.190679008831326,8.213518928267893,487600
2003-12-29,8.275010108947754,8.306634406043257,8.160811854062963,8.232844826290476,2633600
2003-12-30,8.238112449645996,8.32771481694212,8.222300306605788,8.289062762798313,2344400
2003-12-31,8.111618995666504,8.260956119031967,8.065939822882635,8.24865785442842,3106000
2004-01-02,8.050124168395996,8.09931720539625,7.976334612895614,8.0905328302469,2510800
2004-01-05,8.187165260314941,8.188922538103705,8.041342703487487,8.08526526533511,2688400
2004-01-06,8.153780937194824,8.275006915812535,8.104587903008767,8.252167675771766,2844800
2004-01-07,8.051883697509766,8.143242028860062,8.034314272092361,8.143242028860062,3996400
2004-01-08,8.030800819396973,8.108104954985597,7.96052512455878,8.090535528622233,3156800
2004-01-09,8.051883697509766,8.169595831883644,7.978093451166771,8.029043779569665,5900400
2004-01-12,7.976334571838379,8.071206761249833,7.941196401216983,8.071206761249833,3524400
2004-01-13,7.99917459487915,8.118643984545498,7.958765929286845,7.976335351417147,4208000
2004-01-14,8.12933349609375,8.132851245703039,8.039632558412238,8.073050844229408,2951200
2004-01-15,7.877820014953613,8.26652228476429,7.825055113281841,8.18209830790103,6737200
2004-01-16,7.971036434173584,7.986865968599666,7.860229693191008,7.879576976483108,3740400
2004-01-20,8.217273712158203,8.25772681881158,8.015007507949308,8.015007507949308,3500800
2004-01-21,8.13812255859375,8.245411507777778,8.108222040668528,8.204958418419194,3672000
2004-01-22,8.095915794372559,8.226069855537908,7.935861865784276,8.178581238799557,5332800
2004-01-23,8.247169494628906,8.345664404052505,8.134604267254327,8.13636280539507,3343600
2004-01-26,8.25772476196289,8.25772476196289,8.085359131395634,8.211994707785589,2567600
2004-01-27,8.197929382324219,8.310494705910662,8.150440760634517,8.275317874554334,3370000
2004-01-28,8.07304859161377,8.189131612561198,8.051942099847366,8.176819827835104,4606000
2004-01-29,7.967521667480469,8.073052160134145,7.9059627166391735,8.073052160134145,3875600
2004-01-30,7.967521667480469,7.9851104183938695,7.881339136302655,7.94817437694685,3418400
2004-02-02,7.932338237762451,8.048421213453649,7.851432063692579,7.948167764944963,2932000
2004-02-03,7.965761661529541,8.058979675913221,7.914755299683251,7.93234337641681,2211600
2004-02-04,7.818016529083252,7.990382164363186,7.7705279350354335,7.967517136649378,3109600
2004-02-05,7.545395851135254,7.768767111291698,7.466248210834057,7.767008573036882,6024000
2004-02-06,7.608717918395996,7.691383356407625,7.482082287863654,7.615753417576163,5080800
2004-02-09,7.591127395629883,7.705451872176341,7.584091898716458,7.585851108415771,4084000
2004-02-10,7.698411464691162,7.7124817786010915,7.562981254732965,7.63509337474276,6201200
2004-02-11,7.605199813842773,7.659723247778784,7.564746034484904,7.654446959576471,6475200
2004-02-12,7.758216857910156,7.786358174987454,7.612233314299105,7.612233314299105,5893600
2004-02-13,7.696659088134766,7.754700945756099,7.654447437993872,7.754700945756099,3194800
2004-02-17,7.7335920333862305,7.767009632319093,7.707209259373783,7.707209259373783,2382400
2004-02-18,7.654444694519043,7.747662670199621,7.633338877013257,7.7072095737544295,2573200
2004-02-19,7.598160266876221,7.7160017802154375,7.584089277911828,7.657960628091524,2178000
2004-02-20,7.56298303604126,7.6122301527374105,7.4662473406988275,7.599918373563373,3603200
2004-02-23,7.5700201988220215,7.621026535753275,7.5242901481451065,7.5893674763436545,1856400
2004-02-24,7.633336544036865,7.642130576064737,7.531323893876979,7.562982945930624,3218400
2004-02-25,7.686106204986572,7.716006066733829,7.577058663699436,7.606958525446693,2466800
2004-02-26,7.740628242492676,7.78108201546356,7.659722038434775,7.689622565725176,4235200
2004-02-27,7.8250508308410645,7.869021669993833,7.7265559095998295,7.738867690887264,3156800
2004-03-01,7.9587273597717285,7.967521399461485,7.823297001534369,7.87078562098972,4144000
2004-03-02,7.990382194519043,8.069529851564111,7.9235463206874455,7.9235463206874455,4424800
2004-03-03,8.015007972717285,8.062496580048984,7.844400828334002,7.932342544664841,5045600
2004-03-04,7.877820014953613,8.013250354174508,7.802190076545292,8.002697105463303,3909600
2004-03-05,8.006211280822754,8.05721762040964,7.9059578111198805,7.914751845648903,5992000
2004-03-08,8.044903755187988,8.141639451847613,8.007967746221293,8.064250357766591,3078400
2004-03-09,7.946409225463867,8.029074608618961,7.895402896668525,7.967515038056473,2828000
2004-03-10,7.8285698890686035,8.00973024847271,7.818017314403657,8.00973024847271,2916000
2004-03-11,7.714247703552246,7.8180189588842035,7.684347170180968,7.78460067623736,3340800
2004-03-12,7.858468532562256,7.858468532562256,7.696655493417927,7.6984147027350405,1804800
2004-03-15,7.934100151062012,7.965759216217481,7.8725405595077484,7.8725405595077484,2600800
2004-03-16,7.923545837402344,7.9833462111954185,7.881334203514188,7.9780699246948545,3356000
2004-03-17,7.999176502227783,8.104706938866013,7.9340998357464345,7.946411619379611,3086000
2004-03-18,7.985101699829102,8.037866553073306,7.909471830833857,7.999172014254851,4973200
2004-03-19,7.867267608642578,8.000939422862459,7.854955819298931,7.967521133836389,3124400
2004-03-22,7.904196262359619,7.960478871818413,7.798666537359787,7.867260925703841,2847200
2004-03-23,7.870779991149902,7.941133600229615,7.80922108641146,7.927062610036976,3418000
2004-03-24,7.624546527862549,7.902442673168671,7.6175117004809385,7.902442673168671,2744000
2004-03-25,7.643887996673584,7.70192980726765,7.61222894924801,7.668511551128689,4180400
2004-03-26,7.735352993011475,7.80394742178341,7.633340954847115,7.633340954847115,3088800
2004-03-29,7.835602760314941,7.865503277376694,7.749420298369869,7.749420298369869,3840400
2004-03-30,7.9587273597717285,8.036115848360696,7.83912654135282,7.846162041481513,4701200
2004-03-31,8.071290016174316,8.071290016174316,7.9323419536972715,7.992142343184734,3288800
2004-04-01,8.020282745361328,8.139883510645056,7.971035608224001,8.08184233772491,5268800
2004-04-02,8.069527626037598,8.12405103067664,8.027315330274833,8.099427471040727,3303200
2004-04-05,8.066012382507324,8.111741768748209,8.022041534954138,8.090635949786407,5250000
2004-04-06,8.092397689819336,8.115262727456109,8.03963278607014,8.066015573415815,2214400
2004-04-07,8.092397689819336,8.160992802729657,8.044909746104567,8.074809612216988,3780800
2004-04-08,8.278829574584961,8.282347322244036,8.136363813630357,8.160988047243881,4200800
2004-04-12,8.421295166015625,8.52154862398495,8.278829407928912,8.278829407928912,3773600
2004-04-13,8.335113525390625,8.472302351278765,8.328078028949728,8.421296679436937,3322800
2004-04-14,8.36857795715332,8.380905353985609,8.220648523373107,8.291091366808539,4376000
2004-04-15,8.54468059539795,8.602795344373346,8.453105208358968,8.453105208358968,3649200
2004-04-16,8.653863906860352,8.680280121896994,8.59927138107993,8.655625346151997,4961600
2004-04-19,8.821168899536133,8.821168899536133,8.696133526735764,8.704938711675183,6242800
2004-04-20,8.632734298706055,8.805318459905097,8.632734298706055,8.727831899303226,3450400
2004-04-21,8.495372772216797,8.62921333654177,8.481283938186493,8.585186737885945,4123600
2004-04-22,8.622167587280273,8.636256419133655,8.460150051721268,8.505937411659797,4013200
2004-04-23,8.572856903076172,8.620405696701116,8.493608913701266,8.611600513835548,2204000
2004-04-26,8.662673950195312,8.704939783618787,8.608081393772753,8.608081393772753,2726000
2004-04-27,8.879280090332031,8.944439910649468,8.701413007560454,8.726067784202824,4628000
2004-04-28,8.824688911437988,8.90393689975332,8.791228276486859,8.88104288717503,4196800
2004-04-29,8.620403289794922,8.766571165570479,8.571093070289356,8.722544591742919,5137600
2004-04-30,8.673238754272461,8.770097123768782,8.60455737720766,8.638017345784938,3317200
2004-05-03,9.183943748474121,9.183943748474121,8.648580439047212,8.70845660749354,9715600
2004-05-04,9.513263702392578,9.641821238288008,9.215644256699788,9.215644256699788,15029600
2004-05-05,9.509743690490723,9.546725865834661,9.384708332827426,9.492133322743838,8014400
2004-05-06,9.541443824768066,9.581948211988616,9.365337442873924,9.511505390513944,6204000
2004-05-07,9.49036979675293,9.629493955465911,9.476281640010727,9.543201560172754,6413200
2004-05-10,9.192750930786133,9.354768438454409,9.06947636046024,9.353007670672085,8418000
2004-05-11,9.25086498260498,9.331874402188385,9.183945063190937,9.236776826020243,5682000
2004-05-12,9.333635330200195,9.41112187222832,9.185705988661178,9.250865141543745,4965600
2004-05-13,9.35477066040039,9.395275046938066,9.259673726343143,9.31602771385578,3906000
2004-05-14,9.539680480957031,9.615406263802685,9.40407918513727,9.412884368116263,4802400
2004-05-17,9.624212265014648,9.735158781464417,9.539680626111384,9.539680626111384,4297600
2004-05-18,9.474520683288574,9.641821835802523,9.421688917176894,9.624211471029414,6008000
2004-05-19,9.319547653198242,9.525592430563561,9.316026117400632,9.485088050966983,5216000
2004-05-20,9.236778259277344,9.414645378486927,9.233256051636547,9.333636618125826,5073600
2004-05-21,9.275520324707031,9.354768309667843,9.164573817554249,9.351246102359324,4829200
2004-05-24,9.478041648864746,9.507980071207564,9.280802767718697,9.307218311417607,3130800
2004-05-25,9.606598854064941,9.617165474265885,9.419926599727308,9.425209573931657,3387200
2004-05-26,9.525593757629395,9.69289494660464,9.516788573323856,9.650629121428553,3848000
2004-05-27,9.35477066040039,9.511505230156942,9.330115874837677,9.511505230156942,3923200
2004-05-28,9.409363746643066,9.555531689751662,9.384708961429027,9.393514145892254,3156800
2004-06-01,9.617166519165039,9.682325671336418,9.499174932040972,9.509741553389974,2692000
2004-06-02,9.479804992675781,9.719309060573266,9.465716162438776,9.68584909644898,4714800
2004-06-03,9.317787170410156,9.569619310566573,9.291370948572938,9.479805365546401,4588400
2004-06-04,9.176900863647461,9.300175427660742,9.12759130675908,9.300175427660742,4058000
2004-06-07,9.407601356506348,9.411123564294398,9.127592891177056,9.187468408196569,4306400
2004-06-08,9.337159156799316,9.50622109879691,9.303699190714097,9.400557552996524,2717200
2004-06-09,9.261435508728027,9.321311710991083,9.164577124071126,9.301939899701184,2778800
2004-06-10,9.627735137939453,9.627735137939453,9.437540603473643,9.439301371623811,5553600
2004-06-14,9.615407943725586,9.724594381476901,9.495655553270446,9.597797574690865,3970000
2004-06-15,9.953530311584473,9.964096933717377,9.701698194318679,9.714025584244219,7357200
2004-06-16,10.2018404006958,10.284610596043393,10.023972619858514,10.038061449616562,6512000
2004-06-17,10.26171875,10.305745344600071,10.129638966199781,10.237063964510762,4165600
2004-06-18,10.24234390258789,10.28108750931661,10.185989931960108,10.219449892085255,3667600
2004-06-21,10.275809288024902,10.281092937418082,10.171906473861375,10.258198914828105,2346800
2004-06-22,10.38147258758545,10.407888144950661,10.24058759959314,10.275808342746757,4578000
2004-06-23,10.758334159851074,10.775944521569569,10.441342946372513,10.478325109056694,7590400
2004-06-24,10.723115921020508,10.883372678283177,10.672044916494755,10.788275084709522,6963200
2004-06-25,10.582229614257812,11.216212146582478,10.582229614257812,10.937964488790684,7100800
2004-06-28,10.377946853637695,10.62801753840372,10.321592877583594,10.62801753840372,5533200
2004-06-29,10.44838809967041,10.495936214035872,10.328635750486225,10.328635750486225,4377200
2004-06-30,10.515310287475586,10.562859083902946,10.434301525470053,10.494177712994237,4143200
2004-07-01,10.619214057922363,10.684373227219204,10.517072711872654,10.541727496374566,4631600
2004-07-02,10.709029197692871,10.807648340435584,10.6192145677893,10.66324116274016,3121600
2004-07-06,10.856955528259277,10.992556811369898,10.80412309175221,10.80412309175221,5602000
2004-07-07,10.97142505645752,10.980230239266632,10.779469115332383,10.853434128872172,3896800
2004-07-08,10.943248748779297,11.06124035549305,10.784753432983825,10.990797545055667,3865600
2004-07-09,11.017210960388184,11.07884789997515,10.90978600414325,10.943245961091566,2712000
2004-07-12,10.973188400268555,11.017214993746421,10.886895981463237,11.015453553803505,4738000
2004-07-13,10.867525100708008,10.973189337151927,10.830542920259287,10.973189337151927,5218800
2004-07-14,11.026177406311035,11.047330556233781,10.85871334434355,10.867527773220663,3465600
2004-07-15,11.123125076293945,11.14075325368445,10.918642925687578,11.017358701735766,4236000
2004-07-16,11.161903381347656,11.209498438786106,11.00325318988616,11.184819669546767,5624000
2004-07-19,11.147806167602539,11.191875608904429,11.052616013003341,11.154856767151646,2562400
2004-07-20,11.07024097442627,11.154854201571576,11.019120272886557,11.147803603644082,3504800
2004-07-21,10.774092674255371,11.131936857156067,10.744125788478561,11.086104279273117,4501600
2004-07-22,10.826977729797363,10.916879747637347,10.712397610077641,10.789959568308506,4580000
2004-07-23,10.719449996948242,10.81640262294538,10.647176147847148,10.752942526671985,2591600
2004-07-26,10.553750991821289,10.789963254919954,10.472663370632027,10.712401270188451,4274800
2004-07-27,10.79701042175293,10.82521483024252,10.453268730979323,10.509677547958505,4124400
2004-07-28,11.034981727600098,11.036744880846591,10.770565226084639,10.798769626015117,6014800
2004-07-29,11.112549781799316,11.131940442345119,10.893965070800638,11.036750293727327,4836000
2004-07-30,11.202449798583984,11.246519231837617,11.12312468423821,11.142515342461197,3242000
2004-08-02,11.200688362121582,11.267673422755358,10.96447615094636,11.20245084373984,3161600
2004-08-03,11.438661575317383,11.65195746318781,11.234179439290676,11.237705074517399,8700400
2004-08-04,10.825218200683594,11.438664780663919,10.786436874768503,11.438664780663919,8628000
2004-08-05,10.620732307434082,10.885148879403395,10.52906781512452,10.82521442952584,7331200
2004-08-06,10.294618606567383,10.629545854493882,10.255837294907412,10.6207321034201,5195600
2004-08-09,10.435644149780273,10.611921920308838,10.312249575921012,10.312249575921012,5296000
2004-08-10,10.495575904846191,10.566086591358069,10.386283231216625,10.488524634461157,4615600
2004-08-11,10.22586727142334,10.479707544865994,10.162407875508617,10.442689395804253,5326400
2004-08-12,10.058406829833984,10.38804597416559,10.056643676084384,10.262888955789169,4849600
2004-08-13,10.135970115661621,10.220583350716206,10.08837504485975,10.091900680376135,5977200
2004-08-16,10.134209632873535,10.243501665652015,10.088377034567289,10.12363272423832,3784000
2004-08-17,9.765786170959473,9.885655076981646,9.764023017151004,9.78341367436726,7952400
2004-08-18,9.89447021484375,9.935014016318533,9.809856976229474,9.809856976229474,4817600
2004-08-19,10.030206680297852,10.056647945752637,9.85392888748029,9.93854214733915,4887200
2004-08-20,10.083083152770996,10.259360827915783,10.06898061598535,10.118338822289147,4838400
2004-08-23,9.943826675415039,10.158885720181605,9.897994761707922,10.083086242844084,3412000
2004-08-24,9.906805992126465,9.94382414444234,9.765783979175987,9.94382414444234,5559600
2004-08-25,9.885656356811523,10.07074785634045,9.834535648886073,9.942065181954696,5100400
2004-08-26,10.047831535339355,10.063696559398267,9.73053172660736,9.871553789105333,3925200
2004-08-27,10.127156257629395,10.151835033540866,10.04606865893564,10.053119257448769,2506400
2004-08-30,10.046069145202637,10.183565573334008,9.959692752885337,10.053119744057039,2833200
2004-08-31,10.183568000793457,10.202958665269268,10.030206511901941,10.046071539887024,1950400
2004-09-01,10.375707626342773,10.41096330795655,10.180039232210198,10.20648116153208,4365200
2004-09-02,10.386285781860352,10.481475938096462,10.296384415934906,10.409202080016376,3106000
2004-09-03,10.352789878845215,10.410961846207252,10.312246086038085,10.386282401830384,2077200
2004-09-07,10.396856307983398,10.396856307983398,10.183560500731911,10.35455004614547,3057200
2004-09-08,10.382759094238281,10.506152973559445,10.37218218781952,10.474422926749371,5284400
2004-09-09,10.523780822753906,10.534357056396653,10.359842476829465,10.40038627483443,5072800
2004-09-10,10.513204574584961,10.555511529142093,10.412726314013783,10.52201832732088,2796400
2004-09-13,10.77938175201416,10.83579056288849,10.654224072468551,10.682428477905717,6725200
2004-09-14,11.133703231811523,11.17072139981531,10.828742789427698,10.832268425301338,8637200
2004-09-15,11.049091339111328,11.223605965292837,11.049091339111328,11.123127684171031,5040400
2004-09-16,11.121360778808594,11.160142090289023,10.973287475137807,11.049086944424406,2853200
2004-09-17,11.20773696899414,11.260620146770824,11.174243774193572,11.174243774193572,3317200
2004-09-20,11.188350677490234,11.295880228629903,11.163671896398446,11.242996357780239,3376000
2004-09-21,11.530326843261719,11.569106813743213,11.170719444020502,11.20950075939433,3882400
2004-09-22,11.412223815917969,11.530330958039086,11.352290012509988,11.530330958039086,3560800
2004-09-23,11.230656623840332,11.368153069974056,11.223605351616467,11.368153069974056,4466800
2004-09-24,11.431612014770508,11.486259032735546,11.327608786033462,11.352287563865728,4411200
2004-09-27,11.371678352355957,11.53209041007222,11.24652063523869,11.47568158226427,2840400
2004-09-28,11.609644889831543,11.655477450479271,11.4739103607687,11.493301007777678,3518400
2004-09-29,11.452770233154297,11.787698361670317,11.396361384291085,11.60965738608301,5010800
2004-09-30,11.60788631439209,11.680160817179214,11.452762422040482,11.452762422040482,6730400
2004-10-01,11.845867156982422,11.889936605252286,11.539144173594158,11.607892405303721,5468000
2004-10-04,11.90227222442627,11.967495471353919,11.770063921521439,11.847626556257842,4144800
2004-10-05,12.207231521606445,12.283030991348571,12.022139386571054,12.022139386571054,4313200
2004-10-06,12.387039184570312,12.436398093380413,12.268933393069114,12.268933393069114,4121200
2004-10-07,12.272459983825684,12.776614560952295,12.249543010842705,12.603861738379722,6420000
2004-10-08,12.286561012268066,12.402904995307965,12.149064555870197,12.281272893928573,3019600
2004-10-11,12.207231521606445,12.305946609682811,12.124380782017122,12.288319107510919,2497200
2004-10-12,12.018610954284668,12.314757477907584,12.011559686473191,12.230143609061685,3268800
2004-10-13,11.552833557128906,11.831596677123093,11.446972679123263,11.829833316279451,8129600
2004-10-14,11.785722732543945,11.875702576527361,11.552831269976393,11.552831269976393,4980800
2004-10-15,11.748675346374512,11.87394398781796,11.67457379352306,11.803370503450134,2663600
2004-10-18,11.626936912536621,11.829835165664342,11.581063947967884,11.768082528481461,3276400
2004-10-19,11.64457893371582,11.718680476599152,11.559890494651249,11.609292869317208,2654000
2004-10-20,12.045080184936523,12.068017336172913,11.688686121139414,11.688686121139414,5483200
2004-10-21,12.150938034057617,12.193281566142266,11.960390120561772,12.147408621172538,4535200
2004-10-22,12.131532669067383,12.270914891544994,12.108595519067686,12.217984456551564,2480000
2004-10-25,12.152702331542969,12.24797629563766,12.06095778060552,12.156231744700209,3419200
2004-10-26,12.300908088684082,12.32737330599178,12.043316088781362,12.154468386181446,3363200
2004-10-27,11.97451114654541,12.57085434896829,11.732797392370404,12.35913523520606,7460000
2004-10-28,11.47343635559082,12.068015976640803,11.47343635559082,12.068015976640803,9452000
2004-10-29,11.743377685546875,11.75043516565558,11.457557144566126,11.491078492486608,5256400
2004-11-01,11.584592819213867,11.958629962704178,11.487554119113762,11.83865545443365,5105600
2004-11-02,11.365814208984375,11.678101391252529,11.318177888441578,11.61987817475141,4064400
2004-11-03,11.60929012298584,11.658691139888262,11.427563030699424,11.59164574888347,6022800
2004-11-04,11.838652610778809,11.926869100197544,11.66045492525146,11.732793092691688,6951600
2004-11-05,11.9251070022583,12.062725886561713,11.836890493541219,11.838655200617147,3782000
2004-11-08,11.506961822509766,11.92687192708157,11.476968532056878,11.888056447165068,5747600
2004-11-09,11.51225471496582,11.690452444543519,11.342879174941556,11.690452444543519,5495600
2004-11-10,11.672807693481445,11.674571054270887,11.406393491889448,11.55283320202942,6357600
2004-11-11,11.561654090881348,11.688686064234776,11.533425511289998,11.66927832685706,5805200
2004-11-12,12.062724113464355,12.085659917771713,11.517545469768388,11.561653717643466,5698400
2004-11-15,11.909228324890137,12.066253598080301,11.690451766638176,12.06448889105652,7042400
2004-11-16,11.82277774810791,12.00626826131684,11.739854008418785,11.930402004375429,4503200
2004-11-17,11.997445106506348,12.038025292522862,11.849242018954742,11.935693820026511,4977200
2004-11-18,12.225041389465332,12.244449125020909,11.958627211810704,12.015085711769617,6495200
2004-11-19,12.586727142333984,12.749046493995044,12.255033650999431,12.269148611331124,9288000
2004-11-22,12.971351623535156,12.997816838783852,12.682001654590087,12.697881322170009,7043600
2004-11-23,13.064863204956055,13.183072982999187,12.941359306606794,12.971352591290538,3966800
2004-11-24,13.315397262573242,13.352448026973695,12.914893642768552,13.064862753154863,5302400
2004-11-26,13.378911972045898,13.497121734769133,13.278345236492648,13.31716070391262,1759200
2004-11-29,13.285405158996582,13.440665711143252,13.149550998050925,13.417729906213372,5222800
2004-11-30,13.244826316833496,13.248354384842168,13.061335820609914,13.126616520425452,5521600
2004-12-01,12.897250175476074,13.294224368370134,12.835498903574576,13.244823350848934,6940400
2004-12-02,12.4350004196167,12.89725409200412,12.244452426105138,12.89725409200412,8568400
2004-12-03,12.731406211853027,12.752577310838921,12.323845057373632,12.323845057373632,5983200
2004-12-06,12.643187522888184,12.807268895954483,12.549676916260053,12.791390574461653,2969600
2004-12-07,12.31855583190918,12.614963417807042,12.276212275660166,12.570855154108415,4851600
2004-12-08,12.459700584411621,12.519687166189525,12.062726282165746,12.27621007873316,4404400
2004-12-09,12.581438064575195,12.632603801250188,12.389126721351317,12.48616407346422,3711600
2004-12-10,12.297382354736328,12.807273732864397,12.247981318887932,12.807273732864397,3918000
2004-12-13,12.625545501708984,12.625545501708984,12.33266741117332,12.341488253843249,4474800
2004-12-14,12.71199893951416,12.752577778108645,12.565559217803356,12.669654047836815,3718800
2004-12-15,12.925484657287598,12.976650399506356,12.61849020397505,12.747286913157062,4163200
2004-12-16,12.676712036132812,12.897253307972553,12.641425971069294,12.897253307972553,3598800
2004-12-17,12.913134574890137,12.920192057990194,12.696121344314475,12.703178827414533,4255200
2004-12-20,12.959002494812012,13.011932929906791,12.879608188246722,12.906073405794112,2843600
2004-12-21,13.034872055053711,13.089567210874703,12.941362762494151,12.960770503902047,2670800
2004-12-22,12.703176498413086,13.07368554373473,12.62378218372881,13.047220323480966,6141200
2004-12-23,12.7737455368042,12.879605034999846,12.692586543318317,12.7049367956732,3347600
2004-12-27,12.42088794708252,12.77375407429465,12.4050082713977,12.77375407429465,2939200
2004-12-28,12.579673767089844,12.59202402356943,12.438526824971424,12.438526824971424,3164800
2004-12-29,12.574385643005371,12.653781340589878,12.494991291498504,12.614965845692248,4131600
2004-12-30,12.5090970993042,12.61495660580189,12.456166673017025,12.535562312447786,2900400
2004-12-31,12.590258598327637,12.643189035121528,12.512627649983774,12.544385642844725,2445600
2005-01-03,11.741616249084473,12.590258516585456,11.671042782509788,12.590258516585456,12024400
2005-01-04,11.556360244750977,11.891583177554535,11.521074187014525,11.769843990033188,11683200
2005-01-05,11.45932388305664,11.626936056375154,11.309356088249514,11.55636258056089,7855200
2005-01-06,11.628704071044922,11.821015467609744,11.325238980981648,11.45932714248323,8714800
2005-01-07,11.552833557128906,11.635755937320424,11.395806947041065,11.635755937320424,4044400
2005-01-10,11.7345552444458,11.900401293111544,11.667509865596033,11.679860117582594,4525600
2005-01-11,11.812191009521484,11.873943647873674,11.655165717989176,11.794547975453952,4511600
2005-01-12,11.972890853881836,12.004677342237741,11.672684831123902,11.836914796415295,6363200
2005-01-13,12.103568077087402,12.239542787679676,11.972890890022985,12.034697576655836,5078800
2005-01-14,12.352557182312012,12.380812428513778,12.057650123323617,12.105330514468024,3964400
2005-01-18,12.647467613220215,12.714571812765163,12.502662821466213,12.502662821466213,7349200
2005-01-19,12.5203218460083,12.753422278450458,12.511491743218219,12.645701491377196,3413600
2005-01-20,12.559172630310059,12.647468272501339,12.29428570373622,12.449685548970423,5607200
2005-01-21,12.652765274047852,12.799336357393493,12.61038374478226,12.794037487361335,5141200
2005-01-24,12.737529754638672,12.815230356370778,12.728700998168453,12.7410623350545,5111200
2005-01-25,12.698677062988281,12.871735728450208,12.622742773816624,12.783440106031268,3914800
2005-01-26,12.880563735961914,12.905286398437982,12.67924985735161,12.776374217855004,4766800
2005-01-27,12.991816520690918,13.136621272986279,12.838181668129051,12.882329474893297,3816000
2005-01-28,13.06775188446045,13.081879507143222,12.901755686148505,12.993583886302273,5884000
2005-01-31,13.111906051635742,13.20903182056182,12.93884595808152,13.067758219812053,6724800
2005-02-01,13.412102699279785,13.43859165189301,13.196662541326326,13.200193772942178,5659200
2005-02-02,13.530424118041992,13.530424118041992,13.366194176670733,13.420937041366312,4852000
2005-02-03,13.646977424621582,13.897736783585136,13.406813114061169,13.862419057384736,8987600
2005-02-04,13.535719871520996,13.728203691442252,13.449190534409519,13.668163311854306,6324400
2005-02-07,13.590469360351562,13.59753317562349,13.383857815966463,13.535726476100383,5828000
2005-02-08,13.719374656677246,13.805903992019921,13.456252723882326,13.58869616150827,5128400
2005-02-09,13.816506385803223,13.977205155638705,13.539258029444401,13.694659274522236,5892400
2005-02-10,14.127297401428223,14.16791397426232,13.899494569156104,13.94187608412085,4697600
2005-02-11,14.348047256469727,14.411620250558123,14.040778683232539,14.127308067908654,6347200
2005-02-14,14.506967544555664,14.524626395336366,14.356865291993783,14.356865291993783,7218800
2005-02-15,14.510504722595215,14.637650655978423,14.385125079199137,14.50697348990546,4679200
2005-02-16,15.008493423461914,15.063237639747445,14.524633664051152,14.524633664051152,8003200
2005-02-17,14.755965232849121,15.125041666296248,14.704753605850026,15.08972260597736,8656800
2005-02-18,15.110919952392578,15.206279431624246,14.794821312148231,14.807182651273544,8029200
2005-02-22,15.292798042297363,15.598301418928347,15.22569386960058,15.22569386960058,9565600
2005-02-23,15.264545440673828,15.389925044811578,15.218631346376428,15.239822777733092,7080800
2005-02-24,15.598306655883789,15.598306655883787,15.26984679741026,15.345781094740902,6450000
2005-02-25,16.158105850219727,16.202253680411584,15.60007662989792,15.60007662989792,7637600
2005-02-28,16.09099578857422,16.475964781905265,15.755472131532308,16.193417693479848,10749200
2005-03-01,15.531198501586914,16.034484596644816,15.446435463690392,15.963847833541585,8655200
2005-03-02,15.886148452758789,15.967380264880127,15.46232918958651,15.529434725853402,4772600
2005-03-03,16.20401382446289,16.45830431375855,16.02035875885337,16.14044086531789,5651600
2005-03-04,16.525415420532227,16.712601781482892,16.091000951525995,16.204019284245433,3801200
2005-03-07,16.31349754333496,16.475962500872246,16.04861069507196,16.422984592305973,3633800
2005-03-08,16.620777130126953,16.65609485862712,16.246403010514246,16.246403010514246,4038000
2005-03-09,16.46536636352539,17.097563307765263,16.430048655461885,16.740849606100713,8835000
2005-03-10,15.843766212463379,16.249925254659768,15.564751730899617,16.246394022677293,7807200
2005-03-11,16.02741813659668,16.175754102040745,15.794317799981743,15.84376312179643,4439600
2005-03-14,16.165159225463867,16.193413117952517,15.702489778816886,16.087458663373113,3761600
2005-03-15,15.850830078125,16.377071218795543,15.843766266851567,16.122780749373124,3427000
2005-03-16,15.999164581298828,16.274647806140536,15.600068038907978,15.850828600239854,5241800
2005-03-17,16.36295509338379,16.451250768144675,16.06274899082574,16.06981280648082,6963600
2005-03-18,17.02692413330078,17.104624696778956,16.77616493861906,16.95275614849926,9162200
2005-03-21,16.832683563232422,17.03046631484305,16.588988041208875,17.026933734174506,3921800
2005-03-22,16.458303451538086,17.026927474499008,16.419454509459676,16.832677374969844,3800600
2005-03-23,15.903807640075684,16.341754535530047,15.69896248942436,16.341754535530047,6357200
2005-03-24,16.066280364990234,16.426525505333043,15.861433768241408,15.953260670286934,4159400
2005-03-28,15.99210262298584,16.26052206830268,15.868489291119051,16.06980320146455,3214200
2005-03-29,15.804913520812988,16.327623348207133,15.78725466901749,15.992099774956532,4537400
2005-03-30,16.3770751953125,16.380607775449082,15.575350609448284,15.857897739853936,7224800
2005-03-31,17.2141170501709,17.249434764144624,16.82914803980581,16.864465753779534,6218600
2005-04-01,17.750947952270508,17.772139382631085,17.341256396287463,17.394234298546902,6116800
2005-04-04,17.68385124206543,18.54208499834293,17.433091939721855,17.8957602459898,8144000
2005-04-05,17.64852523803711,17.99464383383288,17.46487022546067,17.683842939681675,6049600
2005-04-06,17.669719696044922,17.803929420642646,17.27415568107111,17.62380694199341,6983000
2005-04-07,17.34832763671875,17.998183625986425,17.111695959120727,17.976993533834126,5305600
2005-04-08,16.702001571655273,17.313007165100014,16.65608746715238,17.270625640250472,6119800
2005-04-11,17.150543212890625,17.171733301280863,16.54660009536607,16.702001262411052,3903200
2005-04-12,16.73731803894043,17.228241486041398,16.65961745976153,17.15054225414678,4081600
2005-04-13,16.192962646484375,16.75499740542179,16.118730622909396,16.73732227935649,4871200
2005-04-14,16.154085159301758,16.737328115409024,16.079854458266457,16.36617326180926,6256800
2005-04-15,15.418839454650879,16.313147221085305,15.372887899651365,16.29547209393777,7069000
2005-04-18,15.828874588012695,15.843014147917748,15.12898255378443,15.447115909534846,4945000
2005-04-19,16.472198486328125,16.571173989675398,15.991465913531398,16.01267389048874,5369000
2005-04-20,16.10106086730957,16.698444679181172,16.065713303194755,16.479285466715275,3523400
2005-04-21,16.63833999633789,16.66308354275124,16.115188610363692,16.171745480511653,3187600
2005-04-22,16.737316131591797,16.935265874378377,16.482810860491686,16.67015526184996,3497600
2005-04-25,17.07666778564453,17.451356786827365,16.94941440847941,17.10848112993581,3542400
2005-04-26,16.87870979309082,17.10847287414582,16.808013356733717,17.076659545206244,3822800
2005-04-27,16.889310836791992,17.249861385661102,16.274255049279265,16.93172950025104,8047600
2005-04-28,16.71610450744629,16.94940174175903,16.539364137560217,16.747917827962663,6088200
2005-04-29,16.808013916015625,17.10847344342544,16.6029957270227,17.002428111149968,4975400
2005-05-02,17.465490341186523,17.47609433616072,16.472208576452708,16.59592769431606,5359400
2005-05-03,17.15089225769043,17.355910464499384,17.03777848529462,17.26754024553875,5300200
2005-05-04,17.246334075927734,17.320564744066576,16.77266959837758,17.239264295854127,8089400
2005-05-05,17.652833938598633,17.709390823144812,17.345305963155194,17.461955296019337,5599600
2005-05-06,17.57508087158203,17.815448129481222,17.461967026502812,17.758891206941612,5217200
2005-05-09,17.659896850585938,17.74119725623062,17.522039582387478,17.681106179701843,4281000
2005-05-10,17.331167221069336,17.716461436566412,17.26047212337432,17.599813446631593,3057000
2005-05-11,17.299348831176758,17.42660212730802,17.073121348464362,17.143817773917526,4963600
2005-05-12,16.076316833496094,17.203920816292207,15.906646103535817,17.179177252449442,10188000
2005-05-13,15.90310287475586,16.207095250906328,14.987587486101127,16.207095250906328,8787000
2005-05-16,15.846548080444336,15.867756069695556,15.379952090579856,15.811199184321454,4869400
2005-05-17,16.299001693725586,16.309605687395013,15.74757109973474,15.74757109973474,3652000
2005-05-18,16.412109375,16.69135945785084,16.192951713669085,16.3944356092901,4520600
2005-05-19,16.684297561645508,16.70550555114487,16.383838008986764,16.472208227694182,3912400
2005-05-20,16.9175968170166,16.96708392939638,16.63834657039051,16.808017247873753,5763000
2005-05-23,17.408933639526367,17.486699865959576,17.126149200345477,17.302889643386354,4221400
2005-05-24,17.61041259765625,17.628086367218632,17.271071367738656,17.412462872659894,2862400
2005-05-25,17.674049377441406,17.85078987121582,17.43014798146498,17.599818693677662,3662600
2005-05-26,17.864925384521484,17.893203155935137,17.592744923998993,17.67404537089439,2927800
2005-05-27,17.9921817779541,18.02752933532087,17.751814612275993,17.92855509595561,2058200
2005-05-31,17.635162353515625,17.73767214085898,17.469025894608997,17.56800146616446,4525000
2005-06-01,18.236082077026367,18.363335433466247,17.36651927258426,17.868461569182895,3884600
2005-06-02,18.22900390625,18.381000751104057,18.00984619792966,18.310304324684605,3712400
2005-06-03,18.26435089111328,18.476440163936903,18.080542075790465,18.327977538118155,2109800
2005-06-06,18.419889450073242,18.543607222583194,18.243149004531833,18.44816722018012,2055800
2005-06-07,17.99924659729004,18.554212845182057,17.93562127648739,18.469376836740842,3653400
2005-06-08,18.543607711791992,18.78044061624524,17.985108590326824,17.999246801541958,5831600
2005-06-09,19.141000747680664,19.144534965123874,18.56836043540381,18.628452919324697,4287400
2005-06-10,19.1480655670166,19.239971384265818,18.971325062915994,19.176344694915755,2781400
2005-06-13,19.349544525146484,19.370752515570544,18.950110741614836,19.07029429823398,2613600
2005-06-14,19.586376190185547,19.607585529157607,19.23996507751079,19.349544639565877,3169600
2005-06-15,19.65000343322754,19.900974550500088,19.589910978594283,19.794930549384343,3338800
2005-06-16,19.809066772460938,19.91864497083998,19.664139680715746,19.81260098758635,2695200
2005-06-17,19.84794807434082,19.953992047942055,19.505071256221953,19.900969386930296,5816400
2005-06-20,20.26506233215332,20.40645389487648,20.028229408247352,20.20143565697994,4439200
2005-06-21,19.971675872802734,20.303947516935683,19.900979405338312,20.148416367252317,4899200
2005-06-22,20.095399856567383,20.385254248687676,19.996425580747786,20.148422560569813,7096400
2005-06-23,20.049440383911133,20.473616455082926,19.971674141598978,20.148414620728172,4413800
2005-06-24,19.75958824157715,20.272134607708193,19.653542863900253,20.11306923803883,4817000
2005-06-27,20.056507110595703,20.25445555408534,19.798464863750763,19.798464863750763,5071200
2005-06-28,19.7949275970459,20.049434240503096,19.660604496507666,20.038828898077426,4123000
2005-06-29,19.9610595703125,20.024686216967698,19.724226752557684,19.759575638711755,3582200
2005-06-30,20.077714920043945,20.480682931695807,19.76311713369899,19.777256693369527,4697000
2005-07-01,20.67156410217285,20.75640011653486,20.33222274157022,20.388779635003992,4037800
2005-07-05,21.191173553466797,21.226521092969946,20.784670107069566,20.855366534498067,4493400
2005-07-06,20.85890769958496,21.456291294569787,20.80588637266272,21.23359794591297,3570200
2005-07-07,21.33257484436035,21.33964462518807,20.607939164804726,20.7493320845134,4500400
2005-07-08,21.371458053588867,21.70019544711942,21.000303323338418,21.420945171165883,4345400
2005-07-11,21.360849380493164,21.45275381467163,21.02857784348175,21.138156051722707,3566000
2005-07-12,21.686052322387695,21.8274452194536,21.385594101650895,21.473964325211437,4407400
2005-07-13,21.491504669189453,21.84167955864027,21.29342714322305,21.84167955864027,2578200
2005-07-14,20.91496467590332,21.717890069625536,20.791164821770245,21.61177552342504,4598800
2005-07-15,20.75578498840332,21.187313326692543,20.564780509229212,20.946789467577425,4797000
2005-07-18,20.561256408691406,20.723963426579168,20.33841771505216,20.723963426579168,2991400
2005-07-19,21.275753021240234,21.275753021240234,20.225229150226276,20.225229150226276,2710200
2005-07-20,21.463211059570312,21.57286209566522,20.950329183252112,21.399542890134835,3321200
2005-07-21,21.304048538208008,21.61885163201759,21.024616063070415,21.45260810509611,3541200
2005-07-22,22.471290588378906,22.471290588378906,21.307580808617836,21.487973075310162,4257800
2005-07-25,22.743648529052734,22.973558824947595,22.18124589024377,22.372250407276756,4514200
2005-07-26,23.115047454833984,23.129196239566053,22.64107531003108,22.980638047786464,4314400
2005-07-27,22.563247680664062,23.302503117984937,22.52080134652659,23.09735258282917,6249000
2005-07-28,21.523347854614258,22.534963130614393,20.87605640240385,22.004395791394955,10402800
2005-07-29,21.611770629882812,21.71788515205585,21.477361240587445,21.59408532595471,3810200
2005-08-01,21.65422821044922,22.3015198452209,21.629468502246652,22.3015198452209,3140200
2005-08-02,22.16002655029297,22.17417398516515,21.654218985124235,21.806315041744334,3888600
2005-08-03,21.93010902404785,22.26967167865223,21.781550868646704,22.18478168965216,2706400
2005-08-04,22.06806182861328,22.411162439636183,21.86644636730974,21.983171818223575,3720400
2005-08-05,21.91243553161621,22.269683680689305,21.640077417293874,22.234313057760286,2724400
2005-08-08,21.96548080444336,22.40408360210994,21.898276113776802,22.092817144065982,3572200
2005-08-09,21.8416805267334,22.142334698716617,21.703733286663404,22.01499971893801,2626400
2005-08-10,22.336885452270508,22.538500932610603,22.018544509995355,22.177714981132933,4457200
2005-08-11,22.672903060913086,22.67997880102397,22.329803877149658,22.33687826795846,3341600
2005-08-12,22.52788734436035,22.793172346867088,22.450071723612748,22.658760235469792,2937000
2005-08-15,22.276750564575195,22.849762828512628,22.16356299019996,22.849762828512628,2682400
2005-08-16,21.64361572265625,22.347502511066413,21.61178161967684,22.106978477289275,3429800
2005-08-17,21.134267807006836,22.07160407373322,20.929114434185678,21.64361201819662,5658600
2005-08-18,21.240373611450195,21.441989042429366,20.780548967976678,21.03875818047102,4373000
2005-08-19,21.604700088500977,21.70020101062744,21.519808730796797,21.54103190754843,2866000
2005-08-22,21.721418380737305,21.92303378342308,21.50565419733274,21.753252462703582,2712200
2005-08-23,21.57640266418457,21.947799489363337,21.16963387751588,21.880594786486043,3677600
2005-08-24,21.820466995239258,22.064528850232087,21.470293284870788,21.576406489549033,3129200
2005-08-25,21.809846878051758,21.923034428528737,21.5834717770978,21.5834717770978,3194800
2005-08-26,21.385404586791992,21.930120814732533,21.311125469155403,21.76741379058492,3045200
2005-08-29,21.838153839111328,22.29090423587572,21.495053170080595,22.19540194606399,5745800
2005-08-30,22.354570388793945,22.435923883956043,22.018544144044416,22.018544144044416,5882000
2005-08-31,22.57740592956543,23.065526833189537,22.305047909791355,22.672906848181483,11823600
2005-09-01,23.511205673217773,23.55011415714525,22.754263219981983,23.026619908869524,7270200
2005-09-02,23.07967758178711,23.458148815030842,22.93465455759038,23.376793974865997,5840600
2005-09-06,23.408628463745117,23.468758774382884,22.984175719872397,23.44753694677067,3225200
2005-09-07,23.482900619506836,23.80477930239825,23.221154928087884,23.521809091034456,4300200
2005-09-08,23.87198829650879,24.105439181028466,23.504128013953427,23.592555888646412,4125200
2005-09-09,24.94019889831543,25.035699816992807,24.02054952779616,24.11251257582486,5639600
2005-09-12,24.752729415893555,24.950806972002425,24.420239776478542,24.936658189622605,7421400
2005-09-13,24.211557388305664,25.109985155645663,24.1620379813236,24.752738390790114,9336400
2005-09-14,24.476837158203125,24.74565868058431,24.144350150141907,24.40609593059985,5458400
2005-09-15,24.795177459716797,24.812864115477854,24.282296825903583,24.6536923094427,4884200
2005-09-16,24.99325942993164,25.13474189111334,24.582952736410803,24.84469852792291,4589600
2005-09-19,25.714832305908203,26.372736099468593,25.654701981420672,25.856317485988832,6083000
2005-09-20,25.36465072631836,25.806790090600728,25.113515891238517,25.682991608322567,4684400
2005-09-21,26.188804626464844,26.259545860103938,25.594569088639197,25.803257616898076,5491200
2005-09-22,26.135746002197266,26.81840939611934,25.233780477551356,26.36565904755847,6014200
2005-09-23,25.622865676879883,26.06854028916855,25.47430477417868,25.852776026674285,4111000
2005-09-26,26.362123489379883,26.457627126705212,25.29037783929565,25.29391571068682,4160000
2005-09-27,26.47884750366211,26.528366905998237,25.962428951724615,26.330289296653728,3403400
2005-09-28,26.86085319519043,26.91744563406851,25.997796238811095,26.567271991359142,5937200
2005-09-29,26.81486701965332,27.235784553580274,26.687530668189783,26.988187591625884,7256200
2005-09-30,26.493000030517578,26.882082260354252,26.41872091652556,26.793654358182035,4832400
2005-10-03,27.621328353881836,27.72036983574068,26.874999609042064,26.899759304855664,8093200
2005-10-04,26.52129554748535,27.585965463970776,26.43994069641778,27.585965463970776,5851800
2005-10-05,25.262073516845703,26.804255801584063,25.201943212284974,26.74058762657727,6616400
2005-10-06,23.84014892578125,24.54757172655456,23.327265776058308,24.05944826691453,11419000
2005-10-07,24.430858612060547,24.473304972966268,23.840160923799804,24.22924312031744,6205400
2005-10-10,23.974563598632812,24.865918036328598,23.638538773251785,24.848231382948786,4973600
2005-10-11,24.88715171813965,25.042785706494364,24.33536241194487,24.33536241194487,4762000
2005-10-12,24.154956817626953,24.972029456792328,23.960414428014065,24.88713945887233,5791200
2005-10-13,23.323257446289062,23.889527180151532,22.512782792747398,23.889527180151532,7384000
2005-10-14,23.68779945373535,23.836444789930624,22.65081664614645,23.323263305366474,6775800
2005-10-17,24.35314178466797,24.597346520658906,24.101859863658984,24.243427865685398,4854800
2005-10-18,22.806522369384766,24.30005974667318,22.76405115242913,24.101863434398993,6142200
2005-10-19,23.475440979003906,23.50729238349895,22.010215618027022,22.806534482739156,7813400
2005-10-20,21.613815307617188,23.291389221125776,21.220965327211598,23.181675286121035,10968800
2005-10-21,21.677528381347656,22.321660545243102,21.362540838025435,21.52534317613237,7919000
2005-10-24,22.693275451660156,22.841920706320206,21.37669702424535,21.39439269502491,5077000
2005-10-25,23.719635009765625,23.921368602635134,22.725124120379125,22.979946069306074,7032600
2005-10-26,23.376340866088867,24.62921120517819,23.23831273211824,23.71256268982522,5942200
2005-10-27,22.611873626708984,23.832892499011923,22.569403745521946,23.801041100691528,5421000
2005-10-28,23.3657169342041,23.638235910018675,22.02790571265768,22.633106509342852,7431400
2005-10-31,23.988615036010742,24.406239314161116,23.468353985243592,23.910752470564493,6496000
2005-11-01,24.041702270507812,24.208044525242922,23.51436405670671,23.712557704806787,5066200
2005-11-02,24.951284408569336,25.128243872459898,24.154966821061805,24.154966821061805,6375000
2005-11-03,25.421981811523438,25.67680371700021,24.852172467383845,25.03974895330828,5417000
2005-11-04,24.229284286499023,25.351206399414707,24.119570306426944,25.3370493213108,5376800
2005-11-07,23.524988174438477,23.98154384956224,23.234774803451284,23.67717339947973,7007400
2005-11-08,23.486053466796875,23.91429492145815,23.04011499079314,23.41527078179974,4910400
2005-11-09,23.28431510925293,24.10894645268569,22.834836780349324,23.535597100134325,6158800
2005-11-10,22.385356903076172,23.033028746893436,21.98896835254171,23.022411618336644,7561000
2005-11-11,22.700353622436523,22.930401402807348,22.070378534783725,22.070378534783725,4358600
2005-11-14,22.477378845214844,23.33740285153418,22.342890694514942,23.004718367999068,8027800
2005-11-15,23.404651641845703,24.027549548971344,22.332278001288874,22.36059215620059,8263800
2005-11-16,24.671667098999023,24.735372559698195,23.521431564286374,23.535588633351168,8152400
2005-11-17,24.622135162353516,25.071610929760233,24.314224779833342,24.947739867891187,6655800
2005-11-18,24.374393463134766,24.813252104337085,24.045248807186354,24.73892946592121,5141600
2005-11-21,25.531702041625977,25.588330345772203,24.530111188575425,24.530111188575425,5705400
2005-11-22,25.775915145874023,26.083822872829316,25.570641527779145,25.83608071318862,4670400
2005-11-23,25.276887893676758,25.744060746675615,24.958360334771402,25.305202054509902,4960400
2005-11-25,25.800676345825195,25.811293475855486,25.33704096641249,25.37951218671931,1428000
2005-11-28,24.3814640045166,25.234409541736365,24.208044562164538,25.199015504362276,5447000
2005-11-29,25.142391204833984,25.283959261091987,24.632747282379604,24.827403697257623,6579600
2005-11-30,25.3936767578125,25.694507231630826,25.135314816654457,25.482156467770036,5607400
2005-12-01,26.430662155151367,26.48375052736697,25.588336189990397,25.65557894128917,7021400
2005-12-02,26.61115074157715,26.717324742735265,25.97763587731339,26.490816966708472,4964400
2005-12-05,26.81643295288086,27.481802190371035,26.62177918461326,27.287145721916605,5061000
2005-12-06,26.84828758239746,26.89429606666593,26.313869295060694,26.508525767325143,6425200
2005-12-07,27.02170753479004,27.740162471350825,26.657171499012843,26.986316184749064,5355800
2005-12-08,27.83572006225586,27.853414385896027,27.011088435358293,27.09602820931659,6130000
2005-12-09,27.13850212097168,27.641066325018727,26.89075996409975,27.53842951711836,5071000
2005-12-12,27.88878631591797,28.302870423278968,27.605650360353334,27.924177635317402,5139400
2005-12-13,28.01622200012207,29.02135040084197,27.99144508442966,28.313512586187287,7952800
2005-12-14,28.610782623291016,28.632019578604897,27.888790947059796,28.065750273626968,6184000
2005-12-15,28.57540512084961,29.021343595565348,28.171937877121287,28.610796463245954,6274800
2005-12-16,27.48180389404297,28.621423215962107,27.393324166567098,28.621423215962107,5594600
2005-12-19,27.255285263061523,27.814474868121554,27.00754050368355,27.59858690236045,3919400
2005-12-20,27.44993019104004,27.58088106628339,27.09601153380565,27.234039594112257,3520000
2005-12-21,27.20574378967285,27.736622080636927,26.982773179348502,27.616288263921362,4245600
2005-12-22,26.915531158447266,27.50303507887482,26.84120581954191,27.365006935513485,5356800
2005-12-23,26.890758514404297,26.89783570413896,26.02011566676379,26.42004574153702,3915000
2005-12-27,25.71219825744629,26.618229412059463,25.40782791015858,26.604072337745404,5811000
2005-12-28,26.278472900390625,26.487283712196533,25.78298600263555,25.93517120622776,3684600
2005-12-29,25.967021942138672,26.674859504359517,25.892699322127807,26.25369529077859,3347800
2005-12-30,25.967021942138672,26.225381140245116,25.475075052410066,25.48215223995043,3262600
2006-01-03,27.94896697998047,27.977281130922883,26.1899901804274,26.1899901804274,8827000
2006-01-04,27.977279663085938,28.02682807454256,27.432244436877195,27.517184185061986,6206600
2006-01-05,26.92613410949707,27.835705018786363,26.72440056775385,27.835705018786363,6880800
2006-01-06,27.53489112854004,27.934818508076436,27.34377460109639,27.34377460109639,5636200
2006-01-09,27.66229820251465,27.750777913704592,26.947380623995432,27.54196439119934,5280400
2006-01-10,27.605667114257812,28.278113391693648,27.541961620602077,27.690606872403386,5138800
2006-01-11,27.740148544311523,27.88171657358762,27.166801941012416,27.5738090126116,5516600
2006-01-12,27.72600555419922,28.76705675867071,27.65164224528272,27.94554562307194,6726400
2006-01-13,28.39523696899414,28.49438438696527,27.584348869780957,27.619758275975713,5704200
2006-01-17,29.22738265991211,29.22738265991211,28.68206892650427,28.80600325192294,6236800
2006-01-18,28.508544921875,29.036152298668945,27.83575548683691,28.94762744409983,5511800
2006-01-19,29.754980087280273,29.793931247796127,28.235892931856203,28.31379525288791,7155000
2006-01-20,30.03117561340332,30.565866577147563,29.581470468794514,30.133864785351857,7738000
2006-01-23,29.946197509765625,30.027641591348896,29.337145878476967,29.744360883263226,6137600
2006-01-24,29.475244522094727,30.084296154237936,29.407967447542898,29.609804074328494,5526400
2006-01-25,28.763505935668945,29.70895102993076,28.221731386865475,29.47878579571726,7735400
2006-01-26,28.377525329589844,28.505001328051595,27.474570790746466,28.434182529601284,7458000
2006-01-27,28.466064453125,29.213214768169472,28.264227804607536,29.213214768169472,6292000
2006-01-30,29.538991928100586,29.808108416475296,28.664365367057226,28.682071430047817,5381800
2006-01-31,29.93558120727539,30.059515529856526,29.124692780150795,29.39026748635278,6325600
2006-02-01,29.3725528717041,30.774789289481713,29.22383172791596,30.151573403976645,8615000
2006-02-02,28.579368591308594,29.284025797227553,27.874711385389638,29.284025797227553,10005200
2006-02-03,28.012813568115234,28.388158199166323,27.80743519575842,28.23943704741759,8316000
2006-02-06,28.41647720336914,28.837856359109633,28.27483690129499,28.27483690129499,9452200
2006-02-07,26.203353881835938,27.814507126817606,26.171486234676244,27.708276233157594,11581000
2006-02-08,26.18211555480957,26.274179471455888,25.26499652695164,26.20336065841033,10301600
2006-02-09,24.893190383911133,26.663687489407966,24.609909766405966,26.274175964947315,11164600
2006-02-10,24.563879013061523,25.12335407251481,24.135419016808086,25.017125861939068,12633000
2006-02-13,24.170833587646484,24.645325639764646,23.972536022696676,24.32309648676416,8728400
2006-02-14,24.43640899658203,24.478899210615037,23.363487867208956,23.37056866902613,11825400
2006-02-15,24.553258895874023,25.087949916097365,24.209784638121228,24.733850403656852,9863200
2006-02-16,25.516416549682617,25.583696338811617,24.65241535468215,24.659496158059405,8349600
2006-02-17,25.33582878112793,26.019241152809958,25.30041665802981,25.849272147262344,7030600
2006-02-21,25.71824836730957,26.38041547322784,25.495166631844356,26.04048024232439,5913000
2006-02-22,24.981721878051758,25.629721937680138,24.818833723682214,25.583689973267383,6527600
2006-02-23,24.73385238647461,25.427887162308327,24.238112489003356,24.730310634628108,7903600
2006-02-24,24.840076446533203,25.314568403015887,24.790502740678722,25.19771764010996,5608400
2006-02-27,24.181453704833984,24.769257434181643,24.1318799939817,24.663029211597298,5900000
2006-02-28,23.86631202697754,23.95129516900807,23.232473460042968,23.898179692151974,8911800
2006-03-01,24.202701568603516,24.340800164804254,23.83797949650593,23.922962624576016,4872600
2006-03-02,24.546173095703125,24.981716595998932,23.997317882563877,24.20269620633147,7709600
2006-03-03,24.910905838012695,25.16231622496359,24.521396825857305,24.521396825857305,7149400
2006-03-06,23.590110778808594,24.751556761515943,23.3068300847783,24.609916414500795,9467600
2006-03-07,23.104997634887695,23.650311313216957,22.704866081360468,23.590115032888733,7453000
2006-03-08,23.636146545410156,23.884015166383826,22.89253798092381,23.051881708468972,11232800
2006-03-09,23.12270164489746,24.149588176392452,22.995225591051916,23.9902444598681,8028400
2006-03-10,23.186439514160156,23.65738985823511,22.733189824921737,23.076666817583085,6168600
2006-03-13,23.968990325927734,24.061054228932306,23.29620089542859,23.299742646025425,4989800
2006-03-14,24.542638778686523,24.66303402967965,23.455553275660034,23.96899924059886,7091200
2006-03-15,24.925067901611328,24.95693826693949,23.972539217296394,24.2027044724344,6449800
2006-03-16,25.831562042236328,25.895300071643902,24.786969411931054,24.836543134629697,8534000
2006-03-17,25.693464279174805,25.99799012958285,25.555365661148524,25.98736757459088,6091800
2006-03-20,24.25581932067871,25.62972461036683,24.20978735146571,25.141068200995452,8484400
2006-03-21,24.245189666748047,24.825912546059968,23.901712769513622,23.990237631622932,6559400
2006-03-22,24.588680267333984,25.087959363066872,24.181465134375962,24.255825735801462,5988600
2006-03-23,24.974647521972656,25.371240096815267,24.71261454119113,24.762188275350717,6180400
2006-03-24,25.477460861206055,25.68992274678196,25.013591327599865,25.06670679899384,5447600
2006-03-27,25.463298797607422,25.658051920451886,24.928607744599983,25.141066924778055,6677200
2006-03-28,25.693464279174805,25.983825822405105,25.52703704679304,25.67221916919087,5503600
2006-03-29,26.114839553833008,26.345004781739103,25.6722151546155,25.6722151546155,6619400
2006-03-30,26.2139835357666,26.63536277284514,26.09713006138211,26.150245522608202,5262400
2006-03-31,25.495166778564453,25.920085144247825,25.293330149630087,25.85280806897976,5810400
2006-04-03,25.45975685119629,26.182120219531544,25.342903357443888,25.990906148363536,5713800
2006-04-04,25.884674072265625,25.93070873833468,25.05254075020433,25.123359572759156,5307000
2006-04-05,26.345001220703125,26.345001220703125,25.725327145559536,25.905918632468033,4957600
2006-04-06,26.40874671936035,26.663698843366088,25.866974806630832,26.663698843366088,6889400
2006-04-07,25.51995277404785,26.242316132501024,25.342903010747516,26.054643815653066,5020800
2006-04-10,26.16796112060547,26.3804203414314,25.84927093858379,25.84927093858379,5183400
2006-04-11,25.824201583862305,26.472728239272477,25.625742872217803,26.309710417973285,4336200
2006-04-12,25.551315307617188,26.164406322759337,25.49461476439412,25.930509484595163,4184800
2006-04-13,25.5052547454834,25.5867623114381,24.5661278475111,24.96658452836817,5784000
2006-04-17,26.11125946044922,26.139611096705025,25.558416072265256,25.870275959796572,3533200
2006-04-18,27.35160255432129,27.394129989109583,26.348686189914144,26.355775447591995,6605400
2006-04-19,27.85483741760254,28.081645042184,27.09644891595324,27.1106247304596,5876400
2006-04-20,27.163795471191406,27.713094333503157,26.678283746960584,27.589059280965753,5177400
2006-04-21,27.422496795654297,27.56779693147078,26.84130165991109,27.29491711183151,5788000
2006-04-24,26.649921417236328,27.138977576476176,26.405396041376683,27.128346391059708,4527200
2006-04-25,25.987213134765625,27.007847262452454,25.799388357800723,26.74560150048786,5305000
2006-04-26,25.39893341064453,26.64637803748364,25.264267229782636,26.033286908900532,5618200
2006-04-27,24.96303939819336,25.760410731231797,24.271982620637246,24.27552725028139,6405600
2006-04-28,24.88860321044922,26.401834693852496,24.753934403752943,26.401834693852496,5004000
2006-05-01,25.448549270629883,25.806481174280623,25.069354995750892,25.243006706649364,5776400
2006-05-02,25.841915130615234,26.082898545541166,25.64700378415566,25.948232376873104,5823400
2006-05-03,25.476896286010742,25.884442117869376,25.218195137065933,25.845459308506214,6103000
2006-05-04,25.320966720581055,25.70016095180408,24.853175681093216,25.16149354720839,5248800
2006-05-05,27.043298721313477,27.13189556178824,26.224664780530176,26.224664780530176,8844400
2006-05-08,26.419567108154297,26.497530021782968,25.909248669800572,26.260091244288862,5253400
2006-05-09,26.455015182495117,26.642840038039722,26.27782151443254,26.419576989634763,4173800
2006-05-10,26.83419418334961,26.859001174546208,26.192754336866702,26.260086053680748,5328200
2006-05-11,25.997859954833984,27.39060254897728,25.916349662945336,27.110636177723293,5822000
2006-05-12,24.427913665771484,25.799393319931674,24.314509851994735,25.675355617315695,8909200
2006-05-15,23.414358139038086,24.22236038244068,22.94302259580014,24.045166813141538,9394000
2006-05-16,23.566755294799805,23.843176954377732,23.279702448893577,23.72977312727498,6984400
2006-05-17,22.592180252075195,23.658886304166963,22.361828069537466,23.33284807939758,7152200
2006-05-18,21.99327850341797,23.03163215155154,21.89050585178564,22.627630805830414,8639800
2006-05-19,22.220081329345703,22.606363494334417,21.777097257197187,22.007448163586353,9691600
2006-05-22,22.28742218017578,22.407913943820127,21.29513778351207,21.865701683360864,10571800
2006-05-23,22.028717041015625,23.22300200049516,21.90468201253868,22.946580307386295,8348800
2006-05-24,21.720396041870117,22.287415131528732,21.12148069204555,21.61762340940695,9123200
2006-05-25,22.149202346801758,22.439799773441393,21.482953961683553,21.482953961683553,7464000
2006-05-26,22.546119689941406,22.794191070784727,22.188189111094523,22.43271586187822,6542600
2006-05-30,22.29096031188965,23.10604942848266,22.248432865204656,22.946576234994563,5387800
2006-05-31,23.269075393676758,23.279706581892487,22.09250811281156,22.29096552141495,8375000
2006-06-01,23.371841430664062,23.67307279966708,22.60636626609212,22.726856650684898,8023000
2006-06-02,23.35767364501953,23.70142713439419,22.93240716437023,23.70142713439419,5804800
2006-06-05,22.298044204711914,23.63762752205726,22.20590411832584,23.545488787551204,6749200
2006-06-06,22.712675094604492,23.024537571232052,22.2626045255077,22.347658051122483,7688200
2006-06-07,21.706214904785156,22.698500096222045,21.642425103853363,22.468147887092805,8374000
2006-06-08,21.546743392944336,21.63534020077049,20.23196708925543,21.199444068491417,16606200
2006-06-09,21.174638748168945,21.93302726694899,20.993901840710567,21.642429822404864,6952800
2006-06-12,20.37018394470215,21.47587205632203,20.341833660753128,21.174643360976617,7492400
2006-06-13,20.327651977539062,20.937198453190348,19.955545651867293,20.242598446472364,12742400
2006-06-14,21.419166564941406,21.504220106366773,20.4977601842142,20.536743001039152,11066400
2006-06-15,22.19527244567871,22.361833523391564,21.52902407918734,21.617620886097576,9085000
2006-06-16,22.340576171875,22.602822022168063,21.599906645700873,22.014539146250836,8184000
2006-06-19,20.92656135559082,22.255513194665763,20.713929602090715,22.248425289298464,9472400
2006-06-20,20.94074249267578,21.479411270685326,20.820250774543645,21.004532305326915,8140800
2006-06-21,21.568012237548828,21.918854922839515,20.976184717688312,20.976184717688312,6675600
2006-06-22,21.49358558654785,21.766462558233343,21.263233351158316,21.280952441908287,5834200
2006-06-23,22.882793426513672,23.300970650521386,22.585107967929886,22.634721985713753,10949200
2006-06-26,23.247806549072266,23.322227558292695,22.5744714841232,22.865067612715308,5161400
2006-06-27,23.41791343688965,23.690790468281477,23.31868542547444,23.410824176782548,8102400
2006-06-28,23.541942596435547,23.68015339278614,23.261976374562337,23.58447003522029,5778400
2006-06-29,24.254255294799805,24.62281822309048,23.747481606370016,23.95656870882077,7371400
2006-06-30,24.57321548461914,24.80002585700472,24.19047923366506,24.342865889499972,7356800
2006-07-03,25.12251091003418,25.2252835327875,24.757492490045504,24.881527481727087,2915200
2006-07-05,25.384756088256836,25.452090526567748,24.647632711198323,25.051633933543844,7513200
2006-07-06,25.189849853515625,25.675358722578785,25.118970771482687,25.409568248416434,7342000
2006-07-07,24.477529525756836,25.650550567144403,24.30033588427785,25.4804461854304,9805800
2006-07-10,24.651180267333984,24.89216374480766,24.186933759282283,24.186933759282283,6925400
2006-07-11,24.984312057495117,25.133154118722153,24.644100473078456,24.824838806717764,5190600
2006-07-12,24.89570426940918,25.267811962769173,24.583844463302615,24.846090270795866,5939000
2006-07-13,24.650970458984375,25.23620986721056,24.502001215020368,24.97019220038699,8760000
2006-07-14,24.88151741027832,24.934721480079336,23.973508682269454,24.77865693028206,6542000
2006-07-17,23.923851013183594,24.697075696199377,23.700397179063305,24.56229440505764,7260600
2006-07-18,23.721681594848633,24.317561289155766,23.239302665834686,24.2962807413107,6547200
2006-07-19,24.115388870239258,24.271453443143454,23.60463676031318,23.721682483919526,5868000
2006-07-20,23.586902618408203,24.392048329146863,23.586902618408203,24.157954161444895,4677000
2006-07-21,22.842042922973633,23.728768170712744,22.80657445427821,23.711032583329683,7471800
2006-07-24,23.895479202270508,23.994792023030175,23.054862473289475,23.10806654328827,6582200
2006-07-25,24.60840606689453,24.998567467052865,24.12248220572355,24.303372266446146,6276200
2006-07-26,25.47739028930664,25.605078940573666,24.34592801516243,24.562289190583183,7771600
2006-07-27,25.0482177734375,25.754050369327437,24.924074063979543,25.686658379172652,5902800
2006-07-28,25.558975219726562,25.558975219726562,24.693532962588552,24.828314265845975,5209600
2006-07-31,26.300275802612305,26.800387519104273,25.803709039335263,25.85691310434194,8759800
2006-08-01,25.335521697998047,26.12293439373383,25.20783300646946,25.597991694552796,10340400
2006-08-02,25.119169235229492,26.009442727356724,24.924088469957944,25.57317242778239,7301800
2006-08-03,24.59776496887207,24.977283376790602,24.40268698140397,24.420419867862076,6532400
2006-08-04,24.682905197143555,24.8992665713043,24.25018515489523,24.68645285906822,6346000
2006-08-07,24.7928524017334,25.13690242418569,24.462990315947124,24.75383625241991,5650400
2006-08-08,24.526832580566406,25.044680047268773,24.498456709660854,24.654521293569402,5818600
2006-08-09,24.941816329956055,25.434835522587168,24.686438936866512,24.941816329956055,5452200
2006-08-10,24.7928524017334,24.924086080267664,24.377865402023247,24.84960144232524,5728200
2006-08-11,24.16859245300293,24.725456015013908,24.083467554103702,24.704175466807037,4461600
2006-08-14,23.45566177368164,24.001885002261957,23.356348951407302,23.9912447293142,6355600
2006-08-15,23.480491638183594,23.75005696488162,23.32088212054767,23.75005696488162,6660600
2006-08-16,23.168363571166992,23.845823146683752,23.03358227042657,23.49822556278173,7927400
2006-08-17,23.21092987060547,23.264131241058273,22.774659690390276,22.87042756934881,6280200
2006-08-18,23.5301513671875,23.62237159569241,23.108071783248622,23.232212837348293,5518400
2006-08-21,23.593994140625,23.916763565689212,23.56916593147174,23.61882234977826,4210400
2006-08-22,23.81390380859375,23.909671694068077,23.498229694094686,23.58690225897806,3630400
2006-08-23,23.335065841674805,24.026710568002162,23.274769164214707,23.76424060853321,3940800
2006-08-24,23.909666061401367,23.962867422940615,23.253487070990246,23.40955161436214,4852800
2006-08-25,24.519731521606445,24.79639213908246,24.243073610201794,24.402685817138494,6182200
2006-08-28,24.058637619018555,24.416872783123186,23.781979687899515,23.941589200138484,4244400
2006-08-29,23.278310775756836,23.870645311761194,23.232202035977775,23.867097652987187,8155000
2006-08-30,23.122251510620117,23.501769859039413,22.746278115293787,23.27831333491361,5925000
2006-08-31,22.99102020263672,23.377633953805994,22.81722275064331,22.930723514037,7127400
2006-09-01,23.388269424438477,23.452113759865565,23.001655752665787,23.001655752665787,2716600
2006-09-05,23.62590980529785,23.70039440796238,23.168359212297794,23.168359212297794,3977400
2006-09-06,22.398679733276367,23.2499364908159,22.37030387660857,23.15416865107974,7770600
2006-09-07,22.345483779907227,22.593767203624466,22.058184215644097,22.22843535826957,6266200
2006-09-08,21.597087860107422,22.45189125917353,21.50486899576321,22.34548446091918,5913400
2006-09-11,21.1998348236084,21.547431080317534,20.73164383677276,21.27431944582411,8706000
2006-09-12,21.217567443847656,21.533241502209158,20.940909523582203,21.23884934272797,5947000
2006-09-13,21.55806541442871,21.8808333748044,21.178547088043082,21.178547088043082,8156000
2006-09-14,20.827415466308594,21.83118834148224,20.74583685725489,21.621921004157986,7511800
2006-09-15,21.224668502807617,21.28141889908373,20.784851916890638,20.97993267256118,7891000
2006-09-18,22.235517501831055,22.657599503629612,21.558059598401904,21.565153561368735,11490600
2006-09-19,21.955324172973633,22.419967474358774,21.614820548761955,22.23907606562024,8160000
2006-09-20,21.63255500793457,22.051088182011505,21.38781791400857,21.71767989475047,9866600
2006-09-21,22.168142318725586,22.678895830656053,21.696403600725812,21.7070452291033,10812200
2006-09-22,22.058177947998047,22.313555265890837,21.6963938653284,22.239070665850583,8531200
2006-09-25,22.4518985748291,22.501555006658638,21.529704218758713,21.83119047088734,11052400
2006-09-26,22.774658203125,22.88461130297613,22.17168457171188,22.345483371044637,10064400
2006-09-27,23.161272048950195,23.218021076014164,22.487360101359297,22.898799342305676,9525000
2006-09-28,22.66115951538086,23.324431247096694,22.66115951538086,23.072601498110718,10683400
2006-09-29,23.07259750366211,23.303143957925737,22.693077762778284,23.019393434958445,10080800
2006-10-02,22.8952579498291,23.352806015564695,22.824318272375212,23.161275651619192,8924200
2006-10-03,22.02626609802246,22.37741007456355,21.930500912001854,22.345487894877998,11802000
2006-10-04,22.327749252319336,22.39159359911197,21.23885040307441,22.026261758457267,14367400
2006-10-05,22.515735626220703,22.92717623868337,22.107842673756252,22.767566717695804,10195600
2006-10-06,22.45543670654297,22.583124040045124,21.955323586293453,22.380950737372068,7160600
2006-10-09,22.28163719177246,22.934268535765412,22.192964646006722,22.629233408809885,6473400
2006-10-10,22.59377098083496,22.930727015566443,22.161048408672254,22.20006455574083,8007200
2006-10-11,22.097196578979492,22.600857307059,22.07236837615539,22.434152499780946,8858200
2006-10-12,22.597305297851562,22.70016574862851,22.12202052336824,22.203599081663135,7916400
2006-10-13,23.055299758911133,23.310917919459712,22.696724133218105,22.718026098034304,7347000
2006-10-16,23.868301391601562,23.978358133974357,23.055294857172868,23.05884315242066,8365800
2006-10-17,23.502626419067383,23.807947778539127,23.20085606385627,23.77954787032191,6922400
2006-10-18,23.45291519165039,23.747586146419565,23.168897246028266,23.435165593648716,7638200
2006-10-19,23.878957748413086,23.932211985476666,23.2683149418131,23.584286650801204,7091400
2006-10-20,23.520374298095703,23.93220403877456,23.190201388283214,23.92155102800077,5871600
2006-10-23,23.47066879272461,23.594926820076207,23.08369069769038,23.332209461015424,6230200
2006-10-24,24.471845626831055,24.525099858208478,23.349966598004837,23.399672533613764,8575400
2006-10-25,24.972421646118164,25.13928359193357,23.83279334366511,23.87539725811434,8088400
2006-10-26,24.617395401000977,25.231588924680487,24.31562514382183,25.20673732017448,6222200
2006-10-27,24.145219802856445,24.876569490891473,24.095516583783517,24.528644248758695,4702400
2006-10-30,23.786645889282227,24.180723373689986,23.60913360652639,23.864751727074392,7219400
2006-10-31,23.619781494140625,23.903802200947634,23.094346707756525,23.75114154504775,8793800
2006-11-01,23.438716888427734,23.697885971747663,23.104995691887087,23.520373717277643,6996800
2006-11-02,23.342864990234375,23.56298119414371,22.9274869020745,23.183105020518255,6731400
2006-11-03,23.832799911499023,24.187824503881014,23.58783478461887,23.68013922842986,5336600
2006-11-06,23.74759292602539,24.0458149689818,23.41386896830862,23.59848325885842,5471800
2006-11-07,23.520374298095703,23.886049117954485,23.410317564365577,23.878949819394073,5683800
2006-11-08,24.01741600036621,24.127472765420322,23.40322221812942,23.431624837699154,5296200
2006-11-09,24.57124900817871,24.844619431040687,24.07421409184798,24.304980593211074,9937200
2006-11-10,23.949951171875,24.31562595405757,23.70143511853398,24.283675050894512,4929400
2006-11-13,23.772441864013672,24.127466388939723,23.47777085825573,23.47777085825573,4694200
2006-11-14,24.024511337280273,24.08131656704777,23.783094528013287,24.0103100298384,4909400
2006-11-15,24.308528900146484,24.510892764724883,23.864748257770863,23.878949563361534,6791800
2006-11-16,23.406774520874023,24.649360755423576,23.33577067663469,24.54640328524042,6257600
2006-11-17,24.2481746673584,24.31917848459454,23.254104974320327,23.254104974320327,7047200
2006-11-20,24.21977424621582,24.32273168654985,23.800845185963176,24.08131489405473,5787000
2006-11-21,24.69195556640625,24.75586008606576,24.13811549314983,24.276574834308427,8574200
2006-11-22,24.695512771606445,24.784268930456236,24.24818368121207,24.691964475461024,6498800
2006-11-24,24.663555145263672,25.09313451220222,24.663555145263672,24.74520927236399,2045600
2006-11-27,24.471845626831055,24.89787406060499,24.461195322280112,24.82331922012569,5107800
2006-11-28,25.19609832763672,25.355858327073484,24.56060391734453,24.56060391734453,7712000
2006-11-29,25.583072662353516,25.65762750580495,24.69196283684626,25.384259746483025,12554000
2006-11-30,25.039886474609375,25.34875887478028,24.731016783061413,25.277752324303837,11025200
2006-12-01,25.07538414001465,25.107337759461966,24.446991849523958,24.819768727548553,5826000
2006-12-04,24.557044982910156,24.890768892823782,24.31207991011717,24.7629598510961,5264000
2006-12-05,24.61385726928711,24.82687149709276,24.36533841299479,24.695511414111557,6123000
2006-12-06,24.620952606201172,25.046983701850632,24.461192638221643,24.461192638221643,4714400
2006-12-07,24.475385665893555,24.734551989265224,24.326273343116714,24.620944277248565,3881600
2006-12-08,24.379541397094727,24.727466736350948,24.280134931199537,24.656460183123635,4227600
2006-12-11,24.28013038635254,24.532197508724767,23.978360040336355,24.322734310314164,4366400
2006-12-12,24.237524032592773,24.55704665871664,24.042262161744272,24.290778255050462,4375400
2006-12-13,24.365331649780273,24.606748429914774,24.155868484689663,24.46828908484285,3883400
2006-12-14,24.78781509399414,24.912073150390793,24.347585390493506,24.52154666944882,6303600
2006-12-15,24.361785888671875,24.837517491246345,24.120369083427736,24.787814270339233,5559800
2006-12-18,23.247011184692383,24.106170036498543,23.119202116483887,24.106170036498543,6180800
2006-12-19,23.584280014038086,23.825696806650193,22.473052838130386,22.473052838130386,4960600
2006-12-20,23.08014678955078,23.637535225566513,23.03754286838095,23.637535225566513,4978000
2006-12-21,23.07659912109375,23.314464954272488,22.820980974372766,23.218609503563496,4775200
2006-12-22,22.83162498474121,23.104995369640676,22.796123076066763,23.076592759252314,3027800
2006-12-26,22.423351287841797,23.026893314268076,22.345245450800977,22.40204932656397,3400000
2006-12-27,22.60441780090332,22.686074658532586,22.128686091394115,22.423355833426793,5196400
2006-12-28,22.60797119140625,22.856487378028273,22.47661244214723,22.721578977951072,3759400
2006-12-29,22.17128562927246,22.57956308989899,21.965370719669355,22.455305026732503,5953800
2007-01-03,21.53577995300293,22.533399000069462,21.02099430445528,21.94405855289156,11005800
2007-01-04,21.549997329711914,21.965375535636642,21.216273279504072,21.91212264873716,11306200
2007-01-05,22.252933502197266,22.366541222283043,21.620990389931283,21.762999362883075,13043600
2007-01-08,22.100278854370117,22.721571834211847,21.75945560189163,22.671868612514302,8059600
2007-01-09,21.816268920898438,21.97247930732529,21.344085401755574,21.656507528921082,10820800
2007-01-10,21.649398803710938,21.873064669122165,21.308575530720407,21.745255603172893,7194400
2007-01-11,21.28727149963379,22.039924513902225,21.198515362939876,22.036373510020216,9170600
2007-01-12,22.133068084716797,22.189928835932704,21.315694277612934,21.32280204097333,7472000
2007-01-16,22.044225692749023,22.420929061559182,21.85942789044597,22.07620995383354,6056600
2007-01-17,22.093976974487305,22.324974548383388,21.941164800777315,22.001578758329252,6105000
2007-01-18,21.92694854736328,22.282328584255175,21.749258528917334,22.21480550961867,4997000
2007-01-19,23.003759384155273,23.053512390587898,22.079770137307445,22.175722944999396,6780000
2007-01-22,23.0748348236084,23.61501149550656,22.875822793646268,23.27740141448715,8496400
2007-01-23,23.984601974487305,24.20493861058967,23.28805731010123,23.3022728393338,7264200
2007-01-24,23.938396453857422,23.956166537973147,23.34491251853683,23.750045492101055,5309800
2007-01-25,23.085494995117188,23.84245376399666,23.021526457512202,23.84245376399666,6689200
2007-01-26,23.302265167236328,23.551030068564874,23.131681583943845,23.31292613281697,4264000
2007-01-29,23.11036491394043,23.984599537918648,23.081933858363573,23.515497966239245,5342000
2007-01-30,24.187171936035156,24.332879097739152,23.110370524490346,23.110370524490346,7449400
2007-01-31,24.56743049621582,24.78776718056834,23.572367634048103,23.70385656340711,8264800
2007-02-01,24.730907440185547,24.858844532318532,24.20139168800703,24.698924522820214,10007600
2007-02-02,24.41107177734375,24.71314446659867,24.180074058030115,24.670497857832117,5581200
2007-02-05,24.148086547851562,24.784217511357163,24.11610362726324,24.47148387203713,5881000
2007-02-06,23.860227584838867,24.496358499492068,23.700307571506293,24.48925208813022,5581400
2007-02-07,23.650556564331055,24.062796241687423,23.440880808334395,23.86378417064201,4512000
2007-02-08,23.6718692779541,23.74294421522175,23.298719078961295,23.65054733904082,6008800
2007-02-09,23.657655715942383,24.030805945971697,23.55459515039776,23.75360716036791,3502000
2007-02-12,23.113927841186523,23.51195462934801,22.886484736904432,23.337816384401044,4772600
2007-02-13,23.373353958129883,23.51550657673041,23.128143470163053,23.45153803392696,5973600
2007-02-14,23.49773597717285,23.693193428571917,23.312936784890294,23.451534823434557,4305600
2007-02-15,23.380464553833008,23.490631552307168,22.996653272822837,23.384019115139356,5802600
2007-02-16,23.810474395751953,23.99882547581506,23.423111262993626,23.433772235625746,6502800
2007-02-20,23.59724235534668,23.675426421673553,23.45508975396467,23.59724235534668,4883800
2007-02-21,23.917085647583008,24.03080718935508,23.391121822302516,23.671872471656954,4177400
2007-02-22,24.347105026245117,24.450165638241764,23.92775616527168,24.0663542648756,5587200
2007-02-23,24.116090774536133,24.581637779448013,23.973938210119897,24.52477838048231,3750400
2007-02-26,24.727354049682617,24.787768030721526,24.261804161239677,24.308005320781145,5483800
2007-02-27,24.023698806762695,24.812643213281202,23.7216262063275,24.155190444960947,5900400
2007-02-28,24.073461532592773,24.272476350665254,23.689652856935954,24.080570657168543,5409600
2007-03-01,23.8282413482666,24.1445294808709,23.444430116116834,23.586582725579955,5433000
2007-03-02,23.426652908325195,23.888648070934906,23.348468861298812,23.75360191285854,4252000
2007-03-05,23.02863311767578,23.401780621041326,22.744327933967124,23.01796943643519,5663800
2007-03-06,23.52617073059082,23.52617073059082,23.177899614817818,23.312943129518526,5358400
2007-03-07,23.885099411010742,24.272465182051448,23.394675783071353,23.519058292548515,5459200
2007-03-08,23.7998104095459,24.155190579409005,23.67542789236092,24.005931558787026,4149000
2007-03-09,23.778491973876953,24.077010059146904,23.63989119276056,23.949072962220946,2607800
2007-03-12,23.49773597717285,23.625673045265298,23.366244348484695,23.59368742257453,3912600
2007-03-13,23.40889549255371,24.17651533900614,23.344926946071357,23.483525011560488,5643200
2007-03-14,23.949066162109375,23.956175282884427,23.312935419499727,23.61500798039583,5077800
2007-03-15,23.714515686035156,24.02369464325715,23.650547158448703,23.88154205847225,2961400
2007-03-16,23.327157974243164,23.828245397706393,23.206329998033745,23.774937821181542,5571600
2007-03-19,23.7322940826416,23.78204710371469,23.458652466739625,23.611466091845905,3194600
2007-03-20,24.140974044799805,24.176511518043316,23.721625353321382,23.917085523163813,4280400
2007-03-21,24.777109146118164,24.876615172996406,24.18362483485443,24.25114523232988,7003600
2007-03-22,25.303068161010742,25.5411749462679,24.95835165808074,25.054303115321947,6851800
2007-03-23,25.39191246032715,25.46654468317328,25.118270918121752,25.324392070676012,4214400
2007-03-26,25.757951736450195,25.800595614678297,25.16446488820332,25.583813529235172,5352800
2007-03-27,25.576705932617188,25.811255385988403,25.39901588468886,25.5980278707414,5519000
2007-03-28,25.470094680786133,25.97473384268933,25.267528103890605,25.942750930654157,5022200
2007-03-29,25.541166305541992,25.7295173066055,25.356367152975537,25.67620975446769,3564800
2007-03-30,25.352815628051758,25.57315227130767,25.23198769265452,25.57315227130767,5818200
2007-04-02,25.800594329833984,25.868117415446008,25.352814651392332,25.40257035907247,3459600
2007-04-03,25.967628479003906,25.967628479003906,25.285299214739915,25.498526770905478,3660400
2007-04-04,26.3514404296875,26.458052855026775,25.683323967684935,25.77927813295939,6272600
2007-04-05,26.564668655395508,26.61442166406398,26.191518379046336,26.31590361205314,4949400
2007-04-09,26.43673324584961,26.9591425812664,26.33722722221513,26.600207814868504,4215400
2007-04-10,26.976909637451172,27.026662643664363,26.458052210367068,26.511359777405623,4532200
2007-04-11,26.728147506713867,27.07997318489855,26.36566085515027,26.36566085515027,3712600
2007-04-12,27.45398712158203,27.457543226415332,26.802861612020678,26.977205759286928,3814800
2007-04-13,27.389938354492188,27.610536266928136,27.222709153398174,27.38993835449219,3767400
2007-04-16,27.521595001220703,27.55717506017082,26.895375648277547,27.33657706592939,4270400
2007-04-17,27.009227752685547,27.64967675770474,26.891811151661084,27.574957842848352,5842200
2007-04-18,26.5609130859375,26.89181270778287,26.507541653784934,26.89181270778287,6335800
2007-04-19,26.144617080688477,26.468399017723872,25.988061625876444,26.468399017723872,4947800
2007-04-20,26.322521209716797,26.461285291089816,25.973830239482332,26.180198309323476,6147000
2007-04-23,26.404367446899414,26.5217840984668,25.909797239541433,25.92402980772398,3109600
2007-04-24,26.46840476989746,26.585821386523733,26.30473435638085,26.457731025583076,3488800
2007-04-25,26.827760696411133,27.087497437677627,26.550232577432418,26.596486359067832,4303400
2007-04-26,26.507530212402344,26.68899191756367,26.24423469923477,26.649853065184118,4582600
2007-04-27,26.418590545654297,26.67477125194557,26.25847896151417,26.383010495243585,3621200
2007-04-30,26.130386352539062,26.763720424759235,26.130386352539062,26.37589057938735,4358400
2007-05-01,26.96296501159668,27.510906308404074,26.25847099754647,26.589370523716426,11027800
2007-05-02,27.54293441772461,27.610535688870243,26.934503975329907,27.01278170310389,4670800
2007-05-03,27.759981155395508,27.802678849923144,27.254737319113936,27.493126672412178,5868000
2007-05-04,27.36858367919922,27.98768777534509,27.27607611828063,27.799108405973254,3818000
2007-05-07,27.443313598632812,27.56784786029829,27.204924249279358,27.261854507707476,3128200
2007-05-08,27.308103561401367,27.333009866489657,26.664095733701537,27.261849770404158,5317800
2007-05-09,27.0198974609375,27.35435311826997,26.78150547532564,27.286751851827717,4868400
2007-05-10,26.521780014038086,27.176461762103443,26.43638733267834,26.94519002986182,3870000
2007-05-11,27.009227752685547,27.044807800533786,26.546678986907537,26.87757858960506,3904600
2007-05-14,27.43619155883789,27.628327059331806,27.062594299891373,27.091059421723827,4744600
2007-05-15,26.9700870513916,27.489563315479515,26.88469168486336,27.329449039176655,4159400
2007-05-16,26.916723251342773,27.147997684021377,26.553799627241773,27.05904618795916,5004200
2007-05-17,27.290313720703125,27.51091437435555,26.61428462597618,26.97009055565723,5047400
2007-05-18,27.920087814331055,27.962782782561565,26.88113529710936,26.88113529710936,4742800
2007-05-21,27.941438674926758,28.183386810942896,27.69237561487357,28.01260148821607,5096600
2007-05-22,27.585634231567383,28.126460783234037,27.53226279738419,27.94144017334348,3319200
2007-05-23,27.582073211669922,28.16203858783116,27.493121733322116,27.539378239396537,3939200
2007-05-24,26.977201461791992,28.14424430299058,26.849111129018155,28.10510543938838,4292000
2007-05-25,27.258296966552734,27.46822119653934,26.948744779643533,27.32590097296129,4269800
2007-05-29,26.980764389038086,27.290313811557507,26.667653432542718,27.183573661048122,3769200
2007-05-30,27.65323829650879,27.703050911312026,26.820650979141696,27.57496055479401,4267400
2007-05-31,27.361473083496094,27.93076195624815,27.311660476791758,27.86671678840208,4276000
2007-06-01,27.446866989135742,27.841811756457933,27.372148075667162,27.72083905310412,4897600
2007-06-04,28.076644897460938,28.1442461726054,27.226266298272886,27.261849059972022,3702800
2007-06-05,27.73151397705078,27.994809594953026,27.610538553960314,27.824021560761693,3795600
2007-06-06,27.197811126708984,28.172718792934052,27.041255620240612,28.172718792934052,4197600
2007-06-07,26.646299362182617,27.59630031138853,26.564465538468152,27.069709183972815,4966200
2007-06-08,26.80642318725586,26.820655753245042,26.119720201722572,26.37945706591803,4044600
2007-06-11,26.920276641845703,27.172898513962174,26.617839444563916,26.79218629618331,2862600
2007-06-12,26.973657608032227,27.478904296323375,26.706803052465354,26.920288868586784,4479000
2007-06-13,27.557167053222656,27.639003608155726,27.05904094348641,27.076829610500585,4003400
2007-06-14,28.46803092956543,28.553423585813427,27.585631099724132,27.614096223334663,6009000
2007-06-15,28.63880729675293,28.720643822925737,28.222515173665908,28.56764722453699,4786000
2007-06-18,28.556987762451172,28.994627583087862,28.50361632431438,28.959047529191366,3391800
2007-06-19,28.268775939941406,28.514282864590285,28.20828959214147,28.446678879058933,3585800
2007-06-20,27.318769454956055,28.60678745485798,27.25828311920433,28.357721760954533,5000400
2007-06-21,28.073089599609375,28.101554726705658,27.41840524931452,27.69593345204345,4434600
2007-06-22,27.261844635009766,27.966338683133,26.820643435722346,27.788435761847698,6998800
2007-06-25,26.482643127441406,26.859796653507498,26.212229782454692,26.760171398666234,10015600
2007-06-26,25.85285758972168,27.091060582048577,25.68918448946658,27.009226746504574,7102400
2007-06-27,26.27982521057129,26.301172696895083,25.379636676135206,25.46147051676555,6704400
2007-06-28,25.778139114379883,26.628515088773007,25.568214914024367,26.372337093741837,7101000
2007-06-29,25.995180130004883,26.578701632490812,25.6927456352968,25.6927456352968,9076800
2007-07-02,26.375896453857422,26.375896453857422,25.827954916129627,26.123274532526903,5644600
2007-07-03,26.571582794189453,26.753044550117192,25.771019577228905,25.795925879839896,2873600
2007-07-05,26.56447410583496,26.79574580668103,26.258480765035262,26.329640870744203,4933800
2007-07-06,26.664094924926758,27.019900823729266,26.600049754558963,26.863345359589417,5190400
2007-07-09,26.53244972229004,26.863349366111596,26.35098792675332,26.518217158465202,4418000
2007-07-10,26.38656997680664,26.849116072920754,26.265594544873842,26.35098721091917,5443400
2007-07-11,26.47907829284668,26.532449728556436,26.027205928283244,26.027205928283244,5195800
2007-07-12,26.539554595947266,26.77794655650041,26.205098973771303,26.67832136204021,4078800
2007-07-13,26.68561363220215,26.895791359443766,26.20113293465603,26.389937392784887,3655800
2007-07-16,26.023027420043945,26.66781337664582,25.688164883620896,26.5858779431874,4870400
2007-07-17,25.894765853881836,26.486115518784835,25.83776685502466,26.268811591900096,4450400
2007-07-18,26.763992309570312,26.835241093989833,25.720221399127535,25.73091075518788,7249000
2007-07-19,27.145153045654297,27.227088433777965,26.699858522478458,26.913602067892526,4903200
2007-07-20,26.728363037109375,27.40164826499582,26.617930844366256,27.234217058022324,5982200
2007-07-23,25.68102264404297,26.22250226844398,25.435221932547694,26.22250226844398,9631600
2007-07-24,25.036239624023438,25.449474259108126,24.904434180447453,25.346165600336953,6810400
2007-07-25,25.378231048583984,25.46016645719212,24.57670070647888,24.90087650497107,5748000
2007-07-26,24.918689727783203,25.33904802322561,24.330902912157566,25.24286556619001,7927400
2007-07-27,24.61945915222168,25.3176810733967,24.37009515103909,24.918695953640785,6565800
2007-07-30,25.324798583984375,25.538542211828617,24.79044495010003,24.847443975622,6836600
2007-07-31,24.972124099731445,25.844903267911327,24.893751804366573,25.738031461893243,5929800
2007-08-01,25.50291633605957,25.805718901389852,24.67644949511254,25.164493456748573,7433000
2007-08-02,26.055082321166992,26.468317092309096,25.34973706402866,25.80571838538335,8551600
2007-08-03,25.10393714904785,26.194017822476436,25.018441318430412,25.577731413224853,8473800
2007-08-06,25.12174415588379,25.200116456558444,24.124285676209116,25.064747848578747,7103600
2007-08-07,25.645395278930664,25.798576666950176,24.704933688533213,25.20010086234621,9374600
2007-08-08,26.094263076782227,26.8779804711242,25.79502641569756,26.005204158431432,8064200
2007-08-09,26.05152130126953,27.013359526479373,25.324799992620964,25.652538971875767,7807400
2007-08-10,25.645395278930664,25.819952647092002,24.740556698287683,25.292722861996978,8231000
2007-08-13,25.467294692993164,26.005211472116745,25.456608054643567,25.809280709496587,5616600
2007-08-14,25.0576171875,25.698842518115814,25.00774440821462,25.363980099031707,4240000
2007-08-15,24.466272354125977,25.599102191151633,24.35227701848215,25.30342585505999,5777200
2007-08-16,24.58026695251465,24.751261309783214,23.369064848963045,24.045913323112156,9662400
2007-08-17,25.499353408813477,25.670345031866624,24.715633196587554,24.993499340308894,6786000
2007-08-20,24.85812759399414,25.239299697817202,24.405709434785813,24.886627103293367,6122000
2007-08-21,24.2560977935791,24.833200850714878,24.049483065545274,24.640833165002952,5663400
2007-08-22,23.76093101501465,24.57315106702974,23.58993932249017,24.509028502867075,7774400
2007-08-23,23.892728805541992,24.14209271377455,23.483057198134716,24.01028724136424,4843800
2007-08-24,24.18484878540039,24.295281016153602,23.83929961681495,24.081540074946552,3332800
2007-08-27,23.8107967376709,24.085099793075347,23.671865009611086,24.085099793075347,3253600
2007-08-28,23.40469741821289,23.746686272112154,23.258642113280104,23.639814415535607,4246000
2007-08-29,23.768041610717773,23.86066363529417,23.35124657691722,23.60417354745932,3270400
2007-08-30,23.775165557861328,24.216899702846028,23.54717496851667,23.76804204100902,4313600
2007-08-31,23.996034622192383,24.377206675192504,23.960411599249483,24.013847492595048,3538200
2007-09-04,24.626583099365234,24.883073343799797,23.817928923366534,23.996046846683445,4291600
2007-09-05,24.719194412231445,24.99349741665041,24.580262709995267,24.62301197139972,4854000
2007-09-06,25.185871124267578,25.50292078333294,24.815388267050203,24.815388267050203,6774800
2007-09-07,24.900882720947266,25.03268822623038,24.598082837470333,24.961442154069964,5285800
2007-09-10,25.050493240356445,25.132428643700145,24.370084495841724,24.86525188016483,5581800
2007-09-11,25.396053314208984,25.485112274049303,24.647958595123058,25.082566754002016,5166800
2007-09-12,25.834211349487305,26.169073771776795,25.438792229328904,25.50647516308544,7509600
2007-09-13,25.54922866821289,25.923274578557805,25.45660661132901,25.80927924618653,4186400
2007-09-14,25.773645401000977,25.880517169325753,25.296290996304116,25.296290996304116,3454200
2007-09-17,25.59553337097168,25.93751930172396,25.495787814235086,25.852023498501534,2919800
2007-09-18,26.308000564575195,26.336500067080824,25.217920413425386,25.64896519683993,5216200
2007-09-19,26.439823150634766,26.71412353778673,26.283078519197282,26.61081482323599,4609200
2007-09-20,26.300884246826172,26.489688746345813,26.06933048184698,26.311570883725338,3412400
2007-09-21,26.535999298095703,26.80673921931903,26.300885124876142,26.582311683355407,3423400
2007-09-24,26.275941848754883,26.6713636308179,26.101384426424968,26.503932443367145,3329400
2007-09-25,25.958900451660156,26.094269060162702,25.517166158490152,25.987397246491188,3434800
2007-09-26,25.780790328979492,26.34364092574733,25.54211023569988,26.165522994625675,5607600
2007-09-27,25.784345626831055,26.051522470626942,25.520731901954196,26.005212796133144,4667800
2007-09-28,25.766529083251953,26.03726626101727,25.61691074008753,25.93396029873426,3145400
2007-10-01,26.101394653320312,26.151270163429555,25.7202224738047,25.795034380036896,3361600
2007-10-02,26.610797882080078,26.910037195423808,25.9054529253804,25.93038930833722,4293000
2007-10-03,26.532442092895508,26.689183987964025,26.258139020264807,26.482566583256308,3713600
2007-10-04,27.26984214782715,27.430147115251792,26.38993959122016,26.582307182847245,5592800
2007-10-05,27.576217651367188,27.750772451790578,27.15941965340799,27.219981811723823,5901800
2007-10-08,27.25559425354004,27.529894547541307,27.09528655731931,27.26984400772828,2476600
2007-10-09,27.879011154174805,28.085625828031993,27.312594886232954,27.465776370734144,4385800
2007-10-10,28.338558197021484,28.49886321546311,27.654583414274196,27.725832203030887,4317400
2007-10-11,28.819490432739258,29.42509049283171,28.431191813279113,28.473941107986075,8131400
2007-10-12,28.986896514892578,29.16145122658211,28.57722496398409,28.644910608825132,3388600
2007-10-15,29.12241554260254,29.700154568612554,28.922700834554156,29.297163531382083,4501800
2007-10-16,29.12955093383789,29.350662607665054,28.98333126545086,29.118852464613887,4058800
2007-10-17,29.072498321533203,29.439829784008136,28.85138929618923,29.243682047777494,4949400
2007-10-18,29.30430793762207,29.50045566981752,28.99404135144214,29.051100778434378,5510400
2007-10-19,28.45909309387207,29.26151110154659,28.409165079953247,29.20088189532571,7995200
2007-10-22,27.956241607666016,27.98833974103333,27.282210736550457,27.777926504812747,6761800
2007-10-23,27.613872528076172,28.45195283351065,27.41416051544419,28.266506353334112,7499600
2007-10-24,28.0132999420166,28.1916150206523,27.235846090330085,27.57464365138904,5423000
2007-10-25,28.805015563964844,28.9120056956261,28.12742046635048,28.12742046635048,4804000
2007-10-26,29.211584091186523,29.57534573664529,28.805023116794562,29.33640413027175,3447800
2007-10-29,29.425548553466797,29.50757194787438,29.16520739884924,29.41841442820518,4727200
2007-10-30,30.65237808227539,30.7843322938217,29.931985958637686,29.989045400878187,15344200
2007-10-31,31.597434997558594,31.993294734995025,30.77718717470978,30.980466278728017,9933000
2007-11-01,30.88417625427246,31.561774210884046,30.666631604188648,31.194445522639366,7817200
2007-11-02,31.194429397583008,31.36561028960196,30.691579745425994,31.19442939758301,4934400
2007-11-05,31.026823043823242,31.208705182131226,29.88560765239928,30.93766550634099,4024800
2007-11-06,31.551074981689453,32.35706001475283,31.24080572077684,31.52254391199972,6129800
2007-11-07,30.91984748840332,31.77576079594832,30.91984748840332,31.419130477877353,5142600
2007-11-08,31.426252365112305,31.93623363011385,30.720123413236184,30.95550063748567,6224200
2007-11-09,31.173051834106445,31.49401688627528,30.795021914358205,31.07319307737008,6296000
2007-11-12,30.06035804748535,30.730821802998523,29.5147143101698,30.581037781161378,6947600
2007-11-13,30.548938751220703,30.605998158118748,29.52184221833586,30.252935085375587,6122800
2007-11-14,31.115985870361328,32.03252540263621,30.884175689330256,31.11598587036133,5638600
2007-11-15,30.349225997924805,31.08745031849233,30.021126904533055,31.055354910189134,5589400
2007-11-16,30.413421630859375,30.905573025727946,30.14594899308206,30.449084105055206,7882800
2007-11-19,29.949806213378906,30.634535563121265,29.87847853890205,30.320699237168256,4170000
2007-11-20,29.857074737548828,30.345656271322493,29.55037260994238,30.120980270301374,6524200
2007-11-21,29.404155731201172,29.9070055650011,29.243673246853906,29.635965880381164,4138400
2007-11-23,29.82855987548828,29.96764548321692,29.275781788760202,29.521857581298608,2136600
2007-11-26,29.564640045166016,30.406287418714435,29.564640045166016,30.010427733661064,3476800
2007-11-27,29.4219913482666,29.46835229451341,28.81215403591632,28.969072193786268,4304000
2007-11-28,29.84636688232422,29.90699333197951,29.118841323847448,29.58245871169926,5163000
2007-11-29,29.67519187927246,30.263632119871932,29.475479883285974,29.824975876262325,4059600
2007-11-30,29.5218448638916,29.967632573773688,29.243673768264742,29.421988852217577,4547400
2007-12-03,29.53253936767578,29.814277488991426,29.19017477896702,29.421984901150463,3298000
2007-12-04,29.518280029296875,29.689463720001488,29.090324883844037,29.571775102696595,4266800
2007-12-05,30.399150848388672,30.548937567545284,29.750084134949688,29.871339791326765,5116600
2007-12-06,31.675888061523438,31.818540657804824,30.29216413559949,30.388453073588046,5785000
2007-12-07,31.440519332885742,31.99329450323935,31.048223941242746,31.797149528290316,5146400
2007-12-10,31.64023780822754,31.740093847915006,31.269342003050514,31.465489738774476,3757200
2007-12-11,31.372764587402344,32.19301255758112,31.31926950392106,31.740093321968597,6193400
2007-12-12,32.41412353515625,32.613835606512154,31.921974764655094,32.07175881817202,5423200
2007-12-13,32.25007247924805,32.678027675809865,31.768622202897802,32.02896075252986,5781400
2007-12-14,31.508289337158203,32.146657958938476,31.48689238788436,32.07889732507329,4926800
2007-12-17,31.14452362060547,31.75792814966171,30.95551000381159,31.4333932824321,3511600
2007-12-18,31.15165138244629,31.704429351004496,30.9020112990881,31.66519980635209,4456800
2007-12-19,31.49400520324707,31.797142983645614,31.140942144310014,31.37988367304156,3174000
2007-12-20,31.989742279052734,32.086034000168986,31.51185890154571,31.73297070478143,3012200
2007-12-21,32.25007247924805,32.38202664660979,32.046793352750264,32.25720388681253,4232600
2007-12-24,32.460479736328125,32.61383083177487,31.99329504314333,31.99329504314333,1159400
2007-12-26,32.19657516479492,32.54607397039858,32.13951574562096,32.37845733510257,3602600
2007-12-27,31.961191177368164,32.385579154618405,31.936227178706385,32.12524070012725,2414000
2007-12-28,32.424827575683594,32.531817758496295,31.98617381207294,32.06819726080575,2934400
2007-12-31,31.829254150390625,32.57104582449614,31.772191996594852,32.349934059847406,2002400
2008-01-02,32.55677795410156,32.809985121469005,32.09672457535011,32.09672457535011,4804000
2008-01-03,33.230796813964844,33.65162049129139,32.49257252722536,32.56033312503444,5088600
2008-01-04,31.729387283325195,32.88486829497171,31.672325148985948,32.88486829497171,5684200
2008-01-07,31.604578018188477,32.285740473159116,31.07676397946467,31.989736672529368,4844400
2008-01-08,30.980478286743164,32.3749014865,30.912717652182277,31.818559032679975,3996800
2008-01-09,31.804283142089844,31.92553611092303,31.115986708359422,31.115986708359422,6048000
2008-01-10,31.74723243713379,31.925547611444724,31.091033901688906,31.501159346778774,5305000
2008-01-11,31.715126037597656,31.932670692651318,31.230108713629434,31.344230276864742,5747200
2008-01-14,33.227237701416016,33.36632327271503,31.907706945701836,31.907706945701836,5735600
2008-01-15,32.48115539550781,33.18082608824841,32.266970934220396,32.57396966068353,6582200
2008-01-16,31.631567001342773,32.78459516482263,31.39596210443111,32.349087786887026,10414200
2008-01-17,29.982332229614258,32.366925556650166,29.982332229614254,31.670825332385824,7025000
2008-01-18,30.389293670654297,30.83551261008687,29.70747254742355,30.14298266807042,7699400
2008-01-22,29.793115615844727,30.378554052960656,28.37949577572322,29.311200194542177,7500200
2008-01-23,29.50755500793457,29.607507572853756,27.551330796290763,29.064904044002276,8238800
2008-01-24,30.553483963012695,30.753391782413185,29.536105923528886,29.98232460080272,6353200
2008-01-25,29.978769302368164,31.20676176186273,29.75744376576847,30.789101559565193,5707400
2008-01-28,30.489246368408203,30.489246368408207,29.46115627767749,29.96092199139336,4067800
2008-01-29,30.350011825561523,30.789092252547867,30.028736519989497,30.610604761228746,3731400
2008-01-30,30.89975357055664,31.760064584462455,30.157247677855114,30.157247677855114,5721000
2008-01-31,31.174640655517578,31.45665135221651,29.87168080694807,30.303620413738813,5017000
2008-02-01,31.931411743164062,31.931411743164062,31.010418339487874,31.206752949745034,5501800
2008-02-04,32.36335372924805,32.49543273180646,31.720797661250547,31.813611920739746,3821000
2008-02-05,31.235319137573242,32.14203615707295,31.23531913757324,31.474491784757202,5634600
2008-02-06,31.34954071044922,32.02065265119582,31.12464746731406,31.713653969358926,6161800
2008-02-07,32.159881591796875,32.48473020108947,31.09966795979001,31.09966795979001,7087000
2008-02-08,33.59850311279297,34.023301702134646,32.57398342090141,32.62038921134086,8510400
2008-02-11,35.13704299926758,35.17631046004056,33.24864526424009,33.44855035653702,10868000
2008-02-12,34.958560943603516,35.875986560642005,34.54803915965178,35.283406768876304,8002000
2008-02-13,35.75105285644531,35.96523734806059,35.20131093641383,35.294125214731764,7314800
2008-02-14,34.84789276123047,35.86884125295825,34.84789276123047,35.29411141238763,7077000
2008-02-15,34.28030014038086,35.265551653666,33.48424761696578,34.64798386158627,6757400
2008-02-19,35.129913330078125,36.03662749205699,34.49806601403782,35.08350483403365,7992000
2008-02-20,35.883140563964844,36.04735152820389,34.64443909210629,34.64443909210629,5369800
2008-02-21,34.865745544433594,36.01877592491659,34.79078112566579,36.01877592491659,5600800
2008-02-22,35.4654655456543,35.540429968496476,34.61586602993982,34.94071186225594,4145000
2008-02-25,37.17180633544922,37.364573165204305,35.704638845232544,35.704638845232544,9753400
2008-02-26,38.63541793823242,38.88172891587666,36.543543544100054,37.06829467599672,13196000
2008-02-27,37.725128173828125,38.60328658129632,37.65016373064834,38.021418156517655,6534800
2008-02-28,44.52549362182617,46.37105102259789,40.17753794711963,40.245361346163406,32843600
2008-02-29,42.4764518737793,44.22562981085038,42.09805926858336,43.954328064963114,10887000
2008-03-03,43.61164474487305,44.0757134369435,42.13733864916296,42.50502254474778,10478200
2008-03-04,42.80129623413086,43.7187217292094,41.62327783217666,42.83699318375012,10105600
2008-03-05,43.05475616455078,43.41886947632963,42.54428179142245,43.19040568785992,9227600
2008-03-06,41.98384094238281,43.10117200399008,41.88388835201588,42.758476241230376,7266000
2008-03-07,41.57331848144531,42.27655984157723,41.03785584867527,41.56974796797912,8168200
2008-03-10,40.89506530761719,41.57331852114095,40.53095191532756,41.57331852114095,7074600
2008-03-11,43.515254974365234,43.62948687049067,41.43766049117536,41.68397140011579,7937600
2008-03-12,42.45505142211914,43.618791083892766,41.8803212570916,43.46172115849273,5773800
2008-03-13,45.32155227661133,45.746350736523105,41.93743030870041,41.93743030870041,10660200
2008-03-14,45.014556884765625,45.328696697101655,43.92221401533386,45.060965388044565,8327400
2008-03-17,42.983360290527344,44.325584305661984,41.83746816428548,44.03286491982375,7852400
2008-03-18,44.075706481933594,44.086415296852465,43.1297221272195,44.06142715420734,6946000
2008-03-19,40.381011962890625,44.67542066891432,40.31675635556969,43.85794761269364,10194200
2008-03-20,40.07758331298828,40.38101425134041,37.80365423446473,39.26725123582672,12264200
2008-03-24,40.698726654052734,41.37697980110232,39.77415984831321,40.32033124497043,5960000
2008-03-25,41.48763656616211,42.03380790186532,40.49881425214114,40.97359167443992,5086000
2008-03-26,42.983360290527344,43.393879354401854,41.323426025437286,41.323426025437286,6711000
2008-03-27,42.094478607177734,43.86507374451671,42.07306098518041,42.9690687265997,4897000
2008-03-28,42.437198638916016,43.133301713612084,41.95171228810878,42.48003663110625,3796800
2008-03-31,42.837005615234375,43.52953807753511,41.94456799825033,43.02977246732335,4462000
2008-04-01,43.14757537841797,43.454574140041466,42.037382752350005,43.27251610151974,4579800
2008-04-02,43.32249069213867,44.15067266873149,42.387215115084196,43.29750254849807,4716800
2008-04-03,43.351036071777344,44.12210049903884,42.97978182031716,42.97978182031716,4706400
2008-04-04,44.186370849609375,44.7289744458148,43.59022317519585,43.790128329848656,3856200
2008-04-07,45.0431022644043,45.89627495667747,44.368419782381004,44.60045405985264,6066600
2008-04-08,45.96409225463867,46.20683805125189,44.71111215050457,44.71111215050457,4850800
2008-04-09,45.5821418762207,46.4067533135794,45.20731701005586,45.61069780839732,5523600
2008-04-10,46.342498779296875,46.57453035882952,45.49646429494105,45.49646429494105,5323400
2008-04-11,45.09307861328125,46.117597769270915,44.868185360089676,45.81774009834882,4802600
2008-04-14,45.69694519042969,46.3186743016318,45.196704410854046,45.196704410854046,4813200
2008-04-15,46.858219146728516,48.06951497597008,46.05426159319157,46.48661449872221,4734800
2008-04-16,47.5228157043457,47.5228157043457,46.27936310576112,47.504948893719074,4610600
2008-04-17,47.151241302490234,48.20888956143831,46.865388506059624,47.522846121318004,4820800
2008-04-18,47.94088363647461,48.06236925244009,46.118583040433364,47.51567852840908,4208800
2008-04-21,49.09859848022461,49.50593688942577,47.99092108479252,48.23389783796206,6487800
2008-04-22,49.041419982910156,50.199121040376056,48.75914389891075,49.302258067135824,3912000
2008-04-23,49.041419982910156,49.30940588445611,48.16242382687708,48.952091349061504,4503400
2008-04-24,47.0761833190918,48.68052731681416,46.772463826481186,48.444698448588476,4683200
2008-04-25,48.505435943603516,48.709107794449025,46.772458703233994,47.41562579513329,5411400
2008-04-28,47.894439697265625,49.00211697884413,47.78724969443127,48.93065515955878,3865600
2008-04-29,45.864898681640625,47.412071432718236,45.70053430564603,47.412071432718236,5658200
2008-04-30,46.62238693237305,46.79747297199085,45.54687242319834,45.918477044449254,5297800
2008-05-01,45.325340270996094,46.22577154180967,43.84963248162912,46.16145755383799,6962400
2008-05-02,45.646934509277344,46.45089225992998,44.278419106126144,44.73578130143354,5951000
2008-05-05,47.358436584472656,47.73719433559444,45.907741347928585,46.01136555178672,4265000
2008-05-06,49.266517639160156,49.36298861416302,47.140492320260094,47.140492320260094,5217800
2008-05-07,48.244606018066406,49.79177847982396,48.18386320644562,49.698873219073754,5714000
2008-05-08,49.948978424072266,50.088330824348,47.95159220272505,48.087373421726845,6648800
2008-05-09,49.488059997558594,50.34204146462755,48.587625899149565,50.34204146462755,5142800
2008-05-12,48.59477615356445,49.27367158071738,48.27319525695245,49.27367158071738,5652600
2008-05-13,49.50592803955078,49.70245211679446,47.98376468870603,48.994965438717216,5588200
2008-05-14,48.19098663330078,49.97398727634389,48.062353243892275,49.873939690380006,5093600
2008-05-15,48.58404541015625,49.45231689244353,47.469226089041,49.29152648300356,6917000
2008-05-16,50.37778091430664,50.69579064917221,48.98425088286281,49.027132336815825,7097800
2008-05-19,49.988277435302734,50.77794458016635,49.720291661806435,50.77794458016635,6753800
2008-05-20,51.242454528808594,51.55331628248237,49.73815864921566,50.08832520123086,6687200
2008-05-21,49.59523010253906,51.807006677949836,49.58808228932638,51.453263528405806,9443600
2008-05-22,48.844886779785156,50.206254033152625,48.398243693919916,49.65599215032854,5573600
2008-05-23,48.22675704956055,49.66673460221218,47.31917481727288,49.305848781199856,5563600
2008-05-27,47.569278717041016,48.194579060326504,47.18694960438275,48.14812643298282,4115600
2008-05-28,48.02663803100586,48.07308520346822,46.46874676232681,46.9761326428902,6607600
2008-05-29,45.664791107177734,47.72649715958481,45.51471695547975,47.72649715958481,8126200
2008-05-30,45.961368560791016,46.56165433875828,44.928727087547514,45.7612733014686,10141200
2008-06-02,45.500431060791016,46.56165565384416,44.98947389860316,45.700529051858446,8510800
2008-06-03,44.332000732421875,46.03996597891433,44.214086317559286,45.278884506703726,9217600
2008-06-04,44.339134216308594,45.23599395428863,43.81031053076159,44.00326059746399,7362000
2008-06-05,46.91181182861328,46.91181182861328,44.60713471227263,44.61070862008528,9276800
2008-06-06,46.02567672729492,49.041411773552035,46.02567672729492,47.2655583937374,8541800
2008-06-09,47.126182556152344,47.776497195712494,46.08282546001039,46.361530176340885,6195200
2008-06-10,45.9006233215332,47.33702369386275,45.11095587322591,47.20124789060251,6793400
2008-06-11,45.87560272216797,46.6152462620798,45.22171661436047,46.37941741293233,5755400
2008-06-12,45.943485260009766,46.80461425479836,45.679070646669025,46.629528239617805,7605200
2008-06-13,46.5616569519043,46.7939146747995,45.23602033230862,45.5147252380331,5475800
2008-06-16,46.247222900390625,47.47281472977087,45.88276595887324,46.89396686202982,5533000
2008-06-17,47.169090270996094,47.39062899238342,46.090004290154475,46.46875682866591,6102000
2008-06-18,47.53355407714844,47.658616350330846,46.25794397074962,47.01902025359057,5273600
2008-06-19,46.55807113647461,48.27318148417172,46.522337512740826,48.20886205188802,7175600
2008-06-20,46.597389221191406,47.622880178810036,46.175755240153165,46.98328956831238,7226600
2008-06-23,48.430381774902344,48.441106220786295,46.236472011969184,46.59736297381493,6867800
2008-06-24,46.611663818359375,48.233874297308944,46.58307801122092,48.233874297308944,5647600
2008-06-25,45.67909240722656,46.79034091580207,44.58213680829662,46.78676973296101,5142000
2008-06-26,45.089515686035156,46.393711374008795,44.91085844372719,45.478987165741806,7803000
2008-06-27,46.51875305175781,46.78316216404043,45.06448385155968,45.689783923101,8619400
2008-06-30,46.87965393066406,47.876564281973984,46.74744933117289,47.1190539537199,6402600
2008-07-01,47.00114440917969,47.5406927646295,46.45088250766622,46.99757322715847,6209400
2008-07-02,44.51066589355469,47.84083683006139,44.48922789651256,47.25484128476873,6968800
2008-07-03,43.13142395019531,45.02161758713554,42.78482852148459,44.489219856752364,6923400
2008-07-07,41.25551986694336,43.059958658576235,40.90892446638044,42.50969416117946,8925800
2008-07-08,41.92727279663086,42.120222910848945,39.347464970311954,40.73027003306918,12393000
2008-07-09,39.729793548583984,42.745525575472364,39.72264573315533,42.34176123872436,7468600
2008-07-10,41.623558044433594,41.6878747522016,39.81554786375589,39.81554786375589,6451200
2008-07-11,42.36320114135742,42.656198886996904,41.34485548432344,41.89512007512791,8638800
2008-07-14,42.53472137451172,43.07426707045856,41.70575178572345,42.85630499216525,5798800
2008-07-15,39.87361526489258,42.91027563649142,39.87361526489258,42.06258479644559,8590600
2008-07-16,38.78628158569336,39.8521516595616,37.852749528032014,39.49805413974507,10839200
2008-07-17,37.41996765136719,39.85573405987832,36.42205385605591,39.1189242722587,12262600
2008-07-18,38.05305099487305,39.093886772528755,37.223244930377234,37.55588285914054,6814600
2008-07-21,38.99730682373047,39.38001898430587,37.68464016098383,38.628901991353864,6666400
2008-07-22,38.06736373901367,39.079584999710164,37.07302732614079,38.60387642758634,10187400
2008-07-23,36.84768295288086,38.510872503834214,36.49000789800246,38.00297458082948,9418800
2008-07-24,36.1895637512207,37.92070978302011,35.306105890253924,37.34127791512828,11492400
2008-07-25,37.21609115600586,37.90997891812435,36.09656646959572,36.74038267036973,7666400
2008-07-28,36.43992614746094,38.26764552196695,36.436351362411855,37.32696130262809,6589000
2008-07-29,35.771080017089844,36.543656652150716,35.09507443809513,36.03933628586057,10397600
2008-07-30,37.609527587890625,37.67390919840037,35.052150738259094,35.16660663151599,10114400
2008-07-31,35.95706558227539,38.50013492814987,35.8247275851066,38.50013492814987,8917600
2008-08-01,35.94276809692383,37.44142755834776,35.69597414684495,36.35051747063081,7621800
2008-08-04,33.36393356323242,35.8426221652994,33.08136990108112,35.69597679034553,8485600
2008-08-05,33.90758514404297,33.97911903995823,32.56987891391329,33.62144410269551,10808600
2008-08-06,35.04499816894531,35.14156921954442,33.67867975984298,34.09000383226394,8380400
2008-08-07,34.2044563293457,35.69238551137287,34.11861510079597,35.08076164137453,10104000
2008-08-08,33.57138442993164,34.00059344977198,33.167212557434574,33.37466203734559,7011200
2008-08-11,34.10789489746094,34.343959024689305,32.92399128885387,34.09716508197477,6465000
2008-08-12,34.08643341064453,35.445596965495554,34.050663722512496,34.35111218398833,8546800
2008-08-13,35.61729431152344,35.77466953171626,34.00060100462114,34.011330823174625,5845200
2008-08-14,34.71235656738281,35.9356042970806,34.28314497056089,35.9356042970806,7023400
2008-08-15,34.193748474121094,34.454852570048544,33.59643154679272,34.20805580954063,5758600
2008-08-18,33.886131286621094,34.87331512500523,33.743060730083066,34.354687427504246,6152400
2008-08-19,35.724578857421875,35.85691959291664,33.75379152586049,33.75379152586049,8332200
2008-08-20,37.77049255371094,37.90998563378213,36.36840672236508,36.568703918601734,10557800
2008-08-21,38.024452209472656,38.91864026992565,37.366331106825044,38.91864026992565,6794600
2008-08-22,37.0694465637207,37.97794163091912,36.339789043714624,37.97794163091912,5172000
2008-08-25,36.557960510253906,37.298347632624186,36.06437000495493,36.98001710887545,4941800
2008-08-26,38.543060302734375,38.94007978689108,37.51653202937113,37.51653202937113,9409800
2008-08-27,39.047393798828125,39.895084850419785,38.64322187901621,39.233386397018265,5658800
2008-08-28,37.677486419677734,39.86645858968904,36.872717600697044,39.86645858968904,7273400
2008-08-29,37.348411560058594,38.27121343615164,37.112347550385294,38.26763592315638,5687600
2008-09-02,34.30460739135742,36.561535559670055,34.01488881250309,35.38120707715164,9066400
2008-09-03,33.66077423095703,34.76241322355802,32.76300975662995,34.168671770679104,10270800
2008-09-04,33.424720764160156,34.28314113286804,32.208628198070706,33.617865551782664,9738800
2008-09-05,34.25810623168945,34.469135870924966,32.93828479460448,33.957660583908684,9791400
2008-09-08,33.00981140136719,35.04855690340767,32.70936311594716,35.041404607278785,11080600
2008-09-09,30.184192657470703,32.748721720753345,30.169885330186844,32.43396870703936,11614000
2008-09-10,31.411026000976562,32.154990836143696,30.409534666802006,30.409534666802006,15704000
2008-09-11,31.67927360534668,31.961837173571773,29.826517056753936,31.339483457990866,11355400
2008-09-12,32.484039306640625,32.69506894910667,31.47897355623713,31.47897355623713,8002400
2008-09-15,30.52756690979004,31.911770423550806,30.109087729645246,30.427418326047107,12568800
2008-09-16,31.146329879760742,31.210711468708563,28.656912988516375,30.055420380601223,12354400
2008-09-17,31.76511001586914,32.80594538367219,30.05542426793397,31.16421601758484,15636400
2008-09-18,33.0885124206543,33.925470545209954,31.30013756082411,32.544844935113574,11436400
2008-09-19,34.69448471069336,36.30402266118944,33.62145941036264,34.90193692367997,11028400
2008-09-22,34.222354888916016,35.9177341588704,34.05782466455158,34.78032719144275,7158400
2008-09-23,34.032779693603516,35.71742875958735,33.56780106247388,33.625030377191834,9694000
2008-09-24,33.89329147338867,34.95558690163164,33.71802871875624,34.60506412121108,5818400
2008-09-25,34.65155792236328,34.969888499113814,33.224435234437756,33.6250322735239,5791400
2008-09-26,33.80744552612305,34.26527189590527,32.12637383289528,33.646492840395936,5871400
2008-09-29,30.337987899780273,32.54841910885397,28.542460925455376,32.54841910885397,10754000
2008-09-30,31.997602462768555,32.45900350115528,30.752895096331134,31.00326648359054,7051600
2008-10-01,32.0977668762207,32.476904387047064,29.737111455576002,31.507602338848326,8002000
2008-10-02,28.11683464050293,31.704314794838414,28.063182839635182,31.704314794838414,9799800
2008-10-03,28.592552185058594,30.849481494185472,27.909391342994017,28.213414672819926,8929600
2008-10-06,27.09389305114746,27.340689781873422,24.032194590809212,26.825636684304417,16439600
2008-10-07,25.452152252197266,28.063177903805922,25.452152252197266,27.530242960966618,12350400
2008-10-08,25.620262145996094,26.68613496643577,23.574363208372567,24.304017888965213,14790200
2008-10-09,23.019960403442383,26.378528024451523,23.019960403442383,26.138886458677216,10513800
2008-10-10,21.313859939575195,23.138003826083757,19.464678904426325,22.032786313031153,17851600
2008-10-13,25.66317367553711,25.74544010194747,22.10073205444983,22.186573265037637,11410000
2008-10-14,25.37347412109375,27.98450088397591,24.364830382503317,26.439344460415146,14933000
2008-10-15,21.92068862915039,24.529526151440496,21.515746358667442,24.529526151440496,13485800
2008-10-16,24.762462615966797,25.16023901574233,21.44766110720155,22.533483503972835,15549200
2008-10-17,24.705141067504883,27.61141756940341,23.472391682853583,24.16760538011129,14720800
2008-10-20,26.891109466552734,27.270967009658456,25.249833759019808,25.679863797184645,12704000
2008-10-21,25.930709838867188,27.03444993160612,24.905808714759125,26.109888318829483,10182000
2008-10-22,23.66231346130371,24.89506247812978,22.723418456901918,24.755303459832298,7468400
2008-10-23,23.76265525817871,24.608378120154715,21.720021154112214,24.138931256634436,9998800
2008-10-24,23.604976654052734,24.192681917315696,20.627029481857434,21.952949292720888,9175400
2008-10-27,22.57291030883789,24.60837701653153,22.31847577423053,22.98860441609572,7576800
2008-10-28,24.199844360351562,24.40052337716061,21.490666697243192,23.139108118002007,8810200
2008-10-29,26.009550094604492,27.40355851897121,24.396943695142525,24.8950596753637,11876400
2008-10-30,27.58273696899414,27.819251152211493,25.765867204185014,26.504081702227378,8625800
2008-10-31,28.998239517211914,29.611029484436372,26.16363787698488,26.984275501128835,8335000
2008-11-03,27.15629005432129,28.546716812135188,26.643839490971175,27.890922917643373,8118000
2008-11-04,30.15932846069336,30.639525560646252,27.794169914388235,28.224199983737858,9918200
2008-11-05,29.31719398498535,30.442435079793192,28.7653237133204,29.43186814961393,7884800
2008-11-06,27.65441131591797,28.890744708370473,26.891111827186087,28.260035570790137,8642800
2008-11-07,28.625551223754883,29.49994302738721,27.58989989163792,27.966175770164018,7001800
2008-11-10,29.062746047973633,30.449588330896287,28.252858632573705,29.43543757776788,7057000
2008-11-11,28.245695114135742,29.080667476355508,27.44655790064522,28.28153026286499,7999600
2008-11-12,27.29604721069336,28.195523887291483,26.980694090672273,27.59348412430835,11027000
2008-11-13,30.449604034423828,30.775707582393558,26.063313779279454,27.44298810417001,16621000
2008-11-14,28.894325256347656,30.75778338258941,28.654226711462208,29.840387561190752,11116200
2008-11-17,28.829822540283203,30.259669086786875,28.36037569659022,28.733067343249637,8694800
2008-11-18,29.5751895904541,30.130643786498744,28.012753548131144,29.07707380119541,8401000
2008-11-19,27.69382667541504,30.15932442076001,27.389223792540992,29.933557776028273,9964200
2008-11-20,23.28244972229004,27.299630500608753,22.93484306956946,26.95560818265077,13552400
2008-11-21,26.772842407226562,27.01652519708649,23.361286083233576,23.966907356496634,14329200
2008-11-24,29.972980499267578,30.87962330926766,27.081039499181944,27.78700325578828,10860000
2008-11-25,30.109159469604492,30.614444244793553,29.148762423768794,30.17008224867478,9941400
2008-11-26,31.70384407043457,31.85076901800252,28.973162759701342,29.127256378300075,10518800
2008-11-28,30.467506408691406,31.345482568627627,29.439023721342885,30.96562507998015,3535000
2008-12-01,27.270959854125977,29.671952751929073,27.102531671758225,29.20967201757275,10518400
2008-12-02,28.675722122192383,28.783230301508983,27.15270507480442,28.131020757636474,9199600
2008-12-03,28.664979934692383,29.367359431240306,27.80134085774037,28.0199388790287,7577800
2008-12-04,24.651382446289062,28.13819510347836,24.19268584766599,27.887346255496176,12841600
2008-12-05,24.346776962280273,24.479367310699317,22.508405055694336,24.009920486529413,11795200
2008-12-08,24.751718521118164,26.149311404091925,24.12459375489057,25.292838370653424,11358600
2008-12-09,25.228336334228516,26.292657187707817,23.755488671097172,24.404114043009272,8870800
2008-12-10,26.400157928466797,27.206461129436466,25.640442884454195,25.758698609387537,9981600
2008-12-11,25.82320213317871,28.098771057874668,25.59385389332394,26.869606553318622,8293200
2008-12-12,24.35753059387207,24.995405743866513,23.923918865325817,24.62988273381882,8444400
2008-12-15,24.776798248291016,25.676274919988423,24.164008217993665,25.099320036354474,7980400
2008-12-16,25.446916580200195,25.56517224375426,24.64061379773291,25.328658182600776,5659200
2008-12-17,24.941648483276367,26.045388780434237,24.841308953361494,25.37167855525785,7371600
2008-12-18,23.235868453979492,25.034822271087496,23.028023454982,24.78038910851787,7795000
2008-12-19,23.278865814208984,23.916740711325666,22.92767618731198,23.253780938503713,9103000
2008-12-22,21.9171085357666,23.257363979118672,21.461995096546122,23.196443960659686,6016200
2008-12-23,22.694751739501953,23.14627963621766,21.888448408734643,21.98878794133813,6431800
2008-12-24,22.52631950378418,22.576489261196436,21.96369916647814,22.092707895265857,2499400
2008-12-26,23.03160858154297,23.146282739040373,22.58366359364759,22.587246562996476,2414400
2008-12-29,23.701738357543945,23.830747132171243,23.056694484407448,23.54047875628367,4138400
2008-12-30,23.587059020996094,23.64081312097406,22.881095251934987,23.60139362992669,4941600
2008-12-31,23.859411239624023,24.28227263598612,23.164197740338768,23.26453726929806,4564800
2009-01-02,25.224742889404297,25.407505680582165,23.98482829840869,24.346769546101175,5112600
2009-01-05,25.325084686279297,26.09913700102283,24.737379514290993,25.149490548489826,7711200
2009-01-06,25.486345291137695,25.941457379351608,25.271328950580475,25.633270207535695,10830000
2009-01-07,24.608373641967773,25.332256286798977,23.848658579291538,25.149493457889555,6792200
2009-01-08,24.945226669311523,25.203244102081804,24.275098211091297,24.959561274915036,6005000
2009-01-09,23.845073699951172,25.317921101698172,23.712480633524358,24.923728971785973,6936000
2009-01-12,22.78075408935547,23.673062242412964,22.411646821522513,23.458048591971593,6922800
2009-01-13,24.038583755493164,24.271516309078823,22.540651664092454,22.777167185522924,9307000
2009-01-14,22.762060165405273,23.810572149067795,22.521477442908278,23.555625910958376,8783000
2009-01-15,22.988283157348633,23.214505141041514,22.0654497286784,22.711792970076253,9986800
2009-01-16,22.884140014648438,23.51253060949161,22.262932545102224,23.37248706179693,7614800
2009-01-20,21.80691146850586,23.29709150085215,21.648916883107685,22.499935445229042,8446800
2009-01-21,23.455089569091797,23.552039897874156,21.875138093650996,21.946954318858406,8017600
2009-01-22,22.88055419921875,23.476624953603473,22.266526997936047,22.57892725869078,6760200
2009-01-23,23.903934478759766,24.284558067529893,22.051083362214857,22.420934998783654,8248400
2009-01-26,24.41741943359375,25.114034923505695,24.069111688637776,24.309694428503622,7279600
2009-01-27,23.936256408691406,24.370742558542645,23.7136259871345,24.270197931685324,6738400
2009-01-28,25.121213912963867,25.196620316503044,24.00088433275211,24.417418073704358,8281800
2009-01-29,24.62209701538086,25.081718632176575,24.421013242922967,24.55028216509188,8785000
2009-01-30,24.33483123779297,25.408481565082248,24.16247450763044,25.135580212837265,8403600
2009-02-02,23.96497344970703,24.399459468012683,23.702846857126328,23.82852417819654,9816400
2009-02-03,24.377920150756836,24.525144139949333,23.803393189582582,24.263014758521987,8875000
2009-02-04,24.625680923461914,25.157117225319233,24.39587018651387,24.66158833744253,9603200
2009-02-05,24.808809280395508,25.182252408667967,24.058334200184547,24.5502742588777,9820400
2009-02-06,24.564640045166016,24.887809536855872,23.857252699974083,24.28096679437756,8489000
2009-02-09,25.401296615600586,25.552112168132098,24.507188950632507,24.86986020620969,8033800
2009-02-10,23.842885971069336,25.7531893321375,23.62384719605927,25.47669650617925,8097200
2009-02-11,23.110361099243164,24.313277098072415,22.747689970313143,24.273778126626585,7816200
2009-02-12,23.017004013061523,23.21449890777071,22.388614652972542,22.67946964990599,6960000
2009-02-13,22.88055419921875,23.45148948937448,22.733331607400338,23.196543283748955,6914000
2009-02-17,20.19463348388672,22.25934079304045,20.12999905853953,22.25934079304045,12656000
2009-02-18,20.331085205078125,20.49267128819831,19.749376675625346,20.410083150110186,11810600
2009-02-19,20.043827056884766,20.797893815486127,19.81401628739788,20.46754117679379,10591400
2009-02-20,19.78888511657715,20.187463855722573,19.451349277051204,19.60934524271204,9756200
2009-02-23,18.305877685546875,20.23772630040288,18.259196954411593,20.10486723308857,10596200
2009-02-24,19.149715423583984,19.178441078845516,18.295105605519193,18.481827158948974,8170000
2009-02-25,18.682912826538086,19.225123838280517,18.363332173019213,19.11380865916874,8820800
2009-02-26,18.460281372070312,19.232303026143573,18.366921282865594,18.984537236344295,6563200
2009-02-27,17.96834373474121,18.53928036058618,17.54462969192394,17.975525491203538,7705600
2009-03-02,16.370437622070312,17.842663308548467,16.16935257010604,17.332770977546712,11170600
2009-03-03,17.250185012817383,17.846257118216784,16.348894413163215,16.70079227107081,15610000
2009-03-04,18.34897232055664,18.955817896779916,17.681085221948038,17.760081825351854,15170800
2009-03-05,18.61468505859375,18.97376463042636,17.79957426616014,18.072475507829648,15736000
2009-03-06,18.6972713470459,19.519563813985442,18.032974752749947,19.120985309495982,11733400
2009-03-09,18.104795455932617,18.858863549482532,17.94680090165348,18.395650468130746,8642200
2009-03-10,18.9989070892334,19.39030402149554,18.413606788009012,18.517740230945815,9070600
2009-03-11,19.390302658081055,19.64524890131967,18.851683139801025,19.142538172793138,7700200
2009-03-12,21.11747932434082,21.221611404563475,19.268218174816965,19.487257028347493,14070800
2009-03-13,21.182111740112305,21.343696506499164,20.73685231709387,21.095932010896362,8986600
2009-03-16,22.090593338012695,22.611259413363175,21.042079425677407,21.042079425677407,9112000
2009-03-17,22.657928466796875,22.657928466796875,21.677641052562663,22.069037979398768,10786400
2009-03-18,22.266530990600586,22.546614080457537,21.009752074674708,22.42452693097638,12494400
2009-03-19,22.70820426940918,23.50536039267198,22.657931953180945,22.84824515445073,8830200
2009-03-20,22.244977951049805,23.34017028266506,22.00439394508148,23.056497115097837,8493800
2009-03-23,23.727983474731445,23.93265876172629,22.77642187255671,22.851828268864256,7187600
2009-03-24,23.00982093811035,23.51253291537411,22.722556168371092,23.304266094291144,4656200
2009-03-25,22.780014038085938,23.659759513830398,22.083399963260085,22.909282939962544,7771400
2009-03-26,22.259349822998047,23.408405065577156,22.090581936151853,23.009826404171193,7600800
2009-03-27,21.297014236450195,21.932585372425446,21.12465617123693,21.882313071513956,5949000
2009-03-30,20.345457077026367,20.99898206415957,19.878653710471287,20.708126995027804,6069800
2009-03-31,19.6632022857666,20.97025344576898,19.609341156698473,20.5357660005167,8210200
2009-04-01,20.514217376708984,20.61475922366013,19.063535503197066,19.304118171195864,7474600
2009-04-02,21.663280487060547,22.04749568358843,21.063616633462345,21.067206828012317,7326400
2009-04-03,22.67228889465332,23.096002991475284,21.52323374004765,21.659684390663237,6802000
2009-04-06,21.79613494873047,22.291665247445003,21.41191983422707,22.288073683881333,5047600
2009-04-07,20.815847396850586,21.462190481965415,20.675806554883387,21.307786125493855,3969400
2009-04-08,21.203649520874023,21.361645417172895,20.02945909690527,20.57167004501833,5865200
2009-04-09,22.0295352935791,22.2808913147078,21.426281390782265,21.911039725054785,5287800
2009-04-13,22.252174377441406,22.539437927130415,21.09593704893991,21.699191188177156,6582800
2009-04-14,21.782472610473633,22.527510801404663,21.68529353691832,22.257569388082025,7166800
2009-04-15,21.32176399230957,22.153182313910502,21.037425494717912,21.595303904314207,6477000
2009-04-16,21.084226608276367,21.703291373389607,20.659518635341954,21.66729973079916,7110000
2009-04-17,21.624107360839844,21.83645995345336,20.634322183909774,20.80348453505893,8545000
2009-04-20,20.14482879638672,21.12741539980138,20.10163718065924,21.062629349203217,6878800
2009-04-21,20.48314666748047,20.529936879258244,19.745307357104092,20.01164868231678,6935400
2009-04-22,20.285200119018555,20.803487202012988,20.06204890768677,20.421970836347867,6562000
2009-04-23,21.63850975036621,21.739288841648875,20.421974407324036,20.515553521022113,9707600
2009-04-24,22.73625373840332,23.092578208047787,22.19997115992769,22.531098473752593,10178800
2009-04-27,22.466318130493164,22.6786720477298,21.760871730958577,22.12079353149574,5578600
2009-04-28,22.815441131591797,23.034993634347995,22.002018522995634,22.149586396045972,7324600
2009-04-29,23.661256790161133,24.089564582403238,22.75425512269075,22.804643951662147,7498600
2009-04-30,22.847841262817383,23.985194372849485,22.4879193751744,23.78003900673243,8086200
2009-05-01,23.783632278442383,23.988787586627506,22.775850179225976,22.85863202524869,7522000
2009-05-04,25.928762435913086,25.971954033195697,23.85561244809179,23.866409660916204,9372200
2009-05-05,25.55803871154785,25.99714359098507,24.838195367154885,25.806382798094006,7643600
2009-05-06,27.90473175048828,27.947923347359396,26.015142636639567,26.223897902539235,13852800
2009-05-07,26.46144676208496,28.47701082821179,26.079930572675373,28.012711425220903,13761800
2009-05-08,27.66718864440918,27.91913279590576,26.756584220319425,26.954542300770523,8698800
2009-05-11,26.537029266357422,27.17048950791513,26.227496371648307,27.112903461402958,7374200
2009-05-12,26.36427116394043,26.983337083188562,25.540049933870332,26.97973709640633,8695800
2009-05-13,25.309696197509766,26.12312008434073,24.899385640874875,25.662420704679445,6814000
2009-05-14,25.684022903442383,25.889178243851624,24.899393176862418,25.309703857680905,4898800
2009-05-15,24.564664840698242,25.845985673819992,24.294723468822436,25.525655465539554,7274200
2009-05-18,25.572446823120117,25.90357424384075,24.88859480485925,24.88859480485925,6765600
2009-05-19,25.92156219482422,26.313878314618254,25.464462798754845,25.62282924116546,5420800
2009-05-20,26.072736740112305,26.929349657550418,25.979156300833786,26.187911609229914,5443400
2009-05-21,25.10454559326172,25.655225508853018,24.7734181957276,25.655225508853018,6644200
2009-05-22,24.90298080444336,25.457260496378332,24.820197613511613,25.298894085544234,3597200
2009-05-26,24.93178367614746,25.007369676066798,23.56768237221918,23.84122098284059,7306000
2009-05-27,24.571861267089844,25.320499306361803,24.435091965024707,25.003769095586225,8435600
2009-05-28,26.133930206298828,26.4794549117227,24.755428626607195,24.877803504395423,9063200
2009-05-29,26.342687606811523,26.594631865838263,25.968368460552885,26.44346531042222,5954600
2009-06-01,27.61319351196289,27.879534803485093,26.896950091390153,26.900547331313593,6546200
2009-06-02,27.429641723632812,27.552016571018758,26.663009231368676,27.35405847053513,8430800
2009-06-03,26.11952781677246,26.932951943980317,25.65522831369307,26.932951943980317,7541000
2009-06-04,26.349872589111328,26.720591574780173,25.82078714510426,26.45425023247196,7055400
2009-06-05,26.457860946655273,26.936555010385124,26.011555791468048,26.81058288835095,8279400
2009-06-08,26.526243209838867,26.670212520546194,25.831593825713252,25.831593825713252,6744000
2009-06-09,26.868167877197266,27.188498118629177,26.447059952526452,26.681006968908513,6586000
2009-06-10,27.0841121673584,27.246075859333953,26.475843520366286,27.19568703312,7300000
2009-06-11,27.746368408203125,28.257459417337813,27.048122029669795,27.170494115500553,8208200
2009-06-12,27.937129974365234,27.987518804647934,27.206486443295486,27.54481380032387,5926800
2009-06-15,27.44403648376465,27.868744305746254,26.8033761370095,27.436839256199175,8599400
2009-06-16,26.583820343017578,27.713974404238908,26.360667872247028,27.649188380207782,6918000
2009-06-17,26.36427116394043,26.82857060337653,25.806391290063594,26.66300690920313,5639400
2009-06-18,25.950368881225586,26.670212693442586,25.77760790404579,26.353482404622145,5251800
2009-06-19,25.16573143005371,26.23109962146949,24.91018728326684,26.23109962146949,13339800
2009-06-22,24.287532806396484,24.78062408822843,23.942005340517742,24.78062408822843,10640200
2009-06-23,24.21914291381836,24.384706644171914,23.646865713739864,24.384706644171914,9419600
2009-06-24,24.229942321777344,24.57186703012731,24.006789754083837,24.29832836184181,8624200
2009-06-25,24.701435089111328,24.83460715953617,24.24433555687243,24.33791600490031,7332800
2009-06-26,24.316320419311523,24.902994819072056,24.294725986039428,24.586261819156405,11535000
2009-06-29,24.100374221801758,24.751832093651885,24.017593708377404,24.44230173295041,8477600
2009-06-30,24.445890426635742,24.654645750420393,23.92040487592609,24.03197976630016,9122000
2009-07-01,24.12916374206543,25.10455173068556,24.096769344177584,24.741029854311357,7271800
2009-07-02,23.117778778076172,23.6756559290721,22.973809506663027,23.628867082906645,7092800
2009-07-06,22.541898727416992,22.64267637421674,22.127988181502364,22.351139273555724,8720200
2009-07-07,21.804073333740234,22.599500548148782,21.757283093776984,22.599500548148782,9202400
2009-07-08,22.23236846923828,22.430325173229097,21.699684400702445,21.825656474244063,10427800
2009-07-09,22.53830337524414,22.675074047588197,22.09559971335988,22.419529891808242,8203400
2009-07-10,22.495113372802734,22.657078463685465,21.94803205081704,22.149588760914746,6375600
2009-07-13,22.973812103271484,22.977410717616817,22.084804703749885,22.47711957104961,6019200
2009-07-14,23.276142120361328,23.42011138939387,22.89822450539179,23.22575328809775,5728200
2009-07-15,23.98137855529785,24.096812271177154,23.469138860936372,23.580967251307204,7921000
2009-07-16,24.980594635009766,25.150138461325213,23.73607513672733,23.764931493764493,7233400
2009-07-17,25.103235244750977,25.406250308796928,24.65593017627454,24.76054235599544,5798400
2009-07-20,26.080820083618164,26.138535540979092,25.417074434955417,25.417074434955417,6352800
2009-07-21,26.1854305267334,26.466802680688645,25.64072935233945,26.38383343936418,4380000
2009-07-22,25.756174087524414,26.152977331081843,25.622702729678924,26.048365091498674,5029000
2009-07-23,26.625534057617188,26.690465698510884,25.687634718608148,25.75617443737289,5734400
2009-07-24,26.94297218322754,26.971828542575494,26.445162142325422,26.5173099210862,4281200
2009-07-27,26.80228042602539,27.040361153109142,26.69406016234283,27.00068057323591,5069400
2009-07-28,26.492069244384766,26.74818776677052,25.79946405826945,26.452388638591167,4418800
2009-07-29,25.575803756713867,26.084432544504473,25.290826211603704,26.084432544504473,4426800
2009-07-30,26.297266006469727,26.571422082239398,25.575804677085955,26.13493555606444,6087000
2009-07-31,26.704893112182617,27.03676469357131,25.922108158638586,26.134937949260635,5011600
2009-08-03,27.650007247924805,28.025167486407913,27.12694610920267,27.12694610920267,5601000
2009-08-04,27.938575744628906,27.960221445800485,27.137756357317446,27.444376727721348,5036000
2009-08-05,28.14419937133789,28.183879956340558,27.46241877760981,27.97105022964986,6135200
2009-08-06,28.216337203979492,28.717752326449027,27.765424126064083,28.421953457422717,5700800
2009-08-07,26.9573917388916,28.73218515568572,26.87803058777266,28.349808950490402,8959400
2009-08-10,27.4876708984375,27.769043081107597,26.917718636284874,26.917718636284874,6453600
2009-08-11,26.60749053955078,27.404704856653392,26.567809952315056,27.30370072629196,4027000
2009-08-12,26.762598037719727,27.07643182731229,26.45958297117761,26.45958297117761,4152600
2009-08-13,27.260406494140625,27.32894617666716,26.787850372692827,26.79506377246403,3543800
2009-08-14,26.94297218322754,27.339775333864566,26.65799464947427,27.26762755510379,4664000
2009-08-17,25.91488265991211,26.45597851140738,25.61908370451426,26.45597851140738,4109400
2009-08-18,26.091650009155273,26.257585787017227,25.69845214792165,25.8932470398874,3303400
2009-08-19,26.629133224487305,26.899681178983784,25.644337459171428,25.886029056826928,3680600
2009-08-20,26.535343170166016,26.98265111451158,26.474019626107026,26.650776856929603,4555200
2009-08-21,27.33977508544922,27.53817528288685,26.744568988823676,26.74817706576802,4360600
2009-08-24,27.35420036315918,27.747395371754834,27.17383507433786,27.61753214363101,2730600
2009-08-25,26.84197235107422,27.729369531014246,26.76621648318366,27.476856393078226,3813600
2009-08-26,26.686845779418945,26.791455211061635,26.20707351473744,26.60387654669776,3605600
2009-08-27,26.31890296936035,26.567807951979212,25.961780463283326,26.42351516854573,5235600
2009-08-28,26.423513412475586,26.84196218140757,26.145752093354407,26.657988825952593,3265400
2009-08-31,25.972604751586914,26.012285340129896,25.665984273700815,25.882422096199463,3691800
2009-09-01,25.47479820251465,26.282834046953276,25.362969835216596,25.878814748655806,5049800
2009-09-02,25.222278594970703,25.608260161134083,25.19341949136928,25.48561309906142,4771200
2009-09-03,25.164566040039062,25.536118097221614,25.04552428808079,25.536118097221614,4554000
2009-09-04,25.420692443847656,25.478407923760052,24.75694653583604,25.052745594798612,4632600
2009-09-08,26.564199447631836,26.85999841043533,26.06278416619855,26.145753409786945,9507400
2009-09-09,26.852783203125,27.058399507920395,26.293649746005674,26.62912926984613,5030000
2009-09-10,27.711318969726562,27.776250574662644,26.650770339822408,26.859994705967058,5844600
2009-09-11,27.397497177124023,28.245216573757702,27.26402857164663,27.841197175195205,6904600
2009-09-14,27.808706283569336,27.855602998750342,27.01149239919339,27.13775024576873,4197000
2009-09-15,28.80794334411621,28.91976893936452,27.909725001539023,27.985478090464248,6961800
2009-09-16,30.02359390258789,30.04162877219598,28.77185891172061,29.046012047862938,6368200
2009-09-17,29.7855224609375,30.402371393079804,29.558263197144793,29.955066265802,6729400
2009-09-18,29.529396057128906,30.02720310758202,29.16144944197027,29.980309137952208,4478800
2009-09-21,29.3201847076416,29.392332483807365,28.681692713473026,28.97027556166733,4089000
2009-09-22,30.31219482421875,30.45648762867626,29.590733554087514,29.727812956792505,5682400
2009-09-23,29.65566062927246,30.449269555970076,29.605158568282853,30.312190174293224,5024600
2009-09-24,28.876482009887695,29.67730152965761,28.371458682784027,29.597943119419874,5906400
2009-09-25,28.476078033447266,29.219182282408592,28.302926112676765,28.807949566754615,4390400
2009-09-28,28.905338287353516,28.93419739217702,28.45081977108405,28.62396889571364,2636800
2009-09-29,29.450044631958008,29.52579772427337,28.465251679702376,28.858446694885338,6419200
2009-09-30,30.124616622924805,30.431237117571637,29.320186081947547,29.69534627912541,9541600
2009-10-01,29.237218856811523,30.149866916436295,29.186716788448148,30.149866916436295,9274400
2009-10-02,29.132604598999023,29.327399457085065,28.631189275319734,28.761052514043765,7547800
2009-10-05,29.763879776000977,29.940636982765486,28.9378064494708,29.1289932091363,6430200
2009-10-06,30.51058006286621,30.546652555001295,29.89012329038572,30.175100656915934,5635600
2009-10-07,30.557491302490234,30.662103515330703,29.897353589819133,30.456487166549444,5369600
2009-10-08,32.353939056396484,32.43330025489363,30.629646660529357,30.7486857061181,9108600
2009-10-09,32.32145690917969,32.81926683232567,31.863330319082376,32.16634266173149,7444400
2009-10-12,32.67497253417969,33.07538364836588,32.48739111469585,32.84812164984337,5085200
2009-10-13,32.3322868347168,32.693017480990285,31.70822435787125,32.693017480990285,7242800
2009-10-14,33.038665771484375,33.1145416395833,32.428042145895645,32.886911278670055,5499600
2009-10-15,33.652889251708984,33.728765094301096,32.77850734380115,32.82909123886256,6246800
2009-10-16,33.53364944458008,33.71430697246876,33.071166614243474,33.5733943212448,4578000
2009-10-19,34.090084075927734,34.15512091362115,33.44332962236988,33.44332962236988,4714200
2009-10-20,34.11176300048828,34.324937605600155,33.638438302165014,34.1515051289978,5473600
2009-10-21,33.58064270019531,34.63568264662092,33.54812289185005,33.833562291250495,5750600
2009-10-22,33.042266845703125,33.10730367800933,32.24014958941404,32.73514954294099,6437400
2009-10-23,32.2148551940918,33.36383454986655,31.9294159382416,33.29157263351111,4673400
2009-10-26,31.38384437561035,33.08202503129754,31.268223600201225,32.2799046958769,5910800
2009-10-27,31.35130500793457,32.00889827466592,31.235684304661422,31.687328107543255,4341600
2009-10-28,30.448022842407227,31.365763544632294,30.303499004954556,31.10200506032722,6108200
2009-10-29,31.015291213989258,31.134525875312196,30.448026537635194,30.765985634496367,8279400
2009-10-30,29.5050048828125,31.00446097745175,29.223176669917823,31.00446097745175,6872600
2009-11-02,29.61701202392578,30.101173144583417,29.038908164701503,29.533908301998242,5542000
2009-11-03,29.98915672302246,30.144522344020825,29.147291782342602,29.320724263049332,4720200
2009-11-04,30.820180892944336,31.488613314798844,30.51306083511078,30.614231384446125,8613600
2009-11-05,31.80659294128418,31.810206866991752,30.466113192009086,31.015311365001697,6540600
2009-11-06,32.64481735229492,33.34215557605132,32.30156912446583,32.67372322065946,9251000
2009-11-09,33.38551330566406,33.45055012908648,32.52197050148684,32.52197050148684,6071000
2009-11-10,32.9447135925293,33.47946119668555,32.489455757859915,33.280736772968375,6099200
2009-11-11,32.60868453979492,33.41441834576646,32.48583874115823,33.22653296870248,6000000
2009-11-12,32.106468200683594,32.71709175764277,31.57894835084479,32.49668926986281,5889600
2009-11-13,31.976390838623047,32.48223260095268,31.81741129018966,32.037813752657456,5975400
2009-11-16,32.70985794067383,32.843545529777444,32.26182795594443,32.62314308222006,10138200
2009-11-17,32.511131286621094,32.57616810963596,32.06671253658366,32.565326341954126,3563200
2009-11-18,32.06309127807617,32.62313061238066,31.683712194469713,32.619516690646904,4376000
2009-11-19,31.405513763427734,31.78850971628044,30.97555058769916,31.78850971628044,5007400
2009-11-20,31.242923736572266,31.336866454265316,30.780440751954206,31.170659047340674,6437800
2009-11-23,31.860776901245117,32.33048780008441,31.712636334654604,31.904135720967897,5365600
2009-11-24,31.99445343017578,32.05587633601529,31.438027841511843,31.925802678581352,6292800
2009-11-25,32.41358947753906,32.540049258764164,31.763223706974347,32.052274241686504,4273200
2009-11-27,31.517526626586914,31.73070127491253,30.856319138138684,31.221248267985185,1805000
2009-11-30,31.250150680541992,31.647596846731,30.885224315589863,31.145368942403913,5814000
2009-12-01,31.9005069732666,32.31240592107377,31.589775801185386,31.654812622239945,4465000
2009-12-02,31.466934204101562,32.0305876967258,31.27543762105333,31.846316203563124,2879000
2009-12-03,31.38384437561035,31.759612584844195,31.138149883288865,31.423589275590057,6497800
2009-12-04,31.459714889526367,32.60147226414744,30.961100897416298,31.878841851840306,6688200
2009-12-07,31.5319766998291,32.095630293634606,31.087560541773335,31.35493302138667,4416600
2009-12-08,30.802127838134766,31.401912530358402,30.6937321507204,31.37300664616566,4475000
2009-12-09,30.961097717285156,31.2393091845361,30.35047419948787,30.979161821767647,4546600
2009-12-10,31.315189361572266,31.625920670366458,30.924968263558668,30.928582187600373,4778000
2009-12-11,31.091171264648438,31.568107175462735,31.02252050070936,31.438033494639203,4262400
2009-12-14,32.659278869628906,33.20125163913037,32.482235203444255,32.57978908904345,13261600
2009-12-15,33.16873550415039,33.266289392420184,32.52198098404608,32.52198098404608,8194800
2009-12-16,33.71430206298828,34.07923098803466,33.24459421284569,33.32408395459982,5722600
2009-12-17,33.43251037597656,34.191272093277014,33.038677950200515,33.67820493512902,5029600
2009-12-18,33.5842399597168,33.99975290718536,33.33132047340497,33.79018947188947,5674800
2009-12-21,34.212928771972656,34.41165042922333,33.90219755571761,33.90219755571761,4467400
2009-12-22,35.325782775878906,35.39443353994212,34.328554896583285,34.530890508623095,4480200
2009-12-23,36.09177780151367,36.10984466550874,35.29327148070372,35.33301637619975,5675000
2009-12-24,36.34107971191406,36.65542213910743,35.9580837651012,36.124291165701,2039200
2009-12-28,36.10621643066406,36.76742369553735,35.96168984583595,36.76742369553735,3003200
2009-12-29,35.867759704589844,36.391668413363455,35.560642327234994,36.19294394510169,3954800
2009-12-30,35.70156478881836,36.02674911813835,35.56787988876579,35.87138342505308,2169800
2009-12-31,35.155982971191406,36.041204433579814,35.155982971191406,35.70518106393438,1999400
2010-01-04,36.268802642822266,36.29048341967264,35.85690371865997,35.89664859350151,4110000
2010-01-05,35.82440185546875,36.131519217494215,35.33301297358153,35.77381794909355,4450000
2010-01-06,35.943626403808594,36.01950224199433,35.289644215724245,35.71238220987992,3650400
2010-01-07,35.60761642456055,35.788274036543875,35.20655630542824,35.73046227753334,4496800
2010-01-08,35.788265228271484,35.87498008882847,34.7910346837111,35.31132936028447,5911400
2010-01-11,35.45946502685547,36.06286060495729,35.054791107256925,35.979759672537085,3030800
2010-01-12,34.4766960144043,35.08370566580987,34.38275604637237,34.59954461688517,4477000
2010-01-13,35.37592315673828,35.52066970883381,34.033404338653746,34.44231079457356,4303600
2010-01-14,35.46278381347656,35.71970773225636,35.26375688162718,35.346987078803814,3175800
2010-01-15,35.05386734008789,35.78483350449188,34.988731522601505,35.46277384047895,5931000
2010-01-19,35.22755432128906,35.31440114117044,34.76436760084087,34.85483384345374,4412200
2010-01-20,34.85847854614258,34.93085048839398,34.46766343203471,34.67392650434509,4049600
2010-01-21,34.95255661010742,35.307185703284844,34.485752954763164,34.94532052122358,6386400
2010-01-22,34.03341293334961,35.16966909890828,33.93208838872695,34.83675111677121,5838200
2010-01-25,34.3663215637207,34.78970297665232,34.23966935824684,34.32651619045591,2796400
2010-01-26,33.70412063598633,34.402520502202826,33.450816129405034,34.00084995547245,3936800
2010-01-27,33.43272018432617,33.95018744682515,32.60404867943974,33.37482319733954,6554400
2010-01-28,33.1142692565918,33.7764801550416,32.412250223661,33.65706679484278,5442800
2010-01-29,32.71983337402344,34.02616627429764,32.33987677195603,33.208350582859204,6351400
2010-02-01,34.57621383666992,34.6160192213293,33.020192693108314,33.02381211738966,4456800
2010-02-02,35.11177444458008,35.18052970532939,34.10940921148534,34.68115404020189,3776200
2010-02-03,35.173282623291016,35.542386529449956,34.760756676980186,34.79694539152183,4281200
2010-02-04,33.61726760864258,34.75352377698484,33.573842803697914,34.65581865606224,4853200
2010-02-05,33.60279846191406,33.79096712746417,32.57509998768983,33.617273399389,5978600
2010-02-08,33.13959884643555,33.92484526900071,32.88991110179619,33.486988930692796,4260600
2010-02-09,34.21072006225586,34.48573825643304,33.4290902769558,33.6643030972069,5327800
2010-02-10,31.930967330932617,32.926096096638524,31.40264475389152,32.79582447371761,15979600
2010-02-11,32.9514274597168,32.98399674676488,31.760891226277487,31.815171530816976,7156400
2010-02-12,32.92250061035156,33.01658358456748,32.06125957588349,32.379702752653266,5837000
2010-02-16,33.58831787109375,33.968277323625685,33.3892909653272,33.526801467788296,5396400
2010-02-17,33.60279846191406,33.751161739611106,33.360349471035946,33.68964532595165,4310600
2010-02-18,34.13833999633789,34.31203639695775,33.331382658069124,33.443559915479696,4983600
2010-02-19,34.24691390991211,34.39166050658323,33.649835924151056,33.96827898898986,3841200
2010-02-22,33.33139419555664,34.45679486437826,33.219216899316486,34.45679486437826,3793400
2010-02-23,32.53528594970703,33.27348817633851,32.42310591382364,33.07446406768796,4300000
2010-02-24,33.53764724731445,33.646207848197506,32.864578147785366,33.07807992663916,5405400
2010-02-25,33.73306655883789,33.77287194246706,32.54976608333746,32.80669274523912,3998800
2010-02-26,34.03341293334961,34.15282631523468,33.43633498067809,33.84886096380135,3510200
2010-03-01,34.25053024291992,34.576209365834266,34.09854757249705,34.185394418337054,4078400
2010-03-02,34.31565475463867,34.771602615594674,34.20347473989919,34.43507085380786,3815600
2010-03-03,34.673919677734375,34.85485225855345,34.297579578333256,34.54364799867968,4738600
2010-03-04,34.44955062866211,35.079197784675095,34.315662331072794,34.75351869722203,4888800
2010-03-05,35.2384147644043,35.27098405192833,34.47126268651345,34.72094767374631,5520200
2010-03-08,35.23479461669922,35.54237930207827,35.1009035782306,35.151564455313704,4479800
2010-03-09,35.480865478515625,35.92595789656405,34.92720969189224,34.92720969189224,5116800
2010-03-10,35.76675033569336,35.96215784927406,35.25290248191376,35.42297954526059,4033400
2010-03-11,35.38315963745117,35.893390618108235,35.23841308373784,35.68712767633027,4580200
2010-03-12,35.31078338623047,35.79930052905615,35.126231483985904,35.76673124710215,2114400
2010-03-15,35.061100006103516,35.27821845627575,34.507446991880514,35.216702068208946,3561600
2010-03-16,34.9127311706543,35.278212777972946,34.72817927534806,35.278212777972946,3621600
2010-03-17,34.670284271240234,35.296311927053566,34.46764075759468,35.017674334980114,5742400
2010-03-18,33.7547721862793,34.880172738116634,33.41823757172969,34.75713994352129,6340200
2010-03-19,33.18302917480469,34.14559168366369,32.690892408905775,33.18302917480469,8416400
2010-03-22,33.11064529418945,33.51955172305645,32.41948186504512,32.84286598505578,6130600
2010-03-23,34.065982818603516,34.1057882034194,33.11427852894147,33.19388929857324,5594800
2010-03-24,33.49784469604492,34.17814993782518,33.32776769539711,33.70772706964482,4117800
2010-03-25,32.35798263549805,33.982759226374235,32.24942474166741,33.75840182849151,6803200
2010-03-26,32.41950607299805,32.44845595528118,31.674064549490073,32.44845595528118,7181600
2010-03-29,33.638980865478516,33.68602233668505,33.13236915071412,33.15046351084603,6187800
2010-03-30,33.77650451660156,33.90315957552655,33.371217162643326,33.624521758867225,4418600
2010-03-31,33.631744384765625,34.01893994408135,33.537658682640654,33.83438796397783,6341600
2010-04-01,34.58705520629883,34.59791071389232,34.01892730215064,34.026163386942734,4849800
2010-04-05,35.37953186035156,35.509803451851944,34.594285649948326,34.79693188162126,6428200
2010-04-06,35.2384147644043,35.68350995515934,35.13709300021577,35.32164493402259,5366400
2010-04-07,37.53989028930664,38.08268802010962,36.14309057450868,36.33849808889519,16481200
2010-04-08,38.70508575439453,39.001814987550965,37.53987984149861,37.60863508505808,14024400
2010-04-09,37.91260528564453,39.15018602499311,37.87641932783224,38.83898181834651,6304000
2010-04-12,38.784690856933594,38.82811565087757,37.60139352027165,37.84384240796773,6823200
2010-04-13,38.85707092285156,39.22617484695661,38.0573494350392,38.70508825330781,7185800
2010-04-14,39.605403900146484,39.659762679250754,38.887874098535335,39.43870567174846,5541000
2010-04-15,40.04389190673828,40.206965473740745,39.3915921091239,39.6380161699113,4230800
2010-04-16,38.945865631103516,39.99316745137684,38.88426029221754,39.70325574574424,6579000
2010-04-19,39.134307861328125,39.28288837669679,38.52187357513852,38.57985425969,5201600
2010-04-20,40.409912109375,40.46789278820197,39.45682929953126,39.45682929953126,5422800
2010-04-21,40.54035949707031,40.66719478459987,40.02576627154739,40.33742027222111,3977000
2010-04-22,40.95347595214844,41.02957711393372,39.8119529957662,40.21420396863234,4489400
2010-04-23,41.210777282714844,41.26151139812627,40.250448215623976,40.64182804719943,5312800
2010-04-26,40.76143264770508,41.52244743974361,40.64184385850964,41.294141066769946,4169200
2010-04-27,39.3662223815918,40.96435539508379,39.264754145459364,40.605591913100675,4669200
2010-04-28,39.65251541137695,40.0040324009276,39.16329190382607,39.64164420795621,4351200
2010-04-29,40.31930923461914,40.446144543254626,39.56916582091515,39.9315539969036,4683200
2010-04-30,40.63096618652344,41.656522696503245,40.065638711574856,40.420780365899,7072200
2010-05-03,41.152809143066406,41.638410839985994,40.239591961639725,40.88464260987965,5917000
2010-05-04,39.94965744018555,40.05837495996948,38.2065718226458,39.62713230024163,8399000
2010-05-05,38.112361907958984,39.478566811716505,37.78621201284431,39.137921058507594,6750800
2010-05-06,37.09766387939453,38.221066227094674,34.995812185141666,37.83331114294265,9517000
2010-05-07,36.543216705322266,37.8913009545195,35.851056833599046,36.89835827954811,7443600
2010-05-10,38.590721130371094,39.05457761389035,36.807771735042934,37.206398227767124,6382800
2010-05-11,37.95652770996094,38.199329831110475,37.63400253157611,38.04350284207497,7709400
2010-05-12,39.275634765625,39.40609474759482,38.050763562466955,38.050763562466955,6906000
2010-05-13,39.16691970825195,39.90256735674898,38.992972145130175,39.177790912546556,5214200
2010-05-14,38.445743560791016,39.00019955160443,37.474546325288,38.75377558839886,3996000
2010-05-17,37.409324645996094,38.88061944200836,36.58670211364309,38.47112188579853,6259200
2010-05-18,37.268009185791016,38.384165745684896,37.13392729239288,38.04714453652223,5912000
2010-05-19,37.046939849853516,37.7717161118772,36.090232640364384,37.15202997482117,5389000
2010-05-20,34.89435958862305,36.15909361358931,34.80013788388555,36.10835948753124,5676600
2010-05-21,36.452632904052734,36.47800273587745,33.80357566939644,34.20220219322553,8270400
2010-05-24,35.28211975097656,36.62657980802036,35.24588147944064,36.10473985053383,5724600
2010-05-25,35.771324157714844,35.851049971247974,33.85791569212529,33.8832827450857,6507000
2010-05-26,36.14460372924805,36.92373902937422,36.021393049824965,36.24607199813835,6588600
2010-05-27,38.59796142578125,38.674062603129435,36.76427556395561,36.95271894436243,8044200
2010-05-28,37.99277114868164,38.98209198422258,37.63400766537651,38.42401391863565,6427400
2010-06-01,36.539608001708984,38.04714168775171,36.452632830835086,37.53979758353238,6682200
2010-06-02,39.04731750488281,39.065438015678176,36.55408838945884,36.999824201086376,8104600
2010-06-03,39.764862060546875,39.830092053139595,38.094252083680566,38.9458638790612,7268000
2010-06-04,37.32236099243164,40.07651083684931,36.93823037437626,39.065450163469684,12639600
2010-06-07,36.65193176269531,38.48561464143937,36.01412794038365,37.52891029037276,10243600
2010-06-08,38.18120574951172,38.337032723972236,36.63743185890304,37.14840034427408,8279400
2010-06-09,37.6195068359375,39.33360372260523,37.35858696809109,38.47836760679832,6417000
2010-06-10,39.41695785522461,39.453198882062885,38.34791391874752,38.34791391874752,6913000
2010-06-11,39.81195068359375,39.830071191690884,38.757400149811396,39.13428404686069,4579000
2010-06-14,39.482177734375,40.64544583125847,39.369838321355694,40.20333195901267,6218800
2010-06-15,39.993160247802734,40.23595966777529,39.44595331526558,40.08375729389421,6059200
2010-06-16,40.0040397644043,40.37729922950167,39.40247669104038,39.659772023633685,3497000
2010-06-17,39.884437561035156,40.275817413406784,39.32635949705385,40.0148975118257,5131000
2010-06-18,39.942420959472656,40.06200970840571,39.493060443096375,39.862695126850625,6053600
2010-06-21,40.08375549316406,41.276012897942906,39.688750952253244,40.58747482561926,6072000
2010-06-22,38.57621383666992,40.3519161577721,38.344285663647796,40.08374972611563,6003800
2010-06-23,38.71754837036133,39.10892823340152,38.1449771982864,38.619704787002355,5380000
2010-06-24,37.90216827392578,39.21763878469094,37.681114086912956,38.34790683252922,5616200
2010-06-25,39.78296661376953,39.85182123999517,37.90942073259405,38.50011236161866,14346000
2010-06-28,38.20295715332031,39.7068684911415,38.02901239396294,39.47856495768416,6190600
2010-06-29,36.32578659057617,37.601394399079005,36.068491341457054,37.44556738738128,8280600
2010-06-30,35.648101806640625,36.72801629390903,35.53213777918629,36.333014775792876,7370200
2010-07-01,35.905418395996094,36.23156828241635,34.70953640072255,35.702479152888955,6529800
2010-07-02,35.63724899291992,36.474367491241004,35.358211336680995,35.76408705601249,5203200
2010-07-06,36.1844482421875,37.21725368888839,35.79306846297404,36.36201762237078,5190000
2010-07-07,37.61589431762695,37.6231408647385,35.95978043999654,36.28230570010732,5457800
2010-07-08,38.492889404296875,38.70307530224927,37.59778977405443,38.00728759746906,7048200
2010-07-09,38.257328033447266,38.73568042025149,37.77897564664304,38.3732921646482,3729800
2010-07-12,38.24644470214844,38.63057524656275,37.93479067995498,38.159472322522994,3225400
2010-07-13,38.7066764831543,39.25388335060022,38.59796169965781,38.77190645917303,5246600
2010-07-14,38.70124053955078,39.36537539942345,38.16412809603217,38.508896106311525,4206400
2010-07-15,38.53791809082031,38.83187815155272,37.717729982630125,38.83187815155272,4244400
2010-07-16,37.11892318725586,38.2983962200909,36.701570637257916,38.149602600350434,6213400
2010-07-19,37.02095031738281,37.568949831611235,36.53464290380478,37.26410263976133,4603600
2010-07-20,37.797576904296875,37.920966607036405,36.29510985656383,36.465680255261574,5762800
2010-07-21,37.16971969604492,37.97539070340326,36.8467258624743,37.93546986834898,4824000
2010-07-22,37.45280838012695,38.01169753613529,37.29675489650891,37.68870356729195,4220600
2010-07-23,37.1370735168457,37.45643755583752,36.50559974802829,37.30401399873826,4672200
2010-07-26,37.64152908325195,37.895568373411415,37.09352687868443,37.09352687868443,3420200
2010-07-27,36.494712829589844,37.72136667361942,35.96848745653286,37.692332823966815,6075000
2010-07-28,36.494712829589844,36.96650319557357,36.298738497665234,36.6289923076179,3330600
2010-07-29,36.50196838378906,37.024563771977284,36.09913276589858,36.91932092479867,3649600
2010-07-30,35.384193420410156,36.64713815769646,35.25354386935226,36.13905687789576,7647800
2010-08-02,37.202392578125,37.32578226667971,35.95033500307002,36.04106369247314,5238800
2010-08-03,36.90843963623047,37.32579227313444,36.72698220877837,37.12619076422949,4207400
2010-08-04,37.38022232055664,37.65240840541506,36.843107228155205,37.03908154151167,3199200
2010-08-05,37.1769905090332,37.34393097359816,36.6979431158581,37.10803581562724,3536800
2010-08-06,36.02292251586914,36.19349290868976,34.56763344541712,35.00313008208332,13765000
2010-08-09,36.26971435546875,36.50923673887418,35.60557945391867,36.353183228162756,5257200
2010-08-10,36.5455322265625,36.80320426260084,35.74349056608677,35.85599607682527,9591400
2010-08-11,35.25716781616211,35.99388430102195,35.10474428870554,35.77976316298746,4957600
2010-08-12,34.60757064819336,35.51485804402724,34.48780804742615,34.61845765393194,5922400
2010-08-13,34.17571258544922,34.814443904628796,34.00877198009523,34.58943555715743,8137600
2010-08-16,34.14665985107422,34.18295355425937,33.42808993666952,33.92891147606736,5392600
2010-08-17,34.534969329833984,34.69464993884347,34.03777511993256,34.50230556217806,4893600
2010-08-18,33.87811279296875,34.47692306309203,33.373661192814495,34.3934513994999,6057200
2010-08-19,33.21395492553711,33.96518830711062,33.06879124835587,33.74744002251911,5907400
2010-08-20,33.17766189575195,33.27927757084273,32.81837711058971,33.119596982337,5652400
2010-08-23,33.2901725769043,33.73292626393238,33.16678011714703,33.25387888538633,3983200
2010-08-24,32.15788269042969,32.836534406276094,31.76956394053756,32.7712096273774,7086000
2010-08-25,31.740530014038086,31.929247272101776,31.00018344456898,31.903843345303244,7512000
2010-08-26,31.435684204101562,32.30667759857627,31.27600078966498,31.96553953430785,4585600
2010-08-27,32.444576263427734,32.520788021762556,31.138083835594443,31.77318459053753,4313000
2010-08-30,31.776803970336914,32.63691263624797,31.765916974498108,32.38650065667993,4549800
2010-08-31,31.526409149169922,32.05263449290205,31.1780112792147,31.62802484847101,5759200
2010-09-01,32.640560150146484,32.68410815697286,31.678835312972044,32.038120213391494,6198200
2010-09-02,32.47725296020508,32.69137418660419,32.096193984306325,32.69137418660419,3262400
2010-09-03,32.7820930480957,33.1631519093627,32.58611873280693,32.7820930480957,4177800
2010-09-07,32.194149017333984,32.62238829201996,32.05986963864814,32.39375312499966,4334400
2010-09-08,32.76031494140625,32.89096447960053,32.19779871139973,32.19779871139973,4197200
2010-09-09,32.43370056152344,33.20670818143053,32.12522072948106,33.184934176842326,3482000
2010-09-10,33.46074295043945,33.59139249798485,32.52442488479096,32.52442488479096,6026600
2010-09-13,33.4933967590332,33.80550361101904,33.25750165897609,33.80550361101904,3136800
2010-09-14,33.46074295043945,33.801883743343566,33.134121850396106,33.34098317253963,3089800
2010-09-15,33.235740661621094,33.442602003132414,32.92726361113164,33.293805594399856,5565200
2010-09-16,33.025245666503906,33.64219969780066,32.8220142715017,33.4571151497037,4964800
2010-09-17,32.33933639526367,33.054278957703715,31.878433072300783,33.054278957703715,14141400
2010-09-20,31.838516235351562,32.61515367640757,31.700606840982637,32.45184035710019,9566400
2010-09-21,32.52442932128906,32.75306467627046,31.6715772226954,31.936506277139067,7783000
2010-09-22,32.79298782348633,32.99984918831041,32.553462680626495,32.553462680626495,7357200
2010-09-23,32.54256820678711,32.945403840884964,32.165136496964784,32.408291507967874,4382800
2010-09-24,33.42808151245117,33.70389752798916,32.68410508577821,33.07605372330797,5462400
2010-09-27,33.11598205566406,33.740196078245155,33.09420804937613,33.475267003518724,3128200
2010-09-28,33.308311462402344,33.38089606530531,32.69135756623431,33.15588794953534,3562600
2010-09-29,34.04866027832031,34.092211043233206,32.93814207682861,33.02887076044904,5637600
2010-09-30,33.74019241333008,34.422471301509,33.28291894920802,34.28819458555776,5975800
2010-10-01,34.90150833129883,35.05393185081292,34.10672696879268,34.15390488612239,6027800
2010-10-04,34.73820877075195,35.14830154132245,34.54223442577954,34.611189131090335,6281200
2010-10-05,35.322505950927734,35.4785594601513,34.63296712485103,35.11564457998681,4217800
2010-10-06,35.754356384277344,36.084610102859315,35.27168191923993,35.30071299204026,4737400
2010-10-07,35.768882751464844,35.953970079647654,35.42774471320704,35.93219607709212,3866000
2010-10-08,36.09550857543945,36.22615813544068,35.554766255269094,35.81243545171028,3355800
2010-10-11,36.13179397583008,36.52374259585914,35.85235081842158,35.9285625886239,2612000
2010-10-12,35.89590072631836,36.08824510870967,35.48943519284357,35.885010957562315,2613400
2010-10-13,35.894073486328125,36.432031453455075,35.74867921630746,36.2430180704787,5705800
2010-10-14,35.98860168457031,36.25394382074857,35.57422956994031,35.57422956994031,4141400
2010-10-15,36.36296844482422,36.65012136465435,36.03946765088654,36.239382345060534,6134200
2010-10-18,36.831871032714844,37.097213063754964,36.188502159601335,36.30118419746899,4470600
2010-10-19,36.159427642822266,36.38478618546733,35.81775143537231,36.2684712938282,6010000
2010-10-20,36.39206314086914,36.64650113967068,36.043118411155795,36.188509968661705,2897400
2010-10-21,35.912261962890625,36.959096098745555,35.50515841236401,36.51200903999016,4220800
2010-10-22,35.37065887451172,36.159421969512046,35.072601838127895,36.15578634976587,3956600
2010-10-25,35.4251823425293,35.95586912965456,35.30159900188994,35.632368298962895,2669400
2010-10-26,34.80363082885742,35.5051558222874,34.59644483458877,35.207098729248884,4025000
2010-10-27,34.807273864746094,34.85816146904521,34.04395702709299,34.501945465784985,3506000
2010-10-28,34.50920104980469,35.22526557945921,34.291108246719816,35.03625218654101,2881000
2010-10-29,34.792728424072266,34.90540770458553,34.21842238650054,34.35654546497377,4066800
2010-11-01,34.91992950439453,35.588741922730215,34.6618560365406,35.214350840240016,2844000
2010-11-02,35.5269660949707,35.752327431557894,34.84361639023763,35.31978008847632,4069000
2010-11-03,32.219261169433594,32.89534246290009,31.259662450932684,32.8917068419425,32201000
2010-11-04,32.09203338623047,32.626355820973,31.372333157703387,32.626355820973,12523800
2010-11-05,32.20835494995117,32.29922605571829,31.623144806957633,32.22653028037102,7278200
2010-11-08,32.517295837402344,33.20064512745959,32.25922239105364,32.42642478841346,9334800
2010-11-09,33.43694305419922,33.73500027495166,32.662721959275295,32.76449718980046,8864000
2010-11-10,34.12392044067383,34.20025184524147,33.46601444904345,33.58960060870037,5630200
2010-11-11,34.20751953125,34.531020448333734,33.884018614166266,33.884018614166266,4416000
2010-11-12,33.458736419677734,33.96761230472567,33.16067935565012,33.84402895354705,4709800
2010-11-15,33.596866607666016,34.24750408238216,33.46964760940669,33.985794844153745,4264800
2010-11-16,33.09524917602539,33.22973660256916,32.56819523648861,33.22973660256916,5232200
2010-11-17,32.775386810302734,33.41148449337648,32.7063266618932,33.178854705419916,4036200
2010-11-18,33.48055648803711,33.70228224807708,32.73177932845944,32.89898186054151,4851400
2010-11-19,33.78950500488281,33.82948850542735,33.127963595644346,33.31334139151762,4420400
2010-11-22,33.6223030090332,34.03303933393909,33.06980800680734,33.69136592424852,2544000
2010-11-23,32.24106979370117,33.14978092399902,32.16837401254386,33.13160836529284,5899600
2010-11-24,32.640899658203125,32.7317707566133,32.182908545729376,32.45915746138276,3512800
2010-11-26,32.32102584838867,32.64089383252932,32.29194643652764,32.339201174093155,924000
2010-11-29,32.43007278442383,32.57909991959923,31.844862783725553,32.219251204746044,3600200
2010-11-30,32.33192825317383,32.666335925854646,31.990254887653617,32.13928201265212,4456400
2010-12-01,33.30608367919922,33.33879872618944,32.55367087642397,32.89171157176744,4811200
2010-12-02,34.11663818359375,34.16389014642011,33.26971906021547,33.26971906021547,3973200
2010-12-03,34.07303237915039,34.16753911489092,33.72408763160806,33.97125717442967,3337800
2010-12-06,34.30565643310547,34.42197132936322,33.989426782149074,34.003966490827025,2933400
2010-12-07,33.69864273071289,34.91995069383829,33.596867529313485,34.73094000169171,4757200
2010-12-08,33.51325988769531,33.99669479540217,33.22610965793375,33.86584019221586,2988600
2010-12-09,33.5241584777832,33.95307006614618,33.35695325805826,33.56777481930696,4115200
2010-12-10,32.98619842529297,33.59685212690268,32.978929959882194,33.41510998681842,3956000
2010-12-13,32.968048095703125,33.6223214052891,32.928064572719144,33.25883684955624,4532800
2010-12-14,33.31334686279297,33.47327811807219,32.77902433427469,33.0116541357408,3678000
2010-12-15,32.75720977783203,33.509622252053546,32.65906745288354,33.204293963860444,3600800
2010-12-16,32.89897537231445,32.97167114647712,32.626362059455424,32.77538922843869,2003800
2010-12-17,33.32061767578125,33.367872427419805,32.742678752044114,32.86262928181958,4847000
2010-12-20,33.24428939819336,33.44057134539194,32.669983268223426,33.393319362482934,4067000
2010-12-21,33.31334686279297,33.60413272804262,33.109793706635635,33.34242628126773,1700000
2010-12-22,33.51325988769531,33.647750111293966,33.24428221366383,33.407851854229634,1766800
2010-12-23,33.24063491821289,33.46236054167092,32.82626307805049,32.92803822852338,4685800
2010-12-27,32.75720977783203,33.233373376672255,32.54275257480175,33.16794608442841,2715800
2010-12-28,32.70632553100586,32.94985939854505,32.68451458258759,32.898971807511955,2696200
2010-12-29,33.14614486694336,33.27336385823444,32.70269343458643,32.88443564304969,2110200
2010-12-30,33.34968948364258,33.4623687459836,33.02982425042244,33.15704321970514,2328400
2010-12-31,33.226104736328125,33.48417828406133,33.189754083920704,33.31334020114199,2042400
2011-01-03,33.56778335571289,33.98579096499574,33.53870393852528,33.60413124061448,3500800
2011-01-04,33.491451263427734,33.90582324358468,33.21883797263155,33.833127475305346,4125400
2011-01-05,33.56051254272461,33.80041078484319,33.01891883482497,33.17158437780843,3472600
2011-01-06,33.73862838745117,34.323838605882685,33.54961768328374,33.931274712804445,5178400
2011-01-07,34.262046813964844,34.29475908504497,33.77134333559796,33.89856234507583,4830200
2011-01-10,34.512840270996094,34.53101559899869,34.10210392589503,34.22205443511447,5149600
2011-01-11,35.15985107421875,35.21073867392612,34.451054752866845,34.6909558142012,5838400
2011-01-12,35.85704803466797,36.15922506960055,35.28910297825897,35.492980121048305,5176800
2011-01-13,35.62767028808594,35.8897995128789,35.32913484376429,35.76237635572024,3336400
2011-01-14,36.617942810058594,36.66527062776056,35.405596276084864,35.605834692549145,4361200
2011-01-18,37.45529556274414,37.57543860753791,36.52692430712489,36.70895821343654,6014600
2011-01-19,36.93104553222656,37.49899051921398,36.687117948927884,37.44437978332272,5794800
2011-01-20,36.901912689208984,36.949240503599086,36.1264492697084,36.32668489454365,4891600
2011-01-21,37.03297805786133,37.34607659650364,36.58881488547958,37.131275144357424,4812000
2011-01-24,37.0366096496582,37.18223451270239,36.62885281133233,36.89826214110352,3284600
2011-01-25,36.35944366455078,36.98199912333137,36.02086057879823,36.98199912333137,3947600
2011-01-26,37.23684310913086,37.477129119208456,36.49778613847605,36.54511393851434,4638400
2011-01-27,37.589988708496094,37.91400872793874,37.036607046028124,37.102139340837645,5182200
2011-01-28,37.3278694152832,38.281728008441064,37.1968047909526,37.633687797926854,5658800
2011-01-31,38.73317337036133,38.80234714182482,37.404325332810664,37.404325332810664,4616000
2011-02-01,39.09360885620117,39.41762905466571,38.53658543137152,38.85332549421983,4528000
2011-02-02,39.042633056640625,39.42490538669242,38.71497145625581,38.95889901175273,2989600
2011-02-03,38.97344970703125,39.04262068357905,38.452832767414144,38.91519753981603,1949000
2011-02-04,38.875152587890625,39.13364034834833,38.485600219649235,39.06446936696324,3308400
2011-02-07,38.4419059753418,39.49042269807488,38.38729804404615,39.086307340790846,3483600
2011-02-08,38.139747619628906,38.52565864041731,37.699225867426605,38.52565864041731,4232000
2011-02-09,37.84484100341797,38.34361481429608,37.41160227539858,37.97226693633426,3408200
2011-02-10,37.9504280090332,38.114260191279186,37.53174946900501,37.67009701547276,3645600
2011-02-11,37.60820770263672,38.04872944072464,37.51719074573548,37.8011632068486,3040400
2011-02-14,38.190696716308594,38.784125980829096,37.626390752552894,37.626390752552894,4243000
2011-02-15,37.69922637939453,38.6603652659098,37.55724014236049,38.150669728486925,4232000
2011-02-16,37.49534225463867,38.35454249196014,37.47714053105813,37.888536148521425,4648400
2011-02-17,37.943153381347656,38.07421803511811,37.258704016631405,37.60092869898953,6126400
2011-02-18,39.64334487915039,39.97464793012388,38.88608314345417,38.89700473368547,7652200
2011-02-22,39.43582534790039,40.64088891871313,39.3520885288548,39.996490112592454,5797800
2011-02-23,41.645721435546875,41.773144628429876,39.50500346226061,39.50500346226061,8300000
2011-02-24,40.109352111816406,41.92969125942667,39.974648792568196,41.71853125167578,7247000
2011-02-25,40.684574127197266,40.953983504758774,40.06201856111523,40.302301849854764,3297800
2011-02-28,40.88845443725586,41.227037608224016,40.6117649043484,40.80835907545009,3500200
2011-03-01,39.293846130371094,40.84477606628128,39.2720029465583,39.86543258695145,9073000
2011-03-02,39.57053756713867,39.66519321318622,38.00140316310004,38.53658337490408,15563600
2011-03-03,40.44427490234375,40.50980719206399,39.312027038336176,39.79623491378571,6069800
2011-03-04,39.82172775268555,40.6226784342104,39.46130147368837,40.34234472351097,4348800
2011-03-07,39.530494689941406,40.55352463740424,39.384866969108174,40.134845981615356,3717000
2011-03-08,38.66400909423828,39.646994071112694,38.61668126812894,39.51592940752944,3493200
2011-03-09,38.51836395263672,39.18460573578938,38.299921109514,38.64214563796453,3472400
2011-03-10,37.437095642089844,38.0560098423168,37.284187820050306,38.0560098423168,5261800
2011-03-11,38.46376419067383,38.79142577101155,37.1349161456256,37.35699772909801,3767200
2011-03-14,38.784149169921875,38.99166774163117,37.91038573939213,38.25261042094048,3951200
2011-03-15,38.38732147216797,38.76595243339052,37.371571665907226,37.600933450178594,4851800
2011-03-16,38.04143524169922,39.14092131031089,37.524459746516484,38.51836584313457,5072200
2011-03-17,39.56687927246094,39.741632997349015,38.543849884858936,38.87150860539773,4200000
2011-03-18,39.293846130371094,40.21129595953555,38.969825941599794,39.96009101283601,5936600
2011-03-21,40.557151794433594,40.57899497269079,39.683388555127614,39.86178099200054,4526000
2011-03-22,41.27072525024414,41.66027767777741,40.779234285056084,40.89937454579675,6558200
2011-03-23,41.529212951660156,41.529212951660156,40.775592732792674,41.29620978682497,8087600
2011-03-24,42.06802749633789,42.12263543398338,41.14693380221598,41.83502437032923,5755800
2011-03-25,42.79252624511719,43.007324897295625,41.780418283590535,42.166329232991345,5161000
2011-03-28,43.12018585205078,43.58255067940373,42.35564134337575,42.512190589351924,6207200
2011-03-29,43.56800079345703,43.60076834570984,42.15905993178621,42.78161564841568,6065400
2011-03-30,43.393253326416016,44.21240609078007,43.09107630671127,43.79736891237836,7209400
2011-03-31,43.145660400390625,43.72452666311868,43.11289286569166,43.41142824433962,5689400
2011-04-01,43.10198211669922,43.43328511334235,42.894463603484446,43.38595452661242,8316600
2011-04-04,43.094703674316406,43.622600838828085,42.98548223039558,43.28765915130872,3827600
2011-04-05,42.56681823730469,43.229421704759325,42.46123821290145,42.97457528559125,3861200
2011-04-06,41.798614501953125,42.945428388031125,41.78041278232362,42.86169436697956,4067400
2011-04-07,41.744014739990234,42.115362669023796,41.052285373436035,41.69668414892914,4410400
2011-04-08,41.744014739990234,42.373850470358136,41.43091621384062,42.035267309643636,3438800
2011-04-11,41.01951599121094,41.86051444943744,40.72462197907332,41.707603871276525,2872000
2011-04-12,39.76713180541992,40.60448617969475,39.37757932360969,40.60448617969475,5550400
2011-04-13,40.32861328125,40.90468490657018,39.97494902036746,40.13901875007781,3883000
2011-04-14,40.36872863769531,40.5765516394135,39.632231135681984,39.99683308828878,3631600
2011-04-15,40.48537826538086,40.787998382583226,39.9457664566141,40.416103043404505,3491400
2011-04-18,40.05881118774414,40.252049746939946,39.31866700459303,40.000473549357345,3455800
2011-04-19,39.912967681884766,40.24840073911545,39.55565662061448,40.07339339694794,3066000
2011-04-20,40.769771575927734,40.83904680536918,40.27026612798479,40.59111747976338,3606400
2011-04-21,40.78800964355469,40.937494954412095,40.32496373991029,40.591124312283604,2048000
2011-04-25,40.23017120361328,40.904686925403325,40.00776660989048,40.83176487839517,1935800
2011-04-26,40.73332595825195,40.75155438479414,40.0989194117324,40.37601486138491,2200000
2011-04-27,40.74790573120117,40.908328662297905,39.81087903746273,40.839056198614216,2500400
2011-04-28,40.82811737060547,41.21824124823697,40.226523747273156,40.69321368144638,3068000
2011-04-29,41.218231201171875,41.40053208612763,40.49996526937569,40.78070740826362,2631200
2011-05-02,40.44893264770508,41.49169422616822,40.27756932246447,41.37502173817123,3705000
2011-05-03,39.431697845458984,40.361431063982074,39.09626474971791,40.3577870476334,4120400
2011-05-04,38.74988555908203,39.289497540329116,38.22485798615963,39.289497540329116,3866600
2011-05-05,38.04619598388672,38.43996658214363,37.13104471803709,38.01338315821075,6925400
2011-05-06,39.172828674316406,40.60206744187389,38.695198298055786,39.741606743066654,7192600
2011-05-09,40.58747100830078,40.79894071336033,39.92389586411015,40.19005639381488,4764600
2011-05-10,40.41611862182617,40.7551984880392,40.02599471396316,40.62394158617018,3331600
2011-05-11,38.89937210083008,40.35413269725549,38.6477959352612,40.27027304816874,4347000
2011-05-12,38.47276306152344,38.97956189017,37.96596701456659,38.45088785370046,4428600
2011-05-13,38.443626403808594,38.93948522553388,38.06808688037514,38.582174128643786,3634800
2011-05-16,38.17381286621094,39.27126522174595,38.002452332057324,38.34517618205594,3133600
2011-05-17,38.505592346191406,38.713415239473385,37.83472365695562,37.96598051394326,3940800
2011-05-18,38.87385940551758,39.18377049468182,38.46550423591673,38.6076987683767,3874200
2011-05-19,38.644161224365234,39.09262286216002,38.30872808648991,39.00147237154006,3097000
2011-05-20,38.95771026611328,39.35512776122625,38.23944411846678,38.673321245189435,4046400
2011-05-23,38.00975036621094,38.501962404542915,37.90766227312779,38.31966144355389,3889000
2011-05-24,38.66965866088867,39.0451979983711,38.22849090062453,38.345163343159754,4681400
2011-05-25,39.085323333740234,39.3478371519585,38.46550120426295,38.46550120426295,3190400
2011-05-26,39.09625244140625,39.19469370397452,38.42538367943565,38.90301114978018,2363800
2011-05-27,39.431697845458984,39.77077773924059,39.1545996099072,39.33325377020749,2603400
2011-05-31,39.79264831542969,40.17548139589871,39.048860158487166,40.10985294729521,3567400
2011-06-01,39.44628143310547,40.71509451894355,39.362421770073524,39.9275558418185,6434800
2011-06-02,40.437984466552734,40.72966421945758,39.52648002305483,39.52648002305483,6241000
2011-06-03,40.31037521362305,40.758836663757684,39.30407622108615,39.86920735743362,4492400
2011-06-06,39.763492584228516,40.850007750531745,39.752554969476904,40.30310475941167,5428800
2011-06-07,39.39521408081055,40.120770671734505,39.384273693389844,39.92753221932125,4261000
2011-06-08,39.71973419189453,40.41976921310219,39.420760727731356,39.420760727731356,3959800
2011-06-09,40.39059829711914,40.53279281649979,39.7525449680089,39.94578353118303,3680400
2011-06-10,39.256683349609375,40.27392291818556,39.22022371832141,40.106206388907665,3801000
2011-06-13,38.17746353149414,39.581180250309984,37.79098641860601,39.3733572844769,5597000
2011-06-14,38.294151306152344,39.005126943699715,38.14466591822335,38.74261303332486,5366400
2011-06-15,37.50658416748047,38.4035041660246,37.28053007417949,37.9732739766393,5424200
2011-06-16,37.04719161987305,37.754520049733095,36.915934740482705,37.39356224056407,5596400
2011-06-17,37.280540466308594,37.55034506587086,36.719053263868794,37.33887809956068,5916000
2011-06-20,36.788330078125,37.156578754094824,36.54040068960446,37.010737446431285,5040400
2011-06-21,37.25867462158203,37.619629777673744,36.90865707905489,37.010745181247124,4096800
2011-06-22,36.94875717163086,37.699839017040595,36.90500672159177,37.09095447933357,5531800
2011-06-23,36.51852035522461,36.54768638732143,35.22782955286291,36.117456119867526,5682800
2011-06-24,35.82942581176758,36.609676400398,35.75650654785785,36.4893571114245,3929200
2011-06-27,36.58049011230469,36.61694972684742,35.44293177941546,35.51220699422986,5812400
2011-06-28,37.3388786315918,37.47742634000245,36.45653999707623,36.67894735905879,3730000
2011-06-29,37.5904541015625,37.97693399444526,37.03990447173413,37.41909076910858,3681200
2011-06-30,38.1191291809082,38.22121726629286,37.64149880758469,37.754527286424874,3776600
2011-07-01,37.58316421508789,38.122773464968326,37.331588015984934,38.05350099607999,6685000
2011-07-05,37.64151382446289,38.279567394356725,37.53577889907734,37.66703585599093,2969800
2011-07-06,37.28783416748047,37.67066726569538,37.09824240811063,37.56857918128918,2543800
2011-07-07,37.7545280456543,37.92224458668634,37.349819712103944,37.798278493589414,3802200
2011-07-08,37.16023254394531,37.41545559490817,36.883137046363665,37.182110553948725,3406200
2011-07-11,36.09922790527344,36.62060863254706,35.938802210207335,36.62060863254706,3145200
2011-07-12,36.05548095703125,36.50029571132501,35.92422405308582,36.037249749714285,3965800
2011-07-13,36.132171630859375,36.91733381557914,36.000702017765924,36.340331387224076,3888000
2011-07-14,35.317779541015625,36.36588341078567,35.20457071528599,36.32205929137483,5437800
2011-07-15,36.95384216308594,37.29347141162744,36.42431119159726,36.51926205307085,13502400
2011-07-18,37.07435607910156,37.4651120976416,36.69455818031394,37.0268820383028,5338400
2011-07-19,37.99100875854492,38.08230696388073,37.24966777701017,37.24966777701017,4730200
2011-07-20,37.91065216064453,38.27584484971329,37.80839865349713,38.27584484971329,4192600
2011-07-21,38.54975128173828,38.67391828322359,38.012917417087024,38.21377457263681,3878600
2011-07-22,38.9185905456543,38.929545882162394,38.348890757637136,38.546095173381424,3288400
2011-07-25,38.78712463378906,39.24361560648623,38.272204265410544,38.41827914771381,3798400
2011-07-26,38.9185905456543,39.39699214783796,38.20646581063284,38.7871209351581,4235200
2011-07-27,38.0056037902832,38.71772843354714,37.96908507789516,38.71042580554919,4082000
2011-07-28,37.771888732910156,38.465755560872125,37.64041911135106,37.99465654798531,4736800
2011-07-29,37.249656677246094,37.74631898917198,37.067060320985085,37.31539147694803,6388800
2011-08-01,37.110877990722656,38.09689702844512,36.698208514226444,37.93986407794278,3660800
2011-08-02,36.23074722290039,37.384756848561636,36.18327320141343,36.833315399023626,4176600
2011-08-03,35.78158187866211,36.27459146513723,34.90146613658054,36.2526780085789,6110800
2011-08-04,33.64520263671875,35.244748454859725,33.39687148787764,35.244748454859725,8768800
2011-08-05,35.02927017211914,36.9647918814303,34.108986134088525,35.88747214277667,18031400
2011-08-08,32.3560791015625,34.25873311284337,31.79368189730255,34.18204296492607,11371400
2011-08-09,33.181400299072266,33.56120094245442,31.44308271987661,32.96958791957479,14977600
2011-08-10,31.768108367919922,33.2617477799063,31.654899536134234,33.05358807741712,11145200
2011-08-11,34.0140380859375,34.43035742147055,31.75349503060398,32.12234033180375,9001200
2011-08-12,34.38289260864258,35.72680183054367,34.01404720851833,35.343348388353206,7189600
2011-08-15,35.16440200805664,35.233789505913066,34.558180847455866,34.76269063424352,5036000
2011-08-16,34.53993225097656,34.94894636305262,34.003098442677064,34.693312543005085,5794800
2011-08-17,34.3281135559082,35.44195239746787,33.970223486525356,34.791907055682735,4094600
2011-08-18,32.0018424987793,33.473571751343925,31.716992574476404,33.473571751343925,7368400
2011-08-19,31.979909896850586,32.78333235229556,31.58915399928994,31.632978106135234,6513600
2011-08-22,31.534385681152344,33.049935779669795,31.351789350877926,32.83082074058027,6204800
2011-08-23,32.491188049316406,32.50214338219279,31.253185282710795,31.523427043056344,7207200
2011-08-24,32.8381233215332,32.87829473703281,32.07852191997559,32.26477095672841,4626000
2011-08-25,32.231910705566406,33.31653354517803,31.96531879024865,33.093765759915065,5556200
2011-08-26,32.81257247924805,32.92578414171389,31.40658075835249,32.04201544937387,4555800
2011-08-29,33.43339920043945,33.480873257496846,32.79796177471897,33.3128849176787,4200600
2011-08-30,33.67076873779297,33.8716258546453,32.77604765988588,33.26905729028773,3328600
2011-08-31,33.813201904296875,34.39020722923118,33.39323238978657,33.9556296675605,5493600
2011-09-01,33.38591384887695,34.38654378950738,33.338439803918185,34.07978049213046,3392800
2011-09-02,32.26478576660156,32.93674201832172,32.0712340137333,32.629978594262475,4919600
2011-09-06,31.757169723510742,31.81194920794352,31.015828687961427,31.31163400321797,5123200
2011-09-07,33.112037658691406,33.177772488336494,32.17349207143682,32.312267148576765,3595000
2011-09-08,32.59346389770508,33.58678895752246,32.41817009283121,32.72858626367452,4854600
2011-09-09,31.15824317932129,32.2392133107612,31.008515610924906,31.884975921790137,5251200
2011-09-12,31.446746826171875,31.465007577513397,30.646973840044154,30.869741632653252,4431800
2011-09-13,31.68045997619629,31.9251383643853,31.158234414996635,31.563598448538954,3189600
2011-09-14,32.04566955566406,32.45103380370864,31.077908037483766,31.355455357361148,4477600
2011-09-15,33.0134162902832,33.0134162902832,32.18077748971064,32.45467197864629,3907000
2011-09-16,32.92578125,33.32384002913657,32.59345449425138,33.28001589401157,5116800
2011-09-19,32.049320220947266,32.36338624510918,31.39197208056188,32.18078984902434,3672000
2011-09-20,31.815595626831055,32.70301418336435,31.72429743289224,32.213654415028415,3761600
2011-09-21,30.468017578125,32.25015639575025,30.46071495232826,31.76079966761727,4491200
2011-09-22,28.028545379638672,29.55505128505265,27.43693208325152,29.518532564924993,10625000
2011-09-23,26.92201042175293,28.181924315643474,26.786888098982793,27.520926318777956,7707800
2011-09-26,28.002979278564453,28.043150702665194,26.710196650902933,27.484406258972392,7592000
2011-09-27,28.707788467407227,29.405304834981767,28.49962881165796,28.722396504712222,6291800
2011-09-28,27.130168914794922,28.777188947829337,27.07538944670474,28.751625567547183,4861000
2011-09-29,26.943927764892578,27.88612597740779,26.250060799407724,27.76561166939299,6866600
2011-09-30,25.93232536315918,26.571412365275663,25.399144541451502,26.07109753773026,7677800
2011-10-03,24.98284149169922,25.651142217081677,24.756420946265802,25.614623493289198,9832600
2011-10-04,26.90009880065918,27.035218332471327,24.39852628085662,24.592077988954735,12197400
2011-10-05,28.046802520751953,28.101579200789068,26.739411890677975,26.918355546597788,7513400
2011-10-06,28.68222999572754,28.817352274220134,27.57569675328413,27.889762643467904,5830000
2011-10-07,27.352941513061523,28.934227019382458,27.290859405214274,28.86849220336773,6520600
2011-10-10,28.999956130981445,29.014561388378493,28.024889420862813,28.06140813675428,5093800
2011-10-11,29.266544342041016,29.394361236731868,28.47407680875839,28.718755262337925,6092600
2011-10-12,29.562345504760742,30.197782756253,29.3249724983585,29.50756883325189,4541200
2011-10-13,29.353771209716797,29.46720423479862,28.409707605665336,29.280586361505538,4819000
2011-10-14,30.729618072509766,30.762549163016505,29.89898742798347,30.03803446298425,4630600
2011-10-17,29.78922462463379,30.773536823251376,29.683108643484236,30.480805681334598,3861600
2011-10-18,31.47610092163086,31.6919928670292,29.357449211307046,29.829478512017502,7436200
2011-10-19,32.15304183959961,32.632390934793264,31.28947980484064,31.3443677664525,8468200
2011-10-20,31.959095001220703,32.21523781935677,31.13578418409452,32.02130282910842,6293400
2011-10-21,33.15929412841797,33.327615078302365,32.27743562190337,32.551872499442,5544800
2011-10-24,33.32762908935547,33.59474619909559,33.02025820559994,33.33860612239719,6153600
2011-10-25,32.02497482299805,33.3276379958502,31.926178707502757,33.3276379958502,6034200
2011-10-26,31.988365173339844,32.665308984822666,31.593175357699632,32.55919583761456,7715600
2011-10-27,33.971656799316406,34.396120907993314,32.870251107938486,33.298372368376505,7409200
2011-10-28,34.827877044677734,34.85715098801024,33.52887442439587,33.53253436524166,6090000
2011-10-31,32.72383117675781,34.21310750962589,32.67626315529102,34.172856571571536,5455200
2011-11-01,31.42486000061035,31.834686859451324,30.693028118783886,31.465110977448173,7520600
2011-11-02,35.14257049560547,35.79390048297763,32.980005748155676,33.195897624617054,16995200
2011-11-03,36.60257339477539,36.81480532369027,35.19745743447808,35.70608040058003,9132800
2011-11-04,37.20634078979492,37.51370890462515,35.96222577132522,36.1671378478787,7401600
2011-11-07,37.019710540771484,37.46978832135838,36.492793548721465,37.133146366937055,5557800
2011-11-08,37.290496826171875,37.411246971275034,36.39034110779922,37.23194893254361,4995600
2011-11-09,35.94393539428711,36.83311152166603,35.859773473086214,36.38669348685682,5810000
2011-11-10,36.60623550415039,36.87335261005568,36.017110544484304,36.37570943843134,4688400
2011-11-11,38.058921813964844,38.07355878815266,37.01971898036924,37.03435595455705,4880000
2011-11-14,37.97109603881836,38.22723887301814,37.06728600793395,37.66738792893662,5572800
2011-11-15,37.45515441894531,38.025982370312065,37.32342446221192,37.81009331393714,3845400
2011-11-16,36.844085693359375,37.83937773459203,36.789197730904185,37.30148072762308,8456600
2011-11-17,35.50117111206055,37.06729402623329,35.186485902531544,36.73796904914749,5014400
2011-11-18,35.801212310791016,36.54036403333735,35.13890538823716,35.99515009363916,4463200
2011-11-21,35.131591796875,35.36577778590846,34.414396856495365,35.02181589313929,2933000
2011-11-22,34.75468826293945,35.24135421615603,34.26435957786789,34.974237212079345,3498800
2011-11-23,33.52155685424805,34.35584468525566,33.441054907095236,34.25338867677639,4856000
2011-11-25,33.25078582763672,33.97163795712433,33.214191996570946,33.24346594473662,1223400
2011-11-28,34.977909088134766,35.41700996301664,34.34487597171088,34.39244404667647,3889800
2011-11-29,35.94393539428711,36.196415574453894,35.131601303630084,35.22673746811358,5018400
2011-11-30,37.96013259887695,38.205298489283045,37.33807639199615,37.33807639199615,7282400
2011-12-01,37.51736831665039,38.41752137243507,37.21000020616092,37.919875372075104,3870200
2011-12-02,37.52832794189453,38.05524764884313,37.36732686943961,37.978405656865846,3256000
2011-12-05,37.36367416381836,38.36994292629336,37.04166916484443,38.05159507641956,5158000
2011-12-06,38.38093566894531,38.860284818677734,37.35271242408062,37.49175952316231,4272200
2011-12-07,37.700313568115234,38.16136836958272,37.19901058726793,38.095503397944505,4165800
2011-12-08,36.822120666503906,38.26749032923677,36.639162693376996,37.52102146387293,4964600
2011-12-09,37.963783264160156,38.208946302938216,36.763579285712574,36.763579285712574,5692400
2011-12-12,36.97582244873047,37.41858058786354,36.28058131115988,37.35637273012157,4360000
2011-12-13,36.04271697998047,37.7369066309757,35.55239100271344,37.23560362313059,5826000
2011-12-14,34.092376708984375,35.51578904338343,34.070422652856905,35.48651789911886,9268200
2011-12-15,34.55710983276367,34.96693398859023,34.033849812334246,34.60101796847784,6036000
2011-12-16,35.74268341064453,35.8231853962811,34.66688922389802,34.919372216718486,7302000
2011-12-19,34.9705810546875,35.760960707145614,34.83519117207662,35.680458765686,3772400
2011-12-20,35.84880065917969,36.29521874655335,35.6219316728224,35.801229779618644,4700800
2011-12-21,35.925628662109375,36.11224658130012,35.3182068352881,35.95124266735382,4880600
2011-12-22,35.98051834106445,36.09395139948981,35.83781133474954,35.94026736064565,5866400
2011-12-23,35.95856475830078,36.27325274747236,35.57801456795697,36.03540957643688,3113600
2011-12-27,36.22933578491211,36.49645284141085,35.89635095985678,36.002466910971656,3238200
2011-12-28,35.28893280029297,36.404974699673595,35.17183981563002,36.309838568940364,3013400
2011-12-29,35.87807083129883,35.92563891412227,35.26333173828847,35.26333173828847,2686600
2011-12-30,36.0463752746582,36.26226431074683,35.78291538594776,35.878054299474684,2569800
2012-01-03,37.122169494628906,37.370992435432086,36.73795944820141,36.81480145748691,5597400
2012-01-04,37.17340087890625,37.31976782062967,36.81846474425225,37.12583280932595,4909000
2012-01-05,37.37832260131836,37.51005259397022,36.52573759102092,37.01240657544489,5075000
2012-01-06,37.48078155517578,37.97110772793355,37.323437540151524,37.41491655373033,4493000
2012-01-09,37.38563919067383,37.71130422598387,37.1404761266481,37.495415113646565,3525600
2012-01-10,38.61143493652344,39.251787602260144,38.384568921646434,38.56386688637221,6240000
2012-01-11,37.751548767089844,38.600473679110955,37.67104680954795,38.34067368359126,4476000
2012-01-12,38.070396423339844,38.37091350337807,37.57930869578755,37.978775328254365,4658400
2012-01-13,37.762542724609375,37.912799834127526,37.17250277609569,37.62694252660975,3482800
2012-01-17,38.011749267578125,38.521162183694216,37.6232768326832,38.370902289561286,3053600
2012-01-18,38.6164665222168,38.78138340210611,37.67826445273021,37.97511875100711,3217000
2012-01-19,38.51016616821289,39.04156721929001,38.36357190707173,38.733721787341246,5439600
2012-01-20,37.80652618408203,38.46986195049237,37.54265700962715,38.433214075385564,5567800
2012-01-23,38.700748443603516,39.07822689275857,38.2499742397586,38.418556712388344,5463000
2012-01-24,38.31595230102539,38.4405556782122,37.931142490669224,38.345268933504606,3867200
2012-01-25,39.14421081542969,39.287139555016196,37.75523414452687,38.21700542414365,4330400
2012-01-26,38.38923263549805,39.397064518530215,38.19866201878822,39.32010314662509,4547600
2012-01-27,38.15835189819336,38.57614383755593,37.92746496598255,38.23531327691239,3197800
2012-01-30,38.594459533691406,38.63843865489797,37.443699091292046,37.75154734763152,4345600
2012-01-31,38.89863586425781,38.94627780747561,38.37089767946405,38.68973996545241,5577800
2012-02-01,38.81068801879883,39.20649173476527,38.363576724398214,39.1954948570551,6657200
2012-02-02,39.023250579833984,39.627947454813125,38.46619286254759,38.719067931319266,4281400
2012-02-03,39.979774475097656,40.35725568611393,39.250471436595326,39.5913019775327,4429800
2012-02-06,40.335262298583984,40.51484162379701,39.86249720275062,40.119037897603484,6138400
2012-02-07,40.727394104003906,40.86299428444166,39.96510898136614,40.31326790393348,3658800
2012-02-08,40.833683013916016,40.932635347924816,40.148359112393216,40.84101426624071,3084400
2012-02-09,41.2111701965332,41.65461878681712,40.63578979290646,40.69809426671632,3964600
2012-02-10,40.983943939208984,40.983943939208984,40.37191576954092,40.59546864198585,3686800
2012-02-13,41.55199432373047,41.65094666337115,41.11221422503806,41.24414881385652,3973600
2012-02-14,41.68759536743164,41.71324916043099,41.18184796427863,41.471370940159105,4835800
2012-02-15,42.08707046508789,42.475545860967905,41.541009449021765,41.96246710139069,5980600
2012-02-16,43.10589599609375,43.54201052937588,41.9734577497838,42.14204023771571,6609800
2012-02-17,41.90748977661133,43.96713307166756,41.592312974975044,43.6372965587861,12338800
2012-02-21,42.38392639160156,42.87501420310897,42.14204531711864,42.50486692884302,6828600
2012-02-22,42.387577056884766,43.06557247789491,42.35459201471003,42.49752067334258,5726800
2012-02-23,42.69542694091797,42.73207481684965,41.96245823806959,42.4572115532815,4004000
2012-02-24,43.08023452758789,43.27447077700246,42.58181561027139,42.75406369440992,3351800
2012-02-27,42.37290954589844,43.171845314337304,42.37290954589844,42.99959727128055,4582600
2012-02-28,42.73574447631836,42.9519689219584,42.328946584162864,42.48286935523414,4872000
2012-02-29,41.7279052734375,42.95196157111907,41.55199156799495,42.779716287857894,6444600
2012-03-01,42.84568786621094,42.88233574299719,41.870838126584644,41.870838126584644,5143200
2012-03-02,41.74256896972656,42.7980429150549,41.442051907761666,42.658779865479765,4699200
2012-03-05,41.48603057861328,41.63995614277287,40.81170066345287,41.59964263740416,3162600
2012-03-06,41.31010437011719,41.343086609923155,40.39389376146857,40.72373013979265,5257800
2012-03-07,41.46405029296875,41.658286603367635,41.05725233131829,41.31012749560221,3895400
2012-03-08,41.929481506347656,42.26298085608331,41.53001205677832,42.04309077550263,3130000
2012-03-09,42.138370513916016,42.42056222458487,41.80120279715183,41.96245680099324,2713400
2012-03-12,41.680267333984375,42.23365670231356,41.236818799549546,42.23365670231356,2890600
2012-03-13,42.82368850708008,42.85667354695815,41.42005301254512,41.72423564273372,5206400
2012-03-14,42.02842330932617,42.860341512776316,41.8085332693174,42.80903392997606,3395400
2012-03-15,42.3765869140625,42.61113668838226,41.79754373149088,42.087063924749756,3907200
2012-03-16,42.79804229736328,43.1975116960942,42.43522357077652,42.644119540151166,5474600
2012-03-19,43.0215950012207,43.23415658232078,42.552495509174676,42.750397381641626,3386200
2012-03-20,42.0394172668457,42.5634899719351,41.83418693625524,42.5634899719351,3449600
2012-03-21,41.70958709716797,42.18235229087526,41.43838943428494,42.03942360394677,3303400
2012-03-22,40.441551208496094,41.46404297521334,40.26197464326092,41.178185603109284,4562200
2012-03-23,40.947303771972656,41.28446875328136,40.37192336837149,40.48919826604644,4599000
2012-03-26,41.10489273071289,41.486034056242225,40.90332518697264,41.32478281730417,2741400
2012-03-27,40.78236770629883,41.24047302793869,40.650433149982305,41.21481924176898,2920800
2012-03-28,40.17768096923828,40.66144023172869,39.76355463263904,40.58447884861134,3495600
2012-03-29,39.95411682128906,40.04207506571117,39.268792975499885,39.7598805912835,2885200
2012-03-30,40.716407775878906,40.85567360826344,39.85883580111591,40.122704961367134,3541200
2012-04-02,41.54099655151367,41.90015241052451,40.43054952428588,40.67609334431542,3899200
2012-04-03,41.61795425415039,41.669261830050885,41.108541324814624,41.27712375935242,4647400
2012-04-04,40.50383758544922,41.18916413116491,40.20332061595869,41.0682236590881,3127600
2012-04-05,40.01277160644531,40.852021316606766,39.89183106917849,40.357267877670424,4629800
2012-04-09,39.37507629394531,39.591300700960396,39.07089363684126,39.19549696372044,5445200
2012-04-10,38.11436080932617,39.47768262410514,38.04472790926453,39.375067484679256,6604200
2012-04-11,37.72956848144531,38.67143329307724,37.568317244112855,38.54682993713607,6017200
2012-04-12,38.62525939941406,38.783108412306625,37.78829358246859,37.81031811427937,6345200
2012-04-13,37.931461334228516,38.65463005393549,37.84702928849475,38.445388584840224,3018600
2012-04-16,37.72589111328125,38.58855606679575,37.38082793255382,38.12602123224646,3074000
2012-04-17,38.4710807800293,38.65829489547323,38.00487433409344,38.14803938739899,4108400
2012-04-18,38.23981475830078,38.53715995256391,38.019561029694174,38.32057511228143,3813400
2012-04-19,38.16275405883789,38.650985428819936,37.92414451104605,38.287566370273076,3121600
2012-04-20,37.82133483886719,38.72804884767484,37.733233900560045,38.50412341227383,3376600
2012-04-23,38.03057098388672,38.092975689740264,36.9256279183503,36.93297129590833,3771600
2012-04-24,38.34260559082031,38.518810281436956,37.957162206156625,38.2177961521707,4512400
2012-04-25,39.0694465637207,39.09881447929365,38.39399850893586,38.684000373691894,5718200
2012-04-26,39.83666229248047,39.968815104711304,38.91526709696013,39.06577275491954,4686400
2012-04-27,40.020206451416016,40.100966812296676,39.68248385198629,40.01653756277842,4275000
2012-04-30,40.310218811035156,40.3579423825604,39.58704986439916,39.96882443320575,3000800
2012-05-01,40.83147048950195,41.20222981392717,40.30653105321159,40.49007627148546,3552800
2012-05-02,40.115665435791016,40.34326264506064,39.72655024638494,40.34326264506064,4145600
2012-05-03,39.53931427001953,40.35792725212387,39.35944072353452,40.01286131338778,3882200
2012-05-04,38.65095520019531,39.35209652844205,38.31690153441159,39.05842583833604,4330600
2012-05-07,38.46006393432617,38.856522279295504,37.916771654785485,38.34993848339766,3265000
2012-05-08,38.173736572265625,38.24715634548222,36.859554839485476,38.03791489300141,4339600
2012-05-09,38.581214904785156,38.79412808855271,36.98804331744809,38.1076677756519,7535400
2012-05-10,39.09881591796875,39.399830061971066,38.73172536183525,39.183245177499394,5334600
2012-05-11,38.26185607910156,39.11350619488388,38.14438719418949,38.72071934839546,4469800
2012-05-14,37.090816497802734,37.77360490535657,37.032080686079645,37.77360490535657,3667400
2012-05-15,36.419036865234375,37.333091142341715,36.20979545720553,37.07245730431823,3836800
2012-05-16,36.32359313964844,37.29638323782118,36.17675922350551,36.58422978236022,3981400
2012-05-17,35.73260498046875,36.45944574968059,35.66653134758363,36.308940029198496,3874400
2012-05-18,35.3544807434082,36.202461596966195,35.15992325081476,35.934484333135096,4443200
2012-05-21,36.78247833251953,36.80450567377941,35.71424610416586,35.728930064779405,4474000
2012-05-22,37.19727325439453,37.982846535975135,36.88157526639362,37.29271474793701,5602000
2012-05-23,37.33310317993164,37.36614278168276,35.89410907474147,36.8155070250426,5439800
2012-05-24,36.999053955078125,37.58639822866002,36.39335403517119,37.44323314949563,3806200
2012-05-25,37.35146713256836,37.60108884312275,36.914628438928446,36.914628438928446,3559600
2012-05-29,38.49311447143555,38.66197578473229,37.86906167009199,38.34260600483798,4652600
2012-05-30,37.072471618652344,37.9351337988541,36.67234428767255,37.9351337988541,5560600
2012-05-31,36.45209884643555,37.02108761391886,35.38753551282666,36.984379112900434,7350600
2012-06-01,33.65119552612305,35.29209099993628,33.53005495273355,35.196646657204035,13415000
2012-06-04,33.184974670410156,33.834723484297676,32.615983396699654,33.75763483184849,10072600
2012-06-05,33.724609375,33.856762195244904,32.880300001288504,32.89498395916889,6586000
2012-06-06,34.84423828125,34.85892224099494,34.07702028915962,34.15410897731136,5499000
2012-06-07,35.03877639770508,35.7546043343719,34.65700485896232,35.45359032838181,6559000
2012-06-08,34.462459564208984,34.55423220101249,33.68422939654955,34.440435027593296,4717600
2012-06-11,33.74664306640625,35.27741038205742,33.69892229085805,35.0020923986376,4168200
2012-06-12,34.56891632080078,34.642336110994435,33.8567625603334,33.996255960683406,3856800
2012-06-13,34.02928161621094,34.958022753281824,33.77966001269723,34.42941163979922,4524600
2012-06-14,34.67536926269531,34.8552428285308,33.85308730391193,34.102708962913105,5099200
2012-06-15,35.475624084472656,35.527016528083905,34.473468633375184,34.83321573865393,5798600
2012-06-18,34.77448654174805,35.30309499140481,34.638662039737355,35.25170254214205,4492600
2012-06-19,35.22233581542969,35.358160322019025,34.71942357345112,35.12689429254061,4502200
2012-06-20,34.117393493652344,35.52334804308144,33.823719960233284,35.29208202597184,6199000
2012-06-21,31.746000289916992,34.238543310994764,31.694605022865677,34.084365911878905,11919000
2012-06-22,32.164466857910156,32.29294795775383,31.522058558013832,32.19016307787889,6630400
2012-06-25,31.165973663330078,31.52572066551769,30.71078237863915,31.455975398133663,6179200
2012-06-26,30.820924758911133,31.40826912674092,30.277632268923156,31.173331379609003,7419800
2012-06-27,31.470672607421875,31.63219053738315,30.86497266820122,30.927377386610765,10073800
2012-06-28,31.26141929626465,31.511038075525516,30.795212927521693,31.276100447427982,8044200
2012-06-29,33.07853317260742,33.13359732104953,32.14612274120551,32.28561615667045,9941400
2012-07-02,32.64903259277344,33.01612312230522,32.13510529129326,32.86928635035681,3431400
2012-07-03,34.833221435546875,34.87360161937096,33.038148902561964,33.038148902561964,5677200
2012-07-05,33.77231979370117,34.690045875051744,33.68421887408128,34.5358685655475,4101600
2012-07-06,33.27308654785156,33.53372049694283,32.6967545081588,32.95371676763509,3424200
2012-07-09,33.585105895996094,34.091692530693166,33.10788997137237,33.18865032187063,4715000
2012-07-10,32.799537658691406,33.75764414744785,32.57928390510246,33.577770575429355,4704200
2012-07-11,33.728267669677734,33.999916604120216,32.93168210946022,32.93168210946022,5386200
2012-07-12,33.42357635498047,33.713575257055986,32.704076828769864,33.096866178607485,5869600
2012-07-13,34.177520751953125,34.2326878696408,33.54126523233216,33.60378946220014,3690400
2012-07-16,34.29154586791992,34.512211630118536,33.57438143929509,33.99364722924767,3599000
2012-07-17,35.027095794677734,35.09697435269575,33.9568657223731,34.637252904507825,5095000
2012-07-18,35.564056396484375,35.832535004291415,34.77333761055108,34.88366909407042,5117400
2012-07-19,36.13409423828125,36.27384850357685,35.58978298360022,35.74425147314563,6149800
2012-07-20,36.49452209472656,36.51658782236594,35.39854512533373,35.84723362677811,5496200
2012-07-23,35.74794006347656,35.850920028801255,34.6556442175462,35.53830718727775,6470400
2012-07-24,35.122718811035156,36.005384556998514,34.72184305312112,35.78104026472691,3716000
2012-07-25,35.19259262084961,35.575081152688405,34.64828126240914,35.48681262586022,3024400
2012-07-26,35.828853607177734,36.25547649954764,35.40223352072514,35.79943075820381,4041800
2012-07-27,37.1491813659668,37.31835856679693,35.839892428283235,36.0311381724688,4790200
2012-07-30,36.61590576171875,37.37352888025729,36.200318437926356,37.02781733290555,3378400
2012-07-31,36.04584503173828,36.740943732120456,36.02377649117933,36.56440943723601,3237800
2012-08-01,36.9432258605957,37.215383062214414,35.68910682179444,36.38420564159975,4492600
2012-08-02,35.350730895996094,36.45773779122184,35.04179671631909,36.08996074288781,4967400
2012-08-03,39.26021957397461,39.995774039060784,37.56476630747757,37.90312068799698,10517400
2012-08-06,38.888755798339844,39.47352293708905,38.80416862353726,39.3411229360861,5040200
2012-08-07,39.992088317871094,40.27159975019591,38.82623537295219,38.88508106645936,4976200
2012-08-08,39.68316650390625,40.10978666200749,39.50295643403094,39.50663218633202,3798400
2012-08-09,40.23849868774414,40.74970869363233,39.5102987077336,39.54707586096471,4150800
2012-08-10,40.45181655883789,40.587895143451924,39.71994066010946,39.76039637969964,3002200
2012-08-13,40.198055267333984,40.78649831668974,40.02152094956836,40.78649831668974,2663200
2012-08-14,40.58420944213867,40.863720872131886,40.34883228190768,40.55111084425482,3886600
2012-08-15,40.389286041259766,40.72396459079232,40.07667602849968,40.3377974653189,2989200
2012-08-16,40.81958770751953,40.85268911221665,40.23482334840292,40.36722335535708,3037200
2012-08-17,40.89316177368164,40.95568324567795,40.49228302928521,40.63939452086113,2636600
2012-08-20,40.29733657836914,41.02921221887208,40.15022517775676,41.0108250474934,2584200
2012-08-21,40.00313949584961,40.7681170261179,39.8192508283381,40.55848405739152,3073800
2012-08-22,40.05460739135742,40.16126028669857,39.388928897707586,39.92220740399705,3105400
2012-08-23,39.35585021972656,40.153926298683835,39.14621726797469,39.995781945192554,2864600
2012-08-24,40.05460739135742,40.153905978919326,39.19400747351503,39.33744032550264,4370400
2012-08-27,40.150238037109375,40.440782374747556,39.778785068841664,40.08036227402398,2816200
2012-08-28,40.02152633666992,40.42608081218724,39.734660486865245,40.17599213180811,3514600
2012-08-29,39.73833465576172,40.08036762488003,39.525023168372265,40.04358765359934,2580200
2012-08-30,38.94393539428711,39.51766704493683,38.78211249552214,39.51766704493683,2562800
2012-08-31,39.83028030395508,39.94429036216744,39.02116860932865,39.348490162063094,3420200
2012-09-04,40.20539855957031,40.363542848800016,39.42203422785129,39.815555672318176,4144200
2012-09-05,39.918540954589844,40.27528531729512,39.8854395447516,40.11714099586652,3174200
2012-09-06,41.34184265136719,41.636062772314524,40.30838665504383,40.389298100227634,4160800
2012-09-07,41.51469039916992,41.661801844156734,40.723971643460956,40.804880272582146,4704400
2012-09-10,41.33815002441406,42.09944857222087,41.224137205949326,41.55881574150417,3535000
2012-09-11,41.34918975830078,41.72799981665141,41.16530116252535,41.48894408095989,3332600
2012-09-12,41.55146026611328,41.904525964721465,41.040247487698736,41.50364744471056,3305000
2012-09-13,42.360591888427734,42.70630346759975,41.11750555523894,41.716981577537524,3997000
2012-09-14,43.25794982910156,44.01924842503756,42.56652698434625,42.56652698434625,3856600
2012-09-17,42.809261322021484,43.48229418781557,42.61801563047054,43.180717033524004,2922200
2012-09-18,42.61801528930664,42.96372670947718,42.136228118920286,42.74673953701575,2282400
2012-09-19,41.76844787597656,42.58491354050688,41.74270358952366,42.537103524499145,3288000
2012-09-20,41.76110076904297,41.95602222949945,41.00347785465945,41.52572359348225,4148000
2012-09-21,41.908206939697266,42.19875123752211,41.65076404588644,42.13622979272764,4015200
2012-09-24,41.63606262207031,41.83098411790002,41.24989818861082,41.411718272476705,2492600
2012-09-25,41.34550476074219,42.077383278191284,41.286661878336425,41.81625904365573,3068400
2012-09-26,40.67616653442383,41.22047814245901,40.602612200921925,41.14324525050662,2732400
2012-09-27,41.63237762451172,41.842010514799064,41.00715751128065,41.10278036826426,1953800
2012-09-28,41.209434509277344,41.55882171102973,40.87475592564914,41.4117102765329,2295400
2012-10-01,41.996463775634766,42.180352307370214,41.52570958333863,41.5551296159199,3422000
2012-10-02,42.34587860107422,42.397367199213036,41.87880265912405,42.217157105727175,3617200
2012-10-03,40.85268783569336,42.29437363757135,40.74971067926166,42.231852193440254,4238000
2012-10-04,40.977725982666016,41.28298166528143,40.694538835244735,41.16529309927409,4041200
2012-10-05,40.422386169433594,41.338150447995396,40.27159619756154,41.010829023009116,3295800
2012-10-08,40.389286041259766,40.444453174315534,39.95530889696039,40.03622031798658,2263000
2012-10-09,40.84165573120117,41.11748860789299,40.190688570894906,40.42238998310299,2638800
2012-10-10,40.271602630615234,40.95198987643304,40.15759259868694,40.76810127994621,2658400
2012-10-11,40.392967224121094,40.92256444049888,40.30837724048122,40.606278655980674,1995000
2012-10-12,40.00679397583008,40.569492510795044,39.672118261469116,40.44444963898803,2558200
2012-10-15,40.61090087890625,40.73245799138534,39.69370308811956,40.02522120837654,2979000
2012-10-16,41.89645004272461,41.951703529214434,41.07502480666796,41.14869424844835,3286200
2012-10-17,42.448970794677734,42.599996773515095,41.833822366919804,42.191124989721864,2874200
2012-10-18,42.268489837646484,42.39004695348387,41.896452669618085,42.19113607583431,2171600
2012-10-19,41.649654388427734,42.526333112384634,41.4654779733714,42.18744918315515,3024000
2012-10-22,41.29602813720703,41.60176160239803,40.67719538816279,41.542823811865944,3717400
2012-10-23,40.5777473449707,40.85032764048304,40.16150686649366,40.544594130345324,4001000
2012-10-24,40.776668548583984,41.08608647358625,40.43410020856889,40.84297218891948,3774200
2012-10-25,41.41022872924805,41.41759736037829,40.85401792221694,41.27393996674145,2301600
2012-10-26,42.0253791809082,42.17640521227626,41.25920731812738,41.36234567598387,4463600
2012-10-31,42.9094352722168,42.938904183318634,42.08064111707058,42.08432543353582,4601800
2012-11-01,43.0530891418457,43.68665662660922,42.743674031785275,42.90943172498768,3662000
2012-11-02,42.43424606323242,43.653495875198786,42.246388138169316,43.38091275005187,5006800
2012-11-05,43.02729034423828,43.1230628606284,42.19481502659062,42.19481502659062,4379000
2012-11-06,44.931671142578125,45.85623455172005,44.681191152020936,45.45104707560627,8548400
2012-11-07,44.20233917236328,44.55227323335421,43.95554345312509,44.20233917236328,6031800
2012-11-08,42.644229888916016,44.48599507529645,42.622129605978856,44.15447958999649,4513600
2012-11-09,42.18376159667969,43.01255540016148,42.157977012983714,42.592633431222076,4984600
2012-11-12,42.27217102050781,42.58158604482753,41.78594540349894,42.393725317028256,2177600
2012-11-13,42.463714599609375,43.14885110125247,41.87803493772915,41.95538869626186,3884800
2012-11-14,41.75648498535156,42.69210168895902,41.62387771647431,42.500556607109836,3100000
2012-11-15,42.78786087036133,42.93151823173972,41.741737499214175,41.78594084514165,4758000
2012-11-16,42.97572326660156,43.26672233456163,42.28322096975686,43.189368578821714,5257800
2012-11-19,43.690338134765625,44.497031893206184,43.39933900359159,43.54299641121667,3986000
2012-11-20,43.244625091552734,43.66454711514043,42.931525731552675,43.6092936256559,2629400
2012-11-21,43.5172004699707,43.66454215508918,43.2446201792023,43.38827754935787,2230200
2012-11-23,43.83030700683594,43.889244814705314,43.33671551232206,43.64981488827736,1168800
2012-11-26,42.968353271484375,43.40300967362771,42.58158172005789,43.26303381562522,2502400
2012-11-27,42.39004135131836,42.75102552540173,42.15429578162464,42.55948330389141,5118400
2012-11-28,42.85785675048828,42.94626065423346,41.52073681639343,42.02537846015202,3223200
2012-11-29,43.33302688598633,43.62034164499407,43.02729336127436,43.318292435484764,2838000
2012-11-30,43.32565689086914,43.6166559370378,43.1156959094954,43.24461882607422,2897200
2012-12-03,43.185691833496094,43.870828430496836,43.145172790962,43.55404472176275,2572400
2012-12-04,43.1635856628418,43.465634877544574,42.98309355913516,43.07518176862148,1801400
2012-12-05,43.73086166381836,44.036595279732765,43.22253280595828,43.281470625546085,3441200
2012-12-06,43.59824752807617,43.74190492785659,43.09728738155133,43.57246293863634,2416600
2012-12-07,43.22621154785156,43.7271717085049,43.07150400684939,43.7271717085049,2670400
2012-12-10,43.36617660522461,43.41406145776153,42.93888600606249,43.170947259553664,2132400
2012-12-11,43.73453140258789,44.01816183646262,43.45458247347785,43.583505397966356,2716000
2012-12-12,44.47493362426758,44.70699777733858,43.73086191471705,43.907669753875034,3622600
2012-12-13,43.65349578857422,44.44177064014483,43.5945579853159,44.316529213375475,3789200
2012-12-14,43.83030700683594,44.12867474113326,43.480372906116955,43.605611532375335,2401800
2012-12-17,44.55963897705078,44.563323291963,43.75294544011444,43.97764087450941,2499600
2012-12-18,45.64628219604492,45.76783930489024,44.570692602750256,44.60016150373865,3696200
2012-12-19,45.104801177978516,45.68311498646694,45.101119673242366,45.52840747827973,3038800
2012-12-20,45.81205368041992,45.859938548317096,45.08639797823876,45.23005539224003,3053600
2012-12-21,45.51736831665039,45.734697991761884,44.894851008472806,45.09376191422735,4666400
2012-12-24,45.222679138183594,45.74942383751337,45.18952872991347,45.347920571259046,1560800
2012-12-26,44.773292541503906,45.36265657234872,44.65173541974265,45.35897225675643,2096400
2012-12-27,44.80276107788086,44.99430615479148,44.04027070665059,44.9316868378555,3196600
2012-12-28,43.690338134765625,44.544916758978,43.64981909053192,44.408625172891036,2196200
2012-12-31,44.49333190917969,44.56331983553921,43.465627332471506,43.50614636243664,3561800
2013-01-02,45.557884216308594,45.557884216308594,44.73277455370682,45.454745859772046,3665200
2013-01-03,45.7420539855957,46.224595287729166,45.11217099119207,45.4878896366874,2928400
2013-01-04,46.33877944946289,46.504537071336294,45.65732457878455,45.7604657147307,2518600
2013-01-07,46.408782958984375,46.449302004446075,45.731014944551795,46.12146813502667,2857800
2013-01-08,45.72732162475586,46.40877382104528,45.373703233335014,46.32036992576736,3122400
2013-01-09,45.90781021118164,46.10672106803969,45.561560476925585,45.808356187907094,1755200
2013-01-10,46.449283599853516,46.460333733272,45.88201999846621,46.19143778572683,2277000
2013-01-11,46.27616882324219,46.578218056246214,46.04410753298728,46.434560665568036,2264600
2013-01-14,45.918861389160156,46.515591126461295,45.76046957277467,46.28352987421184,2046800
2013-01-15,46.14385986328125,46.29140274561848,45.645905097771205,45.74180839341237,3347000
2013-01-16,46.24345397949219,46.29140422176861,45.88197404694634,46.044271504107314,3009800
2013-01-17,46.48691177368164,46.67871843058847,46.06641624434784,46.475846546196124,3449000
2013-01-18,46.76723098754883,46.87419951586443,46.1881274474586,46.60124417568807,3532800
2013-01-22,46.6602668762207,46.970104451722875,46.07009805563544,46.826250889647305,3831400
2013-01-23,46.0147819519043,46.69347558140602,45.922567960016714,46.534870216941165,2282000
2013-01-24,46.10329055786133,46.6233786419713,46.029520515673276,46.070094883120724,2724000
2013-01-25,46.206565856933594,46.67501430928934,45.9373026928583,46.24345368907234,2365000
2013-01-28,45.81190490722656,46.405763173525386,45.57215080652051,46.405763173525386,2718400
2013-01-29,46.82255935668945,46.91477331299984,45.741811676165845,45.981568525402174,2821400
2013-01-30,46.5938835144043,47.74102293045406,46.538554559047505,46.90741050922935,3195000
2013-01-31,46.09960174560547,46.46476822042493,45.92254971330558,46.29140553429598,3528000
2013-02-01,47.43486022949219,47.50493810682594,46.10328769331492,46.71190035306482,3367000
2013-02-04,46.95167541503906,47.13610339475994,46.697163902497,47.09183966653378,2681200
2013-02-05,47.5160026550293,47.68198662469028,47.17665321029176,47.45329222167801,2044400
2013-02-06,47.829524993896484,47.92173893248924,47.04017390467416,47.113946744036014,1729400
2013-02-07,47.86642074584961,47.9918303723096,47.23198829302567,47.84797682941889,2315800
2013-02-08,49.16111373901367,49.20168811301115,48.00290644197911,48.00290644197911,3602200
2013-02-11,49.18323516845703,49.30864480024159,48.73323060424815,49.16479125124323,3396200
2013-02-12,49.463584899902344,49.68120855852736,48.984071041632134,49.24226907968683,3462400
2013-02-13,49.27913284301758,49.57421295470525,48.94715927493041,49.46356072696855,3178000
2013-02-14,49.179542541503906,50.97586841530176,49.08732859515629,50.92792099043999,5912000
2013-02-15,47.6524772644043,49.426672596637424,47.13238928405251,49.15371730387374,6343200
2013-02-19,48.46765899658203,48.534055979798836,47.96601478897582,48.1578214170207,3935400
2013-02-20,46.98854446411133,48.5930695931915,46.9627246682994,48.47871955689485,4943600
2013-02-21,45.75287628173828,46.866819620674406,45.57213771777591,46.65657191569671,5828200
2013-02-22,46.23237991333008,46.41680779454964,45.62377015662243,46.10697030489092,4546200
2013-02-25,44.91557693481445,46.829939753039355,44.87131603256909,46.354115354873464,5190600
2013-02-26,45.5536994934082,45.682798483799,44.54303520758846,45.13689337753307,3928600
2013-02-27,46.81517791748047,46.89263729853883,45.284425769712364,45.40983820629242,4719000
2013-02-28,46.36886978149414,47.198795465753,46.32829541179862,46.63813579727831,4326200
2013-03-01,45.369266510009766,46.23607713659933,45.08524876276511,45.974189838344834,5727000
2013-03-04,44.92295837402344,45.32500993611235,44.63156188845899,45.288124910604196,3752200
2013-03-05,45.99631118774414,46.12541295237046,45.15532052273439,45.39876667005093,3915600
2013-03-06,46.32830047607422,46.457399478241726,45.85616537434894,46.17338167347321,4088800
2013-03-07,47.05125045776367,47.29838319731086,46.243458074780634,46.383622282102905,2442600
2013-03-08,47.46438217163086,47.55290962810603,47.02544549340231,47.283646353566745,2449200
2013-03-11,47.45701599121094,47.718900608638386,46.99594597488477,47.33529283150529,2084000
2013-03-12,47.980777740478516,48.09880870568436,47.626673588271835,47.76684063597993,2585600
2013-03-13,47.90700149536133,48.38650961670686,47.7631479332989,47.951262398059356,2634800
2013-03-14,48.626258850097656,48.69265018986929,48.050844725573,48.13199344860008,2847800
2013-03-15,48.10618209838867,48.998812632260055,48.10249556585851,48.49348188922514,4972200
2013-03-18,47.55657196044922,48.10616908666105,47.3315753427937,47.54919889738316,2773400
2013-03-19,46.944297790527344,47.774226532346084,46.73773934905648,47.61930770124294,2513600
2013-03-20,46.56435775756836,47.50863056691485,46.53853796282919,47.34633310618491,3784800
2013-03-21,45.70124435424805,46.78936808076586,45.682800434484534,46.2065751116624,4030200
2013-03-22,46.09960174560547,46.13279741870425,45.597957603926794,45.90041926457306,2790400
2013-03-25,45.70863342285156,46.770940470863515,45.3803518181945,46.39101643879666,3087000
2013-03-26,47.545509338378906,47.7262507026477,45.874595864997204,45.915170227249675,4865200
2013-03-27,47.287315368652344,47.46067805567341,46.54591719083192,47.1729709640838,3713800
2013-03-28,47.239376068115234,47.637735472488615,47.00330571182747,47.27625827977506,3039400
2013-04-01,47.401676177978516,47.51971278373365,46.7082280040525,47.23938428750792,2257400
2013-04-02,47.60085678100586,47.969712694646674,47.22830870612011,47.50864280259566,3105200
2013-04-03,46.512725830078125,47.73732723713519,46.383626835115955,47.60085236280962,3335400
2013-04-04,45.317630767822266,46.50165772983192,45.23279268257812,46.50165772983192,4745800
2013-04-05,46.0147819519043,46.05904568110351,44.54304742933982,44.63157207359054,4256400
2013-04-08,46.804115295410156,46.92583839275962,45.93361532539326,46.066403647202385,2525200
2013-04-09,47.30575942993164,47.65986349743511,46.54960386504212,46.870509445028,2289400
2013-04-10,47.44224166870117,48.02503463675867,47.390602070432486,47.42011121634232,2723000
2013-04-11,47.309444427490234,47.82584594133761,47.110264765431566,47.58608628652857,2956800
2013-04-12,45.8532829284668,47.20897307544097,45.808957058973704,47.02427443714625,4050600
2013-04-15,42.92027282714844,45.203148234641155,42.89810707290637,45.199453472554524,5775400
2013-04-16,44.01367950439453,44.19468335380788,42.78358608044057,43.526075284756544,4537000
2013-04-17,42.41419982910156,43.53716801107797,41.91181925247323,43.37094034572387,6131200
2013-04-18,42.595211029052734,42.83531988995137,41.39097759819459,42.624763495869445,6903800
2013-04-19,41.9044303894043,42.953517363011954,41.716036978295584,42.90919149094712,4954200
2013-04-22,42.99785614013672,43.15300236531453,41.93029792388052,42.09283085670939,4329000
2013-04-23,43.219482421875,43.35985237584473,42.58042387764614,43.18254325696482,4435600
2013-04-24,44.301822662353516,44.49390803721825,43.21948835408839,43.23426458573614,3838000
2013-04-25,45.0147705078125,45.63166353216027,44.091276943838466,44.386796011621634,4523000
2013-04-26,44.00261306762695,45.03323200578676,43.95828437132785,44.9556560826938,4676200
2013-04-29,45.04060745239258,45.332431622278904,44.28334195170094,44.51236926457155,2326800
2013-04-30,44.75618362426758,45.33982928684108,44.54562443229975,44.99259769934805,3567800
2013-05-01,43.89548110961914,44.471739986242405,43.50022611788539,44.471739986242405,3678600
2013-05-02,44.205772399902344,44.423718263459776,43.58887961061335,44.05062621665798,3080400
2013-05-03,45.797882080078125,45.87914712508798,44.8448362950667,44.8448362950667,4339000
2013-05-06,46.558841705322266,46.81372677523947,45.53191753707333,46.02690862663525,5604800
2013-05-07,50.12351989746094,50.96205333596647,49.11506685960078,49.421661654508725,10445000
2013-05-08,50.93989181518555,51.26496328372349,50.20848664753136,50.25281252540247,6426200
2013-05-09,50.26759338378906,51.34623299771399,50.0644237086451,51.276046597522765,5611400
2013-05-10,49.344112396240234,50.0496628835022,48.64964338163198,50.0496628835022,4896400
2013-05-13,49.37364196777344,49.69870774243648,48.8749533834323,49.06334960427705,3208800
2013-05-14,50.485530853271484,50.59635117615516,49.43275187726592,49.499240689062674,3957800
2013-05-15,49.7541389465332,50.84386019825373,49.517724825358044,50.41905542376247,4216200
2013-05-16,49.21110916137695,49.839083449227005,49.033800034155234,49.687629202208925,3958800
2013-05-17,49.96098709106445,50.19740114832519,49.31823373075132,49.42536210908138,5239200
2013-05-20,50.093963623046875,50.66283293436656,49.8206076161995,50.00530624977219,4074400
2013-05-21,49.6026611328125,50.33776367248478,49.51770134551114,50.156756995007946,2490200
2013-05-22,48.365196228027344,50.06442642960216,47.95517054757463,49.55835382301238,4040000
2013-05-23,48.538795471191406,48.627452838663054,47.36780688737379,47.64116287632874,3610600
2013-05-24,48.3282585144043,48.37258439503367,47.51558542904544,47.921919153446595,2411000
2013-05-28,48.43537521362305,49.22219331572614,47.840645297816955,48.930371910486706,3505800
2013-05-29,49.067054748535156,49.284997850346855,48.06598536688036,48.147253241548576,3149600
2013-05-30,49.01533508300781,49.47708176871471,48.354110672604044,48.88235181206198,2435200
2013-05-31,47.6891975402832,48.98208819481313,47.68549995958875,48.66070868497194,3438200
2013-06-03,48.66809844970703,48.80847123944584,47.91822231730775,48.077060464386115,2904200
2013-06-04,48.819557189941406,48.99686634719168,48.143559334513945,48.56467210583113,3553000
2013-06-05,47.474945068359375,48.74936469300066,47.46386359970165,48.634852425833564,2890800
2013-06-06,48.25806427001953,48.26175621395316,47.10554365021981,47.61900850305315,2992600
2013-06-07,49.011634826660156,49.36995068613333,48.09553103046204,48.427992007956234,2235600
2013-06-10,48.620059967041016,48.98207329853528,48.44644282387958,48.88233447156815,1533600
2013-06-11,47.6928825378418,48.139855721961204,47.371508711365394,47.75937134198652,2794600
2013-06-12,47.88498306274414,48.67549321215157,47.82957007509503,48.4870969453238,2709400
2013-06-13,49.25175857543945,49.314555460312896,47.781558425345565,47.903454613504,3135000
2013-06-14,48.6644172668457,49.35518862615386,48.43908461922623,49.35518862615386,2687800
2013-06-17,49.25175857543945,49.62484793964898,48.81956427138763,49.20373510724792,2379400
2013-06-18,49.87602615356445,50.22326052527566,49.18155741014204,49.314540666615365,2800400
2013-06-19,50.08659362792969,50.97315079667488,49.78738262673016,49.85756903670184,3409000
2013-06-20,48.38735580444336,49.45860575188478,47.94407452193111,49.395808885391865,4397600
2013-06-21,48.16940689086914,48.90820150966503,47.49341477483986,48.849102223943625,4786600
2013-06-24,47.06492614746094,47.82219197792841,46.00105978518245,47.611632745161934,3962200
2013-06-25,48.077056884765625,48.427988832983694,47.36412279323953,47.65964176389686,3441000
2013-06-26,48.70505142211914,48.963628485306344,47.848046713776135,48.46124777544667,2504600
2013-06-27,48.394737243652344,49.52878963676119,48.28761450895069,49.18894480417152,3610800
2013-06-28,48.642242431640625,49.12615771563206,48.029047088086585,48.18049572430857,3424400
2013-07-01,49.98314666748047,50.396869830730125,49.218497204220455,49.421661205530675,3230400
2013-07-02,50.932498931884766,51.44596092725357,49.95729033504922,49.95729033504922,4339200
2013-07-03,51.04331970214844,51.161529551786025,50.53724717020771,50.976830889144196,1707400
2013-07-05,51.86337661743164,51.95203399509077,51.209547480569555,51.36838560775083,2281000
2013-07-08,51.62697982788086,52.650212228555354,51.34993177126393,52.26973334839269,3429400
2013-07-09,52.53569793701172,52.62804728570756,51.85970002817137,52.06656166740093,3547400
2013-07-10,52.55415725708008,53.07500318421483,52.31774320240974,52.7093034520304,3534000
2013-07-11,53.027000427246094,54.22384445295141,52.78319677884046,53.19322813786547,5601400
2013-07-12,53.455501556396484,53.4776644990956,52.421187683499596,52.86077150222256,3772200
2013-07-15,53.09224319458008,53.86158949682904,52.7408605042546,53.4954141816406,3459200
2013-07-16,53.46953582763672,53.83201450465345,53.16993570166154,53.181031584557836,3735400
2013-07-17,53.939300537109375,54.1575271666485,53.50284163414166,53.65079619611777,2746000
2013-07-18,54.37203598022461,54.84178236115852,54.083531751024196,54.15750618140351,3070600
2013-07-19,54.989723205566406,55.00081908631139,54.1907859286087,54.67162812180842,2742200
2013-07-22,55.29303741455078,55.50016809099455,54.57177114951516,54.9749422631871,3240800
2013-07-23,54.9786262512207,55.47426106110636,54.74560147235351,55.3411048508803,3264600
2013-07-24,53.288307189941406,55.16358504722077,52.95171697528745,55.145090025029866,6075800
2013-07-25,54.50889205932617,54.51998794231989,53.26240562267292,53.28829977891665,3925000
2013-07-26,53.906009674072266,54.26848845256901,53.351192798379884,54.0909486326364,2974400
2013-07-29,53.52503204345703,53.824632231884756,53.214330325931314,53.750657782526716,1627400
2013-07-30,53.29939651489258,53.92078854803557,52.356206938119136,53.650779317721366,3268400
2013-07-31,53.81352615356445,54.80479600375559,53.49172861178289,53.49172861178289,3469400
2013-08-01,56.24730682373047,56.55800274976808,54.58285710638982,54.58285710638982,3991600
2013-08-02,56.602394104003906,56.66897503673391,55.574134365589146,55.76276999453166,2813200
2013-08-05,57.02777099609375,57.34586621073527,56.276919322676356,56.569126019556286,3574000
2013-08-06,56.672698974609375,57.29779360236761,55.96623074774123,56.998193371049055,4948800
2013-08-07,57.782310485839844,59.72416893981646,57.438321196314,59.295109336404856,9410200
2013-08-08,58.655216217041016,59.27291140275496,57.815592116414166,58.388903776700225,4722600
2013-08-09,58.75139236450195,59.169356112767815,58.44069634605597,58.684817065072544,3664400
2013-08-12,58.7218017578125,59.346896188199395,58.24096509802665,58.49987844803928,4004400
2013-08-13,58.52946472167969,58.86604922812787,57.982041517654764,58.81056981604501,2282600
2013-08-14,57.84889221191406,58.77358681660506,57.7453268676997,58.48508255145251,2548200
2013-08-15,57.91915512084961,58.35931054335357,57.06843517290518,57.53078235723514,2551400
2013-08-16,57.512298583984375,58.03012522329146,57.0758398646652,57.52709121201298,2502000
2013-08-19,56.47665786743164,57.74533636465173,56.42117279569218,57.52341300936056,2752800
2013-08-20,57.190494537353516,57.66024084895794,56.28059845459298,56.48032995152765,2395400
2013-08-21,56.1622314453125,57.0980216219866,55.99578760069713,57.0980216219866,2361200
2013-08-22,57.109130859375,57.46421603564047,56.38787026808763,56.491435602021845,1463000
2013-08-23,57.93025588989258,57.993134435000734,56.79103165430993,57.10912676972513,2084200
2013-08-26,58.111488342285156,59.036182634763826,58.00792303303842,58.166967742279446,2204200
2013-08-27,57.80820083618164,58.64782505090132,57.70093875385998,57.76012055839694,2267600
2013-08-28,58.98072814941406,59.66870121938729,58.00794753676088,58.048634328572305,3517800
2013-08-29,58.1041259765625,58.921558731703605,57.95247466209679,58.710725590535716,1990800
2013-08-30,58.08932876586914,58.55907530699292,57.80821793312301,58.25577270195403,2166200
2013-09-03,58.599754333496094,59.36170756585864,58.08932665762012,58.98073377162186,2207600
2013-09-04,59.376487731933594,59.55402751044432,58.25206160951525,58.25206160951525,2611800
2013-09-05,59.7093620300293,60.14951745228253,59.531822291635955,59.631690863682564,1967800
2013-09-06,59.81664276123047,60.78202411751015,59.39498226330876,60.13104117240455,3772400
2013-09-09,60.53049850463867,60.659957989610405,59.98308095185012,60.327070233807675,3747000
2013-09-10,60.475040435791016,60.926291953550866,59.524451464216654,60.475040435791016,3420600
2013-09-11,61.8250617980957,61.90643535216267,60.23088964649681,60.45651529297585,3613400
2013-09-12,62.13576889038086,62.42427310075272,61.769587864653396,61.96931937803126,3130200
2013-09-13,61.562469482421875,62.191260690732584,61.43671236953733,62.047008556803135,2089400
2013-09-16,61.325748443603516,62.13578183528344,61.05943594102688,61.969332288256986,2466600
2013-09-17,62.05439758300781,62.272624121671576,61.322035504952495,61.588347961720416,2069800
2013-09-18,63.54130172729492,63.75213477223617,61.84356406135702,61.865755825269346,2870200
2013-09-19,63.14924240112305,63.91858898995369,62.63881481687147,63.65597888264129,2122000
2013-09-20,62.461273193359375,63.44514966779791,62.33551607391971,63.06417591874413,3677400
2013-09-23,62.457550048828125,62.771948358435154,62.180141767605186,62.35028799673173,2652000
2013-09-24,63.65225601196289,64.32913292248327,62.36877986133096,62.66098642314802,4233600
2013-09-25,63.3896369934082,64.09609905490062,63.14921312118722,63.65224697895814,3507400
2013-09-26,63.65225601196289,63.6818469070764,62.81263764414744,63.51540306046329,1933600
2013-09-27,63.14924240112305,63.493231729096046,62.80525871703803,63.33418132217211,1660600
2013-09-30,62.61289596557617,63.004965420553695,61.81395878719607,61.976705876557105,2593800
2013-10-01,63.67447280883789,63.92599269425612,62.342915868484795,62.36510763757409,2809200
2013-10-02,63.752140045166016,63.752140045166016,62.57592566554452,63.57089788507972,2717600
2013-10-03,63.54501724243164,63.70406201257874,62.875539221322704,63.600496663671734,2515400
2013-10-04,64.57696533203125,64.67683392077024,63.0789590764963,63.58939225906505,3206400
2013-10-07,63.925994873046875,64.43642815505127,63.3415871435941,63.696672392790326,3423800
2013-10-08,63.41925811767578,64.59916370851181,63.03088524962322,63.74474678512901,3545000
2013-10-09,63.44145584106445,64.19600423632147,62.73129098556121,63.74105602217958,3839600
2013-10-10,64.67682647705078,64.7064173756377,63.96666184262506,64.13310570877555,3032600
2013-10-11,66.20443725585938,66.92939466871724,64.45121424544612,64.47710840356362,3899800
2013-10-14,66.9700698852539,66.97746902113582,65.22054956767116,65.60152322922727,2461200
2013-10-15,66.6360855102539,67.38031046399165,66.27693074085121,66.73975846948844,3037000
2013-10-16,67.49510955810547,68.82064921856272,67.19149742177673,67.56546029633219,4577200
2013-10-17,67.161865234375,67.53582805031758,66.38801853467785,67.26923879448118,4643400
2013-10-18,68.05050659179688,68.19120807570458,66.9582339213278,67.63211402872325,4302000
2013-10-21,68.24675750732422,68.68366435847689,67.62841442514278,67.75800850458906,2405000
2013-10-22,68.55408477783203,69.72041479025589,67.97277571651948,69.161314920418,3930000
2013-10-23,66.06961822509766,67.80244340529599,65.35500891292651,67.80244340529599,5441400
2013-10-24,67.17667388916016,67.59877825645628,65.20688175721132,65.92889197804075,4082000
2013-10-25,67.92091369628906,68.16158191891587,67.12484640268879,67.51732916614391,2583800
2013-10-28,67.54325866699219,68.09124537488938,67.34331947956862,68.06532994770264,1835000
2013-10-29,68.52813720703125,68.78361906087862,67.50250920309087,67.70985515700946,2861800
2013-10-30,66.76937103271484,69.18348171858221,66.23619265794642,68.98724324033435,3915000
2013-10-31,66.05480194091797,66.98416406877955,65.42906330611038,66.6398171403981,3954400
2013-11-01,66.26957702636719,66.65835375995428,64.94403667123849,66.13258171681784,3633200
2013-11-04,67.92833709716797,67.98017360313882,66.54725438495261,66.82125057351594,2737200
2013-11-05,66.54722595214844,67.88387276689961,66.46947405128995,67.88387276689961,3686200
2013-11-06,65.40314483642578,67.72098523962165,65.14396230727534,67.13967625636678,4666800
2013-11-07,63.52963638305664,66.73611078484308,61.111822863978745,66.39176374389372,9039000
2013-11-08,63.30002975463867,64.15162831577992,63.151921481144534,63.35926741428337,5577800
2013-11-11,63.48146057128906,63.55181130157354,62.807586225426505,63.39260124861686,3293200
2013-11-12,61.870819091796875,63.34446114236717,61.38947707685844,63.20375969114205,4579200
2013-11-13,62.744651794433594,62.89275445441512,61.385784182720904,61.626458067383794,4713200
2013-11-14,62.822410583496094,62.974219498918636,62.18555890637441,62.755766074142755,3690600
2013-11-15,63.455543518066406,63.73694078220463,62.15962569810195,63.04825280046195,4322400
2013-11-18,62.396610260009766,63.75917294057538,62.00783367840925,63.49999043609332,3032000
2013-11-19,62.16334915161133,62.748364374918864,61.33395940785468,62.248507914887085,3115400
2013-11-20,61.80417251586914,62.85571592311131,61.54128948893531,62.518781578016686,3010600
2013-11-21,62.68909454345703,62.929768372389944,62.130000634272015,62.248481604871145,3079200
2013-11-22,63.00012969970703,63.096401516017124,61.963399752940504,63.018643945132396,2536600
2013-11-25,62.644683837890625,62.711328344686216,61.34135886848112,62.692819748190594,3777800
2013-11-26,62.648380279541016,63.49257787492261,62.092986827329206,62.70392301461481,3180400
2013-11-27,61.62276077270508,62.8298196607935,61.28582632488002,62.54841665632864,3360200
2013-11-29,61.09329605102539,61.87454994166813,60.79338441073584,61.648689651489256,2248400
2013-12-02,61.09329605102539,61.66720390145589,60.40090717036898,61.463558451334634,3034400
2013-12-03,61.270992279052734,61.733820066859295,59.91583681016761,60.88962263388039,4163800
2013-12-04,61.88195037841797,62.61506827335829,61.27842092034425,61.31544941645201,3751400
2013-12-05,61.233970642089844,62.10778974852887,60.78225026038599,61.21915698872882,4473800
2013-12-06,59.25678253173828,61.87083940340392,59.20124544052401,61.8152966624347,7343200
2013-12-09,58.55328369140625,59.70479974503715,57.87570296051526,59.58261250014651,8547400
2013-12-10,58.986480712890625,59.96027228072848,58.553274539491326,58.66064811077677,4554400
2013-12-11,57.857181549072266,58.923538718052,57.76461597953595,58.81616514328162,4240000
2013-12-12,58.634735107421875,58.99018938345116,57.849780878789524,57.92012596646084,3813000
2013-12-13,58.879119873046875,59.00130712526014,57.94235658916687,58.37926344578851,4488600
2013-12-16,59.14571762084961,59.97140118827863,58.99760927146953,58.99760927146953,4120200
2013-12-17,59.11237335205078,59.43450539170642,58.32001226385631,59.43450539170642,3471800
2013-12-18,59.98249053955078,60.12319201663895,58.62362862319936,59.108671315577034,5965400
2013-12-19,61.2154541015625,61.43020686920616,59.678862483875925,59.860293007338626,5073600
2013-12-20,62.396610260009766,62.69282125788421,61.25990217997113,61.50797726638645,6265800
2013-12-23,62.06338119506836,62.88536416862524,61.77087638724679,62.67061130033277,3028000
2013-12-24,62.30031967163086,62.30402590970666,61.548687810154256,62.1374090391373,978200
2013-12-26,62.211490631103516,62.77428541671778,62.08189652994886,62.37440699263877,1772200
2013-12-27,62.63356018066406,62.75204115638844,62.08556801245988,62.25589112414567,1685200
2013-12-30,61.96341323852539,63.1297375073513,61.53760810008866,62.55582967278788,2811400
2013-12-31,62.144832611083984,62.51880120730562,61.637574990175665,61.95970143267888,2109800
2014-01-02,61.10068893432617,62.18926104672249,60.74523462527152,61.674596653758435,2943400
2014-01-03,60.93034744262695,61.704194093761906,60.65265078937014,61.37096036975488,2693800
2014-01-06,60.73040008544922,61.215442603264336,60.108356728812666,61.00809670096952,3649200
2014-01-07,61.778263092041016,61.8004779246697,60.61563976985666,61.119196691871444,3286800
2014-01-08,61.752342224121094,62.14111874566505,61.111790065617775,61.47094492697463,2857800
2014-01-09,61.83380889892578,62.533604474246786,61.2710085773156,61.985617809648716,3539400
2014-01-10,61.76345443725586,62.24109597645656,61.459842283827896,62.004128326309946,2949800
2014-01-13,60.5230827331543,62.30404363018051,60.34165215818569,61.98561780151905,2672600
2014-01-14,62.42622375488281,62.47435401028813,60.586019739260394,60.74522981055067,3221800
2014-01-15,63.148311614990234,64.23068396546647,62.79246045918738,62.81470575197563,4088800
2014-01-16,63.051937103271484,63.44855715024206,62.5329877438659,63.051937103271484,3342400
2014-01-17,62.62934494018555,63.711716893788086,62.61451475043117,63.37069605821963,3325800
2014-01-21,62.729469299316406,63.218764111169776,62.32543400096326,62.703524932298656,3195000
2014-01-22,63.652408599853516,63.86740110670487,62.73683950001253,63.08898015624516,3588600
2014-01-23,62.707176208496094,63.65981499717757,62.358740319345046,62.93328849894139,4482800
2014-01-24,61.35791778564453,62.65898681220601,61.205939466445344,62.29202167079764,5645400
2014-01-27,60.08651351928711,61.343103503783524,59.775141734834364,61.22448460379001,3806000
2014-01-28,61.984371185302734,62.0881598956285,60.15693762752173,60.560978309926135,3292600
2014-01-29,61.03171920776367,61.59144283626588,60.62026917385712,61.50247867950849,3280400
2014-01-30,61.580360412597656,62.08818434927554,61.03175626359411,61.19856486580056,2263000
2014-01-31,61.250457763671875,62.12525268561078,60.4868610324375,61.03916988920803,2639600
2014-02-03,59.95307540893555,61.85093272888659,59.86411122603998,61.01691260344641,4528800
2014-02-04,62.48851776123047,62.64049617411224,60.23480855324903,60.297822751161796,6576800
2014-02-05,62.08447265625,62.90366275454482,61.81758570996571,62.31058505085025,4293000
2014-02-06,64.21954345703125,64.41970577913983,62.15858816216776,62.15858816216776,5142200
2014-02-07,65.42424011230469,65.56509864316573,64.17876993264956,64.78297294022663,4170600
2014-02-10,64.5716781616211,65.5206066423556,64.15281864608338,65.5206066423556,3538200
2014-02-11,64.76815795898438,65.31676202060757,64.33446810566271,64.6087701364743,3298800
2014-02-12,64.90901947021484,65.57252645814344,64.67920235530026,65.1462516825318,2585000
2014-02-13,65.04243469238281,65.51689891093622,63.97859774772848,64.34185817779539,3432600
2014-02-14,65.59474182128906,65.70223523229772,64.82744078801177,65.13139742613888,2337600
2014-02-18,66.69194793701172,66.81797627347315,65.98395624020607,66.02473077918599,3654600
2014-02-19,66.29904174804688,67.31839970502419,66.12852847384924,66.36947102095327,3835000
2014-02-20,66.73272705078125,67.48519805767333,66.0358551208277,66.36575617480472,4512000
2014-02-21,65.9802474975586,67.0811543268285,65.95800786966385,66.89581655295895,5410800
2014-02-24,66.869873046875,67.32209771154025,65.62069813956195,66.13964169439393,7053200
2014-02-25,68.2043228149414,68.62318812912513,66.443613394447,67.77804805977274,7461200
2014-02-26,69.10877227783203,69.83900379449064,67.78916780795001,68.05975946123077,7214400
2014-02-27,69.49057006835938,69.55728897574042,68.3859581274645,69.09765475317232,3779600
2014-02-28,70.21338653564453,70.82870952109992,69.35712662092699,69.58323901167567,5076400
2014-03-03,70.16516876220703,71.16970193970984,69.91681683520709,70.07621025466062,5608400
2014-03-04,71.00662231445312,71.51074139420578,70.5506928762256,70.60258723784449,4265400
2014-03-05,70.61003112792969,71.62197442018586,70.44693288031493,71.18457406012233,3900800
2014-03-06,70.82127380371094,71.24755410467984,70.18000664855084,70.6952454668236,3450600
2014-03-07,70.3987045288086,71.15117549361155,69.76114208729173,70.99178771126255,3917200
2014-03-10,70.07621765136719,70.39870358738152,69.36081085999682,70.39870358738152,2759200
2014-03-11,68.79740905761719,70.49139398852326,68.6936203188163,70.36907033435178,4103200
2014-03-12,68.62317657470703,69.1050503364364,67.33693177266379,68.05604335145003,4087600
2014-03-13,67.80030822753906,69.18663202384184,67.37773806489146,69.03836397437597,3763800
2014-03-14,68.9345474243164,69.02351161177683,67.79657052430444,67.8225205333367,3178400
2014-03-17,69.40159606933594,69.68701788586347,68.94566663175854,69.1680742704145,2722400
2014-03-18,70.11700439453125,70.62112348380195,69.38306256569949,69.4646116577919,3166000
2014-03-19,69.51278686523438,70.2207785377149,68.95677352882645,70.18741909498486,3165000
2014-03-20,70.5506820678711,70.63593586545673,68.97160617247214,69.54614878235391,4022400
2014-03-21,71.03630065917969,71.59972938411009,70.19857549852952,71.13638469559633,5331800
2014-03-24,70.28011322021484,71.52928848795297,69.8575431590529,71.26240153815993,3461600
2014-03-25,71.01033020019531,71.52927379818433,70.76197256109234,70.86576128069014,3816400
2014-03-26,71.2142105102539,72.40037722240639,71.13266140739188,71.373603995325,4117200
2014-03-27,71.71089172363281,72.42999751278775,71.17711804652248,71.2771963689358,3528200
2014-03-28,73.08241271972656,73.6977356579349,71.95185085279236,72.0852943134151,4051000
2014-03-31,72.7154312133789,73.94978163060196,72.30027635451498,73.56798621802658,8285600
2014-04-01,73.37893676757812,74.40199928287046,72.84516305314379,73.67547269243256,3422900
2014-04-02,73.47531127929688,73.72736794972863,72.6672356027886,72.85257338612735,2858000
2014-04-03,74.61700439453125,75.24715182540368,73.58652661019535,73.6384209714187,5219000
2014-04-04,73.96460723876953,76.5815817436729,73.35669947687427,76.11452686461502,4028600
2014-04-07,72.60052490234375,74.12029715951955,72.24467382954003,73.927544259415,3146300
2014-04-08,73.17877197265625,73.8237495149337,72.31139247708555,72.48931517093226,3293600
2014-04-09,73.35668182373047,73.51977995456106,72.64498551688197,73.34927238582688,3826700
2014-04-10,72.73395538330078,74.12769338656406,72.32621002423072,73.11945545873618,4706000
2014-04-11,73.11946105957031,73.71995933038524,72.33363065941637,72.40776464236404,4581500
2014-04-14,74.19950866699219,74.30342909537089,73.27906815996431,73.87289837023708,3427800
2014-04-15,75.05316925048828,75.4762756030758,73.87292163753966,73.95457423744607,4695400
2014-04-16,74.97891998291016,75.86224365287276,74.54838924376674,75.32779814520781,3650900
2014-04-17,76.04779815673828,76.33729152666214,74.85270781905778,74.85270781905778,3253200
2014-04-21,76.84947204589844,76.88658890259292,75.59499704435598,76.44121493844514,2404700
2014-04-22,75.96617126464844,76.65650314844001,75.79544725200842,76.65650314844001,3332800
2014-04-23,78.00003051757812,78.07425857141558,76.10718399691652,76.10718399691652,3445700
2014-04-24,76.81239318847656,78.31182082041646,76.76785180904497,78.31182082041646,3716000
2014-04-25,73.5166015625,76.67876711994755,73.1306065447706,76.64165025404482,7168000
2014-04-28,72.78917694091797,74.22922573236276,71.65347069333129,74.18469000916029,5112100
2014-04-29,73.94715118408203,75.14224208207156,73.36073966505536,73.39785087720233,4089100
2014-04-30,72.74462890625,73.6353771989899,72.00976128157761,73.5388812606356,6297700
2014-05-01,72.0914306640625,73.31620843610304,71.8613161986246,72.9896036730713,4240100
2014-05-02,72.04686737060547,72.93019675679194,71.86871885736454,72.22502154708553,3710900
2014-05-05,73.67249298095703,74.01394667689716,71.2674680955477,71.28973595305084,4757400
2014-05-06,76.9237289428711,79.054109326878,75.59502539290574,76.30763079865778,8515800
2014-05-07,77.78478240966797,78.27469220399416,76.18885341444106,77.65116961789923,5705400
2014-05-08,75.51336669921875,77.61404872865722,75.43171412718972,77.22063487973834,3264300
2014-05-09,75.9216537475586,75.9365027646233,74.70429485732463,75.71381281457826,3709500
2014-05-12,76.93115234375,76.99796157724607,75.69895040979706,76.13690002789646,3351800
2014-05-13,78.06687927246094,78.31183708888356,77.2503588809596,77.6289295369545,3426300
2014-05-14,77.1241455078125,78.30438715477554,77.09445314607747,78.23015908205743,2415000
2014-05-15,76.26309204101562,77.18353836204756,75.37976825511174,77.17611385502194,2608100
2014-05-16,76.08490753173828,76.36697636967604,75.22384634765955,76.13686772986462,2846300
2014-05-19,75.93648529052734,76.72331311667536,75.68410302767045,76.08494144756831,1832600
2014-05-20,75.63214111328125,76.41896892181533,75.32037979253067,75.87709886383065,1937500
2014-05-21,77.31713104248047,77.46558716490438,75.81027365001127,76.23337982848129,1777500
2014-05-22,76.96086120605469,78.06687508002611,76.8495162351839,77.41365993455288,2457100
2014-05-23,77.17609405517578,78.0519987725766,76.78268023234321,77.11670934068533,2535000
2014-05-27,77.74022674560547,77.91837520115662,77.01277825197924,77.52496143283074,2072500
2014-05-28,78.0816879272461,78.40829251707147,77.49527663799068,77.83673023744866,2724800
2014-05-29,79.18029022216797,79.20998258323459,77.94066387964052,78.25242517598177,2565500
2014-05-30,78.53446960449219,78.9501511732579,78.12620687571399,78.8833419707139,2293300
2014-06-02,78.22272491455078,78.68294796974335,77.90353914437041,78.64583110634912,1712400
2014-06-03,79.17288208007812,79.17288208007812,78.14109079908583,78.27470361032486,1974800
2014-06-04,78.95759582519531,79.2248213770897,78.35633550181392,79.03924839178737,1695600
2014-06-05,80.09333801269531,80.10076252119048,78.54936871366122,78.94278271529458,2212100
2014-06-06,81.14737701416016,81.32552554314174,80.19724397527226,80.27147205707794,2151400
2014-06-09,81.28841400146484,82.2088546712188,80.90984342359232,81.71893913947324,2366300
2014-06-10,80.67974853515625,81.46657652811105,80.47190760594107,81.19935085819422,2174200
2014-06-11,82.17172241210938,82.32760871628554,80.27145669793056,80.3531092712653,2683700
2014-06-12,82.86204528808594,83.89383060752823,82.55770854467791,82.73585702041036,3799500
2014-06-13,84.63616180419922,84.66585417447253,82.0455633776883,82.96600420319889,3126400
2014-06-16,84.64353942871094,85.51944404527023,83.89382306848744,85.51944404527023,4075200
2014-06-17,83.42620086669922,84.58417462220748,82.5874129108809,84.58417462220748,5247000
2014-06-18,84.27983856201172,84.50252277517225,82.94371063009332,83.56723888606818,2912400
2014-06-19,85.9573974609375,85.99450865504849,83.52267546511602,83.98289844534344,3865900
2014-06-20,87.57561492919922,87.87995171222936,86.21721917469735,86.88528312471783,5556100
2014-06-23,87.15251922607422,88.25110837585449,86.81105987232264,87.97645825678974,3328800
2014-06-24,83.89384460449219,87.18219859705152,83.31485771433428,86.9817822363195,4574300
2014-06-25,86.12069702148438,86.29142663697766,84.11651131327531,84.11651131327531,3456700
2014-06-26,85.67534637451172,85.9722643248122,84.6732532475816,85.86834389169286,2355100
2014-06-27,85.98711395263672,86.05392318637118,85.14832592028561,85.53432098283321,2801600
2014-06-30,86.7442398071289,86.98919751567152,85.99452333397045,86.16525297838331,2342000
2014-07-01,86.51411437988281,87.54589956251047,86.12069495591903,87.17475365039297,2793600
2014-07-02,86.2765884399414,87.28610019517134,85.76440522613777,86.74423028956365,2649800
2014-07-03,86.66258239746094,86.86299872574172,85.44522409136079,86.30627978100428,1677900
2014-07-07,85.90544128417969,86.47700353676122,85.675326951664,86.40277548182353,1574500
2014-07-08,86.0910415649414,86.51414784187516,85.46008873971162,85.63824292396536,2511100
2014-07-09,86.52156066894531,86.57352088659628,85.50462417159929,86.18010700106193,1938800
2014-07-10,85.33390045166016,86.01680783500835,84.44315218322679,85.27451572356743,2212700
2014-07-11,84.36145782470703,85.91284485106448,84.16846038559177,85.91284485106448,2482100
2014-07-14,85.87576293945312,86.14298851141443,84.85139635918863,85.10377858303586,2956100
2014-07-15,84.29669952392578,85.91664686818282,83.70222124976421,85.38905009281281,3367700
2014-07-16,87.01638793945312,87.15014521177159,84.83912024910181,85.1735162645793,3181000
2014-07-17,85.86460876464844,88.28709379720173,85.71598639895085,87.29878199478968,2286700
2014-07-18,86.22870635986328,86.48878836101181,84.96544201671517,85.72340175647652,2605200
2014-07-21,86.31045532226562,86.51852094269876,85.54506864594532,86.09495716699902,1595000
2014-07-22,86.60771942138672,87.40283079782445,86.05039820418182,86.75633614489551,2600600
2014-07-23,86.1618423461914,86.71916346271105,85.67883524736524,86.71916346271105,3621600
2014-07-24,86.34761810302734,86.8900798305135,85.97607068318753,86.55568942040316,2864400
2014-07-25,85.3221435546875,86.09496281655369,85.01004510355789,85.88689718246728,1981100
2014-07-28,84.25952911376953,85.47077174335786,83.96972256025231,85.32215503312074,2993500
2014-07-29,84.89114379882812,85.70112003533366,84.1108977024106,84.17034097449734,2502800
2014-07-30,84.4378662109375,85.78287175171567,84.23723309489685,85.32958343727012,1778300
2014-07-31,81.32432556152344,84.03661800773561,81.2723091338544,83.85084424186545,4162500
2014-08-01,80.28398132324219,81.59925692699981,79.63005978992832,80.7372697089663,3966400
2014-08-04,83.08540344238281,83.31576661808846,80.31366382492561,80.80410330123227,3002600
2014-08-05,80.72239685058594,83.08543885656654,79.89013419196304,83.08543885656654,4848700
2014-08-06,79.24363708496094,80.63322654338333,78.49310967314015,79.53344363291237,5007700
2014-08-07,78.81266021728516,79.9793192342351,78.32222042595502,79.9793192342351,2977200
2014-08-08,80.09078216552734,80.17995561092185,78.82009033282287,78.82009033282287,2354100
2014-08-11,80.47712707519531,80.99729089577261,80.19474757028726,80.78922536754169,2760600
2014-08-12,79.28079223632812,80.61835957948287,79.0207045004645,80.17250379843128,3265800
2014-08-13,79.02814483642578,80.16507917459835,78.93154453629552,80.00160305192354,2337400
2014-08-14,77.2298583984375,79.68207400176003,76.96234376282541,79.6746414648362,3490700
2014-08-15,78.83491516113281,79.08013777638634,77.03662732133239,77.25955800235609,4557700
2014-08-18,78.3444595336914,79.44424197485031,77.77227921813437,79.25103580220858,3275500
2014-08-19,79.533447265625,79.77123740991715,78.5154108678887,78.84236877293776,3145300
2014-08-20,79.71920013427734,79.84552487520592,78.84234814362492,79.57801032420262,2185900
2014-08-21,79.65232849121094,79.89754545130194,78.78290332036136,79.88268605074248,2138800
2014-08-22,78.96869659423828,79.3922604822712,78.47825688305701,79.2064867477065,2075400
2014-08-25,80.20966339111328,80.44002099037652,79.2139133009922,79.45913597274188,1932600
2014-08-26,81.29458618164062,82.08969752708828,80.6257996131883,80.89331424056924,3283200
2014-08-27,80.7075424194336,81.3317394518569,80.30627046886238,81.31688004747924,1996700
2014-08-28,80.54405975341797,81.05679707405253,80.32856154140293,80.49204333461189,1756800
2014-08-29,81.65126037597656,81.72557439673967,80.52919123031029,80.84872224375474,1802700
2014-09-02,80.03874969482422,81.62897230136994,79.57060195642157,81.42090663985766,2755100
2014-09-03,80.06104278564453,81.0567928978118,79.85297712114024,80.88587857661805,1479100
2014-09-04,77.73516845703125,80.2468275177879,77.25958811025325,80.07591884251468,3937200
2014-09-05,78.15872955322266,78.24047045387118,76.57593930036116,77.54195936446186,3235500
2014-09-08,75.35728454589844,77.33391476668157,74.86683900827053,77.33391476668157,5549200
2014-09-09,75.2829360961914,76.15978823032216,74.91882121360938,75.52072621717447,3636000
2014-09-10,75.8031005859375,75.89970086699208,73.81160633587092,75.000556857695,3713700
2014-09-11,76.58335876464844,76.63537518099942,74.68103763025344,75.00056866479925,4596100
2014-09-12,75.29036712646484,76.21923565381925,75.074868947795,76.16721924306195,3683100
2014-09-15,75.72879028320312,76.10033766600122,74.39864997246234,74.90395463984228,3055400
2014-09-16,78.18844604492188,78.69375080214427,75.60990584274428,76.04090224406775,4116100
2014-09-17,78.1661605834961,78.83494151137894,77.66828265204458,78.50798358445266,3689600
2014-09-18,78.01011657714844,78.76063845465939,77.43793024509674,78.63431366371576,3003200
2014-09-19,77.55680847167969,78.69374264016822,77.25213687392078,78.20329733724809,6346200
2014-09-22,75.60247039794922,77.1778335614776,74.73305076171349,77.1481090863887,4437000
2014-09-23,74.93367004394531,75.52071556247333,74.64386355205163,75.46127229263678,5577300
2014-09-24,75.89971160888672,76.44217337309145,73.97509856513636,75.00800000865779,4584400
2014-09-25,74.57701873779297,76.31585841172614,74.41353692174143,76.27127452348125,3588900
2014-09-26,75.7065200805664,76.1003652111529,74.46555273348959,74.58445066031537,3327500
2014-09-29,75.6990737915039,75.84025795668212,74.38379274291482,74.90396253527983,4300400
2014-09-30,73.58125305175781,75.68421293791485,72.41459430854998,75.68421293791485,6422700
2014-10-01,71.96874237060547,74.1088593835407,71.44857819071946,73.7224468475988,5856700
2014-10-02,72.12477111816406,72.55576741288044,70.0515361860243,71.15875139169529,5381500
2014-10-03,71.76068878173828,72.61524922346875,71.0175937314275,72.61524922346875,4433900
2014-10-06,70.66090393066406,72.08021816426603,70.11844773169501,71.96132023775134,5114400
2014-10-07,69.56111907958984,71.35197497019944,69.53139460111375,70.60888001639066,5515800
2014-10-08,70.26703643798828,70.36364238208259,67.4730043119324,69.33816801777645,7723600
2014-10-09,68.33499145507812,69.65027231673804,67.53244777705136,69.58339084222101,9684400
2014-10-10,66.75221252441406,68.3275699966244,65.84563588961024,67.6736485618733,9915400
2014-10-13,62.241607666015625,67.10144721637258,62.107850406120946,66.32119558875998,9446700
2014-10-14,62.30107498168945,64.56008420467863,62.048425431765146,63.460306904803915,12228000
2014-10-15,65.65022277832031,65.91827450521981,60.36365715246373,61.078459863946726,11107300
2014-10-16,67.95841979980469,68.88915309523765,63.43133736818516,63.43133736818516,10111100
2014-10-17,67.92121124267578,71.14527356576957,67.20640857071041,70.14007680509494,8665500
2014-10-20,69.06791687011719,69.3434105247931,67.58618411022489,68.22652961794466,4420600
2014-10-21,71.50269317626953,71.59204566693117,70.1922183836405,70.25178671074825,6298800
2014-10-22,68.55413818359375,72.2249530341034,68.48712806733198,72.04625370998959,7672400
2014-10-23,69.5444107055664,70.61661187242271,68.79982387934139,70.16986091283704,9219300
2014-10-24,68.57645416259766,69.26147276528611,67.16173787913418,69.20935190814129,5417400
2014-10-27,65.84381103515625,67.22129548076273,64.74182007022318,67.22129548076273,7433800
2014-10-28,68.12971496582031,68.43499838259031,65.18859839533287,66.12677398669061,6123200
2014-10-29,69.34336853027344,70.97401548458824,68.32328822212845,70.16986035527573,5926100
2014-10-30,68.6657943725586,69.46250200703004,67.77973427862204,68.92639861173218,3746200
2014-10-31,70.7729721069336,70.81019803558995,67.56379938566462,68.46474866189102,5495200
2014-11-03,69.48485565185547,72.08346258051323,69.16468302826887,70.77299360649397,7006200
2014-11-04,67.22129821777344,67.74995418628268,66.26822798267244,66.76709979624145,8208000
2014-11-05,71.55479431152344,72.57488032915536,69.66354305296505,71.10804334290064,11401900
2014-11-06,73.6917724609375,73.84813504110413,70.81766633616557,70.87723465644268,8202200
2014-11-07,74.12364196777344,75.6351527472697,73.91515282512889,74.2502204009607,7009200
2014-11-10,73.34181213378906,76.13401310334956,72.96207121131955,75.21072690669082,5947800
2014-11-11,73.52794647216797,73.76621402084793,72.3068245750899,73.34179977223843,4274300
2014-11-12,72.64189147949219,73.97470262655925,72.48552892222692,73.47583079898716,3433700
2014-11-13,71.36865997314453,72.55255621001055,70.34113199911278,71.85264264003004,5859300
2014-11-14,73.08866119384766,73.23757631858822,71.6292657038004,71.71861818709345,3992700
2014-11-17,71.74095916748047,72.50788289906662,71.27931884479658,72.23238933378705,4349400
2014-11-18,72.72379302978516,73.16310220566308,71.54734449592169,71.7186019633055,3917200
2014-11-19,73.21522521972656,73.56518194286839,72.06111334733289,73.52795032863114,3830800
2014-11-20,74.04174041748047,74.67463829389808,73.22269009191216,73.30459512446899,4624100
2014-11-21,75.75425720214844,76.72222228583466,75.41919542435122,76.31269728564135,6378700
2014-11-24,74.13106536865234,75.75426493765151,73.90024526174433,75.33729811723785,4110900
2014-11-25,72.0313491821289,74.69697216806799,72.01645994075002,74.66718800456188,5592000
2014-11-26,70.04327392578125,71.94941414931289,69.8869113931396,71.94197237210088,5346100
2014-11-28,64.57057189941406,65.84381471857483,63.43135493915162,64.89819192799816,9472100
2014-12-01,64.95777893066406,65.21094150612568,62.29216135135557,63.67708817194379,10063500
2014-12-02,67.23617553710938,68.00309886365808,64.68224314710766,65.06197824152319,10159600
2014-12-03,68.35307312011719,69.69332600280288,67.60848629170958,68.28605735157224,6237200
2014-12-04,69.24659729003906,69.24659729003906,66.82668932022587,67.60106055225592,5108100
2014-12-05,67.57125091552734,68.53921601085823,66.8490008232684,68.43497431514523,7572500
2014-12-08,65.66511535644531,66.64052230077411,65.15879607709783,66.32779719078657,8672200
2014-12-09,66.37991333007812,67.84675021232385,64.60779313779304,64.77905059867426,8197500
2014-12-10,64.6227035522461,64.97266033568079,63.69196984342946,64.31742016899533,8821700
2014-12-11,64.67481994628906,66.83412313777247,64.13126899834859,64.92053499182711,5808100
2014-12-12,64.30997467041016,65.83637445614892,63.36434609571953,63.520708668068536,6606200
2014-12-15,63.54304885864258,65.642789553206,63.252660396787576,64.8460760472347,6867000
2014-12-16,63.63986587524414,66.5586461974615,62.38151174907294,62.441080085628215,8303700
2014-12-17,67.86164093017578,68.65834858402513,64.11637021121814,65.23325041833854,10269500
2014-12-18,68.83706665039062,70.28156726444438,66.19378617916884,69.86460035760331,8888600
2014-12-19,70.75062561035156,70.80274645203029,68.83703802193847,69.71565055362692,7853400
2014-12-22,70.78042602539062,71.19739853538682,69.75289819013494,70.14752832220965,6746600
2014-12-23,71.78562927246094,72.42596881154304,70.39324965618073,71.28675170765356,4243900
2014-12-24,70.02838897705078,71.21227923126604,68.88172465341206,71.18994253677086,3012800
2014-12-26,69.85716247558594,70.8846906429432,69.49231638207303,70.66131791825622,2210600
2014-12-29,70.23687744140625,70.89211181050752,69.58163739155827,70.40068745386824,3397000
2014-12-30,69.0232162475586,70.23689675688763,68.42010256376821,69.61888815109724,3379400
2014-12-31,68.55413818359375,69.65612965725194,67.57128337984416,68.47968060527542,3329200
2015-01-02,68.6806869506836,69.23912706783418,67.28086576876159,67.76484833977476,3462300
2015-01-05,64.54080200195312,67.59360759488018,64.04937185051344,66.98304647629477,6173600
2015-01-06,62.70164489746094,64.4812066438583,61.62199646212628,63.91531916511089,8142000
2015-01-07,62.307029724121094,63.833435085194125,61.59222700814086,63.42391003298028,5950300
2015-01-08,64.68968200683594,65.26301687221479,62.59739547078562,63.0813778987594,5836500
2015-01-09,65.12156677246094,65.54598105985336,64.04191808651004,64.79394673280821,4036600
2015-01-12,62.925048828125,63.55049918004913,61.949635997270036,63.371799891034804,4810300
2015-01-13,63.33457946777344,64.52592342051959,62.58255055651993,63.26756935282468,5444200
2015-01-14,65.45933532714844,65.72045531847846,62.42286984627904,62.721295132937165,6698200
2015-01-15,64.55661010742188,66.7724105642384,64.49692390508585,66.42922343879054,4941700
2015-01-16,67.37671661376953,67.54831301969652,64.56407125532021,64.80281036879074,5483500
2015-01-20,66.64556884765625,66.98129371030687,65.29519581622134,66.46651027505338,5969500
2015-01-21,67.54828643798828,68.1898986202001,66.90667425577645,67.58558603017111,4911900
2015-01-22,67.41400146484375,68.17498037946693,66.0860151932147,68.17498037946693,4471600
2015-01-23,67.73482513427734,69.02550645277334,66.92161632961589,67.19766072972834,4433700
2015-01-26,68.88375091552734,68.92851271342349,67.2573391854347,68.06308569949643,3431100
2015-01-27,69.38361358642578,70.43556142779397,67.98102215659036,68.59279142504919,5283000
2015-01-28,65.72795104980469,69.15237285803829,65.47429312652388,68.88379053221637,5772900
2015-01-29,66.33220672607422,66.70523677890247,64.72817636051535,66.48887866522367,5188700
2015-01-30,66.4217529296875,67.19765638700474,65.20567659219378,65.77268405946192,7469900
2015-02-02,69.0254898071289,69.06279509533326,66.79477131861469,67.88401856872511,5615500
2015-02-03,71.85305786132812,73.02437217732985,70.61460085777905,70.66682484542291,8906600
2015-02-04,71.01748657226562,72.76326505995492,69.78648585577282,70.42809821244208,9869100
2015-02-05,71.76354217529297,72.58420736800292,70.99510097597397,71.40543072633476,5596600
2015-02-06,71.46512603759766,72.52453043416223,71.30099183970951,72.3603962362741,5297800
2015-02-09,71.5844955444336,72.53945767027132,71.45766663818577,72.06943595936923,4249100
2015-02-10,71.06973266601562,72.13659952641967,70.01032231320164,72.10675642008782,4308300
2015-02-11,69.5328140258789,70.19680720259475,68.74945416727553,70.01029213740519,6332300
2015-02-12,70.72653198242188,71.05479470543946,69.73427023123382,70.8458986929766,3944500
2015-02-13,72.30813598632812,72.34544126423303,71.06221711531738,71.57700035207654,4158500
2015-02-17,71.98735809326172,72.12164917744104,71.36067016175058,71.6814763244018,4234300
2015-02-18,71.10701751708984,71.98736904913896,70.50271039230667,71.98736904913896,4534000
2015-02-19,69.98047637939453,70.68176937085043,64.59391872005396,64.6685236308059,18682400
2015-02-20,67.9511947631836,69.72681678395199,67.19767203052564,69.45077233741645,7937800
2015-02-23,68.58534240722656,68.71217132691558,66.58590002746183,67.19020721467766,5501300
2015-02-24,68.34659576416016,69.38361929613026,68.08547575466936,69.27170909435155,4215000
2015-02-25,69.40599822998047,69.57013242900308,68.1078547253303,68.29436982567616,5787800
2015-02-26,67.24242401123047,68.82407416029042,66.85447509496484,68.49580575207305,5427100
2015-02-27,66.93653869628906,67.67513688416071,66.61573250285164,67.61545068724466,3837600
2015-03-02,66.44413757324219,66.93654017066183,64.96694116496155,66.93654017066183,5347800
2015-03-03,67.42149353027344,67.9735767400578,66.10096317753097,66.3844698276288,4381400
2015-03-04,67.51100158691406,67.85418867559721,66.06364833324837,67.29464339561596,3924800
2015-03-05,66.83954620361328,67.533382579415,66.67541770253251,67.03352349469466,2688100
2015-03-06,66.07855987548828,67.14542632138539,65.82490210820633,66.33967983945156,4063600
2015-03-09,65.44442749023438,66.58589913613547,65.38474128459501,65.71300972362167,3443600
2015-03-10,64.3029556274414,66.07857754929955,64.27311252472238,64.81773349637253,4862400
2015-03-11,64.571533203125,65.18330253477055,64.07166838361812,64.47454170328558,3973700
2015-03-12,63.944801330566406,65.04897262491467,63.877658663335446,64.94452468123137,3051700
2015-03-13,63.70609664916992,63.90753614325628,62.74367805695167,63.56434335273797,4415600
2015-03-16,65.57872009277344,65.67570591014247,63.45990528048784,63.497210582855146,4953800
2015-03-17,64.7580337524414,65.63092290279864,64.45960850586107,64.8027955472326,3798600
2015-03-18,67.6378173828125,68.16751941764262,64.1611742770421,64.22086045640003,5386800
2015-03-19,66.79480743408203,67.07085191688105,65.92191786121852,66.69782160109416,3558700
2015-03-20,67.65274810791016,68.59278567794712,66.72017273461628,66.95891180249998,5980000
2015-03-23,66.39939880371094,68.19740772819188,66.39939880371094,68.07803529032161,3200700
2015-03-24,66.27999877929688,67.10066971810396,66.13078898605309,66.5485809607267,2681200
2015-03-25,67.11560821533203,67.63039183023136,66.2427187142344,66.90671216638461,3664800
2015-03-26,68.16011047363281,68.58536487281846,67.33198258700942,68.25709632187102,4857100
2015-03-27,67.56322479248047,67.98102246718256,67.24988080544554,67.60799228490608,2539100
2015-03-30,68.74198150634766,69.01056361469355,67.72733925081589,68.36895143275471,3478900
2015-03-31,68.40628051757812,68.98820672413535,67.76466811240242,67.98848281923794,3576000
2015-04-01,68.05561065673828,69.64471679397472,67.93623829556256,68.6673797777952,3813800
2015-04-02,69.16725158691406,69.36122886387857,66.57096486072432,67.36924917547654,4596300
2015-04-06,70.77874755859375,71.17415863396202,69.60743303503602,69.65219483466602,4770000
2015-04-07,70.33110046386719,71.61432506298615,70.21919597486469,71.02493675562391,5233200
2015-04-08,70.15951538085938,71.30844899280746,69.98046249218876,70.88319482472183,3274400
2015-04-09,71.4054183959961,71.6740005133387,70.21172325891081,70.21172325891081,3408000
2015-04-10,72.06198120117188,72.06944339995373,71.06226286002071,71.52482242066687,2570400
2015-04-13,70.64445495605469,72.29324761368039,70.27888129360316,72.18133742501132,3111400
2015-04-14,72.0928726196289,72.4590902633352,71.25579801762458,71.49496707714373,3204400
2015-04-15,73.21399688720703,73.49800176663643,72.07049620415499,72.31713517166638,5859500
2015-04-16,73.24383544921875,73.95384994058927,72.62350363762366,73.11678118480141,4054400
2015-04-17,72.66838836669922,72.84775952137828,72.0405807721632,72.52638311393743,3201200
2015-04-20,73.0495376586914,73.99872148266839,72.63100314222572,72.63100314222572,3130700
2015-04-21,72.19007873535156,73.48306023741698,72.01818298724783,73.1168423504017,3238300
2015-04-22,73.01966094970703,73.69230996021531,71.97332438014598,72.45165129826151,2897800
2015-04-23,73.4456558227539,74.17809697180493,73.12427945665583,73.22891879403923,2708400
2015-04-24,72.28722381591797,73.22145694897706,71.68184257036975,73.16914012161001,3139600
2015-04-27,72.76555633544922,73.21398713347861,72.16764480333872,72.90756160729953,2980500
2015-04-28,73.58766174316406,73.84924583379716,72.97480514420704,72.97480514420704,3736600
2015-04-29,74.5443344116211,74.72371129277448,73.08693289041845,73.40830934151788,3902600
2015-04-30,73.95387268066406,75.06748238186076,73.60260590669392,74.73863058262361,3462000
2015-05-01,73.91651153564453,75.48602173829696,72.95238245493245,74.14819948066261,3584700
2015-05-04,74.28276062011719,75.755113271264,73.65495855479386,74.0734932650094,7312700
2015-05-05,70.65791320800781,74.8881174026806,70.65043774717829,73.76703776669973,11762000
2015-05-06,71.06150817871094,72.39185520623683,70.62054718860489,71.90605285182068,5163500
2015-05-07,69.88066864013672,71.82387325869199,69.0734894948247,71.82387325869199,5197800
2015-05-08,69.88066864013672,70.6280554705125,69.1781231949086,70.61311024283296,4922300
2015-05-11,68.46806335449219,70.43368738428632,68.36342972261602,70.29168785651453,3952400
2015-05-12,69.8133773803711,69.94790147958292,68.54281687856209,68.58018848530311,3468500
2015-05-13,68.46058654785156,70.30663169152062,67.99721067354461,70.28421101400322,3548300
2015-05-14,67.81037139892578,68.81934191067589,67.77299979763268,68.75207416876947,3582200
2015-05-15,67.61604309082031,68.1915280636828,66.70423084370123,67.50393399940144,3267300
2015-05-18,68.61006927490234,68.78944040248032,67.19003406815541,67.6833060945212,3018000
2015-05-19,67.4591064453125,68.46807707029977,67.444155522275,68.3709188789817,3588500
2015-05-20,67.60856628417969,67.8028883252948,67.08539813745263,67.7131999135251,3734400
2015-05-21,68.37837982177734,68.6324941616919,67.7729986652633,68.13921640297254,3958000
2015-05-22,67.4591064453125,68.30365112952579,67.31710118698835,67.56374009814932,3055500
2015-05-26,66.62948608398438,67.12275804948729,66.18105546931682,66.70422356941152,3920700
2015-05-27,66.51738739013672,67.21993240747035,66.15116966289293,66.61454556615084,3016900
2015-05-28,66.62948608398438,66.78643651401279,65.76999074631053,66.18105546931682,3790800
2015-05-29,66.28571319580078,66.90603968233764,65.96433675969324,66.83130216973031,3948900
2015-06-01,66.33802032470703,66.60707989243615,65.9045348320206,66.53233668865127,2886500
2015-06-02,67.09286499023438,67.52635040852805,65.92694419823545,66.53232527068029,3581600
2015-06-03,66.52486419677734,67.61604764235585,66.49496805691285,66.9284535317895,2158400
2015-06-04,65.3066177368164,66.61454385986235,65.23188024163485,65.94190070112302,3774200
2015-06-05,67.0256118774414,67.74310212966714,64.88808633968105,65.02261611835499,4429900
2015-06-08,66.59959411621094,67.23487133524495,66.24084618076897,66.79391615216305,2755700
2015-06-09,66.58464813232422,68.37090678018858,66.58464813232422,67.27971767580277,2661000
2015-06-10,67.57120513916016,67.79541763118789,67.0106653559325,67.55625421842832,2914800
2015-06-11,67.75057983398438,68.04953554117252,67.43667890738446,68.01216393948431,2300900
2015-06-12,66.91350555419922,67.58615447547466,66.60708008579401,67.38436265014498,2464100
2015-06-15,66.68182373046875,67.16015062919381,66.14370454387645,66.15118000538646,2795300
2015-06-16,67.32454681396484,67.53381402690275,66.53978906334383,66.56968519406409,2286400
2015-06-17,66.53231048583984,68.12424658495982,66.083879950268,67.77297419309572,4998100
2015-06-18,66.37537384033203,67.36192350390202,66.17358205323798,67.0853942290733,3602500
2015-06-19,65.97179412841797,66.60707712152586,65.94937344905757,65.98674504939532,4298600
2015-06-22,65.82978057861328,66.2707357177835,65.35892360385355,66.21841890971068,2845600
2015-06-23,66.36045837402344,66.38287906018488,65.51591355000046,65.97928960295671,3613300
2015-06-24,66.02410125732422,66.56969575080845,65.84473014666158,66.17358193463042,3785900
2015-06-25,65.50841522216797,65.97179111338737,65.2468311380755,65.89705361823314,3797800
2015-06-26,65.81484985351562,66.29317673182409,65.08241431577723,65.47105276611305,11406600
2015-06-29,64.46207427978516,65.72515906715846,64.38733678336013,65.01513859585697,4022300
2015-06-30,65.43368530273438,65.69526941711227,64.52934268971842,65.0151450176237,3941400
2015-07-01,64.10332489013672,65.65788987051155,63.40825535482237,65.65788987051155,4644500
2015-07-02,64.02859497070312,64.79840209185963,63.96880268697489,64.23786226164594,2699900
2015-07-06,63.5951042175293,64.40975833529134,62.817827401644706,63.14667353079417,3513300
2015-07-07,64.81334686279297,65.09735163038985,62.65340071152577,64.11080185092561,5118300
2015-07-08,63.14667892456055,64.96282820775659,62.78046116435815,64.3499715530459,4681200
2015-07-09,63.752071380615234,65.28421029996719,63.662382946942785,64.26776419343886,3784000
2015-07-10,63.184017181396484,64.84321512027259,63.11674947198373,64.26025491517623,2903800
2015-07-13,62.93742752075195,63.370913135296256,62.3843630103274,63.17659101461994,3830200
2015-07-14,63.699729919433594,64.00615530396163,62.855179843079036,62.92991732451727,3276100
2015-07-15,62.34280014038086,63.82555033327689,62.19302993289799,63.368743773076794,3917300
2015-07-16,61.70629119873047,62.75470018216258,61.66135554903541,62.70976453246752,4019300
2015-07-17,60.2834587097168,61.51908354022973,60.10373322759294,61.38428800029432,6069300
2015-07-20,58.358856201171875,60.096217012756746,58.35136597625603,60.08872678784089,7054000
2015-07-21,57.90953826904297,58.69584046293802,57.61748235225804,58.47866965318583,6823700
2015-07-22,56.980960845947266,58.02936978233524,56.733840493875135,57.797224170576634,7205200
2015-07-23,57.15317916870117,57.52761037544407,56.51664725991161,57.06331362227083,6335400
2015-07-24,56.284507751464844,57.3478911209811,55.880121319388074,56.98843461023484,5850200
2015-07-27,54.80924987792969,55.962498848770366,54.56212387417076,55.49071180280012,5621300
2015-07-28,57.55006790161133,58.08175946091881,54.966495194078355,54.966495194078355,7887200
2015-07-29,58.216575622558594,59.167634302779526,57.28798761906454,57.28798761906454,6360600
2015-07-30,58.815635681152344,58.95043110066222,57.512617101466795,58.14914880506597,4539800
2015-07-31,57.80470275878906,58.643425168332485,57.66241704429813,58.41127960331499,4190200
2015-08-03,57.243045806884766,58.13418821083952,56.50166788976999,57.0633147105962,5136500
2015-08-04,57.467708587646484,58.23903607451119,57.1756526598699,57.72232481718135,3981900
2015-08-05,56.980960845947266,59.12270865303286,56.883610750486675,58.4562212983841,4896800
2015-08-06,58.171634674072266,58.6658809144249,56.389344120426365,56.65144483223208,6709500
2015-08-07,55.2360954284668,58.93547201401031,54.68942333086827,56.35189886946154,8476100
2015-08-10,57.11573791503906,57.27300406106724,55.13125694572183,55.16869664109793,6935200
2015-08-11,57.8870735168457,57.984423585002304,55.550620460780166,56.26203755020581,5976000
2015-08-12,59.8565673828125,60.10369332753363,57.287969314428324,57.902036207956826,8234000
2015-08-13,59.66938018798828,60.28344737369489,58.66590119864198,59.38481441868927,5889700
2015-08-14,59.8565673828125,60.567984324246474,59.010354990927574,59.534556346366685,3908100
2015-08-17,59.91649627685547,60.028826805875376,59.07776813532399,59.534574763535026,3747200
2015-08-18,60.2160530090332,60.313403104125086,59.36983449361274,59.691845686140105,3536700
2015-08-19,57.71482467651367,59.81912618264902,56.96596227992553,59.81164167230715,6122900
2015-08-20,57.46023178100586,58.740786185285415,57.37036620911366,57.677396914683925,6793500
2015-08-21,56.05986404418945,57.98444101868565,55.50570722749589,57.20562309916998,7769100
2015-08-24,51.8662109375,54.8766352433961,51.03497322422347,52.42036750856214,9518800
2015-08-25,51.192256927490234,54.00049217857388,51.13983676467144,53.993001951494264,6720600
2015-08-26,53.1617431640625,53.199188571513695,51.22219218147155,52.577631373372824,6763700
2015-08-27,56.756282806396484,56.98842832549272,54.562115713975786,54.659465770578485,7160700
2015-08-28,57.89454650878906,59.41473616668828,56.471712613042776,56.53910748219512,6962200
2015-08-31,58.643402099609375,59.279939595071454,55.84265883036574,57.06330226458277,6864000
2015-09-01,56.92852783203125,57.90205142032083,56.2994860402388,56.92852783203125,6376900
2015-09-02,58.194122314453125,58.194122314453125,56.067354894469595,57.70736039517347,5356500
2015-09-03,57.99938201904297,60.02880385074159,57.50513587907137,58.59847413580973,6228100
2015-09-04,57.58006286621094,57.9919397103807,56.876129973764456,57.078326138491434,4700700
2015-09-08,58.15666961669922,58.54607563712876,56.50167831811176,58.09675924021222,5137600
2015-09-09,57.6099967956543,59.42224281418251,57.41529093089827,58.96543619689024,6445400
2015-09-10,58.456199645996094,58.59099511236537,57.010894922901485,58.089258653855744,4814700
2015-09-11,57.77474594116211,57.96945180075741,56.79373213143147,57.475199783331135,4571800
2015-09-14,57.235565185546875,57.77474713813986,56.94350924678699,57.77474713813986,3705000
2015-09-15,57.84964370727539,58.261520478564755,57.33292661481582,57.69238322552008,3650500
2015-09-16,59.86406707763672,60.036302244517785,58.006885656844844,58.17163631272563,3996000
2015-09-17,59.65439224243164,60.79266078102314,59.25000578818568,59.923977498561214,5499100
2015-09-18,57.10826110839844,59.30242866397696,56.861135089434335,59.05530264501285,6047600
2015-09-21,57.302947998046875,57.90953042357873,56.81619201159497,57.69984986694714,3258700
2015-09-22,56.329437255859375,57.40780106674897,55.93254105139789,56.486697692719545,3433900
2015-09-23,54.69692611694336,56.86113861847973,54.56962084352789,56.34442158555202,3891400
2015-09-24,54.861656188964844,55.2061321770033,53.52868214857415,54.13525881084119,4443600
2015-09-25,54.50969314575195,55.5730763506315,54.060376861909404,55.46074585132923,3894300
2015-09-28,51.99352264404297,54.060384705643855,51.746396652395255,53.72339315884224,4581900
2015-09-29,52.5177116394043,52.92209797160677,51.77633955371609,52.315521329986055,3773600
2015-09-30,54.517181396484375,54.62202166847495,52.92210093351889,53.05689638513053,4809200
2015-10-01,55.108787536621094,56.67391310144612,54.66696141282418,55.26605368625687,5683400
2015-10-02,57.70734405517578,57.999399981373266,53.61106515008848,54.419838044189646,6032600
2015-10-05,60.3957633972168,61.18206561541161,58.4112765759997,58.53109732164897,7429300
2015-10-06,62.0357666015625,62.70225948118433,60.32087650863885,60.44818176211049,6777000
2015-10-07,62.73219299316406,63.95284221109449,61.54150466650726,63.18151494841251,6893100
2015-10-08,65.18099975585938,65.35323495005613,62.208014394237566,62.38773981398969,6795000
2015-10-09,65.37571716308594,66.1245798764621,64.4770784790131,65.41315687073329,5802200
2015-10-12,64.42462921142578,65.89988900441321,63.600881741543915,65.24089217118103,4804200
2015-10-13,63.86299514770508,64.61934789686714,63.466098924029914,63.750664626404955,5605900
2015-10-14,64.36420440673828,64.63432743309592,63.59885964848727,63.771434750266984,3325400
2015-10-15,65.38468933105469,65.39969935112943,63.726437040805926,64.0040651657354,3609900
2015-10-16,65.65480041503906,66.029970703125,64.94947844155132,65.84238555908203,4128500
2015-10-19,63.63640594482422,64.8819745092957,63.11116963730396,64.73190290382819,4256500
2015-10-20,63.68140411376953,64.26666882291497,62.99108646165363,63.456299660416335,3553400
2015-10-21,62.863521575927734,63.553833411520635,62.585899275006284,63.35874901753348,3005600
2015-10-22,64.37921905517578,64.65684138444762,63.30623188010139,63.50131629401028,2901100
2015-10-23,64.10163116455078,64.59685324236916,63.26875220560184,63.84651225049786,2674900
2015-10-26,62.5709114074707,63.99655990273362,62.46586416594405,63.85399333581374,3496500
2015-10-27,62.05317306518555,62.24075823856839,60.064774807043584,61.40787961077696,5147700
2015-10-28,63.62139129638672,64.65685944474907,61.79055808005616,62.26327640456685,3830000
2015-10-29,64.16911315917969,64.45424619570224,63.126140385246906,63.26870690350818,2984100
2015-10-30,64.41674041748047,65.0395244995699,63.30623951713855,64.36421680360814,3161600
2015-11-02,64.58183288574219,64.9044796610198,63.5613689325221,63.88401570779972,3597500
2015-11-03,66.36762237548828,67.17048657151008,64.7393846818642,65.20459790489008,5513900
2015-11-04,64.8819808959961,66.7503282019689,64.34173451242637,66.39016776268706,3908700
2015-11-05,64.8819808959961,66.19507751869867,64.11662994439,64.73941428792992,4033800
2015-11-06,63.981536865234375,66.39763437806651,63.201187722559546,64.0865898100326,5272300
2015-11-09,64.05659484863281,65.41470983700906,63.39629129434488,64.4842888669121,3849900
2015-11-10,64.96446990966797,65.18956858346087,63.568836378509886,63.94400655947405,3909700
2015-11-11,62.518394470214844,65.95495666652953,62.42085222826818,64.79192615074987,3545500
2015-11-12,61.29531478881836,62.09067385464757,60.725054429065835,61.78303151430625,3436700
2015-11-13,61.71554183959961,62.24077820369484,60.40244520471451,61.26533842399697,3111800
2015-11-16,63.62139129638672,63.673914918593965,61.527939969019926,61.85809172269146,3052700
2015-11-17,62.26325988769531,63.26120844490244,61.47540003894047,63.246204153100116,3290100
2015-11-18,63.891517639160156,63.974055581739755,62.240764512214064,62.90856733879749,3200900
2015-11-19,62.015663146972656,63.508839612844646,61.332850327492956,63.22371219324786,2797900
2015-11-20,62.00062942504883,62.480846855870645,61.512912711457815,62.278257452879046,2980700
2015-11-23,61.955631256103516,62.5634053900996,61.57295589690643,61.79806039635065,2718700
2015-11-24,63.88398361206055,64.266658833421,62.39831276972044,62.5033599717185,4420900
2015-11-25,62.67595291137695,63.50132647266195,62.428339125598015,63.208694080248584,3037000
2015-11-27,61.542945861816406,62.48087180031708,61.452908635493536,62.18823936547652,1446600
2015-11-30,62.60093688964844,63.508848624594286,61.67801513200967,61.835591747053584,3833500
2015-12-01,63.066139221191406,63.126162127504465,62.29328347805419,62.61593021364885,2584200
2015-12-02,60.67252731323242,63.07361438692742,60.33487641134015,62.52586908166722,4543300
2015-12-03,60.77006912231445,61.888080471870424,60.21481881341481,61.2577915411212,4675000
2015-12-04,60.39492416381836,60.65754227616782,58.901747703906686,59.49451757157862,4754200
2015-12-07,57.168460845947266,58.82671313734755,55.93790253264892,58.436532760167864,6354500
2015-12-08,57.85879135131836,58.436551366358664,55.47270689148249,56.06547693138716,5336800
2015-12-09,58.81169891357422,60.32739025370023,57.68618792273893,58.12889188928284,5377100
2015-12-10,58.66163635253906,60.1398084524603,58.076371520511316,58.406517536864385,5033300
2015-12-11,56.1929931640625,59.59953933164504,56.095450971083494,58.016320599638455,4962000
2015-12-14,57.67116928100586,57.79872578765239,55.315100650968915,55.795318096285776,5854600
2015-12-15,58.0013427734375,59.021806660356994,57.76123396031796,58.50406970643067,5701000
2015-12-16,56.87584686279297,58.24146717632344,56.81581821228352,57.993853286457345,4961300
2015-12-17,54.99997329711914,57.010886517912034,53.97200452028586,56.62821117403322,6110000
2015-12-18,53.596839904785156,55.42767316336852,53.5818356086563,54.917441225303264,6633800
2015-12-21,52.71144485473633,53.9119890730466,51.99862333517141,53.72440386004042,5078800
2015-12-22,52.38128662109375,53.709392972028915,52.20871145210396,52.771467022075825,5234600
2015-12-23,55.29259490966797,55.34511851723324,53.11660625048261,53.57431442697016,5352700
2015-12-24,55.09000778198242,55.51020242831345,54.512248014663726,55.337621564252444,1792900
2015-12-28,52.89150619506836,54.009517787644654,52.681411747365104,53.844441943122284,3998000
2015-12-29,53.34172058105469,54.27214722253245,52.9365416182139,53.934490453971065,3168400
2015-12-30,52.98154067993164,53.34170089725185,52.32874241465404,52.37376673530164,3354700
2015-12-31,53.116615295410156,53.716884380566206,52.5238454950091,52.606383424472845,3117300
2016-01-04,52.28373718261719,53.27418662037641,51.6459487694149,53.12412077890937,5136700
2016-01-05,52.62137222290039,52.92901454660743,51.450842985590654,52.568848621858116,3665200
2016-01-06,50.512943267822266,51.39834565554598,50.04772990320605,51.39834565554598,6626700
2016-01-07,49.11730194091797,51.781013737787355,48.914712469087796,49.4624579788127,5297900
2016-01-08,49.162322998046875,49.84513582250023,48.59956744039016,49.41744182766695,4990100
2016-01-11,47.77418899536133,49.56750273532549,47.211433493917056,49.43244118599306,5356600
2016-01-12,47.2114372253418,48.90720887328894,46.033402511529886,48.50952920344699,7124500
2016-01-13,48.27827453613281,48.64692998880877,47.08956360926911,47.714012311802215,7745400
2016-01-14,49.09833526611328,50.11400605252812,47.856957309396584,48.65444602851209,7134900
2016-01-15,47.37544631958008,48.165409807013226,45.900839199748596,46.6531886582397,5870600
2016-01-19,45.87827682495117,47.87200435042627,44.74975246033943,47.510876898148815,5477000
2016-01-20,45.32152557373047,45.80302869286952,42.996765994774435,44.93782580255186,10621600
2016-01-21,47.962284088134766,48.3384588652966,44.69708690757055,45.321538415252384,7403900
2016-01-22,49.67011642456055,50.776071218398585,48.65444564612806,49.98610760849409,6827100
2016-01-25,46.33720397949219,49.7679185964343,46.27701464428956,48.616824825546,4969200
2016-01-26,49.67763137817383,49.75286517232203,46.86384614924309,47.398013549657044,6789000
2016-01-27,49.707733154296875,51.10710373751526,48.51901952081521,48.97042809024696,7071300
2016-01-28,51.63374328613281,52.506471447248195,50.14409451453389,52.085157570831704,6737700
2016-01-29,53.43185806274414,53.552236735898894,51.92715908813611,52.04001265922592,6883200
2016-02-01,51.979835510253906,52.66447645941304,50.92655057304358,52.13783399080787,4489100
2016-02-02,50.52779006958008,52.19048160777603,49.65506198257917,50.41493650798919,5463600
2016-02-03,52.80741882324219,52.86760242722518,49.89582388411313,51.61870511000866,5381200
2016-02-04,51.49079513549805,53.710223585143815,51.26508801791998,53.1685310949328,5174300
2016-02-05,50.452552795410156,50.91901152556292,49.36917347952726,50.91901152556292,5514400
2016-02-08,51.48328399658203,51.76165541842692,48.71463720462018,49.3992781043041,6274500
2016-02-09,49.34659957885742,51.1371950126923,48.40616272998481,50.56540780138588,6382800
2016-02-10,49.49707794189453,50.241902394598625,48.082659974051296,49.24127610825609,4302100
2016-02-11,49.32402801513672,49.647538507644775,47.44315726355684,47.864471117996814,5413000
2016-02-12,50.93406295776367,51.7315573951981,49.640026535079066,50.271997410810734,5476800
2016-02-16,51.07699966430664,51.97981663696198,49.843147123024856,51.7390650615892,3747900
2016-02-17,53.28139114379883,53.37167514982142,50.85882484525179,51.91211528896413,6288200
2016-02-18,52.25819396972656,53.589855758046184,52.167909966121016,53.40928775083509,3668100
2016-02-19,52.446285247802734,52.46133545284419,51.20490737056747,51.618701909636364,3575100
2016-02-22,54.3271484375,54.748462256584396,52.446274973772795,52.446274973772795,4684600
2016-02-23,51.1748046875,53.98107053129954,50.89643907750509,53.935931403185876,4418700
2016-02-24,52.30333709716797,52.61932826394149,50.219331412815336,50.58046171485447,4151500
2016-02-25,51.53594207763672,52.89017350851204,50.53531583926613,52.05506508280081,5356700
2016-02-26,50.78357696533203,52.43874310376985,49.45944061060005,51.159751609519674,10600800
2016-02-29,48.70709228515625,50.82871709071997,48.692047824677914,50.72338864746266,7950300
2016-03-01,48.91777038574219,49.25633116300906,47.044421415431906,48.97795973369703,7542900
2016-03-02,50.40740203857422,50.497686019062186,48.255682626685285,48.865083710062876,5243400
2016-03-03,52.10020065307617,52.41618605200722,49.790488016177626,50.36979458088455,6644400
2016-03-04,53.72526931762695,53.80802246455195,51.71649221023202,52.59674530357203,7930800
2016-03-07,56.779823303222656,56.82496244089956,52.82998803728463,53.507103802296925,8446300
2016-03-08,53.08577346801758,56.30582808114976,53.02558987653489,56.16288559391148,6598900
2016-03-09,54.36478042602539,54.54534271194876,52.5215205731559,53.86070186203312,4693500
2016-03-10,54.372310638427734,54.8161999490302,52.897705905867454,53.53720774690352,4557300
2016-03-11,56.56163024902344,57.09579765431836,54.91398316426077,55.02683672649956,4282000
2016-03-14,56.26068115234375,56.76475381844444,55.13968227430661,55.455667610670936,3188400
2016-03-15,55.38044738769531,55.95223461729804,54.09393042606758,55.53844009456491,3910500
2016-03-16,56.456298828125,56.6293359731772,54.68827891232079,55.952226115188154,4881800
2016-03-17,57.55473327636719,58.269462962242244,56.56163222590322,56.92276248969503,4675100
2016-03-18,56.900177001953125,58.457539864665165,56.1478276819962,58.307072296661694,7455600
2016-03-21,57.14848709106445,57.41933346391093,56.11776585328905,56.44127647974606,2899600
2016-03-22,57.10331344604492,58.118983860664535,56.71208859272927,56.71961369297718,2844300
2016-03-23,55.92964553833008,57.58481748171649,55.5534708793745,56.76475374040905,3840700
2016-03-24,55.899559020996094,56.35849258385796,54.409904781876094,54.48513856890902,3621400
2016-03-28,56.072601318359375,56.2456442104358,55.31272679745339,55.8995641662535,2628700
2016-03-29,56.7647590637207,56.90770728431961,55.0268338131563,55.04940337641501,3243000
2016-03-30,55.41806411743164,57.55473383399118,55.36539414472785,57.50959470306892,4136200
2016-03-31,54.605506896972656,55.98982668457703,54.447514252081,55.28262233220042,5664700
2016-04-01,54.199256896972656,54.52276740099565,52.97292931845206,53.30395918445,5143400
2016-04-04,52.897674560546875,54.64312461173066,52.747207004743004,54.53027681486242,3452600
2016-04-05,53.07072830200195,53.68765459129778,52.40866288469952,52.58170003537185,3467500
2016-04-06,53.58233642578125,53.95098610191719,52.48390676017201,53.17606697576606,4159200
2016-04-07,53.755393981933594,54.22937805656778,52.95790498521088,53.258846070380855,3017600
2016-04-08,55.27511215209961,55.29768171603741,54.500193177059266,55.199878358983455,3215900
2016-04-11,55.681396484375,56.26070316099553,55.44816420108421,55.58358736106943,3457500
2016-04-12,58.31460189819336,58.55535346956372,55.327773949024326,56.01993399921784,5528000
2016-04-13,58.64485549926758,58.946450151527955,57.54403990809078,58.51667964159976,4629100
2016-04-14,58.6674919128418,59.285758549187676,58.05676672701416,58.8333693095953,2666700
2016-04-15,57.0841064453125,58.373417909317574,56.60155732729093,58.373417909317574,4868800
2016-04-18,58.38850021362305,58.56945469293856,55.47058119151947,55.82495445482343,3586400
2016-04-19,59.6627197265625,60.45440480129382,58.5845229569687,59.202789273994895,3829900
2016-04-20,59.843692779541016,60.36393765947816,57.785314594761566,58.90874878042355,4066200
2016-04-21,59.685359954833984,60.537359572041034,59.34606379572546,59.85123155763301,3336600
2016-04-22,61.01235580444336,61.66078220605127,59.94170039804472,60.06987623843637,3157300
2016-04-25,60.13772964477539,60.71075300184039,59.594860567608144,60.612737211077736,2828100
2016-04-26,62.41476821899414,62.47508829408482,60.2960759152751,60.71076348853582,3654700
2016-04-27,63.71916198730469,64.41282558774516,62.61080506462321,63.10089560387923,3795100
2016-04-28,61.743736267089844,63.90013051211881,61.52508026295025,63.2215439048649,3266000
2016-04-29,62.294132232666016,62.761598421600304,61.09529521867641,62.36198800108338,4570600
2016-05-02,62.41476821899414,62.62588272937254,60.83140363871718,62.07547786337728,4300700
2016-05-03,60.7936897277832,62.00006797326385,60.356383653856156,61.40442029647818,3808600
2016-05-04,59.8210563659668,61.82665551330038,59.42144597633195,60.77861876418463,3757600
2016-05-05,61.26872634887695,62.39216062128395,60.431803854970276,60.65045985136788,5206800
2016-05-06,59.3234748840332,61.56280879530086,58.87108553131431,59.4365736603236,5070700
2016-05-09,59.29328155517578,59.43654030825195,58.08690870738553,58.96906831304096,3002700
2016-05-10,60.11512756347656,60.20560193288587,59.346060908860046,59.3912980935647,4089700
2016-05-11,60.55997848510742,61.23102360579536,58.976613658230725,59.851231873506286,3192000
2016-05-12,60.6956901550293,61.7135670381972,59.97940791380282,61.36673521331832,2277400
2016-05-13,59.30082321166992,61.05006528522069,59.26312172311549,60.47703602334248,3219100
2016-05-16,60.83893585205078,61.38180494059201,60.04725080585514,60.04725080585514,2992800
2016-05-17,61.50246810913086,62.188596237333186,60.6127668536527,60.921903021948026,3952300
2016-05-18,60.627830505371094,61.93976049865421,60.22821432268903,61.34411270081374,2478500
2016-05-19,60.3790168762207,60.46195554451424,58.5543776786413,59.67781179583666,3798500
2016-05-20,61.01235580444336,61.30640896884245,59.971860434449596,60.763539818432214,3322800
2016-05-23,61.276268005371094,61.72866293981851,60.11513788078166,60.167916522808454,3215300
2016-05-24,62.19608688354492,62.64094006527862,60.80876023715749,61.66830082294897,3312900
2016-05-25,62.64097595214844,62.86716764237284,62.045328055409634,62.20366396429869,2895200
2016-05-26,62.052860260009766,63.28939305683549,61.98499873634397,62.995339876641516,2367300
2016-05-27,61.50246810913086,62.02271885458358,60.89927867230334,61.781444230340725,2100600
2016-05-31,61.3441162109375,62.188580052229014,61.13300168872445,61.849283925152925,3009200
2016-06-01,60.88417053222656,61.30639947160802,60.31868288022446,60.808773329113855,3337100
2016-06-02,60.68815231323242,60.75601384411035,59.71551255520639,60.288541833701345,2069800
2016-06-03,60.10005187988281,60.92189726610208,59.64766272122389,60.499662399238865,2134500
2016-06-06,61.276268005371094,61.38936673898295,60.2960924030963,60.7786416308957,2037300
2016-06-07,64.40531158447266,64.56364753340543,61.75883189917173,61.81914624702133,4369500
2016-06-08,64.36005401611328,65.49857110089941,64.19417666903244,65.29499226495854,3796800
2016-06-09,63.77193069458008,64.42035701443504,63.33461885050338,63.462794674734745,3588100
2016-06-10,61.49489974975586,63.59097320922952,61.32148674544911,62.82191247862572,2983600
2016-06-13,61.36673355102539,62.65604500177197,60.7032299586786,61.06513891725351,2235300
2016-06-14,62.565574645996094,62.618353278853974,61.12546290989739,61.238561623861294,2335700
2016-06-15,62.15843963623047,62.98782084351753,61.44969287153226,62.37709567539143,2150800
2016-06-16,60.45440673828125,61.33656619100326,59.81352181328932,61.26116897966982,3139800
2016-06-17,60.9897346496582,61.48736660074714,60.57504135708409,61.03497182614319,3280800
2016-06-20,62.72391128540039,62.874705737506936,61.68341000757055,62.07548478695095,3215000
2016-06-21,64.0207748413086,64.25450800635546,62.45248697000699,62.57312140110065,3539800
2016-06-22,63.033023834228516,64.15645771669453,62.90484801089735,64.0132047533871,2415600
2016-06-23,63.71163558959961,64.06600892096179,63.31202506783043,63.90767300209704,2413200
2016-06-24,61.117916107177734,62.490166193701,60.92942018456499,61.50999084757812,4942200
2016-06-27,59.255584716796875,60.92189399482785,58.89367571027898,60.318704647378084,4234100
2016-06-28,61.63813400268555,61.65321113742476,60.205564600148165,60.80875353356474,3105700
2016-06-29,62.91240310668945,63.342173594731484,62.135800799564315,62.42985398862259,2870300
2016-06-30,62.89731216430664,63.30446400916941,62.30920586142881,62.91239505806369,3364000
2016-07-01,63.922760009765625,64.6390482322099,62.85964560410745,63.16877604031344,2675400
2016-07-05,62.39967727661133,63.35723380904441,61.5778322544609,62.671111802052046,2704800
2016-07-06,62.39967727661133,62.66357035622377,61.72109096300953,61.84926677990162,2207300
2016-07-07,61.53261947631836,63.22908305659379,61.16316901840824,63.206464462580506,2145800
2016-07-08,62.23381423950195,62.63342467337729,61.50244914243697,62.460005894226605,1979500
2016-07-11,62.5052490234375,63.2516912655196,62.2790516155634,62.535409061316656,1689200
2016-07-12,64.19416809082031,64.81243445940532,63.44018443389037,63.74932049440227,2860700
2016-07-13,63.3389892578125,64.26822557478357,62.41731506470936,63.90559522177161,2812000
2016-07-14,63.93581771850586,64.16246241961281,63.36921172955266,64.09446670375506,2018100
2016-07-15,63.535396575927734,64.13977840800382,63.1878790398183,63.84514384991511,2473800
2016-07-18,62.89324188232422,63.69404287748711,62.50794833620476,63.39940833157578,1864800
2016-07-19,61.97911071777344,62.81768763096255,61.843125116612725,62.60615575444842,2173800
2016-07-20,62.03199768066406,62.59860342801115,61.132981383786934,61.5938211860675,2156700
2016-07-21,61.563636779785156,63.0519229840608,61.344548407011146,62.062252889646345,1825300
2016-07-22,61.178314208984375,62.09998805645321,60.58148879243691,61.98667151720704,2620100
2016-07-25,59.493621826171875,60.86102894054992,59.070557915383866,60.72504328868042,4280300
2016-07-26,60.77791213989258,60.77791213989258,58.95722186406737,59.282076081090075,2548000
2016-07-27,60.2717399597168,61.91111784080137,60.17353037368809,61.01210732487748,3450200
2016-07-28,60.362396240234375,60.974328563785356,59.87133680453272,60.24151758857369,2537400
2016-07-29,61.7222785949707,61.86582062753199,59.576733286235495,59.6824992795498,2886900
2016-08-01,59.4558219909668,61.291624674384224,59.12341723576557,61.22363475757415,3591800
2016-08-02,60.3548469543457,60.70992083043298,59.31984499253938,59.96200281804805,3039100
2016-08-03,62.22842788696289,62.26619814836234,60.18864356558981,60.437951498837435,3036500
2016-08-04,63.64115905761719,63.68649143902608,61.64670718998617,61.971561398325186,4243000
2016-08-05,68.11355590820312,68.57438986255542,65.53738614719992,65.90001629538791,8928300
2016-08-08,68.49131774902344,69.5036507652789,68.34777575628375,68.72551298870376,4506100
2016-08-09,68.27979278564453,69.04282375124092,67.9171682026578,68.9672774434365,3064200
2016-08-10,67.55451965332031,68.6499609946665,67.38831436264624,68.6499609946665,2664100
2016-08-11,68.20425415039062,68.86151920623627,67.29768682712685,68.04560515701019,3445400
2016-08-12,68.8992919921875,69.06549735239672,67.99272463590135,68.48378435547914,1912000
2016-08-15,68.4082260131836,69.48099854113143,68.4006696534618,69.13348092350664,2794100
2016-08-16,68.18912506103516,68.59708195324076,67.1163469679852,68.13624208040551,2463400
2016-08-17,68.15889739990234,68.49130796134925,67.46386237488782,67.84915014695191,3160400
2016-08-18,69.2996597290039,69.57918152976865,68.21177489801697,68.6121753528076,4122200
2016-08-19,69.32234191894531,69.45832755986089,68.49132111948924,68.87660896557252,2338600
2016-08-22,68.87662506103516,69.38279171235517,68.19669669756793,68.61976643695553,2276100
2016-08-23,68.90680694580078,69.39031001378231,68.52906981370201,68.54418252672023,2986400
2016-08-24,68.54422760009766,69.0503943066409,68.41579251023109,68.57444151837979,2329200
2016-08-25,68.18157196044922,68.63485549662037,67.99270334006016,68.52153317162437,1929900
2016-08-26,68.12870025634766,69.13348286647943,67.93227524475627,68.54421359551908,1641100
2016-08-29,68.85395050048828,68.99749251039796,67.69807535323126,67.9776030136308,2226100
2016-08-30,68.04556274414062,69.2694330551401,67.72070859908705,68.95212950234038,1618400
2016-08-31,66.8519287109375,67.91715039222414,66.49685481717528,67.81138443627101,2709100
2016-09-01,66.89725494384766,66.96524486764656,66.05867796745713,66.71593695276034,2420700
2016-09-02,67.16921997070312,67.61494702243391,67.00301470944378,67.44118540462333,1938400
2016-09-06,71.64163970947266,71.92116155243366,68.0380235447371,68.18156552710886,7421600
2016-09-07,71.25634002685547,71.8909414741672,71.0448081323555,71.60385753407854,4271500
2016-09-08,72.09490966796875,72.47264680218973,71.13545988312441,71.90604110085826,3697300
2016-09-09,69.99471282958984,71.67186712387284,69.97204951704218,71.2865735191236,3013300
2016-09-12,70.24401092529297,70.65951837918108,69.01258398764247,69.54141951597117,2498800
2016-09-13,68.29487609863281,69.60184337594664,67.63761139973477,69.2089992862288,3985900
2016-09-14,66.82170104980469,68.61217725651379,66.61016916320175,67.90202955393681,3673700
2016-09-15,68.71041107177734,69.79829631656402,66.85194428780919,67.12391559900587,3931800
2016-09-16,68.72550201416016,69.09568282895125,67.44119217073164,67.64517347140048,4559700
2016-09-19,68.03045654296875,69.40541940749847,68.00778747452554,69.24677051126169,3740000
2016-09-20,68.29487609863281,69.39031149965155,68.02290489659302,68.11356388521007,3049400
2016-09-21,70.65196990966797,70.85595124433588,68.82372307528945,69.17124063988771,3188900
2016-09-22,69.96449279785156,71.77007636314566,69.82850715945308,71.47544177391778,3047100
2016-09-23,67.80382537841797,69.77561396473375,67.53941049906399,69.6925113221065,3679800
2016-09-26,67.43363189697266,68.46862791111204,67.24476333803499,68.15888647163598,2131500
2016-09-27,66.90480041503906,67.23721094277127,65.86224798325806,66.59505895731606,2939000
2016-09-28,70.98436737060547,71.45276353027971,66.91236119212338,67.5847328848649,4533800
2016-09-29,71.80784606933594,72.48021784336815,70.36488715763623,71.22612753704406,4486500
2016-09-30,73.06194305419922,73.43212396990927,71.53588699895636,72.18559557319799,4006500
2016-10-03,72.60865783691406,73.0619414040087,71.81540727163848,72.72953076502644,2318600
2016-10-04,71.87583923339844,72.80507534971818,71.3998924014177,72.76729932141903,1724700
2016-10-05,73.56809997558594,74.27824780406354,72.59353724197709,72.80507492989473,3284500
2016-10-06,73.38678741455078,74.08182252336674,72.82018157857443,73.6965347048479,1789700
2016-10-07,72.85795593261719,73.53032771475665,72.56332136578361,73.19036076269387,1742900
2016-10-10,73.5000991821289,74.11203155270843,73.3792205211784,73.49254282486655,1963600
2016-10-11,72.56330871582031,73.33388996463135,72.31400081386529,73.09213841953265,2099900
2016-10-12,72.75220489501953,73.09972251271981,71.88340796886202,72.43490118858566,2415800
2016-10-13,72.27391815185547,72.59934021323294,71.1311561539178,72.22094273599808,2252400
2016-10-14,71.50196075439453,72.85661809084884,71.07058803676912,72.85661809084884,2526800
2016-10-17,70.97221374511719,71.85766225448648,70.41975678753231,71.48683442792674,2100100
2016-10-18,70.48029327392578,72.01659147270263,70.33650619708659,71.86522905775908,2735400
2016-10-19,71.94091796875,72.78853029555411,71.1387172600569,71.335485541507,3163600
2016-10-20,71.82737731933594,72.27388335603958,70.96462617463041,71.11598855698423,2472200
2016-10-21,71.04788970947266,71.91063527055286,70.86626058447834,71.28250001038799,2729600
2016-10-24,70.85114288330078,71.64577408939086,69.83703468243581,71.12358951792797,2569000
2016-10-25,70.1321792602539,71.28251069673715,70.05650092798474,70.74518703157344,1429100
2016-10-26,69.7310562133789,70.45757835976038,68.39909605807048,69.51158507949,3286400
2016-10-27,69.42835235595703,70.2986675184576,69.09536657489667,70.0110875771132,3581300
2016-10-28,68.71694946289062,71.20679852432258,68.62613203563146,69.36022369446107,3269800
2016-10-31,68.42938995361328,69.04239771733536,68.24776080364101,68.61102487747212,2406900
2016-11-01,68.98941802978516,69.79161868514528,68.03585494726241,69.11050219762903,2496000
2016-11-02,68.82292175292969,69.46619618556716,67.30933213548333,68.0434240237666,3302600
2016-11-03,69.68565368652344,70.29108595026185,68.5580254857969,68.77749663008828,4157900
2016-11-04,69.47373962402344,72.65227431578545,69.25426851916176,71.79709858212496,6775100
2016-11-07,70.70732879638672,70.83598250918922,69.78403834190226,70.83598250918922,2988200
2016-11-08,70.65435028076172,71.21437671533728,70.05648180343866,70.30622542824798,2382200
2016-11-09,70.70732879638672,71.64575260430694,70.01864285041098,70.64678383487308,4685900
2016-11-10,70.10191345214844,70.9116838097485,69.67054056583602,70.10948301826261,2983000
2016-11-11,69.17862701416016,70.03380320264587,68.20236086594883,69.67810866331068,2340300
2016-11-14,70.13972473144531,70.23054216330294,68.17962368784845,69.01210237849847,2467000
2016-11-15,71.57006072998047,71.8879130568801,70.41973554858383,71.16139097801629,8288400
2016-11-16,72.0619888305664,72.66742109744095,71.17654045941066,71.52466531198766,4103400
2016-11-17,69.88240051269531,73.09121331105294,69.65536562977358,72.72794941494092,5877700
2016-11-18,70.49542999267578,71.3506059558035,69.91269481936233,70.19271094702202,2755400
2016-11-21,72.40254974365234,73.40908811069649,71.78954786583526,71.89549866511511,4642400
2016-11-22,72.09981536865234,72.80363454214492,70.69974658397345,72.49335177419889,3867800
2016-11-23,73.40909576416016,73.93884981579038,71.62305957025526,71.73657994528635,2675500
2016-11-25,72.63716125488281,73.2652964972041,72.03929272096262,72.94744409402192,1518300
2016-11-28,70.73760223388672,73.28799670287651,70.5862398280554,73.13664007093058,3031200
2016-11-29,69.95809173583984,70.66947470374502,68.11151114168885,69.32238129609756,4010400
2016-11-30,77.58660125732422,78.00284071171686,73.47720521460288,73.64370099635994,10121000
2016-12-01,79.27422332763672,81.33270527724497,78.59310712756285,80.00074534975425,6505300
2016-12-02,78.5098648071289,79.81912191591636,78.24498787005751,79.31963474268099,4078300
2016-12-05,79.05475616455078,80.83322216097949,78.9488053919216,79.37260848243831,5883900
2016-12-06,78.68395233154297,79.69049075076859,77.61686894562277,78.3433912243003,3539700
2016-12-07,78.35094451904297,79.44073059770822,77.71523982241133,78.64609395303404,3777700
2016-12-08,79.41047668457031,79.65265078378886,77.4655143263159,78.72936022617877,6189100
2016-12-09,80.56080627441406,80.96947617005489,79.72833312724332,79.90996226734381,4049600
2016-12-12,80.09158325195312,82.77063714151613,79.60723511333119,82.56629934229063,5758500
2016-12-13,81.74141693115234,82.58902350484178,80.06890093255532,80.97705248261877,3912600
2016-12-14,78.86557006835938,81.33272225295424,78.76718884210278,80.7424233476447,4010300
2016-12-15,78.64612579345703,79.50130773847991,77.60175089450358,77.97257878433759,4646800
2016-12-16,78.7066421508789,79.15314821469319,77.79092133410505,78.77475089666012,8906300
2016-12-19,78.31311798095703,79.00936771819721,78.0482352172396,78.91098071205576,2238900
2016-12-20,78.0709457397461,78.9639579624478,77.73038465292812,78.85800716402944,2383100
2016-12-21,77.60929870605469,78.60069791428086,77.4428029484229,78.51745003546496,2364900
2016-12-22,78.04822540283203,78.19958778790638,77.09466835934435,77.70010057798794,2722400
2016-12-23,77.21575927734375,77.98012351094012,76.90547646497936,77.72281032064966,1706200
2016-12-27,77.60173034667969,78.0406726647236,77.43523458646403,77.8136319419049,1410800
2016-12-28,76.92816162109375,77.8211793567245,76.70112096289395,77.56386622583913,1896100
2016-12-29,76.64817810058594,77.15522924196968,76.08815155299622,76.89035221093984,1517700
2016-12-30,76.51193237304688,77.3292719210942,76.23192206828061,76.5497744123375,2178200
2017-01-03,78.3585205078125,79.18342392331202,77.06440232021166,77.66983458943244,4151200
2017-01-04,78.41905975341797,79.06233401867189,77.92714210097039,78.89583828025411,2417900
2017-01-05,78.84288024902344,79.34993136484682,78.26771460071959,78.42664081132605,3084800
2017-01-06,79.62236785888672,80.00076520016489,78.48717583505221,79.16829220412995,2418300
2017-01-09,77.96500396728516,79.14560787559131,77.81364730478037,78.94883959522586,3382600
2017-01-10,78.25257110595703,79.00936578633595,77.85147084917783,78.12391739602506,2913800
2017-01-11,79.40290069580078,79.4937181408672,77.74552418400863,78.37365941392345,3542900
2017-01-12,79.87136840820312,80.73549775111226,79.46961899163425,79.97748914974308,4671700
2017-01-13,79.88653564453125,80.40956349299358,79.03756382694922,79.46962855037326,2580500
2017-01-17,79.95471954345703,80.9249692605369,79.9319744361848,80.31097859336566,3881100
2017-01-18,79.89408111572266,80.12906185323132,79.38621691000954,79.84859668225874,2527500
2017-01-19,79.73490905761719,80.50807511604825,79.18156035597343,79.96988982165249,2425800
2017-01-20,79.94713592529297,80.9477066449484,79.81827590289397,80.52322384968377,2488100
2017-01-23,78.42355346679688,79.66668686093693,78.3325903709529,79.3786457321493,3045500
2017-01-24,78.59032440185547,79.30285426866881,78.00666037997267,79.20430945883098,2680500
2017-01-25,78.757080078125,79.12850260390229,78.25679171907568,78.55241455555188,2798100
2017-01-26,79.12849426269531,79.78796363470367,78.75707177607093,78.90867113869253,2772600
2017-01-27,77.99906158447266,78.95415373960437,77.90809849912613,78.95415373960437,2343600
2017-01-30,76.71044921875,77.8929462776715,75.4748975852952,77.460881712819,2975600
2017-01-31,76.99848937988281,77.02881040778101,75.8766344802287,76.8241449152544,2447500
2017-02-01,76.55884552001953,77.79439708360847,75.83873988036643,77.46087733269347,3028500
2017-02-02,75.58100891113281,76.92268687641169,74.9973450491781,76.66496104031546,5064400
2017-02-03,76.51338195800781,77.45331090473819,75.20202467213363,75.55828960229611,3520900
2017-02-06,75.57344055175781,76.59675659119073,75.36878081375856,76.55885385523189,1802400
2017-02-07,73.67085266113281,75.42185055712869,72.21547185318097,75.23234842005047,5158000
2017-02-08,74.39095306396484,74.65625487996984,72.22304831064552,73.22361929039707,3445400
2017-02-09,75.65685272216797,76.02069947269366,74.3909794769551,74.3909794769551,2927000
2017-02-10,76.8923568725586,77.33957895334268,76.23288762906235,76.73317583788236,3089000
2017-02-13,76.06614685058594,76.84689462929293,75.90696576995936,76.49063551540233,1944900
2017-02-14,76.7331771850586,76.92267924630643,75.057973874461,76.05096860793758,3862500
2017-02-15,76.36934661865234,76.91511359423278,76.06614210075819,76.49063073906807,2094000
2017-02-16,75.9296875,76.92268227254225,75.6795433813573,76.60431440193146,3154100
2017-02-17,75.06556701660156,75.8159936742319,74.61076315692091,75.73261807506839,3023200
2017-02-21,75.39910125732422,76.4451508337631,75.36878022542295,76.11163104914019,2737200
2017-02-22,73.92854309082031,75.19441546998281,73.87548274508129,74.86089577525632,2596500
2017-02-23,73.95886993408203,75.18684546756634,73.18570400916967,75.18684546756634,3211800
2017-02-24,72.9962387084961,73.90584681760772,72.50353190641592,73.16299576142028,3590300
2017-02-27,74.21660614013672,74.4591685998185,72.99621213835319,73.36005293630325,5156900
2017-02-28,73.51923370361328,75.45973915617066,72.23062172623398,75.42183642259972,6369300
2017-03-01,75.83876037597656,76.11921984800824,74.2924221862674,74.47434262530776,3775900
2017-03-02,74.6410903930664,75.58101921899772,74.46674591106411,75.17927567981519,3048900
2017-03-03,74.71688079833984,75.27780534282066,74.37577936336444,74.66382044660712,2075400
2017-03-06,75.8538818359375,76.08886253195739,74.13320573264737,74.75477223755782,3106100
2017-03-07,75.444580078125,76.21017023165132,75.34604106159013,76.10404951133823,3381800
2017-03-08,71.88195037841797,75.31572809834074,71.62422447065727,74.89882109305704,4829600
2017-03-09,72.5413818359375,72.78394422663624,70.54024066688706,71.07842579052664,4991400
2017-03-10,71.85159301757812,73.1477862562242,71.26034758764939,73.1477862562242,3796500
2017-03-13,71.97288513183594,72.27608960576904,70.88893304114751,71.62420201091338,4695400
2017-03-14,71.70001220703125,72.00321672546572,70.42656363926778,71.19972966728777,5091800
2017-03-15,73.5722885131836,73.82243265634182,71.76823072425418,72.42011836713303,4184400
2017-03-16,72.63995361328125,73.7163242608054,72.57172984323341,73.64810627390328,3182400
2017-03-17,73.0947494506836,73.50407467622227,72.5035038303983,73.17813083643101,6978600
2017-03-20,72.9355697631836,73.18571392516152,72.16239795036914,72.57930488699901,2208400
2017-03-21,71.654541015625,73.21603664093406,71.4498812696765,73.1402369492178,2840700
2017-03-22,71.7455062866211,72.26095230229342,71.19973923671559,71.51051971710037,2040700
2017-03-23,71.86677551269531,72.34432451228268,71.19214849034178,71.61663713254669,2350500
2017-03-24,71.9046630859375,72.20028584090228,71.5256589607884,71.96530513391592,2858400
2017-03-27,70.7828140258789,71.24519955841443,70.51751227355798,70.76007470184346,2756900
2017-03-28,72.23062133789062,72.49592312202526,70.83588287064045,70.87378560400761,3341000
2017-03-29,73.5268325805664,73.95131553661021,71.68487149180986,72.14725719027751,3480900
2017-03-30,73.6556625366211,75.92211143789852,73.6556625366211,74.42883421403197,7514700
2017-03-31,73.94371795654297,74.66382358650513,73.26909097765152,73.66325278093562,4001000
2017-04-03,73.49649047851562,74.14079643303164,72.75364551834487,73.90581569016159,2282000
2017-04-04,74.47431945800781,74.51979810783388,72.7763823944798,73.80727420026513,2232100
2017-04-05,73.96646118164062,76.20258365206132,73.69357769454008,75.34603624058443,3829100
2017-04-06,74.32273864746094,74.89882096614538,73.95131030405713,74.26209657713223,1977900
2017-04-07,73.7997055053711,74.64867707834551,73.55714302497064,74.45917495980936,2866600
2017-04-10,74.71688079833984,75.36876842428158,74.33029493106169,74.41367630994804,2902600
2017-04-11,74.32054138183594,74.87483486590087,73.58402267662674,74.47999424335666,1907900
2017-04-12,74.02440643310547,75.0798365491763,73.789024488563,74.27497767324229,2295100
2017-04-13,72.61968994140625,74.19904051661231,72.38430802242532,73.84216741814555,3235100
2017-04-17,72.69563293457031,72.99176049992634,72.28560881491903,72.63489312622966,2288800
2017-04-18,72.00467681884766,72.87028143806468,71.602247312565,72.21728064910869,2005700
2017-04-19,70.83534240722656,72.45265490901261,70.56199299945719,72.08059824572291,3109100
2017-04-20,70.84294128417969,71.45037994313294,70.75941752720793,71.19980867221766,2737300
2017-04-21,71.05553436279297,71.56426568342758,70.53161374699445,70.61513749133968,2409300
2017-04-24,71.17704010009766,71.72373902185977,70.85813432674323,71.72373902185977,2182200
2017-04-25,72.3387451171875,72.46023629530217,70.9720041215068,71.22257533160463,2273900
2017-04-26,71.60982513427734,73.26510500584472,71.53389603417259,71.69334888229828,2132000
2017-04-27,70.6151351928711,71.14664464593258,69.21802132024169,71.04793740265504,3876300
2017-04-28,70.2354965209961,71.35167236556424,70.18994021485685,71.35167236556424,1625300
2017-05-01,69.87862396240234,70.39495001097322,69.66602014117073,70.25827529832152,2680100
2017-05-02,69.75711822509766,70.18992039023749,69.1344904472997,70.03805642430021,3350700
2017-05-03,69.67361450195312,70.42532252192058,69.16487731122923,69.4989723392235,3512200
2017-05-04,67.27422332763672,69.27878214911243,66.9705010652573,69.12692391443288,5457900
2017-05-05,69.00543212890625,69.14210685621015,67.47923776586971,67.60072319401748,4696400
2017-05-08,69.62045288085938,69.96213671221979,68.4663097571617,68.63335724556678,3718300
2017-05-09,69.58248138427734,70.18992570801214,68.79280608062945,70.12918011703499,3591100
2017-05-10,71.78443145751953,72.71836992950519,70.2886051805011,70.6227000058702,5239200
2017-05-11,71.5870590209961,72.07301229500297,71.3592716823791,71.99708318213065,2580800
2017-05-12,71.90596771240234,72.14135550286178,71.22259987557618,71.46557652251931,3415700
2017-05-15,71.9287338256836,73.38659334585597,71.46555880213631,73.13602211153982,6294000
2017-05-16,71.24537658691406,72.1793157012562,71.00998880122596,71.92875020290836,2682700
2017-05-17,70.5771713256836,71.60223442613314,70.48605872512371,71.24536129255664,2406900
2017-05-18,69.62045288085938,70.6303208728214,69.60526358572142,70.03047695430311,3795800
2017-05-19,71.23015594482422,71.67055272501285,69.90897139727583,70.1443532863688,3711900
2017-05-22,70.69868469238281,71.95153548021854,70.45570802631327,71.47317100516052,2004600
2017-05-23,70.25826263427734,70.84292883029788,69.83305506845775,70.70625414228178,2255400
2017-05-24,70.36458587646484,70.91128479441413,70.09123641749021,70.13679852266623,2886800
2017-05-25,69.11170196533203,71.08589284163881,68.67131097560316,70.0684246122942,2768700
2017-05-26,69.26358795166016,69.40785730745124,68.42835620380434,69.31673890489591,2001500
2017-05-30,68.04869079589844,68.93707331308558,67.90442146997262,68.69409674958948,3163100
2017-05-31,68.5726318359375,68.80042498590961,67.09199374018009,67.570352403497,3938800
2017-06-01,68.64094543457031,69.38505862179038,68.13221416267235,68.82317640794814,2829600
2017-06-02,68.09425354003906,68.77762699990828,67.53237126993271,68.36760292398675,2680200
2017-06-05,67.72980499267578,68.0563054165855,67.21347887563297,67.66906517356871,2373000
2017-06-06,68.96744537353516,69.14208169914815,67.40327833172401,67.65384953944857,3219500
2017-06-07,66.93252563476562,69.05098059298511,66.37064333040871,68.50428179176471,4531400
2017-06-08,66.90216064453125,67.42608135569121,66.53010394755815,66.93253344736863,3498800
2017-06-09,68.39795684814453,68.95224431768956,66.84897936419524,67.06917774011627,4507800
2017-06-12,68.24609375,69.84063333384104,67.9651555854891,69.2939347100118,3812500
2017-06-13,68.76244354248047,68.86874544603843,67.9651792657958,68.37520337652761,2573100
2017-06-14,67.52477264404297,68.37519354322353,66.69712989334626,68.36000424888869,4054900
2017-06-15,66.08970642089844,67.69183555025573,65.73283323193927,67.47163707636561,4362000
2017-06-16,67.21344757080078,67.26659850840204,66.11246138062415,66.49211259006681,4767000
2017-06-19,66.87178802490234,67.58553441098645,66.78826426512569,67.09958115029679,2495400
2017-06-20,66.7047348022461,67.0388298127883,65.20890769616123,65.89987586923367,3772100
2017-06-21,66.15045928955078,67.707026489454,65.7859914116738,66.89457275872822,4613500
2017-06-22,66.58324432373047,67.60070698851135,65.77837965898826,66.31748378938963,3356600
2017-06-23,66.65916442871094,66.99325936873669,66.21876760649847,66.52248975261114,3733900
2017-06-26,66.35546112060547,66.96290558528148,65.92265882225524,66.84900902402725,2547700
2017-06-27,66.81861114501953,67.44883352682518,66.57563460894016,66.96288045466645,3909200
2017-06-28,67.59312438964844,67.98796504115433,66.4313921754844,66.95531289678188,4508200
2017-06-29,68.33724212646484,69.02821035528194,67.80573256046692,67.93481262749216,4079000
2017-06-30,68.7320785522461,69.26359392344938,67.76776666239347,68.59540383313896,4164100
2017-07-03,70.13677215576172,70.73662181006125,68.73205793349388,69.09652567278381,2400000
2017-07-05,68.5650405883789,70.00012232131064,68.30687464121107,69.7191782185439,2720200
2017-07-06,67.29696655273438,68.97502408492723,67.12992489849874,68.73964220544389,3290600
2017-07-07,67.15271759033203,67.27420298273228,66.08969288999164,66.87177356881493,3810300
2017-07-10,68.04869079589844,68.17017618113736,66.8186186846267,66.91732592219698,2064600
2017-07-11,68.81560516357422,69.08895461310942,67.51719817479209,68.04871356800838,2517000
2017-07-12,68.77002716064453,70.08362303394924,68.64854177307171,69.44580592188237,3166700
2017-07-13,69.84111022949219,69.92478918556635,68.74568664742073,68.74568664742073,2472100
2017-07-14,69.88674926757812,70.25949724649537,69.6737446186993,69.97042821440613,1773400
2017-07-17,69.90957641601562,70.08453728242237,69.46075240348219,69.46075240348219,4129100
2017-07-18,69.75743865966797,70.32797389124798,69.41511984223378,70.17583348434044,2198600
2017-07-19,71.7428970336914,71.92547247457074,69.65093465483464,69.65093465483464,3937500
2017-07-20,71.2484359741211,72.83071579377777,71.17996873464,72.26778937528245,4078200
2017-07-21,70.67791748046875,71.35495225541078,70.27473431674998,71.04305683129,2665700
2017-07-24,70.98219299316406,72.02437284423506,70.67030339631437,70.76158532525335,2588900
2017-07-25,72.16890716552734,72.76226289297122,71.84180005888717,72.10043991801517,2811200
2017-07-26,72.07760620117188,73.1045682949965,72.00153600973738,72.769858291928,2862100
2017-07-27,73.0133056640625,73.0209086225648,71.73530637767618,71.97873453680762,2615700
2017-07-28,72.5872802734375,73.7131387992903,72.2906024747987,73.03610425329066,2977100
2017-07-31,72.3742904663086,72.95243441959249,72.09282434873182,72.51121914461835,2988600
2017-08-01,71.85700225830078,72.7090035357778,71.54511271633352,72.19932684293867,3802000
2017-08-02,70.22909545898438,70.95937998635475,68.3501315065799,70.45731191294378,5358400
2017-08-03,67.62744140625,70.3660092543095,66.76022835109423,70.28233029251516,6296700
2017-08-04,68.8065414428711,69.40750587148509,67.3687932315001,67.56658038866291,3792200
2017-08-07,68.21317291259766,68.6391763864488,67.58938812266227,68.38053079834815,3886500
2017-08-08,69.33905029296875,70.2519043505954,68.24362078078912,68.31969098496059,3829700
2017-08-09,68.73051452636719,70.25194265447178,68.66965600833396,69.62054858839932,3289100
2017-08-10,67.7947998046875,69.1945100776255,67.61983311867809,68.94347319048411,3377400
2017-08-11,67.34598541259766,68.12191666529304,66.89716709888545,67.81763001332986,2874200
2017-08-14,66.93521118164062,67.73396305932098,66.73742975598275,67.65028407008643,2482200
2017-08-15,66.1972885131836,66.87432889115561,65.61154165152463,66.75261194111636,4457900
2017-08-16,64.64543914794922,66.35704461202477,64.53893391292571,66.35704461202477,3478000
2017-08-17,63.42828369140625,64.68346201141286,63.42068073583144,64.49328365395073,3438100
2017-08-18,63.96840286254883,64.31072745959827,63.359835474101104,63.40547643219406,2751700
2017-08-21,63.66412353515625,64.14337101751225,63.451124654109144,63.7554054534426,2515500
2017-08-22,64.08250427246094,64.3031118861785,63.78582646871954,63.831473225760625,1946700
2017-08-23,64.74433898925781,65.20837477843689,63.869517134061965,64.02166334580033,2322700
2017-08-24,64.37158966064453,64.7671581958126,64.15098201080265,64.5085183466228,2007800
2017-08-25,64.28789520263672,64.82800105499449,64.24985720867198,64.66825192715203,2211300
2017-08-28,63.443546295166016,64.21947199134502,62.568724068406574,64.16622224556593,2377500
2017-08-29,63.25334167480469,63.32180311804717,62.370911047781874,62.85016436561774,2321300
2017-08-30,63.64888000488281,63.884705072923516,62.62191821730624,63.078345033586736,2245700
2017-08-31,64.65303039550781,64.79756779906381,63.60324799035984,63.8999257527665,4803900
2017-09-01,65.15514373779297,65.31489295308617,64.34878309382597,64.6606785644838,2358600
2017-09-05,65.32247161865234,65.93864770855615,64.85843591022638,65.36050381213003,2655100
2017-09-06,66.82869720458984,66.91998493770701,65.77130562873518,65.96909281526327,2600300
2017-09-07,67.39923858642578,67.5057380494887,66.4863843876621,66.75263304531939,2788600
2017-09-08,66.01473236083984,66.99605370656096,65.48223510523216,66.84391329175442,2687200
2017-09-11,66.88954162597656,66.93518258104406,65.78650931743152,66.26575675699137,2865300
2017-09-12,67.30030822753906,67.51330702814951,66.5091656797131,66.82866388062877,2922900
2017-09-13,69.30101776123047,69.3086265233838,67.75676985985106,67.94694828718912,3158300
2017-09-14,69.81829833984375,70.70833192344543,69.35426254590757,69.605299445011,3428400
2017-09-15,70.91372680664062,70.9669765295575,69.87915578672612,70.31276233155907,4057800
2017-09-18,70.78441619873047,71.03544732336663,70.27473357938794,70.5714114752368,2388300
2017-09-19,70.84526062011719,71.23322620933273,70.52576227783833,70.80722841962758,2074600
2017-09-20,71.64401245117188,71.72008265611788,70.60944141330924,71.18758541771122,3774300
2017-09-21,71.42341613769531,71.84181103702504,70.85288080431052,71.24845521891054,2678700
2017-09-22,71.92546081542969,72.00153100157301,71.08867135650353,71.3320994344321,2290400
2017-09-25,73.24911499023438,73.6370805605617,72.07000656055408,72.2677937263384,3143400
2017-09-26,73.69033813476562,74.16958567592441,72.62533779507228,73.02090636501185,2951100
2017-09-27,74.03266143798828,74.17719890676274,73.24151844666203,73.71316305796766,2123000
2017-09-28,73.65227508544922,74.83138323987173,73.64466632598413,74.13152246365695,2983000
2017-09-29,73.59143829345703,74.13154429890639,73.06654981142015,73.58383533553547,2010900
2017-10-02,73.9261474609375,73.9261474609375,72.16890091211327,72.663360106282,2115200
2017-10-03,73.40886688232422,74.32932969807331,73.39365516306044,73.77401198628492,2134500
2017-10-04,73.279541015625,73.77400600649462,73.0132924217057,73.5229691306061,1508000
2017-10-05,73.44689178466797,73.84246025659453,73.14260521961026,73.40885378761693,2097600
2017-10-06,73.17305755615234,73.28715997575888,72.61773396433078,72.86877089503582,1587300
2017-10-09,73.40886688232422,73.80443542481248,73.11218902451189,73.43168736311216,1880200
2017-10-10,73.62187957763672,74.420631377675,73.56102108160253,73.86530775798785,2200900
2017-10-11,73.73600006103516,73.88053756219082,73.05896514054795,73.61428304873847,2156500
2017-10-12,73.52296447753906,73.70553410127452,72.81550065630745,73.0893579938025,2173700
2017-10-13,73.50015258789062,74.26846917094929,73.256724459873,74.16957848899301,1953600
2017-10-16,74.07777404785156,74.28352773240756,73.71961496383382,74.01680956250954,2074900
2017-10-17,74.26067352294922,74.50452568928029,73.58245950365675,74.10826809920265,1695300
2017-10-18,73.6586685180664,75.03033478256776,73.59008200719947,74.32926052645189,2040400
2017-10-19,72.9728012084961,73.68149717632708,72.66798467570685,72.91945875129986,1875100
2017-10-20,73.79580688476562,73.94821807585912,72.71371359051786,72.9880479205937,2194500
2017-10-23,73.89488983154297,74.2911473768503,73.66627590785832,73.97109253480666,2395800
2017-10-24,73.52147674560547,74.65691247819825,73.33096712136341,74.45115882823711,2190400
2017-10-25,73.2700424194336,73.81871136530734,72.90426118421928,73.39958763890503,1959000
2017-10-26,73.85676574707031,74.06251938593331,72.95756013659431,73.49860674259119,1980200
2017-10-27,75.03794860839844,75.10652929788624,73.0337831895924,73.31573958990522,2911200
2017-10-30,75.845703125,75.96763209520094,74.89315484740501,75.1827332446856,3505400
2017-10-31,76.10480499267578,76.51630657715413,75.4875497090114,75.63233891852056,3272500
2017-11-01,77.94892883300781,78.08609601310837,73.69675206378353,76.80587093680084,3953400
2017-11-02,78.45187377929688,78.4823560218324,77.2478571755569,77.2478571755569,2970900
2017-11-03,79.6330337524414,80.06739552217172,78.72620595739842,79.09960905764737,4080200
2017-11-06,81.50765991210938,81.68293137392737,80.05978519698787,80.12837170427109,4709600
2017-11-07,80.84468841552734,82.26208095947314,80.43319260564115,81.80485887101514,4021300
2017-11-08,79.5035171508789,80.61609320968704,79.09963747772403,80.40272325510674,3426200
2017-11-09,79.84642028808594,80.34936866001199,78.9167320712973,79.12248579213772,3053100
2017-11-10,79.69400787353516,80.10550946523789,78.65001277159156,79.65590361334472,3383200
2017-11-13,79.6025390625,80.01404054008752,79.05387042571665,79.40440742946329,1822900
2017-11-14,78.08611297607422,79.29775181859418,78.00228824703134,79.13772437602896,2428400
2017-11-15,77.24022674560547,77.97940505834684,76.2648183463193,77.10305957608756,3357700
2017-11-16,77.2936019897461,77.8498929170086,76.8211358023984,77.18691701419905,2027500
2017-11-17,77.4535903930664,77.88795209271419,77.04971093018767,77.54503710337359,2596800
2017-11-20,77.30118560791016,77.727925298121,76.73727294425471,77.25545934546453,1659100
2017-11-21,77.4688491821289,78.20040556232716,77.22499124150285,77.95655343559442,4058400
2017-11-22,77.41551208496094,78.35282228454523,77.37741363665226,78.04038942727989,2654800
2017-11-24,77.4688491821289,78.14706309128854,77.25547348408111,77.79652020858524,913500
2017-11-27,76.06668853759766,77.56790542531601,75.60946656611362,77.40025601253022,2947600
2017-11-28,76.08193969726562,76.34103587399498,75.52565471169807,76.0133590061246,2037200
2017-11-29,76.58488464355469,76.60774487292682,75.63233632709257,75.86856644912925,2721600
2017-11-30,77.97180938720703,78.28424808428872,76.96591840887456,76.96591840887456,4183700
2017-12-01,78.42137908935547,79.57205295418427,77.4688310340318,78.73381182827782,3445800
2017-12-04,77.00402069091797,78.51285421260775,76.9582944108797,78.25376381926698,2423500
2017-12-05,76.88969421386719,77.55266406041319,76.60011583133628,76.72966680904942,2046000
2017-12-06,75.33513641357422,76.54677499614097,75.05318003875061,76.53153678226356,2768400
2017-12-07,75.99050903320312,76.07433376517518,75.06844279540512,75.35801544246657,1687600
2017-12-08,76.50104522705078,76.76775754163316,76.01334104784517,76.41722052619741,1512400
2017-12-11,77.12593078613281,77.98703236447484,76.50868134234122,76.57726202992096,1946800
2017-12-12,76.417236328125,77.28595994034215,75.7771266407623,77.24786149546216,2127600
2017-12-13,76.15811920166016,76.75250822066852,75.98284781236437,76.55437660970188,1426900
2017-12-14,75.92952728271484,76.83635509679289,75.86094659789882,76.02097400969613,2425000
2017-12-15,75.09893035888672,76.69158875126793,75.03796585606672,76.61538602969043,4633000
2017-12-18,76.13529968261719,76.33342558561218,75.19798939577672,75.2132276137399,2670300
2017-12-19,77.2936019897461,77.5755584616319,75.96003398151299,76.46297660710687,2374400
2017-12-20,78.90148162841797,79.11485151778754,77.12593019861716,77.76604568061933,2651800
2017-12-21,81.04280853271484,81.34762515274033,78.67286788750948,79.0462710086401,3330300
2017-12-22,81.6219482421875,82.2087153581327,80.68463828265746,81.3095096510466,2028700
2017-12-26,83.3746337890625,83.56514341112263,81.53811824173458,81.72100585102247,2071500
2017-12-27,82.57450866699219,83.29082685920045,82.08680439558462,83.10793339700248,1802000
2017-12-28,82.64308166503906,82.78024884197752,82.1934816935643,82.68118591959146,1250500
2017-12-29,82.23158264160156,83.14602657515965,82.20871660145377,83.14602657515965,1778200
2018-01-02,83.29082489013672,83.35940557641952,82.46782177138286,82.81073683058362,1899800
2018-01-03,84.532958984375,85.21879502389268,83.68709550461892,83.9309476726814,3068400
2018-01-04,84.54821014404297,84.74634187776594,83.63376582729802,84.12147023808134,2125000
2018-01-05,85.47785949707031,85.57692822568205,83.91568401750506,84.32718551647285,2221200
2018-01-08,85.8893814086914,86.27802277461952,85.08162224498041,85.68363351725529,1934400
2018-01-09,85.12734985351562,86.18658327316054,84.99780465862827,86.05703807827318,1944100
2018-01-10,85.3559341430664,86.68187950719874,85.2416272051136,85.30259168054074,4750900
2018-01-11,87.74113464355469,88.18311848081231,85.698870713837,85.9503448778519,3828100
2018-01-12,88.16787719726562,88.75465026490949,87.47442498828853,87.59634815973652,2025300
2018-01-16,86.533203125,88.8608028695126,86.29662951312558,88.38764982341655,4835600
2018-01-17,86.64004516601562,87.26582523612556,85.57927170354083,86.77741180688597,3324300
2018-01-18,87.18186950683594,87.8839688324333,86.0982026880343,86.510302567511,4564600
2018-01-19,87.28109741210938,87.57872418399984,86.59426416068995,86.96057134654848,2920600
2018-01-22,89.15081024169922,89.18133681282563,87.31162945453022,87.40320334556138,2233200
2018-01-23,89.92919921875,90.50919230802141,89.1965791270978,89.32631848370309,3150700
2018-01-24,90.4100112915039,90.73816468093342,89.44081149889527,90.04369822935175,2463900
2018-01-25,89.63157653808594,90.81445623819457,89.3110563251968,90.75340310554506,2061200
2018-01-26,89.86815643310547,90.09709694819624,89.13553630459,89.33395025319922,2170900
2018-01-29,88.96764373779297,90.15051763010828,88.84553747099159,89.37974365472677,1584900
2018-01-30,87.89163208007812,88.50978506347218,86.92243802372687,88.50978506347218,3589100
2018-01-31,87.7618637084961,88.3189633182174,87.32687035605221,88.00607040070413,2409800
2018-02-01,88.92184448242188,88.96000414359725,87.44134395083628,87.97554427321045,2507600
2018-02-02,86.10584259033203,87.90686924787207,85.78532237729877,87.7695026105225,2549400
2018-02-05,83.6103744506836,86.90716890267252,83.18301403986895,85.24350838898118,3175900
2018-02-06,82.62590789794922,84.63298786429314,80.9622475117134,82.23670719178125,4635500
2018-02-07,80.72565460205078,83.7248212770618,80.71039423033584,82.74036136455545,4666000
2018-02-08,77.10834503173828,81.27512541043673,77.06255809184131,80.90881242421881,4675600
2018-02-09,76.36808776855469,78.29884793065024,73.67418092911879,77.75701448842024,5335700
2018-02-12,78.7109603881836,79.39016057354985,77.32966654505525,77.4899266741739,3551500
2018-02-13,78.19967651367188,78.78729716056459,77.54336960696848,78.2149368923244,1735300
2018-02-14,81.47355651855469,81.7024970722279,77.45940259612368,77.52045573937583,4089200
2018-02-15,82.18327331542969,82.46563387956598,80.13803984368253,81.35144035111121,3495500
2018-02-16,82.14511108398438,82.98457129729965,81.35143780994258,81.76353773044586,2973500
2018-02-20,82.38933563232422,83.20590255276647,81.00804165665471,82.25196896242045,3381600
2018-02-21,80.7485580444336,82.98457831824258,80.72566457285994,82.15275113187826,4119300
2018-02-22,81.72537231445312,83.26693181477076,80.84775832095744,81.42774558542735,3165900
2018-02-23,83.05326843261719,83.09142227957187,81.90854822171137,82.2138081090892,2063900
2018-02-26,83.55693054199219,84.06824325591032,82.85483697544586,83.61035057809141,4474300
2018-02-27,81.61091613769531,83.5874634455593,81.45828329273527,83.39667675612002,3581300
2018-02-28,77.3983383178711,81.19881151450838,77.31439171356352,77.5585984290908,7738700
2018-03-01,77.2151870727539,77.92491377096773,76.19256741768297,77.68070704805262,4604900
2018-03-02,77.42123413085938,78.00122728117037,75.85678681359676,76.72677362788949,4040000
2018-03-05,77.69595336914062,78.42094613148748,76.61991969233559,77.009126088023,3129500
2018-03-06,77.08545684814453,78.55833034675987,76.87940395978272,78.38280402787196,3421300
2018-03-07,76.9786148071289,77.1541352992022,75.80336811285812,76.29941466507628,3331400
2018-03-08,76.76492309570312,77.53570288630763,76.0552022602822,77.4822828506626,2525900
2018-03-09,78.45149993896484,78.52781346088621,77.29151344530533,77.52045983341796,2910200
2018-03-12,76.81070709228516,78.4667338306732,76.6886008405449,78.22252714953923,5209100
2018-03-13,76.35284423828125,77.66545192206203,76.07047780933773,77.36019784167249,3210400
2018-03-14,76.2307357788086,77.00151570125793,76.03994907282052,76.92520218333233,2189300
2018-03-15,75.2844467163086,76.86416064755356,74.92576672330989,76.61232076025459,3843000
2018-03-16,76.6580810546875,76.9709739856738,75.20810703233727,75.45231373506071,4950800
2018-03-19,75.14705657958984,76.6199299454244,74.36101640912972,76.22309040038706,2605100
2018-03-20,77.32964324951172,77.5891102882971,75.73466389236447,75.81861048075886,4555100
2018-03-21,79.96250915527344,80.76381550779688,77.56622901719878,77.62728214969235,5288900
2018-03-22,79.58856964111328,80.19145622976063,78.72621597049852,79.00094342455634,6672800
2018-03-23,80.7867202758789,81.45066008432528,79.90146719795042,79.93962686668279,6576400
2018-03-26,82.09170532226562,82.15275846681165,80.67988483314186,81.55750486335879,4818100
2018-03-27,81.14539337158203,82.35116660492085,80.50434708939213,82.00774708227884,5199900
2018-03-28,79.22989654541016,81.8093305032146,78.80253622212481,80.74092969500123,5512400
2018-03-29,80.33645629882812,80.78671591168488,79.49699603319671,79.86330903725555,3393000
2018-04-02,78.55069732666016,80.23725099091656,76.49783065070179,80.08462396574363,3757700
2018-04-03,80.18384552001953,80.36699914797731,77.68072458931728,78.9704447290695,3477100
2018-04-04,79.49700927734375,79.79463609544888,78.64228849605668,79.02386193694517,4241900
2018-04-05,79.65726470947266,80.42041154608425,79.19937777197536,79.82515794510293,3842500
2018-04-06,77.78754425048828,79.42067774131436,75.39889714830835,79.42067774131436,6473900
2018-04-09,78.89411163330078,80.37461824238875,77.71123762351267,78.20728419254866,4634300
2018-04-10,82.1603775024414,83.2440444320793,80.13040446136023,80.19908487045754,5435600
2018-04-11,83.48827362060547,84.0530007071443,81.61093290939617,81.98487326728754,3466500
2018-04-12,83.93090057373047,84.5872015664169,82.58012726883376,83.5416940154307,4378400
2018-04-13,84.86730194091797,85.04312399938068,83.79710100125867,84.43157560629734,3338200
2018-04-16,84.86730194091797,85.3794761987923,84.62268375011617,85.34889819592236,2745000
2018-04-17,84.9666748046875,85.50942118789801,84.36277242085002,84.97432076280518,3720100
2018-04-18,86.26622009277344,87.28291687817806,85.31067931675211,85.70054158637306,5109500
2018-04-19,87.17589569091797,87.6880641407617,85.98338268360231,86.69430524538465,4963200
2018-04-20,87.12237548828125,87.58103383516979,86.12097075048956,86.7860233122229,3112400
2018-04-23,87.78744506835938,87.87917908838344,86.23564768060936,86.87777415646086,2146900
2018-04-24,87.5963363647461,89.00289550238246,86.66373341158791,88.1543747768671,3632300
2018-04-25,88.21553039550781,88.55187680105081,86.43440089263774,87.09181344878584,3506900
2018-04-26,89.91259002685547,90.0501881671892,88.5748325972284,88.9876270182296,3439900
2018-04-27,89.27808380126953,90.05780248491405,88.77355548726118,89.2475057974971,1822100
2018-04-30,90.33302307128906,91.51025028959917,88.92646951101794,89.12521784095226,3315500
2018-05-01,89.86670684814453,90.16483513623864,88.81179181582372,89.94315478429887,2364900
2018-05-02,89.17105865478516,90.65405384474663,88.76591033401843,89.85140316176279,4779500
2018-05-03,88.68180084228516,88.77352899406962,87.22173221671689,88.5977128150453,4269500
2018-05-04,87.64984893798828,88.65889978531322,85.21895291959297,87.90975323507344,5725000
2018-05-07,87.06122589111328,89.5303456855999,86.53376554570433,88.52893504198596,5991300
2018-05-08,88.13142395019531,88.36075020174759,85.76168435787886,86.8854010701722,3886200
2018-05-09,90.04253387451172,90.82225270948362,88.59775645077038,89.56094334398428,6104700
2018-05-10,90.92925262451172,91.3191148714567,90.54703633633443,90.77636844210389,4093100
2018-05-11,89.75203704833984,91.73191474208735,89.44626283276794,90.98276820554409,2951200
2018-05-14,90.7228775024414,91.42615422108881,90.27185915467999,90.28715107543607,2645100
2018-05-15,91.90776062011719,92.04535876116131,90.47062318428746,90.57000318358352,3191200
2018-05-16,92.87857055664062,93.16141274762474,91.41086121175991,91.57903733439053,2900200
2018-05-17,96.43317413330078,96.66250041514009,93.26077766118146,93.26077766118146,5721400
2018-05-18,96.15796661376953,96.68542691459835,95.00367188489139,96.53253691253923,4064400
2018-05-21,97.42693328857422,97.87030559971177,96.31850834288828,96.99120693649985,2573300
2018-05-22,94.6061782836914,97.81679280548963,94.08636389298373,97.31227033247917,2397200
2018-05-23,94.00993347167969,94.9578283610599,93.01616865567115,94.2086817691546,4382900
2018-05-24,91.71661376953125,93.03143276841739,91.47963572904322,92.68744047683015,3176200
2018-05-25,90.01959228515625,90.15719039817584,88.14672875615867,89.77497406558348,3935600
2018-05-29,88.83472442626953,89.91257734555636,88.03207358099516,88.7506363616943,3255200
2018-05-30,91.54844665527344,91.90008493930098,89.56092313017274,89.85140540858914,2894000
2018-05-31,90.05777740478516,91.90006225195202,89.99662724642783,90.85278778499293,3544200
2018-06-01,90.4706039428711,90.6311341012542,89.50741716041411,90.56998392103088,2919400
2018-06-04,90.7152099609375,92.53456317559771,90.04251141167815,91.77777074650369,3756500
2018-06-05,89.1175537109375,90.38650879141342,87.7568646190873,90.2183326866395,4158700
2018-06-06,88.7812271118164,89.7520600577341,87.80275403686534,88.90353916226508,4361100
2018-06-07,90.14954376220703,91.17388072643382,89.1481388446184,89.75968147288327,3737100
2018-06-08,89.9508056640625,90.75346243235559,89.17108677865271,90.32538193308429,2413500
2018-06-11,90.21068572998047,90.73050009076397,89.05639096091645,90.17246177009564,2374900
2018-06-12,90.56234741210938,91.05158389790044,89.67560263651373,90.13426694508193,3396800
2018-06-13,90.39418029785156,91.52554342925183,90.02724998080946,90.57764254029286,2364900
2018-06-14,89.84376525878906,91.34205250018928,89.75203707659927,91.23503239952913,2856600
2018-06-15,87.28292083740234,89.515062791722,87.09181267352926,89.36982455304612,5028600
2018-06-18,89.14814758300781,90.10368850098318,87.14533171935422,87.45110597953811,3180900
2018-06-19,89.4997787475586,90.0272333260196,87.22176681604704,87.925043475434,2448000
2018-06-20,91.29617309570312,91.59430130213016,89.74437606426059,90.39414251846934,2383600
2018-06-21,89.13285064697266,90.50118586437881,88.68183815850219,90.50118586437881,3003600
2018-06-22,90.59290313720703,92.45811459341616,90.35592508083023,91.77012996411405,3173100
2018-06-25,89.30865478515625,90.92924803260742,88.60537825014319,90.84515998688222,1946300
2018-06-26,91.48728942871094,92.08354589506799,89.46918792773741,89.46918792773741,2472600
2018-06-27,94.73612976074219,95.38589628654285,92.35109801438365,92.97793249595665,4708800
2018-06-28,94.40741729736328,95.93628235481046,93.65063072693098,94.91958569189032,2679500
2018-06-29,95.11835479736328,96.563132038145,94.24690204362696,94.35392214796943,3020200
2018-07-02,93.5665512084961,94.68262210227616,92.58043245672323,94.64439813949386,2310800
2018-07-03,93.58948516845703,95.85985096525874,93.26842487028415,94.80493022532211,1382800
2018-07-05,94.1933822631836,95.58464930810432,93.8035200192533,94.52208850176058,2483900
2018-07-06,95.05719757080078,95.51585598814347,93.26842799351678,93.39838014253488,1443700
2018-07-09,96.41790008544922,96.67016429116958,95.17952277038377,95.55409318265527,1671900
2018-07-10,97.06000518798828,97.81679180584884,96.36436874381832,97.28933146168295,1996200
2018-07-11,95.294189453125,96.94536116107265,94.50681882129173,96.36439063783226,1963800
2018-07-12,94.89665985107422,96.06624076331322,94.10164926938548,95.48527620266808,1971200
2018-07-13,96.28794860839844,97.09060532974785,94.88903527446216,95.0877894227108,1820000
2018-07-16,95.39605712890625,96.03147083330047,94.08695537500434,95.51854321030024,3210200
2018-07-17,95.1740493774414,95.6869711838324,93.48216904840326,95.0821804315223,3869200
2018-07-18,94.60752868652344,95.08982745931884,92.75488228097616,94.42379081435149,3280200
2018-07-19,93.69651794433594,94.60753261596813,93.54340888523603,93.96446171812886,2889300
2018-07-20,93.66588592529297,94.40081985137407,92.9692321806608,93.91852110509025,1540000
2018-07-23,94.05634307861328,94.51567615730629,93.61997577774437,94.28601253832828,1746300
2018-07-24,96.1692886352539,97.31762432860593,94.1482182822133,94.69176314284479,2850900
2018-07-25,98.2822265625,98.50423298690639,95.93961780934708,96.17693864692879,2602300
2018-07-26,98.64966583251953,99.33101102857808,98.26688736998166,98.71091178830218,2860300
2018-07-27,98.87168884277344,99.89754417296272,97.80757084580323,98.23628676770636,2423600
2018-07-30,99.44586181640625,100.74731822110289,99.16260942975954,99.86692055430963,2053300
2018-07-31,98.7109146118164,100.59417815974726,98.23627304276378,99.74440948134765,2467900
2018-08-01,96.13099670410156,98.41235923957828,95.63338346293101,97.66211077494222,3525500
2018-08-02,96.40658569335938,96.69749522791113,94.55393930022973,95.35777058283429,3510600
2018-08-03,93.71183013916016,95.70227706408195,92.50990010662339,93.97211670162356,4117700
2018-08-06,94.85250854492188,95.77117456094487,93.39794915227206,94.30130659901364,2396000
2018-08-07,95.25827026367188,96.68220693808249,95.1664013089322,95.69463757739531,1774000
2018-08-08,93.9874496459961,95.21999713669432,93.01519462600274,94.39319984564597,3146000
2018-08-09,93.63526153564453,94.85250003038111,93.30607183865142,94.31660670185936,1874800
2018-08-10,93.9874496459961,94.0793186075515,92.91567429820424,93.55108229989867,2268000
2018-08-13,93.01519012451172,94.54630436524442,92.73958909392084,94.00275951067279,1581900
2018-08-14,94.21710968017578,94.59988822049351,93.42858682163919,94.08696637824463,1469900
2018-08-15,88.37589263916016,93.19124636277961,87.81703351810863,92.99219992834178,4184000
2018-08-16,88.73571014404297,89.62375318152993,88.55197226809166,88.88881919993297,3702300
2018-08-17,87.86299133300781,89.37879705643765,87.31179509249813,89.19506497626774,4492900
2018-08-20,87.86299133300781,88.60558270131378,87.75581379951392,88.20749555415608,4020600
2018-08-21,88.41416931152344,89.2792523912693,88.26106025991075,88.74335902915304,2548800
2018-08-22,89.81513977050781,90.27447276535486,88.98833687534159,88.98833687534159,2104200
2018-08-23,89.11083984375,89.41706382521555,88.60556939822135,89.3481606550359,2074800
2018-08-24,89.92233276367188,91.09363414654521,89.83812101869198,90.0601332699356,2147100
2018-08-27,90.83332061767578,91.07829857388076,89.77684843594449,90.02182639214946,1816500
2018-08-28,90.31278228759766,91.66016457216438,90.1596673457504,90.81804699384904,1970700
2018-08-29,90.93285369873047,91.48405563792863,90.37400039535278,91.13190014138226,2070900
2018-08-30,91.0323715209961,91.46108150531006,90.4428894518289,90.4428894518289,2096800
2018-08-31,90.51180267333984,90.95582127472531,90.08308680061658,90.77208923826456,2020100
2018-09-04,90.09073638916016,91.36921501270426,89.37876823723838,91.13189424230889,1703100
2018-09-05,90.25151824951172,90.53477645468946,88.97303940481292,89.42471525121178,2081600
2018-09-06,88.42183685302734,90.43524973671249,88.1998246137201,90.16730594469912,1982400
2018-09-07,87.63331604003906,88.28403836136225,87.04383384347081,88.02375176912767,3288600
2018-09-10,87.51846313476562,88.43712906336009,87.42659420561196,88.03904205183197,1778700
2018-09-11,88.97303009033203,89.70030686002647,87.33473867673183,87.57205946333477,2370900
2018-09-12,89.52424621582031,91.17018925441242,89.47830881962108,89.7921900239118,2236000
2018-09-13,89.27926635742188,89.66969625233081,88.06202759596275,89.4170668617241,2336000
2018-09-14,90.19794464111328,90.74148952553344,89.24099818810507,89.24099818810507,1536600
2018-09-17,89.98356628417969,90.90988951008889,89.62375357644302,90.58069978181238,2537200
2018-09-18,91.44579315185547,92.09652135868485,90.68789325914744,90.90990551877648,1868100
2018-09-19,91.99698638916016,92.3032103676293,91.200806381435,91.445784396063,1767300
2018-09-20,91.26204681396484,92.6247373027877,90.9251998739911,92.19602726335657,1997500
2018-09-21,91.45343780517578,92.33382951645024,90.36634827543892,90.73381236175793,4784400
2018-09-24,94.92140197753906,95.07451686775836,92.76253167170155,92.9539209039238,3593400
2018-09-25,96.18458557128906,96.84296508975105,95.12811896388425,95.37309698186522,3873600
2018-09-26,95.93193817138672,96.75108386260966,95.70227459409396,96.03911567560385,3106200
2018-09-27,97.22573852539062,97.72335174110879,96.2458265046919,96.89654878336812,2925500
2018-09-28,97.66209411621094,98.82573804163691,96.8812286432026,96.8812286432026,2724600
2018-10-01,99.13198852539062,99.37696071175806,97.82288080474594,97.93771553261229,2024600
2018-10-02,99.52241516113281,99.56834671447913,98.55781749643994,99.33102590120755,3278200
2018-10-03,99.8133316040039,99.93581185369986,98.94824840214574,99.65255948415982,3172400
2018-10-04,99.69847869873047,99.90518234681191,98.85637305947965,99.46115791238276,3223200
2018-10-05,100.32624053955078,100.36452072330921,99.21618529938793,99.78268996571369,2244000
2018-10-08,99.39227294921875,100.54825988643344,98.93293404780346,99.50710183383582,2115500
2018-10-09,101.32150268554688,102.22485459755649,99.59899894146564,99.69086206974427,2453900
2018-10-10,96.82000732421875,101.05353715063261,96.72813836959826,101.05353715063261,3450700
2018-10-11,93.10704803466797,96.0620986359306,92.4946000747456,95.9166409312833,4761000
2018-10-12,93.53575897216797,94.76064906266903,92.15775396989385,94.63816297398726,2955300
2018-10-15,93.83432006835938,94.59221985335762,93.35967263170365,94.12522962201115,2277500
2018-10-16,93.76530456542969,94.7009645035177,93.61191433306497,94.22546356004568,2426900
2018-10-17,92.139404296875,94.01838931840852,90.8739626583218,93.72695665033581,2576200
2018-10-18,90.91996765136719,91.45681875429335,90.15303416076515,90.91996765136719,2096900
2018-10-19,90.24505615234375,92.53052036977772,89.79256823298329,90.95063351028098,3547500
2018-10-22,89.15602111816406,90.75890935590911,88.50412880066602,90.57484695065706,1593500
2018-10-23,85.2216567993164,87.72185591884688,84.00222943196337,87.56080057810942,5023700
2018-10-24,81.4023208618164,85.8582026047095,81.29495064039043,85.7278253145834,5540900
2018-10-25,82.15392303466797,83.48838575792597,81.57105190504551,82.7291231905321,2926600
2018-10-26,81.72442626953125,82.34564634066804,79.36994082043778,80.98049988947368,4332300
2018-10-29,78.25789642333984,82.06188594832872,77.17651736065997,82.02353693215659,4307400
2018-10-30,80.9191665649414,81.41767458005972,77.48330142882723,77.98948041836742,4274200
2018-10-31,80.78875732421875,83.38099582550292,80.58168789158769,81.81645106914013,4010900
2018-11-01,81.97753143310547,82.29197701538803,79.64605260410056,81.27962490488159,3771700
2018-11-02,78.49565124511719,81.67075581853845,77.33757989355875,81.4100012082643,6607500
2018-11-05,81.56338500976562,82.14625616853385,79.79177031351297,80.17523710326385,5029700
2018-11-06,82.31498718261719,82.476042541341,80.86548310286368,82.10791182765857,4336700
2018-11-07,83.7108154296875,84.5160923126441,82.3380033897064,83.78750763026815,3424400
2018-11-08,80.41297912597656,83.55740541604857,80.31327987392447,83.38868495516927,4150100
2018-11-09,80.9191665649414,81.4636887241128,78.6106947680403,79.06318278786647,3486000
2018-11-12,77.65202331542969,82.02354228750653,77.48329699523747,81.93917912741043,3267000
2018-11-13,75.55829620361328,78.54167331073856,75.22084939619528,77.62902044822829,5175700
2018-11-14,75.21316528320312,77.53697276463811,74.57660909783819,77.2685472199776,4669900
2018-11-15,77.91278839111328,78.19655595423725,74.24684640050182,75.0904781148597,4217600
2018-11-16,80.68141174316406,80.9805153767059,78.76407775828622,78.99416017696714,6065000
2018-11-19,81.07254028320312,81.39465095168852,79.46198108953783,79.75341371560963,4309300
2018-11-20,78.50333404541016,79.73809777122202,77.74407132031905,79.33928897029756,5704300
2018-11-21,81.29496765136719,82.49905325894635,79.17056399577775,79.21657814280644,5253400
2018-11-23,77.23023223876953,78.38830392890132,76.2178798447692,77.9434809153089,3373700
2018-11-26,78.64136505126953,78.78708429470478,77.48329377992907,77.99713784192704,3664200
2018-11-27,78.1888656616211,79.0401622894293,77.2762188025766,78.42661901839979,3554900
2018-11-28,79.58468627929688,79.80709769521259,77.90510590244924,78.21954559306232,3580800
2018-11-29,80.88848114013672,81.74744295738455,79.44664234477608,79.73808083383248,2661900
2018-11-30,79.23190307617188,80.28260414476605,78.90979238988353,80.06019271340355,5268900
2018-12-03,82.9131851196289,83.12025459999019,81.41766706357929,82.14625158293916,4061400
2018-12-04,79.81478118896484,83.42703781844291,79.49267047451845,83.07424905720556,3153900
2018-12-06,78.32693481445312,78.44964701213406,76.3559154863103,77.80541967678843,5046200
2018-12-07,79.46199798583984,82.55273973853733,79.30861359239542,80.34397287624412,5226600
2018-12-10,78.00482177734375,79.19357128963398,76.08748762928819,78.26558226412382,3368700
2018-12-11,78.28092193603516,80.02952982268184,77.98948923867395,79.43132247738058,3713800
2018-12-12,79.70741271972656,81.75512411574432,79.63072052666672,79.94516027358382,3443300
2018-12-13,78.86376953125,79.99116265986878,77.8130685788068,79.16287311420135,2685200
2018-12-14,76.75469207763672,78.9557870761751,75.97241677369762,78.44194312924164,3088500
2018-12-17,73.78667449951172,76.90042277074643,73.21147434982619,76.34056456841273,4816100
2018-12-18,72.09944915771484,74.36190155801356,71.8693666740869,73.90941341845006,4658700
2018-12-19,71.30949401855469,74.49993498975272,70.78797889762701,72.8280193830645,4046700
2018-12-20,68.82460021972656,71.59323020317704,68.27240724722579,70.19741167879448,5743800
2018-12-21,66.92263793945312,69.39983057443162,66.58518523079132,68.5945536804522,7468800
2018-12-24,63.54813766479492,66.51617369534505,63.48678155405572,66.13270678008621,2773400
2018-12-26,68.2494125366211,68.28009057967316,62.91922689514066,64.292038602719,4488200
2018-12-27,68.09603118896484,68.09603118896484,65.22770132578344,66.79991160598485,4305200
2018-12-28,67.12203216552734,68.51018608586396,66.07133678333368,68.44115901297938,3325200
2018-12-31,66.88427734375,68.18039697669649,66.24005594000027,67.65121092987428,3571100
2019-01-02,69.49185180664062,69.99035980141164,65.34273835086013,65.69553294499754,3863000
2019-01-03,69.0009994506836,69.9596662078594,67.6895440290156,69.48416538985468,2961700
2019-01-04,72.03041076660156,72.32184931361964,69.85232189541219,70.32781703845905,3874200
2019-01-07,72.48289489746094,73.9400698820386,70.72661628225153,72.46755294903737,4453100
2019-01-08,73.25749206542969,73.70998591458124,72.35251021836537,73.36486814841858,3437800
2019-01-09,76.07213592529297,76.31755441184963,73.70997933516131,74.22382337713331,4739600
2019-01-10,76.01847076416016,76.17185516429724,74.60730970769188,75.17483900968683,3480400
2019-01-11,74.29286193847656,75.16716579791449,73.5949495350934,75.05212458456967,3206100
2019-01-14,75.55062866210938,75.93409545240357,73.07343062226377,73.36486912768024,3504800
2019-01-15,75.61200714111328,76.64737254258597,75.15951896816595,75.90344575537596,2452700
2019-01-16,75.84258270263672,76.41906935595136,74.89714787522297,75.75034859127469,2800500
2019-01-17,76.13467407226562,76.36526521816256,74.64349336529801,75.6043044673492,2670800
2019-01-18,77.67195892333984,77.91792629000224,76.18077846426647,77.09547235794442,3299500
2019-01-22,74.45133209228516,76.91100619910543,74.2745402669548,76.6804150502742,4390200
2019-01-23,74.22840881347656,75.65040781394595,73.89020149026187,75.05855086264474,2679100
2019-01-24,74.743408203125,75.36601772330697,73.6288697809051,74.18998012488547,3128900
2019-01-25,76.17308807373047,77.09547006957956,75.36601042472749,75.47362077792789,2417700
2019-01-28,75.40446472167969,75.51976324300757,74.16693937903493,74.88947130598505,2953000
2019-01-29,75.9963150024414,76.67272388900176,75.3967639647948,75.78877652593766,2873300
2019-01-30,76.44212341308594,76.78801890344037,75.61198713775062,76.6266033536717,3000600
2019-01-31,76.24995422363281,77.51822584346799,75.78107801348573,76.8187585251938,2500700
2019-02-01,75.9809341430664,77.24151772974365,75.75034301730354,76.76495921790534,2614700
2019-02-04,76.38832092285156,76.40369718393838,74.33602989216526,75.13542540324362,1788400
2019-02-05,75.59661102294922,76.59585684457718,75.2276628697167,76.27302574441744,1978000
2019-02-06,73.92862701416016,75.02779481262175,73.83638706547448,74.93555486393608,2723700
2019-02-07,71.47666931152344,73.61351260649097,70.50817578782869,73.37523329159684,3459000
2019-02-08,71.10001373291016,71.69187072638384,69.13227468888603,71.2306826209813,3073000
2019-02-11,72.4144287109375,72.52203911237888,70.4159422871772,70.4313126883858,2625700
2019-02-12,73.50588989257812,74.65118094000562,73.17537064136172,73.62118839683046,3072400
2019-02-13,74.36677551269531,75.16617101262317,73.59043853975066,73.90558738005528,3469200
2019-02-14,74.52818298339844,75.19690951501521,73.98244306812138,74.04393637629124,2654700
2019-02-15,77.05701446533203,77.06470259257587,75.2583797355798,75.49665890123342,3038600
2019-02-19,76.6419677734375,77.08009733559481,75.64272789598073,76.09622785315906,2791500
2019-02-20,75.92713165283203,76.71883902157438,75.65041760064486,76.54205307198691,3456300
2019-02-21,73.2906494140625,75.84256276049214,72.69110439055251,75.58890729229209,3836800
2019-02-22,73.42901611328125,74.65117070792012,73.1138731668006,74.12080117964997,4163500
2019-02-25,72.82946014404297,73.56736214996296,72.38364251619844,73.12154452211843,6090800
2019-02-26,72.18383026123047,73.1523237769881,71.46129832608383,73.01396672269037,5777600
2019-02-27,73.05237579345703,75.63503598799775,72.2452922835414,73.43670015735506,6452100
2019-02-28,72.25296783447266,73.9670567793587,71.46126072096114,73.30601851938681,5204700
2019-03-01,74.11312103271484,74.56662690564141,72.55276479870332,72.7449270120412,5033900
2019-03-04,74.41289520263672,75.04318704124789,73.11388260052284,74.33603148852814,3729100
2019-03-05,73.40596008300781,74.78953026276307,73.22916827946828,74.5896799336151,3337000
2019-03-06,70.66956329345703,73.00625604315478,70.3774730345422,72.96013313345422,5079200
2019-03-07,70.21607208251953,70.80793498785151,69.62421504151295,70.76950019917916,3731300
2019-03-08,66.44200134277344,68.94779210264124,66.24983915088833,68.6557076821328,6761000
2019-03-11,66.30366516113281,67.54119053482084,66.21142516889138,66.69567193342414,7699100
2019-03-12,66.8570556640625,67.36436067434403,66.46504324862457,66.8186208895658,8308900
2019-03-13,68.0792007446289,68.1560644255288,66.69563103113904,67.64107131274427,6656000
2019-03-14,68.94010162353516,69.21681561602708,67.90242121952846,68.11764777482973,4338900
2019-03-15,68.29444885253906,69.45511025300102,67.64109850574634,68.49429919468076,8939900
2019-03-18,70.65418243408203,70.86172085340809,68.27137279418884,68.42510017831466,4197000
2019-03-19,71.39208984375,71.58425202063121,70.97701883796768,71.34597279788227,7035400
2019-03-20,73.70572662353516,74.25915465022763,71.34597524506682,71.5227670341642,7928500
2019-03-21,74.45899963378906,74.73571362733003,72.55274832987621,73.65191617524059,5389100
2019-03-22,72.00699615478516,73.7518257770757,71.31521128926266,73.59809841332537,7873000
2019-03-25,71.31522369384766,72.3528982404632,70.70030826756482,71.90708646231347,2940500
2019-03-26,72.84485626220703,73.78260889183464,72.46053179854495,72.59888884003634,2393700
2019-03-27,72.70648193359375,73.36752032306622,71.97626797198615,72.4989493528638,2761700
2019-03-28,73.20610809326172,73.38289989279093,72.03776452911256,72.10694010436869,2768000
2019-03-29,73.15999603271484,74.23610556991481,72.90634051082642,74.08237228498614,2785600
2019-04-01,74.51280975341797,74.67422528297875,73.46744701160341,73.93632320599043,2633900
2019-04-02,73.82870483398438,75.15077557978789,73.79795818440888,74.62041200150104,2260100
2019-04-03,72.19917297363281,74.28989838600371,72.08387449521214,74.28989838600371,4351500
2019-04-04,71.99932861328125,72.63730849746943,71.42284203790452,72.29910116333119,5782700
2019-04-05,75.81182098388672,75.9117490704453,72.20686248236686,72.59886910643347,4505400
2019-04-08,76.46516418457031,77.62581933120046,76.07315176232076,76.18845022349103,4985900
2019-04-09,75.76571655273438,76.54973579573502,74.85871067943738,75.9348202372292,4005700
2019-04-10,75.88870239257812,76.90331862465358,75.63504686847796,76.35757278880463,3066200
2019-04-11,75.88870239257812,76.68040975780724,75.06624837009518,75.61967060768842,2640900
2019-04-12,80.94639587402344,81.84571934494674,78.2868719721294,78.47134602530559,7145100
2019-04-15,78.65874481201172,80.66141432813995,78.13496916533802,80.43803881505539,6091000
2019-04-16,78.83588409423828,79.19790619792077,77.78063467676442,78.45845942036956,2990100
2019-04-17,78.44305419921875,80.45342759572316,78.12725154631008,79.4829069658665,2445500
2019-04-18,80.00667572021484,80.33018256932772,78.19656528127307,78.5277763534411,3307000
2019-04-22,82.47151947021484,82.64868138656517,80.59979239398305,81.06965021930145,3886000
2019-04-23,82.10948181152344,83.10311509695032,81.1620679910332,82.39447931832984,4242000
2019-04-24,80.06060028076172,82.8643382960763,79.97587144980983,82.8027162596384,3599200
2019-04-25,78.62792205810547,80.20694711098332,78.58170259141666,80.09141313576373,4090800
2019-04-26,75.39285278320312,78.67415358955087,74.7766498939722,78.15808212721186,4380400
2019-04-29,74.71504211425781,75.8396183316099,74.48396231377853,75.48530028038418,3512000
2019-04-30,73.98326873779297,75.77796505952065,73.15138885059326,75.47756496857649,3804600
2019-05-01,70.77901458740234,74.32990481066166,70.7559077852306,73.82153165647225,5186600
2019-05-02,68.68389129638672,70.97926228251931,68.60686668645766,70.19359598208021,5145900
2019-05-03,70.01647186279297,72.11157511625005,69.1152711752203,70.67119016034738,6354600
2019-05-06,70.27833557128906,70.76360185364864,68.96889937229751,69.24619271175958,3705900
2019-05-07,70.69427490234375,70.77900374840006,69.0921369289542,69.43875653825778,4170900
2019-05-08,72.4273452758789,72.91261148629384,70.49399641143137,70.60953626517782,3925400
2019-05-09,72.58909606933594,73.27462506616625,70.9099337691379,71.38749573810094,3395100
2019-05-10,73.17449951171875,73.367063984118,71.24885478772615,72.68153493250475,2425700
2019-05-13,72.01911163330078,73.40557816511713,71.79573614336364,72.35802698032283,4184500
2019-05-14,72.66613006591797,73.42868964536264,72.34262314672415,72.34262314672415,2482500
2019-05-15,72.68154907226562,72.88951615721099,71.76494012481193,71.93439783374647,1950500
2019-05-16,73.31315612792969,74.1373319467148,73.01275598029974,73.17450945390031,2043800
2019-05-17,71.64936828613281,72.92029465967393,71.37977926789073,72.61219040599731,2701400
2019-05-20,72.15776062011719,72.80477443815555,71.46452733178934,71.79573846529034,2823000
2019-05-21,73.6597900390625,73.89857407873704,72.47359169800113,72.47359169800113,2537300
2019-05-22,71.56466674804688,73.46719888952282,71.16412933550339,73.18990556594706,2869900
2019-05-23,68.43741607666016,70.13198705286715,67.20500456089248,70.13198705286715,4547200
2019-05-24,67.13569641113281,69.70835555217872,66.78907675259128,69.15376879979445,3757500
2019-05-28,67.09716033935547,68.07538520209464,66.98932471280473,67.54391129312336,3148500
2019-05-29,66.57339477539062,66.73514823950848,64.91733900951488,65.9725945153524,3974100
2019-05-30,64.67084503173828,66.61959635106332,64.55530518490147,66.44244034563417,3010000
2019-05-31,63.068721771240234,64.58613094375144,63.03021239790567,63.700333084627424,4316600
2019-06-03,63.89289474487305,63.9699252413269,62.63737639913942,63.52317421894249,3333200
2019-06-04,64.91734313964844,65.39490521404748,63.60790689351855,64.2703292420131,3586200
2019-06-05,63.18424987792969,65.03286987518875,61.936435934145564,64.77868337678792,4593300
2019-06-06,64.90962982177734,65.3024629912297,63.49235812457083,63.80816080372173,3545000
2019-06-07,65.163818359375,65.57975833819289,64.31653582916144,65.0790895186935,2462100
2019-06-10,65.6259536743164,66.11121978622909,65.33325786395946,65.53352651136152,2044100
2019-06-11,66.62730407714844,67.54391279987819,66.36541922871196,66.41933704319011,4030700
2019-06-12,65.4950180053711,66.35000461015333,65.04056873654837,66.21135797487511,2857600
2019-06-13,66.61961364746094,67.01244687805679,66.32691771920256,66.49637542167929,4218100
2019-06-14,65.60287475585938,67.26663491511728,65.5181459027526,66.67353294336978,2759500
2019-06-17,65.83393859863281,66.28068955671634,64.94814090632265,65.01746716783262,2629200
2019-06-18,68.0137710571289,68.61457124474433,66.56568252636245,66.60419776981516,3640500
2019-06-19,68.28336334228516,68.84564831288738,66.65811871905727,67.59013006374697,3318300
2019-06-20,70.44009399414062,70.94076288541635,69.63132659432817,69.63132659432817,3772800
2019-06-21,71.14873504638672,71.71102010711324,70.37847703046369,70.37847703046369,4052500
2019-06-24,69.75455474853516,71.59547069120985,69.60050551651443,70.74048393731138,2311500
2019-06-25,69.3540267944336,69.91631180923567,68.66079346140202,69.64672270100166,2641900
2019-06-26,71.70331573486328,72.69694927856416,69.87780800188456,70.47860831281945,3422300
2019-06-27,70.94844818115234,72.2424815521899,70.77899052070921,71.54924833974107,2112400
2019-06-28,71.75723266601562,71.99601074741834,70.60954410178576,71.03318832034064,3735900
2019-07-01,71.70331573486328,73.3978868923897,71.2103510758089,73.17451136303659,2355200
2019-07-02,67.44377899169922,71.62627957093994,67.28202553993427,71.37979728111696,5193200
2019-07-03,67.16648864746094,67.85201772995106,66.34231290353453,67.7826973375337,2794500
2019-07-05,68.22173309326172,68.55294418223994,67.16647779195887,67.29742608414143,5390500
2019-07-08,69.43875885009766,70.12428798984804,67.20500950775723,67.7441877491557,3219400
2019-07-09,68.66851043701172,69.50039059111629,68.29108561540244,69.09985309027947,2626900
2019-07-10,69.83158111572266,70.94074844926914,69.24618349074461,69.36172334623518,4298700
2019-07-11,69.97021484375,70.5710208564741,69.3925215010773,70.20899875480978,3640300
2019-07-12,70.01647186279297,70.45551880365686,69.6467453394637,69.97025237449948,2393000
2019-07-15,68.36039733886719,70.3707711842567,68.22945488956036,70.21672193526067,3432500
2019-07-16,67.23058319091797,68.6138338284258,66.65873850193799,68.6138338284258,3012000
2019-07-17,65.83189392089844,67.79471897123213,65.77007126677782,67.40833622657746,3693500
2019-07-18,66.01737976074219,66.11783718806386,65.31416008228574,65.64644959817731,3330800
2019-07-19,67.26151275634766,67.53970882012015,65.6077949859962,66.24146248775953,3130200
2019-07-22,67.39289855957031,68.59841121090807,67.15334307006977,67.5165439062381,3331000
2019-07-23,67.68653106689453,68.28929314272109,66.81330812595584,67.33878893091243,2908200
2019-07-24,67.756103515625,68.57523335203479,67.49336008584726,67.58609410148675,1849300
2019-07-25,66.04825592041016,68.14244932767515,65.70050797277229,68.01880404076432,2945100
2019-07-26,65.13641357421875,65.83962720921699,64.50274601374107,65.70052916444219,3026100
2019-07-29,64.85050964355469,65.2137105415615,63.37452991474958,64.95869639244152,3407000
2019-07-30,66.50418853759766,67.02194583713441,64.17816892501911,64.60318635822041,3707600
2019-07-31,66.34192657470703,68.10383122578435,65.87826838690779,66.34965588162824,3144300
2019-08-01,62.648109436035156,65.1441450169611,61.396226992016494,64.9123129694908,8080000
2019-08-02,63.72226333618164,67.87974096820345,61.867624348341884,64.17819819660072,6795800
2019-08-05,61.048465728759766,63.080836579291656,60.89391500925825,62.01442246497432,5476400
2019-08-06,60.492088317871094,61.751699979435564,59.40249192199848,61.45804528742252,4257200
2019-08-07,59.9279670715332,60.3529845604285,57.83376737171017,59.23247694020202,5249900
2019-08-08,62.099449157714844,62.12263118429014,59.96661427677596,60.27572172115949,6235200
2019-08-09,61.33441162109375,62.501283504966196,61.24940692813165,62.43946673386704,2787800
2019-08-12,60.2138786315918,61.53530675982815,60.12115055673936,60.85527532940441,4615300
2019-08-13,60.67755126953125,61.76715357665798,59.3715814371938,59.881603658600476,4881100
2019-08-14,57.97286605834961,59.41021038089598,57.385568514742566,59.10110889299037,6971500
2019-08-15,57.91105651855469,58.3592560901925,57.146014322123875,57.88787449364473,4008300
2019-08-16,58.66836929321289,59.17066816677918,57.826057527908155,58.10425364570689,2540900
2019-08-19,60.12889099121094,60.42254570001047,58.85383243510236,59.82751287114159,3530000
2019-08-20,59.263397216796875,59.80433079188598,58.88473781850071,59.69614407686816,3039100
2019-08-21,59.67295837402344,60.37617197830088,59.000650204360305,59.958877862206535,2886800
2019-08-22,58.35153579711914,60.08252919978656,58.32062446367618,59.982071787897475,2299800
2019-08-23,55.445919036865234,57.849219971306404,55.144540993898346,57.32373924843783,5160000
2019-08-26,55.83232116699219,56.58190483047553,55.152289481471044,56.21097470472397,2688200
2019-08-27,55.376373291015625,56.40414682746832,54.734976572067175,56.35778278851427,2649300
2019-08-28,56.04869079589844,56.78282168963626,55.34547713091093,55.38411187538096,3055900
2019-08-29,57.55557632446289,58.60653196743037,56.442792131548984,56.55870813426632,3726700
2019-08-30,57.33146667480469,58.27424140221089,56.68234067571677,57.64056811693674,3164000
2019-09-03,57.28510284423828,57.45511219296054,55.940492561385526,56.07186127785901,2467000
2019-09-04,58.39789581298828,59.01611064764872,57.89559699679338,58.498353217933825,2951100
2019-09-05,58.42108154296875,59.75023939477877,58.04242802798278,58.59882023532036,4059700
2019-09-06,59.07021713256836,59.13976322166497,56.78283116909943,57.74878837811848,3794000
2019-09-09,61.82123565673828,62.14579572896037,59.541579950189046,59.69613068103791,5133600
2019-09-10,61.89854049682617,63.66817491764747,61.6048916100915,62.12264329028235,4342700
2019-09-11,62.617183685302734,63.94634120718623,61.66668548014752,62.50126768825801,3585300
2019-09-12,61.57395553588867,62.18444099095502,60.27570925457618,61.21848411187527,3200200
2019-09-13,61.349853515625,62.66355252750919,60.368443909673815,61.95260967156558,4123500
2019-09-16,66.17962646484375,67.23058785001986,64.31726497064105,66.45009316785261,11888900
2019-09-17,62.76400375366211,65.67732657932588,62.46262573361868,65.2213978449075,4902200
2019-09-18,62.84129333496094,62.895386686809374,61.57395832388354,61.821243060295394,3876100
2019-09-19,63.06539535522461,63.7299741824753,62.57082588783801,63.6681515251187,4099100
2019-09-20,62.5940055847168,63.47495778425048,61.88306273873047,63.35904177994701,4754700
2019-09-23,61.92168426513672,62.59399223007124,61.59712423891935,61.82122689389752,3749100
2019-09-24,60.70846176147461,61.643507400908845,60.18298093398648,60.855289107543385,4323900
2019-09-25,59.32521438598633,60.608008152332744,58.815192139707584,60.067074573592585,3236200
2019-09-26,58.026973724365234,59.05475352284452,57.516951426905024,58.73019334303036,4100200
2019-09-27,57.94196319580078,58.30515804977043,56.79053828807611,57.18465036708701,3422300
2019-09-30,57.35466766357422,57.8569665167734,57.01464888988849,57.47830710217464,3159100
2019-10-01,55.314552307128906,57.79512869329582,55.175454290347,57.79512869329582,4155300
2019-10-02,53.939029693603516,55.86321397496067,53.68401568520865,55.12135986522939,4289200
2019-10-03,54.74270248413086,54.93589384958146,53.3980922313998,53.4444621682061,3556500
2019-10-04,54.80453872680664,55.19092155352536,53.73812424752724,54.642258647072865,2525300
2019-10-07,53.90813446044922,55.20638101394202,53.88495243380841,55.17546967984289,3736000
2019-10-08,53.112178802490234,53.90039706872749,52.63306203941536,53.235818224608536,5544600
2019-10-09,53.003997802734375,54.15542296824502,52.61761494347875,53.869497529931415,3575300
2019-10-10,53.25128173828125,53.79221531433441,52.625337576581096,53.08127235845488,3057700
2019-10-11,53.51401901245117,54.68862015694096,53.35946824724302,54.00085922901725,5662700
2019-10-14,52.694889068603516,52.9498972402883,51.01798320663349,52.602155072523935,5351700
2019-10-15,53.51401901245117,53.93131315339372,52.00712841660346,52.238954564415685,6107900
2019-10-16,52.907196044921875,54.094464232109104,52.891678791911914,53.16327512225605,4342100
2019-10-17,51.81303787231445,53.3029485829027,51.525924318574326,53.054631117863885,4324000
2019-10-18,50.004974365234375,51.9139158068398,50.004974365234375,51.75095804088804,6595300
2019-10-21,52.50366973876953,52.55798899179853,49.91961258677288,49.973931839801885,5603500
2019-10-22,53.98582458496094,54.85493874446769,52.30192145125022,52.66663905318927,4476400
2019-10-23,55.82491683959961,56.445707448577764,53.590054070285724,54.0478928427483,5533200
2019-10-24,55.848201751708984,56.306034653646,54.839408761838605,56.09651920639713,4249800
2019-10-25,56.24396514892578,56.50003829348844,55.250689314123356,55.73956860539576,2398800
2019-10-28,55.13429641723633,56.903559233975656,55.11101165776906,56.717316680372484,3211400
2019-10-29,55.72404098510742,56.088758547785815,54.35829792192927,54.831654002806935,3939500
2019-10-30,54.02461624145508,56.25947318276695,53.92373339706586,55.879238401024125,3361400
2019-10-31,53.784061431884766,54.1099829216462,52.85287239919478,53.675422908749454,5272200
2019-11-01,55.21188735961914,55.3903623832277,54.040136606697274,54.366052152695126,3033100
2019-11-04,57.18292999267578,57.60972261978011,56.15861939912539,56.19741549957643,6808500
2019-11-05,57.43122482299805,58.47881384664433,56.97338602400379,57.73386152048798,4412800
2019-11-06,55.421424865722656,57.19068815724267,54.84719163890733,57.027730319377135,5247800
2019-11-07,57.997703552246094,58.665057872282794,55.770607877097255,56.22067922753027,7641200
2019-11-08,57.96664810180664,58.41672525592548,56.75610147244953,57.42345561949359,3136400
2019-11-11,57.28378677368164,57.88906019472863,56.585392087721615,57.035469320935306,2905800
2019-11-12,56.872501373291016,57.71833051026996,56.24394922855055,57.501053518031476,3262000
2019-11-13,56.3448486328125,56.60092772746928,55.173097619371525,56.39140631534778,3847700
2019-11-14,56.14309310913086,57.609719424916996,55.956856444365414,56.54661278987229,3425200
2019-11-15,57.01995086669922,57.43122608409572,56.29051577449867,56.500031215686626,3505300
2019-11-18,55.2972412109375,56.60090917788696,54.862681275051386,56.43018983739825,2965800
2019-11-19,54.6298942565918,55.398125470224656,54.14877658968206,55.374846633501726,3763500
2019-11-20,55.91804122924805,56.92683427267318,54.56005378175175,54.89373093423649,4027600
2019-11-21,56.89579391479492,57.004432437091545,55.32829100711833,55.918041293769875,4147700
2019-11-22,56.63971710205078,57.6640274387791,56.51556132323664,57.043236703997025,2903300
2019-11-25,57.05098342895508,57.1053026837401,55.92579632825624,56.507790881104896,3129200
2019-11-26,55.8016471862793,57.17515188892658,55.755083590688315,57.01995569123783,3320000
2019-11-27,56.14309310913086,56.30605093084523,55.3515828436101,55.92581601351171,2346500
2019-11-29,55.01789093017578,55.75508172506329,54.67645220225891,55.382608494931475,1497600
2019-12-02,54.93252944946289,56.35259765368484,54.87044860635531,55.576604875905204,3938000
2019-12-03,53.37278747558594,54.412620977064286,52.82959484669431,54.32726128961623,4555500
2019-12-04,55.91029739379883,56.298293889466116,54.03238985529807,54.10223230310366,5310600
2019-12-05,54.77732849121094,56.50003344128996,54.44365727330437,56.274994820568764,3480500
2019-12-06,57.392433166503906,57.51659487009614,54.86269469919304,55.025658415246816,4368000
2019-12-09,57.81922149658203,58.12185819564408,56.47675143328115,56.8647478085253,3752000
2019-12-10,58.075286865234375,58.2770466111727,57.22169613752399,57.46225788395763,3646900
2019-12-11,57.94336700439453,58.22272481876343,57.462255373256596,58.013209418163655,3158900
2019-12-12,59.526405334472656,59.84456521546112,57.71058507436456,57.935623690595534,3754800
2019-12-13,58.57969665527344,60.25584399771991,58.50209855690582,60.10840346657265,2728900
2019-12-16,60.45759582519531,60.65159400573512,58.96768529918008,59.169445064640776,6744500
2019-12-17,61.15599060058594,61.69142752646135,60.566240335944705,60.62055959506575,5506500
2019-12-18,62.53724670410156,63.134764377985135,61.1559806927821,61.23358469640125,7742700
2019-12-19,63.04940414428711,63.367563979277534,61.83885747923014,62.211330643699576,6791700
2019-12-20,64.14356994628906,64.88852235005325,63.16581732619306,64.19012762141325,9119000
2019-12-23,64.70227813720703,64.79539940540498,63.49173125241016,63.910768078767994,3159100
2019-12-24,65.03594970703125,65.57138659265641,64.81867268688039,65.02819404227927,1236200
2019-12-26,64.91180419921875,65.71883748749471,64.7721252470103,65.40843915810308,2588800
2019-12-27,64.51603698730469,65.25322773424438,64.3530792196766,65.23771048414616,1868300
2019-12-30,63.93405532836914,64.7954079313849,63.80989954145703,64.32981336984137,2251800
2019-12-31,64.9971694946289,65.01268674827698,63.15030253162897,63.51502015609891,2238900
2020-01-02,65.29203796386719,65.65675555083912,64.8264434376638,65.43171691376376,2496400
2020-01-03,65.95161437988281,67.39496119813877,65.22994097075483,66.40945312692412,3716200
2020-01-06,68.6288070678711,69.28839978245847,66.56466331971052,66.65778458967259,8485500
2020-01-07,69.28839874267578,69.31943916553067,67.68985544795888,68.7762406461032,4320000
2020-01-08,67.77523040771484,69.48241867654087,67.48811676713144,69.24961839249642,5337300
2020-01-09,68.48137664794922,68.57449793165995,65.73436094222329,67.16219102400659,6908200
2020-01-10,66.94490051269531,67.98473400947489,66.85178515979503,67.93817633302474,2950600
2020-01-13,66.3628921508789,66.71209241310235,65.44722054114746,66.64224999251591,3399700
2020-01-14,66.9914779663086,67.24755708046412,65.61796702337027,66.246525387239,4281700
2020-01-15,67.30961608886719,67.332894926397,66.15338843549472,66.48706558758475,2562500
2020-01-16,67.75184631347656,68.58492442972323,67.47934523621419,67.70513354025387,5128600
2020-01-17,66.42047882080078,67.8452778049774,65.6341194177971,67.79077758952093,4542600
2020-01-21,65.43169403076172,67.0900629866604,65.42390658775415,66.25698478720727,4522700
2020-01-22,64.69203186035156,65.478397166114,64.45067462336692,65.43168439510477,4030400
2020-01-23,63.71103286743164,64.03024672703465,62.79231068064925,63.92124629301624,3369400
2020-01-24,62.16944122314453,63.22830759289274,61.484294841574744,63.22052015103464,3128800
2020-01-27,59.67021179199219,60.93929167333875,59.646855404617426,60.40985844589096,2968300
2020-01-28,59.98942565917969,60.6745720280739,59.615705677915294,60.31642693023755,2794300
2020-01-29,58.502349853515625,60.682370607513846,58.42449324231826,60.47215122319442,2701000
2020-01-30,59.031776428222656,59.164133246249285,57.295545089122875,57.71597786998216,4535800
2020-01-31,56.76612854003906,58.23764058097365,56.45469613167595,57.86392050292209,5004100
2020-02-03,55.56708908081055,56.8361685132965,55.48922656366299,56.703811738267355,3803200
2020-02-04,57.31892395019531,58.237646379293814,56.758346747344746,56.766134191850924,4725200
2020-02-05,59.98942565917969,60.713503296566415,58.61133953959967,58.78262761684262,3724800
2020-02-06,59.07071304321289,60.261936393371315,58.564636171948074,60.261936393371315,2128800
2020-02-07,57.88724899291992,58.64247028866511,57.536891414929975,58.27653783072043,2257800
2020-02-10,57.381195068359375,57.72377128228537,56.8829056336008,57.53691422927056,2865400
2020-02-11,58.2298583984375,58.712578972019124,57.85613828661951,58.49457210841217,2191500
2020-02-12,58.68918991088867,59.88041888351238,58.52568929270353,59.63905573660168,2860000
2020-02-13,58.92277145385742,59.20305995281959,58.19869382155141,58.393338282493055,2197600
2020-02-14,58.33103942871094,59.343192807285924,57.49017409328647,59.17190476413541,2087700
2020-02-18,58.02741241455078,58.44784521131402,57.24883448130292,58.02741241455078,2520800
2020-02-19,60.16849899291992,60.47214389786249,58.33884212106451,58.33884212106451,2765200
2020-02-20,59.164146423339844,60.23858797152904,58.93057656422691,59.78701126113298,2447100
2020-02-21,57.77827072143555,58.29213503536832,57.34226895694364,58.29213503536832,2963700
2020-02-24,54.43038558959961,55.535964817513594,54.033309184615966,55.535964817513594,3854400
2020-02-25,52.15693283081055,54.74959871179767,51.03578467314758,54.617241891947145,6558100
2020-02-26,49.20612335205078,52.76422110966593,49.11269483665274,52.72529577912562,5371300
2020-02-27,46.71467208862305,49.48641036842867,45.81930635224222,47.174033149629395,7699300
2020-02-28,49.25282669067383,49.25282669067383,43.86507013743301,44.61250405752913,11070400
2020-03-02,48.94140625,49.75112796194688,46.83924536976977,49.681055833604574,8008500
2020-03-03,48.60660934448242,50.92677366143997,47.407598892371674,48.99589822087902,6432200
2020-03-04,49.89127731323242,50.21827863219533,48.48983460327931,49.53312919288928,5455100
2020-03-05,48.17060852050781,49.62655117111379,47.26745837507051,48.10053639844635,4905100
2020-03-06,43.05534744262695,46.63680674668465,41.94198106230441,45.87379796531311,9915000
2020-03-09,29.2745304107666,31.283262993961458,27.164584830153146,29.757250889387546,18938200
2020-03-10,32.38883972167969,32.474483766599064,27.88087590037242,31.049687742155353,13804500
2020-03-11,30.255542755126953,31.104192927585597,29.2433919089934,30.714903912146575,13208700
2020-03-12,25.303781509399414,27.989875832866527,24.649775960816456,27.39815497127106,12384000
2020-03-13,27.094514846801758,27.888664793712984,23.551985404726782,27.4448755542684,13961100
2020-03-16,24.21377182006836,28.098875175631033,21.885824189461594,23.34954991751161,10311100
2020-03-17,24.050270080566406,25.87992986861323,23.061477308053593,24.439559018018212,10122100
2020-03-18,23.17047882080078,23.474123731031817,21.021603607196166,21.948111737541016,7759600
2020-03-19,25.86435317993164,26.899860017969885,23.17047345786806,23.310617687082008,9407700
2020-03-20,27.164581298828125,28.99424106792455,26.097930452868727,27.00886513145243,12411400
2020-03-23,26.892086029052734,28.441454654751404,25.77871920192358,26.938798810305467,8642100
2020-03-24,30.987394332885742,31.14311047928988,27.81079860841817,28.371372577419237,10485900
2020-03-25,30.901762008666992,32.36548958722735,28.5738152817943,30.434616362550077,9492500
2020-03-26,30.777170181274414,31.29881869402769,28.12222080452695,28.12222080452695,9263100
2020-03-27,28.028810501098633,29.88961161193745,27.15680389489777,29.453609793856835,10078900
2020-03-30,27.234655380249023,27.616159869197727,26.097932325891037,27.258011767518042,9148200
2020-03-31,27.96651840209961,30.06089497821873,27.390372385129123,28.729527403015922,7816000
2020-04-01,26.938791275024414,27.616156114112506,26.12128516133874,26.91543489093126,6250300
2020-04-02,29.819534301757812,33.82921185304221,28.254593959998292,28.519310576569055,12694000
2020-04-03,31.057476043701172,32.147486435188235,29.920752872890546,31.14312009918022,13593900
2020-04-06,30.699329376220703,31.874980795736498,29.3212460227236,31.672551831794426,9030700
2020-04-07,32.17862319946289,33.432131013265476,31.618046210406224,32.70026892091606,7531800
2020-04-08,35.26179885864258,35.33965547178785,32.83263332398988,32.90270546383639,7217500
2020-04-09,34.89585494995117,37.044731229809244,33.128483079138974,36.787799143505985,10998400
2020-04-13,33.70464324951172,36.57759507843638,33.27642593187289,35.97030517233185,5758200
2020-04-14,32.87934875488281,33.85257125995289,32.52120358582648,33.36206628578654,5410700
2020-04-15,31.33573341369629,31.736367437909404,30.463768416272824,30.927245171811006,6256000
2020-04-16,28.688425064086914,31.14720929101993,28.594159447383866,31.068652113225788,6638800
2020-04-17,32.867557525634766,33.095368752662026,29.450401106820667,29.49753239748238,10886100
2020-04-20,32.34123229980469,33.802362115023705,30.510894421336182,30.660148489743555,6680800
2020-04-21,31.814918518066406,32.71044907837037,30.848688018967447,30.848688018967447,6313900
2020-04-22,33.89664077758789,34.038040672573764,32.67117601992674,33.53528382559658,5273600
2020-04-23,34.737186431884766,36.22973670080177,34.62720939062926,35.546305803964245,7565400
2020-04-24,34.06160354614258,35.609145050304534,33.629549678528825,35.349910931746834,5192300
2020-04-27,34.988563537597656,35.412763267164856,33.03253344902645,33.66883304337725,4777200
2020-04-28,35.33420181274414,36.77176638976154,34.95713643106317,36.16688973686208,4409600
2020-04-29,37.48661804199219,37.62801792705001,35.71912247541853,37.07812981811949,6661500
2020-04-30,37.3216552734375,38.57854300169753,36.02549345583601,37.54946656749489,5449300
2020-05-01,35.01213073730469,36.88960373854787,34.43867685384148,36.24544989703305,5699200
2020-05-04,36.71677780151367,36.76390910122295,33.983048545703255,34.17158273448818,7710200
2020-05-05,36.17474365234375,38.649238757469725,35.89980108361831,38.09935062336959,7181600
2020-05-06,36.00978088378906,36.983868767482036,35.82124668168254,36.2454463889351,3247100
2020-05-07,37.950096130371094,38.81420390618325,37.22738524800977,37.36878513810983,5907500
2020-05-08,40.41673278808594,40.46386408561097,38.06792623643339,38.72779137162598,7284300
2020-05-11,39.15199279785156,40.82522285850463,38.88490444543111,39.85899225915547,5279100
2020-05-12,39.05772399902344,39.701877679100015,38.26431322455049,39.285532254185384,5286000
2020-05-13,37.86368942260742,38.84563156014055,37.353078312430355,38.84563156014055,5768000
2020-05-14,37.36092758178711,38.460700743936314,36.06476303724991,37.03099353548808,5903800
2020-05-15,37.455196380615234,38.34287279935818,36.873885390439966,36.99171963065025,4004800
2020-05-18,41.194435119628906,41.382969326934685,39.28553938099978,39.670462014118016,6340600
2020-05-19,39.79615020751953,41.453668989209746,39.73330746995829,41.07660357389365,3559100
2020-05-20,41.35939025878906,41.940698132508125,40.46385681038776,40.57383681035355,3303600
2020-05-21,41.10015869140625,42.07424634545563,40.54241642816488,41.59505823319377,3881100
2020-05-22,41.06874465942383,41.14730182393672,40.02395984292239,41.013756142589514,2500200
2020-05-26,40.408870697021484,42.71054267670553,40.2988936872043,42.702688460282346,5685300
2020-05-27,41.422245025634766,41.4301022405279,39.53691799895996,41.068745271680285,3968600
2020-05-28,40.565982818603516,41.71289022518584,40.306751718294635,41.32797068301382,4688700
2020-05-29,40.03966522216797,40.440296212338765,39.22268881465026,40.440296212338765,6602700
2020-06-01,40.699527740478516,40.78593610792557,39.27767483273978,39.84327430925884,3263900
2020-06-02,43.05620574951172,43.087625624709226,41.12374108399048,41.2415753550936,4824400
2020-06-03,43.4961051940918,44.19524747008223,42.36490900563361,44.07741621939979,4638800
2020-06-04,43.32327651977539,43.74747313032599,42.53772302347229,43.20544229667041,4361200
2020-06-05,46.591182708740234,47.02323656728382,45.7349292087252,46.51262555477385,6327200
2020-06-08,48.790733337402344,49.04211024329174,46.42621538327829,48.680756315656865,6075100
2020-06-09,46.716861724853516,48.24868845976206,46.07270817564879,46.78756165082225,6336900
2020-06-10,43.70035934448242,45.64853243614171,43.676790692430714,45.58568669287045,6349300
2020-06-11,40.18106460571289,43.15045601586953,40.118218884377825,40.66810695946396,5890600
2020-06-12,41.29655075073242,42.56129247224777,39.7961435585994,42.302058356914,4552500
2020-06-15,41.01374816894531,41.43009356829676,38.70422192095984,39.06557581751866,5415200
2020-06-16,42.8912239074707,43.15831224228326,40.77023165668461,42.851946828131894,4660800
2020-06-17,41.22584533691406,42.85194076394626,41.19442247923019,42.81266369016575,3933500
2020-06-18,41.579341888427734,42.29419536577157,40.43243463847361,40.84877698341555,3444300
2020-06-19,41.084449768066406,43.590367492269614,41.06088412066478,43.55108741773496,7928400
2020-06-22,41.178714752197266,41.49293736398609,40.32246427820301,40.84092949000031,3335400
2020-06-23,41.21013641357422,42.02711278313366,40.848782518185985,41.78359011625089,3850000
2020-06-24,38.452850341796875,41.08445377311194,38.42142747776554,40.51099998946162,4258300
2020-06-25,39.85113525390625,39.906123768224084,37.71442842332992,38.04436250588622,3504500
2020-06-26,38.3035888671875,39.48191916412289,38.02864632989547,39.40336500965343,4342700
2020-06-29,39.00273895263672,39.159847281415885,38.044362564507495,38.51569354414357,2634100
2020-06-30,39.79615020751953,40.07109280306787,38.319308416711024,38.531408274698116,3104900
2020-07-01,39.16770553588867,40.840935652330856,39.10485980538879,40.08680186957915,3394800
2020-07-02,39.68617248535156,40.55813755427681,39.631183967189564,40.19678058209148,4166400
2020-07-06,39.59975814819336,40.9194884789854,39.17555847115679,40.23605766374821,2381400
2020-07-07,37.7929801940918,39.10485312949849,37.722280257673845,39.026298976433594,3779700
2020-07-08,37.26666259765625,38.30359313475639,37.05456276097905,37.92652775732445,3867400
2020-07-09,34.83144760131836,37.266662622606844,34.78431330536434,37.140974163378715,5209700
2020-07-10,35.66413497924805,35.79767765413177,34.59578159358153,34.83144707650227,6245700
2020-07-13,35.310638427734375,36.245446225821574,34.98856153959933,36.0333463731498,3817700
2020-07-14,37.14097595214844,37.1566873848898,34.93357209335167,35.224226107443364,3695600
2020-07-15,37.282371520996094,38.028648007982504,36.371129504355046,37.93438241912972,4202100
2020-07-16,37.864356994628906,38.28401536171556,36.53411584631819,36.835004516190196,3080100
2020-07-17,37.34175491333008,38.71158568337634,37.10421254647794,37.8722691191311,2949500
2020-07-20,37.76933670043945,38.521556786545034,37.159642652565054,37.159642652565054,4004100
2020-07-21,39.923065185546875,40.3743997371739,38.56115381996422,38.56115381996422,4584300
2020-07-22,39.740936279296875,39.97056186647067,38.806600391258286,39.281688125464235,2565000
2020-07-23,38.679908752441406,39.65383749548103,38.50571264484913,39.25793258288484,4936400
2020-07-24,38.83036804199219,39.57466844885698,38.49780622921203,38.909547843812504,3055000
2020-07-27,38.45029067993164,39.18667414482384,38.141482274884005,38.648243159300186,2474800
2020-07-28,37.428855895996094,38.553224551027554,37.36550965150774,38.09397636054779,2763300
2020-07-29,38.40278625488281,38.41862281786215,37.17548131888142,37.523876642880325,3016100
2020-07-30,36.88251495361328,37.76142160464068,36.49452668562446,37.48428928501705,3226500
2020-07-31,37.0963020324707,37.12005838945712,36.30449193128229,36.352001624739295,2885500
2020-08-03,36.71622085571289,37.270488339070106,36.351989059983644,37.104209000217374,4004500
2020-08-04,38.37110900878906,38.61657117783882,36.49452029471287,36.72414590248375,5754300
2020-08-05,40.18436050415039,40.46941260874313,39.210434493802325,39.487566806314334,5052800
2020-08-06,40.29521560668945,40.44566145919657,39.79637439669502,39.915147120198974,3290600
2020-08-07,38.648250579833984,38.94913623147387,35.686879590865324,37.21507326664764,8528400
2020-08-10,39.95473861694336,40.08934791032504,38.51364441541781,38.790779774490225,4088700
2020-08-11,39.131256103515625,41.791738686743564,38.98081326263066,41.17412773724994,5528600
2020-08-12,38.86995315551758,39.85971565894743,38.49780148766301,39.851798887946785,4644300
2020-08-13,37.54762649536133,38.91746037115434,37.5159563928549,38.61657174347883,3394600
2020-08-14,37.983131408691406,37.99104818065301,37.159648180957284,37.49220697262925,3498900
2020-08-17,36.85084533691406,37.927707630946664,36.494530163077386,37.927707630946664,4693800
2020-08-18,36.70038986206055,37.35759356839807,36.56578362081951,36.67663653019807,3215400
2020-08-19,36.11445617675781,36.86667631405105,35.97984690015043,36.581624218191244,2878900
2020-08-20,34.918819427490234,35.86899202168029,34.910902656599625,35.599776503668366,4225500
2020-08-21,34.35663604736328,34.9346569955115,34.03199406222482,34.90298689052191,4166400
2020-08-24,35.10094451904297,35.6077025190513,34.332887726240116,34.61002006358344,6078900
2020-08-25,35.140525817871094,35.73438327008144,34.87922708905124,35.61561057143329,3263300
2020-08-26,34.25369644165039,35.12468918201648,34.055743958001074,35.02967283560906,3054000
2020-08-27,35.591861724853516,35.710631417952676,34.206194161754226,34.53083615571686,5453800
2020-08-28,36.589542388916016,36.6212155164486,35.441417190243136,35.876915142526975,3365900
2020-08-31,35.900657653808594,36.621204475092526,35.6393589612203,36.5974511468626,3017300
2020-09-01,35.79773712158203,35.932346421379044,35.148453022720446,35.40975182911201,2906400
2020-09-02,34.60210037231445,35.74230577614676,34.467491090877516,35.40974699938905,5249900
2020-09-03,34.15076446533203,35.314723054108136,33.873629166659406,34.610012672066375,5188200
2020-09-04,34.15869140625,34.77630239318123,33.69152326932309,34.49917003251112,4418300
2020-09-08,32.3296012878418,33.54106952901956,31.696150919668774,33.39062370734662,5747100
2020-09-09,33.14516830444336,33.525236755984295,32.42462129871701,32.74926328985711,3565000
2020-09-10,30.088783264160156,33.113497550652895,30.080866492328106,33.113497550652895,7457200
2020-09-11,30.92018699645996,31.031039938633945,30.009607099662148,30.46885543445667,5658300
2020-09-14,31.015201568603516,31.48236966953358,30.516363357834436,31.12605752484594,5543300
2020-09-15,30.555950164794922,31.49820304352303,30.429260676726305,31.276497194531863,4791200
2020-09-16,32.35334396362305,32.923447899004174,30.60344529815113,30.80139771787911,6553700
2020-09-17,32.614654541015625,32.62257433292398,31.324006347389336,31.561548755874718,3900500
2020-09-18,32.23457336425781,32.8996936578839,31.917851284754313,32.30583636073612,5865800
2020-09-21,30.730148315429688,31.75950074911213,30.3184067378536,31.2764961480995,4719900
2020-09-22,30.445091247558594,31.434853622183287,30.07293962813489,30.936012539628223,3767800
2020-09-23,28.806041717529297,30.943928807443672,28.774368600223372,30.650957003135954,4041400
2020-09-24,29.01982879638672,29.64535620869918,27.974640158999264,28.64767724410734,4431700
2020-09-25,29.65329360961914,29.930425980903422,28.552677877209707,28.703120732975986,3365800
2020-09-28,29.645366668701172,30.381750244027266,29.502840620540276,30.381750244027266,4169600
2020-09-29,28.655595779418945,29.66911438461264,27.63416342570983,29.486998491772802,7017000
2020-09-30,28.457653045654297,29.106937066369543,28.346800118290584,28.853558083676557,6033700
2020-10-01,27.60249900817871,28.362635936264144,27.41246326589953,27.974650700696138,5085300
2020-10-02,27.562904357910156,27.887546303763354,26.62856841218336,26.755257878357412,5428500
2020-10-05,28.869388580322266,28.893144931561544,27.768773289213794,28.07757867068853,4113400
2020-10-06,28.497241973876953,29.867072851081435,28.29136969145587,29.43949474499024,6025700
2020-10-07,29.067344665527344,29.194034145972655,28.275534657615303,28.505160284833508,4513200
2020-10-08,29.827486038208008,29.98584866773225,29.035675911102736,29.38407430015925,3714900
2020-10-09,29.74038314819336,30.22338468596299,29.431574726942547,30.07294188113461,3398000
2020-10-12,30.255062103271484,30.413424721654636,29.027757096704576,29.70079444918832,3806500
2020-10-13,30.595535278320312,31.791169966703745,30.476765600871648,30.595535278320312,7808700
2020-10-14,29.787899017333984,31.046877362032756,29.772062450798103,30.69056216626589,6919300
2020-10-15,30.455705642700195,30.58367066426924,28.920122332944896,29.232036882336516,4791600
2020-10-16,29.92784881591797,31.871319829133817,29.312019199400776,30.295750951003228,10261100
2020-10-19,28.944110870361328,30.063806944453138,28.92011838550659,30.01581892381731,8378000
2020-10-20,29.01609992980957,29.2720300134629,28.192325163733372,29.176056994824712,6117800
2020-10-21,28.088354110717773,29.07208599423411,28.024373111858395,29.024101007821432,6314500
2020-10-22,29.535966873168945,29.695923977419504,27.95239794803721,28.056370523439274,7240100
2020-10-23,29.999832153320312,30.159789220427808,29.352010455379524,29.799886582167765,4466200
2020-10-26,27.9363956451416,29.407995181377494,27.720454060642457,29.407995181377494,5054900
2020-10-27,27.656476974487305,28.14434167779029,27.400543798541428,27.78444203699637,7082400
2020-10-28,26.000925064086914,26.944668561303686,25.569043351652738,26.91267958329212,8754600
2020-10-29,27.168611526489258,27.224596055406288,24.969208204939626,25.433081977277308,6106000
2020-10-30,27.384550094604492,27.400543057423775,26.40881461253429,26.904678834979034,4707300
2020-11-02,28.112348556518555,28.608212719283422,26.712729556852597,27.904403453763184,4858500
2020-11-03,28.008373260498047,28.76816696747578,27.616478636586756,28.72817541637669,3683700
2020-11-04,28.824155807495117,29.503969565314524,27.368552215914598,28.096354011704857,6095200
2020-11-05,28.472246170043945,29.16805890687046,28.24031164202886,28.24031164202886,5564100
2020-11-06,27.656476974487305,29.695921493006413,27.22459374442131,29.032100633727815,8823500
2020-11-09,32.239227294921875,33.414905262687206,31.27148834268009,31.551413992854705,10837900
2020-11-10,33.74281311035156,33.79080114522297,31.64738440246956,32.791073300689746,6593300
2020-11-11,33.51888656616211,34.422641702399254,33.00702622204036,34.19070403055399,7126700
2020-11-12,32.383174896240234,33.50286787861029,32.087253356157234,32.6391048951206,4738900
2020-11-13,34.126712799072266,34.334657927055424,32.759085657130036,32.775081670892405,4854100
2020-11-16,36.2701301574707,36.37410272240564,34.910502535537425,35.422362776866805,6993000
2020-11-17,36.52605438232422,36.63002693047654,35.150430968528106,35.87023317261362,5393500
2020-11-18,35.9342155456543,37.91767509380788,35.8702315033298,36.94993933560277,5104300
2020-11-19,36.35810470581055,36.478073278044846,35.27839975941199,35.55032587900587,4186700
2020-11-20,36.3021125793457,36.80597620585729,35.64629143731399,36.07017501545166,3497200
2020-11-23,40.293033599853516,40.35701459812013,36.829974735876384,36.89395878507039,6339600
2020-11-24,43.524147033691406,43.74808813036293,41.452714008700944,41.70064454479602,10364300
2020-11-25,42.38846206665039,43.81207358995057,42.38846206665039,43.09227134767708,7565600
2020-11-27,41.13280487060547,42.69238100133803,40.892870785322174,41.66066107859969,2187000
2020-11-30,37.49379348754883,40.63693803727203,37.36582844701496,40.59694648322683,9701300
2020-12-01,37.21385955810547,39.045361270851814,37.149878577582065,38.76543876057466,4337800
2020-12-02,38.24559020996094,39.24531810765111,37.03792025195928,37.25386184397165,9378500
2020-12-03,38.525516510009766,39.06936878278711,38.1656168729337,38.98939176364303,16458000
2020-12-04,42.38846206665039,42.39645854727379,39.39727491048249,39.45326247855577,7008400
2020-12-07,41.24477005004883,42.12452929746031,40.86887141933605,41.812614710667646,5689800
2020-12-08,41.70865249633789,41.77263350049936,40.80489754923361,41.36474582755292,4818500
2020-12-09,42.35647201538086,43.596134032815925,41.60467771373842,42.25250250779661,6915600
2020-12-10,43.732093811035156,44.747817637827474,42.35646736043025,42.38845938275296,5231100
2020-12-11,42.868324279785156,43.46016444439666,42.268487635659845,43.34019589520082,3929300
2020-12-14,41.652671813964844,43.73210498124248,41.49271471242165,43.540155849205064,3937200
2020-12-15,42.51642990112305,42.716375490020525,41.308759886590394,42.00456968169391,4081000
2020-12-16,42.148521423339844,43.16424515629559,41.92458033869659,42.6043970210778,3417500
2020-12-17,41.70865249633789,42.71637695657053,41.188792726985454,42.57241588354763,4054000
2020-12-18,41.404727935791016,41.876599590880275,40.8128877214193,41.59667396953029,9911100
2020-12-21,40.05309295654297,40.98084016139954,38.86141616838382,39.43726031309717,5317800
2020-12-22,39.069358825683594,39.98910956607407,38.80543228902951,39.98910956607407,5033400
2020-12-23,40.05309295654297,40.73290658777532,39.41326477311618,39.54922932991879,3660400
2020-12-24,39.6692008972168,40.1490721082279,39.22132476138593,40.10908360337548,2128500
2020-12-28,39.14134216308594,40.26103853192406,39.02137665630646,39.829155385292744,2594800
2020-12-29,38.92539978027344,39.853150098599926,38.54950420573564,39.62121251901831,2027800
2020-12-30,40.43699264526367,40.508973171557564,38.661475030632616,38.853424117725396,2324000
2020-12-31,39.88515853881836,40.34903392441879,39.61323232506984,40.229065310645275,2407800
2021-01-04,39.87714385986328,40.74890664285442,38.869416506571476,40.596946061287376,4406500
2021-01-05,43.12425994873047,44.24395638383519,40.285033407269545,40.580955053545445,5624100
2021-01-06,44.03600311279297,44.9157621942005,42.972291465289175,43.55613202672167,6350800
2021-01-07,46.88323974609375,47.39509995368445,44.18797412435224,44.53987725433897,5715300
2021-01-08,47.08318328857422,47.73900453247563,46.37937705912176,47.58704699335172,5804100
2021-01-11,47.675025939941406,48.01093305945448,45.42763645845805,45.93150018865518,5665600
2021-01-12,49.93840789794922,50.41027959762576,48.2348737211051,48.54678834359973,5489300
2021-01-13,48.362831115722656,49.85842299109311,47.82697544964056,49.69046945956034,3792200
2021-01-14,50.089080810546875,50.67656482527479,48.3829595697297,48.51977259779831,3732300
2021-01-15,47.6345100402832,49.123341847106396,47.119455840936986,49.0428627097303,4933100
2021-01-19,48.672672271728516,49.276252041571325,48.18980968384045,48.49562122351901,2966700
2021-01-20,48.44733810424805,49.29234919066636,47.77132862112028,49.13139396707108,2280700
2021-01-21,44.28666687011719,48.656585459147315,44.238382444360276,48.37491607567857,8526200
2021-01-22,44.14985275268555,44.24642466508527,42.60468680446117,42.85416757062335,5481100
2021-01-25,44.423465728759766,44.46370376070404,42.508105322554606,43.554309502931105,4902800
2021-01-26,43.04730987548828,45.695010758733986,43.03121404681025,44.93852523065884,3702400
2021-01-27,44.270572662353516,44.65686650237685,41.75968112199871,42.42764435582433,7499600
2021-01-28,43.23240661621094,44.98681200480392,43.11168943801866,44.680997404691425,7417500
2021-01-29,41.01122283935547,43.353111660956166,40.842221281190355,42.81391533634421,6691300
2021-02-01,41.30899429321289,41.84819066083664,40.30302817155817,41.30094484505927,4710300
2021-02-02,41.25267028808594,42.66102329955734,40.9951431258713,42.57250083189338,6255100
2021-02-03,44.97072982788086,45.06730175777123,41.44582215223604,41.711398796892446,5047600
2021-02-04,46.250308990478516,46.29859340956141,44.045229443379654,45.31677235863326,5451900
2021-02-05,45.55820083618164,46.75731090845183,45.413341447993034,46.7090264923659,4029000
2021-02-08,47.81156921386719,48.165668268722165,46.129593330866044,46.282499112969525,4079300
2021-02-09,46.8538818359375,47.4252698900428,46.580258911864306,47.28041051435903,3039600
2021-02-10,48.455379486083984,49.02676755444499,47.03898041846209,47.07921845271923,4959100
2021-02-11,47.996665954589844,48.503673854100484,46.805602165712735,48.40710194418225,2973000
2021-02-12,49.10725021362305,49.49354089612377,47.505750547662856,47.65060993734631,3317600
2021-02-16,50.78117370605469,51.384753439819036,50.008592383627985,50.74093567113012,4921900
2021-02-17,51.13528823852539,51.28819403647469,49.76717322804262,50.97433298965106,2956500
2021-02-18,48.7451057434082,50.81337233604347,48.656580212444986,50.70070459480509,3691400
2021-02-19,50.306365966796875,50.34660707843867,48.92215829935457,48.92215829935457,3291100
2021-02-22,53.19551086425781,54.14514354962589,50.523663906432255,50.70876138646619,4639400
2021-02-23,54.603851318359375,54.85333514405597,51.19966161643775,54.16122981587021,4236500
2021-02-24,58.24140167236328,58.63573857051614,54.24972987452064,54.84525994478207,6106600
2021-02-25,56.80891799926758,58.619657085957996,56.2053383037041,58.265561173046606,5983200
2021-02-26,51.956138610839844,55.81100169826976,51.03869795804102,55.73052563292306,9258000
2021-03-01,52.29416275024414,53.09893591196581,51.61010065083516,52.680450429508646,4853300
2021-03-02,51.88372039794922,52.913828937072815,51.46523803643885,52.060771454348185,3593100
2021-03-03,53.911739349365234,55.110855491150154,52.14929072648668,52.14929072648668,4772200
2021-03-04,57.48494338989258,59.44859173955211,54.104898789921755,54.281943716262,7351600
2021-03-05,60.01999282836914,60.245328364876904,57.35618909053928,59.48883951522981,6638200
2021-03-08,60.02800369262695,61.001784240343994,58.5633173571218,60.76034993034431,6850200
2021-03-09,59.239349365234375,62.08824692330182,56.81698057485586,58.74038782457908,5738400
2021-03-10,60.446495056152344,60.881073173653284,58.45065549502914,59.553196615722094,3712100
2021-03-11,60.60746765136719,61.63757636368878,60.08436998396768,60.518942108283404,4167900
2021-03-12,60.35798263549805,61.07423020491144,59.738310048676794,60.921321350790095,2958300
2021-03-15,59.842926025390625,60.02802039328067,58.08047103586962,59.690017177187435,2602400
2021-03-16,56.857208251953125,58.70818229135137,56.59968116212684,58.43456244463038,5399900
2021-03-17,58.901344299316406,58.94157926977383,56.237541201805875,57.44470083429402,3816900
2021-03-18,55.4488639831543,58.87719887123218,55.28790569032725,58.32190350585822,4406400
2021-03-19,56.39848709106445,57.16301890074037,54.9498933949174,55.706381896230866,8384500
2021-03-22,54.909671783447266,55.62591935736883,54.41071024681126,55.215483353683275,2942000
2021-03-23,56.05244827270508,57.54932674671622,53.34036068486092,53.839322222841815,7079700
2021-03-24,58.37825012207031,59.12668946235066,57.13889862634089,57.146948077722854,5032500
2021-03-25,58.78063201904297,58.86915755734935,56.17316871420291,57.179135158655455,4176000
2021-03-26,60.26139831542969,60.357973283057575,59.21519712914835,59.90730238065519,4425300
2021-03-29,59.263484954833984,60.269451234132404,58.337994749893255,59.82682361526874,3264000
2021-03-30,58.95769119262695,59.47274559172725,57.45276297467071,58.38630291049797,2614300
2021-03-31,58.37018966674805,59.38420545207953,58.09656977066802,58.853052279785956,3458300
2021-04-01,60.6316032409668,60.80061099743161,58.07243064209344,58.611627152927824,5864000
2021-04-05,57.77465057373047,60.47868816552546,57.00206928177909,60.39016265020423,4173300
2021-04-06,58.185089111328125,60.06020549486993,58.06437193592425,58.32189904481823,3390600
2021-04-07,58.989864349365234,59.19910091213867,58.18509133581281,58.32190127453332,3552300
2021-04-08,58.09658432006836,58.627731485448365,57.04232716132313,58.5874965059122,4445200
2021-04-09,57.758575439453125,59.15888536341476,57.24352103291534,58.56334871716002,4065700
2021-04-12,56.41459274291992,59.046204202463606,56.41459274291992,58.25752386763431,3403700
2021-04-13,56.65602111816406,57.21935976905431,55.778815344714054,56.422636208529305,2229500
2021-04-14,59.6497802734375,60.261403366555555,57.19522003154575,57.3481288747908,4710200
2021-04-15,58.940040588378906,60.15396422781057,58.478749852368274,60.04066518207707,3520900
2021-04-16,57.0625114440918,59.158550178929666,57.00586191542958,58.94004661818553,3574700
2021-04-19,57.69375228881836,58.349269162151394,56.65787163859579,57.21627238559457,2914900
2021-04-20,55.49248123168945,57.13532314013105,54.46469553541811,56.83589267217534,3980900
2021-04-21,55.808109283447266,56.390793554657805,54.45660926092708,54.658929845412175,3513700
2021-04-22,55.314456939697266,55.99425744174354,54.327131314305895,55.95379084752177,2775800
2021-04-23,55.889034271240234,56.56074006940001,55.257795058255006,55.549137183376494,2181700
2021-04-26,56.512184143066406,56.96538025249059,55.67052981532584,55.759551361724725,2601700
2021-04-27,58.00935363769531,58.2926011986817,56.447438602160396,56.682131202501616,2808800
2021-04-28,60.67999267578125,61.05226181191067,58.446371684670446,58.446371684670446,4677600
2021-04-29,61.448814392089844,62.35521292516951,60.63953197216206,61.82917811734948,2863400
2021-04-30,59.59555435180664,61.69159894011546,59.49843824282279,60.234888177030776,2467600
2021-05-03,61.481178283691406,61.521638694725965,60.00828472155128,60.38864839641359,3324600
2021-05-04,60.70426940917969,62.06386397295101,60.469576792145645,61.62685077306014,4649200
2021-05-05,62.0800666809082,63.25353013993111,61.100835488828764,61.90202352337809,7966700
2021-05-06,62.298553466796875,62.48468493606676,60.429107176372625,62.09623289408289,4740500
2021-05-07,67.25137329101562,67.39704438533752,62.15289733841996,62.58181606771905,7297400
2021-05-10,68.42485046386719,70.0838761902288,67.72077233625804,68.56242703239899,5567800
2021-05-11,66.4744644165039,67.1542649308445,65.13105866987388,66.97622179198541,4977900
2021-05-12,65.84320831298828,68.14156707750462,65.60851570545658,67.36465681171033,4693900
2021-05-13,64.4026870727539,65.85130313420346,63.18876361979625,65.31717385122178,3427200
2021-05-14,66.84673309326172,67.18663026054729,65.17961312333544,65.18770767712857,4042600
2021-05-17,68.86992645263672,68.89420393513835,66.23166427421957,66.23166427421957,3833000
2021-05-18,67.14615631103516,69.44451517835054,67.02476272593965,69.20173418249377,3345800
2021-05-19,65.1795883178711,66.40160615347845,63.795716514011005,65.19577124496313,4041300
2021-05-20,65.16341400146484,65.6004272241015,63.69861488112805,65.22815807318905,3306500
2021-05-21,64.79922485351562,66.54727735156615,64.73448079632861,65.92412660622415,2782900
2021-05-24,64.85589599609375,65.50332443528168,63.80382632599715,65.46285784245674,4270800
2021-05-25,63.674339294433594,65.44666972108416,63.58531773674481,64.94491241177785,4786200
2021-05-26,64.41889953613281,64.66978136331262,63.075493509603774,63.87668162706196,3877200
2021-05-27,65.0096435546875,65.85129782175916,64.28938285798517,65.17959208347118,6086000
2021-05-28,65.01774597167969,65.54378077398484,64.66166590919227,65.10676753088524,2062200
2021-06-01,68.45719909667969,68.97514554215402,66.81435672031591,66.8305458268525,4135200
2021-06-02,69.00753021240234,69.62258676737031,67.37278194380733,68.651450037915,3547500
2021-06-03,70.2538070678711,70.7393814742922,68.55431516840241,69.12890496337666,3658200
2021-06-04,70.77984619140625,71.13593246458923,69.31504685290693,70.62608054174352,3128600
2021-06-07,70.43185424804688,71.20876469897429,70.25381111202145,70.55324785664016,2670200
2021-06-08,70.72321319580078,70.97408885182236,68.25489854213502,68.92660465107842,3018800
2021-06-09,69.44451141357422,71.16828664494442,69.40405100362534,70.81220046112449,3154800
2021-06-10,69.73585510253906,70.82838498510189,68.6595081494534,70.70699757818805,3122100
2021-06-11,69.14508819580078,70.97406192042541,68.95085597999898,70.35901176005663,3977200
2021-06-14,68.67569732666016,70.68271399801176,68.03636356078316,69.63065069951853,3574100
2021-06-15,69.27456665039062,69.84106798956685,68.3681743866434,68.81327596635235,4392200
2021-06-16,68.5542984008789,69.6387398224875,67.70455574614851,69.17744918868141,3806800
2021-06-17,65.89986419677734,69.16936574031578,64.51599207322292,68.5219373690734,4582200
2021-06-18,64.18419647216797,65.79467317732197,63.77146682100008,64.58883774343235,9421200
2021-06-21,68.78089904785156,68.85373766349277,65.22815034295652,65.34954391946935,4966500
2021-06-22,68.74854278564453,69.23411720307887,67.49415867216635,68.7404544065331,3187400
2021-06-23,69.3554916381836,71.03070577631395,69.28265919381595,69.50116270125294,2601300
2021-06-24,69.67110443115234,69.70347646137185,68.27914417771426,68.95893828932356,2754800
2021-06-25,70.93360137939453,70.97406179353,69.25029255812906,70.16477941880635,4754600
2021-06-28,67.14615631103516,70.41565768478029,66.75769807359642,70.41565768478029,4471800
2021-06-29,66.61202239990234,68.3762580148626,66.33686938875893,67.55888735870093,2944600
2021-06-30,67.52653503417969,68.31154006170235,66.90338403993907,67.28374780992102,5392400
2021-07-01,69.59019470214844,69.90581435715006,68.4652926139457,69.50926769369532,4409600
2021-07-02,69.41214752197266,69.84916075127904,68.29534005219053,69.27457099820988,2884000
2021-07-06,67.75312042236328,69.5982832222217,67.26755223940071,69.41214556201325,3776900
2021-07-07,65.62471771240234,68.14968144101326,65.26054304186981,67.5103474982912,4430300
2021-07-08,64.65357208251953,66.06172176543504,64.38650740190292,64.8316152029306,6314800
2021-07-09,66.83863067626953,66.984301755731,64.58073820611877,65.86749426274952,6362100
2021-07-12,67.41323852539062,67.8745293294583,65.47905373514759,65.87560045371977,3387600
2021-07-13,66.95194244384766,67.62364221132532,66.46636801524262,66.93575333658197,3512800
2021-07-14,64.46743774414062,68.24678499974381,64.11135151900127,67.63172865841256,3745600
2021-07-15,62.772674560546875,64.79121841378554,62.410158099394614,63.22581385115593,6226800
2021-07-16,60.89420700073242,63.720166595659315,60.64703548091883,63.53891460507325,3652400
2021-07-19,57.95288848876953,59.683076516618755,57.19490506439396,58.9086116388513,6348300
2021-07-20,58.908607482910156,59.69954747243677,57.09603745930737,57.67276257068127,7228100
2021-07-21,61.12489318847656,61.676902423758655,59.66659262860302,60.309230996344255,8755800
2021-07-22,60.72117233276367,61.413248693276245,60.08677476430624,61.25670633959912,3059200
2021-07-23,59.7407341003418,60.69645072572089,58.97451014077881,60.498717335268516,3889300
2021-07-26,61.1083984375,61.462674163880294,59.78192464471548,59.96318287018881,4237500
2021-07-27,59.9219970703125,60.47400623384333,59.01570586352259,60.47400623384333,4977300
2021-07-28,60.39161682128906,60.8035650771346,59.07337737391809,60.375135370989575,3546100
2021-07-29,60.72940444946289,61.17430927118942,59.9796619748386,61.10016161048376,4442900
2021-07-30,60.02910232543945,60.43280986945626,59.38646403084853,60.284508241025144,4708500
2021-08-02,59.00745391845703,61.28964385146177,58.80971428518494,60.00436766434212,5653200
2021-08-03,60.7047004699707,61.20727788832733,58.397787523880204,58.809735815265505,4718300
2021-08-04,58.282440185546875,60.177404764833426,58.08470677358461,59.18049069365754,4964400
2021-08-05,58.282440185546875,59.28759498225547,57.47502508663237,58.6037593371725,6534100
2021-08-06,58.43897247314453,59.46060225907163,58.17532587400751,59.1804804975395,4560900
2021-08-09,57.16193389892578,58.175329306361185,56.73351050723761,57.34319212512001,3909300
2021-08-10,56.626407623291016,57.93640000436736,56.00848526561396,57.37615014864024,16155800
2021-08-11,57.227848052978516,57.57388306178554,56.04143512469017,56.733511428135444,7844900
2021-08-12,57.4997444152832,57.672761946823805,56.60169385347848,57.293770265473114,3905000
2021-08-13,56.02497100830078,57.54917852121306,55.99201438870188,57.53270335432984,2509200
2021-08-16,54.3112678527832,55.5306377097943,54.23712016848837,55.18460261141935,3657800
2021-08-17,54.352455139160156,55.06924109797839,53.84163702719716,53.96522276397566,4609300
2021-08-18,53.849876403808594,55.65421177242069,53.74277212039334,54.32773788827331,5504100
2021-08-19,52.94359588623047,53.91579410014294,51.748945219007574,53.00126839528324,5467600
2021-08-20,53.11661148071289,53.55327564562877,52.11145668593877,52.284474206801754,3554000
2021-08-23,55.728363037109375,56.05792291958608,54.65729499051805,55.093965449153046,4195000
2021-08-24,56.39571762084961,56.70056161420956,55.58830250347974,56.156793147426264,3638900
2021-08-25,56.626407623291016,57.08778763889054,55.83546147393287,56.478106006015274,2362900
2021-08-26,55.55534362792969,56.31332693182268,55.21754303125006,56.04143956656811,3247400
2021-08-27,57.367916107177734,58.01056071412798,56.35452684259344,56.35452684259344,3440800
2021-08-30,55.522403717041016,57.14548138568014,55.49768781927837,56.725292266214275,4614000
2021-08-31,55.62948989868164,56.197980505208,54.92917911845488,55.49766972498124,4744100
2021-09-01,54.673770904541016,56.041435792430434,54.418365007259005,55.794270619979514,3737900
2021-09-02,56.321563720703125,57.277280366241285,55.1433915061115,55.20106400811957,3541100
2021-09-03,56.016719818115234,56.478106120481144,55.37408157056165,56.03320126775221,2450200
2021-09-07,55.753074645996094,56.2886086281585,55.159868160267365,55.46471212816448,2274100
2021-09-08,55.349388122558594,56.486363461059916,55.077500665797245,56.25567335926259,2927300
2021-09-09,55.48943328857422,56.18974412292792,54.443087399951445,54.92918336392485,3286600
2021-09-10,55.31642150878906,56.78295656472916,55.176360584532475,56.42868074783544,2768900
2021-09-13,57.746910095214844,58.80973747121559,56.914779048984705,56.964210833876564,5099500
2021-09-14,57.27727508544922,58.45544719141693,56.98891260199503,58.2741952631248,4747900
2021-09-15,62.04765701293945,62.228915288429306,58.513139498385875,58.64496598449952,8412500
2021-09-16,60.943634033203125,62.162997511658766,60.47401321088141,61.63570417732675,4326800
2021-09-17,61.174320220947266,61.734570139050504,60.548157068753774,61.001302695834326,6397200
2021-09-20,58.933326721191406,60.07030812792348,58.01056649060611,59.22168929324931,5227600
2021-09-21,59.49356460571289,60.276270040305626,58.80972901251552,59.73249534137817,3871000
2021-09-22,61.46268844604492,62.06413576252632,59.946721636784645,59.946721636784645,4775400
2021-09-23,63.33292770385742,63.48122932877023,61.36381552552336,61.72632571966342,3893800
2021-09-24,64.3463134765625,64.98071728273518,62.63260729899813,62.85506286743889,5126200
2021-09-27,67.40298461914062,67.89732765023153,66.15066444543115,66.28248464411136,5002000
2021-09-28,67.33706665039062,68.77888558833376,67.00750677883727,68.3504558695649,5830500
2021-09-29,68.02914428710938,68.87775680777438,66.30720335268542,67.32059268453166,4809400
2021-09-30,66.13417053222656,67.88083340795443,65.83757356961695,67.83963606784755,6709300
2021-10-01,69.1331787109375,69.32267144172963,66.74387689946457,66.81802458912236,5179400
2021-10-04,71.1846694946289,72.32988529789742,69.72636895164253,70.03121296509613,6252600
2021-10-05,71.76139068603516,73.72226856459132,71.47302814090396,72.31339988469087,6931000
2021-10-06,71.32473754882812,71.7284451745189,69.26499578493008,70.69033985131405,5049100
2021-10-07,70.68209838867188,71.51423581266029,70.08889176110917,71.23410766705214,4286200
2021-10-08,74.58736419677734,74.90044895291425,71.51423315144696,71.51423315144696,4848700
2021-10-11,74.28253173828125,76.68006793923925,74.18366186838786,76.04567022679785,4611400
2021-10-12,74.24955749511719,75.74904892724624,73.63986953754029,74.00238602195556,4565100
2021-10-13,74.4885025024414,75.46069455887897,72.5276243640911,73.31856442945526,4415900
2021-10-14,74.96275329589844,75.56696066848738,73.28256892804862,74.9379239804608,3583100
2021-10-15,74.17646026611328,76.05528542387135,74.1102445501952,76.00562679427192,3179500
2021-10-18,73.91986083984375,76.09665627439813,73.32393214771749,74.78892456830738,4664400
2021-10-19,74.6234130859375,75.19450631788624,72.91839298990318,74.00265490557848,2821100
2021-10-20,77.05675506591797,77.32989008937292,73.6963872617472,74.08539660157518,3799100
2021-10-21,75.23588562011719,76.75053695273172,74.39992958137195,76.12150028790613,3464400
2021-10-22,76.14630889892578,76.47738107011727,75.0289458464964,75.79868596077912,2202600
2021-10-25,77.83477783203125,78.41414944431432,76.8415612349613,77.38783131055132,3849100
2021-10-26,78.62935638427734,79.15906943790246,77.66924752790824,78.24862552165163,2617600
2021-10-27,77.00711059570312,78.33967179347286,76.42773259272448,77.40439223491576,3992200
2021-10-28,77.64442443847656,77.81823595612747,76.49395321592189,76.51878253063228,2284600
2021-10-29,76.52706146240234,78.2982908204246,76.01389913529488,77.4043975982419,2293900
2021-11-01,77.354736328125,77.97549443656085,76.56844524997747,77.50371852673673,3190600
2021-11-02,76.82502746582031,77.95894794610967,76.32014367139557,76.7505395197634,2327300
2021-11-03,75.27725982666016,77.06504610873861,74.61512167063965,75.79042210718512,4917500
2021-11-04,75.23588562011719,77.4954416470999,74.59857041222493,76.6263840654443,5006500
2021-11-05,78.72867584228516,79.61429039961008,76.87467393664929,78.60452297048352,7202000
2021-11-08,80.27642822265625,81.2779171059799,79.29976865066402,79.63911941133297,3487300
2021-11-09,80.37574005126953,80.67370437311129,78.47207980780016,80.17709927493384,2439400
2021-11-10,78.04170227050781,79.80465284717782,76.99882698552402,79.64739843623298,4271500
2021-11-11,78.56314086914062,79.72189054482932,78.40588644996213,78.40588644996213,3068600
2021-11-12,78.49693298339844,79.48187125311689,78.04171413610312,78.207247114269,3539500
2021-11-15,77.13954162597656,78.3893364377484,76.41118768838493,78.17413851642516,6183400
2021-11-16,76.06355285644531,77.63614114906161,76.01388791942219,77.4788804253968,4718800
2021-11-17,74.55718994140625,76.5436171837171,73.8371082505986,75.07862448770813,6058000
2021-11-18,74.17646026611328,75.31865294964796,73.30739636005374,74.4247597287887,4543000
2021-11-19,70.9154052734375,72.83561673476697,70.61744088162104,72.78595810769019,5732400
2021-11-22,71.76791381835938,73.0590886715956,70.84919130673265,70.84919130673265,6530400
2021-11-23,75.94766998291016,76.02215790804817,73.02597015631152,73.29082663681879,4901700
2021-11-24,77.01539611816406,77.32991130393488,75.25243895101403,75.25243895101403,3049700
2021-11-26,72.35557556152344,73.00116309064055,70.10429143919166,72.69492641459627,4738200
2021-11-29,73.15843200683594,75.74906095611703,72.9846204461506,74.85517383183242,4061700
2021-11-30,72.00794982910156,73.74607149307514,71.18027224485901,72.03277914628022,7858200
2021-12-01,70.64228057861328,74.44132397534189,70.54296330986145,74.01920663911008,5594600
2021-12-02,71.64375305175781,72.04931952052402,68.90414290413405,70.14565899249682,5674200
2021-12-03,71.1719741821289,73.74605126836182,70.47672823308088,73.36532044178641,5592900
2021-12-06,72.47972106933594,73.76262376705819,71.85068437825394,72.83562265992042,3091200
2021-12-07,74.95445251464844,76.08009412150176,73.60534082047822,73.66327797753642,4748700
2021-12-08,74.55718994140625,75.5669574912705,73.82055747922885,75.09518157375601,3109200
2021-12-09,73.56397247314453,74.41648558562916,73.02598716051729,74.2923327001467,3957600
2021-12-10,74.22611999511719,74.48269800475224,72.26452200606809,74.41648860253174,3615200
2021-12-13,72.86043548583984,74.09367295866315,71.85894665868244,73.49775057609808,3999100
2021-12-14,72.24220275878906,73.25003210715491,71.50538080602611,72.33536437792507,3412400
2021-12-15,71.82720947265625,72.5725024437009,69.5066528616313,72.52168290200592,3148500
2021-12-16,72.99596405029297,74.9692807710739,72.36923922321404,72.71647917833725,5108400
2021-12-17,71.14120483398438,72.69106834719423,70.69233874208294,72.68259734692816,9057600
2021-12-20,70.78549194335938,70.82783401669474,68.3209545388764,69.2779771492607,2937500
2021-12-21,73.1314468383789,73.37705409850324,71.41220247898711,71.54771260656406,3089500
2021-12-22,73.8682861328125,74.48653346740193,71.88649204672956,73.02136701908886,2713900
2021-12-23,73.83440399169922,74.72367159028398,73.57186115047956,73.89368806750622,2458300
2021-12-27,76.88330841064453,76.91718594717848,72.86891402282373,73.67348451569679,2714800
2021-12-28,76.4090347290039,77.61165818209655,75.44354756677693,77.40839942728016,2307900
2021-12-29,76.09567260742188,77.12891484501655,75.58752248803349,76.12107914416939,2053100
2021-12-30,75.52825927734375,76.85792224673435,75.44356864429922,76.20579726466224,2228300
2021-12-31,75.23182678222656,75.85854512016162,74.89305784282271,75.28263986161912,2062300
2022-01-03,77.20514678955078,77.25595986691106,74.77448669263397,74.80836423136743,2997400
2022-01-04,80.75373077392578,81.53289475542996,77.62013284834437,77.95890176336172,5716500
2022-01-05,79.27162170410156,82.43063260032098,79.22927962853396,82.15114776336063,6632100
2022-01-06,80.89772033691406,82.48993259180047,80.09314966961183,82.36289341762622,5254700
2022-01-07,83.13357543945312,83.22673058858777,80.3641465811604,81.31269822492234,6277800
2022-01-10,83.04887390136719,84.10752263644062,81.32962938944459,83.30295218237646,5381700
2022-01-11,86.55513763427734,86.75840288979705,82.51533598766139,84.1414192629357,4866400
2022-01-12,87.0378646850586,87.65611841159223,85.75055062003588,87.47826619309116,3953900
2022-01-13,87.02082061767578,88.1725654711133,85.84348244667018,86.59424796758913,3469200
2022-01-14,90.11771392822266,90.45043999413555,87.13170609947993,87.13170609947993,4981800
2022-01-18,90.15185546875,92.13115215465459,89.00011070267726,91.79842603354427,6205400
2022-01-19,89.69114685058594,91.4315637294035,87.91660989383354,91.09883764320112,4935500
2022-01-20,88.30052947998047,91.98611653704648,87.9166167380079,88.50528250843374,4863500
2022-01-21,85.85201263427734,87.48152334685327,84.84530087959763,87.35355024493131,3801600
2022-01-24,87.28529357910156,87.90809251218907,81.84222890715179,83.1987268101353,5916700
2022-01-25,91.23535919189453,91.8837449243807,84.76851634596875,87.23410570784856,4764900
2022-01-26,91.73870849609375,93.76066509957036,90.49311720124118,91.85814831142334,5122500
2022-01-27,93.63270568847656,94.93801708169418,91.92641492422187,93.56445249575053,6217600
2022-01-28,93.59003448486328,94.65646608340995,91.64486429055127,93.63269435239792,3832600
2022-01-31,95.10862731933594,96.57603155813605,91.86667303893633,94.29813549474545,5685000
2022-02-01,96.55896759033203,98.05197159128143,93.82037246109685,93.99953216013307,4590900
2022-02-02,96.337158203125,96.6272309671808,93.21465003323532,96.01296535763355,4368300
2022-02-03,95.36457824707031,96.37982321197461,93.80332082431374,95.76555756964535,3569000
2022-02-04,97.00260162353516,99.41700397691989,96.345682717435,96.66987553344818,3708300
2022-02-07,97.84721374511719,99.21224460531941,95.04889885445749,96.69546265124663,3282800
2022-02-08,95.15128326416016,96.92582684510562,93.47911945060893,96.7466671339017,5698400
2022-02-09,96.66987609863281,97.46330135862847,94.8014926223703,95.0915588527652,2969100
2022-02-10,96.11534118652344,98.50414383691482,95.42428914963688,95.8935216124005,3861900
2022-02-11,99.60469818115234,99.72413798373461,96.51631033542861,97.02820264247379,4732900
2022-02-14,96.75521087646484,99.34876684123807,95.89353230736954,98.97338733814254,3960500
2022-02-15,94.61380004882812,94.86121292762127,92.50653045098747,93.54736859315825,4001700
2022-02-16,95.35601806640625,97.52300724475602,94.59671950304111,95.6204974543845,4041100
2022-02-17,96.06414031982422,97.30973142833413,94.81854921131429,95.13421525259355,3049700
2022-02-18,95.22806549072266,96.20065045636986,94.22988070262701,94.33226046547763,3315500
2022-02-22,93.44497680664062,99.79237809694327,92.13966591429165,99.70706489326312,4658600
2022-02-23,94.12751007080078,95.16834824067561,92.89044564390805,94.15310338498111,4606600
2022-02-24,93.93128967285156,96.56751185054347,90.6637418397341,96.40541217198194,6777900
2022-02-25,91.52539825439453,95.76553011704948,90.30540059477136,94.90385180974023,10111300
2022-02-28,98.04344940185547,98.15436244878471,92.00317954153421,93.02695773474788,7794000
2022-03-01,99.31462860107422,100.19336705144268,97.58273850404976,98.9648359703166,6225200
2022-03-02,99.59618377685547,101.48163417082137,98.86247827399316,100.67114871274389,4287700
2022-03-03,99.2122573852539,100.56875514666507,97.77043989554299,98.63211838131532,4147300
2022-03-04,101.31098175048828,102.82957900392186,99.22930560048866,99.54497163422847,4902500
2022-03-07,102.50538635253906,103.89601053974891,99.42553198218947,102.3944733224003,5521300
2022-03-08,100.50902557373047,104.51027831197716,96.4139328595476,104.08370574743849,7619900
2022-03-09,97.06231689453125,99.26343285395203,95.15127365895495,97.55714262351373,5747700
2022-03-10,102.2750473022461,102.86371959078735,97.25002244415352,98.42736702123604,5386900
2022-03-11,99.54497528076172,101.78874465764909,98.36763732978712,100.5175602204757,3963600
2022-03-14,99.68266296386719,102.1523584536566,96.24058195160246,101.6360476148666,6270500
2022-03-15,97.94441986083984,98.95122703183657,94.65723259163133,94.83794106602186,5415200
2022-03-16,97.23878479003906,97.90998951071643,95.84473967115267,97.48833644148931,4953600
2022-03-17,101.42953491210938,101.97166036320888,98.35747755871381,98.9598391710466,4230000
2022-03-18,99.64823913574219,103.56360200245591,97.89277718660266,102.12653488233731,25284700
2022-03-21,105.37931060791016,106.00749328854253,101.37789007233724,101.37789007233724,4776200
2022-03-22,103.97666931152344,105.44815823509246,102.350286471513,105.08674128514545,3664300
2022-03-23,106.31729125976562,107.47038537084269,105.37932066970737,107.04873224002712,3344100
2022-03-24,104.13156127929688,106.46357045828947,103.60664338147119,106.1451755901046,2952500
2022-03-25,107.14337921142578,107.16919376873797,103.3656958022777,103.3656958022777,3124600
2022-03-28,104.00247192382812,105.45675316307958,103.01287238052532,104.84577804350494,2955600
2022-03-29,103.80455780029297,104.01968786777988,99.60522124643805,101.14555331747415,3106500
2022-03-30,104.20040130615234,106.11936448836391,103.63246131483007,104.7253192210746,2788700
2022-03-31,102.59982299804688,106.6012365457179,102.59121595805732,104.01967602967316,4036000
2022-04-01,103.54640197753906,104.52739452518666,102.18677842369472,102.64285310011441,2258000
2022-04-04,103.97666931152344,104.98347648576821,102.53099494648652,104.49298017791187,1807200
2022-04-05,101.39509582519531,105.35348739636758,101.24880896817707,104.07991462316967,2335100
2022-04-06,101.92862701416016,104.27785032429566,100.77553296228884,103.17638538959801,2847600
2022-04-07,103.79595184326172,104.12294716508416,100.61202307344487,103.27963445636018,3053800
2022-04-08,109.18279266357422,110.10354894792961,104.79414127613491,104.9834567567917,4534900
2022-04-11,104.41551971435547,108.01249447489288,104.05410279979267,108.01249447489288,3342800
2022-04-12,107.19499206542969,109.46676467777128,106.44633719069874,106.5323944556832,2993900
2022-04-13,106.96991729736328,108.80527277610163,105.27308220419711,108.10403148793512,4314900
2022-04-14,106.43318176269531,107.28159612193157,105.8877659267413,106.48512361182753,3332000
2022-04-18,106.76214599609375,108.40703928834697,106.16478837714001,107.5586184180216,4338100
2022-04-19,105.41158294677734,107.65382677901664,104.82288462782797,106.42448830871523,4861600
2022-04-20,106.21673583984375,106.81408684823836,105.36831497739175,106.48511083484689,3273900
2022-04-21,103.44638061523438,107.65384133928497,102.92694240591034,106.50241546185629,3403200
2022-04-22,100.52887725830078,104.42467416634615,100.39901604036275,102.91829460629049,3086400
2022-04-25,96.76292419433594,97.78448886739974,90.91057691273055,97.0919067905016,4813200
2022-04-26,96.60709381103516,99.4726730941704,96.26945863890083,98.00958294491143,2462000
2022-04-27,97.66329193115234,98.43379341232325,93.81078452529782,97.40357611565419,2839800
2022-04-28,101.95730590820312,103.18665098504432,95.51626108672157,98.45975268512099,3312500
2022-04-29,101.08293151855469,103.48100770778785,100.07867861864925,102.55467416977888,4734000
2022-05-02,100.69337463378906,101.32536245123018,97.04864052735805,99.49866580953676,3496000
2022-05-03,104.54586029052734,105.08261022225699,100.66737571972794,100.7279767315366,3326700
2022-05-04,108.01744842529297,108.19925807500394,104.1129993417995,106.62362508262581,3134600
2022-05-05,106.8487319946289,109.45458936238792,105.42027166854761,109.1775551528765,4289400
2022-05-06,114.4671630859375,114.57971254884384,108.25986205618962,108.99573343012501,7042600
2022-05-09,102.1044921875,112.56254227272605,101.09158015237205,111.63620216576751,6977200
2022-05-10,103.50699615478516,108.26852585097241,101.87942110916696,104.26018595726057,5451400
2022-05-11,105.00470733642578,109.24679837681826,104.6843838981765,104.71901399461012,4167300
2022-05-12,104.32943725585938,105.35100198591027,101.75821038246762,105.30771271399514,4056100
2022-05-13,107.59325408935547,109.13425716966395,105.96567906392035,106.19942397626384,3881600
2022-05-16,109.39398193359375,111.23799676853645,107.85297882055428,107.85297882055428,3560100
2022-05-17,110.31163787841797,111.75740962474981,108.70137483704913,110.83973525246985,3496800
2022-05-18,106.12150573730469,111.58427643492301,104.51990171745788,110.99558459639863,4340700
2022-05-19,105.35964965820312,107.87027539720623,103.52430086259905,104.1043400912092,4586600
2022-05-20,105.66267395019531,108.38972654918777,104.05241067182901,106.39854539127289,3559800
2022-05-23,110.8743667602539,111.04751061691192,105.98297024698053,107.59323321295615,3344300
2022-05-24,111.89593505859375,112.72704414107496,108.0001384801514,109.32470826001935,3127200
2022-05-25,115.2030258178711,115.54066095187356,112.12967291552445,112.98673960413045,3879700
2022-05-26,115.7657699584961,118.11189802097095,115.13378882857154,116.73538629043861,3384200
2022-05-27,118.47551727294922,118.55343004027637,114.29402702931236,114.90868980715781,2941000
2022-05-31,118.57074737548828,122.92538146808896,117.93875304138987,121.18525041917557,7746300
2022-06-01,121.14196014404297,122.6137161778315,118.95165765473894,121.06404737802778,4390300
2022-06-02,120.71778106689453,122.06832209132074,118.3110449931024,119.36724004246831,2619700
2022-06-03,123.34956359863281,124.03349967511649,121.01208847742221,121.28046344033491,2665200
2022-06-06,122.16352844238281,124.43174364068932,120.82164026238017,123.79976253773201,3225000
2022-06-07,126.33633422851562,126.62202753158303,121.82587541379591,121.85184633134483,3354500
2022-06-08,126.17184448242188,128.11974237857478,125.48790849015691,127.2626625486574,3494800
2022-06-09,123.3582534790039,126.59608522547796,123.14182031049491,125.54855608751245,3006300
2022-06-10,124.66548919677734,126.22381045374317,121.8864818543524,122.76088019827714,5527700
2022-06-13,114.90869140625,120.83031279612369,112.67509957489946,119.63559750702105,5685400
2022-06-14,115.19830322265625,119.454836036357,113.26750994108771,118.07694340062537,4036500
2022-06-15,111.86328887939453,114.98767214956976,109.7043088840547,114.13636564129835,3821200
2022-06-16,104.92998504638672,109.74820356483364,104.05235049311598,108.81790638520889,5865600
2022-06-17,98.00543975830078,104.61402625283952,96.1536304890382,104.2629778211356,13623200
2022-06-21,103.25370025634766,103.89436969164004,100.49792846222186,100.53303464571759,4369000
2022-06-22,97.21556854248047,100.20830533755424,96.03954155159192,97.25067472522905,4686300
2022-06-23,94.05609130859375,98.71633523267413,92.11651979387386,98.2511833056261,6254000
2022-06-24,97.0575942993164,99.40088345867504,94.67043412910199,95.96055119513305,11648700
2022-06-27,99.83969116210938,101.10348014423442,98.31260248598718,98.86551644299729,4957800
2022-06-28,103.83293151855469,105.25470176381579,101.56863968534276,103.29757395868708,4811000
2022-06-29,99.36578369140625,106.50095009120255,99.13759683617369,105.65842173629017,4806400
2022-06-30,96.92596435546875,100.48915857810859,95.95178944406774,97.06638240527967,5585800
2022-07-01,97.96155548095703,98.95327995605273,94.56510789591735,98.1809640839638,2781600
2022-07-05,91.99364471435547,96.1097525140151,89.91364861365065,95.85523771466829,5660500
2022-07-06,88.56210327148438,91.8181265608736,85.71856258500716,89.92243276988879,6749800
2022-07-07,92.21305084228516,93.02925114373751,90.26470130360407,90.63330616340335,4605300
2022-07-08,92.60798645019531,93.86300401178083,90.52799703888071,93.44174321528506,2494000
2022-07-11,91.01068878173828,91.94098584162325,89.58014705452923,90.94048311533629,3406400
2022-07-12,87.31585693359375,89.11501038644451,86.02573311175112,87.71956801120777,3873600
2022-07-13,87.22808837890625,89.74690168772929,85.76244043879221,86.17492970601678,3719700
2022-07-14,84.11531829833984,84.59284508113433,81.49776932899692,83.73506586463662,5584500
2022-07-15,86.0254135131836,86.39682096190562,84.30101696788182,86.33491972045195,3799200
2022-07-18,88.0151138305664,89.56265176980659,87.25460893211569,88.20966253669054,3301700
2022-07-19,91.6319351196289,91.69383636769405,87.74098121441003,87.76750935690508,3920900
2022-07-20,93.3563461303711,93.94883055916323,89.52729288746481,90.72110670947717,3088700
2022-07-21,91.57886505126953,91.61423815412165,89.5803353405959,90.34084018509277,4264100
2022-07-22,89.31505584716797,92.63120891080044,88.57224079934502,91.64078210030583,2274000
2022-07-25,93.27676391601562,93.71007272909482,89.59804124696832,90.70342569126409,3279500
2022-07-26,91.74691772460938,95.35489451795905,90.54425879349282,94.58554444170994,2865400
2022-07-27,95.67323303222656,96.14191493974317,92.10062983119616,92.50741048199795,3430800
2022-07-28,94.96577453613281,97.25613429218846,93.12641345926029,96.60174193518384,2766200
2022-07-29,98.35266876220703,98.66217499862759,95.6820566725669,97.07041900170765,6394800
2022-08-01,95.13380432128906,96.73439876849572,93.97535688595936,96.38951937652006,3623100
2022-08-02,94.78892517089844,95.92968268062191,93.93114579753599,95.43446588194189,3082700
2022-08-03,91.62309265136719,96.00041169722256,90.27010337343845,96.00041169722256,5654900
2022-08-04,88.27155303955078,91.26935420006224,88.0593211799447,90.80067241784793,5765900
2022-08-05,94.6297378540039,95.46982719499668,86.12269813910943,86.41452120368886,5736700
2022-08-08,94.78892517089844,96.20381585270357,94.30255333649778,94.68280583973893,3128500
2022-08-09,95.71745300292969,97.8663207468159,95.30182735028886,96.38952866989638,2565600
2022-08-10,96.38066864013672,96.9731597687032,93.3209656234199,95.65553678931633,2718500
2022-08-11,100.40426635742188,101.07634189294231,98.09622342663364,99.378466500747,3264400
2022-08-12,101.24436950683594,101.47429135891254,98.94517122626345,99.61724685332443,2323800
2022-08-15,99.2900390625,99.78524907383044,95.52288744946803,96.87588351053368,2975300
2022-08-16,99.4050064086914,101.10287513986215,97.39762466418038,100.19203952095485,3105500
2022-08-17,100.53693389892578,101.25322090093022,98.80369180053512,99.44923257483423,2539400
2022-08-18,105.2237319946289,105.25910509901209,101.48311560027801,101.71303065867394,5001300
2022-08-19,105.01151275634766,105.42713834947074,103.77348094082144,104.98498461154928,3827600
2022-08-22,105.14417266845703,105.78971342403807,102.29670117983335,104.05647137590441,2943600
2022-08-23,107.69096374511719,109.60107113875502,107.28418311426408,107.51410494795694,3191600
2022-08-24,109.5656967163086,110.16702606486656,106.70054240693506,108.31881994706745,3551600
2022-08-25,110.73297119140625,111.2989273748082,108.96435643159265,110.64454180276154,2904900
2022-08-26,110.1581802368164,112.72267322515576,109.58337903735114,110.84793897748254,2532600
2022-08-29,111.92680358886719,114.1552555916575,109.5126410680076,110.0962872751259,2675600
2022-08-30,107.76171112060547,110.18471175073616,106.86855866786851,109.2296580436549,3297000
2022-08-31,107.26648712158203,109.37998120485031,103.9680176493327,104.6400931423857,3538100
2022-09-01,104.97614288330078,105.92235164174772,103.57893540918862,105.71896469420416,2685500
2022-09-02,107.4610366821289,108.99089151536845,106.67400360362248,108.18616850996844,2355800
2022-09-06,106.39102935791016,109.17659923255026,105.96656555127257,108.70791735380308,2395900
2022-09-07,103.62315368652344,105.10879056451675,102.19057309986641,103.46397806578376,3785500
2022-09-08,104.62242126464844,105.14416621340098,103.03067176554408,104.87002629250483,3505400
2022-09-09,109.08817291259766,109.74255856855127,106.82434788871655,106.89508736066476,2839400
2022-09-12,111.78530883789062,112.89953137566687,110.42347454498916,110.85678330967994,3460200
2022-09-13,108.69024658203125,112.36896256205068,108.34536042300846,110.0167079359927,3020800
2022-09-14,113.45287322998047,114.74200401615161,110.02412943846169,110.21212753581821,3271800
2022-09-15,109.71974182128906,112.6382029819386,109.57650810921666,111.3401180115409,3534000
2022-09-16,108.72603607177734,110.09574818508703,106.21938797838612,109.95250763856373,5704200
2022-09-19,107.81289672851562,108.54698742179365,104.75120189777695,104.94815422550019,2339200
2022-09-20,107.09672546386719,107.86662641998333,105.10931386444805,107.45482004370265,2361600
2022-09-21,105.85234832763672,110.00622891378974,105.81653818791814,109.11995015353395,2540900
2022-09-22,105.95081329345703,108.52908843969487,105.79862533832079,107.83080103419876,3313400
2022-09-23,97.68782806396484,101.81485276762673,96.577734218972,101.61790041351233,5139300
2022-09-26,94.16059875488281,98.36819074488615,94.08002424047612,96.8283958604759,4465400
2022-09-27,94.40230560302734,96.24649000253702,93.90097736980545,95.78991931580427,4404200
2022-09-28,100.02436828613281,100.59731675771381,94.69772878647706,94.89468110422388,4199100
2022-09-29,101.13446807861328,101.41198810919909,97.13277567459731,99.05752789499581,2966500
2022-09-30,100.02436828613281,101.72530521921635,98.39504478943347,99.70208391710793,3329300
2022-10-03,107.36528778076172,108.0456667340073,104.3483502856559,104.67063469350458,4243300
2022-10-04,112.05630493164062,112.24430302854299,108.74394580131006,110.1494612372722,3360400
2022-10-05,112.87097930908203,114.02583070922945,110.23899207943971,111.966792058408,3967700
2022-10-06,114.16905975341797,115.03743682851696,111.59974549667393,111.72507756626702,5045700
2022-10-07,114.09744262695312,116.66677061481278,113.05002166068122,114.6524963734811,3655700
2022-10-10,110.74031829833984,115.69991672013178,110.4269881173834,114.09744201591383,2674300
2022-10-11,109.8450698852539,112.1995366932112,107.93822634021463,108.57384085522771,3017700
2022-10-12,110.52544403076172,111.68924943820035,107.6069831015536,108.94983234240536,2540600
2022-10-13,113.99895477294922,114.87629285462286,108.7886995423118,108.7886995423118,2803800
2022-10-14,108.5777359008789,114.62934508759112,108.51469859145696,112.50407741200644,3230200
2022-10-17,108.87492370605469,111.60354969250493,108.64978945805646,110.45987073571679,3558100
2022-10-18,111.6575698852539,112.94533794527543,109.30716799339258,111.68458489334749,4018000
2022-10-19,117.13284301757812,117.90729157227757,111.94574159784102,112.56711426717227,4718800
2022-10-20,118.50164031982422,120.95110164131856,117.73619224504586,118.02435689052072,3902400
2022-10-21,121.57247924804688,122.35594193938154,118.52866018527635,119.32113703974971,4237200
2022-10-24,121.26630401611328,122.87825904447975,121.04116978783792,121.4103932200742,4000900
2022-10-25,118.87085723876953,120.91507961606575,118.72676805334314,120.5458562313235,4173200
2022-10-26,120.94210052490234,122.07677199805077,119.00593807160494,119.91548907554852,3848500
2022-10-27,121.00513458251953,123.37355094303112,120.73498451494203,122.47301407483381,3300500
2022-10-28,120.39277648925781,123.13040253116502,118.25850850202188,122.77019327918586,3016600
2022-10-31,122.94132995605469,125.10261352099904,119.19509228511906,119.32116693072238,4138000
2022-11-01,122.75221252441406,125.09361453086873,121.79764537660138,124.80543605698253,3887500
2022-11-02,122.10381317138672,124.91349806208959,120.9961564668112,121.94172310095819,5641000
2022-11-03,124.61630249023438,125.1566163936855,120.68996099763727,121.23027490108839,5368000
2022-11-04,128.08335876464844,135.87301115326804,126.05715075032408,128.97489523774806,8057500
2022-11-07,131.42437744140625,131.73955715984465,127.27290114920044,128.57867710525593,4494800
2022-11-08,133.51361083984375,134.3781324070086,130.13659708562884,130.57786516297708,3982500
2022-11-09,125.73297119140625,131.85662552251065,125.54386611695314,131.26226780630697,5018600
2022-11-10,128.15541076660156,129.10097730944972,125.22866568799269,129.10097730944972,2988100
2022-11-11,132.4779815673828,133.40553345870214,130.11857932823295,130.8570124278094,3072000
2022-11-14,131.64047241210938,135.12555942578334,131.52341196353575,132.13577043638884,2992200
2022-11-15,132.64910888671875,132.83821397030894,130.6589159800347,132.24386996649216,2786000
2022-11-16,129.18202209472656,132.2438559543486,128.71373903551788,131.17221479053606,2505300
2022-11-17,130.11859130859375,130.2446659343296,126.1202049765382,127.48001084991056,2745200
2022-11-18,126.99374389648438,127.19186315497558,124.64334154902548,126.84965466465341,3567300
2022-11-21,125.94908142089844,127.21884164732329,121.04115845234243,123.87784396651566,4734700
2022-11-22,129.96546936035156,130.21761854913237,126.5974569943503,127.87621752062452,3386300
2022-11-23,128.46156311035156,129.22702485155708,126.52541457591475,127.52501092754643,2342000
2022-11-25,128.4525909423828,130.4968136814152,128.27248629927985,128.70474019094763,1430800
2022-11-28,123.058349609375,126.02112340975673,122.97730459432657,124.46319857572054,3581300
2022-11-29,127.23682403564453,127.53400279496624,124.49019809916416,125.20161604461951,3974900
2022-11-30,127.81318664550781,130.02851331002023,126.32730636129575,128.6687076333104,4615000
2022-12-01,126.56146240234375,130.415773357517,126.32732773197459,129.23605835926574,2956900
2022-12-02,125.14763641357422,127.76820255784206,124.01296466399153,125.52586033010179,3932500
2022-12-05,120.79803466796875,128.31752424124863,119.23109531474024,127.80421154686013,3817500
2022-12-06,115.0796127319336,121.79761726649167,114.33216544654147,119.79842422390132,5031900
2022-12-07,113.61174774169922,116.82665758795885,112.73822577913795,115.38580667670688,4510300
2022-12-08,112.17988586425781,116.96174166731191,111.0452074009253,116.33135481910824,4767200
2022-12-09,109.56832885742188,113.79184934378341,109.33419419764678,112.66617815833965,4152400
2022-12-12,111.72061920166016,112.76524543056077,110.10865713016484,110.54992521162397,4307700
2022-12-13,114.78243255615234,116.16025978569526,113.74681374608012,115.13364139783447,4376100
2022-12-14,114.75509643554688,117.74403831457842,113.69803035289495,116.18577590784676,3721800
2022-12-15,115.39297485351562,115.45676284372176,112.62274065301979,112.62274065301979,3565400
2022-12-16,114.60929107666016,115.37475391964134,111.54746056184422,113.90762317693287,13516600
2022-12-19,114.3906021118164,116.50472753658254,113.43378215047825,115.58435190031129,2410400
2022-12-20,115.2654037475586,116.75075669795538,113.90762678296915,114.19011547263257,2381100
2022-12-21,118.47303009033203,118.86487952594409,116.01262832732695,117.9262818678523,2687600
2022-12-22,115.0922622680664,119.07446822202353,112.36758698629959,118.5915010245992,3011700
2022-12-23,119.0197982788086,119.11092993956548,116.16755388730594,116.16755388730594,1678400
2022-12-27,120.35934448242188,120.59626731690088,118.73730115045919,119.75790893558495,2258000
2022-12-28,116.09466552734375,120.13155247832972,115.60258369907257,119.83994225206195,2490300
2022-12-29,117.21550750732422,117.73491904964172,115.27451711741165,115.47499565086456,1744700
2022-12-30,118.02653503417969,118.1814477440385,116.5958485120729,116.86922960789319,2179400
2023-01-03,113.40642547607422,117.79871004668357,111.98486058085693,116.64140471594068,2994900
2023-01-04,113.32441711425781,114.39970535905024,110.57240503497582,111.11005263355683,2469700
2023-01-05,113.3426513671875,114.58196700026453,112.84146194133906,113.13306521074716,3560200
2023-01-06,116.15843963623047,117.68935142684988,114.46349363676512,114.9737975669716,2595700
2023-01-09,116.4135971069336,118.64618385954324,115.78482476864265,118.12677230056806,3160300
2023-01-10,116.2860107421875,117.27017423977328,114.90089020061433,117.19727169498115,2575200
2023-01-11,115.59346008300781,118.16321590546659,114.52728634815544,117.70758539118404,2771100
2023-01-12,118.87398529052734,120.37757416474581,116.27689303589804,116.55938865122204,4005400
2023-01-13,118.72270202636719,119.40131808956808,117.31959306964531,119.09868633439558,2111400
2023-01-17,119.27291870117188,120.10744734061494,117.9982048205913,119.06199864714047,3127700
2023-01-18,118.10823822021484,122.72106629095943,117.65888744496814,120.51094670500979,3737400
2023-01-19,120.40089416503906,120.96948131925187,117.04445561287176,118.27332059951408,2449600
2023-01-20,121.73981475830078,122.38175448568595,119.84149228599406,120.45593530353047,2476900
2023-01-23,123.05120086669922,123.83070807709498,122.20750668229553,122.42760629297149,2695200
2023-01-24,121.74898529052734,123.674818544413,121.40051170616455,122.88614570627014,2313100
2023-01-25,121.51052856445312,121.78564954098174,119.93318322513885,121.13453036297183,2576300
2023-01-26,124.65605926513672,124.72026023348093,121.67561186985134,123.25295745696897,2617800
2023-01-27,123.49140167236328,126.50852532710982,123.28964719163098,124.72025969628824,3035600
2023-01-30,121.14374542236328,122.44597016672955,120.52013675995173,122.13415883890465,2927000
2023-01-31,121.28129577636719,122.63854189795074,120.63935598867482,121.05203056696007,4043200
2023-02-01,116.732666015625,120.81359063180122,114.99024915684294,120.3458806843803,4991700
2023-02-02,114.40332794189453,116.56759185988348,112.88100374677593,116.28330526784349,3928600
2023-02-03,114.28411865234375,117.21871039411835,114.05485345387328,114.63259923523617,4205800
2023-02-06,113.55963134765625,114.88019403502253,112.00062391592624,114.47669207339692,2486600
2023-02-07,117.18201446533203,117.35625823626657,112.97270923445997,114.1832290717648,2524800
2023-02-08,117.97068786621094,118.7960368987623,116.98026063120786,117.19118767068028,4107700
2023-02-09,116.61345672607422,118.31001083980644,116.26496913814286,118.01655865515703,2487200
2023-02-10,123.01453399658203,123.08790053908125,118.3191872225295,119.21790287997985,4041000
2023-02-13,122.2258529663086,123.55558822606743,120.35505523426467,122.11581015655196,2936800
2023-02-14,122.08831787109375,123.10625599460693,120.36423896090321,120.6852158620943,2190200
2023-02-15,117.86981964111328,120.79524573614435,116.0173599643437,120.38257118831807,4344500
2023-02-16,114.76097106933594,117.86064059516738,114.62341057024926,117.11781669874642,2877200
2023-02-17,108.59835052490234,112.45001051798617,107.65377891365537,112.06483962104419,6201900
2023-02-21,109.34115600585938,109.75383054359811,107.95639231804425,108.59833204266411,4582000
2023-02-22,107.81883239746094,110.82679054636664,107.10352612993073,109.02935231096247,3772400
2023-02-23,109.61626434326172,110.23069333302702,107.76380480791352,110.06562212717478,3846400
2023-02-24,104.78336334228516,106.29651498038295,102.50904960185805,105.2877425572389,8752100
2023-02-27,105.23271179199219,105.6453862944902,103.71956028847008,104.99427405894433,4772200
2023-02-28,103.64619445800781,106.3148443818707,103.32522462093264,106.21396714784454,4907100
2023-03-01,108.22233581542969,108.83676480892821,103.50864434887511,103.93049143381222,4942200
2023-03-02,110.78093719482422,111.62463137362003,107.77297217180863,107.79131730421872,5850900
2023-03-03,111.67047882080078,111.88140586118212,108.88262043833281,109.14856188540529,4824800
2023-03-06,110.8818130493164,111.44121364171808,109.05685721128032,110.9643451542777,3893100
2023-03-07,108.45161437988281,110.54251192708618,108.03893281349134,109.86388888029288,3020700
2023-03-08,108.05726623535156,109.66212249414208,107.02098314469701,107.7546345187913,2807500
2023-03-09,105.46198272705078,109.60709410007162,104.8842369926329,108.45160263123587,4649300
2023-03-10,102.8758773803711,106.27817199489418,102.27061391425372,104.50824443027301,4313000
2023-03-13,100.05132293701172,102.99508700227214,97.96959818561089,100.262249980669,4301400
2023-03-14,100.1430435180664,102.68330602863922,97.85956392649139,100.36314316292166,4556500
2023-03-15,93.9234390258789,97.92175607856468,92.72949619650491,96.41312719446577,6558500
2023-03-16,96.70004272460938,96.97769939792141,91.18383976373276,91.96129398382708,6637900
2023-03-17,95.09886932373047,97.04249443779835,94.02524366263083,96.48717398539077,11147800
2023-03-20,97.59781646728516,98.48633767903408,95.24696008281506,95.24696008281506,3560600
2023-03-21,100.5317611694336,101.1981414118815,98.35674509162578,99.77282164269278,4177100
2023-03-22,97.85696411132812,101.13335666743149,97.75515454509689,100.76314776617116,3803800
2023-03-23,96.97769927978516,99.55068924693232,95.755991559367,98.4770707344592,3868300
2023-03-24,97.63483428955078,98.21792674931594,93.9974759017988,94.32141929557163,4183200
2023-03-27,100.30963897705078,101.00379132194222,97.7551634319739,98.83803939529666,3745100
2023-03-28,102.18846893310547,102.5957001140371,100.0134529224491,100.0134529224491,3283000
2023-03-29,104.2894515991211,104.46530579119676,102.85486722028735,103.68785147053651,3949600
2023-03-30,105.08540344238281,105.3167875418082,104.21539696893305,105.27976523854626,4455600
2023-03-31,106.09422302246094,106.3811440757681,105.03911221038052,105.51113769829489,4940100
2023-04-03,112.36937713623047,113.14682431882159,110.60159923189512,111.68447511962518,5011800
2023-04-04,110.71266174316406,113.39671153372376,108.53764565171583,113.14681982389888,3631000
2023-04-05,111.40682220458984,111.62894896980015,109.03744415097727,111.08287880627508,3263400
2023-04-06,110.48127746582031,111.31425453800927,110.04627424826981,110.74968385667663,2843200
2023-04-10,111.40682220458984,113.600339016267,111.10139348912408,111.68447889578209,2975900
2023-04-11,112.61927032470703,113.48001946596256,111.59192434768327,112.86916204771819,2184200
2023-04-12,113.20236206054688,113.72991755981815,112.46193712998661,112.59151166936672,2805100
2023-04-13,113.0206527709961,114.14815615418635,112.65724288340729,113.43065658642355,2912800
2023-04-14,113.31883239746094,114.2227005431933,112.657239873393,113.21633144634274,2442400
2023-04-17,112.54542541503906,113.65429552901988,112.39633763768683,113.2070179784922,3574400
2023-04-18,110.88678741455078,112.33111395986316,110.51405729551188,112.05156459327506,4416900
2023-04-19,110.7004165649414,110.85882454165943,108.77154600416787,109.55427278976404,3047400
2023-04-20,110.19722747802734,110.25313450063052,108.43608517367916,109.88040442839478,2690100
2023-04-21,109.31199645996094,110.46746043489948,108.58517670396625,110.46746043489948,3149500
2023-04-24,111.05450439453125,111.5390485238708,109.19086109682758,109.47041043517712,1939500
2023-04-25,108.71562957763672,109.84313291458135,107.68130698331228,109.01381221956228,1988900
2023-04-26,107.77449798583984,109.33063847171738,106.78676217933261,107.97949278190306,2212800
2023-04-27,107.94221496582031,108.62244788856707,106.53516941327501,107.76517368915505,2827900
2023-04-28,111.3247299194336,111.57631862840996,107.25266688654125,107.64403026016439,2715900
2023-05-01,110.55130767822266,111.47380901842342,109.5449387020577,109.81516780357798,1800800
2023-05-02,104.0006103515625,109.34926439675681,103.57197326452103,108.83676677733612,5640500
2023-05-03,103.45083618164062,105.53812179077563,101.59651309362516,101.87606243158065,4982000
2023-05-04,103.72106170654297,105.51016461063473,102.89174103780503,103.88878988163799,4518100
2023-05-05,106.38607788085938,110.32768665535649,105.19334728608284,107.43904091315048,6165500
2023-05-08,106.56311798095703,109.17222128595036,106.48857054727503,108.51062169856586,2967700
2023-05-09,106.01334381103516,107.36448944127407,105.36107151315075,105.58470671396327,1782200
2023-05-10,104.51312255859375,106.99176451914512,104.05652481885294,106.4979001685034,2578600
2023-05-11,102.99425506591797,103.46016593266634,101.85743141357423,102.62152495067214,2320900
2023-05-12,102.8917465209961,104.2708457129635,101.9133380384972,103.87948231996394,1874100
2023-05-15,103.74901580810547,104.40129520795904,102.50037824913956,103.66515527469797,1640600
2023-05-16,100.29196166992188,103.82356657792968,100.14287390266499,103.08742662102973,2466900
2023-05-17,103.24584197998047,103.73038611140144,101.400831979265,101.71765503803778,2587000
2023-05-18,104.38265991210938,104.45720735161642,101.34492639916643,102.50038327458499,2465100
2023-05-19,106.7774429321289,108.01676747313257,106.11585039223043,106.9544913263395,4656500
2023-05-22,105.808349609375,106.95448624046051,105.1747106125383,106.47925521552426,3451500
2023-05-23,105.72447967529297,107.66267034236841,104.95106602796459,106.47925290913395,2338600
2023-05-24,105.5660629272461,106.87061450271455,104.7553756295998,106.32083609831511,2431000
2023-05-25,102.87310791015625,103.73970229809564,101.93196608666118,103.73970229809564,2747200
2023-05-26,102.61221313476562,104.3826687631538,102.42584452019506,104.22426077269562,2942700
2023-05-30,101.39151000976562,101.55923818873339,99.71423532932276,100.36650763128917,4330100
2023-05-31,99.97515106201172,101.1678817007238,99.527873517877,100.38515488503226,7749500
2023-06-01,100.7765121459961,102.53765448311621,99.07127683251949,100.35718814096491,5367600
2023-06-02,104.28948211669922,104.99766859357368,102.48175286755844,103.23652616351595,2902200
2023-06-05,104.03788757324219,106.38607497900341,102.65878841737707,106.38607497900341,2651400
2023-06-06,105.1187973022461,105.20266494694249,102.34197278647537,102.48174745481275,2708800
2023-06-07,108.32426452636719,108.4733593996534,105.7803883474911,105.83630247959086,3483600
2023-06-08,108.2310791015625,108.65971617985917,105.81765748663344,108.30562653497962,5198800
2023-06-09,108.32426452636719,108.48267249730766,107.14085418390592,108.21244337140251,3732800
2023-06-12,106.15311431884766,108.0074444101956,105.3890208958737,106.44198384736671,3946900
2023-06-13,105.0349349975586,108.04471487344938,104.88584012471412,105.95743641827058,3891700
2023-06-14,103.12470245361328,106.48857924912525,102.41652310346824,106.03198862167262,4011900
2023-06-15,104.08447265625,105.73380091347254,103.21787826073515,103.91674447940085,2887700
2023-06-16,105.67790222167969,106.4140351072447,104.10312127652222,105.25857819188346,6113500
2023-06-20,102.80789184570312,104.71812210192333,101.62447428275703,104.61562114421191,3179200
2023-06-21,103.31106567382812,104.71811120281055,102.50969851107408,102.68673978477455,2730700
2023-06-22,100.86968994140625,102.02514675476827,100.09627629383779,101.717651024478,2858700
2023-06-23,99.53719329833984,100.54356243639799,99.08991575612444,99.7049214880162,8357000
2023-06-26,102.50037384033203,103.02219165038233,99.49058700768457,99.5092274204632,3189300
2023-06-27,101.5499267578125,102.52833522682128,101.3821985760917,102.29537981383324,3594400
2023-06-28,103.60926055908203,103.66516758799432,100.62742675393093,101.96925232171071,3130600
2023-06-29,105.29584503173828,105.58470746439231,103.68379047088814,104.35470318732901,3650500
2023-06-30,106.6376724243164,107.49494664030738,105.1374389917147,106.11584746347557,4115800
2023-07-03,106.87993621826172,107.36448743842372,105.90152778968701,106.78675547876432,1287600
2023-07-05,106.49788665771484,107.56016266450547,106.02265567281347,107.4110678028759,3012300
2023-07-06,104.59699249267578,106.21836036344615,102.9010771749368,105.35176584283451,3762800
2023-07-07,108.27767181396484,109.64745076337667,104.00061389525601,104.23356930544891,4583000
2023-07-10,107.87698364257812,109.29335645756981,107.52289399344752,107.58812122116197,3095400
2023-07-11,111.44586181640625,111.7160909332192,108.43608203286561,108.5478960748333,2965100
2023-07-12,113.4120101928711,113.5238313482479,111.58564064379279,112.28450686911926,3658600
2023-07-13,114.21337890625,115.85338699437588,112.97405441041523,113.69156105926061,2846700
2023-07-14,111.5725326538086,113.6645794184696,110.46553171003579,113.6645794184696,2735800
2023-07-17,111.33799743652344,112.26675021150746,110.87831273177126,110.89707230531981,2254900
2023-07-18,115.17496490478516,115.98176251677262,110.88768324918217,111.00026215692823,3133600
2023-07-19,114.86538696289062,116.96680983358247,114.34940924228282,115.20311653321384,2185000
2023-07-20,115.85041809082031,117.00432857441322,115.23125202351949,116.61031315363905,2629500
2023-07-21,116.9011459350586,116.9668151790998,115.61589683606843,116.34764188607349,2246100
2023-07-24,118.34587097167969,119.54668403982302,117.08876487024746,117.26701302040983,2598500
2023-07-25,120.55049133300781,120.72873948605057,117.85803809388294,118.37401582247483,2283900
2023-07-26,121.31976318359375,121.41356820150054,118.73988183921078,118.79616771291893,2879000
2023-07-27,120.79440307617188,122.37985542795886,120.10956770868081,121.95769703196632,3090800
2023-07-28,122.6143798828125,122.80200423139516,119.84688137546253,121.31037133515565,3131900
2023-07-31,124.33118438720703,124.74396658880052,123.0834615741437,123.43058168811376,2803900
2023-08-01,123.59943389892578,123.8808775980925,122.10780090260967,123.40241901506272,2587300
2023-08-02,121.99522399902344,123.66511958891238,120.71935820646237,122.6613069932639,3250400
2023-08-03,123.54315185546875,125.05355162921438,121.86388013105471,122.29542905847701,4302100
2023-08-04,121.77006530761719,127.51145350161482,121.16965879265548,126.64837003103365,5719600
2023-08-07,119.73432159423828,122.37048920452204,119.3684490458827,122.37048920452204,3865100
2023-08-08,120.4566650390625,120.68182284803332,117.04185749192712,117.76421911283053,2958900
2023-08-09,122.71759033203125,123.90902727826298,121.38543868597064,121.60120599731559,3389200
2023-08-10,122.94273376464844,124.17168971526313,121.73253022859957,122.89582409859332,2342900
2023-08-11,124.1435546875,124.61262274829393,122.64253116703094,122.73635050511821,1845100
2023-08-14,123.34613800048828,123.97468750833933,122.3892494263506,123.89964921276997,1438900
2023-08-15,121.1509017944336,122.81140678748093,120.56926196238763,122.67067777613904,1598200
2023-08-16,120.6443099975586,122.90520715324503,120.15647521008329,121.61058904988286,1820000
2023-08-17,121.70439910888672,123.27108476646812,121.46048886246588,122.67067820119847,1837500
2023-08-18,122.5487289428711,122.67067690738449,120.17524564622734,120.86945723057312,2045400
2023-08-21,122.30479431152344,124.19983317249492,121.61058278435097,123.40241179067642,1627400
2023-08-22,121.24472045898438,123.40242213930753,121.17904405776021,122.4267668476257,1893000
2023-08-23,120.91636657714844,120.9538857242472,118.88061287003029,120.043899680182,1708200
2023-08-24,117.90493774414062,120.88821063638821,117.61411786223356,119.56543538498515,2811100
2023-08-25,119.21834564208984,119.72494003040258,117.22011102862113,118.58979612891719,2417400
2023-08-28,119.53730773925781,120.91636903906483,118.80556267995063,119.80936808443295,1836100
2023-08-29,119.9406967163086,120.03450889307666,118.14886052058446,119.64049345620458,2175000
2023-08-30,119.86564636230469,120.70997028388938,119.57482646164068,120.6161652627705,1642100
2023-08-31,120.66307830810547,120.99143171721842,118.94629443280589,120.28782953896747,2757400
2023-09-01,122.87705993652344,123.60880493484707,121.9576905848795,122.60500677143207,2462000
2023-09-05,125.13797760009766,127.03301658769762,123.52438231399414,123.79644980754183,3737700
2023-09-06,124.88470458984375,126.12305142569188,123.86213941816048,124.99729068435461,2015400
2023-09-07,123.41181182861328,125.54138487022603,123.26170661096184,124.94096399962028,1588700
2023-09-08,124.51880645751953,125.46633312499739,123.94654283675325,124.47189678732789,2398300
2023-09-11,122.11717987060547,126.04797259544975,121.46986364233754,125.48508518439377,2831300
2023-09-12,125.79467010498047,125.91663238249612,123.28984835827073,123.33675802768609,2442200
2023-09-13,124.68767547607422,126.22621814436955,123.75891556147072,125.81343596010133,1963400
2023-09-14,126.32941436767578,127.63342301233857,125.49447378677401,126.14179000513562,2370000
2023-09-15,124.00283813476562,126.2825165828938,123.45873172663924,125.2505610195728,4879800
2023-09-18,123.72138977050781,125.56012845554245,123.03654013119736,125.44755670763189,1998900
2023-09-19,121.0195541381836,125.2880761587348,119.8187411027733,125.06291834653766,3671700
2023-09-20,117.736083984375,121.49800470177514,117.52030952582025,120.08142430278885,3818600
2023-09-21,115.00609588623047,118.9275048939974,114.67774969749367,118.392767627366,3614100
2023-09-22,115.03426361083984,116.20693386277847,114.0023080632049,115.83167795067587,3222700
2023-09-25,117.87680053710938,118.04566531874214,115.32506924017437,115.32506924017437,2710600
2023-09-26,119.03070068359375,119.71554315646699,116.48835282057794,116.72288683551383,3382000
2023-09-27,121.77944946289062,122.91460048540439,120.46606459907598,121.46048661236728,2735000
2023-09-28,121.46048736572266,123.19604495314807,120.89759995498429,121.31977267044881,2274200
2023-09-29,118.91812896728516,121.67624411659085,118.71173788890368,121.5449056407863,3374700
2023-10-02,116.00991821289062,119.42473318121232,115.16559425755598,119.22771829379197,2625100
2023-10-03,116.55403900146484,116.60094867423516,115.19374438006008,115.90672989318391,1917900
2023-10-04,111.97592163085938,114.94042788340388,110.93459002295594,114.68713429434557,2814200
2023-10-05,111.13159942626953,112.67014202831507,110.56871920849366,110.93459170791849,2526400
2023-10-06,113.21427154541016,114.51828022911633,110.72820930155932,111.84459361710766,3477800
2023-10-09,119.36843872070312,119.95946906108607,116.14125531288197,116.53527076819682,3720000
2023-10-10,118.87123107910156,120.1939993328818,118.28958408761594,119.16205099613896,2833700
2023-10-11,119.49039459228516,119.61234970551328,117.07938516294887,117.74546091810602,2447400
2023-10-12,120.98204040527344,121.61058988826665,119.82812982773032,120.9538831520213,3039000
2023-10-13,125.56014251708984,126.30127811335575,123.13974946220846,123.45872664171155,3573300
2023-10-16,126.51825714111328,127.20734009276491,125.08344185236982,127.16015387697487,1993600
2023-10-17,126.77313232421875,127.64156901043978,125.71589315540463,125.98964811300031,2670000
2023-10-18,128.15127563476562,128.64213607633732,127.18845228087314,127.75481641782083,2307600
2023-10-19,128.59495544433594,129.01973221394712,126.42385657302589,127.43389509977017,2421300
2023-10-20,125.76307678222656,129.12355310635377,125.48933626522741,128.39671838029162,3424300
2023-10-23,124.2621841430664,125.65923293126986,123.35598138091018,124.5453734064655,2281300
2023-10-24,122.65748596191406,124.42267678479944,122.35541351970542,124.24332307268891,1813900
2023-10-25,122.4592514038086,123.20498375715675,121.45866162665423,122.43093391227457,2421900
2023-10-26,120.76957702636719,121.39259063890253,119.3347617257543,120.96779946442405,2367500
2023-10-27,118.92886352539062,120.89229844441306,117.95659123130923,120.76013814643161,2779000
2023-10-30,118.41911315917969,119.96719827698077,117.01262268545368,119.25923225840822,2614600
2023-10-31,119.1742935180664,119.54243531397793,117.28638391778021,118.29641526586119,2368400
2023-11-01,117.258056640625,120.38254446377623,117.1636626088488,119.6745784227502,3394600
2023-11-02,121.43976593017578,121.45864905711332,116.31409884246469,116.86159429480827,4313600
2023-11-03,120.97724151611328,124.23388245018923,120.45806353448236,122.51587792981168,5531200
2023-11-06,119.33476257324219,122.27046254013327,118.08874254112598,122.03447384312788,4344500
2023-11-07,115.76661682128906,117.52237333643552,114.78490295892088,117.05039593347796,3582100
2023-11-08,114.41675567626953,115.82324625315891,114.07693138628503,114.88873305660319,3840500
2023-11-09,114.501708984375,115.75716327289977,114.11468409715101,115.36070402389196,1827000
2023-11-10,115.8232421875,116.38017922168167,114.83209404467283,115.61557819695743,1934300
2023-11-13,116.1630630493164,116.79551817153353,115.54005669240462,116.10642807190702,2413500
2023-11-14,118.10762023925781,118.30584987141123,116.2385866761207,116.9559942985353,2556100
2023-11-15,116.1725082397461,118.61735473342057,116.12530762256277,117.90938868648904,3861900
2023-11-16,113.93534088134766,114.94537222397487,110.78253532275924,114.13357772589447,4075100
2023-11-17,117.05038452148438,117.58843842032553,114.68105617313337,115.15303353007485,3667500
2023-11-20,118.21145629882812,118.6739921089919,117.18254187823976,117.75835485084909,3133700
2023-11-21,117.28636932373047,117.65451107383377,116.23857904980484,117.32412837525423,2281200
2023-11-22,116.26690673828125,116.54065448449285,112.42501113076578,113.84094327901674,3369300
2023-11-24,116.57840728759766,117.2108552181341,115.70052911468775,116.06867087734646,1318100
2023-11-27,116.10643768310547,116.36130230434804,114.92649421071619,115.78549651548123,2384200
2023-11-28,116.71056365966797,117.54124123951571,115.81380953598918,116.47457497429953,3380900
2023-11-29,116.33297729492188,117.41852665972372,115.82324088357657,117.26749764995638,3000100
2023-11-30,116.1725082397461,118.90997839490862,115.03032388157958,117.56012284402038,5597800
2023-12-01,116.67279815673828,118.58902502372257,115.58724882368628,115.8232374960105,2989500
2023-12-04,116.10643768310547,116.95599842358644,115.16248290519404,115.68166091376669,3000900
2023-12-05,115.11528778076172,116.63505562189158,114.65275193401031,116.27635538181143,3478300
2023-12-06,113.03857421875,115.24742473826777,112.02854298770677,113.98252890951201,4613900
2023-12-07,111.717041015625,114.2940406010203,111.3488992465404,113.57663298868486,3524500
2023-12-08,112.2928466796875,113.77485522352468,111.91526337132461,112.63267093703384,3857100
2023-12-11,112.51941680908203,112.98195987733402,110.91469642241553,110.97133140962839,5004100
2023-12-12,111.07514953613281,111.94358614511322,110.23503041630133,111.13179171623358,3447800
2023-12-13,111.83976745605469,112.20790925053863,110.25392310989174,111.311147872798,5765800
2023-12-14,115.30069732666016,115.9316996769271,112.61417425790907,112.6906607174839,4842400
2023-12-15,114.83222198486328,115.34849460736562,113.57022467235187,114.18210171513621,7428600
2023-12-18,116.27587127685547,117.69083418443083,115.92212690288682,117.35621507075759,2875500
2023-12-19,117.14588928222656,117.56655750877023,115.54927275933598,116.49576897490911,3498900
2023-12-20,116.09422302246094,118.53217593570085,115.94125010978159,117.46138742939529,3671100
2023-12-21,115.75959014892578,116.35234187980288,114.5071482810599,116.31410595032294,3841700
2023-12-22,116.89730834960938,117.60479712600421,116.06554184704369,116.83994715471518,1741900
2023-12-26,118.8381118774414,119.32569661414502,117.51874606385572,117.92028900966449,1852100
2023-12-27,118.8094253540039,119.76548416597325,118.04458268091835,118.55129268419813,2568300
2023-12-28,115.99861907958984,118.60865558918016,115.9603758512616,117.70996525299135,2137200
2023-12-29,115.63531494140625,116.72522144641773,115.29113317201839,116.58181845429792,1756600
