Date,Close,High,Low,Open,Volume
2000-01-03,23.013843536376953,23.803341364743513,22.77699436856856,23.605966455897935,12019200
2000-01-04,22.50889015197754,22.608135093638097,21.972964195978076,22.429493108304943,11723400
2000-01-05,22.36994171142578,23.044811916803177,21.913412882128085,22.3103943938113,8714550
2000-01-06,22.68752670288086,23.163905216327176,22.151600875253752,22.270695503615332,8369250
2000-01-07,23.104345321655273,23.34253444868265,22.54857008617846,23.064647739563654,6571950
2000-01-10,22.70737075805664,23.30284375156128,22.70737075805664,23.10435214797995,4723500
2000-01-11,22.171445846557617,22.369935639906306,21.675217728707043,22.230993148010107,8405550
2000-01-12,22.31038475036621,22.50887632903174,22.072195582863227,22.131742874738976,7271850
2000-01-13,22.6478328704834,23.02496471160173,22.409643574097036,22.58828554638681,6918900
2000-01-14,23.461639404296875,24.057112485624206,23.12420526395793,23.48148911275433,9731850
2000-01-18,22.5485782623291,23.66012913633286,22.31038904893394,23.481487226286486,5296650
2000-01-19,23.54103660583496,23.938018057425488,22.945563519829353,22.945563519829353,15734700
2000-01-20,23.521196365356445,24.136519407665304,23.104365037362786,23.938027693350104,7770300
2000-01-21,23.16390037536621,23.501334479457974,23.06465547821909,23.46163688404701,5160600
2000-01-24,23.18375587463379,23.6799823016013,22.925716896887558,23.62043498498601,6459150
2000-01-25,23.699831008911133,24.05711489346758,23.183754892520643,23.183754892520643,7579950
2000-01-26,24.910625457763672,25.089267388973358,23.818924161291257,23.938018782097714,8386650
2000-01-27,25.62519645690918,25.88323362346788,24.950326247026574,25.228213125335916,8165850
2000-01-28,24.354848861694336,25.267908185972203,24.33499915337103,25.267908185972203,7500000
2000-01-31,25.62519645690918,25.88323362346788,24.394550673167963,24.394550673167963,7160250
2000-02-01,26.597801208496094,26.835990478474386,25.82368608106664,26.180969986034082,9651000
2000-02-02,26.161128997802734,26.736752613125454,25.843542614914135,26.359618897022763,7126200
2000-02-03,26.41915512084961,26.955080894416923,25.486247898534533,26.518401845966274,9200250
2000-02-04,25.96262550354004,26.45885366095973,25.90307819733926,26.20081472834316,5115150
2000-02-07,26.10157012939453,26.478701861589162,25.962625807552538,26.10157012939453,4684200
2000-02-08,27.014636993408203,27.352073061026324,26.677202743030307,26.697052457960847,6318600
2000-02-09,26.319896697998047,27.43144527406772,26.180952444524827,26.974916751568134,9818550
2000-02-10,26.39930534362793,26.597795145201708,25.843529901294453,26.39930534362793,6880500
2000-02-11,26.240514755249023,26.994781915091526,26.042024927702883,26.439006400034906,7052550
2000-02-14,25.109113693237305,26.498551453868313,25.109113693237305,26.12141790608171,5904750
2000-02-15,25.74428939819336,26.200818200485518,25.287758778661388,25.426703117289353,8965500
2000-02-16,25.248058319091797,26.101570330279326,25.0892661052214,25.724436777942586,4829700
2000-02-17,24.890764236450195,25.883218345075928,24.712122387863232,25.605331630798048,5716200
2000-02-18,23.739526748657227,24.95032264589093,23.679979439239826,24.79153042652442,8121300
2000-02-22,24.533498764038086,25.049574993133575,23.85862845118998,24.136517189136956,7068600
2000-02-23,24.57318687438965,25.148812025239636,24.315149768239863,24.57318687438965,4452900
2000-02-24,24.136512756347656,24.632739179529594,23.69983183208687,24.53349425834118,5199900
2000-02-25,24.096811294555664,25.009870670824398,23.779226846736755,24.335000539039704,4644300
2000-02-28,24.75185203552246,25.4862700813072,24.255625246991148,24.374719966997258,6051000
2000-02-29,25.28775405883789,25.724434886421786,24.672433139559978,24.672433139559978,6166950
2000-03-01,26.042037963867188,26.042037963867188,25.049581060371885,25.36716748755926,4866300
2000-03-02,25.585493087768555,25.764135014255473,25.327455961002773,25.565645196318663,3583800
2000-03-03,25.764137268066406,26.16112057314687,25.208363548537452,26.04202594507069,5981400
2000-03-06,26.498558044433594,26.796294651674422,26.121424402848536,26.339765792985165,5691450
2000-03-07,25.98247718811035,26.736742518291837,25.724438235862078,26.49855327536719,4566900
2000-03-08,25.089262008666992,25.863376877902674,24.970167413399963,25.645035575086915,5247750
2000-03-09,25.764137268066406,25.803836688918338,24.79153235027083,25.00987189599722,3979500
2000-03-10,24.990015029907227,25.903074189458316,24.69227854497092,25.406846108818048,5311350
2000-03-13,25.426700592041016,25.783984441109506,24.493793369664274,24.652585585725948,4723350
2000-03-14,25.089262008666992,25.70458287272043,24.930468003484748,25.565640389735105,4129650
2000-03-15,26.39930534362793,26.736739460094952,24.513639508000544,24.731980833867,8861700
2000-03-16,28.622400283813477,28.701797285924844,26.736736475892645,26.974925664987456,15634950
2000-03-17,28.900299072265625,29.29728058831182,28.10633422293329,28.344523496008996,11889150
2000-03-20,27.49101448059082,28.74150830762278,26.83599390452646,28.582716046444805,8076150
2000-03-21,29.21787452697754,29.376668538104827,27.153568737477194,27.451305236791637,8345550
2000-03-22,29.07892608642578,29.25756794944702,28.185716771319587,28.781189648057047,8604150
2000-03-23,31.282169342041016,31.500510576432536,28.880430301644196,28.90028000038126,10431450
2000-03-24,30.547780990600586,31.996764842338894,30.488233659234893,30.80581821502503,9489000
2000-03-27,30.07139778137207,30.766117753491205,29.71411384733597,30.488229037747526,4828950
2000-03-28,29.932445526123047,30.40882397915015,29.57516168635272,29.773653314193872,7325700
2000-03-29,28.701812744140625,30.011853989723807,28.364378483600806,29.932456944850795,9088350
2000-03-30,27.629959106445312,28.820905619654162,27.29252486678286,28.404074340031066,8017200
2000-03-31,27.68949317932129,28.066626667079984,27.312359691562598,27.94753207276032,6805050
2000-04-03,29.37668228149414,29.535474549670358,27.8879990884664,27.9276967012004,8509500
2000-04-04,27.694255828857422,29.33037245209823,26.49709776958811,29.210656646171298,12638700
2000-04-05,27.57453727722168,27.754110968231195,26.896148995664433,26.896148995664433,7310700
2000-04-06,27.913738250732422,28.17312129978489,27.714211282699587,27.7740691904376,4853400
2000-04-07,27.57453727722168,28.173116247253397,27.454821483215337,28.173116247253397,4914150
2000-04-10,28.133220672607422,28.432510254230905,27.175494011412276,27.29520984406167,7864950
2000-04-11,27.454830169677734,28.053409329094535,27.135589169134523,27.77407299693957,8217150
2000-04-12,27.71424102783203,29.03111641144392,27.614478350101546,28.073388859726183,9133350
2000-04-13,26.975963592529297,27.694258497301245,26.896154265366906,27.454826862377264,6781050
2000-04-14,25.180238723754883,26.29758812114702,24.182607029465544,26.177872244763524,13084500
2000-04-17,25.100421905517578,25.359805009530145,23.923214919422026,24.741274382990547,8708700
2000-04-18,25.69899559020996,25.83866282338306,24.920842791863027,24.980700699428176,6833400
2000-04-19,24.90089988708496,25.858626805818997,24.142700018660225,25.778815620351452,9057150
2000-04-20,24.681411743164062,24.96074804281056,24.342215707823584,24.940794797579233,4540650
2000-04-24,23.863340377807617,24.402061286370547,23.763577855498088,24.262394120480707,7792800
2000-04-25,24.92084503173828,25.08046552401918,24.022976337560983,24.18259682984188,6327150
2000-04-26,24.402090072631836,25.140338723416487,24.322280691322977,25.140338723416487,5500500
2000-04-27,23.584022521972656,24.102790597982843,23.40444874642464,23.983074747617497,9298200
2000-04-28,23.025348663330078,23.843408217504674,22.90563280922833,23.703739112146312,8603250
2000-05-01,23.544103622436523,24.06287138501516,22.84576036608773,23.14504981117498,8439750
2000-05-02,24.302322387695312,24.581658817727916,23.42440658850765,23.56407389016432,8411250
2000-05-03,23.7037410736084,24.501847442568927,23.7037410736084,24.00303073362871,9320550
2000-05-04,23.384485244750977,24.08282861689581,23.264769446865362,23.983064234179057,6172200
2000-05-05,23.045291900634766,23.224865603756594,22.506570791269276,22.985433999594154,14505150
2000-05-08,22.985445022583008,23.364545853215986,22.765966555752886,22.865729163090386,5497650
2000-05-09,22.626298904418945,23.20492498707177,22.626298904418945,23.065257693128874,6378000
2000-05-10,21.94790267944336,22.566435108293987,21.94790267944336,22.566435108293987,6616050
2000-05-11,22.346956253051758,22.566434672793395,21.868092917820068,22.366907674207308,7853100
2000-05-12,22.8657283782959,23.26478062066873,21.748381003620576,22.067622066831248,12221850
2000-05-15,23.823455810546875,24.00302959806356,23.00539805409943,23.22487651882459,6703200
2000-05-16,23.7037410736084,24.4818941896612,23.524167277596213,24.461940936753475,7925100
2000-05-17,23.62392234802246,23.923211912510578,23.324632783534344,23.384490696431968,4350600
2000-05-18,23.98306655883789,24.38212047494865,23.544109808521654,23.544109808521654,5156250
2000-05-19,23.145055770874023,23.923208528470077,23.065246449445585,23.823445963325394,5114550
2000-05-22,23.045291900634766,23.38448606429216,22.506570791269276,23.38448606429216,4164600
2000-05-23,23.34459686279297,23.803507132385857,22.965495962952264,22.965495962952264,5208750
2000-05-24,22.8657283782959,23.444354403744352,22.50658081214465,23.14506476528498,8573100
2000-05-25,22.42676544189453,23.54411443447995,22.26714494011889,22.98543993818724,7721400
2000-05-26,22.50658416748047,22.746015913943026,22.147436547786633,22.466679485309797,6163950
2000-05-30,23.464311599731445,23.464311599731445,22.706111663748594,22.865732222187276,4197750
2000-05-31,23.843402862548828,24.06288127020337,23.30468164008159,23.30468164008159,4983150
2000-06-01,24.62156105041504,24.980708609529426,24.082839711743453,24.222506989141973,8779650
2000-06-02,25.758859634399414,26.29758093082723,25.53937936989406,26.29758093082723,8867400
2000-06-05,25.33985710144043,25.898529885037956,25.29995059781274,25.69900467377556,4890450
2000-06-06,24.581663131713867,25.339865016851256,24.422042547499483,25.339865016851256,5546850
2000-06-07,24.541751861572266,25.040568565226035,24.461940677506313,24.72132565568133,5901150
2000-06-08,24.422025680541992,24.801126361286578,24.062878244063434,24.801126361286578,3975150
2000-06-09,23.40445899963379,25.100434898368896,22.785926226201518,24.58166476837291,10294950
2000-06-12,23.26978302001953,23.823469175479804,23.07524464107403,23.643895287222417,5142600
2000-06-13,23.075223922729492,23.224868695250436,22.805863332191795,23.165010786242057,5649900
2000-06-14,23.97309684753418,24.122741646832143,23.105157011605975,23.40444661020191,5920600
2000-06-15,23.374521255493164,23.883313651579442,22.327007498844942,23.85338468710378,9911800
2000-06-16,21.758359909057617,22.47665514677066,21.129851576058705,22.386868242056533,16619900
2000-06-19,22.44672203063965,22.686153732299804,21.608711074829102,21.728426925659182,7731000
2000-06-20,22.955516815185547,23.254806473792918,22.746014054160383,22.985445781046284,5643600
2000-06-21,22.50658416748047,22.955518692097765,22.207294484402272,22.835802818866487,4059300
2000-06-22,22.207277297973633,22.656211475156386,22.02770362710053,22.62628253001087,3268600
2000-06-23,22.44672203063965,23.01537232208252,22.237219291687012,22.327006179809572,3662500
2000-06-26,22.775938034057617,23.194943464381936,22.297074685115536,22.297074685115536,3195000
2000-06-27,22.955516815185547,23.344593371375133,22.895658883464073,23.165019576210707,5146100
2000-06-28,22.52902603149414,23.434377127412702,22.356934500864995,23.045300623381586,4898400
2000-06-29,22.80586814880371,23.404447365307746,22.327004775600482,22.716081266328107,4679500
2000-06-30,22.057649612426758,23.10516350175503,21.848146834561103,22.83580278735633,6995300
2000-07-03,22.935277938842773,23.146246329870237,22.121542716308273,22.121542716308273,2746100
2000-07-05,23.025680541992188,23.959968626811243,22.844850590091724,23.35720212047637,5083900
2000-07-06,23.146255493164062,23.236670553684235,22.483211716016136,23.05584043264389,3497600
2000-07-07,24.140810012817383,24.442193408732706,23.266798164662944,23.266798164662944,6245000
2000-07-10,23.990116119384766,24.592882856052725,23.959977782551366,24.20108447721855,3393600
2000-07-11,24.442184448242188,25.044951019098963,24.020247848642448,24.291492805527994,4641900
2000-07-12,24.381908416748047,25.16550497896739,24.35177008743192,24.924398344438362,4531400
2000-07-13,24.472322463989258,24.984674042668836,24.412045807674012,24.77370574556548,4588500
2000-07-14,25.316198348999023,25.436751674470447,24.59287839617048,24.803846715745472,4532300
2000-07-17,25.090166091918945,25.91897037723759,24.984681910151117,25.91897037723759,5069900
2000-07-18,24.5627498626709,24.833994953178923,24.170951398603755,24.7134415796198,3273200
2000-07-19,24.442184448242188,24.83398271929909,24.17093949135664,24.59287609095638,4287100
2000-07-20,24.743572235107422,25.677860589904412,24.3517738927732,24.472327228876036,6117400
2000-07-21,25.42920684814453,25.91895453559028,24.89425168185764,25.557294704861114,5470100
2000-07-24,24.864126205444336,25.376477896950462,24.472327853116123,25.286062892567028,3232600
2000-07-25,24.71343231201172,24.95453896871427,24.532602319484802,24.894262304538632,2697100
2000-07-26,23.80928611755371,24.592882875852947,23.447626075261756,24.592882875852947,4654000
2000-07-27,24.050384521484375,24.29149113322858,23.327064686251763,23.80927790974017,3556100
2000-07-28,23.327070236206055,24.17094357808431,23.176378568013508,24.1408052444458,2880800
2000-07-31,24.020259857177734,24.020259857177734,23.26680126692749,23.628461390247608,3650700
2000-08-01,24.894254684448242,25.73812772459903,23.92982835284734,24.050381644297453,10556800
2000-08-02,24.80384635925293,25.255921323273334,24.442186388036603,25.044953006730477,6692900
2000-08-03,24.231239318847656,25.04497496761493,24.110685889400653,24.592899607188667,5914200
2000-08-04,25.286056518554688,25.436748154541306,24.412045029832296,25.014811573778772,8546500
2000-08-07,25.82855224609375,26.099797252178746,25.34633890194264,25.587445574018194,6924000
2000-08-08,25.79841423034668,25.979244236634155,25.376477549009234,25.94910590225291,3458500
2000-08-09,25.225784301757812,25.85868928423919,25.135369304260472,25.76827428674185,6305600
2000-08-10,25.014814376831055,25.647719318895454,24.954537715682065,25.225782690852522,4979200
2000-08-11,25.075092315673828,25.286060640445122,24.743570662461796,24.864123990902534,4492200
2000-08-14,25.436750411987305,25.557303731475397,24.864122144418868,25.436750411987305,4970100
2000-08-15,24.984689712524414,25.738148389017912,24.894274671345194,25.557318306659475,7236200
2000-08-16,24.29149055480957,24.984672047068404,24.14079892605765,24.713427115314946,5305600
2000-08-17,24.442184448242188,24.65315274804206,24.1408011628138,24.1408011628138,4514400
2000-08-18,24.472322463989258,24.713429089250234,24.23121583872828,24.502460792146877,3694100
2000-08-21,24.5627498626709,24.894271639958482,24.412058145721996,24.592888206060678,3502300
2000-08-22,25.436750411987305,25.798410370451577,24.592877175570663,24.803845484674824,7456800
2000-08-23,26.190221786499023,26.220360131477733,25.436763162031273,25.5271781969674,6868200
2000-08-24,25.67784881591797,26.461445141286358,25.557295535092063,25.73812545633092,4508200
2000-08-25,25.105226516723633,25.88882302264778,25.014811535270848,25.617578078289423,4746600
2000-08-28,25.4066162109375,25.707999558635453,25.07509452846975,25.07509452846975,5261600
2000-08-29,25.014814376831055,25.647719318895454,24.894261054533075,25.587442657746465,7020300
2000-08-30,25.67784881591797,25.97923201798273,25.22577401282082,25.31618897344025,8367100
2000-08-31,26.943675994873047,27.275197735302136,25.798419073390747,25.88883409350777,8450600
2000-09-01,27.154640197753906,27.39574688097481,26.582011825104267,27.335470210169582,5478500
2000-09-05,27.546436309814453,27.757404640414784,27.09436131567089,27.21491464744251,4851200
2000-09-06,27.003950119018555,28.08893025772912,26.883396770272935,27.606716862746648,6821900
2000-09-07,27.60671043395996,27.63684876412804,26.97380550043031,27.275188802111096,3495800
2000-09-08,27.877965927124023,28.119072659466717,27.3656141208958,27.42589080398147,4496500
2000-09-11,27.727262496948242,28.149199100162672,27.245049236131752,27.727262496948242,5219500
2000-09-12,25.46689224243164,27.938235631638026,25.075093900240386,27.84782062959389,7314600
2000-09-13,24.442184448242188,24.683291076584897,23.92983286301393,24.291492805527994,42585300
2000-09-14,24.110679626464844,25.075106811523437,24.08054127693176,25.075106811523437,20361300
2000-09-15,23.6887264251709,24.261354672089787,23.35720480853365,24.261354672089787,14822300
2000-09-18,22.453060150146484,23.68873191679884,22.453060150146484,23.68873191679884,15120400
2000-09-19,22.603748321533203,23.02568495686849,22.392780003865557,22.513333328247068,15642000
2000-09-20,22.422927856445312,22.694172951482958,22.00099104194231,22.57361957591067,12493000
2000-09-21,21.518756866455078,22.453044629564474,21.518756866455078,22.42290631462546,12166800
2000-09-22,22.784587860107422,22.935279578758927,21.488639079704484,21.579054110895388,17425600
2000-09-25,22.664026260375977,23.477761245788415,22.664026260375977,22.9051329227204,11709900
2000-09-26,22.211959838867188,23.11611017152121,22.061268116758182,22.844865071725003,8176500
2000-09-27,21.94070053100586,22.6338820038261,21.820147231384947,22.392775404584278,7879200
2000-09-28,22.603748321533203,22.694163314819335,21.75987505086263,21.85029004414876,9307900
2000-09-29,22.272232055664062,22.965413838181348,22.272232055664062,22.36264707077501,8576500
2000-10-02,22.905134201049805,22.905134201049805,22.332505846023558,22.483197518398885,7138200
2000-10-03,22.543472290039062,23.20651559268727,22.4530572942234,22.965408937178832,9742300
2000-10-04,22.122272491455078,22.668501441861377,22.06158038585438,22.516771177859628,6363900
2000-10-05,21.5760440826416,22.547117796628285,21.485005921955352,22.152619100321196,9189200
2000-10-06,20.817384719848633,21.849150143281364,20.271155966266598,21.606381808356016,13400700
2000-10-09,20.422889709472656,20.99946460468808,20.362197615239452,20.93877251045488,6499500
2000-10-10,19.81597328186035,20.63531674068153,19.542858795586625,20.422894362468632,11926200
2000-10-11,19.755287170410156,19.876671423377346,18.87525133639803,19.482172601233977,16885900
2000-10-12,18.359352111816406,19.542847537206224,18.177275892525664,19.48215546410931,14847200
2000-10-13,19.269744873046875,19.482167257474163,18.329017170583167,18.389709280419538,14143700
2000-10-16,19.209043502807617,19.75527222800594,18.814544979053274,19.512503905695574,8405600
2000-10-17,18.420055389404297,19.664243644701784,18.32901722438253,19.421475204643738,8318700
2000-10-18,17.904165267944336,18.511086124484823,15.719250184398588,16.265478955285026,29641500
2000-10-19,18.905588150024414,19.482163069527566,18.51108952089068,18.51108952089068,14981100
2000-10-20,18.632474899291992,19.11801170448527,18.511090697993673,18.784205150914893,7559300
2000-10-23,18.632474899291992,18.81455120123947,18.420052547019935,18.541436748318255,5240100
2000-10-24,19.451814651489258,19.5731988302817,18.51108726584781,18.541433310545923,10595900
2000-10-25,19.42147445678711,20.119433695077895,19.30009024143219,19.45182051062584,9256100
2000-10-26,19.42147445678711,19.876665264368057,18.87524548768997,19.75528104901314,10398700
2000-10-27,20.726354598999023,20.84773881334162,19.57320456274432,19.664242723501268,9867500
2000-10-30,21.242237091064453,21.33327525002616,20.78704629625593,20.78704629625593,7884900
2000-10-31,22.0919189453125,22.304341242863583,21.42430601015196,21.75811247773223,13186900
2000-11-01,22.182960510253906,22.243652604673205,21.60638561327056,22.091922368624957,8789400
2000-11-02,22.0919189453125,22.57745562542926,22.031226860297906,22.182957072834395,6435700
2000-11-03,21.5760440826416,22.122273046759112,21.424313814831184,22.122273046759112,5879800
2000-11-06,22.0919189453125,22.182957072834395,21.63672830770304,21.788458520239526,4568100
2000-11-07,21.818817138671875,22.031239558658942,21.66708683868111,21.909855318666335,4101800
2000-11-08,21.151193618774414,21.81880661678451,20.999463391953938,21.81880661678451,5754400
2000-11-09,21.424318313598633,21.51535649340146,20.66566681524174,20.908435294715947,6306500
2000-11-10,20.78704261779785,21.6367319510801,20.78704261779785,21.181541236821754,4465600
2000-11-13,20.45323371887207,20.696002071618327,19.785620748819866,20.331849542498944,6041800
2000-11-14,20.66565704345703,20.969117499308087,20.271158450850656,20.787041225797452,6506300
2000-11-15,19.78562355041504,20.78704314729187,19.724931453634625,20.422890566609386,8300500
2000-11-16,19.846315383911133,20.271160055737976,19.694585143972976,19.846315383911133,6940400
2000-11-17,19.239395141601562,19.90700822222496,18.9966267486476,19.876662173105714,8358900
2000-11-20,18.723514556884766,19.391127717746134,18.511092187519786,19.300089559446857,7421300
2000-11-21,18.784202575683594,19.0876630373263,18.329011883219533,18.723510483355053,6202100
2000-11-22,18.17729377746582,18.632484773562627,17.964871312620645,18.602138707156172,6600100
2000-11-24,18.996618270874023,19.0269643064505,18.359351523768026,18.420043594920976,3835500
2000-11-27,19.118017196655273,19.512515964205303,19.026979019528344,19.148363255697586,10451600
2000-11-28,18.450403213500977,19.48216918267702,18.177288692248496,19.14836254559065,13168300
2000-11-29,18.420055389404297,18.723515939476854,18.055902729317225,18.146940894338993,9867200
2000-11-30,17.904165267944336,18.57177821013887,17.20620628292278,18.055895482079457,15472400
2000-12-01,18.116594314575195,18.784207505397063,17.995210098062127,18.025556152190394,9448300
2000-12-04,18.420055389404297,18.632477774455086,17.904172454280946,18.146940894338993,6819200
2000-12-05,20.058738708496094,20.1194308074628,18.480744135361757,18.75385858071193,13818600
2000-12-06,19.451814651489258,20.999462931092925,18.96627793631948,20.02838950075337,19776900
2000-12-07,19.0269775390625,19.633898672684907,18.602132745526813,19.14836176578698,9650300
2000-12-08,19.42147445678711,19.846319210529327,19.23939813375473,19.57320472598076,8411700
2000-12-11,20.635311126708984,20.69600321825813,19.451815341500676,19.54285347882439,9131000
2000-12-12,20.878089904785156,21.211896574774453,20.36220686934715,20.635321417520213,7843400
2000-12-13,21.606388092041016,21.697426244114222,21.18154338236605,21.333273635821396,10288900
2000-12-14,20.817384719848633,21.333267431564998,20.08907971507259,20.544270343057615,16122600
2000-12-15,21.33327293395996,21.33327293395996,20.331853294101244,20.39254539348662,11412000
2000-12-18,22.031232833862305,22.031232833862305,21.272581565478617,21.36361971768466,13271000
2000-12-19,21.75811004638672,22.30433875048011,21.333265498758525,21.72776400727042,13078000
2000-12-20,21.12084197998047,21.758108763859187,20.999457830670234,21.758108763859187,6853300
2000-12-21,21.940200805664062,22.21331533851465,21.09051114790667,21.09051114790667,8796400
2000-12-22,22.15261459350586,22.516767162166232,21.84915411962222,22.061576451340766,7098600
2000-12-26,22.213306427001953,22.45607480325334,21.940192003719144,22.152614332939105,4832200
2000-12-27,22.516765594482422,22.577457685033586,21.75811446259285,21.879498643695182,7452200
2000-12-28,22.789884567260742,23.032652978097076,22.304347745588075,22.42573195100624,6397400
2000-12-29,22.061586380004883,23.093352455548438,21.515357281187704,22.789891845094452,9657000
2001-01-02,21.363615036010742,21.758113609118894,21.029808551073074,21.667075476863168,7803200
2001-01-03,24.760377883911133,24.882651354942794,21.122742120719252,21.24501559175091,21303200
2001-01-04,25.432893753051758,26.41108197432298,24.85209449667197,25.18834669773395,26409800
2001-01-05,23.935028076171875,25.18833095116938,23.629344448123703,24.821510597511576,16215700
2001-01-08,24.087875366210938,24.515832542767985,23.629349819899815,23.965601887194637,9938300
2001-01-09,23.812761306762695,24.454697105789673,23.415372478793614,24.393560363025202,7285100
2001-01-10,24.913230895996094,25.28005147360585,23.935042689036738,24.210158122244056,10857000
2001-01-11,26.472200393676758,26.533337115140213,25.004919078553797,25.004919078553797,16077700
2001-01-12,26.0748233795166,26.441643872546145,25.616297763229674,26.411075498127015,8946800
2001-01-16,26.013673782348633,26.74731440605764,25.677421829815337,26.166515578954677,10508500
2001-01-17,25.921972274780273,26.44163445481714,25.494015185338146,25.89140391124869,10317300
2001-01-18,25.157764434814453,25.371742990153095,24.729807324137173,25.18833279986283,13565600
2001-01-19,24.72981071472168,25.280041361031927,24.36299028384818,24.821515822440055,10789100
2001-01-22,24.882648468017578,25.52458411645538,24.485259733270368,24.72980664696096,10581500
2001-01-23,25.280046463012695,25.463456715465025,24.515837077794657,24.515837077794657,8794600
2001-01-24,26.044260025024414,26.16653354626866,25.55516594004743,25.76914460222486,9316500
2001-01-25,25.952537536621094,26.349926215038142,25.310601979178166,25.92196917674286,8347100
2001-01-26,26.502771377563477,26.655613196349886,25.799699011145993,26.135951012476095,7967800
2001-01-29,26.958852767944336,27.389255882796885,26.499105215865583,26.503995333488287,9494400
2001-01-30,27.37946891784668,27.477288044628107,26.719193077125187,26.949065879455187,9452800
2001-01-31,26.8952579498291,28.03973705122064,26.655601264323412,27.62889835159947,13130800
2001-02-01,27.315895080566406,27.315895080566406,26.171415216592585,26.89527587051215,9174100
2001-02-02,26.724090576171875,27.06156656350532,26.552908456325326,26.900164679868425,7075200
2001-02-05,26.704530715942383,26.87571472937839,26.264347250847244,26.660512182858323,5273700
2001-02-06,25.569820404052734,26.636044917933155,25.432874752424098,26.415952359426726,7560200
2001-02-07,25.594295501708984,26.166534711046715,25.374202780522953,25.60407574198752,7988800
2001-02-08,25.276371002197266,25.94642907244587,25.203006176411243,25.59428275961001,5730800
2001-02-09,25.408416748046875,25.726326516832895,24.96823169496555,25.281251347937026,5490500
2001-02-12,25.70188331604004,25.97088457998053,25.276372157961617,25.66275677537811,5246300
2001-02-13,25.01226234436035,26.26434342990762,24.992698140114644,25.69699456699851,7334700
2001-02-14,25.036706924438477,25.37418278624914,24.89487116321165,25.310600080064678,6835100
2001-02-15,24.997589111328125,25.79970279545431,24.894879841816998,25.12964468601892,7408400
2001-02-16,25.42798614501953,25.43287626183453,24.576962156868944,24.650326969306725,7364800
2001-02-20,24.43024253845215,25.726340352699726,24.273732627793915,25.427994618207364,9073500
2001-02-21,23.15859031677246,24.50359824546187,22.992298352777432,23.941141503820422,9835100
2001-02-22,23.623241424560547,23.623241424560547,22.199977862930847,23.3542400795163,12409800
2001-02-23,23.01186752319336,23.59878057382615,22.59613845627376,23.01186752319336,9708100
2001-02-26,23.74551010131836,24.11233055149036,22.894487701736686,23.476508811007953,8783500
2001-02-27,23.280866622924805,24.34709137018662,22.914046233703857,23.9411444429695,11744300
2001-02-28,22.82111930847168,23.476505151926084,22.15595136398124,23.422704529100386,10510600
2001-03-01,22.552122116088867,22.620594969910965,21.901626273288258,22.302683159170837,10551800
2001-03-02,22.40049934387207,23.2808679552348,22.102151778379433,22.30268019466619,7559700
2001-03-05,22.87003517150879,22.962964227830682,22.155958362038845,22.449415888574784,5988200
2001-03-06,23.456939697265625,23.941143411095673,23.23195698268576,23.598777356096587,6844500
2001-03-07,24.576976776123047,24.6747959623115,23.486297234624395,23.672153501807877,7296600
2001-03-08,24.572072982788086,25.03671059357141,24.356870519777953,24.5769630997907,7064400
2001-03-09,23.941137313842773,24.35686621820057,23.37867880489336,24.259047103720963,6377600
2001-03-12,22.248876571655273,23.403136309589495,22.248876571655273,23.231954235206896,8549500
2001-03-13,23.183053970336914,23.378690430839395,22.302683367967006,22.865142156620518,7065900
2001-03-14,21.39784812927246,22.48363667709886,21.22177410900393,22.009215218680247,16205000
2001-03-15,22.13639259338379,22.47386863182401,21.88695548586948,21.960320328768344,8561300
2001-03-16,21.80379867553711,22.449402229049497,21.578814149029586,22.136380684722607,10739300
2001-03-19,22.08258628845215,22.204859741066514,20.859851762308505,21.715765930609056,9742500
2001-03-20,20.830507278442383,22.234206114449897,20.786488757032984,22.234206114449897,10213200
2001-03-21,19.66158103942871,21.09462674471322,19.58821618616669,20.92833469429894,12026300
2001-03-22,19.0306396484375,19.593098263702963,18.380145865818836,19.588206280894866,15668200
2001-03-23,20.400104522705078,20.49303355050023,19.470827304968694,19.710482252372465,10763200
2001-03-26,20.595731735229492,21.026134624398804,20.37074912765572,20.615295926951738,8319900
2001-03-27,21.207107543945312,21.22667174379549,20.101754507092643,20.59574029171324,12254000
2001-03-28,20.81093978881836,21.202214436340956,20.517484269612584,20.884304601492147,7315300
2001-03-29,21.03104019165039,21.15331368113673,20.551728336753385,20.933221026912243,6688200
2001-03-30,21.960311889648438,22.00922052228896,20.98212431088004,21.10439775822609,8463000
2001-04-02,21.813589096069336,22.20486574278878,21.348951343144314,21.764680448102066,8743100
2001-04-03,20.3463077545166,21.617953155264747,20.2973991053801,21.57882474335925,9050300
2001-04-04,19.966596603393555,20.58793217178366,19.335396445672394,20.415339480875087,11634000
2001-04-05,20.957780838012695,21.189549839826682,20.346305934105047,20.36603135577427,8644900
2001-04-06,19.91727638244629,20.957768235839907,19.478396360368855,20.513955920751147,9789600
2001-04-09,19.93207359313965,20.504099308352068,19.67565073744174,19.67565073744174,7386400
2001-04-10,21.35228157043457,21.357213866805512,20.331514431557345,20.41534653978431,7962300
2001-04-11,22.062393188476562,22.585104007411918,21.72213604515508,21.820761331351463,9898000
2001-04-12,22.373043060302734,22.560430771566892,21.69746347429384,21.820744516761422,6740700
2001-04-16,22.437162399291992,22.871112440541488,22.20046288982513,22.373055694294568,6377000
2001-04-17,22.373043060302734,22.673849104902736,22.077169310828314,22.215243476433788,5115500
2001-04-18,24.212392807006836,24.715379619923286,22.9302708862451,23.15217710975518,15206700
2001-04-19,24.064453125,24.404709921453925,23.768579449153847,24.163078310655035,11593500
2001-04-20,23.571331024169922,24.05952469885793,23.324768980232747,24.05952469885793,8496300
2001-04-23,23.32476806640625,23.768580480552956,23.048619791931888,23.645299463414318,5135800
2001-04-24,23.37409210205078,23.86721639212679,23.349434382651076,23.571340689409258,6179000
2001-04-25,23.413532257080078,23.472706622909627,22.693571515943184,23.42832537825767,8079600
2001-04-26,23.916519165039062,24.113769560084993,23.3001140319195,23.546676085167324,7012500
2001-04-27,24.582233428955078,24.69072132318815,24.187734560542523,24.39484764215848,6371800
2001-04-30,23.660093307495117,24.85345456809504,23.546674993991335,24.675929597004217,7737700
2001-05-01,24.029926300048828,24.029926300048828,23.448039974709705,23.911577622997182,8051200
2001-05-02,24.444164276123047,24.59210114678204,23.81789637191791,24.286364696604203,6753000
2001-05-03,24.1630802154541,24.232117286519202,23.822825273296502,23.96582982859459,7494000
2001-05-04,24.95207977294922,24.95207977294922,23.763650716450776,23.793238840917017,8223200
2001-05-07,24.261707305908203,24.626618104675863,23.970763997157054,24.18773793477244,10128700
2001-05-08,23.54667854309082,24.153221031660195,23.423397503598196,24.03980270106131,8695500
2001-05-09,23.300121307373047,23.47764634212267,23.176840242254674,23.300121307373047,6490800
2001-05-10,23.428327560424805,24.123632537321587,23.305046522811054,23.66995922184027,5905800
2001-05-11,22.900686264038086,23.571335450462673,22.856305012550592,23.43326128188801,5675600
2001-05-14,23.4924373626709,23.561474451971172,22.85630667219908,22.880964387908833,5469800
2001-05-15,23.31491470336914,23.63544622883869,23.186703221853193,23.374090969717845,5821200
2001-05-16,23.82282829284668,23.990490578592777,22.97958456920404,23.36915309801399,9348000
2001-05-17,23.763656616210938,24.039806869764142,23.600926594044008,23.69955181896442,7818200
2001-05-18,23.74887466430664,24.064474027640323,23.615730830190135,24.064474027640323,5556700
2001-05-21,24.3751220703125,24.409640603504705,23.522017685055605,23.906653844122456,6909900
2001-05-22,24.666074752807617,24.95208583431555,24.513205560942538,24.582242653681703,8750800
2001-05-23,24.123632431030273,24.56251450314172,23.86227723439887,24.557582208232066,6283400
2001-05-24,24.330745697021484,24.606895898914253,24.13842757902018,24.13842757902018,5418700
2001-05-25,24.015153884887695,24.498415475138735,23.965840326013144,24.28637187477798,3857900
2001-05-29,24.325809478759766,24.384983836074422,23.719265262088655,24.163077644745833,5391800
2001-05-30,23.975698471069336,24.60689873659761,23.86228012894087,24.325818088470637,5402700
2001-05-31,24.237051010131836,24.251844131627006,23.595988155592735,23.94117541239397,5875300
2001-06-01,24.10883903503418,24.28636402738093,23.86720925854391,24.28636402738093,6006400
2001-06-04,24.40964698791504,24.40964698791504,23.86227884538874,24.039803851734508,4271200
2001-06-05,23.916519165039062,24.611824079953163,23.916519165039062,24.409643271534712,6758900
2001-06-06,23.097923278808594,23.47269661069611,22.811910517245238,23.448040792210602,12689200
2001-06-07,22.50125503540039,22.728091688336665,21.948954644182535,22.683710440490934,11970800
2001-06-08,21.79608154296875,22.26454972707504,21.59883118720227,22.26454972707504,7355600
2001-06-11,21.786222457885742,22.072233452050785,21.70239038436072,21.82074099371395,6247800
2001-06-12,21.445964813232422,21.524864582496434,20.957771197642096,21.50020687619234,8116400
2001-06-13,21.64815902709961,21.99827685296571,21.32762745737315,21.623501305489842,7347500
2001-06-14,21.49528694152832,21.86513014294407,21.357212748291442,21.524875074844708,6765500
2001-06-15,22.141271591186523,22.210308660305994,21.376927774486266,21.648147519054252,16099300
2001-06-18,21.850330352783203,22.14127365774118,21.62349182877992,21.9440232580303,7108600
2001-06-19,21.953889846801758,22.387839674201203,21.771434417545,22.14127757153872,5717600
2001-06-20,22.48645782470703,22.683708213796386,21.944022076389984,21.96867790474637,7645800
2001-06-21,23.236000061035156,23.290243996662948,22.29906568213581,22.53576495305097,7181900
2001-06-22,22.63441276550293,22.984530669791507,22.560443346345412,22.979598371916754,7293900
2001-06-25,22.594955444335938,22.856310723330363,22.21524950476445,22.68371796948875,4647300
2001-06-26,22.032787322998047,22.225105441832696,21.69746274821786,21.722118579662414,6830700
2001-06-27,21.70734214782715,22.116634531646532,21.697479431441998,21.796104714172714,6571400
2001-06-28,22.190584182739258,22.35331603634986,21.850329235806807,21.894710479417054,4913000
2001-06-29,21.929243087768555,22.185668006388564,21.697474013394245,22.06731732044074,6180700
2001-07-02,22.585086822509766,22.634400368645913,21.741844935335756,22.091962647864925,5128300
2001-07-03,22.679479598999023,22.858330414110565,22.525467121754534,22.729160065109735,3057900
2001-07-05,22.619873046875,22.85337553378952,22.331722775643062,22.75401265243083,4379000
2001-07-06,22.11311912536621,22.495664901398676,21.81006515284181,22.495664901398676,5037300
2001-07-09,21.854774475097656,22.05846744754876,21.54178218736449,22.05846744754876,4892200
2001-07-10,20.87108612060547,21.636177599252534,20.841278592339172,21.611337360634376,8433400
2001-07-11,20.89095687866211,20.960510297574107,20.225228319493862,20.846243695763178,8240300
2001-07-12,21.1343936920166,21.521906642796427,20.945604505272534,21.089680513450595,7200400
2001-07-13,21.139360427856445,21.313245848927423,20.97044419048971,21.010190079370492,5728800
2001-07-16,20.46867561340332,21.357970453431136,20.319632240734638,21.3132572521116,7292100
2001-07-17,21.015151977539062,21.223814050265144,20.170571007338847,20.56305303101833,6459800
2001-07-18,21.651079177856445,21.651079177856445,20.245099573835834,20.369302638705992,10179800
2001-07-19,21.710697174072266,21.983943551036152,21.33808796134284,21.775283301598133,8137100
2001-07-20,21.561655044555664,21.78521906824159,21.338089125681176,21.58649528105537,4094700
2001-07-23,21.36789321899414,21.710694871265595,21.362925930567542,21.561651581020218,4128000
2001-07-24,21.20394515991211,21.531841140933917,21.13935904230819,21.243689150999636,5781100
2001-07-25,21.313255310058594,21.43745842516339,20.71707997851775,21.43745842516339,7438000
2001-07-26,21.482166290283203,21.60636937455934,20.9903212426667,21.213887173401474,5522800
2001-07-27,21.964067459106445,21.97400393077872,21.253625843638172,21.26356231531045,6060000
2001-07-30,21.765356063842773,21.914399433138005,21.636183753981445,21.661023999665773,6203600
2001-07-31,21.511978149414062,21.909427720093607,21.387775040127387,21.61134101588121,8469900
2001-08-01,21.611331939697266,21.78521546159654,21.36292582544787,21.46228865018528,8843900
2001-08-02,21.611331939697266,21.983941111071356,21.611331939697266,21.636172172084553,4944500
2001-08-03,21.521913528442383,21.735543017140248,21.382806659593147,21.616307204420227,5896700
2001-08-06,21.243694305419922,21.646112973254606,21.149300645394387,21.52190989128955,5036000
2001-08-07,21.24866485595703,21.3778352356213,21.02013162529553,21.174142243911923,4686600
2001-08-08,20.90586280822754,21.233758855353326,20.776690546978518,21.040000463479796,5489800
2001-08-09,20.816438674926758,20.935672580209225,20.473636933064967,20.890959391931112,5501900
2001-08-10,20.990324020385742,21.054910163409055,20.433894659847347,20.81644043746403,4708300
2001-08-13,20.925731658935547,21.054903906596508,20.64254882507898,20.77172107273994,4209300
2001-08-14,20.990324020385742,21.154273023016714,20.8661209196734,20.92573787736243,4620700
2001-08-15,20.940649032592773,21.040010023081894,20.871093685985212,20.900903120245598,4808900
2001-08-16,20.955551147460938,20.990327870424014,20.50841914480815,20.96548762476314,6343100
2001-08-17,20.607770919799805,20.836304089055936,20.379237750543673,20.79159091288076,4967800
2001-08-20,20.414011001586914,20.697193771064466,20.279871495752086,20.51834109661803,5850000
2001-08-21,20.0761775970459,20.59286265421138,20.071210309752384,20.319616368560272,7114200
2001-08-22,20.46867561340332,20.518356105896444,20.170586972876645,20.22026936055908,5342100
2001-08-23,20.230194091796875,20.46866372864152,20.17057526119456,20.324587730801568,4557900
2001-08-24,20.33452796936035,20.443827283856457,19.797969765676076,20.021535683877858,11913100
2001-08-27,20.41898536682129,20.61771105068647,20.14077168363633,20.260005577804577,5481500
2001-08-28,20.11592674255371,20.46866294849286,19.94701051932835,20.31961966804416,6436800
2001-08-29,19.658857345581055,20.105989055070882,19.58433476227008,20.01159353018524,6178300
2001-08-30,19.494905471801758,19.624075769567018,19.43528666189082,19.49987275836723,7395300
2001-08-31,19.57440185546875,19.872488423749722,19.430325859551402,19.430325859551402,4918600
2001-09-04,19.788036346435547,20.210326075963224,19.405490618478293,19.624087365087295,6377800
2001-09-05,19.052745819091797,19.872486651543156,18.92357548973949,19.872486651543156,10440300
2001-09-06,18.35224723815918,18.878869003146455,18.13365048986436,18.878869003146455,11279200
2001-09-07,18.382057189941406,18.481420040276134,17.86537188435181,17.885244833456504,8777400
2001-09-10,18.51122283935547,18.560905199423974,17.83059061551713,18.03428355382736,9263700
2001-09-17,17.51262855529785,17.79581133351316,16.891613358301473,17.388425515898575,20453200
2001-09-18,17.308931350708008,17.83555278933012,17.09033473788492,17.438101645742673,13190400
2001-09-19,16.946273803710938,17.636842839843556,16.399778944799458,17.38843660266266,13595900
2001-09-20,15.679396629333496,16.762448591355266,15.55022531180052,16.469329245337033,12567200
2001-09-21,15.31175708770752,15.823474169805237,14.42743167580342,14.53176181863033,19319400
2001-09-24,16.18614387512207,16.24576081395528,15.699267154148698,15.724107387396842,13583500
2001-09-25,16.519004821777344,16.707793978964595,15.962575716328022,16.171235920176,11045500
2001-09-26,16.191118240356445,16.767420621464396,15.922839055567621,16.757484144784534,8319900
2001-09-27,16.454423904418945,16.59353264610073,15.748951302702432,16.146400789246147,6552000
2001-09-28,16.966140747070312,17.393397731701583,16.538881867250527,16.692892466821487,10302300
2001-10-01,16.891613006591797,17.20460519001362,16.692887389615542,17.04065627173002,8583800
2001-10-02,17.38345718383789,17.5126275031701,16.802186008873278,17.090337952658167,10114000
2001-10-03,17.39349365234375,17.699523139059426,17.20786993117274,17.31824172343996,15753100
2001-10-04,17.13762664794922,17.659381550860413,17.082440775593472,17.634297585367044,11926300
2001-10-05,16.76137351989746,17.328280735313975,16.585783720947127,17.30821278292386,9235900
2001-10-08,16.274734497070312,16.6058480217144,16.079076766205862,16.304836422505257,7810600
2001-10-09,16.530593872070312,16.656015673961917,16.08910859355212,16.154328466395505,7750700
2001-10-10,16.751340866088867,16.992150572424475,16.329923401555195,16.405177272066197,8522700
2001-10-11,16.76638412475586,17.28312320574264,16.525574515366966,16.83160399202306,10665500
2001-10-12,16.500499725341797,16.600837596889136,16.059014238804938,16.550669618008328,8231000
2001-10-15,16.831602096557617,16.982107846253616,15.978734586793257,16.104155406945107,8377100
2001-10-16,17.027259826660156,17.30820529725923,16.781434214447362,17.057361742226487,8870300
2001-10-17,17.358375549316406,18.186160156433466,17.343325546425636,17.809894773886565,14314100
2001-10-18,17.127599716186523,17.55905098956422,17.057363818433814,17.38346124518245,6970300
2001-10-19,16.992151260375977,17.142657093705996,16.55568376958327,17.132625030098097,7393000
2001-10-22,17.714582443237305,17.900206241817507,16.99716932189282,16.99716932189282,7499100
2001-10-23,17.940340042114258,18.261421576032863,17.819936141457088,18.010577883580684,8313200
2001-10-24,18.17110252380371,18.2614063308007,17.92527506835993,18.03564681330823,7721100
2001-10-25,18.803234100341797,18.818284102389104,17.860061725090638,18.135991187855183,7579000
2001-10-26,18.838359832763672,19.104255432785564,18.562432169754135,18.803241870950753,6616600
2001-10-29,17.915245056152344,18.753063469713336,17.88514505636138,18.612589786813,7740200
2001-10-30,17.81491470336914,18.09586027280048,17.333295367588377,17.709560832501808,9263400
2001-10-31,17.739665985107422,18.241353362904416,17.68448006734408,18.06576163240419,6379000
2001-11-01,18.23131561279297,18.356737431286653,17.639324476399988,18.105893794299288,8193300
2001-11-02,18.080808639526367,18.301550336781762,17.96040285952391,18.1058926188396,6018900
2001-11-05,18.24134635925293,18.602561744991714,18.196194436035583,18.311582258972198,6622200
2001-11-06,18.833341598510742,19.01394933173056,18.276468392344686,18.366772258954594,9947800
2001-11-07,19.360107421875,19.540715104196543,18.833336290960254,18.923640132121026,8817300
2001-11-08,19.465463638305664,19.881864947063683,19.365125812141155,19.390211704020924,6771400
2001-11-09,19.59088134765625,19.71630312569987,19.07414423452757,19.465459569612634,4529500
2001-11-12,19.465463638305664,19.565801464470177,18.687848834654208,19.44539569031579,5311200
2001-11-13,19.74138832092285,20.06246970017456,19.550748584417097,19.992231892542122,7900400
2001-11-14,19.89190673828125,20.067496567734686,19.440387299992977,20.017328591829592,5773200
2001-11-15,19.84172821044922,19.96213397950237,19.641054480407,19.8718301311587,5273100
2001-11-16,19.771499633789062,19.841735561012662,19.470487970320658,19.841735561012662,5616600
2001-11-19,20.117658615112305,20.187896439980708,19.851764976358133,19.866814981937413,4777500
2001-11-20,19.766481399536133,20.05745905329502,19.706277542522344,19.992239165089384,5442300
2001-11-21,19.485538482666016,19.86180402861313,19.2898807049792,19.766484112602654,4915600
2001-11-23,19.761455535888672,19.761455535888675,19.36512224806416,19.36512224806416,3129700
2001-11-26,19.811628341674805,19.826678345242104,19.54573282468218,19.761458473475823,6817800
2001-11-27,19.9671573638916,20.21800105417613,19.69624571907579,19.891905405077527,7612900
2001-11-28,18.81327247619629,19.88688291929895,18.66276667914373,19.811630977665192,18051800
2001-11-29,19.09421730041504,19.109267305406462,18.311584506516404,18.76310379410888,11981900
2001-11-30,18.923643112182617,19.23970469223351,18.868457210139944,19.219638657314746,7271300
2001-12-03,18.336666107177734,18.602561614834936,18.125958409494192,18.51225776903207,11064300
2001-12-04,18.672794342041016,18.793198173468216,18.19117327497904,18.562422568412423,8180500
2001-12-05,19.57583999633789,19.821665718202823,18.878494908497146,18.913612868763565,9551300
2001-12-06,20.258129119873047,20.54409066297848,19.641054110341074,19.6912220634602,10875900
2001-12-07,19.952106475830078,20.192916178239305,19.91698851384032,20.192916178239305,5674700
2001-12-10,19.405261993408203,19.952101144570065,19.269806213162433,19.952101144570065,6631800
2001-12-11,19.314966201782227,19.791569646661262,19.19456037560152,19.445404092507783,6604900
2001-12-12,19.24974250793457,19.440384231092914,18.89856099068035,19.440384231092914,6770500
2001-12-13,18.607582092285156,19.013949495530493,18.462092315517488,18.76310584473872,8901400
2001-12-14,18.080808639526367,18.557411901617623,17.75972911123308,18.361752269890516,14055500
2001-12-17,18.411914825439453,18.61258849398292,17.965413664233818,18.11090145194797,8043900
2001-12-18,18.657752990722656,18.738022895046463,18.421961223275805,18.537349091129684,8069500
2001-12-19,19.06412124633789,19.54072466025345,18.487179969421334,18.662771708119465,10382500
2001-12-20,18.321613311767578,18.793198501698576,18.135989618701096,18.48716906131757,19306500
2001-12-21,17.935314178466797,18.34669745547153,17.569082817903286,18.32161348273406,18511200
2001-12-24,18.080808639526367,18.085824669875034,17.86006502848602,17.940334910559343,3508600
2001-12-26,18.216264724731445,18.437006425626695,18.06074098836901,18.080808937664482,5315500
2001-12-27,18.221281051635742,18.482158655366597,18.05572525171684,18.18616309668976,6687800
2001-12-28,18.336666107177734,18.47713981941815,18.236328288087357,18.336666107177734,5924400
2001-12-31,18.236331939697266,18.326635803582416,18.141012045056325,18.28650181618074,6298000
2002-01-02,18.40851402282715,18.479415014811327,18.06921082596239,18.479415014811327,7929300
2002-01-03,18.899749755859375,18.990906260457965,18.403454304075325,18.48448209351242,10348200
2002-01-04,19.75054359436035,19.801185241091073,19.254248115350304,19.254248115350304,10432900
2002-01-07,19.699909210205078,20.09491960952336,19.699909210205078,19.775871708305523,9453000
2002-01-08,19.547975540161133,19.775866842097113,19.385919932530044,19.75054601562761,7604000
2002-01-09,19.603681564331055,20.054398821881065,19.44162596457948,19.674580647740473,6189600
2002-01-10,19.821435928344727,19.846756743094762,19.426425809052056,19.446683233593816,6870400
2002-01-11,19.41629981994629,19.897403095089732,19.102317422929826,19.877145667706834,7788900
2002-01-14,18.894683837890625,19.142830564676725,18.763012490251178,19.06686810890439,7333000
2002-01-15,19.178279876708984,19.390979000507702,18.894683620783496,18.894683620783496,8475900
2002-01-16,18.489538192749023,18.995962159957045,18.281904443467898,18.990898770300777,15076200
2002-01-17,18.661725997924805,18.83897557955401,18.484478348150095,18.737690380316536,11503100
2002-01-18,18.18569564819336,18.484486047885444,17.97806177260091,18.307238324277975,11283800
2002-01-22,18.109724044799805,18.322423160544883,18.038824983502955,18.231266672633353,7824300
2002-01-23,18.104658126831055,18.408511756217983,17.71977673415066,17.90208775267026,8666100
2002-01-24,18.18062973022461,18.479420088415655,18.18062973022461,18.357877429212927,7715600
2002-01-25,17.719778060913086,18.24139420542971,17.598235440945295,17.952732656342413,13942200
2002-01-28,17.375410079956055,17.841319284806087,16.939885082119613,17.800806364836482,13716200
2002-01-29,16.230894088745117,17.54759807579258,16.053646403880496,17.24880774141016,17854300
2002-01-30,16.742380142211914,16.965206033452333,15.39529125209667,15.962486625088731,22844200
2002-01-31,17.243732452392578,17.26905325961766,16.722116482511588,16.76769470825824,12247600
2002-02-01,16.286596298217773,17.243737380591227,16.23088934728949,17.243737380591227,13705300
2002-02-04,15.476317405700684,16.38281587725126,15.47125304971215,16.29165940131192,12660000
2002-02-05,14.696423530578613,15.481380281115857,14.331797661692526,15.481380281115857,28714800
2002-02-06,14.90912914276123,15.218047256722082,14.63565960333331,14.82303698767402,19514500
2002-02-07,15.228172302246094,15.63331215567795,14.964831542404482,15.192722770330358,17090600
2002-02-08,15.759919166564941,15.901717303115518,15.314265396449924,15.314265396449924,15573300
2002-02-11,16.124536514282227,16.180243450516738,15.567470049717798,15.810553281769835,12952700
2002-02-12,15.947287559509277,16.048572719937955,15.724460786122316,16.002994494337738,7807600
2002-02-13,15.319326400756836,16.301788290990718,15.192720397444797,15.952356417317036,20457300
2002-02-14,15.299073219299316,15.592800155729254,14.88886992527091,15.192724610669789,17197200
2002-02-15,15.218043327331543,15.395291949794734,14.838225264593547,15.299071103441468,16647400
2002-02-19,14.701489448547363,15.066114390258502,14.660975566135015,14.838223197984572,13378500
2002-02-20,14.893939971923828,15.14208778610794,14.377386906024928,15.091445158209027,14369600
2002-02-21,14.757196426391602,15.268684829977651,14.635654770974206,14.828096449830493,9669400
2002-02-22,14.27609634399414,14.407766732311204,13.521524514195372,14.407766732311204,25756700
2002-02-25,14.68629264831543,14.711613456165903,14.053262792784594,14.078583600635065,11513000
2002-02-26,14.666043281555176,14.802778037245304,14.43815298799906,14.68630071169924,10028100
2002-02-27,14.666043281555176,14.964833614688079,14.433088630463045,14.782521573028674,10123500
2002-02-28,14.812904357910156,14.939510378063234,14.62046363228548,14.691362694474474,8056800
2002-03-01,15.020539283752441,15.066117531710798,14.71162026224078,14.990154107089323,9530300
2002-03-04,16.45878028869629,16.534744662770446,15.192720266488884,15.319326268709624,16655600
2002-03-05,16.463844299316406,17.157646608571604,16.36256103920572,16.468909621434552,16766900
2002-03-06,17.243732452392578,17.4311087440827,16.798078904186838,16.96519970920915,15044900
2002-03-07,17.243732452392578,17.648871163555178,17.06648486996324,17.446302773900758,12092200
2002-03-08,17.593168258666992,17.714708920584552,17.304504839941313,17.598231647974394,11721000
2002-03-11,18.38319969177246,18.4794215346294,17.740040669337105,17.978060682481935,16507800
2002-03-12,18.357866287231445,18.459151453117975,17.90714932748293,18.231260312836746,13336300
2002-03-13,17.912220001220703,18.408515390865414,17.69445748215098,18.231267727368962,10128600
2002-03-14,17.78055191040039,17.947670872467352,17.57291808973854,17.729908337156775,8074400
2002-03-15,18.236328125,18.266714261692247,17.648876338596907,17.785611055930513,11626800
2002-03-18,17.89702796936035,18.433838216769487,17.7602932290244,18.23633119282557,8641100
2002-03-19,18.276851654052734,18.276851654052734,18.00844741395623,18.104667328064068,7615100
2002-03-20,17.82106590270996,18.08440670375825,17.800810404056172,18.07934331205853,8460200
2002-03-21,17.618497848510742,17.856515901646926,17.319707502277915,17.821066363268027,6479800
2002-03-22,17.826126098632812,17.998310344718607,17.47162889412037,17.62355571552446,7176700
2002-03-25,17.699522018432617,18.292037265949645,17.699522018432617,17.82612803869057,8444900
2002-03-26,17.800811767578125,18.271786437779376,17.775489011575115,17.826132591726086,9780000
2002-03-27,17.978057861328125,18.22620655224711,17.800810176282333,17.82613099816675,6541200
2002-03-28,18.054014205932617,18.342675696739665,17.856507246879467,18.155297448293393,6425000
2002-04-01,18.03376007080078,18.20594431878485,17.72484110248927,18.054017495705818,4588500
2002-04-02,17.8818302154541,18.07933524515085,17.82612327233881,17.917279737099467,5126800
2002-04-03,17.902294158935547,18.08126714468611,17.68241629464209,17.99433696289001,5978700
2002-04-04,17.610820770263672,17.999446262129766,17.447189600205554,17.820473328815474,6825900
2002-04-05,17.825586318969727,18.035238858925183,17.702861976993177,17.702861976993177,5999500
2002-04-08,17.886947631835938,17.99433021262072,17.513663933890793,17.66195527914821,5735300
2002-04-09,17.99433135986328,18.127282902238516,17.82047300104462,17.89717596400244,5537600
2002-04-10,17.917631149291992,18.09660213668537,17.641502811052955,17.994332165044526,9663300
2002-04-11,17.109699249267578,17.88694824516352,16.925613704103103,17.794905472581284,12118300
2002-04-12,17.52900505065918,17.569913818178346,17.18128832929585,17.23242428869481,6738500
2002-04-15,17.590370178222656,18.20398615485097,17.51366720582531,18.152852140344482,11163000
2002-04-16,18.09148406982422,18.152845254082226,17.554569318633668,17.871604379709737,14282300
2002-04-17,19.057941436767578,19.216460029333547,18.285804814062505,18.382962188805948,19356200
2002-04-18,19.052818298339844,19.262470819729664,18.597719065369525,18.92498134747685,10163900
2002-04-19,19.308488845825195,19.405646160010775,19.073269365252152,19.175539298303786,6647600
2002-04-22,18.715330123901367,19.11929538479428,18.623287356846344,19.05793419030333,8053500
2002-04-23,18.715330123901367,18.84316708362921,18.51079215871914,18.756238887320134,7383300
2002-04-24,18.35227394104004,18.766466399888138,18.34204675001002,18.766466399888138,7354700
2002-04-25,17.91251564025879,18.17841677235185,17.58525330864806,18.1017157606141,10939400
2002-04-26,17.892059326171875,18.331816769728494,17.779562192595773,18.28068277299587,7525800
2002-04-29,17.5596866607666,18.1272831320661,17.385828299743668,18.101716127635132,8569000
2002-04-30,17.948307037353516,18.382953838646493,17.564796186549916,17.743769087307165,9882800
2002-05-01,18.15285301208496,18.33182402208987,17.590371022951498,18.1221714315251,6543700
2002-05-02,18.536357879638672,18.551697689542095,18.14773440720104,18.152847026956493,7680200
2002-05-03,18.244890213012695,18.618173884249643,17.90740073280963,18.561925312442945,7122800
2002-05-06,17.590370178222656,18.38295910689891,17.50855458462971,18.38295910689891,6321700
2002-05-07,17.70798110961914,18.17330769381514,17.70798110961914,17.866497735154578,8673800
2002-05-08,18.873844146728516,18.996568457025504,18.40851780252353,18.664191660891913,10199300
2002-05-09,18.290912628173828,18.705105084365176,18.152848476110044,18.536359359408145,8214200
2002-05-10,17.938081741333008,18.40852078052965,17.89717298107049,18.37783921033276,5472400
2002-05-13,18.582374572753906,18.633508559958624,17.94830259797785,18.076139516626228,5811000
2002-05-14,19.221559524536133,19.29314788821271,18.781800204081012,18.868730324714438,8431300
2002-05-15,18.899423599243164,19.40054445786271,18.868743964425203,19.04260238073305,8716400
2002-05-16,19.34429168701172,19.431219892329345,18.832943795108317,18.94543900489363,5798700
2002-05-17,19.482351303100586,19.814728168767022,19.226677391245527,19.431217300984432,7433100
2002-05-20,19.15509796142578,19.39543217510946,19.063055154084715,19.3289563807769,4149000
2002-05-21,19.185771942138672,19.763595570143078,19.073274788729687,19.390309915765496,6318700
2002-05-22,19.206220626831055,19.27269442445458,18.83804965263494,19.185766250345335,5234100
2002-05-23,19.620410919189453,19.768702221977563,19.19599333784018,19.206220526029362,6222500
2002-05-24,19.328943252563477,19.79426959556575,19.180651946940284,19.431213185773842,4945900
2002-05-28,19.022136688232422,19.380080503324137,18.89429975074516,19.303377560577033,4890600
2002-05-29,18.904531478881836,19.175545227222635,18.766467319169355,18.97100529787733,5388600
2002-05-30,18.413631439208984,18.807369436936245,17.922738072160783,18.66419269253973,9332200
2002-05-31,18.382959365844727,18.792037339571824,18.342050593153196,18.41363899472573,7764000
2002-06-03,17.72332000732422,18.53636333219641,17.677298613439465,18.4085263436985,7325800
2002-06-04,17.718202590942383,18.22955040654664,17.426734492098923,17.85115216471916,9405000
2002-06-05,17.743764877319336,17.973871723332433,17.49831822511757,17.71819788345935,7263200
2002-06-06,17.227306365966797,17.846038675180445,17.079016989152123,17.830696915026707,7494700
2002-06-07,17.227306365966797,17.380712263682078,16.61880319728032,16.74664014495171,9275100
2002-06-10,17.324459075927734,17.43695423345433,16.96651532774776,17.206849349501095,5536800
2002-06-11,16.83868980407715,17.682414784734434,16.767101396145076,17.375604814205502,6525300
2002-06-12,16.96139907836914,17.03298938142141,16.225059231272574,16.79776800123657,9581500
2002-06-13,16.700620651245117,17.10458591964679,16.618805073524026,16.935840193363596,6041300
2002-06-14,16.874473571777344,17.125034795214145,15.97961512478915,16.542096796927083,9795700
2002-06-17,18.142614364624023,18.147728933473886,17.165940432403776,17.1812802376804,10245100
2002-06-18,17.90740203857422,18.250004163633655,17.78467769562565,18.142621582701945,7572900
2002-06-19,17.697750091552734,17.9738784094862,17.513664546263758,17.74377147787498,6437800
2002-06-20,17.068788528442383,17.692631460198708,16.879588455516558,17.692631460198708,8559200
2002-06-21,16.86935806274414,17.206847398327252,16.767088153341565,16.77220077102537,12353700
2002-06-24,16.96651840209961,17.334689404156176,16.18415599804783,16.49096484132216,10176300
2002-06-25,16.83868980407715,17.564803028117094,16.72107999809763,17.02788801798874,6963000
2002-06-26,16.10234260559082,16.35290291834263,15.417136454261971,15.723945338864501,19122800
2002-06-27,16.73130226135254,16.87447903502153,16.056322280684036,16.38869818782528,9726800
2002-06-28,17.344911575317383,17.344911575317383,16.644365831963665,16.695501768004835,7830000
2002-07-01,16.035865783691406,17.222192409977435,16.03075218914312,17.1761710343613,10082100
2002-07-02,16.144432067871094,16.30468810967074,15.508580503855189,16.035872477628423,12179600
2002-07-03,15.999687194824219,16.103077147971092,15.5085817128471,15.87561767343346,8979400
2002-07-05,16.847488403320312,16.904353515274263,16.103076246685685,16.284009887077236,4612400
2002-07-08,16.68722915649414,17.033588421027943,16.439092147224887,16.84748517107159,7585700
2002-07-09,16.16510772705078,16.930197323661137,16.154768438607956,16.676889686856008,7100300
2002-07-10,15.586119651794434,16.413243953752204,15.539593842021205,16.335701266133082,8858000
2002-07-11,15.803240776062012,15.973835094101597,15.120863503903669,15.508577952721712,11589300
2002-07-12,15.617135047912598,15.999680777754673,15.343150845252945,15.896289880066218,7531200
2002-07-15,15.54992389678955,15.555093537695715,14.702122508342189,15.30178704934274,11558500
2002-07-16,14.733147621154785,15.244930525463324,14.696961100548435,14.939928443197317,14886800
2002-07-17,14.547042846679688,15.431032122992173,14.231702496236506,14.996791949717379,16035100
2002-07-18,14.06110668182373,14.578059118861242,13.911190001798762,14.26788745943703,9790100
2002-07-19,13.492465019226074,14.061113159118548,13.363226850432737,13.725093131448691,12270800
2002-07-22,12.67568302154541,13.776792062898895,12.623987543817858,13.420094351188938,16705900
2002-07-23,10.380410194396973,12.417204111979457,10.235663083184996,12.225931178806809,44908600
2002-07-24,12.044995307922363,12.251777138829455,9.418876112692521,9.827269144124298,46819400
2002-07-25,11.553889274597168,13.182289551390754,10.856003159968857,12.27762262139335,33168200
2002-07-26,11.502198219299316,12.04499819030082,10.881854550146956,11.993303706212357,18050500
2002-07-29,12.975510597229004,13.037544357733504,12.019148079706502,12.27762438249589,18354600
2002-07-30,12.866948127746582,13.182289485872591,12.303469792410938,12.717032407102357,16052300
2002-07-31,12.903139114379883,12.975513163963507,12.463730101523872,12.820426760006349,13790900
2002-08-01,12.934154510498047,13.068562307124568,12.536100765028223,12.903136644039646,12536300
2002-08-02,12.329317092895508,12.872116813396815,12.034654331137162,12.680844944119016,13448400
2002-08-05,11.553889274597168,12.096689038192128,11.424651141740394,11.827873485207952,14479200
2002-08-06,12.225931167602539,12.73254457736664,12.01915028463852,12.14838845974216,14504500
2002-08-07,12.427538871765137,12.691183785409677,11.982959395564592,12.623980392639409,10715900
2002-08-08,13.63720417022705,13.647543455090519,12.830758685037612,13.078895605709983,16995400
2002-08-09,13.62170124053955,13.854329319503584,13.063392470613499,13.233986789590658,12011100
2002-08-12,13.161613464355469,13.342547081752608,12.92898537285248,13.337377437140246,9748200
2002-08-13,12.61363697052002,13.327031755941084,12.56194153902441,12.897961350741705,11024300
2002-08-14,12.99618911743164,12.99618911743164,12.081183689537896,12.61364428028786,15345800
2002-08-15,12.815255165100098,13.223647198020311,12.463727246530507,12.985849480169597,13570400
2002-08-16,12.8514404296875,12.954830345839024,12.505082189262021,12.81525390973403,9678900
2002-08-19,14.066277503967285,14.138651526780093,12.841100591740892,12.913473628545026,13035800
2002-08-20,13.71992015838623,14.014582932821837,13.59585068766829,13.962887484357474,9419200
2002-08-21,13.895685195922852,13.962889584838894,13.430428061770819,13.69924364541735,9146800
2002-08-22,13.797466278076172,13.931874083190735,13.26500470235412,13.647549538752996,11966500
2002-08-23,13.290858268737793,13.663064978906943,13.1306031496424,13.595860551344455,9148500
2002-08-26,13.694069862365723,13.828477613566267,13.259829738797352,13.311525179414257,8705300
2002-08-27,13.828479766845703,14.164498704165453,13.544156278192531,13.957717895507812,9691100
2002-08-28,13.585516929626465,13.828484336843276,13.461448403430072,13.647550699720163,7982600
2002-08-29,13.750944137573242,13.84916544180132,13.265008248560253,13.389076797370322,6932700
2002-08-30,13.647550582885742,14.081790913860157,13.492465172970162,13.570007877927953,7594200
2002-09-03,12.794578552246094,13.26500540195301,12.794578552246094,13.259835756944158,11007600
2002-09-04,13.125425338745117,13.311528578077946,12.536099728869521,12.799745655921438,9968900
2002-09-05,12.458553314208984,12.89279341874469,12.401688233421925,12.732537461255424,11126100
2002-09-06,12.360336303710938,12.991018106286944,12.355166659508411,12.944493280481835,11131700
2002-09-09,12.194916725158691,12.35517181831503,11.414317872802837,11.993305447123,23679300
2002-09-10,11.967458724975586,12.370682317921606,11.755508127480837,12.355173376881984,11271200
2002-09-11,11.879572868347168,12.412034506954415,11.83821669158217,12.412034506954415,6951000
2002-09-12,11.378122329711914,11.83820964563573,11.300579667681042,11.82787036109603,11703100
2002-09-13,11.393635749816895,11.63143347195938,11.243719022894068,11.378126816891102,10826400
2002-09-16,11.223040580749512,11.32126185177747,10.99041250011552,11.166176464688142,10109200
2002-09-17,11.140323638916016,11.57973336875443,11.031764110019228,11.476343482092028,10284400
2002-09-18,10.566511154174805,10.644053845021666,9.718708241023872,9.853116031962541,46143600
2002-09-19,10.271848678588867,10.514816047582913,10.080575781204178,10.339052083286337,18650600
2002-09-20,10.432101249694824,10.597525886255482,10.287354199699942,10.401084376841853,16576500
2002-09-23,9.951336860656738,10.235660376557709,9.827268363572198,10.11159187947317,13813500
2002-09-24,9.635993003845215,9.977181529620264,9.56361997898642,9.956503945092829,18935000
2002-09-25,9.765233039855957,9.977183499657382,9.470570253595863,9.837607065013822,16291400
2002-09-26,9.961678504943848,10.194306622250526,9.718710111256584,9.765235931919719,16468700
2002-09-27,9.480907440185547,10.209810271852296,9.439551286119649,9.96167334745691,14082400
2002-09-30,9.816933631896973,10.080579680318722,9.232777397086664,9.486084152783823,19837400
2002-10-01,10.204643249511719,10.390746483596816,9.70836927329645,9.899641165209472,15851400
2002-10-02,9.599730491638184,10.409790422922487,9.515568551152732,10.06788141099969,15141200
2002-10-03,9.268340110778809,9.815392554795167,9.257819620648512,9.604987768635029,21175900
2002-10-04,8.700249671936035,9.536608858502662,8.700249671936035,9.273602534731287,21502400
2002-10-07,8.821228981018066,9.073714714904275,8.49510082228154,8.705505600520047,19884300
2002-10-08,8.731804847717285,9.15261430891062,8.332035357939171,9.073712660347981,22978300
2002-10-09,8.126893997192383,8.737068991591688,8.026951830956229,8.442501233973399,27852900
2002-10-10,8.389902114868164,8.600307487082546,8.069034561838325,8.132156023009207,22442500
2002-10-11,9.042154312133789,9.389322449473944,8.626603994332893,8.647644973948237,19016500
2002-10-14,8.879091262817383,9.22100021756802,8.837010299611208,8.947473455083232,10441300
2002-10-15,9.789092063903809,9.846952751452994,9.473484391687101,9.626027481230212,20045700
2002-10-16,9.620769500732422,9.720711157458695,9.468225387904011,9.54712706547869,15243300
2002-10-17,9.883776664733887,10.38874824998995,9.741753030147109,10.30984656520486,13722500
2002-10-18,9.978462219238281,10.25198910957025,9.620774366446215,9.878520511966418,10505200
2002-10-21,10.662272453308105,10.856896495246762,9.7575304098448,9.825912589231224,18375700
2002-10-22,10.47291088104248,10.71487720095492,10.425569666348514,10.50973160285125,11149300
2002-10-23,10.399269104003906,10.441350070906076,9.946897957338534,10.36244838337568,13235400
2002-10-24,10.362444877624512,10.983138678620314,10.336143655152837,10.646491057295261,15584100
2002-10-25,10.714877128601074,10.730656864532893,10.262505970486496,10.267766216893575,9805800
2002-10-28,11.17776870727539,11.367133580545401,11.019965315076714,11.046265546013327,15491700
2002-10-29,10.762218475341797,11.046265791560906,10.467651668487907,10.941062858896897,13296300
2002-10-30,11.07256031036377,11.151462970797914,10.699091998341904,10.783253899735255,9994100
2002-10-31,10.914761543273926,11.14094712373314,10.74117742392211,11.072564923306697,9821000
2002-11-01,11.319790840148926,11.456554229866766,10.788518019691328,10.914760917133327,9145800
2002-11-04,11.577534675598145,12.129847372099995,11.572274430462326,11.756378997059333,13636400
2002-11-05,11.819503784179688,11.882625743092294,11.461816027973244,11.47759576523427,10929600
2002-11-06,11.603839874267578,12.0877715981151,11.172509621047102,12.07199185922971,17198700
2002-11-07,10.835856437683105,11.209324787574625,10.525509018592555,11.151464101555256,19726200
2002-11-08,10.625450134277344,11.114640789121271,10.520247260358177,10.835854878826716,12928700
2002-11-11,10.741178512573242,10.941062881092934,10.520253156162253,10.63597557969581,8165400
2002-11-12,10.804298400878906,10.993662239136222,10.678054504321587,10.683314750285586,9326300
2002-11-13,11.019966125488281,11.098867827390075,10.572855143658693,10.783260016493331,10768000
2002-11-14,11.53019905090332,11.545979793945406,11.26719268660652,11.26719268660652,10599200
2002-11-15,11.619617462158203,11.756380847346618,11.288228989469918,11.535455533317537,12308100
2002-11-18,11.514410018920898,11.782676437780003,11.414468394802183,11.698514542054276,9986300
2002-11-19,11.545977592468262,11.624879286055148,11.377652708649585,11.393433448682748,8207300
2002-11-20,12.477012634277344,12.519093582326093,11.651173401765027,11.730075053945317,19718200
2002-11-21,13.092449188232422,13.092449188232422,12.4980555780327,12.650598662497243,20578600
2002-11-22,13.145052909851074,13.297597024033816,12.787364231494973,12.787364231494973,14654500
2002-11-25,13.124011993408203,13.266034602846885,12.892566217476375,13.150312216525572,10104600
2002-11-26,12.724241256713867,13.129270074675512,12.676900056656553,13.097709609067007,9448600
2002-11-27,13.250259399414062,13.255519646493402,12.834708909752134,12.913610609363138,11766600
2002-11-29,13.239740371704102,13.518527478050611,13.208179889021933,13.36072305806046,4637400
2002-12-02,13.266040802001953,13.749972557840572,13.045115413395418,13.671070848328881,12493900
2002-12-03,12.945164680480957,13.208170864134523,12.834701561636196,13.202910620066776,12677900
2002-12-04,12.992513656616211,13.255519997816624,12.650604610424018,12.950432682155729,9266800
2002-12-05,12.419157981872559,12.997771047385953,12.382337259880554,12.992511804206604,11451300
2002-12-06,12.850486755371094,12.992510384642236,11.993085737139513,12.077247664865526,13236200
2002-12-09,12.2350492477417,12.624298325723483,12.145627094469594,12.550656906542605,9414800
2002-12-10,12.703200340270996,12.729501564482415,12.240309830330325,12.240309830330325,8975700
2002-12-11,12.671642303466797,12.782104456461312,12.466497731740239,12.5506596587711,6803600
2002-12-12,12.703200340270996,13.018808007784195,12.555917497843524,12.671639874506413,8396500
2002-12-13,12.424416542053223,12.650601089775424,12.366554842039319,12.598000638805646,8218200
2002-12-16,13.045112609863281,13.060893349690039,12.387596833090143,12.51909998844477,7942600
2002-12-17,13.160836219787598,13.46066325782359,12.971471352274563,13.045112799289868,11435100
2002-12-18,12.624300003051758,12.929387212993941,12.571698552381198,12.861006029424669,14182700
2002-12-19,12.271873474121094,12.724244614816099,12.024647922244887,12.629562189713482,13923400
2002-12-20,13.08193588256836,13.08193588256836,12.445460013702318,12.519101468353593,15517500
2002-12-23,12.997770309448242,13.145054192343771,12.782105232919765,12.834706691331695,9285700
2002-12-24,12.72950267791748,12.9451677188695,12.64008051435524,12.939907473567109,3772400
2002-12-26,12.861007690429688,13.087192251933256,12.724244302338866,12.729504548414207,5838500
2002-12-27,12.519102096557617,12.866270404890937,12.450720885705742,12.861011160685859,7220200
2002-12-30,12.619044303894043,12.676906020806307,12.419159923281027,12.629564798476197,7389700
2002-12-31,12.624300003051758,12.703201677412988,12.461236408933322,12.61903975765578,6215300
2003-01-02,13.574061393737793,13.6060754038477,13.232574887639657,13.472682507731546,16739100
2003-01-03,13.840847969055176,13.867526142704987,13.446005096336854,13.6060761736499,12525700
2003-01-06,14.929330825805664,14.99335985574133,13.851516115454801,13.872859464668991,22932400
2003-01-07,14.854634284973145,15.09474192594969,14.737248892555236,14.92933398762935,17837500
2003-01-08,14.283702850341797,14.539816810459994,14.144974200851172,14.539816810459994,15857300
2003-01-09,14.566505432128906,14.614526961367053,14.326398803645304,14.326398803645304,11205600
2003-01-10,14.454451560974121,14.77459465442817,14.273037175273721,14.32639452713387,8725900
2003-01-13,14.555829048156738,14.774593254113027,14.51847819299991,14.61985705015496,9290600
2003-01-14,14.721240997314453,14.806612374634517,14.481133362534838,14.673219470358529,8216900
2003-01-15,14.449111938476562,14.747911605820919,14.310383267068609,14.699890103498682,8147800
2003-01-16,14.289051055908203,14.57717925606367,14.144986446976821,14.449122165138208,7734500
2003-01-17,13.974235534667969,14.321056748167926,13.888864190351264,14.059606878984676,9809500
2003-01-21,13.563393592834473,14.193008405215593,13.48335803584018,14.150322706971483,10367800
2003-01-22,13.179218292236328,13.563389459356157,13.125860931265155,13.563389459356157,16066100
2003-01-23,13.408645629882812,13.478010465222116,13.072496176004947,13.392639143040233,8020000
2003-01-24,12.70433521270752,13.40864932357954,12.57094235783913,13.259249977459243,11709500
2003-01-27,12.426880836486816,12.859073470458469,12.304158616913782,12.672323240219127,8787500
2003-01-28,12.544270515441895,12.77904234327782,12.400205915335265,12.592292048810771,10567800
2003-01-29,12.538935661315918,12.624307056742335,12.144092703041911,12.378864549318214,9989200
2003-01-30,12.293489456176758,12.725682142738705,12.181438897315806,12.538931889775121,9122100
2003-01-31,12.453561782836914,12.533597322877887,12.112076269218312,12.138754443329601,9560900
2003-02-03,12.581612586975098,12.736348769368592,12.45355558311838,12.53892691902286,7833000
2003-02-04,12.298824310302734,12.586953447278809,12.138753246009587,12.586953447278809,8152200
2003-02-05,12.240126609802246,12.64030510778103,12.154755278316628,12.40553343734231,8414600
2003-02-06,11.903976440429688,12.128076446385048,11.845284284429253,12.096062450593305,8906400
2003-02-07,11.727899551391602,12.080056606695866,11.631856533089218,12.058714279132401,9526700
2003-02-10,11.7919282913208,11.898641962034157,11.610513931630736,11.738570947110778,9080900
2003-02-11,11.738566398620605,11.97867384567491,11.706552411582132,11.97867384567491,12582400
2003-02-12,11.47712516784668,11.855960513027558,11.47712516784668,11.738575128120889,9567700
2003-02-13,11.35973834991455,11.487795394851235,11.13030242942956,11.471787882594052,10872500
2003-02-14,11.658540725708008,11.711898094110614,11.295711841818878,11.365075708347257,8881000
2003-02-18,12.005359649658203,12.197445729718957,11.775923724631623,11.781259562156304,9225300
2003-02-19,12.005359649658203,12.085395177114535,11.898644934578462,12.005359649658203,8084700
2003-02-20,12.106738090515137,12.165430265755676,11.941330186337218,12.058716572232116,7140000
2003-02-21,12.208108901977539,12.325495220134282,11.818602160854205,12.053373779461365,8525100
2003-02-24,11.898645401000977,12.2134527033489,11.83995322134266,12.2134527033489,7695700
2003-02-25,12.032036781311035,12.032036781311035,11.589172482047388,11.738572866725638,10674500
2003-02-26,11.919984817504883,12.058713499673681,11.791927807281372,11.925320653477527,6608100
2003-02-27,12.090723991394043,12.272138291025714,11.850616530791433,11.951995349457686,8760600
2003-02-28,12.101394653320312,12.272137269894536,12.010687511051971,12.080051317395398,7684900
2003-03-03,12.192110061645508,12.448224160148133,12.090731182681441,12.352181118782909,8083200
2003-03-04,11.952001571655273,12.218787325565913,11.952001571655273,12.192109157257603,7706700
2003-03-05,12.170769691467285,12.170769691467287,11.925327208061633,11.95734122378689,7670600
2003-03-06,11.738566398620605,12.021359500961642,11.717223062124091,11.962666343302525,10613600
2003-03-07,11.893308639526367,12.16542919558294,11.509136527057192,11.573165551704328,9272100
2003-03-10,11.439772605895996,11.839951208540754,11.391751092162082,11.669208500912081,8585100
2003-03-11,11.071606636047363,11.631856203318891,11.028920964423882,11.498463352282176,12601900
2003-03-12,11.071606636047363,11.204999487084079,10.740791917685367,10.938213785010648,16405900
2003-03-13,11.589173316955566,11.615852504198811,11.242352024448863,11.338395063110674,12988100
2003-03-14,11.343729019165039,11.791929113446763,11.290371671234974,11.615850577672283,13848700
2003-03-17,12.037371635437012,12.096064820644113,11.210336294442943,11.338393320407437,15267800
2003-03-18,12.170769691467285,12.272148595255679,11.978684579408535,12.208119546097954,9193900
2003-03-19,12.448223114013672,12.45889478831452,12.112073515191975,12.192109037034582,11398700
2003-03-20,12.554940223693848,12.624304084506711,12.138754005695459,12.154761520209382,10698200
2003-03-21,13.152532577514648,13.285925404908724,12.677654437657818,12.747018260111874,18484800
2003-03-24,12.608292579650879,12.827057804610202,12.51225057608445,12.672321599735248,10964200
2003-03-25,12.880414009094238,13.051156704054174,12.576278456483514,12.576278456483514,9397300
2003-03-26,12.896425247192383,12.99246829530342,12.741688999078592,12.752360675025827,6461300
2003-03-27,12.869743347167969,13.029814369182002,12.634971632868213,12.811050164166346,7552700
2003-03-28,13.045822143554688,13.120521819651554,12.741685567217246,12.869743608678672,7736700
2003-03-31,12.650979042053223,12.859072607013108,12.618965038869707,12.672322389313441,9251900
2003-04-01,12.928433418273926,13.019140587443971,12.67231941745494,12.885747751470761,9689000
2003-04-02,13.58865737915039,13.702301566305758,13.32348657693058,13.420895437839201,13884500
2003-04-03,13.496659278869629,13.794299701776099,13.475012177179389,13.745594755163676,10313700
2003-04-04,13.843009948730469,13.880891359002161,13.57783904463761,13.713130385431375,10113600
2003-04-07,13.875469207763672,14.465339095194208,13.853823146159284,14.319224308651178,12796300
2003-04-08,14.064884185791016,14.124412691315682,13.77265549870516,13.989121383989268,8949700
2003-04-09,13.924184799194336,14.292177417975127,13.843010199684699,14.09735755339917,10140100
2003-04-10,13.918770790100098,14.01618070677101,13.751009840384011,13.924182566825246,7215900
2003-04-11,13.848414421081543,14.210995064432437,13.756416316583838,14.07029202036592,8002200
2003-04-14,14.36252498626709,14.394994609440916,14.00535500259217,14.059471729342352,10041200
2003-04-15,14.54110336303711,14.827920139789367,14.221815944539474,14.346283641325934,13327300
2003-04-16,14.34087085723877,14.990269195725665,14.205579622736519,14.90368288821944,18636300
2003-04-17,14.779224395751953,14.865810763178969,14.340880781628833,14.340880781628833,11055000
2003-04-21,14.854984283447266,15.011921645522907,14.698045889180982,14.779220457991874,8337900
2003-04-22,15.520614624023438,15.585553855448124,14.703455231231077,14.784629786607171,13899900
2003-04-23,15.931901931762695,16.06719321609311,15.504380977827113,15.558497697997394,15108200
2003-04-24,15.455674171447754,15.612612537821223,15.320382903411504,15.547672275000021,12139800
2003-04-25,15.130982398986816,15.563915289959153,14.96322143273291,15.558503512700515,11300700
2003-04-28,15.590967178344727,15.645083898032958,15.152623710032158,15.152623710032158,9481100
2003-04-29,15.769547462463379,15.829075941604497,15.493553193977695,15.526023836522105,12232300
2003-04-30,15.883196830749512,16.04554595747442,15.590967164015986,15.769551616289617,14738100
2003-05-01,15.845324516296387,15.996850179482228,15.5260368228817,15.883205932092848,10261200
2003-05-02,16.159196853637695,16.262017521693775,15.74249930775483,15.77496893807828,10634900
2003-05-05,16.429773330688477,16.749060833231724,16.23495355769516,16.23495355769516,13997200
2003-05-06,16.619182586669922,16.803178834921546,16.218720467590117,16.37024709326519,12208100
2003-05-07,16.678712844848633,16.77071097866384,16.32154386231684,16.478482280315465,10721500
2003-05-08,16.21330451965332,16.521769467421237,16.137541742407038,16.478476304396157,10890100
2003-05-09,16.278249740600586,16.33236646892001,16.0076671311942,16.278249740600586,8820500
2003-05-12,16.74365234375,16.77071019211277,16.11048898946813,16.278249920136954,8801900
2003-05-13,16.624597549438477,16.803182056130627,16.429778744441244,16.7436545753605,7476000
2003-05-14,16.500123977661133,16.759882981123713,16.386479800717698,16.63000347939242,7515000
2003-05-15,16.797761917114258,16.965522776319897,16.646235347134454,16.667881410165677,10648700
2003-05-16,16.91141700744629,17.04670834350586,16.722008930524694,16.797772780607918,9273900
2003-05-19,16.462249755859375,16.911416948730007,16.359428051797625,16.911416948730007,8306200
2003-05-20,16.46765899658203,16.66247882012382,16.262015620134406,16.462247220129115,8688400
2003-05-21,16.5325927734375,16.559651646739205,16.19707100202016,16.289069106865004,8389500
2003-05-22,16.500123977661133,16.608357411865803,16.381068025788412,16.45141903548808,8651800
2003-05-23,16.722003936767578,16.781532437157676,16.435187050576758,16.53259591640964,5751600
2003-05-27,17.344348907470703,17.393053871132757,16.505543034963694,16.613776516921817,11224800
2003-05-28,17.614933013916016,17.766460726743542,17.355173874703,17.425525953359273,12017300
2003-05-29,17.463397979736328,17.798919762845266,17.42010378094497,17.72315697934141,9548300
2003-05-30,17.782691955566406,17.896336172266505,17.544577904139405,17.63657707793123,10683100
2003-06-02,18.3563232421875,18.713494268623435,18.031624936458538,18.047859232430543,13337100
2003-06-03,18.302207946777344,18.605261219306545,18.2589158017769,18.35632364412328,11581300
2003-06-04,18.77301597595215,18.84878082161123,18.074914588188776,18.210205858865695,13171500
2003-06-05,18.994895935058594,19.0977186347399,18.62149272481818,18.773018306182774,10380500
2003-06-06,19.011131286621094,19.76335047482129,18.946189985719833,19.35747663390339,11835400
2003-06-09,18.269739151000977,18.8217279905667,18.183152787797436,18.724318073915,10274000
2003-06-10,18.44291114807129,18.58361319282045,18.32926488627153,18.399616940836825,10879300
2003-06-11,18.691852569580078,18.827143913486623,18.3509178049086,18.561971971101677,9252300
2003-06-12,18.778427124023438,19.005715447780084,18.524078897017,18.935365479596804,9632500
2003-06-13,18.778427124023438,18.96783406048731,18.583607381157297,18.859600640630475,6746500
2003-06-16,19.454891204833984,19.454891204833984,18.859608189538722,18.913725953319165,9417400
2003-06-17,19.53065299987793,19.59018150476759,19.28171749250435,19.476537303277237,9515500
2003-06-18,18.97867202758789,19.389958922634914,18.83255710943032,19.26548905338849,11336300
2003-06-19,18.64314079284668,19.103130368341606,18.426673895918878,19.076072522320963,10874200
2003-06-20,18.832548141479492,19.032778683139824,18.713493203823237,18.859605988020395,14781400
2003-06-23,18.31844711303711,18.805496776158062,18.188568579126237,18.697263288310953,9876500
2003-06-24,18.561965942382812,18.632317996391638,18.12903419536967,18.264325495335115,8236100
2003-06-25,18.39420509338379,18.843371112391434,18.28597164617357,18.56196497539739,8978200
2003-06-26,18.6160888671875,18.6160888671875,18.129039226397172,18.399621901418026,6316400
2003-06-27,18.345497131347656,18.637724707109022,18.291379384442987,18.616079672728116,6674600
2003-06-30,18.497026443481445,18.653964844746785,18.204796744100754,18.534907841803232,7847900
2003-07-01,18.699268341064453,18.699268341064453,18.065209615462262,18.497026028922424,10439900
2003-07-02,18.786724090576172,18.863248093715846,18.606346381050173,18.715667279159444,7459100
2003-07-03,18.655542373657227,18.770328388781873,18.420503151188917,18.475162562641735,4376600
2003-07-07,19.16935157775879,19.262275097055024,18.803128864079586,18.84685598453648,9773400
2003-07-08,19.349733352661133,19.37159587250808,19.076432045901083,19.16935348934022,6165500
2003-07-09,19.491846084594727,19.743282747296963,19.349730344626604,19.393457462646346,9640700
2003-07-10,19.13654899597168,19.475443983301815,18.978035885580834,19.37705538506051,7622500
2003-07-11,19.546506881713867,19.661295005496665,19.22947847706531,19.245875886838576,6973600
2003-07-14,20.38826560974121,20.530383377060087,19.55742985387817,19.94005188534596,12088000
2003-07-15,20.382808685302734,20.705304258894714,20.229758560211568,20.519459316737926,11553500
2003-07-16,19.814334869384766,20.913004657791944,19.677684284078662,20.913004657791944,14435700
2003-07-17,19.152952194213867,19.814340722022887,19.032698976385657,19.814340722022887,12002000
2003-07-18,19.31146240234375,19.40438380279409,19.04909143432772,19.25680091520602,7596000
2003-07-21,18.819517135620117,19.191206862081103,18.311176835757948,19.185739671476583,11938000
2003-07-22,19.098291397094727,19.163885201123197,18.72660151475933,18.85778703769312,9538500
2003-07-23,19.054561614990234,19.202144525731946,18.91244381125843,19.185745034456517,7764200
2003-07-24,18.90151596069336,19.327865254953984,18.86871905916442,19.3223980621376,8595200
2003-07-25,19.387985229492188,19.409847737905732,18.84138290182788,18.994430886334715,8693400
2003-07-28,19.39891815185547,19.579295841538034,19.21853837705043,19.387985854734936,8228700
2003-07-29,19.262264251708984,19.45357420559968,18.994428231139903,19.44810910054085,9207500
2003-07-30,19.163883209228516,19.448116741772527,19.147483717364388,19.404387543632094,5860400
2003-07-31,19.15842056274414,19.573839703155752,19.120158547854047,19.48638337124648,8761300
2003-08-01,18.23466682434082,19.180289266840205,18.16360788787443,19.174824157169194,20439300
2003-08-04,18.436899185180664,18.475161187374038,17.709919058383832,18.234656875712442,15744400
2003-08-05,17.906692504882812,18.420500060881277,17.89029510122245,18.393170359739827,12309200
2003-08-06,18.03240966796875,18.185457635168703,17.76457364024666,18.03787477317353,12232200
2003-08-07,17.955890655517578,18.081611060976808,17.775512921164882,17.906696348853572,9218200
2003-08-08,18.03240966796875,18.169060234432184,17.85202991937837,18.15812793890045,6296700
2003-08-11,18.158145904541016,18.409582695175576,18.005095700791266,18.032427509223737,6982000
2003-08-12,18.3877010345459,18.464225022910373,18.201856169179763,18.294779644423983,8519300
2003-08-13,18.27292823791504,18.49157014969241,18.10894784664391,18.475170650978637,6716000
2003-08-14,18.529827117919922,18.557156828157623,18.152670027220676,18.272923254414433,6993000
2003-08-15,18.398635864257812,18.584480755214866,18.300247269920398,18.584480755214866,3542300
2003-08-18,18.611814498901367,18.639144206569746,18.398639859915733,18.639144206569746,7126400
2003-08-19,18.68833351135254,18.808586695047985,18.491558417745193,18.666471002144487,8275200
2003-08-20,19.03816795349121,19.14748679617429,18.61181654355878,18.956176736355633,9319200
2003-08-21,18.91244888305664,19.36613003608923,18.792197730484975,19.158420466922298,8675600
2003-08-22,18.540754318237305,19.213077174445228,18.486094906652333,19.03816455522585,8131400
2003-08-25,18.442363739013672,18.518887732454495,18.185459973785957,18.43143144207606,6126200
2003-08-26,18.245590209960938,18.89058126229591,18.03788069688963,18.311181919569776,9840600
2003-08-27,18.179994583129883,18.256520669271563,18.070675773172773,18.119870071702532,6019800
2003-08-28,18.5352840423584,18.622740327579933,18.103467721836065,18.179991710764615,5600000
2003-08-29,18.704740524291992,18.748467645421325,18.464234060149035,18.562622689094187,5862800
2003-09-02,18.96709442138672,19.14747204091134,18.628201682952636,18.814044406350632,8424200
2003-09-03,19.054561614990234,19.152950222151375,18.885114105963194,18.96710530697176,7478400
2003-09-04,18.9561767578125,19.10375969774963,18.896050143194785,19.060030492528284,6254600
2003-09-05,18.68833351135254,18.96163468511675,18.67193610816588,18.85231588370905,6752900
2003-09-08,18.939767837524414,19.021756919799593,18.726591219316145,18.77032039796051,5748400
2003-09-09,18.726608276367188,18.945250198494062,18.699278557382307,18.85779384666809,5257900
2003-09-10,18.245590209960938,18.732066052711943,18.125337004742363,18.540753945762127,9825500
2003-09-11,18.409570693969727,18.66647451286478,18.322114385321626,18.447832698683094,6717500
2003-09-12,18.584487915039062,18.65554683501935,18.278389716382236,18.322118924100376,6251300
2003-09-15,18.568096160888672,18.699279653757213,18.43144547282826,18.584493576216232,5058200
2003-09-16,18.91244888305664,18.956178091354275,18.513429240396093,18.5243615424705,6846900
2003-09-17,18.945234298706055,19.043622872578144,18.86871031572157,18.91243741237464,7692500
2003-09-18,19.535572052001953,19.606628867655076,18.92337582014011,19.060026429643102,14752000
2003-09-19,19.39891815185547,19.568363544417505,19.191208676810337,19.404383257854498,12211800
2003-09-22,19.125612258911133,19.1638742468285,18.890573141634764,19.13654246821156,9198100
2003-09-23,19.377056121826172,19.382521228548413,18.917910007616374,19.125619510148194,8583700
2003-09-24,19.060028076171875,19.54103884700963,19.016300961617354,19.40438822570187,11445500
2003-09-25,18.846853256225586,19.26227230860718,18.819523549255923,19.131086795980625,8682300
2003-09-26,18.68833351135254,18.972566982282014,18.551682924470434,18.86871328689571,10336800
2003-09-29,18.939767837524414,19.021756919799593,18.65006724181051,18.803117281943784,6481500
2003-09-30,18.764862060546875,18.967104371908672,18.50795825616651,18.912442878890108,9570000
2003-10-01,19.33879280090332,19.393452204890085,18.8905790158195,18.967103015450014,11368400
2003-10-02,19.327760696411133,19.45469890470697,19.195302245597066,19.39950911165857,7329000
2003-10-03,19.410545349121094,19.758246939661504,19.31672228004587,19.69201876705807,11020900
2003-10-06,19.620258331298828,19.708563209120634,19.38293857739878,19.42709206898686,7475700
2003-10-07,19.918296813964844,19.95693008336082,19.410541964916575,19.620266931177074,11345300
2003-10-08,19.65337562561035,19.98451842776091,19.625780742990237,19.97900029337872,9122600
2003-10-09,19.70305633544922,19.95141460418056,19.587156511826446,19.89622270815384,9138000
2003-10-10,19.60370635986328,19.78031615636481,19.55403472301255,19.703049633564746,5649300
2003-10-13,20.111461639404297,20.128020257432166,19.625785687925948,19.625785687925948,7584400
2003-10-14,20.299116134643555,20.299116134643555,19.95141662849685,20.144583020800575,7239600
2003-10-15,20.19976234436035,20.40948725109657,20.01211418682893,20.38741050189177,7431100
2003-10-16,20.332223892211914,20.415010661910912,20.144575705535196,20.17217059364986,6902200
2003-10-17,20.056264877319336,20.376369274554893,19.95692162516069,20.210797889408614,5893700
2003-10-20,20.19976234436035,20.19976234436035,19.852063018480848,19.951406284547758,7403400
2003-10-21,20.23841094970703,20.365351301216954,20.061801032853587,20.199777661980107,7525900
2003-10-22,19.305683135986328,19.54300302588734,19.14562979528926,19.355354789811088,19397500
2003-10-23,19.316722869873047,19.537486259099595,19.151151380630992,19.151151380630992,10030800
2003-10-24,19.189775466918945,19.371903386247563,19.11250894930349,19.316713618052155,7625600
2003-10-27,19.289125442504883,19.471253425175654,19.2008205194679,19.454696910029792,9827700
2003-10-28,19.620258331298828,19.697524836223614,19.31119231159968,19.31671044537101,11744200
2003-10-29,19.829986572265625,19.896214715537262,19.515400260031956,19.620261662324943,7608300
2003-10-30,19.78032112121582,19.97900771848899,19.719611093676196,19.951412825613353,6897700
2003-10-31,19.813432693481445,19.962445509288873,19.763761053093972,19.813432693481445,6287600
2003-11-03,20.260480880737305,20.282557639235414,19.89622278694077,19.990047957879952,8157200
2003-11-04,20.19976234436035,20.28806723582486,20.02315256143133,20.034190936033728,6485500
2003-11-05,20.16114044189453,20.27704238782532,20.034202220499733,20.177699065802283,5912300
2003-11-06,20.039722442626953,20.16666066388898,19.92934073989949,20.16666066388898,9049600
2003-11-07,19.89070701599121,20.13354507228927,19.879668635429145,20.05627851371061,6347600
2003-11-10,19.80791473388672,19.923814539686894,19.675458414502298,19.874142893578927,4639500
2003-11-11,19.89070701599121,19.96245333161093,19.609233575048005,19.62027195561007,4123200
2003-11-12,19.80791473388672,20.01763969582649,19.736166332762938,19.923814539686894,7141100
2003-11-13,19.791362762451172,19.868629317384084,19.653386169969338,19.76376786502595,4597500
2003-11-14,19.57059097290039,19.852064279757933,19.37190442814326,19.703049371190083,7224800
2003-11-17,19.542999267578125,19.620265801922965,19.35535106758845,19.42709946606087,5762000
2003-11-18,19.256006240844727,19.6202642346266,19.211854841326765,19.54851584188555,6955200
2003-11-19,19.18426513671875,19.39399015383542,19.1511521008385,19.25601355671894,9797800
2003-11-20,19.112520217895508,19.43262485179854,19.013176892287962,19.17323026191745,7517200
2003-11-21,19.316722869873047,19.393989424495626,19.178746277945383,19.233936072574163,6834200
2003-11-24,19.46573829650879,19.515409954977287,19.311205183653808,19.410546395235038,7258700
2003-11-25,19.609224319458008,19.66993433121624,19.37190451277846,19.39950150383571,5539000
2003-11-26,19.59819221496582,19.675460867153124,19.427102605654113,19.482292394718115,3922400
2003-11-28,19.53748321533203,19.587154864901816,19.4546964309306,19.482291323945947,2447600
2003-12-01,19.680978775024414,19.70305553253546,19.515407304402533,19.653383880813347,6957000
2003-12-02,19.76376724243164,19.81343889837458,19.636829033989823,19.703057206795194,6301200
2003-12-03,19.75824546813965,19.863109014420516,19.664422406052022,19.76376571023627,7612400
2003-12-04,19.53196144104004,19.703053132879983,19.443656527106082,19.675458242029727,6089700
2003-12-05,19.294645309448242,19.498852172885854,19.23393527466169,19.41054513657405,6769400
2003-12-08,19.57059097290039,19.576111213229655,19.167699748411682,19.167699748411682,6070400
2003-12-09,19.222898483276367,19.59267471378272,19.151150070881265,19.570597955298755,7684300
2003-12-10,19.13459014892578,19.344315129559096,19.040767089778637,19.18426179946116,6405900
2003-12-11,19.305683135986328,19.38846992747945,19.068363246085312,19.217378207559594,7650900
2003-12-12,19.366397857666016,19.41054927989072,19.261536387695774,19.405031141621162,5457900
2003-12-15,19.46021842956543,19.625792031228873,19.377433734089507,19.59267688982502,8140500
2003-12-16,19.71409797668457,19.725136357716398,19.493334566759778,19.5374880908871,7330600
2003-12-17,19.680978775024414,19.730650426746525,19.47125378938044,19.719612047991003,7282300
2003-12-18,19.675453186035156,19.725124818943605,19.42157478152827,19.725124818943605,7733000
2003-12-19,19.74720573425293,19.74720573425293,19.504367732552424,19.730649219810157,12023200
2003-12-22,19.923812866210938,19.929333107178845,19.675456761886707,19.741684916016165,8872000
2003-12-23,19.96245002746582,20.02868029987593,19.863108829561597,19.901742102456428,7058300
2003-12-24,19.94036865234375,20.0065967970692,19.88517677727691,19.96796353719979,2007000
2003-12-26,19.990041732788086,20.03971337126282,19.934849853730096,20.017636619639624,1347300
2003-12-29,20.16114044189453,20.166660684982403,19.995568940308093,20.01764570194785,5532000
2003-12-30,20.19976234436035,20.243915842769947,20.155610951305437,20.166649325907837,5358700
2003-12-31,20.271512985229492,20.332222999629593,20.199764594997106,20.310146247965026,6141100
2004-01-02,20.39964485168457,20.650323606864955,20.349509100648493,20.366222434344873,9280500
2004-01-05,20.360639572143555,20.53332975983713,20.221373908688367,20.4219168040679,9715400
2004-01-06,20.873149871826172,20.928855318030703,20.661465351201155,20.69488989393981,21209800
2004-01-07,21.179533004760742,21.21852724013693,20.884290329762067,20.889860024090183,14472600
2004-01-08,21.54161262512207,21.59732016764481,21.20180617834796,21.224087070331596,11834300
2004-01-09,21.591753005981445,21.8034374631553,21.36335734496063,21.391212184740127,10569000
2004-01-12,21.60846710205078,21.809010055438183,21.402352330499284,21.446918375708037,7044400
2004-01-13,21.66975212097168,21.697604846700212,21.419073339361383,21.614044544487857,7205200
2004-01-14,21.84800148010254,21.909278721891724,21.686452774481186,21.770013036016568,8672300
2004-01-15,21.68088722229004,22.25466345892079,21.558334828322682,22.19895589345714,50329900
2004-01-16,21.8758602142334,21.881429908190306,21.69760025724407,21.72545297708122,18767200
2004-01-20,21.77557945251465,22.015116566185927,21.6585968039846,21.94826964202953,18914100
2004-01-21,22.338207244873047,22.33820724487305,21.70872809790305,21.775575008416908,20679600
2004-01-22,22.249094009399414,22.577761243045977,22.14325281128585,22.304801580795946,15683600
2004-01-23,22.0596866607666,22.444061363774054,21.93156246810612,22.249088103183404,10503600
2004-01-26,22.427349090576172,22.438490602422615,21.90928260238616,21.976129548438728,12289900
2004-01-27,22.29922103881836,22.405064320557962,22.221232594394902,22.366070098346235,9141000
2004-01-28,21.79229164123535,22.382778852318587,21.692020187937718,22.28250739902095,14578500
2004-01-29,21.7532958984375,21.948269099527103,21.391206453600276,21.820142820941623,12886900
2004-01-30,21.66417694091797,21.797872978717496,21.58061877669139,21.753306924442178,8622300
2004-02-02,21.731019973754883,21.948276261581654,21.647461824614783,21.781155713249362,8810200
2004-02-03,21.797866821289062,21.814578024408537,21.59175206602834,21.78115349314376,6921800
2004-02-04,21.68088722229004,21.85357748768785,21.64189298897865,21.792300228191003,7851100
2004-02-05,21.703168869018555,21.836864892607238,21.508197714854017,21.786729149389757,6487100
2004-02-06,22.132108688354492,22.18224443418872,21.675317281876524,21.725453027710756,7312300
2004-02-09,22.009553909301758,22.226810222020177,22.009553909301758,22.198955377422692,6090000
2004-02-10,21.992839813232422,22.120964006448506,21.903709847298362,21.964987097320407,7191400
2004-02-11,22.43292236328125,22.499769313667333,22.01512520457232,22.04854974227848,11688200
2004-02-12,22.48305320739746,22.50533622767857,22.271368764778515,22.40506476143937,8121300
2004-02-13,22.371641159057617,22.64460285625995,22.282511199261602,22.544331385861202,6907200
2004-02-17,22.650184631347656,22.73374494292885,22.421788854722987,22.51648855782314,8309400
2004-02-18,22.54990005493164,22.694737561166008,22.477481301814457,22.655741213313856,7170700
2004-02-19,22.739301681518555,22.906420084427563,22.54433056562901,22.689165948143273,14877300
2004-02-20,22.60004997253418,22.767168478826783,22.471925713542277,22.739315748615866,9572100
2004-02-23,22.4552059173584,22.65574677324045,22.377215327540263,22.605613153039652,8355200
2004-02-24,22.393918991088867,22.611173084934872,22.29921723542308,22.338211450983884,10757900
2004-02-25,22.47748374938965,22.533191305940313,22.254659898264972,22.50533859017798,9655500
2004-02-26,22.59446907043457,22.650174503228452,22.36607339593797,22.47748426152574,6612000
2004-02-27,22.85072135925293,22.950992855407282,22.594472924647985,22.65017836694422,9295700
2004-03-01,23.13481903076172,23.179385077907916,22.906423351702667,22.967700604015647,10655400
2004-03-02,23.212812423706055,23.385502705575526,23.062407295173998,23.073546684302894,8802700
2004-03-03,23.452341079711914,23.480195917416278,23.11810427751715,23.21837574318073,7990900
2004-03-04,23.730876922607422,23.75873176555396,23.39664005751059,23.39664005751059,9311600
2004-03-05,23.959257125854492,24.421620019628733,23.591595961839648,23.730861586466858,16242100
2004-03-08,23.920278549194336,24.226664823570474,23.909137036941917,23.975986110456443,8789300
2004-03-09,23.658458709716797,23.920276790810778,23.558187231842155,23.920276790810778,9036700
2004-03-10,23.413349151611328,23.66959965843561,23.28522496071217,23.66959965843561,10364300
2004-03-11,23.012258529663086,23.586032371504256,22.950981298976103,23.257365327385696,11924500
2004-03-12,23.12925148010254,23.196098431988528,22.911997292703354,23.03454968365662,10815400
2004-03-15,22.800575256347656,23.01782935767451,22.700303805731348,22.995546340865232,7970000
2004-03-16,23.023412704467773,23.118112385794447,22.8395809112668,22.923141203635698,7481600
2004-03-17,23.5526123046875,23.647314076857896,23.223945198376857,23.223945198376857,8745600
2004-03-18,23.407785415649414,23.46349086064273,23.229525441638998,23.285230886632313,10219700
2004-03-19,23.023412704467773,23.591615042480836,22.923141203635698,23.40778537430638,9468900
2004-03-22,22.72817039489746,22.97884917453409,22.52762737118816,22.97884917453409,9690300
2004-03-23,22.828433990478516,23.062401478681455,22.75601522924594,22.923135774402038,10830000
2004-03-24,22.694740295410156,22.873000228386168,22.583327306043643,22.83400600086179,7835100
2004-03-25,23.118104934692383,23.18495187202643,22.672455144089017,22.756013284500124,8173900
2004-03-26,22.978836059570312,23.21837318728424,22.950983349957756,23.00668876918287,6019400
2004-03-29,23.430065155029297,23.4913402859108,23.101397975636623,23.101397975636623,7541100
2004-03-30,23.3854923248291,23.51361649320291,23.313073577478484,23.43005836166813,7785300
2004-03-31,23.368783950805664,23.530332666353758,23.251801277488436,23.44677239968382,7842800
2004-04-01,23.541467666625977,23.619458226002056,23.363207780960153,23.36877959771403,10295200
2004-04-02,23.322452545166016,23.906497156585733,23.080972602795576,23.867186667572962,12806900
2004-04-05,23.446002960205078,23.446002960205078,23.097823396317793,23.18205924734507,10003200
2004-04-06,23.30560874938965,23.361765985857172,23.221370752427116,23.361765985857172,7845200
2004-04-07,23.232606887817383,23.344923523606674,23.148371017671646,23.305613022419667,7224700
2004-04-08,23.109060287475586,23.457239926936474,23.024822275903,23.44600804924269,4961800
2004-04-12,23.33930206298828,23.344916929173927,23.086590239413397,23.11466885486371,4989800
2004-04-13,22.485700607299805,23.384229224647356,22.463236856300814,23.384229224647356,11592300
2004-04-14,22.053287506103516,22.480088150197073,21.90727523730666,22.27230376703716,12978200
2004-04-15,21.772497177124023,22.22176158065627,21.47485991145797,22.0925981985321,15835000
2004-04-16,22.047666549682617,22.216142543870717,21.851114079478176,21.912888325045646,9741200
2004-04-19,22.103830337524414,22.154372717410222,21.828654682087972,22.042056079634904,7395300
2004-04-20,21.643335342407227,22.176837796984426,21.620871585059138,22.137525150494362,9028300
2004-04-21,21.16037368774414,21.643333723289242,21.031210306047928,21.643333723289242,18611600
2004-04-22,21.553482055664062,21.72195594812753,21.07052199294349,21.171606756873924,14094200
2004-04-23,21.5085506439209,21.59278864601751,21.295149276267818,21.564710026072433,7214500
2004-04-26,21.648944854736328,22.227374680908092,21.48608586764616,21.514166628515092,7071300
2004-04-27,21.688261032104492,21.873583819544486,21.547865760017892,21.65456753785129,8743600
2004-04-28,21.300769805908203,21.64894946374449,21.27830604933509,21.64894946374449,7048500
2004-04-29,21.143531799316406,21.575947412815143,21.036830006514098,21.323237601416754,10451500
2004-04-30,21.115446090698242,21.3400793619391,21.087367467358547,21.227762726318673,7720300
2004-05-03,21.261459350585938,21.34569522453089,21.042443079162624,21.34569522453089,8119800
2004-05-04,21.514179229736328,21.761274217377196,21.233388594673396,21.30077774725499,9740200
2004-05-05,21.368154525756836,21.59278776062939,21.283918669375602,21.514166771102385,8968500
2004-05-06,21.115446090698242,21.3681579852788,20.95820408618663,21.227762726318673,7717600
2004-05-07,20.48648452758789,21.17722923447283,20.480869657468315,21.05368281147931,11997100
2004-05-10,19.885581970214844,20.21691482667582,19.441932491820058,20.18883620675771,21494000
2004-05-11,19.762033462524414,20.160757577314115,19.616023353662413,20.160757577314115,16613700
2004-05-12,20.087753295898438,20.093368163490325,19.520555267346985,19.82380953158668,16881200
2004-05-13,20.076522827148438,20.435934361571874,19.924895684389476,19.964206187075682,11896100
2004-05-14,20.025970458984375,20.351688338528923,19.84064991620886,20.06528094206587,9251400
2004-05-17,19.829435348510742,19.91928826571935,19.514949067149367,19.689040031480893,10311700
2004-05-18,19.975433349609375,20.200066576724605,19.93050798954306,20.037207594179126,8825600
2004-05-19,20.07090187072754,20.38538579681963,20.05405298735755,20.216911958947282,10945700
2004-05-20,20.166378021240234,20.385394316231114,20.07652512733982,20.07652512733982,7384700
2004-05-21,20.26184844970703,20.351701345929726,20.143914782826844,20.149531793863154,7116500
2004-05-24,20.26184844970703,20.48086475035847,20.160763673673745,20.368548094514598,6079600
2004-05-25,20.688636779785156,20.722332399035007,20.10459223301884,20.267451179335342,8236600
2004-05-26,20.68303108215332,20.78973071034815,20.497708307525695,20.694260817953452,6704000
2004-05-27,20.75042724609375,20.834663146734844,20.503330129450074,20.772891009836343,8163000
2004-05-28,20.688636779785156,20.756025876024115,20.58755206429634,20.70548351827971,4311000
2004-06-01,20.694265365600586,20.806582028639205,20.497712811979618,20.68865049646663,5619300
2004-06-02,20.946962356567383,20.997504711712278,20.63809336057552,20.806567163638295,6267600
2004-06-03,20.756040573120117,20.890821003295144,20.688651429163734,20.86274237183517,7280700
2004-06-04,20.935733795166016,21.053667403996393,20.862729825724557,20.946965669448,5832100
2004-06-07,21.418699264526367,21.424316274262907,21.070519640014588,21.076134507489595,7368400
2004-06-08,21.3737850189209,21.446789045388318,21.216540798405163,21.368168006261776,7042800
2004-06-09,21.16037368774414,21.36254320422922,21.115446176408945,21.33446458077555,6053000
2004-06-10,21.227764129638672,21.22776412963867,21.048058357670694,21.177221747381314,5198600
2004-06-14,21.09859848022461,21.18845135658517,20.789729351626534,21.18845135658517,6317600
2004-06-15,20.918895721435547,21.149143883954164,20.885200084629705,21.11544824714832,8166300
2004-06-16,20.958194732666016,21.048047572609228,20.82903140913894,20.93573098711504,5895200
2004-06-17,20.958194732666016,21.10982180174407,20.851495154689914,20.93573098711504,5747200
2004-06-18,20.90765380859375,21.149133734157694,20.851496583129926,21.008738528237302,12953300
2004-06-21,20.778493881225586,20.99751009559023,20.72233664655918,20.890810492819583,5511700
2004-06-22,20.756040573120117,20.78973621622944,20.610030404170914,20.778504335193,9628200
2004-06-23,21.126672744750977,21.126672744750977,20.817803679861328,20.83465042124733,9303600
2004-06-24,21.210922241210938,21.300775147775205,21.104222584122827,21.12668420406719,10092000
2004-06-25,21.334461212158203,21.62648142068167,21.21091271775583,21.216527584655342,12499100
2004-06-28,21.31199073791504,21.66578722430827,21.25583137532687,21.390611703277838,11788300
2004-06-29,21.50293731689453,21.55347969332011,21.227761680297146,21.31199968842696,9783000
2004-06-30,21.772497177124023,21.817422546346418,21.452396155715945,21.553480914293406,16628400
2004-07-01,21.625192642211914,21.891471589745347,21.358915855893233,21.857480004078784,15371800
2004-07-02,21.574207305908203,21.80649252854824,21.500555261300885,21.63086139485847,8373200
2004-07-06,21.103973388671875,21.54021685632046,21.086977591625597,21.528885604551178,15088300
2004-07-07,20.88302230834961,21.17196170469915,20.764047389924244,21.109640891843313,13643800
2004-07-08,20.82069206237793,21.092635536091805,20.769702525980662,20.91700443045353,9619100
2004-07-09,20.866012573242188,20.9963186579977,20.752702276563518,20.98498741220842,7199600
2004-07-12,20.905675888061523,21.047313252719896,20.803696812610323,20.962329969439004,9447300
2004-07-13,21.041645050048828,21.115297079568524,20.792364084031906,20.792364084031906,9633300
2004-07-14,20.650726318359375,21.120961202359858,20.560078499683712,20.888676031927563,10905200
2004-07-15,20.395780563354492,20.75837187201978,20.344791025497518,20.701717790496332,12141900
2004-07-16,20.322126388549805,20.565742803635047,20.25980560870738,20.537415765856068,10179400
2004-07-19,20.395780563354492,20.52608667983016,20.231480701235945,20.36745352259277,9112000
2004-07-20,20.622404098510742,20.74704352755174,20.112508648568095,20.356125123405697,11567800
2004-07-21,20.860353469848633,21.41557174852269,20.79236813155781,21.10396994004025,18145600
2004-07-22,20.837684631347656,20.95666163868336,20.46376214267013,20.696047292284742,12868900
2004-07-23,20.696054458618164,20.92267514407551,20.605406616678234,20.735712754390946,10259500
2004-07-26,20.66205406188965,20.752701865192883,20.486422997458455,20.645056112935592,8089000
2004-07-27,20.91133689880371,21.041642992928814,20.66772049985242,20.752703768775635,8491200
2004-07-28,21.00199317932129,21.160626373317033,20.59974348813769,20.96233488082235,8535900
2004-07-29,21.041645050048828,21.239938643184246,20.849018161376588,21.103965831856687,8556300
2004-07-30,21.149288177490234,21.183279755159795,20.89434053889731,20.962325855450676,7910000
2004-08-02,21.194618225097656,21.234276520038154,20.91134345482839,21.09263913490352,8075700
2004-08-03,21.00199317932129,21.2512742214882,20.917009876129182,21.217282629183497,9053900
2004-08-04,21.081310272216797,21.17195812252028,20.758377170434684,20.96233537392133,6809800
2004-08-05,20.55442237854004,21.126638784543765,20.480772473779627,21.0983117318501,8439200
2004-08-06,20.446773529052734,20.76970660254745,20.339129891626175,20.480767280394563,9666200
2004-08-09,20.435441970825195,20.543085606630523,20.367456630380516,20.429777426294393,7355900
2004-08-10,20.956663131713867,20.962327674745666,20.509088589696752,20.509088589696752,9031000
2004-08-11,20.905675888061523,20.973661217957435,20.67905524012226,20.860350893987803,7271900
2004-08-12,20.88302230834961,20.95100766727616,20.820701495493772,20.90568481506366,7201400
2004-08-13,20.888681411743164,20.922675162956953,20.679058682295718,20.86035436633919,6165000
2004-08-16,21.381572723388672,21.415564300104204,20.92266698680127,20.933998232777842,9070700
2004-08-17,21.489225387573242,21.67052107728337,21.449567090525097,21.500556638332014,10501300
2004-08-18,21.710180282592773,21.738507330067236,21.432572191641807,21.472230490349087,9555700
2004-08-19,21.52887725830078,21.710172893894576,21.443893983584864,21.710172893894576,7859600
2004-08-20,21.897140502929688,21.982121636880304,21.48355743841979,21.511886644284967,9293600
2004-08-23,21.840482711791992,22.027445083482018,21.795159875791718,21.9537930436149,8000900
2004-08-24,21.863149642944336,22.01045159132781,21.72151223975377,21.95379749453769,6038500
2004-08-25,22.34471321105957,22.452359007470648,21.868811508210328,21.868811508210328,11953600
2004-08-26,22.35036849975586,22.463678782784505,22.15207496415225,22.276716491605153,8500300
2004-08-27,22.50333023071289,22.548653033446207,22.37868874107311,22.407015762933085,6590800
2004-08-30,22.15207290649414,22.486337021711943,22.15207290649414,22.475005778340226,5918800
2004-08-31,22.42402458190918,22.424024581909183,22.044435388981427,22.157745692596322,6606700
2004-09-01,22.24273109436035,22.463687201621376,22.089764640339588,22.3900351658677,8253400
2004-09-02,22.582660675048828,22.656312706250198,22.24839642416823,22.35037549468872,7301300
2004-09-03,22.577003479003906,22.661986793967476,22.492022325255814,22.520349376505177,6939300
2004-09-07,22.58832359313965,22.71862969360341,22.49767577711206,22.5769923459844,10487500
2004-09-08,22.305057525634766,22.599663581983467,22.29372627409652,22.446694928039992,11362200
2004-09-09,22.514680862426758,22.56000370419429,22.2937247147091,22.38437255945926,7663900
2004-09-10,22.548664093017578,22.616649411069314,22.361703928071726,22.446685035332823,6536900
2004-09-13,22.18607521057129,22.593991484740485,22.186075210571286,22.486345711715543,8320200
2004-09-14,22.37303352355957,22.47501041250447,22.259723227692408,22.265387769939405,7749300
2004-09-15,22.14076042175293,22.350383178235386,22.14076042175293,22.305058170771446,7142200
2004-09-16,22.42402458190918,22.571326463758545,22.180408185562158,22.271055996211217,10947400
2004-09-17,22.46369171142578,22.548672851696473,22.384372954805283,22.480687507236894,9749500
2004-09-20,22.310714721679688,22.46934785316452,22.265389734847265,22.46934785316452,7806700
2004-09-21,22.718631744384766,22.803615025113267,22.378702943899977,22.378702943899977,10296700
2004-09-22,22.577003479003906,22.627993035738953,22.293728644079312,22.37871195904288,12767500
2004-09-23,22.356048583984375,22.52601304608501,22.327721533836836,22.520348500541658,9352100
2004-09-24,22.520341873168945,22.62232095266161,22.33337950702748,22.361708710053584,8779600
2004-09-27,22.169076919555664,22.45235159773629,22.12941863750752,22.44668489389268,10374800
2004-09-28,22.310714721679688,22.361704251259003,22.067098320491226,22.174741922396745,8002100
2004-09-29,22.480684280395508,22.480684280395504,22.11809294703668,22.31071986303541,7725600
2004-09-30,22.50901222229004,22.543005971605993,22.333381092646654,22.463689384417016,8422700
2004-10-01,22.854610443115234,22.88860419639811,22.582666900497745,22.605329402686326,11375700
2004-10-04,22.717472076416016,23.111715332377525,22.711759385273407,23.0431521407434,12622200
2004-10-05,22.546072006225586,22.74605114938648,22.31752721636584,22.683200623809785,12012800
2004-10-06,22.563203811645508,22.586056754151105,22.374652323779575,22.460357941824892,7631200
2004-10-07,22.58606719970703,22.791759034476183,22.51750398131245,22.580354506334736,7051800
2004-10-08,22.654626846313477,22.723190047301784,22.431792628827967,22.59177633724717,6542800
2004-10-11,22.50035858154297,22.677480370232043,22.50035858154297,22.56892178427471,3363700
2004-10-12,22.57462501525879,22.64890305851259,22.288942580757702,22.31179769861795,8410800
2004-10-13,22.420366287231445,22.677478824850493,22.25466989396846,22.62605588140973,7602800
2004-10-14,22.014699935913086,22.420370874767432,21.826150557773506,22.420370874767432,11762100
2004-10-15,22.13468360900879,22.340373201853954,22.00898259706056,22.0146952887015,8057300
2004-10-18,22.283231735229492,22.346082224754635,22.014689527107226,22.026117086983085,5915300
2004-10-19,21.700458526611328,22.500370991479645,21.591899880779163,22.14041016433029,16571000
2004-10-20,21.283353805541992,21.397627282025713,20.75198399254016,20.96910337990071,23141100
2004-10-21,21.54047203063965,21.62617551703173,21.169083717517076,21.186226158463995,11568200
2004-10-22,21.409055709838867,21.643315365251457,21.36906031839662,21.59760510098297,8983300
2004-10-25,21.151935577392578,21.44333080992252,21.0833723779005,21.40905029996889,11971100
2004-10-26,21.420480728149414,21.48332906466534,21.11194301979075,21.151938406475935,10566300
2004-10-27,21.723308563232422,21.8147269223475,21.157655967742755,21.34049268597292,11518800
2004-10-28,21.986135482788086,22.02613087760273,21.523328826180062,21.62617474987073,8766200
2004-10-29,22.0546932220459,22.066120786235413,21.723302578889935,21.951847323925254,11215900
2004-11-01,21.997562408447266,22.248962337035888,21.957567014798745,22.151831289485337,10154500
2004-11-02,22.02613067626953,22.380376532640724,21.94613988737141,21.997562848746703,9869300
2004-11-03,22.197538375854492,22.528931256383906,22.071839507020393,22.48322099165486,11104200
2004-11-04,22.648916244506836,22.660343810089984,21.99756026336424,22.140401563775693,12158700
2004-11-05,22.48320770263672,22.803172827863957,22.28323086160976,22.648904044964258,13418700
2004-11-08,22.443218231201172,22.540351422066706,22.346087219920307,22.466073356061848,7547900
2004-11-09,22.34609031677246,22.563209673869213,22.317522496529858,22.47179134134189,7004600
2004-11-10,22.254667282104492,22.39179366212985,22.197529474106833,22.38608097112234,7633400
2004-11-11,22.38609504699707,22.523221513244476,22.208971000209466,22.397522615782,8004300
2004-11-12,22.380374908447266,22.44894030502874,22.226108215102382,22.243248474455065,11168600
2004-11-15,22.374656677246094,22.374656677246094,22.254670532304313,22.283238350683096,8794300
2004-11-16,21.98042106628418,22.146115326278547,21.940425674604295,21.997561325694026,14141300
2004-11-17,21.86614418029785,22.186109443508663,21.780438537420928,21.997557901013444,14438700
2004-11-18,21.609025955200195,21.906136041905697,21.59188570121603,21.826145283866655,14942800
2004-11-19,21.380474090576172,21.70043922788802,21.294770661006627,21.65473116803443,14346300
2004-11-22,21.45476531982422,21.626174463846457,21.226220520989738,21.38048722489989,13073300
2004-11-23,21.460474014282227,21.540464779823097,21.2890627400262,21.511896960642055,10883200
2004-11-24,21.54047203063965,21.59760768823437,21.45476636466194,21.5861801207983,6854700
2004-11-26,21.534744262695312,21.591882065663057,21.483321329816498,21.540459132784246,3143500
2004-11-29,21.317626953125,21.631877237997767,21.203353527830092,21.53474406364259,10747600
2004-11-30,21.511898040771484,21.540465861386934,21.174792526505133,21.243355731899218,13032200
2004-12-01,21.871845245361328,21.871845245361325,21.580450137741806,21.597590385371227,11122800
2004-12-02,21.963272094726562,22.0661179797668,21.826145701062728,21.854713518110632,8238200
2004-12-03,21.746166229248047,22.008993769849873,21.706170828703673,21.929002968761132,10918000
2004-12-06,21.780437469482422,21.9518465672467,21.580460552021584,21.683306446597136,10695800
2004-12-07,21.603321075439453,21.883288829811722,21.59760620232179,21.826153176147926,8779000
2004-12-08,21.45476531982422,21.614749076552425,21.443337752944664,21.603321509672874,11421600
2004-12-09,21.534744262695312,21.649017689046484,21.283344468390187,21.283344468390187,10360900
2004-12-10,21.500469207763672,21.63188291850741,21.42047844292704,21.517609463204415,8579000
2004-12-13,21.854721069335938,21.940426729677327,21.666169488419065,21.71187975515727,14880100
2004-12-14,22.13468360900879,22.168964118023936,21.88328158511233,21.894709147978965,12084600
2004-12-15,22.30038070678711,22.42608173499826,22.146111857505705,22.16896698619592,13420900
2004-12-16,22.24323844909668,22.283233822616676,22.07182939407035,22.16896039273766,11590300
2004-12-17,22.008987426757812,22.180396548202193,21.820435867459327,21.826150739939106,14179700
2004-12-20,22.0546932220459,22.214676941114128,22.008985144872838,22.0546932220459,8837800
2004-12-21,22.3232364654541,22.426082367877417,22.077549274063415,22.083264146189762,8686400
2004-12-22,22.30038070678711,22.41465417065315,22.16896698619592,22.254672628991713,9282700
2004-12-23,22.374656677246094,22.557493330372093,22.340373987440657,22.351801550709137,8556100
2004-12-27,22.288949966430664,22.44893366488064,22.243241895148333,22.397510722447564,5639800
2004-12-28,22.403226852416992,22.454649802742363,22.254672873468735,22.26610043793938,5420000
2004-12-29,22.374656677246094,22.374656677246094,22.24895566087766,22.288951042524918,6008200
2004-12-30,22.328954696655273,22.466081134125023,22.311812257282483,22.374662782616713,4745700
2004-12-31,22.288949966430664,22.380368288580055,22.2546694578651,22.328947525731703,5754000
2005-01-03,22.368953704833984,22.67748932880396,22.28896072719726,22.55750313172754,14957900
2005-01-04,22.138399124145508,22.513040969195668,22.086525671733636,22.46693025652743,11360900
2005-01-05,22.184507369995117,22.432344727649205,22.12686898556895,22.247906294844576,9770200
2005-01-06,22.31130599975586,22.46692632979239,22.270960232562622,22.34588902821267,9115900
2005-01-07,22.132640838623047,22.403533634687175,22.126875899039415,22.299786708984236,9971200
2005-01-10,22.057706832885742,22.19603456887283,21.930904575997815,22.057706832885742,9284500
2005-01-11,21.84444808959961,22.04617693370419,21.84444808959961,21.95972045841394,8966300
2005-01-12,21.89632225036621,21.9193754056745,21.65424543085284,21.90208498952339,9075900
2005-01-13,21.7695255279541,22.121112070135,21.73494248819397,21.902090549014417,9646600
2005-01-14,21.792579650878906,21.89056162661777,21.70036041543291,21.77528703264028,7346500
2005-01-18,22.132640838623047,22.184514301474515,21.62543389059537,21.7349435572017,9729100
2005-01-19,21.80986785888672,22.161454345460715,21.804105119178196,21.90784982469008,15845900
2005-01-20,21.469810485839844,21.804106576958887,21.389118932446955,21.786813959317602,15240300
2005-01-21,21.239261627197266,21.608140760500056,21.239261627197266,21.469810810676513,14174400
2005-01-24,21.256553649902344,21.45251979076853,21.187387577587288,21.245025971183164,12870700
2005-01-25,21.245027542114258,21.44675643791662,21.22773712209693,21.319956359989447,9986100
2005-01-26,21.22772789001465,21.325709825739917,21.187379929721715,21.210435278837934,14555600
2005-01-27,21.18161964416504,21.26807611402113,21.043289732131164,21.106690850201716,9791100
2005-01-28,21.325708389282227,21.325708389282227,21.112451921019513,21.25654454527142,15282000
2005-01-31,21.51591682434082,21.556262592829754,21.46404337932941,21.487096533694885,14111800
2005-02-01,21.6138973236084,21.694588855161175,21.498622764813284,21.6138973236084,14015400
2005-02-02,21.62542152404785,21.63694919794274,21.544730005462583,21.61389385015296,13147400
2005-02-03,21.550493240356445,21.631184760803702,21.52743789203465,21.59660393700004,10737700
2005-02-04,21.723407745361328,21.75222803513119,21.556261937564983,21.57931509122969,10662400
2005-02-07,21.884798049926758,21.94243424537275,21.671539289680766,21.729177683806675,9438000
2005-02-08,21.763757705688477,21.896324907868223,21.72341193065284,21.855976934152753,7579200
2005-02-09,21.6138973236084,21.7522272338984,21.585079233579453,21.677298440879675,7084500
2005-02-10,21.585081100463867,21.7061184082615,21.55049807023046,21.64848222321868,8872600
2005-02-11,21.60236930847168,21.660007686303363,21.406403221202563,21.498622427053956,10676700
2005-02-14,21.6138973236084,21.654243089384785,21.481332350531787,21.654243089384785,6686000
2005-02-15,21.642724990844727,21.75799960065046,21.585088785282014,21.711888877256044,8145300
2005-02-16,21.51591682434082,21.57355300827373,21.429460349761978,21.521679563262317,9579800
2005-02-17,21.198909759521484,21.538968498181774,21.198909759521484,21.48709505673599,12155800
2005-02-18,21.043289184570312,21.1873818314615,20.922251888864746,21.123982913719992,17789700
2005-02-22,20.70899200439453,21.11245178952275,20.69170159316926,21.04328574726378,14882000
2005-02-23,21.026002883911133,21.08364127315119,20.749345211598058,20.853092113550428,12550200
2005-02-24,21.141273498535156,21.262310795218383,21.008708526166004,21.04905429172708,9123400
2005-02-25,21.308422088623047,21.371823207313426,21.123983669894336,21.141274084562845,8776200
2005-02-28,21.066354751586914,21.337249762686433,21.049064329152603,21.30843165906912,11403900
2005-03-01,21.37758445739746,21.521677099413168,21.256547165787282,21.325711018324636,10170900
2005-03-02,21.31995964050293,21.567797094046398,21.25079355243087,21.325722381835398,9392100
2005-03-03,21.33147621154785,21.42946036270837,21.152802722040203,21.412169947253947,8372400
2005-03-04,21.619657516479492,21.781042759261656,21.394873362570454,21.469802146766494,12698300
2005-03-07,21.521684646606445,21.642721980661822,21.504394227078535,21.619666622171273,11265600
2005-03-08,21.291128158569336,21.487094241184398,21.273837744970116,21.458276152292616,9934400
2005-03-09,21.020233154296875,21.22196195285521,20.945304372541347,21.170088519128925,17648000
2005-03-10,20.95684242248535,21.095170181790152,20.91649664279811,21.026006302137752,11903100
2005-03-11,20.812740325927734,20.968360633884917,20.74933921542528,20.89919458678455,9297300
2005-03-14,21.008710861206055,21.031766215140422,20.668652086052635,20.812744750123077,13097500
2005-03-15,20.893436431884766,21.135511053798336,20.85885340074872,21.04329183611513,8607000
2005-03-16,20.893436431884766,20.979892910385086,20.778161860110863,20.893436431884766,13404700
2005-03-17,20.835803985595703,20.910730601821253,20.691711294681983,20.876149763157148,9034600
2005-03-18,20.755109786987305,20.893439734719095,20.645600135764585,20.841566279154666,18106400
2005-03-21,20.62830924987793,20.72052848005175,20.461161208100417,20.680182704268194,11448100
2005-03-22,20.207551956176758,20.749339473116994,20.14991358287729,20.749339473116994,14833000
2005-03-23,20.132627487182617,20.34012127819448,20.103809393693105,20.207556289199037,17485800
2005-03-24,20.132627487182617,20.259429736952,20.09804445578744,20.23060944478289,11987900
2005-03-28,20.086519241333008,20.219086445261254,20.017355368742525,20.132629955513245,8804800
2005-03-29,19.93090057373047,20.23061141360448,19.781042955113655,19.971246348278118,14720400
2005-03-30,20.144153594970703,20.161444009981473,19.867495961401286,19.896314052645707,11279800
2005-03-31,19.942419052124023,20.132622378513854,19.902073291740553,20.11533196654352,13312200
2005-04-01,19.74069595336914,20.236375094060005,19.504384060560668,20.05193665082801,20140200
2005-04-04,19.65920066833496,19.763987818818954,19.41469657696383,19.600984350996388,15639300
2005-04-05,20.130735397338867,20.235520288328047,19.775623765500416,19.793087543877842,15200900
2005-04-06,20.188953399658203,20.322847574954935,20.154023615384038,20.229703704282205,10676000
2005-04-07,20.25881004333496,20.43345451718548,20.183129957067244,20.229703001147367,8304500
2005-04-08,20.08416748046875,20.346135326532945,20.08416748046875,20.293741757320106,6360800
2005-04-11,20.154022216796875,20.264632082293446,20.124915175617474,20.183129257976272,7172800
2005-04-12,20.398529052734375,20.491672929749022,19.938630188407284,20.15402498761768,14425600
2005-04-13,20.124908447265625,20.42762645991857,20.084158159093512,20.40433994647046,11500600
2005-04-14,19.9036922454834,20.148196210405583,19.9036922454834,20.12490969551313,11012300
2005-04-15,19.752338409423828,20.200593920191956,19.729051889733984,19.938626125493084,15012100
2005-04-18,20.165660858154297,20.328662028000892,19.91533636404738,19.938622879946717,16011300
2005-04-19,20.346126556396484,20.468377424955513,20.188945916510207,20.218052948920803,10932200
2005-04-20,20.235525131225586,20.88753447587111,20.218061348668613,20.741997032629275,25470000
2005-04-21,20.398529052734375,20.4742069260602,19.979380495805867,20.386885790516896,16555800
2005-04-22,20.299560546875,20.480027763379017,20.11909555109597,20.24134646192531,13476600
2005-04-25,20.474197387695312,20.491663383247207,20.311196234038732,20.363589779246084,9174600
2005-04-26,20.42180824279785,20.625559706614634,20.398521726726106,20.480022312252817,8410100
2005-04-27,20.66632080078125,20.811858271209285,20.35778207410599,20.421818916410416,11456900
2005-04-28,20.386882781982422,20.672134891677256,20.37523952148316,20.54988398752233,12987700
2005-04-29,20.660491943359375,20.66631246270889,20.32866460159567,20.39270141806367,14205800
2005-05-02,20.707063674926758,20.724527454471318,20.445095878134545,20.712886415258122,10170400
2005-05-03,20.66632080078125,20.852608585271092,20.532426594474522,20.71289385726649,12748700
2005-05-04,21.015607833862305,21.056358144031165,20.63721177933355,20.672139347635234,12880000
2005-05-05,20.899173736572266,21.06799545065997,20.677956243394767,21.044711151950278,8286700
2005-05-06,20.730350494384766,20.986495554547265,20.66631367416294,20.95738851464411,7313800
2005-05-09,20.934101104736328,20.9573876239591,20.68959931507133,20.701242574682716,6858100
2005-05-10,20.456737518310547,20.736169072521964,20.37523692592279,20.724525813505917,13667900
2005-05-11,20.549880981445312,20.6313815722932,20.293735950105592,20.456737131801365,9091900
2005-05-12,20.27627182006836,20.60227417779714,20.159841454854718,20.57898766060951,11278100
2005-05-13,20.060869216918945,20.27626610915007,19.85711780072613,20.27626610915007,13913000
2005-05-16,20.223886489868164,20.32867141836943,20.101633335286763,20.136563125270794,10447100
2005-05-17,20.49748992919922,20.526596969379977,20.084164184747927,20.089984704494153,11668100
2005-05-18,20.986494064331055,21.01560110216737,20.643025688123405,20.724526282354944,14821100
2005-05-19,21.067996978759766,21.132033801486752,20.846781690261846,20.85842495082356,10298500
2005-05-20,20.9923152923584,21.1087434353179,20.90499196441429,21.06799314113718,7475100
2005-05-23,20.904991149902344,20.957384700482525,20.79438353011058,20.89917063127094,7940900
2005-05-24,20.893352508544922,20.957389331261982,20.759458343193288,20.939925550784558,6290700
2005-05-25,20.904991149902344,20.957384700482525,20.782740272123384,20.835133822703565,5064800
2005-05-26,20.92245864868164,21.009781988758462,20.794387229487032,20.98067494897445,5880200
2005-05-27,20.840961456298828,20.980678379119194,20.78856788783183,20.928284810652197,6003700
2005-05-31,20.81184959411621,20.957387003865275,20.747812778510678,20.858422631183736,7597500
2005-06-01,20.817676544189453,21.248468387241715,20.701248357004,20.701248357004,12206800
2005-06-02,20.80602264404297,20.829306934655303,20.381051584689644,20.520768431983385,15578700
2005-06-03,20.69542121887207,20.87006568327577,20.613920616865336,20.736171519875437,8616400
2005-06-06,20.67213249206543,20.718705528656294,20.49166752708736,20.648848194494608,5933100
2005-06-07,20.65467071533203,20.922459039506798,20.637206935280364,20.67795723588414,8578500
2005-06-08,20.765287399291992,20.846790256715497,20.654679709591637,20.695430027940493,7721800
2005-06-09,20.66632080078125,20.782751221268793,20.555713122717144,20.67796406490256,7090400
2005-06-10,20.625566482543945,20.74781740099599,20.51495882595282,20.724530877274137,6504700
2005-06-13,20.66632080078125,20.81767879290716,20.532426594474522,20.544069858595833,7127600
2005-06-14,20.72452735900879,20.80020743789455,20.60227646131046,20.637206240963447,5900100
2005-06-15,20.78856658935547,20.89917646072428,20.7303525039061,20.80603259157029,9128200
2005-06-16,20.899173736572266,20.98649485336424,20.73034980175984,20.759456840690497,9775400
2005-06-17,21.003955841064453,21.073813161972712,20.88752549240123,21.067990423141246,15436700
2005-06-20,20.986494064331055,21.067994658562593,20.84095665442484,20.89917295082211,8378700
2005-06-21,20.980688095092773,21.038902211136705,20.8991874443408,20.986508618406695,5783400
2005-06-22,21.108745574951172,21.20771217136762,20.99231742019023,21.073818016812773,9192700
2005-06-23,20.916643142700195,21.207718051760065,20.91082040091282,21.201895309972688,10695500
2005-06-24,20.707063674926758,20.974851991325572,20.608099296541234,20.899174132815972,12273900
2005-06-27,20.718704223632812,20.82349132863735,20.67795392954488,20.71288370478788,8561800
2005-06-28,20.91082191467285,20.91082191467285,20.736177400739262,20.823500768068797,5892400
2005-06-29,20.934101104736328,21.01560170129133,20.887530287015487,20.945744364347718,6204900
2005-06-30,20.561532974243164,20.957395058562945,20.561532974243164,20.78857106539485,10788500
2005-07-01,20.608552932739258,20.749625622000664,20.57916073369233,20.702602139683517,10686600
2005-07-05,20.555644989013672,20.737864020740258,20.461595805516573,20.57327851019769,7921200
2005-07-06,20.338159561157227,20.661455813153896,20.23823325949278,20.57328370037117,10760500
2005-07-07,20.2558650970459,20.33815786621969,20.16181589766017,20.33815786621969,10625900
2005-07-08,20.461589813232422,20.590906001226625,20.279368592560868,20.344027807712347,9587000
2005-07-11,20.549766540527344,20.76725710862612,20.426327402293662,20.461596688493074,8455100
2005-07-12,20.720233917236328,20.779013825751385,20.490989134793917,20.549769043308974,14462200
2005-07-13,20.86130714416504,20.90833061869952,20.673206519098322,20.720232235942397,11108900
2005-07-14,20.978866577148438,21.078795102503417,20.855427436100722,20.955355961455698,8773400
2005-07-15,21.07879638671875,21.131699199292214,20.92596504270221,20.978867855275674,7631300
2005-07-18,20.87306022644043,20.978865841430657,20.79664680407708,20.9671094128418,8386100
2005-07-19,20.69671630859375,20.99062026836012,20.632057078675665,20.87305823599172,12573900
2005-07-20,20.667327880859375,20.87305977090071,20.479229512161748,20.70259716585622,13308600
2005-07-21,20.80840301513672,20.98474495750714,20.57327893043652,20.98474495750714,9322000
2005-07-22,20.925966262817383,20.925966262817386,20.761380721796765,20.80840644340827,6976600
2005-07-25,20.831918716430664,20.92596792481349,20.714358887684636,20.896577967626982,5979400
2005-07-26,20.790767669677734,20.955355429203827,20.755500625879606,20.949476093697807,6473500
2005-07-27,20.779014587402344,20.884820220455556,20.614429043679507,20.878943126312535,8414600
2005-07-28,20.84366798400879,20.86130374610746,20.67908248648272,20.78488808983783,7518400
2005-07-29,20.65557098388672,20.837792255438625,20.637937462943086,20.837792255438625,8494900
2005-08-01,20.74962043762207,20.831913192848365,20.661450589440786,20.761376865841456,7263000
2005-08-02,20.896577835083008,20.949480654607168,20.749625807772563,20.84955435234486,6646600
2005-08-03,20.931842803955078,20.955355661620946,20.82015785119697,20.90245285302751,9788200
2005-08-04,20.84366798400879,20.8789372658969,20.779008755035196,20.82015512941671,9565300
2005-08-05,20.720233917236328,20.86718593083375,20.696721056906394,20.779013825751385,9288400
2005-08-08,20.56740379333496,20.826038517253988,20.538011598220123,20.755502182059647,5770300
2005-08-09,20.590906143188477,20.761370940252398,20.520369836313627,20.61441899291635,5923500
2005-08-10,20.455720901489258,20.7848942361913,20.355794603387327,20.72611208232849,9726700
2005-08-11,20.461589813232422,20.55563896918673,20.255855742995102,20.455710479686605,9605300
2005-08-12,20.167692184448242,20.39693693314345,20.155935756013942,20.361667647840555,8664400
2005-08-15,20.36754608154297,20.44983883463052,20.13242200788481,20.14417843579865,7604000
2005-08-16,20.32640838623047,20.56740965562041,20.29113908742573,20.37343187565981,8645900
2005-08-17,20.2558650970459,20.402817111230462,20.220598048719868,20.36755006290443,11000800
2005-08-18,20.373428344726562,20.438087593507287,20.208842796782836,20.25586627806251,6676300
2005-08-19,20.30289649963379,20.455725650538476,20.291140066131828,20.455725650538476,6186900
2005-08-22,20.285249710083008,20.443958112689778,20.226469816810514,20.33227541854836,6593100
2005-08-23,20.19120216369629,20.373423435230205,20.167691549876896,20.285251345901997,7900100
2005-08-24,19.89729881286621,20.33227769564912,19.879665291371445,20.167692182206128,13530100
2005-08-25,20.056001663208008,20.091270938711848,19.90317262064235,19.97958826307959,6982000
2005-08-26,19.77975082397461,20.09716561196127,19.767994388521654,20.067775644484275,9644200
2005-08-29,19.932579040527344,20.038384712198827,19.62104136411169,19.650431330173618,7483200
2005-08-30,19.73859977722168,19.826769658909285,19.579891299411678,19.820892563720882,8907800
2005-08-31,19.920814514160156,19.938448038172755,19.60927696428551,19.74447254710488,10076800
2005-09-01,20.0207462310791,20.150062498241468,19.820891372035312,19.838524898850608,9768700
2005-09-02,20.05014419555664,20.23236335823203,20.026631322207873,20.150070543822366,7100200
2005-09-06,20.320520401000977,20.338153921744066,20.13242203871018,20.13242203871018,7289600
2005-09-07,20.508621215820312,20.52037764515805,20.355792119048946,20.51450055164399,10212300
2005-09-08,20.36167335510254,20.53801534642579,20.285257670015437,20.53801534642579,9160300
2005-09-09,20.467477798461914,20.514503522623293,20.34403863600321,20.355795067043555,9107300
2005-09-12,20.320520401000977,20.508618763291768,20.279374024394198,20.449838865941903,9714100
2005-09-13,20.073650360107422,20.273505232156563,20.073650360107422,20.22060240595796,13029900
2005-09-14,20.126550674438477,20.27350270194886,20.09128138060439,20.220599882352722,8136800
2005-09-15,20.06189727783203,20.23823931384091,20.01487153899732,20.1912135750062,8574400
2005-09-16,20.56740379333496,20.573280886972128,20.114791344744415,20.120668438381582,19557400
2005-09-19,20.33228302001953,20.543894302608674,20.232354473325753,20.502747913473012,10208200
2005-09-20,20.297016143798828,20.543896750337748,20.249992654459696,20.2911390484978,12550200
2005-09-21,19.991352081298828,20.191206920861593,19.93844926369957,20.15593987066869,10551200
2005-09-22,20.13242530822754,20.214718074805482,19.862034148811514,19.926693391782674,8108600
2005-09-23,20.0266170501709,20.15005618381607,19.932567866111324,20.114789141237118,9615200
2005-09-26,19.93844985961914,20.13242761071732,19.920816333995656,20.13242761071732,9849000
2005-09-27,19.914936065673828,20.06776516211058,19.83264330279945,20.014862351361394,8734600
2005-09-28,19.93844985961914,20.138304705155154,19.84440065244395,19.920816333995656,8838600
2005-09-29,20.19120216369629,20.208837926947556,19.691566303661467,19.897298189014776,10701100
2005-09-30,19.94432258605957,20.16181088513517,19.856150502545805,20.120664510777875,10533700
2005-10-03,20.056001663208008,20.238222889847947,19.838513403373057,20.09714803014141,14619200
2005-10-04,19.949132919311523,20.352865570774952,19.925385671779328,20.257869786011682,14992300
2005-10-05,19.860074996948242,20.0975633186668,19.854136486600375,20.02631704863904,11652000
2005-10-06,19.984756469726562,20.174748032425292,19.842261665263475,19.895696933827374,12637200
2005-10-07,20.12726593017578,20.228198030470622,20.032270079653692,20.115391165750555,9923000
2005-10-10,19.901643753051758,20.21631698548233,19.895705240244183,20.186631216081544,6499600
2005-10-11,19.776968002319336,19.99070696404455,19.658222624774425,19.88383861562179,10166000
2005-10-12,19.753210067749023,19.901641160294588,19.598840463169548,19.6819637774932,15446600
2005-10-13,20.038198471069336,20.05600947828239,19.545406132638973,19.581030411943924,13003500
2005-10-14,20.234127044677734,20.299434821033206,20.044133167960855,20.174753250429127,11165800
2005-10-17,20.186628341674805,20.382558468603424,20.056008257055723,20.311309914331908,8469300
2005-10-18,20.050079345703125,20.275695320351737,20.032268333058077,20.174760963977544,8777600
2005-10-19,20.620046615600586,20.631921374508046,20.1331928247881,20.275687666798948,19372600
2005-10-20,20.63192367553711,20.839726317396703,20.453806801817613,20.715044732280948,18561300
2005-10-21,20.85753631591797,20.893158326142483,20.64379519505659,20.64379519505659,15313700
2005-10-24,21.23158836364746,21.249401639805857,20.928789847507044,20.93472609630694,14340400
2005-10-25,21.20783805847168,21.320644888507303,21.083154202782897,21.195963297697556,10839200
2005-10-26,21.433454513549805,21.599698921187425,21.154405526045426,21.201902310456656,16107000
2005-10-27,21.39188575744629,21.558130101200003,21.338450479968035,21.433446277165103,10161100
2005-10-28,21.635316848754883,21.659066368905524,21.374078921734533,21.50469901768416,12044700
2005-10-31,21.74219512939453,21.849065743065548,21.611577252036394,21.67094880857376,14962500
2005-11-01,21.878742218017578,21.961865532655633,21.71843863055533,21.8431202051943,19177200
2005-11-02,22.0865421295166,22.258722702286217,21.789680010208254,21.795616256048,12955100
2005-11-03,22.021238327026367,22.258728995570863,21.955928279932685,22.12217038898651,10366900
2005-11-04,22.151853561401367,22.169664564927114,22.003422492344512,22.02716974208605,11269800
2005-11-07,22.371538162231445,22.401223932691188,22.19342127459388,22.24091805435365,8644600
2005-11-08,22.169673919677734,22.312168802646166,22.116238621674487,22.22904546640164,7807400
2005-11-09,22.395288467407227,22.401224715755042,22.09248770944738,22.175608775591904,11315500
2005-11-10,22.751527786254883,22.80496309389261,22.37154438299981,22.41310492617585,16843700
2005-11-11,22.71588897705078,22.787137518291942,22.555585421453888,22.662453703559052,8195900
2005-11-14,22.638715744018555,22.692151039436347,22.54965616336249,22.54965616336249,8725900
2005-11-15,22.401220321655273,22.7099572674028,22.353723549551898,22.573400933397327,10030500
2005-11-16,22.44871711730957,22.531838158850547,22.2349760019879,22.50808864273069,10959700
2005-11-17,22.519981384277344,22.561541938236303,22.38342495485787,22.38342495485787,9583900
2005-11-18,22.579343795776367,22.638717609399087,22.335916822121728,22.561532784129252,14886200
2005-11-21,22.454647064208984,22.597141856072433,22.424961309826816,22.561517591887103,10634100
2005-11-22,22.680282592773438,22.715904623051063,22.276549640508122,22.365606981082035,11501000
2005-11-23,23.024635314941406,23.149319180868943,22.64465199848222,22.686212532164994,11983100
2005-11-25,23.07212257385254,23.14930735334756,23.006812550039676,23.14336884306745,3775300
2005-11-28,23.09587860107422,23.24430969165984,23.006819040771365,23.155250131356986,11353900
2005-11-29,23.13150405883789,23.262124162770895,23.03650823730817,23.072132519711452,14807000
2005-11-30,22.709957122802734,23.22056044271563,22.692146116487223,23.167125158890357,12823600
2005-12-01,22.899946212768555,23.024627772976082,22.799014168280124,22.870260450558927,12194100
2005-12-02,23.149307250976562,23.196804008617107,22.793071376721233,22.793071376721233,9823600
2005-12-05,23.066192626953125,23.08400589952862,22.899950515441187,23.05432013174133,6495100
2005-12-06,23.066192626953125,23.32149430670583,23.030570611559938,23.244311763434663,12369500
2005-12-07,22.840579986572266,23.089943164830935,22.75152041440617,23.066193643602773,9663000
2005-12-08,22.947446823120117,23.089939397482013,22.810888230778566,22.840576259909376,8597600
2005-12-09,23.226499557495117,23.333370138340317,22.94745060962509,22.9533868575036,8492400
2005-12-12,23.244314193725586,23.321496745066515,23.089944561285446,23.23837568061989,8013600
2005-12-13,23.398679733276367,23.505550312038288,23.155252807180652,23.167127567585194,10624800
2005-12-14,23.48179817199707,23.582732491737676,23.309617562655205,23.398677123315814,8511200
2005-12-15,23.49962043762207,23.600552531116094,23.39868607924847,23.48774567399697,8737000
2005-12-16,23.624303817749023,23.677739125601715,23.535244216367953,23.588679524220645,12066400
2005-12-19,23.511491775512695,23.695547205294908,23.44618397611849,23.576801839786366,15601200
2005-12-20,23.511491775512695,23.618362377982436,23.404621173042955,23.564927076747566,7655500
2005-12-21,23.648040771484375,23.737098060627837,23.51148218468303,23.547106459267535,11624300
2005-12-22,23.778661727905273,23.81428600720305,23.66585490744724,23.713351681632105,10147300
2005-12-23,23.867717742919922,23.998335551155467,23.754908674365605,23.820218710922628,7005900
2005-12-27,23.80834197998047,24.081456861575486,23.731159456698563,23.98646107033149,7752400
2005-12-28,23.69554328918457,23.885534936646952,23.642107996780833,23.814288635068333,9526900
2005-12-29,23.665857315063477,23.778664146997773,23.630233032141508,23.665857315063477,7390000
2005-12-30,23.56492042541504,23.624294223850452,23.440238846018914,23.576795185102124,8567500
2006-01-03,23.86178207397461,23.96271639655323,23.333367736890057,23.64804319916103,12838600
2006-01-04,23.724056243896484,24.035427279722263,23.60429780177852,23.819862540750393,13491500
2006-01-05,23.795927047729492,23.8378421851489,23.652216373574614,23.718083670720446,8109400
2006-01-06,23.963586807250977,24.095321397198934,23.68215465025438,23.90370640990936,7966900
2006-01-09,24.352792739868164,24.38273407280751,23.879750287746745,23.879750287746745,16575200
2006-01-10,24.388715744018555,24.400691817788026,23.993514446435977,24.250994321973376,16614800
2006-01-11,24.370756149291992,24.47254936412075,24.316864951970057,24.388719120331697,12332300
2006-01-12,23.921659469604492,24.20308919884994,23.89172042830635,24.101296001595774,12230000
2006-01-13,23.903690338134766,23.969557588822543,23.742019084521935,23.819860122423798,10961200
2006-01-17,23.777963638305664,23.84383094058303,23.598326994769845,23.64024213545474,9941100
2006-01-18,23.52047348022461,23.777953395924253,23.322873942712597,23.41868026360994,17813100
2006-01-19,23.38874053955078,23.634244372505954,23.23305384497269,23.556401025216907,12091800
2006-01-20,22.783966064453125,23.245034780644147,22.682172829500924,23.239047883848308,20902400
2006-01-23,22.915691375732422,23.173171233767803,22.736054849806017,22.83784804362345,13172300
2006-01-24,22.819896697998047,23.07138750553367,22.807920618943466,22.91570304623117,9781500
2006-01-25,23.041440963745117,23.16119943117741,22.789950237919815,22.849828329534567,14248700
2006-01-26,23.70610237121582,23.837836936501994,23.179166394274294,23.179166394274294,16187900
2006-01-27,23.801904678344727,23.975554342445722,23.45460535014274,23.502509650944166,12929400
2006-01-30,23.861780166625977,23.933636609987982,23.604300288418454,23.664180657886792,8701700
2006-01-31,23.801904678344727,24.065371480144222,23.795917782845944,23.969565162744153,15582100
2006-02-01,23.87975311279297,24.08334186616946,23.7540054384992,23.87975311279297,11429800
2006-02-02,23.945613861083984,24.047407067880666,23.706096939840688,23.879746593531944,10309100
2006-02-03,23.670169830322266,24.011479974424454,23.59232876882721,23.622267814340905,10440700
2006-02-06,23.616287231445312,23.712093582485924,23.53844614161478,23.59233735683785,6591800
2006-02-07,23.508493423461914,23.712082106416712,23.382748076866964,23.472567486836205,8590500
2006-02-08,23.712080001831055,23.724056074377508,23.502504442773855,23.520467409492394,10065200
2006-02-09,23.813875198364258,23.969559571246062,23.616273429958095,23.670164613686847,8496300
2006-02-10,23.903690338134766,23.939618552383205,23.52645436743541,23.72405383529668,8790500
2006-02-13,23.813875198364258,24.137222300736752,23.7180689033134,23.81387519836426,7791600
2006-02-14,24.011478424072266,24.149202136107796,23.742024747644102,23.74801164267918,12904100
2006-02-15,24.14321517944336,24.250997573617887,23.933639570883344,23.933639570883344,12685700
2006-02-16,24.442602157592773,24.442602157592773,24.09530522295279,24.221050546656816,11572000
2006-02-17,24.418655395507812,24.442607543644286,24.191116840818996,24.34680123530095,11518600
2006-02-21,24.370756149291992,24.520453665830395,24.280936725687823,24.32884102739747,7324500
2006-02-22,24.795896530151367,24.8797267738799,24.394708282535444,24.484525421871947,13151400
2006-02-23,24.61625862121582,24.89170148817725,24.55039135211576,24.706075755640963,8739500
2006-02-24,24.945592880249023,25.047388374447664,24.472548202237743,24.514463322142266,9294300
2006-02-27,24.897695541381836,25.11924725737583,24.87973028361795,24.87973028361795,8541700
2006-02-28,24.634225845336914,24.909668759864495,24.53243261856924,24.903681863550023,11716200
2006-03-01,24.92763900756836,25.11326252511785,24.62824387943971,24.646206856182292,10527700
2006-03-02,24.945592880249023,25.053375269775714,24.771943221100166,24.927629910062148,10939800
2006-03-03,24.90367889404297,25.203073926534852,24.80787257501368,24.849787696826315,12290600
2006-03-06,24.807870864868164,25.03541171345312,24.634221209784837,24.83780990921292,9777800
2006-03-07,24.837810516357422,24.94559290599535,24.562367646928358,24.562367646928358,9441300
2006-03-08,24.909664154052734,24.993496676376314,24.670149514307667,24.843799169959645,9147100
2006-03-09,24.5803279876709,24.993494531819017,24.526436798616903,24.84978393294087,9767500
2006-03-10,24.62822723388672,24.789900767909845,24.472540593330226,24.58631212701428,11175700
2006-03-13,24.58631706237793,24.837807754095845,24.538412768220724,24.81984478588813,10626100
2006-03-14,24.77794075012207,24.849794939285196,24.700097379409982,24.70608427675546,16221500
2006-03-15,24.682125091552734,24.753979253608044,24.54440366252896,24.646196868423765,14011200
2006-03-16,24.742002487182617,24.86774783831289,24.706074265058582,24.80188057318678,10045600
2006-03-17,24.78990364074707,24.84978171916052,24.700084238924614,24.75996231733807,13042300
2006-03-20,24.819833755493164,24.879711812376282,24.640197300642363,24.736003562176222,9418000
2006-03-21,24.670150756835938,24.975532680257526,24.57434443927203,24.712065878007472,13473600
2006-03-22,25.179121017456055,25.268940438179833,24.55039192499788,24.66416121160561,13516100
2006-03-23,25.17313575744629,25.26894207981457,25.04140120761382,25.17912265325554,12986800
2006-03-24,25.209060668945312,25.406662485606525,25.095291379602763,25.143195680927718,7212800
2006-03-27,25.215044021606445,25.268935206041554,25.01744225061029,25.06534654086473,7836200
2006-03-28,24.885723114013672,25.268948500867587,24.84979487741981,25.10727486250044,15562700
2006-03-29,24.957578659057617,25.197095680957116,24.736026898532927,24.987517715744154,7822900
2006-03-30,24.867748260498047,25.173132443230504,24.622244448988916,24.87373743972168,9323500
2006-03-31,24.933616638183594,25.113253191455847,24.849786398936722,25.017446877430466,10371300
2006-04-03,25.107269287109375,25.4246273118362,25.077330238697915,25.11924536331455,10872900
2006-04-04,25.517776489257812,25.632475860848082,25.052938557744834,25.11330616323939,14008500
2006-04-05,25.680776596069336,25.75321819680223,25.378933906325813,25.457411347587712,9494600
2006-04-06,25.529850006103516,25.638513536316477,25.366854710784075,25.590217610498943,6226600
2006-04-07,25.17367172241211,25.620397452795697,25.131413945291392,25.50569810102178,10753900
2006-04-10,25.282344818115234,25.511743608607723,25.16764311999198,25.31252862708772,7409300
2006-04-11,25.119346618652344,25.566072467352882,25.04086688198132,25.354783525788676,8828400
2006-04-12,25.294408798217773,25.34270241289799,25.173671307203094,25.252151021794052,5873900
2006-04-13,25.469478607177734,25.60832593145663,25.300447482468883,25.33063128289884,6554700
2006-04-17,25.35477638244629,25.58417738499754,25.252151011993103,25.52380748807558,7986200
2006-04-18,25.716997146606445,25.807550877855,25.397044621181763,25.487598352430318,11079200
2006-04-19,25.72905731201172,25.952422448355936,25.53587827178891,25.59624816115592,9448100
2006-04-20,25.716997146606445,25.928288418560726,25.58418792441949,25.656629527692104,8435900
2006-04-21,25.656614303588867,25.886015264520264,25.5962467204954,25.886015264520264,13733100
2006-04-24,25.765277862548828,25.825645445799488,25.451361363318885,25.662650207571883,9475900
2006-04-25,25.487586975097656,25.849797132651805,25.421181242208323,25.674727891921023,11649000
2006-04-26,25.753217697143555,25.801513631946435,25.45137501325632,25.590222371499216,10647800
2006-04-27,26.531965255737305,26.598370996836145,25.674731065997484,25.753210787557595,17465000
2006-04-28,27.395240783691406,27.709157430072334,26.62252199918576,26.62252199918576,28234900
2006-05-01,27.03302574157715,27.52201164090264,27.00284193855432,27.39523828648081,16235100
2006-05-02,27.467683792114258,27.473719632429113,27.111509338738802,27.165841113080038,12964500
2006-05-03,27.443532943725586,27.588418427715897,27.298649762611916,27.5220126768402,15589600
2006-05-04,27.582380294799805,27.654824188258605,27.467680917805,27.473716757488248,10550700
2006-05-05,28.161909103393555,28.252460481096534,27.582369692865992,27.715181143614608,17297800
2006-05-08,27.82989501953125,28.161923819910374,27.79367537067314,28.13173770869266,10283900
2006-05-09,27.78158950805664,27.980804400227903,27.678961840126735,27.733293593059983,7931000
2006-05-10,27.721216201782227,27.841953671534906,27.473705425083306,27.612555012168084,7213600
2006-05-11,27.256385803222656,27.745369307332737,27.14168414936879,27.721221348323912,10532900
2006-05-12,26.755332946777344,27.141691179486852,26.71911099888206,27.135655339609333,18204900
2006-05-15,26.888145446777344,27.01491881478198,26.71307614646039,26.761372078772713,11229400
2006-05-16,26.755332946777344,27.045101621309477,26.640633566090685,26.924364097868576,8263600
2006-05-17,26.109390258789062,26.592338057335823,26.012800699079712,26.441416726360163,13005200
2006-05-18,25.80150604248047,26.20597401453492,25.771319940669393,26.13353243651608,10905200
2006-05-19,25.807540893554688,25.988645983109663,25.656619601779514,25.898094589770253,13351300
2006-05-22,25.74112892150879,25.928272107014227,25.5600238758224,25.80753464226477,14742200
2006-05-23,25.457393646240234,25.892047554162644,25.427209858829038,25.801496191929054,13249400
2006-05-24,25.445344924926758,25.644559943830156,25.107280213515686,25.415158807412734,12944000
2006-05-25,25.867916107177734,25.89810221672346,25.547963611309196,25.747180880502174,9902400
2006-05-26,26.097309112548828,26.187862807428957,25.92827800517378,26.01882939717779,7918100
2006-05-30,25.620393753051758,25.952422386590573,25.62039375305176,25.898090637727478,8680900
2006-05-31,25.74112892150879,25.94034608377673,25.4573962247789,25.753202898271294,11348000
2006-06-01,26.308603286743164,26.368970888266684,25.801507604165867,25.807543443167663,9034900
2006-06-02,26.447450637817383,26.682887508011003,26.278417208212524,26.441412495933427,9637700
2006-06-05,25.940359115600586,26.51989647409315,25.90413716711602,26.356901160227725,7867200
2006-06-06,25.584178924560547,26.067126614617774,25.36081374682214,25.940353277767045,12679200
2006-06-07,25.505693435668945,25.81960993891457,25.433251874266325,25.578134997071558,9958000
2006-06-08,25.56606101989746,25.656614698808248,24.902008384137417,25.354772172939914,14402700
2006-06-09,25.415149688720703,25.71095649293266,25.36685606320491,25.56607101063205,8106100
2006-06-12,25.113306045532227,25.493628406419628,25.107270206161676,25.415148677343318,9059600
2006-06-13,24.467369079589844,25.282345769786104,24.352669680026118,24.96239093457849,16522300
2006-06-14,24.12931251525879,24.66055414877901,23.742954126197667,24.53378073415789,16879100
2006-06-15,24.50963020324707,24.642441749216303,24.147419826993136,24.207787455409655,18481200
2006-06-16,24.243995666503906,24.569986202004287,24.153441972350656,24.509616304943417,15754500
2006-06-19,24.117219924926758,24.42509830907863,23.996482445756584,24.25002907942567,9087100
2006-06-20,24.443218231201172,24.618285213867537,24.17155939206149,24.231926999480706,11176100
2006-06-21,24.877866744995117,25.028788046242905,24.207775798994728,24.225887921100345,15242300
2006-06-22,24.793354034423828,25.155564277899263,24.751096249447578,24.823537837567354,10466300
2006-06-23,24.6726131439209,24.932197960623526,24.056853971943234,24.648467486434985,9954700
2006-06-26,25.052940368652344,25.052940368652344,24.51566081113429,24.55188045589848,11183300
2006-06-27,24.65450668334961,25.095196657043626,24.563952971095038,24.563952971095038,14116000
2006-06-28,24.914100646972656,24.938248619455457,24.71488332830565,24.85373071576565,8540100
2006-06-29,25.765277862548828,25.873941354700563,25.119335049688885,25.161592818539486,17320000
2006-06-30,25.35477638244629,25.95242569615515,25.35477638244629,25.916203758001974,16247700
2006-07-03,26.091196060180664,26.091196060180664,25.561704264764025,25.592134400745106,6828300
2006-07-05,25.811235427856445,26.09119639717125,25.586049632683284,26.09119639717125,10451000
2006-07-06,25.835575103759766,25.9694681403521,25.72602477821234,25.80514497370106,10831500
2006-07-07,25.811235427856445,26.018163605539254,25.73820263622445,25.835580465623973,6736400
2006-07-10,25.914705276489258,25.981650659724547,25.823412529495045,25.890360234401335,5332100
2006-07-11,26.091196060180664,26.164231172539935,25.652996994377833,25.78080495850072,8814500
2006-07-12,25.71385383605957,26.3102932440707,25.695596221240635,26.097279998948956,7025300
2006-07-13,25.190454483032227,25.537363194787435,25.080904119144172,25.53127809531406,11099000
2006-07-14,24.88614273071289,25.263481496721283,24.71573212445176,25.105243408288857,10439300
2006-07-17,24.788774490356445,24.916582494448754,24.58793367273585,24.837464580489485,10806600
2006-07-18,24.776601791381836,25.020047596970834,24.66096631064626,24.922669739069487,10760800
2006-07-19,26.20073890686035,26.206826325316328,25.40345889269971,25.50083669296627,27046400
2006-07-20,26.15814781188965,26.395506159717115,26.01816730731629,26.20075047320889,16362600
2006-07-21,26.261619567871094,26.456375302520797,26.042518785972298,26.273789769824145,15203300
2006-07-24,26.900665283203125,26.991955739132873,26.383343412914122,26.413775886562483,12629200
2006-07-25,27.1623592376709,27.302339744980053,26.785018056224338,26.87022570219905,12536000
2006-07-26,27.17452049255371,27.29015591021585,27.00410759292476,27.0832277848357,14170000
2006-07-27,27.204959869384766,27.369285406136573,26.900653835771223,27.19278734943973,13841100
2006-07-28,27.679670333862305,27.71618788551118,27.265814035189486,27.314504104054652,14184400
2006-07-31,27.764892578125,27.819667778193477,27.411898650095022,27.44841390235955,14621600
2006-08-01,27.697938919067383,27.86835190592,27.539700775923365,27.86835190592,13402300
2006-08-02,27.685745239257812,27.941361020249943,27.50924730190464,27.935275925227412,11051900
2006-08-03,27.78922462463379,27.874429935611744,27.448401059051374,27.478833517261158,9045400
2006-08-04,27.460569381713867,28.05700878908742,26.851957457250627,27.971803491129805,14113100
2006-08-07,27.5518798828125,27.58839745765238,27.29017640063937,27.387554278540648,5925500
2006-08-08,27.381454467773438,27.82574094213484,27.351022010919106,27.67967304291373,11025900
2006-08-09,26.991947174072266,27.6188192498959,26.97977697448089,27.46057879515555,10452800
2006-08-10,26.809349060058594,26.991932133915743,26.578075928282345,26.931071883186608,10392300
2006-08-11,26.736337661743164,26.87023310635625,26.474634195456648,26.809370485317757,6868600
2006-08-14,26.711977005004883,27.083230650558427,26.602426672819565,26.96150780127805,6985600
2006-08-15,27.41188621520996,27.45448887130714,26.87022188339955,26.87022188339955,11078300
2006-08-16,27.673585891723633,27.783136227595417,27.460570317897243,27.655325954631454,8814800
2006-08-17,27.66750144958496,27.80139683487531,27.53969348453722,27.557951101923877,6163700
2006-08-18,27.819665908813477,27.819665908813477,27.551877349624053,27.801408283908057,9213600
2006-08-21,27.66750144958496,27.752706759616792,27.588383559795734,27.63707131338368,5649000
2006-08-22,27.600557327270508,27.74662525027042,27.45449172594147,27.551869567384454,6252400
2006-08-23,27.704015731811523,27.777048514397297,27.48491506238391,27.509260097135932,8730200
2006-08-24,27.801401138305664,27.977899205932385,27.77097099739404,27.8135736590045,8682800
2006-08-25,27.704015731811523,27.807478647002178,27.570120362345694,27.80139354914932,4450900
2006-08-28,28.008331298828125,28.020503820375303,27.576217231423332,27.630992417550072,7324900
2006-08-29,27.977886199951172,28.008316326716848,27.643147840519156,27.92311104310501,8050800
2006-08-30,27.83182716369629,28.03875534163595,27.813569546183274,27.929204993216686,8596400
2006-08-31,27.78922462463379,27.917032591100718,27.740536870505213,27.813569662533375,6245400
2006-09-01,27.83182716369629,27.935292413501415,27.582296330445867,27.90485995541894,6703300
2006-09-05,27.874433517456055,27.959638839382826,27.65533279154669,27.777055675015326,6134000
2006-09-06,27.92313003540039,28.026593001109404,27.679684212352285,27.783149499732733,7126400
2006-09-07,27.509275436401367,27.94138959668177,27.466672762665077,27.929217072518316,7278400
2006-09-08,27.54578399658203,27.655334365772656,27.192790168267496,27.38754586423504,7728200
2006-09-11,27.624906539916992,27.74662944052083,27.460580972352496,27.74662944052083,7173200
2006-09-12,28.002229690551758,28.008317109076845,27.56403074521205,27.624891000443426,11555700
2006-09-13,28.239599227905273,28.440439991299208,27.831827958988068,28.002238585100578,11745700
2006-09-14,28.300464630126953,28.336982194483543,28.057018844425173,28.245689444427608,7622400
2006-09-15,28.574359893798828,28.817803522558513,28.45872202259078,28.519584671035187,15421000
2006-09-18,28.34916877746582,28.574354731848718,28.282221037107387,28.422201620733095,11125300
2006-09-19,28.4830379486084,28.51346808086937,28.130044235374662,28.440435299108987,6768700
2006-09-20,28.738664627075195,28.902990175661262,28.574339078489125,28.574339078489125,9084200
2006-09-21,28.489124298095703,28.817772964509487,28.403916680626754,28.65344979213769,7782700
2006-09-22,28.49521255493164,28.568245342046314,28.30654200640909,28.422179767816967,6046700
2006-09-25,28.54999351501465,28.787351862521373,28.45261567189212,28.671716399335534,15329800
2006-09-26,28.54390525817871,28.574335395475188,28.233511821410943,28.549990356969747,12381400
2006-09-27,28.507387161254883,28.732572958994616,28.373491773677983,28.476957024533938,8884200
2006-09-28,28.696062088012695,28.799525032933825,28.543909059596235,28.604769342294432,6165100
2006-09-29,28.580425262451172,28.884731329525835,28.507392456421147,28.696063053809013,10115300
2006-10-02,28.525644302368164,28.80560759186704,28.44652641254967,28.580419476218967,7382800
2006-10-03,29.06122589111328,29.164688827004284,28.568249286268838,28.574336707009934,11801200
2006-10-04,29.11026382446289,29.140912191075063,28.77925585308225,28.840552586306597,20650500
2006-10-05,29.061237335205078,29.091885715282533,28.809916877255496,28.987680755354873,12915100
2006-10-06,28.72409439086914,28.93250660488194,28.67505512247977,28.871207519395224,10748900
2006-10-09,28.877328872680664,28.938625599204727,28.619877476975102,28.724084718050282,7252800
2006-10-10,29.134782791137695,29.21447041957086,28.865073875783192,28.987669687606374,14164900
2006-10-11,29.202205657958984,29.23898509677201,28.914105899724166,28.993793514658947,10288100
2006-10-12,29.58226203918457,29.77228570632403,29.147049032658632,29.238996496379272,14979300
2006-10-13,29.520954132080078,29.70484665170182,29.263505072273684,29.43513777881128,7298000
2006-10-16,29.257381439208984,29.484182193159825,29.116397060357333,29.410625634263496,7330200
2006-10-17,29.416759490966797,29.5516128052982,28.809911392351733,28.840559766594275,8880100
2006-10-18,28.938631057739258,29.422883238909943,28.57084595258115,29.324807054979736,21532700
2006-10-19,28.7302188873291,28.93863107056323,28.423730520121303,28.93863107056323,11986700
2006-10-20,28.883466720581055,28.889597798159496,28.5279413856234,28.736353595192014,10979200
2006-10-23,29.048967361450195,29.09800662308968,28.699570806391325,28.705701883256605,8838300
2006-10-24,28.895729064941406,28.938637258459824,28.656668461532735,28.852820871422985,13431500
2006-10-25,28.97540855407715,29.116392912846152,28.760865308569134,28.993797106601644,9021700
2006-10-26,29.281898498535156,29.392234496344553,28.999929765609213,29.02444705753969,7644300
2006-10-27,28.9876708984375,29.245120009531416,28.907983266675743,29.15930363916678,7112500
2006-10-30,29.085737228393555,29.22059047684729,28.858936563808697,29.01830943500672,10222600
2006-10-31,29.07961082458496,29.471917836549803,29.0734820870744,29.28802297474866,12564200
2006-11-01,28.76700210571289,29.31255109675511,28.632146458193787,29.269642906784668,11490200
2006-11-02,28.748611450195312,28.858947455868144,28.61988455136314,28.76700000503385,7059000
2006-11-03,28.74249267578125,28.963164781581934,28.50343200727111,28.901868013669215,7984100
2006-11-06,29.20833396911621,29.25124214117685,28.840546630756467,28.920234238149078,8633700
2006-11-07,29.11026382446289,29.422880905219838,29.098004010153925,29.116392562457133,8535500
2006-11-08,29.202205657958984,29.36158088782854,28.932496788290795,29.11026056840675,7511200
2006-11-09,28.95701789855957,29.269634960374876,28.92023845786116,29.20833823086453,6836700
2006-11-10,29.18381118774414,29.18381118774414,28.99991870762225,29.085735042457816,5849900
2006-11-13,29.2144718170166,29.355456188944896,29.03057925964582,29.05509889084745,7664600
2006-11-14,29.26963233947754,29.3064117768826,28.84667933175992,29.1102594540292,8276800
2006-11-15,29.085737228393555,29.22059047684729,28.80376858179401,29.159293758306493,11340700
2006-11-16,29.33094024658203,29.41062788884898,29.036711650120637,29.116399292387587,8192500
2006-11-17,29.2144718170166,29.41675526694898,29.17156363157411,29.41675526694898,12991600
2006-11-20,29.36159324645996,29.453538374712952,29.147049937227237,29.214477767605487,8614500
2006-11-21,29.26963233947754,29.386097050446704,29.055091467081674,29.288020889020004,7423800
2006-11-22,29.17156410217285,29.35545666251021,29.04283954376878,29.177692840911764,5916100
2006-11-24,28.97540855407715,29.13478146537065,28.920240558183146,28.94476018709615,2926400
2006-11-27,28.583101272583008,28.96927487076909,28.47276529072404,28.89571832896988,11109800
2006-11-28,28.319528579711914,28.558589157175778,28.06207710822097,28.47890151858085,13415600
2006-11-29,28.60762596130371,28.730221788229507,28.325657196199014,28.325657196199014,9414400
2006-11-30,28.368560791015625,28.65053184878028,28.22757643129356,28.638272034240902,13058500
2006-12-01,28.203060150146484,28.509548535052023,27.896571765240946,28.50341979621507,14731400
2006-12-04,28.71183204650879,28.88959587129167,28.295007655172764,28.368564212961235,13148100
2006-12-05,28.93250274658203,28.96315111607776,28.668922559941485,28.748610191286947,10747700
2006-12-06,28.705703735351562,28.963152860607398,28.662793209488072,28.852816853120366,14162400
2006-12-07,28.583101272583008,28.858941227230428,28.540193095006778,28.858941227230428,7394600
2006-12-08,28.662784576416016,28.89571633743319,28.41146426579648,28.60148785219472,9120100
2006-12-11,29.14705467224121,29.324818556058215,28.6260251792014,28.6260251792014,11221600
2006-12-12,29.196081161499023,29.40449333507177,29.024446093761103,29.153172979144685,15958400
2006-12-13,29.177688598632812,29.361583470553615,29.11639186687283,29.288024586457123,11353700
2006-12-14,29.39223861694336,29.44740662358225,28.993802753626827,29.183826407232107,10052600
2006-12-15,29.606769561767578,29.82131277656716,29.42287704788235,29.54547283657923,16172100
2006-12-18,29.563865661621094,29.79066638359923,29.441269855195973,29.606773843121807,8538200
2006-12-19,29.588394165039062,29.717118748149666,29.392241751254936,29.441278685540357,9291400
2006-12-20,29.5577392578125,29.64968436615215,29.50869999604146,29.625167073587335,6036400
2006-12-21,29.821317672729492,30.01747003152137,29.625165313937618,29.680330972672305,10782200
2006-12-22,29.355451583862305,29.913260245430223,29.189947606695508,29.81518407432994,8342000
2006-12-26,29.612905502319336,29.649682608146307,29.39223351407526,29.410622066988747,4101200
2006-12-27,30.005226135253906,30.035874519139686,29.312561435490576,29.75390564607561,7716200
2006-12-28,29.986820220947266,30.035859481269775,29.81518748645976,29.91326366878414,6525200
2006-12-29,29.606769561767578,29.980685665048977,29.588381011875107,29.88260950175551,9601100
2007-01-03,29.6746768951416,29.85987307748148,29.378362532418347,29.631464531092202,14244700
2007-01-04,29.74876594543457,29.97100238873728,29.477144934119092,29.662341185238652,9471500
2007-01-05,29.501834869384766,29.785802577486887,29.403063390266734,29.73641566047896,10760500
2007-01-08,29.600601196289062,29.66850701790652,29.211687534687446,29.36601809112806,8239200
2007-01-09,29.477127075195312,29.6993633838546,29.23637185911331,29.569726322102238,9276700
2007-01-10,29.693195343017578,29.705542068966974,29.285762806276157,29.304284072648848,15597000
2007-01-11,29.822839736938477,29.89074320858252,29.59442880131711,29.631468985311876,8049200
2007-01-12,29.625307083129883,29.7919820817233,29.569747965299282,29.69321057834649,10646700
2007-01-16,29.872228622436523,29.915440999242982,29.69320457286809,29.73024476222988,8696500
2007-01-17,29.896913528442383,30.18088116761194,29.705542803838252,30.032725162348367,16291400
2007-01-18,29.724071502685547,29.989520296292582,29.5820852927022,29.662337855975867,12654200
2007-01-19,30.10062026977539,30.14383497712142,29.717881281696137,29.816652709422932,14649200
2007-01-22,30.656221389770508,30.77968630490611,30.06359262299647,30.168536270178432,18325500
2007-01-23,30.76116371154785,30.77968262238848,30.42163464682225,30.600658634605367,12845300
2007-01-24,31.08835220336914,31.1130456611789,30.563626821951583,30.668572840194194,13857500
2007-01-25,30.99575424194336,31.28589649639388,30.822904739665358,31.01427551354304,14855900
2007-01-26,30.680910110473633,31.02043680854296,30.557445214385602,30.866106277157172,13990300
2007-01-29,30.538942337036133,30.650060566362384,30.316705878383626,30.60067364004038,12085000
2007-01-30,30.97723960876465,31.020451990309542,30.477207594590343,30.68092512607186,12325700
2007-01-31,31.440223693847656,31.582207534689253,30.773514505654823,30.90932615989357,18460500
2007-02-01,31.61308479309082,31.631606069499846,31.397022859139383,31.458754167440233,13420400
2007-02-02,31.440223693847656,31.68715354611854,31.316758767712212,31.619247718999166,15443400
2007-02-05,31.458742141723633,31.576034879515664,31.199467920094527,31.366145214669334,8079900
2007-02-06,31.483440399169922,31.68098336622386,31.33528199643051,31.39084110309555,9849200
2007-02-07,31.61308479309082,31.619259336859983,31.359982661219796,31.38467612649952,7537400
2007-02-08,31.440223693847656,31.52047624907033,31.187121654973915,31.52047624907033,10312300
2007-02-09,31.12540054321289,31.600739169486644,30.915513145664566,31.49579547071248,9489000
2007-02-12,31.137739181518555,31.267378667635693,31.020448780162784,31.230338478045375,7889000
2007-02-13,31.452571868896484,31.495784241797196,31.0698326996769,31.0821770734505,8374100
2007-02-14,31.74271011352539,31.8229626683013,31.483435889492178,31.53899498819895,10745900
2007-02-15,31.61308479309082,31.77358996251057,31.415541780649946,31.514313286870383,13339600
2007-02-16,31.637784957885742,31.699516279258614,31.48962648973229,31.582225826690568,11291900
2007-02-20,31.87236213684082,31.946440179334356,31.557526335170877,31.576047611968146,9171500
2007-02-21,31.884693145751953,32.00815570405592,31.65011004615918,31.761228232550636,9337100
2007-02-22,31.878528594970703,32.06989938814927,31.71802580593887,31.97730008550523,9111600
2007-02-23,31.501964569091797,31.946437496523938,31.310596112479427,31.822972532804087,10042600
2007-02-26,31.366140365600586,31.74270491190892,31.13155728117961,31.588374369113026,13342800
2007-02-27,30.384592056274414,31.242669329039156,29.384528639692565,31.242669329039156,21228500
2007-02-28,30.489547729492188,30.798208876549037,30.180886582435335,30.292004783767613,19180400
2007-03-01,30.37225914001465,30.520415180633023,29.816668100451224,30.23644747369963,22648000
2007-03-02,29.74876594543457,30.248797942865664,29.6993813774218,30.217932293495423,16922400
2007-03-05,29.347497940063477,29.730237044521232,29.13760829796136,29.384535764912652,20199600
2007-03-06,29.952478408813477,30.051249883047003,29.27959700469205,29.612951613316838,17751900
2007-03-07,29.85370445251465,30.16853776455294,29.791970814440226,30.057419570916483,13664500
2007-03-08,30.08829116821289,30.4648558084934,30.014210793658027,30.11915681349519,11979500
2007-03-09,30.137670516967773,30.46485053918596,29.958646508438157,30.322866711527173,9452900
2007-03-12,30.150009155273438,30.23643386588863,30.001850826435444,30.026544273724568,10445700
2007-03-13,28.828943252563477,29.940122589011303,28.742518533213765,29.909256954228834,25294400
2007-03-14,29.199344635009766,29.353675211679903,28.341267005507458,28.84129892168187,25043400
2007-03-15,29.446277618408203,29.74876426197645,29.100576242289378,29.100576242289378,15828300
2007-03-16,29.03265953063965,29.526519127237847,29.001793894576533,29.396879687937425,24746900
2007-03-19,29.3721866607666,29.5079959214941,29.1129101541106,29.1376036032963,14448200
2007-03-20,29.477127075195312,29.55737959885487,29.217852951690592,29.328968751123565,14507400
2007-03-21,30.27964210510254,30.650036699399198,29.51416418236969,29.51416418236969,20747600
2007-03-22,29.921611785888672,30.31052312833149,29.853705958031085,30.285832026754058,18906700
2007-03-23,29.952478408813477,30.180887001435185,29.896919307376013,29.995690781609536,11748200
2007-03-26,30.063589096069336,30.11297364339157,29.59442294457401,29.97098983185662,11851000
2007-03-27,29.983335494995117,30.137666026616422,29.847523873601325,29.995682220112467,11183500
2007-03-28,29.625307083129883,29.92779378195331,29.501842115184274,29.8105033575991,13176700
2007-03-29,29.94013023376465,30.02655497518159,29.643815825379015,29.77962747897569,10837100
2007-03-30,29.866039276123047,30.261124982736067,29.600590625449318,30.008023054756066,12674800
2007-04-02,29.779630661010742,29.933961245716674,29.44627603287046,29.86605541166241,13834500
2007-04-03,30.189952850341797,30.208603214982,29.897751155709333,29.997223719812066,13572200
2007-04-04,30.189952850341797,30.283207045155798,30.009658086776533,30.1899528503418,9163600
2007-04-05,30.320507049560547,30.395110872115414,30.053174116158452,30.059390113199374,7991000
2007-04-09,30.463504791259766,30.54432699863522,30.252125275394658,30.326729112872567,7509000
2007-04-10,30.61271095275879,30.674880414164893,30.451066558522225,30.46971692262147,8200100
2007-04-11,30.55674171447754,30.6748645788155,30.451050838712664,30.525654628209708,11971300
2007-04-12,30.587841033935547,30.786786148659285,30.295639359104435,30.786786148659285,9472400
2007-04-13,30.51944351196289,30.74325728783874,30.252110654290306,30.74325728783874,11266300
2007-04-16,31.066553115844727,31.240629496411117,30.662444521972393,30.755701081054568,15765000
2007-04-17,31.197113037109375,31.346320698312013,30.904911340802443,31.066555740653815,12238500
2007-04-18,32.372108459472656,32.74512969614642,31.974218507924316,32.06125663837412,39198500
2007-04-19,32.38456344604492,32.4716016319385,31.924501414248265,32.3472603499708,20708700
2007-04-20,32.66432571411133,32.77001424598174,32.3907744615294,32.732713527256806,21166800
2007-04-23,32.502681732177734,32.763798624296406,32.35969010833679,32.54620081892879,12675600
2007-04-24,32.42808532714844,32.50268915409839,32.11101728390147,32.36591586662563,10315700
2007-04-25,32.83841323852539,32.91301707298546,32.440522959254174,32.477826062290774,18088100
2007-04-26,32.91300582885742,32.9503089191501,32.67676003850741,32.807317297113315,14440500
2007-04-27,32.670536041259766,32.82596199994474,32.41563756388088,32.80731164381836,14428600
2007-04-30,32.39078140258789,32.98761911781948,32.32239594640034,32.61459524934813,29900000
2007-05-01,32.49026107788086,32.639471132281166,32.07993639279671,32.57730165972216,13859000
2007-05-02,32.670536041259766,32.80731164381836,32.3285994064752,32.3285994064752,12968600
2007-05-03,32.76380157470703,32.90057484326446,32.55863811445203,32.844623759499534,9700300
2007-05-04,32.720279693603516,32.98139421535521,32.695410966309346,32.82596822718519,11974600
2007-05-07,32.7824592590332,32.919234929756676,32.67055232328001,32.83219672897378,7375400
2007-05-08,32.608375549316406,32.732716824687515,32.47159990924693,32.62702591055767,9028200
2007-05-09,33.074676513671875,33.10576126119052,32.59596381271917,32.67056768108677,12561700
2007-05-10,32.328617095947266,32.96897163720076,32.29753236152381,32.81976396332286,13478400
2007-05-11,32.421871185302734,32.564862849979185,32.15453822085149,32.40321844878804,12419400
2007-05-14,32.22291564941406,32.428076711924156,32.04883693729478,32.32860417854696,9328300
2007-05-15,32.34727478027344,32.77003390459122,32.32862440972269,32.38457789298869,11105000
2007-05-16,32.93787384033203,32.99382728874962,32.45294553512108,32.55863406456971,12924700
2007-05-17,32.676780700683594,32.950329754296774,32.63947758680341,32.81355404168327,9049900
2007-05-18,32.66432571411133,32.906789872272704,32.6083722644116,32.71406079628201,11115100
2007-05-21,32.676780700683594,32.83220678443028,32.52135461693691,32.56487373065687,10408300
2007-05-22,32.50890350341797,32.75136768973448,32.38456222613415,32.67676387200923,9665800
2007-05-23,32.322391510009766,32.72649768087233,32.28508841679879,32.533770961646916,11246900
2007-05-24,32.073707580566406,32.477816105596446,31.986669405110682,32.32860611080634,13105800
2007-05-25,32.104801177978516,32.23535847724726,31.868552942435265,32.03641334361497,10761300
2007-05-29,32.21669387817383,32.27886331561143,31.98666411372029,32.11100536020751,9552300
2007-05-30,32.36589813232422,32.36589813232422,31.924486666669164,31.97422410512501,10243400
2007-05-31,32.22291564941406,32.52133324954564,32.123440744424606,32.48403016017459,10976300
2007-06-01,32.26642608642578,32.37833295293314,32.11721614054542,32.27885807460515,12104800
2007-06-04,32.06128692626953,32.204278614463966,32.04263655830043,32.05507092748431,11095500
2007-06-05,31.843687057495117,32.01154746119482,31.82503432045308,31.85612142498544,13615700
2007-06-06,31.433364868164062,31.849905539315728,31.246851712876698,31.849905539315728,13877400
2007-06-07,30.97329330444336,31.489308766385495,30.923558217337977,31.271710941913334,17409400
2007-06-08,31.34010887145996,31.38362797607017,30.799226877295027,30.97952166588778,13508100
2007-06-11,31.3525447845459,31.607443426224584,31.103862141712007,31.340110415242858,11252000
2007-06-12,30.681093215942383,31.333884350776945,30.674877219094398,31.221977434611745,15388300
2007-06-13,31.265504837036133,31.32767430848993,30.786792317679286,30.85518015924645,14507600
2007-06-14,31.284143447875977,31.60121379933304,31.04167928006318,31.04167928006318,12440700
2007-06-15,31.433364868164062,31.70069786102178,31.34632428894376,31.48309997039095,18351900
2007-06-18,31.3525447845459,31.613659425069383,31.290375309644148,31.60122742737979,9290300
2007-06-19,31.613670349121094,31.6323230953278,31.265517374786093,31.358771619362567,12251900
2007-06-20,30.749483108520508,31.700691959933227,30.724614376229738,31.650954495351687,14920700
2007-06-21,30.98573875427246,31.010607492528223,30.264561946149172,30.89248217162005,19429500
2007-06-22,30.28942108154297,30.929775473125805,30.202382896855514,30.811652561280354,25110400
2007-06-25,30.065616607666016,30.594064248639697,29.87910581506433,30.2894305074334,17240200
2007-06-26,30.214801788330078,30.494568954661432,30.028291134646388,30.12154764729405,18963800
2007-06-27,30.61271095275879,30.650011680957277,29.891534291028485,30.003438847236886,16354200
2007-06-28,30.438636779785156,30.76192324537274,30.189956525065448,30.618931565295917,14430900
2007-06-29,30.12156867980957,30.650016296172797,29.903970788896903,30.606497192312922,21764700
2007-07-02,30.55674171447754,30.61891114378979,30.196152383953706,30.401315769585207,15717900
2007-07-03,30.91387939453125,31.064251970933004,30.725915466597318,30.819896235518776,7444000
2007-07-05,30.569286346435547,30.920151798387387,30.481569983447585,30.76351475302556,11613000
2007-07-06,30.68205451965332,30.801097772216682,30.356249292011125,30.462761298500848,10792400
2007-07-09,30.569286346435547,30.876293616893406,30.406382480807935,30.832435435399425,10577700
2007-07-10,29.767309188842773,30.43145125859845,29.73598225132712,30.262282927903357,21881800
2007-07-11,30.1557674407959,30.349995865410676,29.52295238035639,29.773572632229993,27232500
2007-07-12,31.032934188842773,31.09559044816275,30.15576806919024,30.506633561014493,19172800
2007-07-13,31.358741760253906,31.46525621350151,30.87003485383757,31.126919559786167,16393800
2007-07-16,31.22089958190918,31.61562324763425,31.158243324585637,31.27102219767618,12263900
2007-07-17,31.277271270751953,31.628138969206976,31.22088425198539,31.2960693337648,18302200
2007-07-18,30.62567901611328,30.882563702060832,29.967803834061446,30.581820829982618,35535600
2007-07-19,30.462778091430664,31.133184590348804,29.9740711756079,31.014141272161552,26199400
2007-07-20,29.79864501953125,30.581830578801064,29.685866107788986,30.581830578801064,30677800
2007-07-23,29.541751861572266,29.99286499032851,29.48536242171624,29.917679867217796,20520200
2007-07-24,28.40770149230957,29.416444690090373,28.269860094324457,29.21594941488959,35706200
2007-07-25,28.36383056640625,28.952784874138217,27.74981376300284,28.614448352847216,40175100
2007-07-26,27.618249893188477,27.912725965534626,27.25485073612923,27.756088892338482,51202000
2007-07-27,27.712234497070312,28.34504969787159,27.38016462126101,27.62451810648615,40020600
2007-07-30,28.03803253173828,28.2823859523935,27.323767951333263,28.038032531738285,32316300
2007-07-31,27.574382781982422,28.802418961412656,27.530524603084,28.238524675445124,34080900
2007-08-01,27.80620574951172,27.843797106397126,27.066878789608207,27.380152844140497,44504500
2007-08-02,27.937774658203125,28.044286668071905,27.56811125262116,27.824995830053314,28297400
2007-08-03,27.348831176757812,28.163343397180167,27.18592729861825,27.944050082775654,36628500
2007-08-06,28.263601303100586,28.263601303100586,27.117016478515044,27.417759451334362,34200000
2007-08-07,28.40770149230957,28.85255023478054,27.66210983703743,28.188410531962536,30556500
2007-08-08,29.140762329101562,29.591877900083183,28.363843723624598,28.66458664091493,27447200
2007-08-09,27.67462730407715,28.78361768277938,27.67462730407715,28.21972584977075,39278200
2007-08-10,27.724761962890625,28.069363045992887,26.634566881522893,27.167134364582807,32549000
2007-08-13,27.46160888671875,28.464085055554516,27.367625700225272,28.338774936927116,21357600
2007-08-14,27.129531860351562,27.58064725066868,27.02301983213296,27.530522256148426,25217200
2007-08-15,26.94157600402832,27.831273413196257,26.82253269142039,27.023027949545334,27726700
2007-08-16,28.489147186279297,28.758563101287457,26.41527180077483,26.784935331361023,51414800
2007-08-17,29.454015731811523,30.25599866919431,28.91518654540616,30.124424183796158,57869900
2007-08-20,29.128231048583984,29.767308200989845,28.23853123409362,29.554281686823874,32691300
2007-08-21,28.946533203125,29.497896400448084,28.664585977784096,28.89640818969009,23582300
2007-08-22,28.821218490600586,29.341254667131576,28.213465944556365,29.24100465615439,30844900
2007-08-23,28.614450454711914,29.184611517707996,28.288647547416026,29.10315959583837,21476600
2007-08-24,28.78988265991211,28.821209583615214,28.213457225392446,28.507935566402004,13248000
2007-08-27,28.138277053833008,28.758560768086095,28.125745804140962,28.664577590441496,13527200
2007-08-28,27.317493438720703,27.868856380133966,27.229777096014498,27.868856380133966,23516300
2007-08-29,27.64957618713379,27.712230058919122,27.035559161287907,27.49293911757845,21605200
2007-08-30,27.549312591552734,27.793665896025257,27.15458673581756,27.342550632327914,15581500
2007-08-31,27.893922805786133,28.276117544368212,27.737285774569965,28.194665618910207,16937800
2007-09-04,28.382633209228516,28.583128443626453,27.731022502389354,27.818741258768714,15416800
2007-09-05,27.67462730407715,28.17586767576201,27.611973452662156,28.088151327744526,15556800
2007-09-06,27.699705123901367,27.912731682684395,27.46161844474405,27.71850320179777,18994400
2007-09-07,27.267379760742188,27.561858199118173,27.066884514641217,27.110742700345064,21526200
2007-09-10,27.524255752563477,27.85006102211753,27.16085673995242,27.41147691348357,17181500
2007-09-11,27.906463623046875,28.09442764693295,27.36136484665735,27.54306443878719,15148000
2007-09-12,27.862607955932617,28.03177630979111,27.662112660269024,27.88140364299719,13896800
2007-09-13,28.570587158203125,28.683365986703446,27.80620024181203,27.831260344741413,20262100
2007-09-14,28.533004760742188,28.59565862285907,28.20093259926614,28.33877396403324,12482300
2007-09-17,28.37636375427246,28.58939020186157,28.125743560605997,28.43901760764343,17958300
2007-09-18,29.961536407470703,29.986598910493562,28.269855694897114,28.620723566941628,27267800
2007-09-19,29.80489158630371,30.11190119314629,29.55427140153053,30.055511771076887,31807800
2007-09-20,29.422706604003906,29.917680317965093,29.278600786665585,29.836228372481,19553500
2007-09-21,29.529212951660156,29.78609757992237,29.215938898165202,29.761035082020847,20535000
2007-09-24,29.03424644470215,29.57307833035865,28.92773199772515,29.57307833035865,17346800
2007-09-25,28.88387680053711,28.97786000523962,28.601931966613925,28.97786000523962,16405200
2007-09-26,28.902664184570312,29.25352958681288,28.65831081083958,28.984113715753022,17485400
2007-09-27,28.952787399291992,28.996645575496583,28.620717668002538,28.94652296987334,12840300
2007-09-28,28.70842933654785,28.952782675561156,28.5580591541201,28.852535090579007,15587900
2007-10-01,29.3287296295166,29.472835465689695,28.457825400326,28.489154730439893,17276200
2007-10-02,29.548025131225586,29.667068477600903,29.33499856028002,29.441513040799148,16003200
2007-10-03,29.68697166442871,29.97752442584154,29.4658994349856,29.503796154600657,12675700
2007-10-04,29.844877243041992,29.958572206252178,29.674334798226713,29.81329584426278,11132400
2007-10-05,30.053329467773438,30.24282033714067,29.863836188899064,29.97121587422835,13435600
2007-10-08,29.964885711669922,30.053316996217315,29.718547442767505,29.882774561706537,8305500
2007-10-09,30.047006607055664,30.129120186573044,29.680657976797697,30.059639650789624,12967500
2007-10-10,29.63011360168457,29.983831452072234,29.402723727114342,29.983831452072234,18858500
2007-10-11,29.472213745117188,30.07858533331307,29.390100172911545,29.693285967009487,27920400
2007-10-12,29.573284149169922,29.750141977353174,29.396426320986667,29.478537507210497,12507000
2007-10-15,29.225872039794922,29.573272237877678,28.92268628094963,29.541690839780376,16575300
2007-10-16,28.49318504333496,29.307998483700057,28.171048376443046,29.055342368863545,22510200
2007-10-17,29.289039611816406,29.762767889040017,28.89742491064008,29.712238125746275,34659600
2007-10-18,28.992177963256836,29.137454378034814,28.707940451948996,29.11850360427619,19397900
2007-10-19,28.43633460998535,29.4343211008652,28.39843547381003,28.92269601478702,29500400
2007-10-22,28.657390594482422,29.01110843591197,28.20892858071855,28.360522629761405,18094100
2007-10-23,29.01743507385254,29.04901888646139,28.505810078879026,29.00480203071032,13519100
2007-10-24,29.225872039794922,29.333249275226986,28.259467282881413,28.884787157529132,27352800
2007-10-25,29.086912155151367,29.40273096771437,28.518439738241753,29.118493554506404,20076400
2007-10-26,29.88909339904785,29.971206968192636,29.011117451250755,29.66170345957393,18851700
2007-10-29,29.478517532348633,30.002777752802373,29.377455640508888,29.933297250380257,18861900
2007-10-30,29.409061431884766,29.61750068551895,29.086924754212795,29.307999464469656,13131400
2007-10-31,29.68697166442871,30.03437191477071,29.080600055521963,29.65539026158064,23899100
2007-11-01,27.994171142578125,29.25744602233167,27.918375324454484,28.83425009417693,31730100
2007-11-02,27.255163192749023,28.095239941300555,26.56667811770014,28.076291584489276,39570300
2007-11-05,27.015148162841797,27.2867526012346,26.320345158543514,26.964615983835266,28852800
2007-11-06,27.861534118652344,28.006810473325256,26.964607499555285,26.964607499555285,28756400
2007-11-07,26.680376052856445,27.67204699500354,26.623528566577022,27.116205174661026,28980700
2007-11-08,26.914085388183594,27.10989155205616,25.695024316400783,26.850920166364347,37342800
2007-11-09,26.724586486816406,27.34359101703295,26.004517632150357,26.149796393793466,43587300
2007-11-12,26.775115966796875,27.589929003075273,26.44034882873931,26.598258219823986,27691800
2007-11-13,28.455284118652344,28.676358807646164,26.926721707328085,27.349917902204638,35927500
2007-11-14,28.51844596862793,29.06797014787959,28.0699813255882,28.99217429096722,25367400
2007-11-15,27.495174407958984,28.543692363431308,27.210939514277964,28.171026212476995,23434200
2007-11-16,27.21727180480957,27.861542624064064,26.83197237676951,27.627837322116136,29021800
2007-11-19,26.13084602355957,27.059354037685544,26.017151066339814,26.970925161960434,29656500
2007-11-20,26.295080184936523,26.74985772608751,25.442367777453182,26.130853020751527,33277800
2007-11-21,25.695018768310547,26.528780240243407,25.360251598225688,25.777132334192117,26759300
2007-11-23,26.497203826904297,26.655113262810154,25.871881400534118,26.2129663603724,10808400
2007-11-26,25.556055068969727,26.838280952711166,25.473943921111612,26.44666393113185,27132300
2007-11-27,26.749847412109375,26.83196096254123,25.62553342260526,25.846605585876564,28501100
2007-11-28,27.76677894592285,27.87415855462351,26.882488050090938,26.98986524928618,32246500
2007-11-29,27.570987701416016,27.848907433410552,27.16673753282391,27.400445226269355,23553600
2007-11-30,28.815317153930664,29.112187705320125,28.430017691788716,28.663725423928422,40113500
2007-12-03,28.55634307861328,29.00480531821253,28.392118318163867,28.99217468314532,21417200
2007-12-04,27.886808395385742,28.480547029337856,27.79206176647003,27.994185659283808,19315200
2007-12-05,28.36053466796875,28.54370777603561,27.747845306881153,28.133144702636997,20627900
2007-12-06,29.18797492980957,29.213241013832796,28.126823495897945,28.347898116841595,19130200
2007-12-07,29.105865478515625,29.566960696211325,28.960586691612352,29.18797664214865,15286600
2007-12-10,29.952255249023438,30.23649266433917,29.40273118575058,29.56064059320306,23388400
2007-12-11,29.01743507385254,30.331242646563986,28.73951535324355,29.75645243587938,38455700
2007-12-12,29.150083541870117,30.18596908111675,28.537394144593364,29.705923034949343,44364000
2007-12-13,28.903728485107422,29.219547208285853,28.253142686401663,28.947945323097592,41261000
2007-12-14,28.55002784729004,28.92269423007694,28.22157591589253,28.575293936514516,27651800
2007-12-17,28.12683868408203,28.7395283002058,28.01946138326034,28.310014277903647,19965700
2007-12-18,27.728891372680664,28.392110365251455,27.242530135593768,28.27841540543861,25224900
2007-12-19,27.779417037963867,28.486850365265784,27.57729323016332,27.728887290766654,21293700
2007-12-20,27.36885643005371,28.13313729375065,27.19199627609046,28.000493985407754,27147500
2007-12-21,27.861534118652344,27.905748556617745,27.36885757589149,27.74152143602669,26363000
2007-12-24,28.31632423400879,28.493182050110967,27.88049260217552,27.88049260217552,7679700
2007-12-26,28.38579559326172,28.41737940388945,27.94365115855093,28.246836946426807,14578700
2007-12-27,27.56467056274414,28.234207433951198,27.482556981957718,28.1710422143052,16530000
2007-12-28,27.32465171813965,27.962607281659338,27.046731937793787,27.912075098228932,16852200
2007-12-31,27.570987701416016,27.880488837806592,27.027778871579994,27.204636663803182,16361200
2008-01-02,26.870065689086914,27.90230619435723,26.761745504953048,27.74938086483604,22122300
2008-01-03,26.6852970123291,27.17592954315529,26.60883309510932,26.978401403004437,17150700
2008-01-04,26.079980850219727,26.6343310899972,25.888825846572434,26.385829342188945,25873800
2008-01-07,26.341215133666992,26.49414052848074,25.589337006388316,26.18828973885324,25644100
2008-01-08,25.29623031616211,26.494138102049835,25.117816966774704,26.417674196312458,33646000
2008-01-09,25.653066635131836,25.704042601066757,24.557110104877268,25.22615385843215,33546300
2008-01-10,26.334842681884766,26.850960691399326,25.041356192937045,25.340833755461865,41863600
2008-01-11,26.03537368774414,26.825481550519484,25.735896026659578,26.04811767658469,37520500
2008-01-14,26.353960037231445,26.60246168562763,25.869698295672972,26.296613316011804,22817000
2008-01-15,24.958520889282227,25.95252979106107,24.75462200132756,25.95252979106107,45240000
2008-01-16,26.398571014404297,27.17593738237818,25.621204646430414,25.78050087392227,63183100
2008-01-17,25.51287269592285,26.557855080857465,25.359947318062616,26.48776438394929,39647200
2008-01-18,25.22614860534668,25.914306987491347,24.54436100228331,25.640319734983606,51919100
2008-01-22,26.03537368774414,26.761764036984076,23.996381655935696,23.996381655935696,57178600
2008-01-23,29.132095336914062,29.406085047124535,25.487396814611056,25.742271755024195,77137000
2008-01-24,28.64781951904297,29.31686287426919,28.20178980533669,29.202171880534927,52062600
2008-01-25,27.806747436523438,29.20855464162911,27.53275774699821,29.100231949397852,38410900
2008-01-28,29.036500930786133,29.061988897183333,27.65381156773263,27.90231316343967,29739100
2008-01-29,30.234418869018555,30.45743257397005,28.514019444343727,29.2722684718459,56112700
2008-01-30,30.17070770263672,31.406848114215816,29.514407953836876,30.011411458313045,68343800
2008-01-31,30.20256233215332,30.705936507510973,29.214923887454447,29.571748272231716,55500600
2008-02-01,30.74417495727539,31.030908681352447,29.883976215711996,30.113360764305867,48834500
2008-02-04,29.450681686401367,30.674075312941426,29.32961502102473,30.47654958423987,28310200
2008-02-05,27.966041564941406,28.979165533360135,27.940553588595314,28.705175864307652,39045100
2008-02-06,27.857717514038086,28.507646238264982,27.57098389589874,28.20816863368979,27274800
2008-02-07,28.743412017822266,29.042889706865996,27.558247682345236,27.647453181889947,36818000
2008-02-08,27.92144012451172,28.64783046959902,27.564615731018254,28.64783046959902,26058300
2008-02-11,27.621963500976562,28.036134644122615,27.284256293304114,27.96604391860552,25874000
2008-02-12,27.596466064453125,28.322856123847846,27.23964181130029,27.819479703507163,27193400
2008-02-13,28.099849700927734,28.14445244405086,27.4053181471527,27.749398534674395,26533400
2008-02-14,27.15044593811035,28.09984997164014,27.061240451004704,28.067991216340584,31180000
2008-02-15,27.558256149291992,27.558256149291992,26.768145539332686,27.02302055691138,29031400
2008-02-19,27.29061508178711,28.06797856963884,26.870070950917217,27.74301552293571,25811900
2008-02-20,27.49452018737793,27.6155844027405,26.666178150616435,26.997514479187696,30149700
2008-02-21,27.44354820251465,27.838602084410354,26.901942113313552,27.488150942535114,32878200
2008-02-22,27.99152374267578,28.048870462241172,26.704410371837817,27.437173740654824,30452700
2008-02-25,28.05524253845215,28.329232163430007,27.2460176496416,27.67293267742886,27917200
2008-02-26,27.857717514038086,28.3802088045734,27.660189370282787,27.86408829192257,24989300
2008-02-27,28.297374725341797,28.348350672197153,27.15681343645601,27.44354706085005,38566000
2008-02-28,27.0421199798584,28.048873053994633,27.010261228415324,28.036129067284016,36606500
2008-02-29,25.90156364440918,26.74264740388515,25.729523453061756,26.68530067343601,36856600
2008-03-03,25.372690200805664,25.888810594182047,25.124188599402103,25.837834660219105,31481900
2008-03-04,24.97127342224121,25.219777555758316,24.35320576995686,25.08596688981301,56449300
2008-03-05,24.684539794921875,25.2197751148992,24.283112697272113,25.079593683508186,36325600
2008-03-06,23.811588287353516,24.359567442982872,23.671409325463642,24.327708698492735,44356900
2008-03-07,23.932655334472656,24.9011762539039,23.32732945599482,23.50574037276732,43258700
2008-03-10,23.244491577148438,24.37867927319807,23.136171372768914,24.0409722469959,41281300
2008-03-11,24.748258590698242,25.01587504929359,23.67778789498245,24.51887166580669,58401200
2008-03-12,24.60169792175293,25.63393629848857,24.46788973842294,24.754620865368246,44572400
2008-03-13,24.283113479614258,24.818348816835545,23.340080253208587,24.111073289364505,45537900
2008-03-14,23.282730102539062,24.722766490991614,22.945020550255844,24.722766490991614,77776000
2008-03-17,25.68492317199707,26.181926596406928,23.575840361880473,23.575840361880473,125296300
2008-03-18,27.214160919189453,27.322483593940166,26.283871739175094,26.882824547403448,76994300
2008-03-19,27.061237335205078,28.603223276299587,27.0421201396927,27.564611444581494,70593300
2008-03-20,29.2913875579834,29.597235986218088,27.30336912845704,27.34160109348659,72777200
2008-03-24,29.660961151123047,30.686829386130512,28.686068882642402,28.940941423272886,66011200
2008-03-25,29.34873390197754,29.72467304579331,28.615970381274316,29.32324592562832,54485500
2008-03-26,28.106216430664062,28.909068052456487,28.01701096498342,28.84535055716078,41122700
2008-03-27,27.30973243713379,28.348344019227845,27.309732437133793,28.176303884966888,32154500
2008-03-28,27.214160919189453,27.93418038923725,27.17593138865026,27.52638252570586,29011900
2008-03-31,27.367084503173828,28.19542416191014,27.150441598827395,27.214159099242945,28920400
2008-04-01,29.94768524169922,29.94768524169922,28.45667273031134,28.7561503605418,54562600
2008-04-02,29.70359230041504,30.55153199220769,29.510876729160113,30.243190508872207,36597900
2008-04-03,29.729272842407227,30.21105666306238,29.112590140083647,29.144708571364813,30314400
2008-04-04,29.273181915283203,29.832050407047916,28.984111160756974,29.453047073442193,29875900
2008-04-07,29.253910064697266,30.02476455944607,29.208943777130816,29.825626392738304,24069200
2008-04-08,28.81709098815918,29.298874714130246,28.540868122564138,29.061195428785236,29187700
2008-04-09,28.457374572753906,29.022668488127806,28.316052931770546,29.022668488127806,28476400
2008-04-10,28.174726486206055,28.784986661423407,27.99486125790282,28.39313531363711,30230100
2008-04-11,27.320363998413086,28.200424538966566,27.256127111728667,27.82784373485251,41959900
2008-04-14,26.658710479736328,27.49380212515019,26.446724376799708,27.23685216912733,33774900
2008-04-15,27.056982040405273,27.429562750856554,26.517383996272766,27.09552563301457,37271800
2008-04-16,28.881332397460938,28.881332397460938,27.686508176354668,27.962731085555756,52568400
2008-04-17,28.984119415283203,29.112595615048548,28.373859304257596,28.48306493172603,30302500
2008-04-18,29.39522933959961,30.101846925699576,29.176820623965614,29.761387217688434,31398100
2008-04-21,29.05478858947754,29.215383266039197,28.650089318407677,29.09333219402524,23513400
2008-04-22,29.324573516845703,29.420928801881367,28.746432004715682,28.881330874053017,23703800
2008-04-23,29.00339126586914,29.57510775871495,28.707895283207606,29.170408603478187,23260300
2008-04-24,30.172510147094727,30.410189436781152,29.125432810724455,29.14470337596209,37769300
2008-04-25,30.699264526367188,30.750653524456602,29.896291521077057,30.378075324251135,24266600
2008-04-28,30.410205841064453,30.891989835726132,30.06974593565717,30.622189524465934,27175000
2008-04-29,30.243173599243164,30.667143208088678,29.94767769876139,30.410190890403374,20738700
2008-04-30,30.609329223632812,31.245282415079345,30.018339869972106,30.352376904566604,36280800
2008-05-01,31.637155532836914,31.784902361064567,30.62862102457985,30.62862102457985,31723700
2008-05-02,31.258129119873047,32.08679774520706,30.853430089980815,32.054679319131544,27942900
2008-05-05,30.83416748046875,31.24528932146495,30.737809726900498,31.039728400966847,19276100
2008-05-06,30.96263885498047,31.283828049636945,30.35237889503734,30.41019304809467,25441400
2008-05-07,29.91556167602539,31.11038588347758,29.79993336882169,30.975487008566297,27636400
2008-05-08,29.58152961730957,30.191789686168452,29.10617089664694,30.17894182203169,26106000
2008-05-09,29.91556167602539,30.146818290432797,29.241064850989865,29.388811587865906,21730400
2008-05-12,30.345958709716797,30.378077141754197,29.877020290149396,30.076158489548163,20295600
2008-05-13,29.215360641479492,30.345947661208804,29.048343385405914,30.217471529356146,27485300
2008-05-14,29.491601943969727,29.787095517024547,29.09975059903706,29.549416117000444,24138200
2008-05-15,30.204639434814453,30.217487299752815,29.279615213569656,29.581531462942237,27289500
2008-05-16,29.889881134033203,30.397360912248804,29.581539641700783,30.397360912248804,20871400
2008-05-19,29.542978286743164,30.333103280063305,29.46589112850802,29.902708556592458,19402200
2008-05-20,28.071950912475586,29.331012631634067,27.94347467673933,29.331012631634067,48996100
2008-05-21,27.24968910217285,28.296766524605804,27.19187740170821,28.136171933148926,40611900
2008-05-22,27.654399871826172,28.091217541641743,27.044139675717947,27.23685522747425,28883300
2008-05-23,27.18545913696289,27.558039859817416,27.05698294113445,27.44241152861978,21440900
2008-05-27,27.628700256347656,27.879229948335293,27.172612075629097,27.23685140068222,28457800
2008-05-28,27.53234100341797,27.898496527129144,26.91565827406013,27.872800800786067,31688700
2008-05-29,27.988441467285156,28.303208127663826,27.16619746536925,27.42314749072776,22789000
2008-05-30,27.622278213500977,28.258234069185693,27.53876831416304,28.238961045966324,21391600
2008-06-02,27.076257705688477,27.47453173295409,26.76149112817742,27.384599125230867,30620500
2008-06-03,26.90923500061035,27.423137311043206,26.459569560051786,27.320356848956635,28503100
2008-06-04,26.742216110229492,27.20472693742619,26.44029744835991,26.812878133261044,30800100
2008-06-05,27.044130325317383,27.18545436094844,26.59446739463526,26.91565660253917,27755300
2008-06-06,25.75295639038086,26.84500042492716,25.663023784679346,26.84500042492716,39887900
2008-06-09,24.095605850219727,25.907114677258477,23.39541349541603,25.900689522818222,74856700
2008-06-10,24.59667205810547,25.200506934141067,23.870783705189076,23.91575000178325,54412400
2008-06-11,23.85151481628418,24.892167318699403,23.812971223424526,24.731572690836828,50965800
2008-06-12,24.41680908203125,24.892170315953493,24.172706982633194,24.224095995487577,53247700
2008-06-13,25.425338745117188,25.43176145103189,24.281903504445236,24.660906865871258,40465600
2008-06-16,25.656599044799805,26.112689689040998,25.117000951321003,25.36110549254421,34860200
2008-06-17,25.078453063964844,26.176919528454963,25.020638910545408,25.926392347130452,32510200
2008-06-18,24.885744094848633,25.213356050671862,24.365416629209918,24.750842747881894,35513700
2008-06-19,24.827932357788086,25.07203444657298,23.652378415167096,24.91786496423302,59944400
2008-06-20,24.320451736450195,25.17481391407655,23.735887367396483,24.21124611120914,55374100
2008-06-23,23.68448829650879,24.40395378910309,23.453231706066255,24.40395378910309,37741100
2008-06-24,24.230514526367188,24.577397007078183,23.28621747495366,23.645950268463377,43526200
2008-06-25,24.352571487426758,25.258325172986538,24.089196371781142,24.371842060370653,42317900
2008-06-26,23.33118438720703,24.14058258147125,23.254099661722567,23.870782366556764,45708400
2008-06-27,22.515371322631836,23.697348143487535,21.969350447165706,23.414702418025556,69316700
2008-06-30,22.040006637573242,22.804436150297956,21.815172698198133,22.393314313186195,50792600
2008-07-01,22.098464965820312,22.30632804489127,21.0006879246066,21.884104771696492,74620100
2008-07-02,22.475221633911133,23.222231469555958,22.234880351681298,22.31932552357113,51750200
2008-07-03,22.936424255371094,23.443090418634323,22.403774576575284,22.81300379555354,33028500
2008-07-07,22.111459732055664,23.352143738471796,21.79966507094793,23.059835469332143,48883600
2008-07-08,23.235219955444336,23.417099551221828,21.708722349134103,22.2803471217652,62285100
2008-07-09,22.267353057861328,23.865303904705048,22.143935127520184,23.21573115526523,50971000
2008-07-10,22.416765213012695,23.254715055215502,21.793175670039496,22.085484042659612,47807900
2008-07-11,21.539833068847656,22.3777825413139,20.844790399478338,21.682739871944577,71316700
2008-07-14,20.584962844848633,22.312825193879952,20.578466968026184,22.208893642644412,50370200
2008-07-15,20.14974594116211,21.318976333999775,18.993506061029404,19.961369258881373,88717800
2008-07-16,23.34565544128418,23.34565544128418,20.461551878133474,20.981209842945585,79957800
2008-07-17,26.502573013305664,26.62599344639973,24.553854372946073,24.71624759297604,132114600
2008-07-18,25.99591064453125,26.840355012797836,25.46326100556659,26.762406949953416,65409900
2008-07-21,25.10599708557129,26.60001446882533,24.911123205991984,26.203774547969733,41354400
2008-07-22,26.54153823852539,26.658461510953316,24.43042717668771,24.7876916300295,50104200
2008-07-23,27.256072998046875,27.931629277602145,25.57367941453483,26.57402208103896,59345600
2008-07-24,25.424274444580078,27.46393227501299,25.359318167376703,27.321027969580935,47454600
2008-07-25,25.671127319335938,26.268733337933828,24.995570750371282,25.4437752643197,35188000
2008-07-28,24.462915420532227,26.40513949020675,24.300522194830894,25.599668000441575,41673200
2008-07-29,26.4700870513916,26.4700870513916,24.151112752117037,24.644786904997904,50527400
2008-07-30,27.00273895263672,27.327525326835307,25.963423546370592,26.898807412010107,47954900
2008-07-31,26.392139434814453,27.256069835330194,26.177779254898677,26.392139434814457,37394100
2008-08-01,26.47658920288086,27.11966743718688,25.833513446498703,26.703941195096625,30773300
2008-08-04,26.07386016845703,26.56103992490182,25.27488566523851,26.07386016845703,27748000
2008-08-05,27.21059799194336,27.28205138012088,26.11931573850468,26.807863641579065,35763100
2008-08-06,26.885818481445312,27.457443253847252,26.203767519629494,26.85983497408076,33009400
2008-08-07,25.85951042175293,26.98976642124566,25.645150072720597,26.424638421499292,42712200
2008-08-08,26.677946090698242,27.054699382550183,25.593161054084216,25.664611957576305,37174200
2008-08-11,27.21059799194336,27.834187143073166,26.223247263692983,26.49606906601416,34643900
2008-08-12,24.631799697875977,26.638979774358248,24.04718565724219,26.625990498766853,65248300
2008-08-13,23.97573471069336,24.456419728350756,23.48206041611246,24.449922611965132,48575900
2008-08-14,24.56035041809082,24.96308489237964,23.657442072651953,23.76787074597598,41142300
2008-08-15,24.729232788085938,25.144958924616507,24.27453139703442,24.716241036578953,36656900
2008-08-18,23.865304946899414,24.70325194704802,23.806843297779885,24.63179854502154,32193100
2008-08-19,23.11180305480957,23.64445259040459,22.73504961464912,23.39111709895683,41424300
2008-08-20,24.034196853637695,24.079666757559313,22.748042832874983,23.07282927684306,39065000
2008-08-21,23.55350685119629,23.774361685561548,23.248209343340935,23.50154231965803,30564500
2008-08-22,24.46941566467285,24.846169224009323,23.94326307874201,24.177109773788846,36022700
2008-08-25,23.469066619873047,24.32650254182714,23.436588474541566,24.294024396495658,27081000
2008-08-26,23.780864715576172,24.112145810559895,23.319668542548712,23.495051048295146,28810800
2008-08-27,24.12514305114746,24.177110085349568,23.30018496762334,23.741894846642943,23812300
2008-08-28,25.255395889282227,25.255395889282227,24.183599577317477,24.46291613187983,34724300
2008-08-29,25.002052307128906,25.29435801633582,24.74222225680831,25.015041579514232,23327100
2008-09-02,25.326845169067383,25.995904376161167,25.008553399155367,25.697101475704102,33267600
2008-09-03,25.794546127319336,25.82052964493439,24.96958802747614,25.274888164641432,28787600
2008-09-04,24.62531852722168,25.840019649051683,24.573353962666772,25.528224827947323,41510300
2008-09-05,25.723081588745117,25.82051849877785,24.26154280579543,24.358979715828163,42100300
2008-09-08,26.9897518157959,28.36035094576583,25.982914379187157,27.535393116875778,85629900
2008-09-09,25.63863182067871,27.243074489340163,25.6256400710717,26.509059220965533,56435300
2008-09-10,25.593172073364258,26.268725975052856,25.196932226131498,25.976420165844026,46100400
2008-09-11,27.054712295532227,27.08069332832861,24.6318031962251,24.846163442782018,57012300
2008-09-12,26.742916107177734,27.25607931213696,26.106334938639634,26.528558330653997,51417100
2008-09-15,24.034196853637695,27.184624368958477,24.034196853637695,24.937102771401126,92112900
2008-09-16,26.46360206604004,26.600011785646274,22.748044140524325,23.111805870731676,90368100
2008-09-17,23.235219955444336,26.424622386974274,23.059834997548762,25.38530687121196,104396300
2008-09-18,26.177783966064453,26.664963577633607,22.111459231786988,23.728894154559338,132982000
2008-09-19,30.56238555908203,31.179479928246394,27.63930931580893,30.52990742974126,88523900
2008-09-22,26.502573013305664,29.815396188671304,26.47009486488445,29.678984000623977,44934200
2008-09-23,26.3466796875,27.398987170422476,26.02189321319715,26.34018257037642,32404400
2008-09-24,26.307703018188477,27.606848846247168,26.125823395195948,26.957275932217822,27186400
2008-09-25,28.230443954467773,29.230787038946954,26.8273662757153,27.44446116434464,36831300
2008-09-26,31.33539581298828,31.82907009561336,26.294709038780343,26.34017894068303,148081400
2008-09-29,26.632482528686523,30.854705368600243,26.632482528686523,30.257099632969517,79528000
2008-09-30,30.335050582885742,30.783254927669166,28.43180206011669,28.990435070611852,66987800
2008-10-01,32.23830032348633,32.47864157734001,30.075221605032105,30.471461428743446,59424300
2008-10-02,32.63105010986328,32.63105010986328,30.582201557279312,32.238300242778514,53944700
2008-10-03,30.045446395874023,33.141632517319884,29.606873236495968,32.93216555963109,68639000
2008-10-06,28.801734924316406,29.554508540473762,27.296190189044864,28.467897731847188,63065300
2008-10-07,25.738269805908203,29.94070481333292,25.731725057708175,29.73778266053808,62396200
2008-10-08,25.725177764892578,28.507162691693587,25.201510513373815,25.482982129260606,75686800
2008-10-09,24.010164260864258,27.94421676105382,24.010164260864258,26.85760638270684,88790300
2008-10-10,27.256900787353516,27.492551629418095,22.92355168207888,22.93009642900648,112976400
2008-10-13,27.486011505126953,28.85409357093947,25.960828019169195,28.74281287811943,81628900
2008-10-14,26.64814567565918,28.50716654244967,25.960832159133147,28.363159589481025,95288900
2008-10-15,25.19497299194336,27.35510258470689,24.874225303800632,25.74482438801436,84755700
2008-10-16,26.504127502441406,26.837964498727224,23.767964092807834,25.541887488433694,75112400
2008-10-17,25.74481964111328,27.09326263979258,25.56808145742331,25.941194568421242,60991200
2008-10-20,26.615398406982422,26.64158237912703,25.397871169709497,26.189917599276157,44732100
2008-10-21,26.01319122314453,27.014704789727826,25.921547288250814,26.131014145352655,41780700
2008-10-22,24.33090591430664,26.216110070166913,23.57158795524431,25.626985488176835,60825200
2008-10-23,24.776039123535156,25.365166571761158,23.44723248670065,24.455293899423637,63917000
2008-10-24,23.191932678222656,24.697476765335725,22.589713545152172,22.98901055240852,61968800
2008-10-27,22.255876541137695,23.49958828784164,21.817306054936658,22.975918606887074,62712700
2008-10-28,24.612390518188477,24.69094250175212,21.287100622332055,22.87774208237008,73082500
2008-10-29,23.375226974487305,25.12297001537454,23.24430949062735,24.291646864463655,61823300
2008-10-30,24.625476837158203,24.874219733666795,23.584687016841496,24.147630284024977,47372000
2008-10-31,27.001625061035156,27.001625061035156,24.402922407622363,24.40946965446611,86948900
2008-11-03,26.66124153137207,27.00162596438648,26.314312348337992,27.00162596438648,45059900
2008-11-04,27.603837966918945,27.767484155948466,26.75942552927906,27.0016211898708,48917100
2008-11-05,25.672815322875977,27.81985255641122,25.28006296503042,27.315821986920525,53524900
2008-11-06,25.04441261291504,26.0262897840447,24.78258019883946,25.50262245885077,56467100
2008-11-07,24.710573196411133,25.214603730790984,23.87270555330829,25.0247735625747,50210800
2008-11-10,23.833423614501953,25.18841344738826,23.335940450005353,25.05749603661276,41558500
2008-11-11,23.794164657592773,24.514209683248193,23.087214129125016,23.447235393430873,61577400
2008-11-12,22.629003524780273,23.761435288874136,22.45881252141464,23.185399782713244,56726100
2008-11-13,24.344003677368164,24.54692582983003,21.92858707464816,22.681360465579917,74523600
2008-11-14,22.563535690307617,24.160721479352002,22.360613531833913,23.781063647064833,55941000
2008-11-17,21.45074462890625,22.825371737853764,21.274006429691358,22.138058183380007,57560400
2008-11-18,21.038352966308594,21.66675371210866,19.873192938007307,21.44419480250748,67807700
2008-11-19,18.636032104492188,20.959809304836572,18.511661869418205,20.743796332550296,90226200
2008-11-20,15.304194450378418,18.793131926038487,14.610334804253965,18.158185020940998,160729900
2008-11-21,14.872164726257324,15.98495927490583,12.888773778724392,15.539841455446428,194075000
2008-11-24,18.053455352783203,18.550940132992714,14.72816339961174,15.657674206328112,137382200
2008-11-25,19.486995697021484,20.10230469642417,18.6556724496212,19.395352948274134,105430800
2008-11-26,20.043384552001953,20.128480015727217,18.439651498494857,18.825856580792138,55644900
2008-11-28,20.724151611328125,20.900889780904578,19.72263656558281,19.873191996252327,22787500
2008-12-01,17.097753524780273,20.09575150805051,17.032294802735166,20.076113516880593,70984500
2008-12-02,18.67530059814453,18.917496220564367,16.109328708637843,17.372677288595632,81316000
2008-12-03,19.801183700561523,20.121929997458842,17.69996778154409,17.9618013658969,64914200
2008-12-04,20.34449577331543,21.535841172083938,19.473898029017843,19.532810761592383,80719600
2008-12-05,21.830402374267578,22.255883498797026,19.46080606562649,19.90592393536586,73599200
2008-12-08,23.88579750061035,24.67784441149589,21.99404556474097,22.236243708698396,84589300
2008-12-09,22.229698181152344,23.368676779202445,22.03332324963825,23.349037538121124,65827700
2008-12-10,21.941679000854492,22.884280050897193,21.653662637602046,22.517714224401793,47919600
2008-12-11,19.5982723236084,21.444200299730234,19.467354843745362,21.339466815248453,70746400
2008-12-12,20.252851486206055,20.43613440784584,18.33491806632963,18.616389694300747,59939000
2008-12-15,18.74076271057129,19.493536246898366,18.439654294857622,19.205518578612914,51629100
2008-12-16,21.17581558227539,21.437650480085864,18.878224217306936,18.98950367431999,75822100
2008-12-17,20.85506248474121,21.529283717946843,20.324848142961763,20.619411666172567,46719900
2008-12-18,19.775007247924805,21.33291985296814,19.7160957614686,21.051448174412826,57491500
2008-12-19,19.84700584411621,20.45576975168988,19.493530792037983,19.709543670674986,55696800
2008-12-22,19.519718170166016,20.4164998786973,19.316797235557573,20.056477496336267,36378400
2008-12-23,19.054969787597656,19.899383790053406,19.054969787597656,19.788104289890203,26931700
2008-12-24,19.53935432434082,19.558991067070753,18.753852153590135,18.753852153590135,12339700
2008-12-26,19.50662612915039,19.807735780030413,19.14660499615266,19.670272325698704,12630500
2008-12-29,19.493528366088867,19.650628508408367,18.852034557633065,19.630990522423073,22318000
2008-12-30,20.298667907714844,20.32485064159633,19.558986635617632,19.565532631218254,29842400
2008-12-31,20.639053344726562,20.90743293679084,19.92555601503732,20.095748164630457,25891700
2009-01-02,20.771574020385742,20.963718702711905,20.188511592891214,20.66556289970533,32494900
2009-01-05,19.38017463684082,20.387281451184,19.267537673871487,20.3607780416608,44069400
2009-01-06,19.797592163085938,20.15538058991229,19.55244195692897,19.737962022366936,44216300
2009-01-07,18.611591339111328,19.479557682369876,18.55195993820978,19.313915182921573,42156500
2009-01-08,18.035158157348633,18.518835303949412,17.796633774215646,18.485706039797467,52075800
2009-01-09,17.20694351196289,18.253804126323228,17.10093240648985,18.253804126323228,42597500
2009-01-12,16.50461769104004,17.32620429419727,16.232964107082886,17.17381350588022,59360000
2009-01-13,17.458721160888672,17.61773782206397,16.08057550028401,16.7033904406159,73422800
2009-01-14,17.167192459106445,17.412343970281967,16.405237040523915,16.955170213631543,73907300
2009-01-15,16.126953125,17.922517131988585,15.742662594043836,17.58460756035203,136759300
2009-01-16,15.119850158691406,16.564253243746453,13.602565218715391,16.45161627113889,156843400
2009-01-20,11.985892295837402,14.092865255321561,11.727490380948542,13.913971038666775,142090400
2009-01-21,14.993962287902832,15.133102679796862,12.509324167495103,12.780979097978463,136421400
2009-01-22,15.305371284484863,15.789047208594097,14.053112795264111,14.815069506980013,110240800
2009-01-23,16.087202072143555,16.285972591566825,14.450653158133527,14.52353627167306,74369200
2009-01-26,16.232969284057617,17.061182002631984,15.729415799514122,16.564254371487365,74278400
2009-01-27,16.604007720947266,16.676890842356286,15.941437566326439,16.643762840126154,50766500
2009-01-28,18.326683044433594,18.39956613668697,17.452090992400162,18.015275651285865,91373900
2009-01-29,16.849159240722656,18.008657011757418,16.72989641064443,17.717125789760896,58624200
2009-01-30,16.90216636657715,17.87614412942097,16.299227570947295,17.10093692593225,74937200
2009-02-02,16.696762084960938,17.014795335554986,16.133577413855768,16.56424759867085,51532900
2009-02-03,15.934810638427734,16.862409803338014,15.702912110952356,16.584130306615368,66166300
2009-02-04,15.92818546295166,16.89553718123715,15.72941367903876,16.067324574313762,55330300
2009-02-05,16.259471893310547,16.77627579533361,14.901202343789658,15.729415021393034,79815500
2009-02-06,18.306814193725586,18.419451179037246,16.763025667837766,16.90216606792976,76845200
2009-02-09,18.074905395507812,18.532077667754145,17.425586002441225,17.657485695411317,54360000
2009-02-10,16.312475204467773,18.293559504432732,16.10045172668965,17.796631966402163,91948700
2009-02-11,17.286449432373047,17.637611947330402,16.657007498558425,16.729890594658517,64712000
2009-02-12,17.35270881652832,17.372585107913388,16.01431710068072,16.79614991021055,80536400
2009-02-13,16.35885238647461,17.15393556662562,16.338974833063876,16.729891203878417,58580600
2009-02-17,14.344642639160156,15.371627068656805,14.344642639160156,15.106598013462705,91424800
2009-02-18,14.251884460449219,14.775314235838755,13.913973523234672,14.695806523407276,82868300
2009-02-19,13.648942947387695,14.775311246460902,13.609189099215053,14.622920442005736,66502700
2009-02-20,13.18514633178711,13.913973782677843,12.423190877390931,13.05925764371223,135941600
2009-02-23,12.926741600036621,14.285009673171988,12.906864043935107,13.847713548955136,101615400
2009-02-24,13.927224159240723,13.980229718037696,12.562328808652323,13.337535895903173,186379900
2009-02-25,14.397649765014648,15.384879185466977,13.330912630349323,13.801336853407836,135790100
2009-02-26,15.272233963012695,16.020938573074577,15.106591506738146,15.451128119089603,125043400
2009-02-27,15.13973617553711,15.636664050464457,14.278393767411279,14.331399356853412,109872500
2009-03-02,14.019984245300293,14.861448637444342,13.9603528308175,14.377772732197045,94984900
2009-03-03,13.920594215393066,14.510281041679349,13.64894064842398,14.364516113763592,85590100
2009-03-04,12.78760051727295,14.404271674002674,12.456315516682956,14.404271674002674,145009700
2009-03-05,10.998661994934082,12.588829704909044,10.627623157482047,12.257544712674594,153808900
2009-03-06,10.554739952087402,11.707611562195082,9.912046896480994,11.38957827604509,155154800
2009-03-09,10.53486442565918,11.455837731739557,9.95180328881703,10.183702446637499,132882900
2009-03-10,12.92011547088623,12.92011547088623,11.34982395760455,11.49559017171841,149090800
2009-03-11,13.516427040100098,13.85433787407159,12.668338293271491,13.483299047334075,155421000
2009-03-12,15.371626853942871,15.457760411051286,13.251402024518965,13.350787286952423,151894700
2009-03-13,15.736035346984863,16.120325843855895,15.179476522033465,15.630024262589531,120464600
2009-03-16,15.29874038696289,16.743143093415288,15.212605584971564,16.107075278428514,125001900
2009-03-17,16.65700912475586,16.71001467334391,14.755433963376644,15.437880243478777,99884700
2009-03-18,17.9622745513916,18.108039508183307,16.02094409280309,16.444988522562298,142105800
2009-03-19,16.531124114990234,18.16104591637894,16.292598480152026,18.055034803951322,124920200
2009-03-20,15.338495254516602,16.418485062729385,15.338495254516602,16.338976106640843,108922700
2009-03-23,19.12177085876465,19.327167207646344,16.650383765437947,16.76302071748636,146776000
2009-03-24,17.49185562133789,19.413309233544062,17.359342319937237,18.585096360717905,133143000
2009-03-25,18.922996520996094,19.022381756033788,17.180438191162914,18.01527644023284,149452500
2009-03-26,19.280790328979492,19.612075381835663,18.320063170195727,19.247661065442564,133663400
2009-03-27,18.1544189453125,19.347045782268605,18.074911247766668,18.730855439404095,108610200
2009-03-30,16.464859008789062,17.471965360748545,16.418479327169482,17.008166017049653,104860500
2009-03-31,17.611101150512695,17.955637669936134,16.46485596555723,17.047916698330404,84307400
2009-04-01,18.644718170166016,18.737478823420627,16.756394805278592,16.756394805278592,106016900
2009-04-02,18.69118881225586,19.69345086969595,18.193376607527448,19.63371330384839,131840800
2009-04-03,19.434585571289062,19.434585571289062,18.253111020390453,18.571710472542318,80949500
2009-04-06,18.717729568481445,19.182353289145123,18.372579650730437,18.76419181394769,72188000
2009-04-07,18.087173461914062,18.6181725433861,17.927873737472453,18.107086402219892,73652600
2009-04-08,18.206645965576172,18.472145468307566,17.595996476293216,18.219921257213112,66538300
2009-04-09,21.73780059814453,21.96347557586344,20.045239531254673,20.204539292114735,147913000
2009-04-13,22.36835479736328,22.6670425272337,21.113867597908992,21.246616715405807,110196200
2009-04-14,20.37710189819336,22.0696619308506,20.343913677042494,21.930275200020535,109541400
2009-04-15,21.61168098449707,21.883818132293126,20.09169427831774,20.324006817314768,108069400
2009-04-16,22.063032150268555,22.574116982811695,21.478931943358077,22.574116982811695,132956000
2009-04-17,22.07630729675293,22.55420774787799,21.591770464697095,22.136044853143563,104962100
2009-04-20,19.70672035217285,21.51875467299112,19.67353212204702,21.09395672139427,109372200
2009-04-21,21.59176254272461,21.84398796961112,19.162441626825704,19.295190718764864,115629300
2009-04-22,21.173608779907227,22.660407506800844,20.78863412085443,21.001033758124702,124080300
2009-04-23,22.043123245239258,22.40154863101642,21.014311888585922,21.3926489517939,89366500
2009-04-24,22.15595245361328,22.899350964365265,21.40591503190666,22.34180144830061,117098100
2009-04-27,21.75769805908203,22.414810883981502,21.505475185041828,21.591760758370295,67832500
2009-04-28,21.764341354370117,22.381628439956298,21.425827774789166,21.472290025790038,65809900
2009-04-29,22.886075973510742,22.93917713383108,22.069664623605654,22.195776081362432,84731300
2009-04-30,21.90373420715332,23.37062004183033,21.7377968267961,23.237869631143855,94556900
2009-05-01,21.565217971801758,22.41481634832237,21.279805542438822,21.804165616196013,68254100
2009-05-04,23.755598068237305,23.88170957687539,21.837362187775106,21.94356201926079,100918400
2009-05-05,23.11174964904785,23.861787041877527,22.872799503933795,23.529912402997457,63488200
2009-05-06,24.704755783081055,24.791041390088928,23.602931777566063,23.775505523585068,102644800
2009-05-07,23.39052391052246,25.700370920292173,23.052010386296224,25.554345279880668,113228400
2009-05-08,25.846405029296875,25.846405029296875,24.027732788311724,24.425981481840363,110026400
2009-05-11,23.782140731811523,25.34195071157688,23.782140731811523,24.79103752862819,86808000
2009-05-12,23.47018051147461,24.067553485929913,22.607306749259283,24.05428072534476,94148900
2009-05-13,22.600669860839844,23.410445057219945,22.35508325597175,23.032108046584117,82160700
2009-05-14,23.589651107788086,23.642749735997807,22.448001483248277,22.64712577003942,68764300
2009-05-15,23.171478271484375,23.682565322589777,22.832967384129667,23.529903351272825,68301000
2009-05-18,24.731300354003906,24.79103789844365,23.363978275498766,23.70248933932204,71730900
2009-05-19,23.76886558532715,25.01007618438135,23.742315003143464,24.757850717642093,59860600
2009-05-20,22.932531356811523,24.39941628944071,22.740043506284998,24.29985544165252,77073900
2009-05-21,23.16485595703125,23.47018008500511,22.3484419357051,22.69359194072025,65068100
2009-05-22,22.839624404907227,23.430361163707175,22.839624404907227,23.40381057113094,39227200
2009-05-26,24.25341033935547,24.266685634838865,22.64713503391626,22.64713503391626,65462400
2009-05-27,23.005552291870117,24.37287685976417,23.005552291870117,24.22685119301741,76374100
2009-05-28,24.326412200927734,24.339684958407013,22.965724147067565,23.324149367069833,66107300
2009-05-29,24.49235725402832,24.60519345224417,23.682582063995998,24.12729300802793,61932300
2009-06-01,23.968000411987305,25.043274142547762,23.74232542833842,24.824238073361368,90184500
2009-06-02,22.89936065673828,23.57638553651708,22.866173683926363,23.277697717202358,159381700
2009-06-03,22.55421257019043,23.211325830984663,22.335176504594987,22.832988736952938,72136300
2009-06-04,23.463542938232422,23.523280492287462,22.720144234883367,22.832982962322138,70954200
2009-06-05,22.932531356811523,23.735667176178424,22.899344407548796,23.7091191359694,61583800
2009-06-08,23.490089416503906,23.715764299907566,22.932539853506796,22.932539853506796,61615100
2009-06-09,23.40380859375,23.74895867206782,23.2909723828403,23.709135318572,58992300
2009-06-10,23.125030517578125,23.67594123439019,22.813067471525976,23.609567303401853,60176100
2009-06-11,23.191404342651367,23.80869151963579,22.925906087907382,23.27769247814466,66560900
2009-06-12,23.317522048950195,23.52328278586606,23.09848348539047,23.13830936931139,41157300
2009-06-15,22.56747055053711,23.257770257410492,22.52100831372852,23.15157049727628,55388500
2009-06-16,22.23560905456543,22.82634572581989,22.155959820644384,22.746696491898845,56344000
2009-06-17,21.724515914916992,22.248878508934922,21.359454278930862,22.18914096617335,65456600
2009-06-18,22.68031883239746,22.77324588777564,21.79753332833334,21.804169709144386,63861500
2009-06-19,23.231231689453125,23.310880917713177,22.428095430155683,22.99892038535992,77009100
2009-06-22,21.817445755004883,23.231232924819125,21.81080937396502,23.0254696645352,70388300
2009-06-23,22.282066345214844,22.627216324504793,21.857267149781958,21.976742239997826,59046500
2009-06-24,22.209047317504883,22.521010247435886,21.95018553820138,22.421446856010437,50429500
2009-06-25,22.66040802001953,22.68695860828049,21.777622482372042,22.222333441727542,57205700
2009-06-26,22.866165161132812,23.058653076502083,22.22232749414039,22.4878282416844,46722500
2009-06-29,22.965730667114258,23.03210713336801,22.5940325841064,22.93254369998903,34914800
2009-06-30,22.640493392944336,23.091843206519545,22.4811924161518,22.96572919472454,39470600
2009-07-01,22.447723388671875,22.979501930017886,22.3679572414,22.780085293978143,36463700
2009-07-02,21.45063591003418,22.447721544016876,21.45063591003418,22.1751849054904,38352200
2009-07-06,21.670000076293945,21.670000076293945,20.998629992578895,21.29110762204633,60664000
2009-07-07,21.809593200683594,22.201780423411297,21.357580722430626,21.689942689633067,56704900
2009-07-08,21.743114471435547,22.26160074975776,21.131569804337566,21.889354516054635,71784600
2009-07-09,22.3480167388916,22.434431555626105,21.849473815433242,21.862768597678585,41655600
2009-07-10,21.497163772583008,22.381244942649364,21.41074898474448,22.14194654941277,51037400
2009-07-13,23.07256317138672,23.07256317138672,21.556993674021204,21.849471241806786,70454200
2009-07-14,23.06591796875,23.325159863035523,22.64049511292553,22.952913596328994,52924000
2009-07-15,24.102882385253906,24.44189292234186,23.27197768651664,23.338451583847565,84050100
2009-07-16,24.016469955444336,24.202591795237996,23.411571440395054,23.597693280188714,71465100
2009-07-17,24.521657943725586,24.727723212462365,24.049704704965645,24.209236979835584,61742300
2009-07-20,24.581478118896484,24.88725036253219,24.322236323826242,24.608067671139395,43554400
2009-07-21,24.554901123046875,24.800850803483748,24.3288948848501,24.727730765284708,43509400
2009-07-22,24.48177146911621,24.814133269984673,24.06964101032142,24.19594011751179,40137700
2009-07-23,25.359210968017578,25.571922355859694,24.308946271792333,24.561541995749756,56528800
2009-07-24,25.206329345703125,25.42568945224083,24.860675145368113,25.292744163647114,35328600
2009-07-27,25.345924377441406,26.23665455268007,24.973678060601767,25.23956864916159,30479300
2009-07-28,25.312685012817383,25.39245116351637,25.026853559115786,25.08667880607008,29035900
2009-07-29,25.10662078857422,25.419041817839386,24.887260695076467,25.119915570215323,29931400
2009-07-30,25.571928024291992,26.11035273474052,25.193035622228095,25.345921807646832,38531000
2009-07-31,25.691577911376953,25.691577911376957,25.212975926184402,25.512102166929747,39085700
2009-08-03,26.323055267333984,26.422764828143066,25.917575974818405,26.003988222752177,42957800
2009-08-04,26.72854995727539,26.92132051521657,26.037236426830198,26.103710344596475,43363800
2009-08-05,27.77216148376465,28.051346817752815,26.761780933219324,26.814960058062876,63334100
2009-08-06,27.087488174438477,28.224164983737953,26.735185458691948,28.10451452636754,54175600
2009-08-07,28.157703399658203,28.66954108131329,27.373329034079784,27.43980040646291,65696000
2009-08-10,28.377059936523438,28.729365297500305,27.92504752055783,27.938342301700374,43700600
2009-08-11,27.41320037841797,28.257397057354474,27.213781284401104,28.10451094480223,50698800
2009-08-12,28.05799674987793,28.217531610348082,27.273622301984226,27.3799780303908,43077100
2009-08-13,28.51664161682129,28.583112958250496,27.792092838078734,28.403637293528675,40385300
2009-08-14,28.217529296875,28.483417328231756,27.785457759304748,28.33717979848767,38413900
2009-08-17,27.07421112060547,27.63922810266072,27.060916334892525,27.393278370552874,39162800
2009-08-18,27.718990325927734,27.83864084454993,27.29356738670249,27.320154418613516,29053600
2009-08-19,27.526206970214844,27.851922683011992,27.253670367963984,27.353379932378505,29394100
2009-08-20,28.197582244873047,28.33717616935701,27.572742788701206,27.605978471399272,29634300
2009-08-21,29.021846771240234,29.121556375333782,28.27070801803838,28.49006813275596,42863600
2009-08-24,28.589763641357422,29.407375978607895,28.549881844421964,29.15478027656531,40385200
2009-08-25,28.968666076660156,29.34090980307247,28.782541677733793,28.842366924581516,34835700
2009-08-26,28.782543182373047,29.101610337000423,28.52994740073125,28.842368432348202,31908400
2009-08-27,28.882244110107422,29.001894574151027,28.277345668873448,28.616353626517277,28975700
2009-08-28,28.529935836791992,29.15477764676095,28.257399260864887,29.12154197373946,27263600
2009-08-31,28.888896942138672,28.981957872297805,27.95828510482719,28.210878333624784,32251100
2009-09-01,27.699037551879883,29.128194634164107,27.62592006910338,28.6363004772755,51475400
2009-09-02,27.160615921020508,27.991520703059948,27.087495894485812,27.59268488624892,35898500
2009-09-03,27.99150848388672,28.084569373135906,27.32678494842788,27.406551062681604,35019600
2009-09-04,28.1444034576416,28.244113033654433,27.778805905127633,28.13775733591001,21880200
2009-09-08,28.277355194091797,28.609717142675706,27.818694082184926,28.44353616838375,28089300
2009-09-09,28.490070343017578,28.629661771001604,28.17764925929267,28.3172406872767,29031600
2009-09-10,28.596424102783203,28.682838924681864,28.05135067675272,28.40365355228641,25112100
2009-09-11,28.25077247619629,28.842376482335382,28.23747769074449,28.669549342904148,27289900
2009-09-14,29.081655502319336,29.14812684346556,27.925035402053535,27.97156838371884,28945000
2009-09-15,28.70941925048828,29.380791690750357,28.28399643544538,28.988604557685182,49985400
2009-09-16,29.67992401123047,29.69986491737904,28.722719944570976,28.81578088755831,38721900
2009-09-17,29.8859920501709,29.985701669859896,29.380802898525012,29.44062816319422,35705700
2009-09-18,29.879343032836914,30.138584976065317,29.713162039924274,30.072113593188547,39492000
2009-09-21,29.61344337463379,29.779624316731304,29.39408584963943,29.60679725266666,24070000
2009-09-22,30.889713287353516,30.903008066559597,29.566911917126617,29.7862719704472,41148100
2009-09-23,29.95246696472168,30.9096686953304,29.89928782293845,30.843197303822407,34427200
2009-09-24,29.493799209594727,30.444354604812585,29.42067917369789,30.052167396046332,42231400
2009-09-25,29.015195846557617,29.433970028727536,28.809130548864374,29.347557757580176,31056100
2009-09-28,29.786272048950195,29.79956682819132,29.041779625766555,29.227903999422395,25826100
2009-09-29,29.83280372619629,30.0455151312973,29.533677520360506,29.83944984822821,23930600
2009-09-30,29.128198623657227,29.839452933450698,28.86895673036879,29.779627686097967,40904000
2009-10-01,27.499622344970703,28.955369060661805,27.4929762228207,28.849013356221725,50562700
2009-10-02,27.859010696411133,28.218396531633214,26.973856976933252,27.166860763121623,43061100
2009-10-05,29.150129318237305,29.23664867926646,28.185113097062036,28.27163245809119,34430200
2009-10-06,29.888872146606445,29.948769787733458,29.32982834235054,29.522832134736326,41695700
2009-10-07,30.414642333984375,30.49450501522737,29.58938616517721,29.682559716425516,36148700
2009-10-08,30.148408889770508,30.9071101770123,29.98202693945303,30.640900579776577,36627700
2009-10-09,30.514469146728516,30.574366790583273,30.002014630046336,30.2549135362875,26034200
2009-10-12,30.66754150390625,30.893818660788,30.18170367063463,30.8605427576459,24220600
2009-10-13,30.388017654418945,30.63426237872478,29.635970073995132,30.381363489454408,45701900
2009-10-14,31.386302947998047,31.592617558852336,31.033573891532757,31.406267977220445,70368700
2009-10-15,31.386302947998047,31.492787335164248,30.85388101216703,30.85388101216703,36096800
2009-10-16,30.65424156188965,31.199974692075642,30.614308940611558,31.080179367030954,37459000
2009-10-19,30.600994110107422,30.900482383994955,30.248264886856127,30.893825678581205,30415400
2009-10-20,30.634258270263672,31.006954928009733,30.46122207771731,30.487843811582373,30614800
2009-10-21,29.715835571289062,30.89381826803343,29.715835571289062,30.627608507492294,32991600
2009-10-22,30.421295166015625,30.52777958260129,29.835632144188857,29.895527248403837,32388900
2009-10-23,30.101831436157227,30.747394415020533,29.922138569706988,30.41463041169518,27638200
2009-10-26,29.163448333740234,30.08853221475931,28.98375539775404,30.02863456943058,42085500
2009-10-27,29.216691970825195,29.722492337266875,29.063618235102815,29.276589616476475,38075200
2009-10-28,28.40473747253418,29.156784882421476,28.284942220028665,29.10354141962434,45679500
2009-10-29,29.51617431640625,29.54945275705596,28.457984388975213,28.76412928694797,35898600
2009-10-30,27.79911231994629,29.26327482036958,27.772490583497667,29.249963952145272,58853300
2009-11-02,28.33818817138672,28.517878527136737,27.632727460101798,28.07197591159928,44598100
2009-11-03,28.418052673339844,28.59108887625072,27.93887159021984,28.012080093339666,29387800
2009-11-04,28.091943740844727,29.07692513811448,28.03204610336535,28.757471917820656,42548800
2009-11-05,29.196714401245117,29.236646997605106,28.21838990891123,28.351493485868552,32893300
2009-11-06,28.93716812133789,29.076928445088797,28.557817220420393,28.710888413879314,27140000
2009-11-09,29.51617431640625,29.542796053410587,28.817370222168073,29.23665369422641,38845500
2009-11-10,29.39637565612793,29.496205889012767,28.98374893519461,29.376410625066274,30980200
2009-11-11,29.496204376220703,29.94210951110505,29.13681860281329,29.50951524250855,32669300
2009-11-12,28.817373275756836,29.715837953943417,28.61771530464499,29.336487047194254,34649600
2009-11-13,28.5511474609375,28.810702931508082,28.19176179147635,28.724183595055415,36650700
2009-11-16,28.644336700439453,29.02368760263245,28.457987062689536,28.78409702466028,43516700
2009-11-17,28.724197387695312,28.744162421545166,28.311570609136922,28.564469500530553,25859700
2009-11-18,28.870624542236328,28.950487244463435,28.57779040275439,28.710896598992584,20422300
2009-11-19,28.31822395324707,28.737507423459995,28.12522016899795,28.684263949685658,26878000
2009-11-20,28.258325576782227,28.444675191338,28.05201346826517,28.264982280224487,25328200
2009-11-23,28.804054260253906,29.043644773349094,28.41804929710242,28.584431315775397,29810700
2009-11-24,28.271650314331055,28.804072605424064,28.111924896398026,28.79076173079802,31881800
2009-11-25,28.058664321899414,28.398082532535643,27.912247328909412,28.398082532535643,26123800
2009-11-27,27.50627899169922,27.885629824905273,27.120271455432928,27.273342621569725,26230100
2009-11-30,28.27828598022461,28.38477035921217,27.61275797685539,27.65934473398821,38240600
2009-12-01,28.098588943481445,28.424696195001196,27.699270677465194,28.358144420058892,39211100
2009-12-02,27.905595779418945,28.052012786126244,27.599453437020433,28.052012786126244,32519700
2009-12-03,27.552873611450195,28.677615564325006,27.492975960777038,28.151847579392722,53314400
2009-12-04,27.779142379760742,28.291596752533668,27.433067483429106,28.118560573761886,61485000
2009-12-07,27.453033447265625,27.92555777729122,27.32658402535105,27.70593482988294,32949600
2009-12-08,27.426420211791992,27.55287221167174,27.040415123900154,27.293314046081758,41878900
2009-12-09,27.413103103637695,27.626071904798586,27.02044140047449,27.453035705901,42492800
2009-12-10,27.46635627746582,27.659360115079465,27.06038356344721,27.526253932629047,36380900
2009-12-11,27.260032653808594,27.45303642831079,27.120272350391872,27.28000022485986,46616100
2009-12-14,27.79911231994629,27.905596726952243,27.086997372071107,27.293309482576603,35340800
2009-12-15,27.1934814453125,27.75252520992937,27.033753567369757,27.6194190681085,40244400
2009-12-16,27.526248931884766,27.752528639305048,27.20679567531298,27.399796939074463,43562800
2009-12-17,26.800830841064453,27.366529004986138,26.747587346733706,27.326598923027625,44272800
2009-12-18,27.25337791442871,27.41310324673899,26.647747406943115,26.973854774703153,48126800
2009-12-21,27.885639190673828,28.111918933742192,27.61942683219721,27.652702742309486,35991900
2009-12-22,27.912246704101562,28.01873109513207,27.745864684442136,27.952179302783556,24754800
2009-12-23,27.65934944152832,27.91224829792401,27.586140942491777,27.84569650177531,24503600
2009-12-24,27.878963470458984,27.878963470458984,27.626062156277108,27.73920322003774,7956500
2009-12-28,27.765838623046875,28.038705096336173,27.65935420758736,27.85235546519048,13039900
2009-12-29,27.612768173217773,27.81908030562136,27.592800599367678,27.772493531285786,15593000
2009-12-30,27.639381408691406,27.69927903973726,27.439723484801302,27.466345218330183,15501800
2009-12-31,27.732555389404297,28.038700252401284,27.58614093018482,27.699279491344793,20143100
2010-01-04,28.5521297454834,28.645417722090354,27.76586316408698,27.845824286892945,35460500
2010-01-05,29.105201721191406,29.211814079290164,28.505505618236437,28.512170320402113,41208300
2010-01-06,29.265108108520508,29.378385126675777,28.858650391878424,28.951935852807367,27729000
2010-01-07,29.84481430053711,30.064701090365652,29.058547516373242,29.1784866896754,44864700
2010-01-08,29.771530151367188,29.784857014108578,29.371734436482175,29.564967591634403,33110100
2010-01-11,29.671560287475586,30.11133629913175,29.52496997814852,30.06469358136803,31878700
2010-01-12,28.978588104248047,29.418364213442633,28.612105895054192,29.31175190036025,47109600
2010-01-13,29.484994888305664,29.67156579398476,28.56546213261676,29.01856508226996,39622000
2010-01-14,29.77818489074707,29.84481918784797,29.385051434286613,29.451685731387514,37938300
2010-01-15,29.105201721191406,29.60494762637417,28.87865014250165,29.518324291094203,69738500
2010-01-19,28.838665008544922,29.151839873141924,28.585462286627795,28.918626170892274,41731500
2010-01-20,28.918611526489258,29.105182393809375,28.458843972254076,28.65874169321669,39934400
2010-01-21,27.012922286987305,28.752037779444347,26.86632939740452,28.678741334652955,137547700
2010-01-22,26.093395233154297,27.452704486787233,25.866843690882142,27.086224723598402,106634900
2010-01-25,26.126710891723633,26.579813972428546,25.880170331934945,26.493190651807073,56572200
2010-01-26,25.613637924194336,26.54649779563736,25.507025585329874,25.986782381139278,52975300
2010-01-27,26.206668853759766,26.31328118080193,25.36709455419416,25.55366549105835,66314300
2010-01-28,26.30661964416504,26.679764104605486,25.800211665274638,26.439885704453676,65047400
2010-01-29,25.946796417236328,26.55315444531091,25.853510957815338,26.419890955759854,53649000
2010-02-01,26.40657615661621,26.60647402406138,25.953472968092864,26.053420630895804,37408200
2010-02-02,27.019582748413086,27.10620604516796,26.453205324500598,26.519837065488662,45968500
2010-02-03,26.84635353088379,27.386077539894174,26.766392347309413,27.03958924509611,37373300
2010-02-04,25.553668975830078,26.59980337191787,25.553668975830078,26.51318259189746,57211800
2010-02-05,25.52034568786621,25.90681690256504,24.674109360150695,25.74689716569429,75224100
2010-02-08,25.12055206298828,25.513685464853484,24.867346852845056,25.513685464853484,58321000
2010-02-09,25.580322265625,25.786884786011722,25.213842506481,25.447056205434816,45173500
2010-02-10,25.900157928466797,26.319945106436144,25.666944241727467,25.7469028569183,39331800
2010-02-11,26.000106811523438,26.233320486671104,25.56033063707468,25.880167623779375,33830600
2010-02-12,25.953458786010742,26.106713818701564,25.560325426729793,25.766885342086255,38051100
2010-02-16,26.69974708557129,26.746389814847756,25.820194845160607,26.206666078409175,46425300
2010-02-17,26.679765701293945,26.95295999740794,26.493192188988623,26.82635608872954,34644100
2010-02-18,26.92629623413086,26.992927972495444,26.499847008186595,26.613121471773965,31809500
2010-02-19,26.673091888427734,27.119532683334032,26.586471134208427,26.72639931425928,40290200
2010-02-22,27.219482421875,27.519330361022917,26.81968686423655,26.919637024565244,43898900
2010-02-23,26.57314109802246,27.48600905053163,26.49317996884325,27.25279544501976,52233100
2010-02-24,27.219482421875,27.29944356687322,26.653104958247503,26.68642083107768,44645000
2010-02-25,27.079557418823242,27.112873295575525,26.453210293629517,26.759720426692077,46718100
2010-02-26,27.965774536132812,28.192326057051837,27.05290375199053,27.112873346993755,67699100
2010-03-01,27.87248992919922,28.105703615982588,27.592630963220632,28.00575344059626,34606800
2010-03-02,27.73256492614746,28.252302387359506,27.559320800302828,27.972443363347008,33891600
2010-03-03,27.672590255737305,28.02574568673118,27.545988900076022,27.752551414738907,27562500
2010-03-04,27.93244743347168,28.039062273076897,27.75920340278856,27.925785276915192,25450700
2010-03-05,28.525489807128906,28.56546784242947,28.1123648022077,28.19898811508969,34790800
2010-03-08,28.378902435302734,28.672085765997853,28.29894380726569,28.552146553022816,28524900
2010-03-09,28.265621185302734,28.532153294969664,28.019080636055904,28.24563216672122,37107100
2010-03-10,28.605451583862305,28.97859605292119,28.52549296257781,28.565471002300686,40903700
2010-03-11,28.772029876708984,28.785356735538468,28.518824642625592,28.592121095268556,30119600
2010-03-12,28.752052307128906,29.011919803175115,28.55215188693389,28.878653703658244,31367300
2010-03-15,28.6987361907959,28.79202166975716,28.385561332707102,28.59878601085817,29142000
2010-03-16,28.812015533447266,28.905301019863717,28.44553320561283,28.885309457175286,28553800
2010-03-17,29.178489685058594,29.391714339076348,28.831998986820153,28.858652704031968,32918800
2010-03-18,29.07854652404785,29.178496716759874,28.752047305954687,29.151842993124802,26012000
2010-03-19,28.951936721801758,29.245119970926662,28.738712078467596,28.951936721801754,37014400
2010-03-22,29.145174026489258,29.178489902332917,28.678744139162816,28.698733156301333,23257200
2010-03-23,29.704891204833984,29.8115035391757,29.17182699128685,29.21846972869644,33735700
2010-03-24,29.944774627685547,29.964766192947113,29.451693409779644,29.611610680837,35849200
2010-03-25,29.944774627685547,30.6843989963836,29.911458741368534,29.97142835347484,45019400
2010-03-26,29.998079299926758,30.57778380201834,29.84482420359629,30.01140616158666,39727000
2010-03-29,29.89145851135254,30.237949191193064,29.624926437063444,30.15132588577337,30628400
2010-03-30,29.704891204833984,30.018063507178592,29.558298291924668,29.91811587351742,30296300
2010-03-31,29.818151473999023,29.984733325809074,29.484987770378925,29.524968329874778,39043000
2010-04-01,30.138357162475586,30.22507736158792,30.011614213527903,30.038295198524317,23894600
2010-04-05,30.245094299316406,30.285119601194832,29.87820460515087,30.20506899743798,21342400
2010-04-06,30.57862663269043,30.645332915277887,30.1183471756012,30.171711692734856,28192100
2010-04-07,30.23175621032715,30.718719324694945,30.031634765950034,30.57196495598225,28890100
2010-04-08,30.525253295898438,30.665340532025333,29.891536107544056,30.12501059328714,28869900
2010-04-09,30.672016143798828,30.832114782984554,30.318468269144002,30.605309861869006,22881200
2010-04-12,30.77873992919922,30.998875184261024,30.618643875227814,30.705361510845282,24645900
2010-04-13,30.598630905151367,30.938839483541095,30.58528914279481,30.712034612841602,27988900
2010-04-14,31.839391708374023,31.97280680777221,31.205671894743656,31.619258957346176,72533100
2010-04-15,31.89276695251465,32.15292506354598,31.679303756556532,31.786035354535592,45412100
2010-04-16,30.385169982910156,31.852730866864217,30.111670196625898,31.79936381359843,121203900
2010-04-19,30.278444290161133,30.485237844628685,29.744786377466085,30.171712707622124,72136600
2010-04-20,30.60529327392578,30.785403191135313,30.391830233828596,30.531914876764844,39310700
2010-04-21,30.25175666809082,30.945513133134114,30.01828215806727,30.71203862311056,46320600
2010-04-22,29.844858169555664,30.098344171066888,29.3712342305584,29.95825940001871,63176900
2010-04-23,29.978271484375,30.064991720963995,29.517991849585822,29.838186710049932,32483800
2010-04-26,29.277830123901367,29.891538535050096,29.171098558225232,29.87152461701746,42889300
2010-04-27,28.290573120117188,29.59803592639258,28.217194664054816,29.00434121051662,66296100
2010-04-28,28.99099349975586,29.157761758559815,28.53738363223457,28.577408930432924,48578900
2010-04-29,29.351211547851562,29.571346855907574,29.0843813340894,29.277833111832894,36520300
2010-04-30,28.40396499633789,29.38456041835231,28.170487957053588,29.364549045866653,54121100
2010-05-03,29.037696838378906,29.171111993089234,28.61077037905179,28.664137458808888,31230900
2010-05-04,28.33058738708496,28.924281871619048,28.183830532146214,28.664123843086692,48982200
2010-05-05,28.437314987182617,28.93094744823352,27.763570014954706,28.090436815932353,43062100
2010-05-06,27.223251342773438,28.537383484984254,26.20930002911549,28.437324057027187,78226200
2010-05-07,27.189897537231445,27.91033768285544,26.536166226210693,27.370007573637444,72976300
2010-05-10,27.983718872070312,28.884266597707146,27.630168375716025,28.23053522259531,66578300
2010-05-11,27.716890335083008,28.38396352025796,27.450062587822377,27.65685364662997,50771200
2010-05-12,27.810270309448242,27.876979131113213,27.223247946884598,27.8436259926214,47700000
2010-05-13,27.223251342773438,27.750237103916657,27.20323742143669,27.643505520620117,35320800
2010-05-14,26.609542846679688,26.749627572714775,26.15593298121988,26.749627572714775,60719400
2010-05-17,26.576190948486328,26.70960607010692,25.86242297420023,26.6362276259815,56506200
2010-05-18,26.029190063476562,27.096505898832586,25.715664923542498,27.096505898832586,61735000
2010-05-19,26.26934051513672,26.456120176834787,25.695657217427456,25.708998985360466,64600500
2010-05-20,25.23537254333496,26.182614971823877,24.88849428165857,25.715663367848677,76564100
2010-05-21,26.71627426147461,26.78965270170096,24.695043801007568,24.695043801007568,89588800
2010-05-24,25.76235580444336,26.84968539118082,25.682307765477304,26.78964872578596,49141600
2010-05-25,25.97582244873047,26.022517356494845,24.915176246530844,25.128639409077042,66813700
2010-05-26,25.86908531188965,26.349378596813047,25.662294348966245,26.142585089208566,50719600
2010-05-27,26.963090896606445,27.009788350238676,26.2826786391323,26.4027519891999,44843000
2010-05-28,26.402746200561523,26.916390086404288,26.255989350502947,26.903050867927263,41252400
2010-06-01,25.708993911743164,26.656236345912212,25.682310381143083,26.22931003503706,37848600
2010-06-02,26.382734298706055,26.429429200985783,25.795709398313484,26.12924586870087,39618500
2010-06-03,26.082555770874023,26.642897246127976,25.76236100568345,26.589532724270445,30950400
2010-06-04,25.09528160095215,25.815721549101383,25.015233566051506,25.67563685185497,52868900
2010-06-07,24.494924545288086,25.435497495262677,24.454899244021252,25.208692544114385,44528300
2010-06-08,25.202014923095703,25.215356687291443,24.381515510167514,24.588309038179524,51017900
2010-06-09,24.76173973083496,25.455496000531344,24.688361321294686,25.44882639270068,42586000
2010-06-10,25.542234420776367,25.595598955593335,24.955209269695267,25.13531934598205,44302600
2010-06-11,25.4088077545166,25.462172265155235,25.028576391746764,25.208686386429516,31147600
2010-06-14,24.901830673217773,25.528878235157393,24.83512186151294,25.328756889404833,48662200
2010-06-15,25.515535354614258,25.535546724908237,24.855132143423486,25.04858387186815,45355600
2010-06-16,25.695648193359375,25.93579484245226,25.34210037368437,25.362111746215064,37217100
2010-06-17,25.642282485961914,25.949137967394755,25.295404257367473,25.749014052861643,34755100
2010-06-18,26.13591957092285,26.19595624093526,25.602261695635598,25.749016020913672,37270800
2010-06-21,25.929128646850586,26.536165018359405,25.789043917582795,26.382738522778244,33665100
2010-06-22,25.56890869140625,26.40274992118577,25.495530256036616,25.969151463827824,42245700
2010-06-23,25.942472457885742,26.089229354218098,25.362119573261676,25.542229615665406,45046000
2010-06-24,25.368791580200195,25.815731922743733,24.96187654353109,25.715669930398743,73843400
2010-06-25,26.309358596801758,26.416090176608357,25.535554007033518,25.86909051201434,70734200
2010-06-28,25.708993911743164,26.442773190474636,25.66229900553379,26.38273651896522,39962900
2010-06-29,24.72172737121582,25.288738428002112,24.601654022419392,25.288738428002112,56694200
2010-06-30,24.421550750732422,25.008575891059742,24.354841902580247,24.69505066645043,35332500
2010-07-01,24.10091209411621,24.508381007743118,23.48636426127498,24.40818473645591,56642900
2010-07-02,23.933914184570312,24.50837939401263,23.606600270995376,24.254546818268928,36796000
2010-07-06,24.267911911010742,24.63530338812042,23.95395794329194,24.508384525512973,35953600
2010-07-07,25.48363494873047,25.54375371523495,24.32133964569759,24.474975927173222,44602900
2010-07-08,25.49031639099121,25.931186542873075,24.8156524268089,25.904466521992614,41498200
2010-07-09,25.951221466064453,25.977941483013407,25.169680081515487,25.21643883709563,30422300
2010-07-12,26.178342819213867,26.278541632826148,25.78423139285347,25.9579089966932,24998900
2010-07-13,27.040042877197266,27.180319169502752,26.54573521436034,26.592493978462173,48564800
2010-07-14,26.953195571899414,26.973236856017603,26.61252431981892,26.81960060130203,37320600
2010-07-15,27.026676177978516,27.280511226115674,26.258494852006848,27.200353728657955,81876200
2010-07-16,26.051414489746094,26.953193202819257,25.957896999283456,26.906434457587938,58507400
2010-07-19,26.078144073486328,26.291899143911508,25.46359633489286,26.071462794194733,35404900
2010-07-20,26.472251892089844,26.47893062231925,25.57047042145419,25.597190438694007,43538200
2010-07-21,25.663991928100586,26.88640615139325,25.610554433464774,26.88640615139325,41115600
2010-07-22,26.285221099853516,26.452217428437493,25.87107091845054,26.02470723496839,35494400
2010-07-23,26.605852127075195,26.692688369665266,26.03138443899269,26.164979442411674,28241000
2010-07-26,26.939851760864258,26.959890506973178,26.385422669005365,26.585817774580597,27209400
2010-07-27,27.180320739746094,27.54771469057321,27.12688324118322,27.21372204302978,44872200
2010-07-28,26.93316078186035,27.320593388204706,26.819604530583554,27.01331828559463,23945400
2010-07-29,26.859689712524414,27.273842454958494,26.659294621628923,27.193682380070832,28994300
2010-07-30,26.906450271606445,27.18032417528268,26.532380089899583,26.532380089899583,26406500
2010-08-02,27.81492042541504,27.855000479400825,27.207053621526466,27.37405002422292,35566700
2010-08-03,27.44083595275879,27.821587350558627,27.300557110283926,27.721388541385377,29967900
2010-08-04,27.581113815307617,27.654592606457726,27.293879930718134,27.534355047877863,23078100
2010-08-05,27.567750930786133,27.674628466368787,27.347314580306094,27.367355870088836,19830500
2010-08-06,27.013315200805664,27.353989012054978,26.699363951964326,27.21371275949858,34906600
2010-08-09,26.59918212890625,27.09349251494558,26.492304551946724,27.08681123304424,37790900
2010-08-10,26.164979934692383,26.539052576523044,26.15830120366032,26.498972545846453,34166500
2010-08-11,25.229793548583984,25.90445727185278,25.216433542914434,25.817621057241507,46201600
2010-08-12,25.256521224975586,25.376758764331658,24.862409856677644,24.955927376585407,35387300
2010-08-13,25.049453735351562,25.41016648069955,25.049453735351562,25.249848855601932,24564100
2010-08-16,25.176361083984375,25.26319987282565,24.902487255941544,24.929207275302137,28334100
2010-08-17,25.036088943481445,25.430200375639075,24.982651444087416,25.363402864356107,33883800
2010-08-18,25.30997085571289,25.510366001372695,24.975978096892373,24.975978096892373,27041700
2010-08-19,24.762218475341797,25.363406352207793,24.71545970138134,25.156329961695715,35384700
2010-08-20,24.808982849121094,24.95594048511747,24.588548943289176,24.78894409808982,30862000
2010-08-23,24.635299682617188,24.989331092087184,24.60857965785973,24.8557335164617,29282800
2010-08-24,24.187742233276367,24.515056085590437,23.994025923706026,24.441577309673328,48709200
2010-08-25,24.201107025146484,24.341383326077175,23.827034341169618,24.014071957238894,36058000
2010-08-26,23.800323486328125,24.46162768790375,23.79364220452338,24.28795258341631,31873200
2010-08-27,24.448251724243164,24.508370480456907,23.746867933856652,23.960622945247575,38448800
2010-08-30,23.9472713470459,24.448260308684194,23.933913883784445,24.314665290776617,27306500
2010-08-31,24.28795051574707,24.474985619759032,23.867118983557976,24.00739531156695,34784400
2010-09-01,25.209760665893555,25.249838144044528,24.488335481242594,24.541775516325387,36770500
2010-09-02,25.49031639099121,25.517036411871672,25.04276750796995,25.276561320270392,31282900
2010-09-03,26.164979934692383,26.164979934692383,25.697392317605804,25.697392317605804,34135600
2010-09-07,25.570466995239258,25.944539541991038,25.53038952291065,25.871060778507584,31885500
2010-09-08,26.131582260131836,26.338658604919395,25.610554580670783,25.610554580670783,30781000
2010-09-09,26.78621482849121,26.93317243907784,26.131589410310553,26.672658528064968,33438800
2010-09-10,26.559099197387695,26.88641317461787,26.498980407617342,26.66597676273919,21928600
2010-09-13,27.467557907104492,27.7013543172567,27.146925232877045,27.146925232877045,41643200
2010-09-14,27.200363159179688,27.541034552608387,27.026685548285226,27.36735948987571,42754100
2010-09-15,27.374032974243164,27.48091050347346,26.94652285732197,27.060079117308597,25399500
2010-09-16,27.380718231201172,27.45419447284103,27.086803071995064,27.200361896641514,25207500
2010-09-17,26.759492874145508,27.440838207282468,26.712734105532736,27.40743690270611,45938300
2010-09-20,27.514318466186523,27.59447855107019,26.739455482779462,26.8797343572448,33337500
2010-09-21,27.11353302001953,27.721399756118764,27.033375469150016,27.594483421561815,33548900
2010-09-22,26.6793270111084,27.280514688750497,26.552410745011166,27.006640868527146,34546000
2010-09-23,26.11823081970215,26.519023630015926,26.044754558565515,26.472264851037004,33471100
2010-09-24,26.552417755126953,26.585816513111087,26.251823836945967,26.39210014937646,28855100
2010-09-27,26.104867935180664,26.49897683388179,26.058106617743743,26.412140575606195,25684900
2010-09-28,26.018016815185547,26.31861058123613,25.790901808409618,26.291890569107053,31442600
2010-09-29,25.657310485839844,25.971264333697416,25.423516693708386,25.91114556598344,40207000
2010-09-30,25.423521041870117,26.018027541963345,25.356720984006934,25.71075492027767,54885200
2010-10-01,25.92451286315918,26.11154794944357,25.57716016851536,25.61055892704301,38973800
2010-10-04,26.051584243774414,26.44620397106356,25.89105988375504,26.071648831983783,38886100
2010-10-05,26.513086318969727,26.633478945156615,26.131843853193924,26.325810034433687,42379500
2010-10-06,26.68700408935547,26.800706887759727,26.365955190620898,26.459595941097394,31559900
2010-10-07,26.432832717895508,26.96790978679041,26.218801890337545,26.827452534602134,26923900
2010-10-08,26.292375564575195,26.60673190854313,26.171982904690037,26.533158332896782,28178500
2010-10-11,26.573287963867188,26.69368061421029,26.352569805870523,26.432830722283082,24601000
2010-10-12,27.021419525146484,27.081615856546296,26.39939161783139,26.39939161783139,38798100
2010-10-13,26.64687156677246,27.235457795459162,26.47297242382726,27.195326046418195,69607700
2010-10-14,25.897754669189453,26.339193553257516,25.483067723967462,26.25224273552405,76504900
2010-10-15,24.847665786743164,26.04489991578302,24.43966872959186,25.99808083231799,142280400
2010-10-18,25.549957275390625,25.590086464607428,24.754027669937898,24.84766839815801,55058700
2010-10-19,25.208839416503906,25.85093439677284,25.081759420627524,25.34929920836029,70595100
2010-10-20,25.483068466186523,25.616838370107583,25.0550068147981,25.416184789950346,43497200
2010-10-21,25.215534210205078,25.683727653915057,24.21895098643028,25.54326783478776,38250300
2010-10-22,25.215534210205078,25.275730546559917,24.961371617656972,25.081764290366653,24876900
2010-10-25,24.794158935546875,25.46300595846737,24.747339848058353,25.396122276754884,37893500
2010-10-26,24.8811092376709,24.921238425271664,24.600192167221255,24.733962079271137,39188100
2010-10-27,25.108518600463867,25.168714936377192,24.747340584983913,24.78747232607579,30777500
2010-10-28,25.088443756103516,25.389425343317534,24.968053672666112,25.215526288176214,30614600
2010-10-29,25.168712615966797,25.24228619212769,24.961369133281444,25.048319955239656,19803300
2010-11-01,25.028255462646484,25.416187977525297,24.814224610109562,25.155338035461487,36941900
2010-11-02,24.720579147338867,25.12857613710221,24.633630893235537,25.10182165055583,39913100
2010-11-03,25.228906631469727,25.302480200879927,24.720581543607533,24.733958788177432,35299600
2010-11-04,26.620115280151367,26.65355712638216,25.322552765671716,25.5098291457236,77569400
2010-11-05,27.38258934020996,27.65012910293613,26.60672709004199,26.6803006523641,75684800
2010-11-08,27.095001220703125,27.556507460318365,26.894347554172487,27.329099291197032,32967000
2010-11-09,26.68700408935547,27.208704084762413,26.57329873950165,27.041492286085873,32800100
2010-11-10,27.168560028076172,27.181937272084784,26.47964854604739,26.66692485927112,35587900
2010-11-11,26.767255783081055,27.048170283030892,26.653550472542776,26.934467523941294,25499700
2010-11-12,26.493032455444336,26.927781513584957,26.339197937814667,26.660244220448202,33504800
2010-11-15,26.80738067626953,27.181933247257003,26.559905525926485,26.633479081355606,28772500
2010-11-16,26.493032455444336,26.733817805281753,26.11178983535145,26.579983287652084,46023000
2010-11-17,26.20542335510254,26.539846825635806,26.071653456599517,26.47296315210859,32027500
2010-11-18,26.526473999023438,26.75388209892224,26.325820393571327,26.466277662242902,30987600
2010-11-19,26.359256744384766,26.51309122823079,26.25892868683591,26.35925674438477,26542000
2010-11-22,25.75729751586914,26.151917358169083,25.556643920951128,26.125165416575864,33249500
2010-11-23,25.168712615966797,25.563332436917147,25.14864547154644,25.42287263176965,35340400
2010-11-24,25.523197174072266,25.576706149870496,25.141954651579276,25.302479027525564,24248300
2010-11-26,25.081768035888672,25.40281436057412,25.081768035888672,25.222225324541796,12819100
2010-11-29,25.355985641479492,25.476378286477367,24.82090863673805,25.061693926733803,30911400
2010-11-30,25.01488494873047,25.275734934401733,24.90786950457176,25.075081295535334,33716700
2010-12-01,25.516510009765625,25.543261946407096,25.1820865629873,25.382740120764613,33157200
2010-12-02,26.292375564575195,26.33919464881401,25.636905833783068,25.703789510853163,41526000
2010-12-03,26.493032455444336,26.533161646117872,25.88438173288823,26.131854430688215,30070200
2010-12-06,26.68700408935547,26.787329637691656,26.28569424166204,26.406086940825112,25364500
2010-12-07,26.25225257873535,27.061557077731905,26.245565229378588,26.98798347755957,40908200
2010-12-08,26.927766799926758,26.97458841587707,26.125152807625458,26.325806305700784,38115900
2010-12-09,27.295639038085938,27.489602672488797,27.13511468220459,27.201998342143774,43001900
2010-12-10,27.710342407226562,27.7571615116845,27.26890331415897,27.34916427159403,28449000
2010-12-13,27.76384162902832,28.0848904780328,27.529746167722102,27.80397337301617,35730400
2010-12-14,27.282268524169922,27.757149260618352,27.068237697842495,27.717017523888693,34010800
2010-12-15,26.894336700439453,27.42272643183968,26.79401118338735,27.242137439407372,30264000
2010-12-16,26.760562896728516,27.208691638952192,26.633482906385165,27.03479001906298,37123200
2010-12-17,26.533153533935547,26.80069329672439,26.43951538239393,26.79400595080639,52004800
2010-12-20,26.720436096191406,26.934466915542064,26.546534460813607,26.640175176797065,22978200
2010-12-21,27.42271614074707,27.58324047981775,26.74049216473036,26.860884781171414,30757800
2010-12-22,28.198598861694336,28.452761521219458,27.529751637696418,27.53643898729854,47280400
2010-12-23,28.14507484436035,28.27215481908373,27.97117324584617,28.191893916703076,18927900
2010-12-27,28.539709091186523,28.54639899206671,27.957812735641216,27.971189985951977,17203200
2010-12-28,28.49956512451172,28.84067590061427,28.405926972305068,28.559761443994322,20386600
2010-12-29,28.332361221313477,28.606588407578545,28.29222948011042,28.479508387609023,13637400
2010-12-30,28.245410919189453,28.405935335553938,28.125018244778353,28.29891990846063,12901900
2010-12-31,28.37248992919922,28.39255707518443,28.11832989357674,28.165148981793983,12199700
2011-01-03,29.14834976196289,29.456018730320693,28.733662837882207,28.760417326812927,43278500
2011-01-04,29.570207595825195,29.663953316601862,29.021123327522453,29.31575310058902,40036800
2011-01-05,29.931800842285156,30.099204647270668,29.396109177207393,29.409499233752406,50032500
2011-01-06,29.784482955932617,29.998759609585576,29.630471770768253,29.730915069708978,31606200
2011-01-07,29.222007751464844,29.85814272045614,28.559090115039094,29.824662470378566,69579400
2011-01-10,29.06130599975586,29.309062953696845,28.79345884917443,28.974255292659933,30098100
2011-01-11,29.195228576660156,29.47646835519762,29.07469760791265,29.262191645064256,28067100
2011-01-12,29.938505172729492,30.065733738852362,29.630482688901747,29.757708700644475,44296900
2011-01-13,29.764400482177734,30.11260074337319,29.576906461915783,30.09251054747177,42133000
2011-01-14,30.07240867614746,30.762111288754653,29.76438639812662,29.80456166215986,86983800
2011-01-18,29.965282440185547,30.413923431623612,29.797878627670542,30.146078864227285,46237700
2011-01-19,29.268878936767578,30.11259549494291,29.195220858186328,29.831355790758067,44989200
2011-01-20,29.965282440185547,30.125991224126913,29.201921463817847,29.349237636232477,46977700
2011-01-21,30.326873779296875,30.494277583482376,30.03224144912761,30.166165003351882,44767400
2011-01-24,30.14608383178711,30.45410628452048,30.038945476298114,30.273309830686575,27826800
2011-01-25,30.045639038085938,30.420624541167328,29.637173279496153,30.012158782577544,36022400
2011-01-26,30.119298934936523,30.454106618812272,30.045640835783075,30.266615133243427,25639400
2011-01-27,30.199644088745117,30.387138079180627,29.92510196264304,30.11929098106089,26740900
2011-01-28,29.824670791625977,30.721955537700826,29.73092504350145,30.166173524705332,38593900
2011-01-31,30.092512130737305,30.199650481789753,29.73092179242264,29.737616821822268,23574500
2011-02-01,30.755422592163086,30.802295446100313,30.239818644474628,30.266603862261316,28255500
2011-02-02,30.434017181396484,30.78891248798563,30.360359086584452,30.66168649518833,24104900
2011-02-03,30.440702438354492,30.634891434267463,30.02554178332386,30.454095047146314,23322400
2011-02-04,29.858158111572266,30.246533810552684,29.663968984891728,30.132700390734847,38172900
2011-02-07,30.46748161315918,30.634885358286425,29.89830990147791,29.965270377777433,36790900
2011-02-08,30.62820053100586,30.681768419006865,30.34026578916002,30.460796730136387,28649500
2011-02-09,30.206344604492188,30.467494145610996,29.898322199807417,30.373748418479064,33491000
2011-02-10,30.487585067749023,30.494282651481974,30.099209505769803,30.199650272346265,22688600
2011-02-11,31.183984756469727,31.39826145114152,30.40053607052217,30.40053607052217,40812800
2011-02-14,31.16390037536621,31.404962320689982,31.11702750315103,31.204075663333533,28699200
2011-02-15,31.351381301879883,31.699581488440398,31.163889876185415,31.177282485789174,35972900
2011-02-16,32.101356506347656,32.382596260133795,31.53887955315502,31.572362361600256,44327800
2011-02-17,32.020999908447266,32.13483582516401,31.80672324044096,31.987519658017412,22932600
2011-02-18,32.14153289794922,32.228583598107434,31.840205516155038,32.021001945231546,23844300
2011-02-22,30.80898666381836,31.65270303912062,30.70184836029824,31.605830190979233,44561900
2011-02-23,30.77552032470703,31.1371132203167,30.326879274301547,30.829090777855043,36264800
2011-02-24,30.742029190063477,30.842472476982444,30.27329810840645,30.554537779152223,31926900
2011-02-25,31.257646560668945,31.378177535030854,30.88266102327856,30.969711739068824,26782100
2011-02-28,31.264326095581055,31.592438597477862,31.083529723643476,31.344681741583575,25985300
2011-03-01,30.534456253051758,31.264337022541323,30.527761224067646,31.117023395474362,33682600
2011-03-02,30.27329444885254,30.782203294634048,30.17954875472926,30.3938253568335,28600000
2011-03-03,30.855878829956055,31.02328267980335,30.608119293028434,30.614816877475146,23043600
2011-03-04,30.48088836669922,30.829088624703033,30.199648616073993,30.78891078764811,27716900
2011-03-07,30.259923934936523,30.5679490104342,29.97198906168941,30.547858808183634,28110800
2011-03-08,31.070148468017578,31.264334948228356,30.33357016403447,30.387140609871544,32941500
2011-03-09,31.177282333374023,31.538872573391508,30.815689538977452,31.023271155252317,25174700
2011-03-10,30.487585067749023,30.969708921331268,30.306788622655677,30.855875541668663,33783700
2011-03-11,30.62820053100586,30.695161029601937,30.300087957374807,30.32017559607777,20337600
2011-03-14,30.33357048034668,30.494279265154297,29.884929486490346,30.41392359556075,24508900
2011-03-15,29.87152671813965,30.125981143242072,29.362617867934798,29.831348897003913,35606000
2011-03-16,29.33584213256836,29.98536712411371,29.23539883320999,29.89162140704815,41962900
2011-03-17,29.838050842285156,29.871531087606293,29.061297400691416,29.771087797263895,46741800
2011-03-18,30.62820053100586,30.922830300959593,29.96528035563586,30.29339292926691,77421000
2011-03-21,30.554540634155273,31.01657417752117,30.346959013836553,30.989788957922794,28985300
2011-03-22,30.44740867614746,30.608114918580245,30.367053000551405,30.574634664271723,19756600
2011-03-23,30.534456253051758,30.59472173142721,29.978676889704442,30.326877147609338,26688900
2011-03-24,30.621496200561523,30.695154265412995,30.1929429734752,30.6014085662852,21748100
2011-03-25,30.70856285095215,31.0567631677257,30.58133428932755,30.601424488435676,20710400
2011-03-28,30.77552032470703,31.1371132203167,30.768825295253432,30.86926606333625,19039400
2011-03-29,30.815698623657227,30.82909123714375,30.48089094963363,30.688472627105,17913300
2011-03-30,31.10362434387207,31.371468872239202,30.949613165325673,31.15719222779386,26829100
2011-03-31,30.869264602661133,31.029973400120927,30.775518868467785,30.835784348217746,23340500
2011-04-01,31.036678314208984,31.39157627660432,30.922844901970446,31.170601929015877,25387300
2011-04-04,31.19825553894043,31.31944016344345,31.003013358548603,31.05014042716282,15708000
2011-04-05,31.35981559753418,31.487731476949325,31.002993292671366,31.083782133974037,21058400
2011-04-06,32.07347869873047,32.134071016402444,31.393500527729746,31.514685163073693,31203300
2011-04-07,31.911895751953125,32.18119290067324,31.615665549658825,32.0734735275387,29972000
2011-04-08,31.53486442565918,32.08692631979081,31.393483284822615,31.992672225899767,23808000
2011-04-11,31.54833221435547,31.824363183743355,31.474274686528926,31.642586315868652,25641600
2011-04-12,31.400226593017578,31.716653373081996,31.137660783275788,31.339634285520823,27231300
2011-04-13,31.13766098022461,31.891696591883886,30.888560411487894,31.804176366904663,55383900
2011-04-14,30.275897979736328,30.801029463509543,30.23550226243387,30.75390241077255,45214600
2011-04-15,30.2220458984375,30.54520402706159,30.18165273750481,30.457683799552417,32475000
2011-04-18,29.595924377441406,29.858490180072657,29.306428090378148,29.80463177944098,50958800
2011-04-19,30.060468673706055,30.10086183538514,29.46127690372984,29.7979002816292,26705000
2011-04-20,29.999874114990234,30.27590516145472,29.582459308545506,30.22877809753876,35542800
2011-04-21,30.080665588378906,30.188384967772866,29.703646476383767,30.08066558837891,24368100
2011-04-25,30.033540725708008,30.30957181618794,29.878694266973685,30.060471214592095,17358900
2011-04-26,30.376880645751953,30.58558798040186,30.033526068857224,30.19510378684362,25900000
2011-04-27,30.632722854614258,30.720245639018163,30.329761345702405,30.498073009738746,20857200
2011-04-28,30.868350982666016,30.922211935390933,30.57212344737373,30.706773260954435,19859000
2011-04-29,30.72024154663086,30.982807296632792,30.565395144533102,30.841426134052032,23363000
2011-05-02,30.417278289794922,30.9626089011293,30.370151238372017,30.928944520200066,25904000
2011-05-03,30.915477752685547,31.016465754015965,30.201838113153332,30.26243040030527,30025500
2011-05-04,30.632722854614258,30.99627666530848,30.484607768427978,30.955880941376172,22727400
2011-05-05,30.41055679321289,30.77411068242516,30.2893747317082,30.45768643209543,26154500
2011-05-06,30.323022842407227,30.774096762663206,30.1345120768426,30.612519041586747,26332300
2011-05-09,30.2691650390625,30.370153051415638,29.83828764705521,30.12778387635358,22469500
2011-05-10,30.40380859375,30.632712482059475,30.28262403121961,30.33648497822481,20534200
2011-05-11,29.77769660949707,30.323027276392125,29.696907737145487,30.30956203629487,31519600
2011-05-12,29.68343734741211,29.845017632315436,29.31988363255325,29.690168682176978,29567900
2011-05-13,29.050582885742188,29.69016490451825,28.936129663450007,29.66323700065348,32872500
2011-05-16,28.868804931640625,29.27275172448629,28.761085615666378,28.929397207390583,34951100
2011-05-17,29.49493980407715,29.636320999267166,28.71397370958582,28.734170289403696,36277100
2011-05-18,29.676708221435547,29.7844275633113,29.225631711671525,29.434339060157168,24372100
2011-05-19,29.62285804748535,29.85849339102457,29.454546354033727,29.838296809644817,19518000
2011-05-20,29.037132263183594,29.68344850937018,29.01020177753437,29.508405489115155,29946700
2011-05-23,28.646650314331055,28.882288231058965,28.478338617339414,28.545664837075677,32299500
2011-05-24,28.505264282226562,28.89574601769781,28.06765291679778,28.79476055752888,39341400
2011-05-25,28.458127975463867,28.781285965839917,28.343674742575516,28.35040864533852,26505300
2011-05-26,28.579315185546875,28.673569287093084,28.343677363449693,28.357142601989388,21648100
2011-05-27,28.80821990966797,29.05058907369524,28.639908275563666,28.74762761866115,24747300
2011-05-31,29.11118507385254,29.205439190043094,28.794758339585343,29.11118507385254,28746300
2011-06-01,28.114784240722656,28.942880035394204,28.094587659273518,28.862088573132382,38628700
2011-06-02,28.01378631591797,28.41100184003513,27.488654885747703,28.229224983076616,45964000
2011-06-03,27.98685073852539,28.44465846483807,27.616565757363052,27.663692796698385,31833100
2011-06-06,27.286684036254883,27.76469107691561,27.17896468235218,27.670434395047764,40895900
2011-06-07,27.414608001708984,27.811823679981654,27.367480935492946,27.549255294764812,36312000
2011-06-08,27.19243812561035,27.650246159859236,27.06452215683569,27.320356662617773,38890700
2011-06-09,27.58963966369629,27.76468518176655,27.293412145418486,27.327073954822325,30082300
2011-06-10,27.63677406311035,27.939735564808917,26.997189241353844,27.327081225032753,48545700
2011-06-13,28.05418586730957,28.155173889203052,27.414603622757774,27.79835399678168,31767100
2011-06-14,28.01378631591797,28.572579556288368,27.926263554812426,28.363874792108643,32103500
2011-06-15,27.387670516967773,27.87240886643929,27.098174288059152,27.616574452192452,37336400
2011-06-16,27.172224044799805,27.407859248227357,26.727881541028484,27.354000873828674,50316600
2011-06-17,27.468463897705078,27.643509471869834,27.29342089177258,27.502125717896067,31999600
2011-06-20,27.253023147583008,27.4751957672021,27.010653950992026,27.266488388308293,21565400
2011-06-21,27.54251480102539,27.757953480172127,27.09817220425629,27.38766841090315,34241100
2011-06-22,27.39438819885254,27.959915135291986,27.253007106800315,27.380922966052722,27306300
2011-06-23,26.976985931396484,27.098170501832143,26.674024505307347,27.01064774135495,48307500
2011-06-24,26.58651351928711,27.051052821327477,26.552849129440055,26.963530030543396,36136800
2011-06-27,26.849075317382812,27.003921728292365,26.478790198405015,26.525917255280444,30632700
2011-06-28,26.620182037353516,26.977002059047486,26.418208488625478,26.977002059047486,41558700
2011-06-29,27.232831954956055,27.306889509471386,26.87600942576695,26.956800886092356,44775900
2011-06-30,27.562715530395508,27.650238309567516,27.17896516479089,27.414603021295214,28000100
2011-07-01,28.16558837890625,28.26042159219368,27.616907179728805,27.644003121814144,32136800
2011-07-05,27.793027877807617,28.11817145703289,27.75238654541163,28.11817145703289,23805800
2011-07-06,27.47466278076172,27.535627370476888,27.21725644818525,27.494983449329517,23865700
2011-07-07,27.989471435546875,28.307842341614187,27.840446316279344,27.90141090288773,28550800
2011-07-08,27.596593856811523,27.752391689232905,27.47466466900141,27.569497907517732,20680000
2011-07-11,26.709209442138672,27.244342583122478,26.614376244295634,27.224019337862654,38328000
2011-07-12,26.68211555480957,27.176604827282787,26.58050965674608,26.58050965674608,33808300
2011-07-13,26.83791160583496,27.34594881550226,26.695661807290726,26.871780236343938,34020600
2011-07-14,27.332401275634766,27.93527427780797,27.291759951990244,27.894630370152534,65327400
2011-07-15,27.08176612854004,27.60335123496293,26.75662266947327,27.50851804906977,46544900
2011-07-18,26.980165481567383,27.095319348473108,26.370519762622333,26.95306954205627,47603200
2011-07-19,27.359506607055664,27.427246476404306,26.898885831532088,27.04113568114654,34837400
2011-07-20,27.745607376098633,28.016561612791563,27.51529705011297,27.56271365393257,31250900
2011-07-21,28.646535873413086,28.82265436675872,27.928508758055443,28.158819147207005,45552200
2011-07-22,28.578779220581055,28.666839707545684,28.287504411706767,28.632971084562456,19986100
2011-07-25,28.240097045898438,28.38912213650835,27.969145389529952,28.124943173344338,22522300
2011-07-26,28.070756912231445,28.30784256603773,27.969150989753032,28.11140083162981,24350600
2011-07-27,27.549169540405273,28.043661479197265,27.494980235887194,27.908184341884862,32361100
2011-07-28,27.555940628051758,27.935276038038744,27.515296717835305,27.562713321082292,23370200
2011-07-29,27.400146484375,27.603360894402673,27.02758630198903,27.25789665575677,37793400
2011-08-01,27.39337158203125,28.02333807056265,27.068228004726564,27.881088239994,34039300
2011-08-02,26.9869384765625,27.352725912024574,26.9869384765625,27.1630569173344,42119000
2011-08-03,27.027591705322266,27.108876968781534,26.655028864442425,26.932755883272527,41110100
2011-08-04,25.68636703491211,26.81759820506561,25.618629755554615,26.627931755655364,59931100
2011-08-05,25.469602584838867,26.248594154645804,24.87350733936348,25.94377125411216,85507800
2011-08-08,23.071672439575195,25.550894817839833,22.821038798157378,24.54159272524037,107650300
2011-08-09,24.656747817993164,24.785449686898243,22.821037508383505,23.965816691426152,78985700
2011-08-10,23.28165626525879,24.28418293636442,23.02425254949631,24.060647858569485,83975700
2011-08-11,24.853181838989258,25.266385890731183,23.457774484726386,23.457774484726386,69583500
2011-08-12,24.3248233795166,25.63894546672685,24.101288333635406,25.1512314647992,44072800
2011-08-15,24.981889724731445,25.158008195692478,24.649970865136453,24.74480408673174,34827900
2011-08-16,24.406108856201172,24.771896299257698,24.229990411772718,24.568681914452217,42266600
2011-08-17,24.771902084350586,25.239295536956778,24.602556293462758,24.69738952291807,30131400
2011-08-18,23.83711051940918,24.02677954581527,23.369717107503245,23.891302408099914,57130300
2011-08-19,23.268098831176758,24.047090107706623,23.20713427402216,23.545825683989857,52960800
2011-08-22,22.631372451782227,23.830341017553636,22.590728529819664,23.789697095591073,50971400
2011-08-23,23.55937957763672,23.572927547525126,21.886245348589267,22.55008036905509,55807900
2011-08-24,24.270631790161133,24.392558341114835,23.49164038166673,23.58647357908118,41959800
2011-08-25,24.196125030517578,26.126665821671025,23.992908034386524,25.598307833357755,55387600
2011-08-26,24.528034210205078,24.71092790344569,23.586472391826547,23.898067905935424,35114200
2011-08-29,25.4966983795166,25.4966983795166,24.704161426755935,24.941244468006214,27943900
2011-08-30,25.103811264038086,25.55088387574253,24.893821634294063,25.334121553947085,28818700
2011-08-31,25.44249725341797,25.76086539170885,25.212187012946828,25.34766149698032,30051100
2011-09-01,24.58901023864746,25.618633037662327,24.582237543448663,25.48315587757923,36862300
2011-09-02,23.457778930664062,23.877755755175095,23.376491093136803,23.74905388844103,41677300
2011-09-06,22.651683807373047,22.692327712624607,22.204611185648933,22.42814878851637,57071200
2011-09-07,23.586471557617188,23.694852714517936,22.942957308014343,23.09875505955851,36145900
2011-09-08,22.699106216430664,23.64744357634839,22.65168960683592,23.329072697059605,44815300
2011-09-09,21.730440139770508,22.489108106003872,21.62883169235981,22.40782289848141,67187400
2011-09-12,21.960750579833984,21.960750579833984,21.14111795809667,21.235952434896582,53377600
2011-09-13,22.008174896240234,22.63136601844287,21.791409958070744,22.22493725039864,50137600
2011-09-14,22.21816062927246,22.482339570921233,21.58142157545206,22.170744028669397,44442500
2011-09-15,22.902318954467773,22.909091647146326,22.44169833199794,22.60426879639262,35847800
2011-09-16,22.64491081237793,23.21391255823767,22.367183923566078,23.064887491652037,52683800
2011-09-19,22.008174896240234,22.279126546932694,21.76431660180926,22.143649429580922,33154800
2011-09-20,21.845600128173828,22.2181602337126,21.83882743564151,22.19783957210476,34085100
2011-09-21,20.551803588867188,21.981082359409196,20.497612991936982,21.832057248846827,57389200
2011-09-22,19.82699966430664,20.07085665275765,19.325736426039242,19.881190249740808,86285600
2011-09-23,20.043764114379883,20.1860139316053,19.549274808778762,19.617012078692422,51731300
2011-09-26,21.43917465209961,21.54755584370535,20.294396862257557,20.362135430012575,58696100
2011-09-27,21.384981155395508,22.441699568214776,21.168218801588132,22.096232790326653,58242900
2011-09-28,20.639862060546875,21.676258641989026,20.605993423221047,21.418853639097915,38725900
2011-09-29,21.263051986694336,21.75076857426912,20.619538910985607,21.391755118638297,51014100
2011-09-30,20.402772903442383,20.965000641868972,20.39599891960528,20.822749565300395,42420600
2011-10-03,19.40702247619629,20.79565838598685,19.40024849123081,20.34181172934397,51002700
2011-10-04,20.67804527282715,20.794214117751185,19.031181902855007,19.304519978153106,69800000
2011-10-05,21.074382781982422,21.299886824647704,20.090364548816403,20.65754146239141,51117200
2011-10-06,22.126741409301758,22.1814077268684,20.78738274106781,20.985552378228288,53214000
2011-10-07,20.978717803955078,22.28390825374904,20.944549729936615,22.263408712716714,49320600
2011-10-10,22.07206916809082,22.085736397118083,21.580060653517727,21.59372788254499,37324800
2011-10-11,22.07206916809082,22.331741306093978,21.46389181354341,21.853398717169448,38161700
2011-10-12,22.687084197998047,23.144924695650527,22.33857633233753,22.386410336368158,55462500
2011-10-13,21.593725204467773,22.201903786966916,21.129049902200038,22.174569332302443,78830000
2011-10-14,21.79190444946289,22.08574345049693,21.457065051631737,21.77823851944993,51899600
2011-10-17,21.211055755615234,21.92856837493683,21.16322045139886,21.62106222186828,40865400
2011-10-18,22.46158218383789,22.8374219607081,21.27939392224201,21.429730875693338,64392400
2011-10-19,22.037904739379883,23.240592347175767,21.88756781087127,22.393244911554447,50119300
2011-10-20,22.639251708984375,22.680250797035587,21.64156595940497,22.08574055947201,41657100
2011-10-21,22.837419509887695,23.261095859281802,22.55724778555047,22.878421203726493,48445300
2011-10-24,23.62327003479004,23.705270821507565,22.93992406304197,22.96725852753382,45697200
2011-10-25,22.88525390625,23.40459561078608,22.79641821491548,23.356761609319243,38679100
2011-10-26,23.356761932373047,23.513931168903312,22.89208653447591,23.3089279302446,36350900
2011-10-27,25.29746437072754,25.652804535243387,24.395448032632547,24.983125896764236,76438300
2011-10-28,25.07196044921875,25.270131388343447,24.73028749490352,25.017294132042355,39891200
2011-10-31,23.75310707092285,24.600457302769662,23.73260752399985,24.55262328877716,46429800
2011-11-01,22.352243423461914,22.98775530933814,21.757733229394947,22.18824186974026,74052400
2011-11-02,22.987749099731445,23.056085234287462,22.59140994633452,23.035583090542158,34325900
2011-11-03,23.49342918395996,23.589097178268243,22.44107603305418,23.31575781730972,40084700
2011-11-04,23.213258743286133,23.274759972426057,22.857918597895186,23.226925972734726,30858700
2011-11-07,23.397762298583984,23.466095838683604,23.035587237135125,23.254257693562852,25925900
2011-11-08,23.930774688720703,24.040109932826905,23.247428761367484,23.595934037344175,30193100
2011-11-09,22.236080169677734,23.226932422402477,22.126744910486202,23.124429476453706,52990400
2011-11-10,22.372745513916016,22.707583539159256,22.058404424386964,22.495745375504978,30427400
2011-11-11,22.741756439208984,23.131263491660555,22.56408760748446,22.741756439208984,29983400
2011-11-14,22.24291229248047,22.536751287809075,22.017409462785363,22.516251741498113,27596300
2011-11-15,22.34541130065918,22.625583013499455,21.921737575408503,21.928569887389024,31260500
2011-11-16,21.50489616394043,22.201910635733107,21.457062156900474,22.099407702500134,40761800
2011-11-17,20.83521842956543,21.525398014368108,20.732716794934714,21.4570631568213,55130100
2011-11-18,20.92405128479004,21.081220523370362,20.72588035524012,20.958218057219213,39029900
2011-11-21,20.438879013061523,20.63021636468698,20.227042115340566,20.514047491089215,39658100
2011-11-22,20.097196578979492,20.568705468625982,20.07669573912409,20.432035809680244,36466200
2011-11-23,19.393348693847656,19.91952514957063,19.35918193319172,19.892192001721558,44468500
2011-11-25,19.461694717407227,19.93320384537482,19.32502629276182,19.32502629276182,21423200
2011-11-28,19.926368713378906,20.54821345218337,19.694030975432288,20.30220848179777,45280100
2011-11-29,19.516357421875,19.905864354037757,19.461689805139507,19.80336273558105,45104700
2011-11-30,21.16322135925293,21.18372220479653,20.363706630356102,20.602877948182794,61412600
2011-12-01,20.814716339111328,21.16322291876085,20.520878684939927,21.08805575298627,33189700
2011-12-02,22.092571258544922,22.734915380640047,21.05388401256573,21.10171801066019,90515100
2011-12-05,22.89891815185547,23.302092305254657,22.700749837656655,22.98775384172513,52207600
2011-12-06,22.70758628845215,22.946758942198258,22.331746526003126,22.728085833405984,38782900
2011-12-07,23.23375701904297,23.363591781599098,22.359075236017816,22.427408772782655,44722800
2011-12-08,22.01740264892578,23.028754126488884,21.921734653404016,22.926251213139924,47788900
2011-12-09,22.673419952392578,22.762255660184195,22.113076454183417,22.113076454183417,39104600
2011-12-12,21.8944091796875,22.277081318798945,21.703071806752554,22.2429145359152,35977900
2011-12-13,21.381893157958984,22.297576739165432,21.094887836933403,22.119905351020403,49475100
2011-12-14,21.53223419189453,21.82607320193505,21.067558669354103,21.101725450502425,41291500
2011-12-15,21.70306968688965,22.058408625661958,21.573233578530655,21.93540613388808,33457300
2011-12-16,21.79190444946289,22.277079504469526,21.737236819273704,21.976408190118562,52596800
2011-12-19,20.978717803955078,21.79873202971689,20.787380499587943,21.778232488684566,47388000
2011-12-20,22.01057243347168,22.16774168922923,21.347727330899197,21.457062578676535,49091600
2011-12-21,22.085739135742188,22.147240370612295,21.798733807474644,21.867068657705747,30893000
2011-12-22,22.857925415039062,22.926258975904332,22.236080626835385,22.33858096813329,35543200
2011-12-23,22.939918518066406,23.028754202812774,22.63924730160758,22.974085287043508,21958800
2011-12-27,22.5709171295166,23.021925376927427,22.5709171295166,22.700754535446947,16891600
2011-12-28,22.311237335205078,22.611908493823172,22.256568429952583,22.54357496901443,19242700
2011-12-29,22.837419509887695,22.905755666285692,22.35224452987213,22.35224452987213,19792000
2011-12-30,22.721248626708984,22.837416165436558,22.59141385870333,22.625580628519824,18196900
2012-01-03,23.903440475463867,24.046942496083766,23.24059408485119,23.27476346698172,44102800
2012-01-04,24.054853439331055,24.192506913873018,23.628130031220447,23.70383694797296,36571200
2012-01-05,24.557283401489258,24.7224654504223,23.67630547245617,23.889665837788126,38381400
2012-01-06,24.337045669555664,24.619234154814293,24.185626561433743,24.564171706216484,33160600
2012-01-09,24.295757293701172,24.557298764574124,24.082396794890553,24.392113986779897,23001800
2012-01-10,24.811948776245117,25.018427718280893,24.612351327884245,24.825714389117127,35972800
2012-01-11,25.231788635253906,25.28685108206261,24.543523803276965,24.63988045967022,29852900
2012-01-12,25.36255645751953,25.500209940603423,24.894536190347388,25.341909353989582,39420700
2012-01-13,24.72247886657715,24.72247886657715,24.17875148279309,24.268224047218702,61571500
2012-01-17,24.027326583862305,24.55729085052737,23.745138091276715,23.986029746341686,55115100
2012-01-18,25.149202346801758,25.24555902141807,23.765788302603333,23.77267242251734,55502100
2012-01-19,25.41762351989746,25.569042641358074,25.266204398436848,25.355679572529237,37000400
2012-01-20,25.713573455810547,25.741104678051133,25.20425634644715,25.314378609887633,34716500
2012-01-23,25.92005729675293,26.112770638011604,25.651634392707678,25.679165620179592,27499200
2012-01-24,25.92005729675293,26.078357916432893,25.328149033718596,25.58969044365705,25403800
2012-01-25,25.878765106201172,26.030184258985773,25.54839819373527,25.71358296272964,29860700
2012-01-26,25.80306053161621,26.222900049825682,25.63787574740946,26.07148350861949,33284600
2012-01-27,25.610332489013672,25.920052173043395,25.569038281490936,25.62409810002853,27674600
2012-01-30,25.472679138183594,25.58280140135905,25.025308592699126,25.23178750796287,24423600
2012-01-31,25.672285079956055,25.837469842296365,25.417627754140693,25.830585721707376,29649500
2012-02-01,25.878765106201172,26.174719290904076,25.809939650675172,26.078362602958542,41957800
2012-02-02,25.844345092773438,26.264187079485612,25.754869925394917,25.94070175355549,26784200
2012-02-03,26.346778869628906,26.49819798399023,26.188478261670326,26.339897376031647,41074400
2012-02-06,26.250417709350586,26.37430557705614,26.023291702238204,26.195357893437958,23106200
2012-02-07,26.06458854675293,26.236654755373866,25.94758478514125,26.057707053637767,21091900
2012-02-08,26.360544204711914,26.394956923380093,26.133418161084226,26.18847798584888,23258700
2012-02-09,26.057710647583008,26.622087679658218,26.043945033932104,26.567025225054614,28608400
2012-02-10,25.885637283325195,25.995759536669624,25.541504913433652,25.61721445489325,22618800
2012-02-13,26.360544204711914,26.388075429855313,26.00264615441415,26.2091277174675,24828000
2012-02-14,26.0990047454834,26.33301492545022,25.768637895916534,26.312367817828022,27031900
2012-02-15,25.741111755371094,26.429376747487726,25.67916780105969,26.20913216005221,26534900
2012-02-16,26.15406608581543,26.236657138308626,25.500213908565602,25.569041973578447,22139600
2012-02-17,26.477554321289062,26.59455810631486,26.312369572727494,26.567026877300844,28009300
2012-02-21,26.470664978027344,26.821681514886425,26.43625226131147,26.601436977278446,22804200
2012-02-22,26.202247619628906,26.422492203532325,26.085243833096325,26.36054825021433,23416900
2012-02-23,26.491317749023438,26.511964856318343,25.982000556396713,26.19536362535912,31361400
2012-02-24,26.346778869628906,26.62208587291819,26.284834925164926,26.60832026020151,17586400
2012-02-27,26.883628845214844,27.00063262190741,26.009532077693535,26.20224541602121,34030400
2012-02-28,26.986862182617188,27.220872319679188,26.73908643449015,26.931802363878877,37900900
2012-02-29,27.007518768310547,27.48930215028694,26.85609963367653,27.06946272106787,41187700
2012-03-01,27.785253524780273,27.84031597752028,27.1658166845887,27.19334528543645,44376700
2012-03-02,27.96421241760254,28.13627869672176,27.688905320802558,27.82655886920255,34897900
2012-03-05,27.805904388427734,28.019264837668864,27.530597364573058,28.01238334355756,30806900
2012-03-06,27.06256866455078,27.44111373662414,26.924915195018226,27.152043813575172,33927500
2012-03-07,27.496173858642578,27.571883391784542,27.10386321010814,27.158923017970544,22875100
2012-03-08,27.83342742919922,28.046790461332183,27.682010959302705,27.854077158451982,22052300
2012-03-09,28.239519119262695,28.521707734284814,27.874739418886683,28.046805711595862,33494200
2012-03-12,27.90225601196289,28.205091583006105,27.668245871672532,28.1225005409983,30763800
2012-03-13,29.86380958557129,30.097819725206655,28.094969239850588,28.2326227264929,77277600
2012-03-14,29.994577407836914,30.28364732661335,29.643560934440938,30.022106000919305,68028700
2012-03-15,30.765438079833984,30.91685455537483,29.547209029382728,30.03587642305742,57117700
2012-03-16,30.67597007751465,30.9168617713183,30.435078383710998,30.882449047278143,48844500
2012-03-19,30.971912384033203,31.2128039857004,30.42818262538834,30.586483195844146,41509300
2012-03-20,31.233470916748047,31.384887453118996,30.538321696710405,30.648444007490635,34796200
2012-03-21,31.054508209228516,31.433053338366282,30.87556050972552,31.336696682824517,27267900
2012-03-22,30.731021881103516,31.040738915600038,30.565837187253283,30.77920020315949,27457200
2012-03-23,31.082035064697266,31.143978995344227,30.586483619521566,30.59336773710544,30639300
2012-03-26,31.777198791503906,31.77719879150391,31.247236968547423,31.302296811942124,33529400
2012-03-27,31.58448600769043,31.997446655932244,31.543191780732403,31.605133121169445,33026400
2012-03-28,31.84601402282715,31.873545246172878,31.21969313208261,31.494997488974008,29755800
2012-03-29,31.433053970336914,31.673948239556523,31.15774960975708,31.605120180270063,32262300
2012-03-30,31.646413803100586,31.749654568788284,31.316047028630393,31.71524185539963,25945800
2012-04-02,31.749666213989258,31.90108273354051,31.288527283774364,31.488124770367715,27669300
2012-04-03,31.465618133544922,31.86049954015947,31.153873688246144,31.687307007123117,31036400
2012-04-04,30.765913009643555,31.077660011995214,30.454166007291892,30.95296121105455,41342900
2012-04-05,30.71742820739746,30.9876081399917,30.350260877739483,30.57194711180185,28832300
2012-04-09,30.405689239501953,30.675869244290073,29.83761778258614,29.920749481895776,29376400
2012-04-10,29.761402130126953,30.488810188703475,29.55357163377768,30.398751980667278,38841000
2012-04-11,30.488805770874023,30.62736029593303,30.183987929910423,30.197843646687097,32142200
2012-04-12,31.063819885253906,31.167736485757008,30.481892736396166,30.565024431173292,33631100
2012-04-13,29.934600830078125,31.14002218606437,29.830686881807267,31.14002218606437,58183900
2012-04-16,30.017738342285156,30.34333858596955,29.678279732778357,30.052376328714267,40387600
2012-04-17,30.412628173828125,30.481904171679794,29.899976804512054,30.26714435000375,26887000
2012-04-18,29.990036010742188,30.419552986963286,29.97618028341767,30.218648904822373,20242900
2012-04-19,29.941543579101562,30.267143935800494,29.629796307615454,30.09395130083153,25961800
2012-04-20,29.59514045715332,30.190923184899535,29.588211276016764,30.14242684506849,26178100
2012-04-23,29.685209274291992,29.76141443776611,28.95780091490048,29.040932619277136,25536300
2012-04-24,29.98309326171875,30.003878164657568,29.657493066374464,29.775262731290603,21420400
2012-04-25,29.899972915649414,30.405695033778926,29.775274021567114,30.239431603475577,31694000
2012-04-26,30.34333610534668,30.405685532905483,29.830687605604275,29.941530738741182,28100300
2012-04-27,30.024660110473633,30.474961790609598,29.948454966815987,30.44032116697718,26242900
2012-04-30,29.775253295898438,30.045433164109383,29.470435457377217,30.01772437348581,23518000
2012-05-01,30.336408615112305,30.648155743137668,29.761408063120122,29.789119506213193,26359700
2012-05-02,29.927663803100586,30.156276523350986,29.678266186312687,30.10778283594309,22462200
2012-05-03,29.796043395996094,30.059296796552907,29.56050143606809,30.05237025774992,19536400
2012-05-04,28.92316246032715,29.567439104991887,28.895451011743695,29.32497053665965,31279900
2012-05-07,28.943931579589844,29.37345090942574,28.65989596738636,28.701463121382478,25910100
2012-05-08,28.666837692260742,28.98551141755765,28.368946231702157,28.749969393923166,28049700
2012-05-09,28.154184341430664,28.417437793259747,27.79394347121953,28.209607233482657,38769900
2012-05-10,28.223447799682617,28.680675842731024,28.08489328666938,28.56290358172214,35827100
2012-05-11,25.60478973388672,26.318344942162074,25.36924772544117,25.729488599693713,217294200
2012-05-14,24.794254302978516,25.265338406396815,24.77346939305366,25.00901144476281,96488500
2012-05-15,25.105993270874023,25.819545732914907,25.022858943924888,25.071352646624252,89903700
2012-05-16,24.565629959106445,25.61864095028397,24.565629959106445,25.487015567402473,68729600
2012-05-17,23.505691528320312,24.316231339713507,23.47105354917425,24.274666821821594,95429200
2012-05-18,23.20087242126465,23.547257480363978,22.840631642676353,23.547257480363978,82650100
2012-05-21,22.521961212158203,23.35328609781904,22.3487686377584,23.221660692650417,99554800
2012-05-22,23.561113357543945,23.95599480314315,22.854490078577594,23.083102870547037,84721000
2012-05-23,23.734304428100586,23.845147547568626,23.00689629142228,23.290931950228416,52512900
2012-05-24,23.53340721130371,23.886718890621744,23.290936028151947,23.859007445225735,37843800
2012-05-25,23.20780372619629,23.644249730259347,23.06232260574488,23.554188856438024,28796400
2012-05-29,23.297866821289062,23.554191102148014,23.110818515999856,23.54033537849225,35855200
2012-05-30,22.83370590209961,23.166235291814615,22.826779362665594,23.069247883486323,34203600
2012-05-31,22.96533203125,23.187018272675957,22.799066028826303,22.833704008541275,42124900
2012-06-01,22.120155334472656,22.61895078360334,22.009312194966824,22.452684752990145,50472200
2012-06-04,21.475872039794922,22.286411748280855,21.35810107575479,22.27948521041441,60492400
2012-06-05,22.16171646118164,22.258705178607265,21.378886789988826,21.399669048373184,46502800
2012-06-06,22.90990447998047,23.076170448515384,22.35568898937728,22.660506848532055,47980500
2012-06-07,22.72978401184082,23.436409709083865,22.7228548321194,23.394842558878597,53888800
2012-06-08,23.332502365112305,23.332502365112305,22.549671238168212,22.702081539708335,34238200
2012-06-11,22.736713409423828,23.859000179086575,22.7090019724672,23.810506485766513,46404900
2012-06-12,23.39484977722168,23.401776316372494,22.521957852539657,22.778284727165328,43334400
2012-06-13,23.762025833129883,24.29545939510888,23.297870901562817,23.339435437100445,72456600
2012-06-14,24.004486083984375,24.170749435422874,23.602678139709415,23.838220089837556,44428000
2012-06-15,24.26773452758789,24.295445964433608,23.83821782731156,24.17074714133595,40917100
2012-06-18,23.98371124267578,24.4547953405221,23.90057953208803,24.046060686293956,31084400
2012-06-19,24.510208129882812,24.683400663729085,24.059906484799168,24.24002819991596,32489000
2012-06-20,25.25147819519043,25.590934165387463,24.821961345208695,24.960513292312548,61149700
2012-06-21,24.600255966186523,25.653266444844654,24.54483575294516,25.27917273802059,95637000
2012-06-22,24.932798385620117,25.279183454011733,24.912013484474947,24.953580644056945,44193500
2012-06-25,24.46864128112793,24.57255785983873,23.997557371666797,24.42707412110193,33115800
2012-06-26,24.738828659057617,25.022864397937774,24.648770415963078,24.981299868112348,35053600
2012-06-27,25.480087280273438,25.507798722708323,24.593342264026017,24.690329669839503,34156800
2012-06-28,24.856597900390625,24.891235885171646,24.143042728899196,24.468645599800226,69904800
2012-06-29,24.752676010131836,25.49393982530809,24.420146670467485,25.424663870560284,56063200
2012-07-02,25.13370704650879,25.189129942114292,24.655696464102338,25.12678050591266,34274900
2012-07-03,25.063852310180664,25.2454732504764,24.826346363797775,25.11973465152406,26705900
2012-07-05,24.016029357910156,24.910168023024752,23.90426202477083,24.8752412310581,58519800
2012-07-06,23.68072509765625,23.834403500586266,23.5619708186152,23.694693681314572,32057200
2012-07-09,23.722646713256836,23.834414085361033,23.429258360762447,23.617866300827846,30545000
2012-07-10,23.925214767456055,24.064924583718287,23.617855303473625,23.904259227676803,33175500
2012-07-11,24.162729263305664,24.30942342350431,23.834411477842366,23.89728078431951,35144300
2012-07-12,23.778520584106445,24.148749330995617,23.70866434382531,23.981099683807088,39301500
2012-07-13,25.196578979492188,25.287390795624635,24.35133812130046,24.491047992717114,83001000
2012-07-16,24.511993408203125,25.04288750243679,24.260516276555528,24.98001821952489,52368300
2012-07-17,24.442148208618164,24.78443457139738,23.939193772990283,24.756492066141618,43998300
2012-07-18,24.421186447143555,24.609794333085674,24.20463872475132,24.274492312991992,28944900
2012-07-19,24.0719051361084,24.56787237529067,23.96712478874545,24.463092027927726,34384700
2012-07-20,23.68072509765625,23.841390457158592,23.68072509765625,23.78550546355265,36301200
2012-07-23,24.057941436767578,24.099855187706044,23.121888983756794,23.21968773594654,41248300
2012-07-24,24.260520935058594,24.372288274503184,23.90426337331132,24.155740553247544,29920400
2012-07-25,24.5678768157959,24.763471629429567,24.30243108937113,24.435153952583516,32127700
2012-07-26,25.01494598388672,25.105755091610728,24.686628343636123,24.993987781167974,28900500
2012-07-27,25.76937484741211,25.985925178768046,24.80538012248757,25.15465330321095,63636200
2012-07-30,25.245466232299805,25.510914607932285,25.105756420664658,25.49694336029447,30698200
2012-07-31,25.147680282592773,25.37820196426037,25.084810975296527,25.22452084314864,19681600
2012-08-01,25.147680282592773,25.427100018296994,25.02194166800028,25.28040319144303,22180200
2012-08-02,24.5678768157959,25.035904312453667,24.28147288431631,24.882223244186463,36675000
2012-08-03,25.21054458618164,25.350254426304595,24.798402023427887,25.02193670172719,24516300
2012-08-06,25.357242584228516,25.70651590540176,25.224519681490513,25.315331491123864,18979200
2012-08-07,25.853193283081055,26.45394343199556,25.545833919220204,25.545833919220204,37225800
2012-08-08,25.957977294921875,26.18151187099124,25.6715734527866,25.7414270085299,18672400
2012-08-09,25.79033088684082,26.02783676093899,25.559811968748953,25.65062374363021,23406700
2012-08-10,25.825265884399414,25.84622142743346,25.427094578291406,25.678569088930526,15492700
2012-08-13,25.839231491088867,25.909085062441225,25.60172561785074,25.755404007774512,14453500
2012-08-14,25.916078567504883,26.293294382300484,25.832253719131597,26.13961327299623,18065100
2012-08-15,25.895112991333008,26.132618857014553,25.811288175428594,25.895112991333008,17521300
2012-08-16,25.916078567504883,26.090715222716486,25.706515114199732,25.97196357624966,15894100
2012-08-17,25.832250595092773,25.98593168581151,25.706512005367177,25.98593168581151,17079800
2012-08-20,26.104686737060547,26.19549854481085,25.706515372358933,25.79034022157403,17922100
2012-08-21,26.57270622253418,27.14551406871479,26.237404263653563,26.286302299443875,36880600
2012-08-22,26.426015853881836,26.670506067423563,26.237407975688157,26.4609426465673,16899400
2012-08-23,26.006887435913086,26.467928046990554,25.98593189237343,26.412045709303616,16429500
2012-08-24,25.9649715423584,26.153579412888632,25.615698300208344,25.804306170738577,20019300
2012-08-27,26.006887435913086,26.153581570177828,25.77636846274614,26.062772438343607,17618200
2012-08-28,25.937028884887695,26.188506018220824,25.776363530756655,25.916070680614553,18050500
2012-08-29,26.055782318115234,26.188507850406207,25.88813266065952,26.069753567027085,13681900
2012-08-30,25.7763671875,25.937032564423703,25.643641645665696,25.88813452208794,13700700
2012-08-31,25.94402313232422,26.125646760425223,25.748430915671534,25.94402313232422,16771600
2012-09-04,25.853193283081055,26.013861251528436,25.692527979375914,25.832237750128023,13631400
2012-09-05,25.92306900024414,26.048807622027812,25.804314673117677,25.902113451528276,13537500
2012-09-06,27.026756286621094,27.152494837982655,26.195487121279868,26.25137210621512,41346800
2012-09-07,27.4528865814209,27.6135520132115,27.243323090595958,27.271265599971112,28082400
2012-09-10,27.07565689086914,27.788174528095038,27.054701351896995,27.40397454672873,20853500
2012-09-11,27.662433624267578,27.68339182620946,27.054699062808606,27.103597092768364,22378900
2012-09-12,27.885969161987305,28.116490737796124,27.79516005461674,27.85802933304252,29882200
2012-09-13,28.919824600219727,29.045563176591894,27.655454544363266,27.83009115990869,47018600
2012-09-14,29.038570404052734,29.401814811408123,28.801064547887396,29.31100304338359,43471600
2012-09-17,28.77312660217285,28.947763210339158,28.605476950589374,28.640403739274,19740100
2012-09-18,28.82202911376953,28.870929823211426,28.40290225500012,28.675334979674595,25186600
2012-09-19,28.877914428710938,29.171302700076453,28.668350997057907,28.870930135711397,22887200
2012-09-20,28.815040588378906,28.83599612881627,28.32605754847596,28.612461481673755,20997400
2012-09-21,28.55658531188965,29.12939330183941,28.47974476072062,29.010638996011707,28287400
2012-09-24,28.80107307434082,28.968725413808002,28.35400372208639,28.36797497243728,20499500
2012-09-25,28.326053619384766,29.024599960995946,28.312082372783404,29.024599960995946,21988200
2012-09-26,28.10951805114746,28.381950815212818,27.732302224867446,28.04664874676746,23782700
2012-09-27,28.416868209838867,28.633418556534885,28.088550543983672,28.22127606749607,20843400
2012-09-28,28.277156829833984,28.38193985157208,28.053622203886125,28.23524308819016,21380700
2012-10-01,28.61945915222168,28.989688050510054,28.500704827552614,28.556589842630807,21956400
2012-10-02,28.58452796936035,28.808065351508922,28.333053410838257,28.738209086854987,26946100
2012-10-03,28.753408432006836,28.851926776859074,28.44377628027288,28.732298125088093,22419100
2012-10-04,29.428970336914062,29.54860169440671,28.788598296944826,28.964524711050924,24326500
2012-10-05,29.351558685302734,29.865263429357025,29.175632292773578,29.583782811964603,22774400
2012-10-08,29.316373825073242,29.44304104193566,28.92933629995972,29.084152383774608,18631300
2012-10-09,29.11934471130371,29.520456774389512,29.063046962732315,29.39378952452827,19947500
2012-10-10,29.393783569335938,29.555635537050826,29.084154068197517,29.238967476554798,25797600
2012-10-11,29.626012802124023,30.00601457448527,29.45008635392988,29.816013688304647,27755000
2012-10-12,29.288227081298828,29.858229598500643,28.95748726611408,29.2741526468023,44564000
2012-10-15,29.823036193847656,29.844146497250055,29.36562660102612,29.492293790286755,26268000
2012-10-16,30.139711380004883,30.33674808404356,29.74563528750377,30.111562512449712,28588100
2012-10-17,30.48452377319336,30.639339850984264,30.09748626313969,30.210079042144823,26177500
2012-10-18,30.266359329223633,30.50561920348092,30.083397159225616,30.322657033482898,23630400
2012-10-19,29.780811309814453,30.132663997959163,29.597849093125312,30.118589568302617,29747500
2012-10-22,29.618967056274414,29.921560661097825,29.20378066949976,29.73155983822566,27993000
2012-10-23,29.08415985107422,29.372679100354528,28.887120416241142,29.182678226278558,22896400
2012-10-24,29.351558685302734,29.47119002812289,29.09118837599822,29.330448377214825,18918900
2012-10-25,29.323410034179688,29.752670864619784,29.133411891141886,29.724524681769868,17311700
2012-10-26,28.964527130126953,29.316379987725394,28.76045182845803,29.147489434931465,21892700
2012-10-31,29.3304500579834,29.407858104639857,28.95748694346469,29.168598089712567,19423500
2012-11-01,30.14674186706543,30.188965160852334,29.260074172926718,29.344518076077243,23325400
2012-11-02,29.851198196411133,30.308608031737002,29.78786725262786,30.28749771714258,17029200
2012-11-05,29.745637893676758,29.80897150901301,29.45711868701696,29.787861198708924,13252500
2012-11-06,30.174901962280273,30.294530645907017,29.84415941555458,29.95675222314269,17190900
2012-11-07,28.485998153686523,29.562666703465506,28.36636950789927,29.562666703465506,47631200
2012-11-08,28.429716110229492,29.20379143596719,28.429716110229492,29.04897529704979,27830900
2012-11-09,28.58451271057129,29.013773435794093,28.049697785580577,28.36636575373044,27553200
2012-11-12,28.556381225585938,28.78860273208124,28.35934178602311,28.746379419798252,12816000
2012-11-13,28.17637062072754,28.51414895965324,28.148221754711162,28.274888967361253,19793500
2012-11-14,27.64860725402832,28.40860827957157,27.53601441008024,28.29601543562349,30986600
2012-11-15,27.71896743774414,27.951191610151838,27.423412328597152,27.486745949760685,24858700
2012-11-16,27.817480087280273,27.915998436737357,27.324888339994864,27.74711060464627,32458000
2012-11-19,28.563419342041016,28.640827411751307,28.211566432030374,28.211566432030374,26781200
2012-11-20,28.64082908630371,28.978607577531967,28.32416091189446,28.38045866931158,19375900
2012-11-21,28.66193199157715,28.837858411376487,28.3945230818434,28.8097095399468,13030200
2012-11-23,28.91526985168457,29.006752352331933,28.830825911930937,28.922305728153855,8316700
2012-11-26,28.767492294311523,28.767492294311523,28.211564098222077,28.704158668371907,20376600
2012-11-27,28.676010131835938,28.99267826526871,28.598602067616316,28.76045407260985,19875000
2012-11-28,28.732309341430664,28.767494094838305,28.063788288987045,28.49304926006425,26106900
2012-11-29,29.006738662719727,29.098218435769137,28.78858901318453,28.957479497409064,18915000
2012-11-30,28.908226013183594,29.091188279661594,28.74637137029989,28.84489240470588,20066600
2012-12-03,28.71822738647461,29.11230081657479,28.676004082782196,29.041931328178016,18955500
2012-12-04,28.54934310913086,28.795639056888287,28.288972723726648,28.697120677785318,24031100
2012-12-05,28.992673873901367,29.19674916058389,28.50007937255268,28.633782482228778,25515600
2012-12-06,29.18267250061035,29.238967553500096,28.929338051546853,29.0278564074218,20541700
2012-12-07,29.9497127532959,29.956748628490264,29.365635788477057,29.443043837734873,34552900
2012-12-10,29.773784637451172,30.027116396280892,29.562670811790703,29.935636601880077,22394500
2012-12-11,30.006013870239258,30.322682006441376,29.851197740446107,29.977864994926957,21955000
2012-12-12,30.097492218017578,30.52675311178756,30.048233035233235,30.259344202083877,23110600
2012-12-13,30.104534149169922,30.203052534555525,29.90749737839872,30.01305432526882,18457000
2012-12-14,30.125648498535156,30.336759717306418,30.055276302661543,30.09749962018571,16208600
2012-12-17,30.59711265563965,30.61822296013233,30.125631292481437,30.2593343616405,23879800
2012-12-18,30.87156867980957,30.92082786464992,30.477495201086786,30.8434224916324,33858600
2012-12-19,30.632307052612305,31.237494360227217,30.55489899916052,30.956013701994674,34348500
2012-12-20,31.336009979248047,31.34304853863102,30.547860447058856,30.744897159000185,25014900
2012-12-21,30.963050842285156,31.1037925193622,30.498605187027845,30.836383601358232,38973500
2012-12-24,30.906740188598633,30.977112339956317,30.75896269738213,30.766001254729446,8621200
2012-12-26,30.934892654418945,31.089708721025648,30.76600484032382,30.927856780674734,11498900
2012-12-27,30.702688217163086,30.977133080150047,30.18898324821379,30.93490976106556,19567000
2012-12-28,30.428232192993164,30.744897574485748,30.322675276213033,30.329711151267222,15401200
2012-12-31,30.94194221496582,30.963052528128294,30.29453153893156,30.329716289010474,24209600
2013-01-02,31.643400192260742,31.884303930069237,31.331643526865136,31.870132803978628,31413000
2013-01-03,31.579627990722656,31.70716540859542,31.317468944146704,31.70008119776499,24227700
2013-01-04,32.13937759399414,32.1889751820265,31.487519332493928,31.494606246707598,24487700
2013-01-07,32.174800872802734,32.2314853694399,31.898470708860483,31.948068291985216,24456900
2013-01-08,32.238563537597656,32.238563537597656,31.855951365606685,32.167710632946765,19624200
2013-01-09,32.21729278564453,32.7345263100392,31.98347344705945,32.281061450452846,25920600
2013-01-10,32.699119567871094,32.706203778065735,32.25982285557249,32.51489766842577,23413600
2013-01-11,32.692020416259766,32.69910732666675,32.21730012783837,32.571569967984864,19723900
2013-01-14,32.50779724121094,32.72035857826068,32.22438032323525,32.51488144787151,19079500
2013-01-15,32.84082794189453,32.92585468801742,32.13228794139743,32.23148581187413,29898000
2013-01-16,33.1738395690918,33.180926482052506,32.28816464957767,32.529068335800126,43453600
2013-01-17,32.90459442138672,33.2092668171939,32.79831505022994,32.87625487746416,41086800
2013-01-18,32.91875076293945,33.01794587928936,32.72036053023965,32.86206899768131,28679100
2013-01-22,32.975440979003906,32.98252518732195,32.68493978640019,32.769963800540026,24257300
2013-01-23,32.75579071044922,32.90458340195872,32.536142425698635,32.75579071044922,19105100
2013-01-24,32.85498809814453,33.159660412877635,32.649513620772545,32.76287987489197,20008200
2013-01-25,33.41475296020508,33.41475296020508,33.025056423009524,33.11716739819375,26009100
2013-01-28,33.04629898071289,33.301373765417054,32.9329327100516,33.188007494755766,19706800
2013-01-29,33.38640213012695,33.41474437719066,32.76997312225125,32.791228456116315,19907400
2013-01-30,33.39347839355469,33.54935529696229,33.2730252333813,33.32970970943103,18631300
2013-01-31,33.3368034362793,33.45725663084611,33.216352944577835,33.30846119016177,19536000
2013-02-01,33.90364074707031,34.00992283708253,33.45017554170108,33.584799882765324,24520000
2013-02-04,33.78318405151367,33.875294999142035,33.57062261325735,33.68398889385174,20822600
2013-02-05,34.56966018676758,34.576744396059546,33.96031547878655,33.967399688078515,28067500
2013-02-06,34.44212341308594,34.598003048949856,34.23664620269533,34.30749910834342,28282600
2013-02-07,34.172889709472656,34.541330896714875,33.93907287504678,34.470477965765475,21429600
2013-02-08,34.45628356933594,34.49879421805006,34.194121955565734,34.24372221717261,15218300
2013-02-11,34.47755432128906,34.64760510083052,34.27916399754524,34.37127224621747,13935900
2013-02-12,34.81766128540039,34.938114512055506,34.43504896948331,34.57675753495624,16388000
2013-02-13,34.4917106628418,35.037286522187394,34.36417330856026,34.966430934884166,21635600
2013-02-14,34.87432861328125,34.923926181334586,34.27206818241755,34.293326213629506,18017800
2013-02-15,34.6334342956543,35.04438607045341,34.41378593315783,34.9664462417332,20016200
2013-02-19,35.037288665771484,35.200252472242624,34.80346926766216,34.80346926766216,20445900
2013-02-20,34.44212341308594,35.10106570650057,34.2649884461006,34.966441401758054,24786700
2013-02-21,34.187042236328125,34.32875072399463,33.889456844806595,34.30040848588841,24437700
2013-02-22,34.65468215942383,34.65468215942383,34.300412252783694,34.45629187662212,23584100
2013-02-25,33.79734802246094,34.8601576917027,33.761921574059166,34.7893020920344,32775500
2013-02-26,33.72650146484375,34.194137736568486,33.195096487753574,34.165798191968115,39401400
2013-02-27,34.91685104370117,35.001877791489974,33.83986989750056,33.90363860690934,31921200
2013-02-28,34.66176986694336,35.10815075116835,34.54131938390298,34.831820628555555,24711500
2013-03-01,34.65468215942383,35.01603627493622,34.27207001156491,34.43503384427559,25923400
2013-03-04,34.789302825927734,34.81764506639295,34.24372956272888,34.52714385878656,17695200
2013-03-05,35.06563186645508,35.50492573523112,34.93809450086452,35.06563186645508,25561100
2013-03-06,35.44824981689453,35.56161609113231,35.15774857023115,35.341970455158275,19607900
2013-03-07,35.87338638305664,36.0363502833629,35.43408957054481,35.462431823519644,24245400
2013-03-08,35.568702697753906,36.02925200038078,35.15066405830988,35.84503281990306,32711900
2013-03-11,35.7671012878418,35.972578550387226,35.36323367683362,35.589966275895556,19473000
2013-03-12,35.625389099121094,35.9017192570758,35.462425229118715,35.67498668117114,18003400
2013-03-13,35.540348052978516,35.73165407914629,35.50492161173209,35.6324589625106,16680200
2013-03-14,36.135536193847656,36.135536193847656,35.5616178812668,35.60413124982048,26378700
2013-03-15,35.4411506652832,35.63245667919213,34.824721977930444,35.40572422630689,60880800
2013-03-18,35.07980728149414,35.18608934164669,34.68302668970341,34.85307474250942,28011400
2013-03-19,34.86015701293945,35.4199040765288,34.49171601043246,35.17900044807672,24411500
2013-03-20,34.803470611572266,35.17191159372453,34.74678883893745,35.12231402909486,19385300
2013-03-21,34.25790786743164,34.88142382329809,34.25790786743164,34.56966719679767,23535900
2013-03-22,34.56258010864258,34.71845977253831,34.2508234837167,34.45630073105824,22791500
2013-03-25,34.37835693359375,34.94518832392342,34.123282132229086,34.74679801302435,23581400
2013-03-26,34.46337127685547,34.69719067998852,34.23663878447072,34.53422687001602,16417500
2013-03-27,33.846961975097656,34.2295742899234,33.69816919806522,34.1516344439923,26530100
2013-03-28,33.62730407714844,33.96031870567981,33.4997666748541,33.89655000453264,27506700
2013-04-01,33.889461517333984,34.002827782524705,33.64855786594558,33.691068526101496,17442200
2013-04-02,34.20829772949219,34.2791533251016,33.92488345564833,34.01699167564366,17273700
2013-04-03,33.402645111083984,34.27246942565138,33.17449491706055,34.24394997145723,33467400
2013-04-04,33.858951568603516,33.894599529990465,33.438299096801224,33.48107556255952,21514000
2013-04-05,34.15840530395508,34.25109219998451,33.331359904943895,33.35987936830152,22961500
2013-04-08,34.63608169555664,34.64321019840534,33.93024024389588,34.13700218344711,18672300
2013-04-09,34.70738983154297,34.90702061881681,34.55053551596182,34.75016902300115,20066700
2013-04-10,35.11377716064453,35.33479886909599,34.84997898716477,34.89275545219307,20388900
2013-04-11,35.156551361083984,35.363310592192434,34.81432609055157,35.085252729870135,22584700
2013-04-12,34.942657470703125,35.34905286087715,34.543396023151224,34.864233057623025,37805900
2013-04-15,34.17265319824219,35.177940815358795,34.151264968015695,34.50061875395063,31527300
2013-04-16,34.571922302246094,34.59331053551304,33.930248106585964,34.52914311594703,23865500
2013-04-17,33.359867095947266,34.350894965039096,33.06754950348302,34.300987282406034,43466300
2013-04-18,33.25292205810547,33.74487312380546,32.832269627894895,33.366997155123684,26106800
2013-04-19,33.6735725402832,33.76625940117504,33.29569931322643,33.61653635495609,19746100
2013-04-22,33.759132385253906,33.858950481604,33.416907071348696,33.794783065261456,15230100
2013-04-23,34.34376907348633,34.39367948363223,33.78765325509207,33.99441524082101,20568500
2013-04-24,34.735897064208984,34.87848887934105,34.3366329104514,34.45070799441577,16459300
2013-04-25,34.935546875,35.38471895349877,34.85711970195478,34.94980660825968,19058800
2013-04-26,34.849971771240234,34.999694807368236,34.65746955917658,34.835712045928354,13929000
2013-04-29,34.87849044799805,35.00682526320038,34.6859909449592,34.992568256857595,13496300
2013-04-30,34.942657470703125,35.11377146234296,34.735898243834306,34.90700951570951,13802600
2013-05-01,34.22969055175781,34.87136467806428,34.115615453721645,34.764418083758244,17686400
2013-05-02,34.279605865478516,34.400809484600146,34.01580495368687,34.400809484600146,15529300
2013-05-03,33.915985107421875,34.7216420265607,33.49533266855451,34.671734340573465,43257900
2013-05-06,34.35090637207031,34.5006294696886,33.9159940906181,34.01580948903029,20829500
2013-05-07,35.03534698486328,35.21358949310517,34.40793259431768,34.62895428365296,24291600
2013-05-08,35.47738265991211,35.641368137851046,35.013953835444504,35.09238096321588,23559300
2013-05-09,34.964054107666016,35.51304140712694,34.87849573804465,35.43461426152322,18103100
2013-05-10,34.90700912475586,35.09951134328294,34.67885895163442,34.97117653093155,16199600
2013-05-13,35.41322708129883,35.43461803586518,34.65748044083343,34.82146325376018,23979500
2013-05-14,35.812477111816406,35.9479404112849,35.40608449364666,35.48451161640999,24188400
2013-05-15,36.425655364990234,36.668065393278,35.75546421373163,35.79111218735152,27467000
2013-05-16,36.340087890625,36.83203629436234,36.247401013480804,36.268789246758246,21389500
2013-05-17,37.28832244873047,37.30971339357696,36.539704653442044,36.54683315521479,26080300
2013-05-20,37.28122329711914,37.52363334469517,37.010293780471514,37.274092069968106,22020000
2013-05-21,37.80167007446289,38.26509894687148,37.39527738830186,37.45231357454942,37112600
2013-05-22,38.2365837097168,39.18483244127318,37.99417378920921,38.09398915887148,46968300
2013-05-23,38.036956787109375,38.35066539683147,37.54500835790697,37.659083474233555,25294200
2013-05-24,38.25796127319336,38.25796127319336,37.58777060677983,37.71610539478132,18342300
2013-05-28,38.92817687988281,38.96382757031799,38.52178403076738,38.89966013520682,27162300
2013-05-29,38.97808074951172,39.18484276673231,38.43622457723473,38.56455943483609,20482600
2013-05-30,39.655391693115234,39.855025147864566,38.8782542636564,38.928161947402536,24890800
2013-05-31,38.92103576660156,39.80511983957008,38.92103576660156,39.71956147395817,24990100
2013-06-03,38.849735260009766,39.11353339007828,37.815928248965555,38.928159672910965,28279600
2013-06-04,38.528907775878906,39.49141639589715,38.407701435417884,38.88539285288793,22022600
2013-06-05,37.80880355834961,38.692887679646596,37.57352483946769,38.34353113371272,24326000
2013-06-06,38.14388656616211,38.158146289380966,37.26693398643325,37.67332657899628,23940900
2013-06-07,38.69288635253906,38.842609415761835,38.07973165199056,38.33640131452389,21691000
2013-06-10,38.75704574584961,39.09927098513516,38.51463586138512,38.95667645549174,16007000
2013-06-11,38.13678741455078,38.53604909289458,37.865857904413055,38.11539645337793,17600800
2013-06-12,37.91575241088867,38.571683636763574,37.76602933364748,38.42909178401877,18479100
2013-06-13,38.6215705871582,38.67148097253242,37.76600905111445,37.78739727358641,17090200
2013-06-14,37.880104064941406,38.593074200522196,37.72324976478876,38.528906779529315,17185300
2013-06-17,38.39345169067383,38.68576942105158,38.172432626099194,38.28650777161817,16856600
2013-06-18,38.57880783081055,38.69288292407695,38.300749960958996,38.52176892429497,13259100
2013-06-19,38.17955017089844,38.86400084749666,38.158161937181376,38.493258770829875,20840000
2013-06-20,37.41667556762695,37.915755248885674,37.266952479178975,37.844459317176764,31857100
2013-06-21,37.045928955078125,37.773158846499584,36.85342668501668,37.75889911689148,44412200
2013-06-24,36.30442810058594,36.68230401886355,35.72692418886052,36.27591136995881,30736500
2013-06-25,37.13148880004883,37.47371416487109,36.72509328957162,36.72509328957162,20951400
2013-06-26,37.430931091308594,37.64482158216304,36.98889038090738,37.53787769661839,19332000
2013-06-27,37.89435958862305,38.1367695166092,37.701857347007724,37.808801223617394,17093600
2013-06-28,37.637699127197266,37.88010911439884,37.48797603151071,37.87297788902391,18256000
2013-07-01,37.42380142211914,38.236586893929136,37.38102223737359,37.94426926424721,23511100
2013-07-02,37.919334411621094,38.443597615453875,37.43097912100461,37.754155819147606,23935300
2013-07-03,37.89779281616211,37.926520244548726,37.49561703754457,37.567435608511104,10442300
2013-07-05,38.773963928222656,38.78114441620968,38.141974141019034,38.321516476279264,17070200
2013-07-08,39.28386688232422,39.43468179941327,38.81705567464989,39.16895988745654,21786900
2013-07-09,39.420310974121094,39.621397493978826,38.917591934878416,39.54958166248631,20508700
2013-07-10,39.3772087097168,39.607022577113064,39.09712049045504,39.334117582230974,16915000
2013-07-11,39.599857330322266,40.124120624550486,39.17613730627499,40.10257642082561,21322600
2013-07-12,39.47776412963867,40.10975109041175,39.31976601964628,39.865573438422715,32569200
2013-07-15,39.420310974121094,39.858394669181166,39.2120412273551,39.85121418187126,28292000
2013-07-16,39.506500244140625,39.79376912001707,39.34132159937134,39.427503905893694,19222700
2013-07-17,39.693214416503906,39.915847868241514,39.38440142263488,39.53521630626443,19166600
2013-07-18,40.48319625854492,40.59810321875169,39.85120934720671,39.86557032008428,24563100
2013-07-19,40.332374572753906,40.619643294535514,40.1528323065398,40.58373264961464,17762600
2013-07-22,40.619667053222656,40.69866339530034,40.181583229086755,40.3395786528413,15999700
2013-07-23,40.69865036010742,40.856648472856605,40.55501870080629,40.734561014530996,10577100
2013-07-24,40.669921875,40.88537208343522,40.49037957803765,40.87818885738182,16665000
2013-07-25,40.576560974121094,40.576560974121094,40.138477311109035,40.54065306100168,13870200
2013-07-26,40.25338363647461,40.37547382665612,39.93020694434486,40.26056686274311,16762300
2013-07-29,39.99485397338867,40.21748747962076,39.77222320675551,40.20312376248331,10049100
2013-07-30,39.736305236816406,40.21029682411291,39.556762927392,40.12411454307847,14207400
2013-07-31,40.02357482910156,40.41138690927235,39.865576706158244,39.91585107767532,19404900
2013-08-01,40.605281829833984,40.77764088075582,40.36110422469662,40.476011171843744,15979400
2013-08-02,40.56938934326172,40.590933547916634,40.22466563119048,40.411391203528964,11007300
2013-08-05,40.2892951965332,40.63401885907921,40.22465985225563,40.45447654048575,9370200
2013-08-06,39.8512077331543,40.289288617725816,39.72193706570765,40.210292311706574,10588600
2013-08-07,39.71474838256836,39.83683854709005,39.341300143439554,39.542389342722785,12828400
2013-08-08,39.3772087097168,40.02355918441977,38.87448984743845,39.800925801805775,18587100
2013-08-09,39.154598236083984,39.60704575081696,39.01814702860534,39.27668572599661,12652500
2013-08-12,38.84577941894531,39.010958037155085,38.55133010133683,38.80987150013425,15133000
2013-08-13,38.989418029785156,39.28386737908194,38.49387938222794,38.939146390119774,15078100
2013-08-14,38.88886260986328,39.391578849575744,38.78113613586888,39.01813328281735,15785800
2013-08-15,38.271244049072266,38.55132964794257,37.98397522276507,38.43642266533941,16933200
2013-08-16,38.271244049072266,38.623145484720084,38.11324592064345,38.11324592064345,17139000
2013-08-19,37.22272491455078,38.02707395320273,37.20117796754108,37.98398279878242,22793300
2013-08-20,37.430973052978516,37.60333484391218,36.3824468152921,37.186795447254504,18701500
2013-08-21,37.07908248901367,37.50280249431592,36.82772158508268,37.287349508204066,17136200
2013-08-22,37.49561309814453,37.81878978454416,37.29452659976168,37.34479822435739,14658500
2013-08-23,37.57461166381836,37.646427486715744,37.27298192013172,37.53870375236967,11126800
2013-08-26,37.20116424560547,37.732610662364706,37.19398375898355,37.45970559756412,16548400
2013-08-27,36.33936309814453,37.021624436267444,36.30345518342191,36.640995608930766,23596800
2013-08-28,36.32499694824219,36.66253458605941,36.0018202825892,36.145454660612515,18748100
2013-08-29,36.41118240356445,36.75590332315012,36.231640086722024,36.33218334581805,13576000
2013-08-30,36.289093017578125,36.50454599430088,36.11673392371801,36.49736276729097,15863100
2013-09-03,36.71998596191406,37.14370583024915,36.50453578504486,36.80616548474222,15277200
2013-09-04,37.25143051147461,37.41660907599586,36.57635254261414,36.741531107135394,19923800
2013-09-05,37.42380142211914,37.71825071578508,37.280167018955616,37.36634656501438,13913200
2013-09-06,37.746978759765625,37.85470250919582,36.82772020829051,37.63925227073702,22339900
2013-09-09,37.962432861328125,38.199427325870126,37.718255169000756,37.90497799743995,19936400
2013-09-10,38.54414749145508,38.730873055622496,38.27842560047691,38.659057216849575,20233200
2013-09-11,38.24970245361328,38.60878716689752,38.10607075997875,38.32870152887165,16028600
2013-09-12,37.517173767089844,38.572881009553925,37.40226676316181,38.37179443757964,21976700
2013-09-13,37.768516540527344,37.91933140784791,37.50997520249326,37.55306633869826,11942900
2013-09-16,38.16351318359375,38.414874062724834,38.04860621415042,38.38614663546444,17055300
2013-09-17,38.12760543823242,38.29278403631411,37.97679055384457,38.199421267103325,13207000
2013-09-18,38.35742950439453,38.68778678777132,37.74698657904181,37.840346633301124,20844500
2013-09-19,37.883426666259766,38.601595892160425,37.7254285598902,38.51541635213984,22452200
2013-09-20,37.919334411621094,38.40050921543359,37.919334411621094,38.02706089086815,30792200
2013-09-23,36.95698165893555,37.617698663221745,36.90671004051785,37.402248478631925,28189500
2013-09-24,36.13827133178711,36.82053257075214,36.123907620065985,36.63380705797541,34906900
2013-09-25,37.12933349609375,37.272967827178235,35.951536912475575,36.06644382942376,39175500
2013-09-26,37.26579284667969,37.746967551304365,37.014434766381605,37.29452026717021,22298700
2013-09-27,37.517173767089844,37.632080771017876,36.90672808279793,36.98572716167328,23026000
2013-09-30,37.12216567993164,37.409434461328544,36.942623376458116,37.15089310599096,21350600
2013-10-01,37.31607437133789,37.40943714292406,36.949809251420334,37.086260425586026,19188000
2013-10-02,37.685035705566406,37.94548177612474,37.106268193093,37.127971112379136,23841200
2013-10-03,37.576515197753906,37.76461636220963,37.25819375915805,37.61992379565473,18614500
2013-10-04,38.10462951660156,38.111865660681424,37.62714611920361,37.67055470434173,17407200
2013-10-07,37.496952056884766,37.88038516735004,37.496952056884766,37.829743162563396,16159300
2013-10-08,36.80242156982422,37.590993340396224,36.780718645793456,37.49694549640839,19536000
2013-10-09,36.715599060058594,37.14244061765052,36.35386902005802,37.01945096896411,24721200
2013-10-10,37.99612808227539,38.025067151135595,37.17138393823008,37.50417495077792,24328700
2013-10-11,37.9888801574707,38.59658661622015,37.735670282900365,38.314437681761596,32498800
2013-10-14,38.133583068847656,38.227633659174295,37.44629538836481,37.57651843349972,18881600
2013-10-15,37.844207763671875,38.37233343024627,37.7501571557175,38.2782828222919,17566500
2013-10-16,39.06684494018555,39.103017392803544,38.03953293497195,38.061235854586506,24864000
2013-10-17,39.218772888183594,39.27665102313584,38.784697915167186,38.91492095902838,17791000
2013-10-18,39.28388595581055,39.48645667633257,38.92215587747015,39.25494688719576,24796600
2013-10-21,39.26217269897461,39.68177804430734,38.9872571390651,39.26217269897461,19471700
2013-10-22,38.791927337646484,39.558795988702336,38.791927337646484,39.537093070203944,24820900
2013-10-23,38.16252517700195,38.60383633625367,38.14082225434421,38.56766387856355,21034400
2013-10-24,37.967185974121094,38.26380450673996,37.69950650804584,38.22763205345108,17759000
2013-10-25,38.17698669433594,38.27827065850989,37.67056411368514,37.73567562776569,20889600
2013-10-28,38.11188507080078,38.40850365419288,37.981662008845056,38.26381105648854,14836800
2013-10-29,38.14804458618164,38.33614572730678,37.80078412539004,38.22039224037624,23363100
2013-10-30,38.05401611328125,38.51703308965446,37.98167117685735,38.34340137854171,16157200
2013-10-31,37.28713607788086,38.13358311244411,37.28713607788086,38.09017727053711,23738000
2013-11-01,37.9888801574707,38.13357269713117,37.11349429420681,37.22201438889732,25794400
2013-11-04,37.64885711669922,38.16974641312928,37.61991805584734,38.15527964248408,18891300
2013-11-05,37.58375930786133,37.71398236937655,37.37395517988883,37.51141162936302,14532200
2013-11-06,37.69227600097656,37.86590766643547,37.49694417203512,37.8080295246886,14013000
2013-11-07,37.36672592163086,37.86591253942056,37.316083920976055,37.71398653745614,17348900
2013-11-08,39.03790283203125,39.04513897785969,37.47522926659117,37.496934944295475,31183100
2013-11-11,39.13918685913086,39.17536206876995,38.84980450048529,39.001730445757794,12062800
2013-11-12,39.04513168334961,39.12471271390883,38.77744953332671,39.01619262500435,15964800
2013-11-13,39.16813278198242,39.21154138528235,38.451908766113334,38.719588253675816,22121900
2013-11-14,39.35624694824219,39.42859188448424,38.84982411520059,39.25496017380794,17634000
2013-11-15,39.696250915527344,39.761362428359696,39.204297876300885,39.26217600316564,20530100
2013-11-18,40.32566833496094,40.51376675200575,40.00734411564941,40.144803304818055,22318800
2013-11-19,40.62229537963867,40.97678936746633,40.35461309193641,40.49207230988674,22979900
2013-11-20,40.58611297607422,40.832089535435095,40.34737256363123,40.82485614829864,17682800
2013-11-21,41.39638900756836,41.526612050133444,40.71633472755486,40.71633472755486,22843600
2013-11-22,41.57001876831055,41.613427370008665,41.28063636966733,41.418092802039254,16730600
2013-11-25,41.707481384277344,42.06197533467784,41.53384972301267,41.598961251014224,18649600
2013-11-26,41.3602180480957,41.9317522648338,41.3602180480957,41.69301183542801,16263300
2013-11-27,41.58449935913086,41.83771213002461,41.47598196570394,41.656847047864275,11238900
2013-11-29,41.39638900756836,41.8521668967648,41.381919473974314,41.65683509269852,7128800
2013-12-02,41.222755432128906,41.77982003037431,41.16488006024666,41.309569869842896,12465300
2013-12-03,41.13593673706055,41.39638278302891,40.61504464512381,41.1576396542976,20426800
2013-12-04,41.37467575073242,41.577246424172884,40.66568529314291,40.832080759332,20287200
2013-12-05,40.383541107177734,41.04912581029911,40.33289912278364,41.02742013142938,21324900
2013-12-06,40.55717849731445,41.063598413154125,40.238854253322025,40.926141973109296,18661200
2013-12-09,40.88272476196289,40.89719429362369,40.57887287642892,40.716329287535096,12714000
2013-12-10,41.02018737792969,41.28786683668319,40.766974692271006,40.8682614224032,14543700
2013-12-11,40.564414978027344,41.07083769226597,40.48483391096076,40.90444217011846,17836100
2013-12-12,40.738040924072266,40.947842264391205,40.448655768086894,40.54993974474736,15325300
2013-12-13,40.636756896972656,40.918908684771694,40.54270906082121,40.78144948461232,11461300
2013-12-16,40.817623138427734,41.19382277340912,40.75251436985142,40.75974775754379,26379200
2013-12-17,40.311187744140625,40.99123907742059,40.26777915529189,40.99123907742059,18338500
2013-12-18,41.41084671020508,41.432549624505015,40.079680357457825,40.39800172623936,27685900
2013-12-19,41.40363311767578,41.62790680679654,41.107014501629386,41.30958250484681,16790000
2013-12-20,41.74364471435547,41.96068217364224,41.381914695617176,41.38914808168829,22001700
2013-12-23,42.13432312011719,42.24284049388199,41.81599886693115,41.93898853560257,13990600
2013-12-24,42.14154815673828,42.17048722125346,41.98962220770523,42.01132512620107,4532600
2013-12-26,42.10538864135742,42.29348709893042,41.902817887299655,42.21390602695579,6677000
2013-12-27,42.06196975708008,42.21389571567712,42.00409438418747,42.08367267694215,8943700
2013-12-30,41.92451477050781,42.156021789586156,41.75088312630837,42.06197120065391,8815800
2013-12-31,42.30793762207031,42.358579597880315,41.996849622219884,42.10536971883029,11017400
2014-01-02,42.3880500793457,42.59922639825597,42.21328557791295,42.46087093646907,15627600
2014-01-03,42.71573257446289,42.926908871534806,42.388045695873956,42.44630237554816,14214100
2014-01-06,42.963321685791016,43.3055727643975,42.83953039734368,43.07983227755447,17550700
2014-01-07,42.46815872192383,43.27645231500534,42.31523906318736,43.1745058758477,17851200
2014-01-08,42.8686637878418,42.89779213555812,42.45359455529664,42.62836186376245,14687400
2014-01-09,42.78853988647461,42.96330710371828,42.47542003437377,42.948742937462086,13242500
2014-01-10,42.591949462890625,42.78855884990776,42.366208952619814,42.72302146162474,12694900
2014-01-13,42.01667404174805,42.723018310215835,41.89287997175301,42.606507714954944,20711600
2014-01-14,42.04579544067383,42.65747665922524,41.91472069542486,42.4535810678206,30272400
2014-01-15,43.320133209228516,43.43664379096981,42.03851403224288,42.03851403224288,35186600
2014-01-16,42.95603561401367,43.56043336508586,42.773987663548475,42.81039669807526,21689400
2014-01-17,42.31521987915039,43.13079380049492,42.25696321013892,43.11622963324205,20997900
2014-01-21,42.358909606933594,42.5555216981189,41.92927917317379,42.30065571574769,19548300
2014-01-22,41.93657302856445,42.47543627475405,41.812778956969765,42.47543627475405,15433500
2014-01-23,41.120994567871094,41.579753432322406,40.93166313170232,41.57247273608428,26234600
2014-01-24,40.1160888671875,41.04089284402363,40.1160888671875,40.77874333527242,26833100
2014-01-27,40.1160888671875,40.63310441065158,39.824811017945834,40.1088081709806,23935000
2014-01-28,40.58941650390625,41.02633051959451,40.22532056488884,40.334547679895124,18041000
2014-01-29,40.43648910522461,40.6840744242976,39.94131846707863,40.02142000822448,25459000
2014-01-30,40.778743743896484,41.062738121945586,40.50931353623855,40.82971695134984,17031100
2014-01-31,40.31270217895508,40.85884607889866,40.1816274207421,40.414648595824836,18174000
2014-02-03,39.54811096191406,40.72049782092408,39.46800939251508,40.414658495399436,28549900
2014-02-04,40.01415252685547,40.30542767159414,39.75928365014797,39.8466686936185,20709300
2014-02-05,40.203468322753906,40.37823557574525,39.744709492085235,40.12336678087585,19491600
2014-02-06,41.12827682495117,41.17925003404689,40.19619211253623,40.305419227242105,20881600
2014-02-07,41.230224609375,41.45596509844459,40.96807508086364,41.25207225530538,23388500
2014-02-10,41.31760787963867,41.448679860486436,41.06273905872601,41.33945274680804,14715200
2014-02-11,41.820068359375,41.922014798766554,41.201106247165065,41.222951119082644,18774100
2014-02-12,41.88559341430664,42.02394885874814,41.62344391719111,41.754518665748876,13437900
2014-02-13,42.2569694519043,42.30794265590314,41.47780444468626,41.55790598749337,16605500
2014-02-14,42.3443603515625,42.40261425944144,42.05308247867279,42.155028900834694,13067300
2014-02-18,42.591949462890625,42.70846006674577,42.16231609033128,42.24969834876467,14983800
2014-02-19,41.696266174316406,42.62835367741583,41.667140610025484,42.49727891569609,18669900
2014-02-20,41.92928695678711,42.213281326386486,41.7035464891877,41.89287514297682,12457000
2014-02-21,41.951148986816406,42.11863284310927,41.776381653648954,41.936584810899745,16790100
2014-02-24,42.2569694519043,42.40260836811439,41.929285362720684,41.95841092369768,16151400
2014-02-25,41.52878189086914,42.220564730159566,41.44868033987961,42.162310824423635,17991800
2014-02-26,41.32489013671875,41.783651809421436,40.93894932038327,41.7763683348689,23661700
2014-02-27,41.28120422363281,41.426843181822804,40.880699171984396,41.3467416159267,16277500
2014-02-28,41.375858306884766,41.83461992370146,41.06273560722922,41.193810354891134,18599000
2014-03-03,40.93166732788086,41.084586965041446,40.553007194555796,40.9972047120685,19151000
2014-03-04,41.696266174316406,41.7690870296227,41.24478798274375,41.470528467445874,17157000
2014-03-05,42.35163497924805,42.446300691046076,41.76908209478182,41.85646433299394,17761500
2014-03-06,42.8905029296875,43.028858387147345,42.52640698895274,42.60650576253586,19420600
2014-03-07,43.254600524902344,43.545875621932424,43.014295861466636,43.21818870717086,18602200
2014-03-10,43.108951568603516,43.31284436692141,42.86864696101654,43.06525906417924,16945200
2014-03-11,42.373477935791016,43.291001118101335,42.32978820756843,43.2691534761589,19420000
2014-03-12,42.17686462402344,42.205992960562966,41.812768750772555,42.01666432871817,17932100
2014-03-13,41.81276321411133,42.48270097665491,41.6452794679331,42.23511570451521,17192500
2014-03-14,41.361297607421875,41.892877338500774,41.23022284876335,41.5870380868519,18635800
2014-03-17,41.92928695678711,42.01666919870275,41.54334339748287,41.659853979314185,13581400
2014-03-18,42.278831481933594,42.35164957590217,41.958425201674494,42.10406416744388,12554800
2014-03-19,42.45357894897461,42.91234053444932,42.15502043921544,42.227841281736644,21450700
2014-03-20,43.771610260009766,44.04832392633874,42.32979080571348,42.49727458911933,33736500
2014-03-21,43.81529235839844,44.56533168296425,43.69150110529224,44.39056445629752,35144100
2014-03-24,44.470672607421875,44.55805484485031,43.94637362718876,43.96093779639871,25810500
2014-03-25,44.36872100830078,44.76922589229378,44.09929085402636,44.49979573801935,24053500
2014-03-26,43.618675231933594,44.71096256384014,43.61139176080256,44.59445202621665,22745200
2014-03-27,43.63325881958008,44.09202051019592,42.97788775367489,43.6478229914222,24632600
2014-03-28,43.72064208984375,44.1211470769613,43.45849256290669,43.84443337876867,14708700
2014-03-31,44.20853042602539,44.43427091935297,44.12842887104362,44.295915455731894,15216700
2014-04-01,44.17940902709961,44.63089008472049,43.96095197415874,44.383304683965605,14584400
2014-04-02,44.318641662597656,44.531149049409166,44.113463658967596,44.23803521964567,14012200
2014-04-03,44.45052719116211,44.55311615739963,44.172069428989076,44.44320060586215,11925200
2014-04-04,43.82766342163086,44.743640315446875,43.820334041090135,44.71432838396325,16966900
2014-04-07,43.23411178588867,43.9668933415817,43.11686684879138,43.73973005299454,18685700
2014-04-08,43.124183654785156,43.24875794457897,42.684515939212204,43.08754514437727,16956500
2014-04-09,43.43195343017578,43.563854304335266,42.86771142301337,43.30737913998553,15308400
2014-04-10,42.061668395996094,43.51990233379272,42.04701242735741,43.49059039651535,29977200
2014-04-11,40.52280807495117,41.07239408716662,39.97322206273572,40.43487509569162,47241300
2014-04-14,40.2736701965332,40.991795724448835,39.92193541522797,40.925845278245376,31081500
2014-04-15,40.15642547607422,40.77196204536078,39.82667324336006,40.368932781083295,26691400
2014-04-16,40.49351501464844,40.55946547865195,40.0758296744063,40.30299300493847,27049400
2014-04-17,40.46419906616211,40.720671496741836,40.310312812474436,40.55213207159804,17955400
2014-04-21,40.3249626159668,40.60342035185065,40.295653482194346,40.49350201535088,12384800
2014-04-22,40.896541595458984,41.09439296044765,40.259019598715525,40.332299435011294,16257600
2014-04-23,41.07240676879883,41.12370125548298,40.71334536200977,40.88921137482975,11379000
2014-04-24,41.17499542236328,41.226289908649036,40.7499835652328,41.087062416636265,15360600
2014-04-25,40.81593322753906,41.292239561726674,40.77196532785752,41.26293042394545,15937700
2014-04-28,40.662044525146484,40.815927961167006,40.06849053505947,40.7646334824935,21394100
2014-04-29,41.109046936035156,41.26293319759472,40.72067357976479,40.83791852479018,13453400
2014-04-30,41.02111053466797,41.292238923497315,40.83058856300567,41.21163530167003,14388100
2014-05-01,40.830589294433594,41.174994725762694,40.669376457211584,40.97714336971927,12744600
2014-05-02,40.727989196777344,41.30688434481808,40.625397458629536,40.911184536175575,15153800
2014-05-05,39.73141098022461,40.11245766838707,39.35036429206215,39.48226517624683,25232300
2014-05-06,39.086578369140625,39.61418211976649,39.07192239880762,39.599526149433494,25327400
2014-05-07,39.606849670410156,39.65814416493397,39.01329829225168,39.24045882647419,18502600
2014-05-08,39.83400344848633,39.95857496379117,39.61416955390507,39.71675851835368,16090800
2014-05-09,39.577545166015625,39.797381949942235,39.335728617173515,39.731431473832416,12366500
2014-05-12,40.046504974365234,40.08314348561416,39.59217848979304,39.7680472572628,12825500
2014-05-13,40.02452087402344,40.17840709858953,39.936587885228036,40.11245665815815,12310700
2014-05-14,39.83400344848633,40.083149274435655,39.79003555143422,40.03918137738355,10325800
2014-05-15,39.211143493652344,39.716764603531225,39.09389854555609,39.716764603531225,19763000
2014-05-16,39.0645866394043,39.211140717644064,38.81544079292089,39.145190264300226,19992400
2014-05-19,39.44563674926758,39.50425782648397,38.88139455494179,38.896050523080916,12068900
2014-05-20,39.36502456665039,39.59951443191163,39.13786128671746,39.36502456665039,16888200
2014-05-21,39.65813446044922,40.00986924911618,39.55554549650548,39.60683997847735,13210200
2014-05-22,39.973236083984375,40.00987460524915,39.58486272696581,39.69477829076013,11800900
2014-05-23,39.95857238769531,40.00254028191284,39.68744402836917,39.97322835243449,10876500
2014-05-27,40.405574798583984,40.61808212200985,40.0758225372921,40.11979043724429,14503700
2014-05-28,40.63275146484375,40.742667057898394,40.30299909499834,40.36894956896742,11374900
2014-05-29,40.830589294433594,40.97714336971927,40.58877003860058,40.852571846658485,11741000
2014-05-30,40.72066879272461,40.94783206996769,40.53014682770823,40.727998173305814,11991900
2014-06-02,40.559444427490234,40.779281056962546,40.317628048545096,40.779281056962546,9440000
2014-06-03,40.74265670776367,40.78662461102051,40.36893931377068,40.36893931377068,9131500
2014-06-04,40.8012809753418,40.837919497408585,40.4861846539553,40.68403602752403,9727800
2014-06-05,41.49741744995117,41.51940000061321,40.66204698071827,40.969813871345295,16803400
2014-06-06,41.746559143066406,41.86380406056245,41.5120693080743,41.59267291763963,15399800
2014-06-09,42.076297760009766,42.259493071320165,41.69525397238211,41.70258055488554,11999700
2014-06-10,42.42805862426758,42.457367765789115,42.05433841763137,42.11296229135476,11609200
2014-06-11,41.96639633178711,42.347443042609385,41.753889028481304,42.12027977404047,14232200
2014-06-12,41.79786682128906,42.076321841202926,41.673292484725316,41.81984937671905,11670200
2014-06-13,41.79786682128906,42.25951725736004,41.68062186676212,41.79053743925226,12040800
2014-06-16,41.67327117919922,41.73189502416126,41.27757140706055,41.65861521795871,11199100
2014-06-17,42.076297760009766,42.200872025276915,41.53404120392061,41.614647588151364,11200500
2014-06-18,42.34011459350586,42.36209993955383,41.731907396077744,41.98105322035109,13729400
2014-06-19,41.98836898803711,42.27415325497784,41.92241855756318,42.27415325497784,11624400
2014-06-20,42.17157745361328,42.332790288396374,42.02502058520499,42.27416642289715,17124800
2014-06-23,42.640560150146484,42.66254549890159,41.94441986882702,42.16425378899842,16007700
2014-06-24,42.076297760009766,42.5892451907466,41.988364793275586,42.413379257278244,12322900
2014-06-25,42.15691375732422,42.310799978373126,41.67327813699439,41.92975330851641,14836600
2014-06-26,42.0543327331543,42.12761256540331,41.47543463741611,42.01769421469968,11854400
2014-06-27,42.15691375732422,42.28148805099817,41.944409272203885,42.01035971112792,10178600
2014-06-30,42.22285842895508,42.340103327100984,42.04699247940566,42.09095756912358,11549000
2014-07-01,42.48114013671875,42.79106133212262,42.11956869277522,42.17122175619572,14472200
2014-07-02,42.03839874267578,42.414728606451824,41.92771199839297,42.25976941636056,19189900
2014-07-03,42.09743118286133,42.54017536166724,42.06053653834774,42.23025415501501,12599800
2014-07-07,41.8170280456543,42.05315997021294,41.617796396454644,41.97936786413804,13916100
2014-07-08,41.14552688598633,41.66944087910499,41.049601390171745,41.58089037005706,18343400
2014-07-09,41.33738708496094,41.41117636733993,41.034846523397974,41.234080963678075,10914300
2014-07-10,40.99795150756836,41.182427526710775,40.55520737269815,40.62899946928352,12436600
2014-07-11,41.17504119873047,41.25621108627597,40.72491932407291,40.79871141042348,10230000
2014-07-14,41.536624908447266,41.94247162434978,41.4702134229446,41.713720326533746,14004400
2014-07-15,42.9976692199707,43.30758756902569,42.62133657911186,42.76154014977245,36178000
2014-07-16,43.32234191894531,43.521576331003125,43.02718201635915,43.174760560212086,20507500
2014-07-17,42.69513702392578,43.43304121634792,42.621344915754904,43.2116705215975,17013500
2014-07-18,42.96815872192383,43.152634761163526,42.724651813865535,43.04195082654829,12803300
2014-07-21,42.97553253173828,43.100974867406116,42.724645045522095,42.886982020216905,9141400
2014-07-22,43.292823791503906,43.38875209404814,43.07145316745431,43.108347802315876,10375200
2014-07-23,43.53635025024414,43.67655104277749,43.182156552095705,43.35925199372927,11122100
2014-07-24,43.66178894042969,43.79461191790145,43.52896877783898,43.58799964844807,9844100
2014-07-25,43.543724060058594,43.73558072159173,43.41828170164781,43.477312571817286,10500600
2014-07-28,43.67654037475586,43.728193433856134,43.29282992509624,43.49206435943185,12382800
2014-07-29,43.27070617675781,43.632280509563785,43.123124758982286,43.632280509563785,13498800
2014-07-30,43.46993637084961,43.742960137068806,43.24856567351293,43.55110628334532,11815700
2014-07-31,42.554927825927734,43.30021253853355,42.547550023522064,43.2780763164358,15955900
2014-08-01,41.67682647705078,42.42211125244547,41.3004965952803,42.34831914776824,23915400
2014-08-04,41.80226135253906,42.04576820080086,41.57351010669775,41.99411514768835,13543900
2014-08-05,41.36689376831055,41.765359736166836,41.02745583400926,41.63991742394245,16863300
2014-08-06,41.492347717285156,41.83178293190286,41.19718776257094,41.24146020759364,12190600
2014-08-07,41.256229400634766,41.83179385527099,41.08651174900823,41.7875213986876,11743800
2014-08-08,41.57351303100586,41.58827144934473,41.05697964866719,41.24145565558239,12213200
2014-08-11,41.558753967285156,41.75061058783062,41.44806723890274,41.72109375161126,9066800
2014-08-12,41.580894470214844,41.72847585163346,41.418557484047014,41.492346767315965,11289600
2014-08-13,41.853919982910156,41.94246768363387,41.698957988042835,41.83178094656874,7012600
2014-08-14,42.04576873779297,42.06052715528221,41.83915652270416,41.89080957647636,8275900
2014-08-15,41.876060485839844,42.42948859798751,41.61041454162802,42.23763475765727,12727400
2014-08-18,42.23025131225586,42.37783269525662,41.88343548443619,41.95722758337695,8881400
2014-08-19,42.47377014160156,42.59183471039128,42.31143030393519,42.50328417263797,9040500
2014-08-20,42.532798767089844,42.68775797763336,42.34832271219103,42.370458938016895,8121400
2014-08-21,43.167396545410156,43.366631021097795,42.503281626451376,42.547556892675686,12745500
2014-08-22,43.16001510620117,43.595378668649644,43.04195055442943,43.12311764668173,10228600
2014-08-25,43.78723907470703,44.14881340208926,43.433045366287644,43.521593089672145,13996800
2014-08-26,44.0823974609375,44.23735666495596,43.82412930602565,43.95695228515035,10281100
2014-08-27,43.971702575683594,44.237348484811115,43.92742731920215,44.163556390675375,11410900
2014-08-28,43.65441131591797,43.80937051864245,43.396145978043826,43.72082280492576,9096100
2014-08-29,43.86840057373047,44.01598196096485,43.706060766284565,43.78723067000752,8897900
2014-09-02,44.03073501586914,44.060251854582454,43.64702737211871,43.87577583494523,8671100
2014-09-03,44.05287551879883,44.54726991674151,43.87577729550427,44.28900460660441,11791800
2014-09-04,44.06025695800781,44.377555973726494,43.85364469284439,44.001226088624406,9811900
2014-09-05,44.20783233642578,44.20783233642578,43.69867954591326,43.99383948241651,9600900
2014-09-08,44.193084716796875,44.43659446842693,44.082400769140634,44.15619006757813,8090000
2014-09-09,43.58061599731445,44.038115738948974,43.37400094070477,44.00122109790889,14868700
2014-09-10,43.698665618896484,43.94955303314932,43.477292218471256,43.647012576098525,9153800
2014-09-11,44.09714889526367,44.15618257590287,43.514206780796144,43.6691659701528,11467000
2014-09-12,44.296390533447266,44.576794932225376,44.089778247443014,44.1266728963893,14359100
2014-09-15,44.229976654052734,44.26687411589041,43.86840517304498,44.1119120948631,10685600
2014-09-16,44.26687240600586,44.42183160616647,43.99384583633504,44.06025732424402,10947900
2014-09-17,44.50299835205078,44.709610604245874,44.14142409582854,44.23735241929661,15091800
2014-09-18,45.248287200927734,45.307320890526206,44.6727228017489,44.6727228017489,16973700
2014-09-19,45.093318939208984,45.63936638401363,44.99739062030196,45.55819929942535,18739300
2014-09-22,44.94573974609375,45.34420864566272,44.864569842676275,44.967875968887306,13225200
2014-09-23,44.96786880493164,45.30730678468071,44.842426475911616,44.87932111298337,14328800
2014-09-24,45.47703170776367,45.484409510416754,45.026909744143175,45.14497429075832,13728200
2014-09-25,44.38492965698242,45.38109899681392,44.38492965698242,45.37372119487408,16340100
2014-09-26,44.687477111816406,44.923606218718184,44.51037887419958,44.51775949216082,11948900
2014-09-29,44.517757415771484,44.64319976645176,44.0750132498203,44.296383925355464,10686500
2014-09-30,44.451351165771484,44.820303273401166,44.37018125171196,44.56941572761773,14384800
2014-10-01,44.10453796386719,44.56941843589596,44.07502111789172,44.45135386687547,18995800
2014-10-02,43.71080780029297,44.19367815539001,43.53994672349528,43.94110029537473,24559100
2014-10-03,44.79541015625,44.86226909157851,43.86681540660201,44.01539113331494,18321100
2014-10-06,44.706260681152344,45.16684283021047,44.57254282596677,45.15198497587363,11578000
2014-10-07,44.03023910522461,44.5131065663371,43.970807694342405,44.5131065663371,14542000
2014-10-08,44.86968994140625,44.89197530385106,43.9633807507081,44.09709859306834,15834100
2014-10-09,43.88909149169922,44.8176859850018,43.747943315056105,44.8176859850018,19189500
2014-10-10,43.47309112548828,44.43882907582523,43.4656607807105,43.85195652761453,16689400
2014-10-13,43.20564651489258,43.94109463527097,43.168503300172496,43.458224342373015,17169300
2014-10-14,43.0793571472168,43.47308030707311,41.6456070172909,42.11361660336125,29096800
2014-10-15,41.251888275146484,42.626210072458555,40.308435760384604,42.358774356923405,37866900
2014-10-16,40.917598724365234,41.586185216281706,40.32329584197793,40.67244836030355,31965100
2014-10-17,41.74961471557617,42.180481146003146,41.281602233242594,41.400462231344434,20183500
2014-10-20,42.06904983520508,42.15819412180962,41.65303844130759,41.67532380449728,10807600
2014-10-21,43.034786224365234,43.09421480220364,42.40334306137306,42.5147727075122,14020400
2014-10-22,42.6782112121582,43.27993873918893,42.670780867911944,43.116508005769305,13750700
2014-10-23,43.1313591003418,43.53250977754037,43.04221198643494,43.17592982344966,12641900
2014-10-24,43.636512756347656,43.66622562578444,43.08678358100832,43.08678358100832,13758000
2014-10-27,43.562232971191406,43.673665465809144,43.272511885800554,43.42108760067552,11087100
2014-10-28,44.29769515991211,44.34226590472711,43.68853708743361,43.7331078322486,13625000
2014-10-29,44.04509353637695,44.409100981293385,43.65136755448241,44.29024100260806,16712100
2014-10-30,44.119384765625,44.3348193860329,43.77023230040155,43.78509015358614,14709800
2014-10-31,44.92912292480469,44.97369648791073,44.47596828502081,44.66168721386037,18347600
2014-11-03,45.22627258300781,45.42684935840396,44.83997688600551,45.15941365787576,11841200
2014-11-04,44.75825881958008,44.8474031059099,44.14167065733824,44.75083130982166,15295800
2014-11-05,45.42685317993164,45.48628176624519,44.862266023799435,45.16684496750236,14063800
2014-11-06,45.48627471923828,45.545706130190446,45.04055047247963,45.374845074471445,10421600
2014-11-07,45.66456604003906,45.72399461704379,45.211411450764686,45.36741465347846,12384600
2014-11-10,46.00628662109375,46.00628662109375,45.46398776742193,45.50113098104552,10801000
2014-11-11,45.59027862548828,45.97657431014586,45.53085004607329,45.842856464154934,12539800
2014-11-12,44.98855209350586,45.196556376578265,44.74340175944553,44.884547118123834,17219600
2014-11-13,44.74339294433594,45.04054429062116,44.565104403641016,44.94396967800168,12240400
2014-11-14,44.780540466308594,45.033118284819466,44.7062540395065,44.758255105037065,6803400
2014-11-17,44.854827880859375,44.9662575164764,44.49081760328144,44.572534369707846,9017600
2014-11-18,44.966270446777344,45.18170510496993,44.72112291085003,44.83255257850927,8897800
2014-11-19,45.01826477050781,45.15941296241614,44.68397298384154,44.90683511956766,9210100
2014-11-20,44.66168975830078,44.75826440027622,44.38682652143575,44.72112117916139,10917300
2014-11-21,44.906837463378906,45.36741961243137,44.79540497277698,45.36741961243137,12340500
2014-11-24,45.28569412231445,45.545702272438845,45.092547720770845,45.092547720770845,8335000
2014-11-25,44.79541015625,45.43428379742323,44.53540475988708,45.43428379742323,14802600
2014-11-26,44.82512283325195,44.99598391555662,44.721120681748765,44.99598391555662,7626600
2014-11-28,44.69140625,44.98855769180545,44.59483160633631,44.86969768185251,6759600
2014-12-01,44.572540283203125,44.728543494071346,44.23824566430994,44.55768242971389,12771600
2014-12-02,45.37485885620117,45.45657282031095,44.57255156773561,44.57997907943776,12546600
2014-12-03,45.716575622558594,45.77600421063221,45.174276649848316,45.28570631517866,12115500
2014-12-04,45.59769821166992,45.73884353409658,45.19654476833718,45.38969114817604,11515200
2014-12-05,46.57831573486328,46.84575149067925,45.96915777276976,46.06572959160053,20071100
2014-12-08,46.55602264404297,46.920033014313304,46.251443694978455,46.50402156741094,15528200
2014-12-09,46.392581939697266,46.68973048036947,45.73142310693311,45.94685487792066,19676400
2014-12-10,45.07767868041992,46.236565303566955,44.84738629041627,46.17713391240032,29620600
2014-12-11,45.41943359375,46.10288091823995,45.39714822283456,45.441718964665434,16886200
2014-12-12,44.60226058959961,45.47885419893858,44.54282916951408,44.96626811916218,17405400
2014-12-15,43.94853591918945,45.174282226049506,43.67367264349743,45.12228114237389,19209900
2014-12-16,43.40623092651367,44.46854349107388,43.16851090978583,43.39880058195248,20709700
2014-12-17,44.40168380737305,44.44625737244703,43.33937126080163,43.51023234281608,17856400
2014-12-18,45.671993255615234,45.671993255615234,44.8994019226051,45.04797761492945,18173400
2014-12-19,46.00628662109375,46.318293016146484,45.59027526051122,45.61256345576181,22756400
2014-12-22,46.013729095458984,46.30345305717999,45.76858153873686,46.17716268917138,17073400
2014-12-23,46.414859771728516,46.778870004772344,46.00627882342896,46.09542308778548,13552600
2014-12-24,46.414859771728516,46.70458075627102,46.25885660064333,46.6080089839869,7412500
2014-12-26,46.46687698364258,46.71945484866932,46.362874833427924,46.55602127899141,6086500
2014-12-29,46.771446228027344,47.053739744266096,46.244005241936996,46.37029273134787,10601200
2014-12-30,46.912593841552734,47.009165626236154,46.48172464645897,46.593157116595755,7518100
2014-12-31,46.48916244506836,47.1651792154983,46.48916244506836,47.02403101950845,18529400
2015-01-02,46.7209358215332,47.07233153368684,46.40691941577844,46.489161875668394,12600000
2015-01-05,45.27048110961914,46.56392310108532,45.03123188877428,46.39944104430178,20100600
2015-01-06,44.09667205810547,45.42002116516689,43.62564881781128,45.33777869520229,29074100
2015-01-07,44.16395568847656,44.77703221418973,43.864892716485606,44.77703221418973,23843200
2015-01-08,45.15086364746094,45.53216911435258,44.83685006491595,44.83685006491595,16971100
2015-01-09,44.365821838378906,45.44992152406587,44.32843968068125,45.39758593287399,15396200
2015-01-12,43.98452377319336,44.41068668917808,43.56583614868376,44.320966079019954,15455200
2015-01-13,43.99199676513672,44.63498017727965,43.64059819057582,44.30601032804785,21644700
2015-01-14,42.47425842285156,43.991996332825735,41.32286966600691,43.991996332825735,49602300
2015-01-15,41.113525390625,42.32472497574723,40.74717340236925,41.66678816626537,42458100
2015-01-16,41.816322326660156,41.8686579208952,40.851847200769875,40.8668006351336,29368900
2015-01-20,41.651832580566406,42.16023788179373,41.435012085497995,41.89855994090128,23477700
2015-01-21,41.786434173583984,42.1826903794352,41.26307514475126,41.457467026469516,21842400
2015-01-22,43.057430267333984,43.162101459229895,41.838752421525754,42.15276884928955,31423500
2015-01-23,42.377052307128906,43.26676003080465,42.362098876637475,43.15461358023179,15458300
2015-01-26,42.44435119628906,42.60883611789978,42.018188310366654,42.175195088953664,12577700
2015-01-27,42.0181884765625,42.324726744001175,41.689218632039875,41.90603914737053,15220500
2015-01-28,40.93408966064453,42.37706327776119,40.93408966064453,42.3322029746734,24354400
2015-01-29,41.62193298339844,41.786417919011015,40.88175647729413,41.32287283473829,20393300
2015-01-30,40.6574592590332,41.49483163948292,40.64998111562927,41.11352903608761,26943700
2015-02-02,41.472389221191406,41.606967237270425,40.57520339802295,40.76959228120648,20308900
2015-02-03,42.406978607177734,42.45183606713913,41.77147035431798,41.801377229009944,18812500
2015-02-04,42.15276336669922,42.668643967692326,42.07799620215809,42.10790306797454,14934100
2015-02-05,42.44435119628906,42.646218276790606,42.21257724784449,42.51164022312291,11293900
2015-02-06,43.28172302246094,43.90975298145995,43.02004506124296,43.17705183797374,25214000
2015-02-09,43.2293815612793,43.438723901832795,42.78826530648765,42.930318630138174,14372400
2015-02-10,43.7078857421875,43.89479938581856,43.40134748071561,43.67797887470832,16367300
2015-02-11,43.64057922363281,43.85739964783337,43.24432337063331,43.40880822376128,13061900
2015-02-12,44.53778076171875,44.64245194108554,43.77517278794905,44.05928231199872,23211300
2015-02-13,44.61254119873047,45.02375344205081,44.365816704813746,44.45553444332205,16479100
2015-02-17,44.93404006958008,44.96394693791218,44.35087039748364,44.38077726581575,15308800
2015-02-18,44.38825225830078,44.93403976734903,44.20133861059621,44.93403976734903,14278100
2015-02-19,44.28357696533203,44.47049059570339,43.96208529292725,44.22376608669254,11256500
2015-02-20,44.709739685058594,44.777028705880625,43.62564006162612,44.08170977474484,15379000
2015-02-23,44.37331008911133,44.5078881777895,43.962100530184316,44.48545944703535,16814000
2015-02-24,45.47234344482422,45.79383508665987,44.91908074869455,45.04618063626542,22937700
2015-02-25,45.711612701416016,45.80880862120302,45.42002779413163,45.42750308700295,18307900
2015-02-26,46.040565490722656,46.130283232164345,45.53963549251577,45.62935323395746,15444800
2015-02-27,45.81627655029297,46.294775075297146,45.70413006278796,45.70413006278796,15225900
2015-03-02,46.1826286315918,46.22748893788205,45.62936292898338,45.81627659374517,13047300
2015-03-03,46.3321533203125,46.347106753543564,45.98075476957185,46.092904092766965,13706900
2015-03-04,46.451786041259766,46.48169006086525,45.86861345177083,46.08543399334907,16625500
2015-03-05,46.354583740234375,46.52654395057001,46.05552076882187,46.50411522594062,10931300
2015-03-06,45.524688720703125,47.00504450541294,45.45739969175831,46.47421041711277,22719200
2015-03-09,45.980751037597656,46.07794691967292,45.457392325291195,45.487299189325974,13001500
2015-03-10,44.829368591308594,45.614405341433724,44.829368591308594,45.42749169368603,16357700
2015-03-11,45.03871536254883,45.34525364129664,44.829370130472164,44.95647289838399,13015600
2015-03-12,45.88356018066406,45.94337391528438,45.34525082946041,45.34525082946041,18159600
2015-03-13,45.60693359375,46.24991704828915,45.18077067194171,45.9059965942116,16506200
2015-03-16,46.24243927001953,46.294774867702415,45.793847617858724,45.98076128160509,15182900
2015-03-17,46.06300354003906,46.100385702202715,45.547120005121656,45.86113644186392,11718300
2015-03-18,46.167667388916016,46.39196317828509,45.67421551147379,45.898511300842856,15697900
2015-03-19,45.75646209716797,46.09290723763281,45.4274922477908,46.03309350062752,11523800
2015-03-20,46.167667388916016,46.429345334500645,45.719075810177884,45.846175711725934,18368300
2015-03-23,45.711612701416016,46.41441001853904,45.696659263596736,46.167682572635854,15112900
2015-03-24,45.20319366455078,45.78636615626562,45.19571837392178,45.58449908437308,12128700
2015-03-25,44.56769561767578,45.337779019995175,44.552742181931805,45.25553654944141,14950900
2015-03-26,44.515357971191406,44.70227163127998,44.01442787907447,44.45554423096653,14039600
2015-03-27,44.522823333740234,44.6947835204241,44.11161394366355,44.477965890651255,11755800
2015-03-30,45.57701110839844,45.950838304862486,45.315333211703674,45.51720024004328,20656500
2015-03-31,45.29292678833008,45.56208010653359,45.17329928858197,45.397597998533094,17346700
2015-04-01,45.11980056762695,45.58642655266073,44.95422240121439,45.466006851005815,18100600
2015-04-02,45.54880905151367,45.68428161376832,45.15744419067057,45.210127645877044,12697800
2015-04-06,45.51118469238281,45.72191854224189,44.89403309976691,45.09723910011194,12025200
2015-04-07,45.79717254638672,46.28637932999496,45.79717254638672,46.02296205945693,11505500
2015-04-08,45.94769287109375,46.331532704213586,45.86490377489016,45.95522071858459,11734000
2015-04-09,46.26380157470703,46.34659068011358,45.78212263892304,46.113276189516306,11728500
2015-04-10,46.43690872192383,46.4971171585136,46.06059666237993,46.173488557623195,9869700
2015-04-13,46.715362548828125,46.86588789435246,46.286367180254686,46.39173406081207,15468700
2015-04-14,47.445411682128906,47.874407078494166,47.21962508473125,47.38520039160561,33775400
2015-04-15,48.32598876953125,48.529200475258065,47.42283935012463,47.47552567411153,28732200
2015-04-16,48.024940490722656,48.37114398518338,47.91204573756775,48.22814932378179,16640500
2015-04-17,47.294891357421875,47.71636182281803,47.03147411094469,47.60346707659486,20221200
2015-04-20,47.595947265625,47.80668108567787,47.52068313629685,47.58089443975937,12755300
2015-04-21,46.89601135253906,47.866894314374484,46.760538777207,47.663688322409655,14985100
2015-04-22,47.370147705078125,47.52820090763972,46.685260064085746,47.151888953884956,14484700
2015-04-23,47.2647819519043,47.57335764654875,47.114256592582805,47.25725697590281,12851300
2015-04-24,47.114261627197266,47.294892651891715,46.91858064889163,47.136842299679536,9597500
2015-04-27,46.91858673095703,47.52821328841495,46.896008926580734,47.189531867605,11146400
2015-04-28,47.234676361083984,47.24972918413698,46.489580281671344,47.031470427449584,12307800
2015-04-29,47.866886138916016,48.08514779200988,47.0088952223763,47.08415934639113,17601200
2015-04-30,47.61098861694336,48.07761752135708,47.35509636553444,47.8518309162392,16840900
2015-05-01,47.87441635131836,48.07009734135593,47.66368253573437,47.94215263076077,11640100
2015-05-04,48.7098388671875,48.82273364496227,47.897003357689506,47.927109014567236,14972500
2015-05-05,48.468994140625,49.16140694813211,48.38620502863324,48.55178325261675,17692400
2015-05-06,48.10771942138672,48.973238074796626,47.731407462692395,48.56682047035898,18087900
2015-05-07,48.544246673583984,48.61950792311447,47.60346669928972,47.91956739255693,15039900
2015-05-08,49.289337158203125,49.4097597373069,48.61950235261603,48.89797526024507,16802600
2015-05-11,49.259239196777344,49.40223959625182,48.98077198777821,49.116244539368374,13798800
2015-05-12,49.19149398803711,49.32696650711932,48.73992083845111,49.153860499711556,12762200
2015-05-13,49.31192398071289,49.394713083481605,48.96571761552814,49.23666272603197,11874100
2015-05-14,49.71080780029297,49.808646834065044,49.45491270433355,49.54522963385999,11855500
2015-05-15,49.582862854003906,49.7936023794927,49.25171222665141,49.77101883807019,11152100
2015-05-18,49.989295959472656,50.079612926955555,49.52267264931116,49.52267264931116,10510900
2015-05-19,50.43333053588867,50.568803071302646,50.10217417330677,50.25269666062682,14282700
2015-05-20,50.034446716308594,50.44838647661066,49.97423541740686,50.388175177708916,12446000
2015-05-21,50.162391662597656,50.18496946427865,49.68071275318453,49.778551807824044,12934500
2015-05-22,50.02691650390625,50.29786159409234,49.91402175931784,50.14733335395272,9296900
2015-05-26,49.4699821472168,49.89144978469251,49.153875677044105,49.8237106332034,15571300
2015-05-27,50.02691650390625,50.162389048999295,49.537709772066634,49.63554882160846,10963700
2015-05-28,49.82370376586914,49.974232002838406,49.4774974339375,49.94412635544455,11797400
2015-05-29,49.507598876953125,49.838755228097305,49.191498219259834,49.80864958326014,14310700
2015-06-01,49.7333984375,50.169921763151095,49.65060933290873,49.66565928734996,11899300
2015-06-02,49.68824005126953,49.9667130325875,49.35708935523496,49.54524537832561,12784200
2015-06-03,50.20001983642578,50.523648394703585,49.87639127814798,49.99681387753766,12927300
2015-06-04,49.92155075073242,50.46344094352135,49.680711303055716,49.906495055340855,13863300
2015-06-05,50.74190139770508,51.05800205410729,50.433328587997565,50.704273648360775,20801100
2015-06-08,50.34302520751953,50.83975986594097,50.28281390188066,50.77202071158071,14558700
2015-06-09,50.561283111572266,50.62901651881285,50.026920733544515,50.38817705629237,13263500
2015-06-10,51.374114990234375,51.55474313944099,50.779541351111234,50.86985255468187,17478900
2015-06-11,51.56980895996094,51.69023159119452,51.29134167385069,51.449392070794445,13739900
2015-06-12,51.3665885925293,51.584850244094866,51.08059353637381,51.41174419558924,11804700
2015-06-15,51.17090606689453,51.33648427182048,50.651599392068015,50.86233320122262,14082300
2015-06-16,51.45690155029297,51.569790549188426,50.89243358755548,51.00532258645094,11692800
2015-06-17,51.28378677368164,51.690204326624915,51.20852553989157,51.48699842118531,14521900
2015-06-18,51.76548767089844,51.79559332568625,51.10318049176624,51.44185905951266,16759600
2015-06-19,51.2386474609375,51.6826929008222,51.118224854962456,51.52464253702938,21606400
2015-06-22,51.900943756103516,52.14931102264017,51.7428934252342,51.83321036090154,14306700
2015-06-23,52.49551773071289,52.548201174738544,52.07405017850767,52.194467018252844,15736900
2015-06-24,51.94611740112305,52.510585525517776,51.863334025579846,52.314907376682285,16995000
2015-06-25,51.66764450073242,52.2847960197592,51.660116652116,52.17190125877718,13314300
2015-06-26,51.89341354370117,52.14930864539454,51.757941017408086,51.885891439286986,14489200
2015-06-29,50.576316833496094,51.37410196247663,50.546216934649024,50.937578782363644,19934400
2015-06-30,50.99781036376953,51.26122764901328,50.54623705448509,51.09564942912687,20677400
2015-07-01,51.565948486328125,51.80836199966623,51.346260336803894,51.60382794574729,13964400
2015-07-02,51.149314880371094,51.61141669979254,50.899330014130065,51.475058691117425,12822900
2015-07-06,51.005374908447266,51.103853424225264,50.40691520580838,50.66447706842535,13527100
2015-07-07,50.603885650634766,50.922052392308665,49.46757090500311,50.82356808207936,22421500
2015-07-08,49.56604766845703,50.11905670130342,49.39938725363769,49.99784702521828,17707200
2015-07-09,50.08116149902344,50.5281090350836,49.99025427051919,50.369025719896406,14984700
2015-07-10,50.79325485229492,51.05839371709444,50.626594485965576,50.92203576096986,12356100
2015-07-13,51.58110046386719,51.61897992597526,51.27051083703998,51.42959417462384,16175600
2015-07-14,52.30077362060547,52.346224354791296,51.33111942734197,51.49777982548317,20185100
2015-07-15,52.41442108154297,52.59622984937673,52.15685336248166,52.444723506114684,16891600
2015-07-16,52.69469451904297,52.99013585632632,52.58106768131476,52.747722303181135,18035700
2015-07-17,52.4295539855957,52.64166511562373,52.20986580675386,52.53560955060971,14040700
2015-07-20,52.46744155883789,52.85378441412847,52.40683671815068,52.64925030130379,11512900
2015-07-21,52.346221923828125,52.67954270463109,52.1719902644772,52.39167843549783,11659900
2015-07-22,53.088623046875,53.24770640795473,52.42198140471768,52.482586241203855,15493000
2015-07-23,52.755306243896484,53.490124048371555,52.61894824121456,53.17195730197898,14331800
2015-07-24,52.20228958129883,52.69468789514497,52.028052152692794,52.603786436389015,12413900
2015-07-27,51.520511627197266,51.67959499631115,51.18719078928496,51.62656720660652,16801600
2015-07-28,51.550804138183594,51.96744932589332,51.33868724054131,51.92957564315307,14932400
2015-07-29,52.225013732910156,52.34621760163421,51.63413114634433,51.75533501506838,13059200
2015-07-30,52.30077362060547,52.61136327020009,51.922002090137234,52.21744342153487,10197200
2015-07-31,51.914424896240234,52.3007734745253,51.81594637924771,52.27804810749586,11911800
2015-08-03,51.914424896240234,52.14926139500426,51.512927999800496,51.959875630299116,9980600
2015-08-04,51.86140060424805,52.232595109769754,51.74776798185704,51.86897765363285,10964000
2015-08-05,52.06595230102539,52.5886532353406,51.93716555062627,52.30836592001701,11302900
2015-08-06,51.702327728271484,52.225034429500695,51.51294191241701,52.081099359980435,10803400
2015-08-07,51.550804138183594,52.07350488491721,51.172032633214116,51.76291525623138,11453300
2015-08-10,52.18715286254883,52.27806013116964,51.679600283507426,51.679600283507426,12661400
2015-08-11,51.687171936035156,51.81595288510123,51.39930183859852,51.687171936035156,14800300
2015-08-12,50.93718719482422,51.17202944339059,50.05086331554758,51.0659738909777,21069000
2015-08-13,51.17203903198242,51.36142480814876,50.732662644173665,50.944773788744726,11930600
2015-08-14,51.429603576660156,51.44475767611154,51.05840905443838,51.073557374294246,11248800
2015-08-17,51.565948486328125,51.694729401002796,51.05839609583803,51.225056469931864,10326500
2015-08-18,51.67202377319336,51.785656415258515,51.391730693378825,51.49779206434356,10617500
2015-08-19,51.20991897583008,51.74777395230138,51.02811022678528,51.45990961801412,15198200
2015-08-20,49.9524040222168,50.78570044576402,49.9524040222168,50.61146295430772,20972300
2015-08-21,48.17973709106445,49.57361931617781,48.15701172417369,49.308474623532696,28235500
2015-08-24,45.6419792175293,47.66461823724453,37.930188970835935,44.91473841649447,36339100
2015-08-25,45.3844108581543,47.967632932855736,45.24805285739487,47.80097251197247,31772500
2015-08-26,47.65703582763672,47.710063612921296,45.869233667192184,46.81616253269903,33576800
2015-08-27,48.846378326416016,49.03576408860349,47.83126763570184,48.46760391224367,29045700
2015-08-28,48.58123016357422,48.83122073889759,48.179733301166934,48.70243981691684,16687300
2015-08-31,48.558509826660156,48.74789559492295,48.081259771292125,48.18731533915169,14223400
2015-09-01,46.55101776123047,47.611576223553605,46.202548676029885,47.611576223553605,23637300
2015-09-02,47.399471282958984,47.65703605117688,46.619202818856635,47.437347859797406,17757900
2015-09-03,47.4827880859375,48.225179763693774,47.30855356981277,47.63429724033193,17065400
2015-09-04,46.588897705078125,46.90706439986371,46.0207404159918,46.81616004275317,20189000
2015-09-08,47.84641647338867,47.876718887389025,47.217657276766374,47.550975161378425,13385100
2015-09-09,47.10403060913086,48.7403207143294,46.96767261873138,48.437305205506476,13889500
2015-09-10,47.467655181884766,47.7252199767161,46.55102863461361,46.861621220457465,15751100
2015-09-11,47.39189529418945,47.46764844494224,46.96009597734414,47.255537310996466,12766700
2015-09-14,47.25554656982422,47.490383117048104,47.05858371559989,47.45250653425052,10202800
2015-09-15,48.16460037231445,48.3994369262003,47.35402645050144,47.54341225966003,14023500
2015-09-16,48.58881378173828,48.70244640221322,47.88429847030785,48.399428007478434,12235900
2015-09-17,47.4600830078125,48.967592369338355,47.26312015598225,48.58882076637033,21249200
2015-09-18,46.164676666259766,46.83889247010698,46.0434698827205,46.83889247010698,31008000
2015-09-21,46.55101776123047,46.899486846431046,46.270727661377585,46.60404553985676,13136400
2015-09-22,46.14195251464844,46.278310510952,45.77075510475592,45.90711310105948,14811900
2015-09-23,45.937416076660156,46.32376470079955,45.69500250025016,46.05862286486515,11712200
2015-09-24,45.61924743652344,45.740454219667605,45.04351304924042,45.460161185686125,17293400
2015-09-25,46.56616973876953,46.8616110502343,46.111642198995284,46.41466055884478,18384300
2015-09-28,45.43743133544922,46.217699744370144,45.217743159606336,46.14952075496364,17452200
2015-09-29,45.331398010253906,45.551086293869986,44.49052435832937,45.43745362584821,19334900
2015-09-30,46.187416076660156,46.21014145099894,45.53592837416358,45.982879038216,18743800
2015-10-01,46.52829360961914,46.869188566421435,45.86165779386961,46.3010312683501,16863200
2015-10-02,46.39858627319336,46.43673614758831,44.658923476425095,45.467714202582656,20435100
2015-10-05,47.32182312011719,47.48968604780957,46.71141644302938,46.726676973787654,13471100
2015-10-06,47.3447265625,47.58126049373164,47.01663233009621,47.39050816841081,12134800
2015-10-07,47.405765533447266,48.09247211228896,47.123450015184694,47.726228021443525,12773100
2015-10-08,47.405765533447266,47.4973258284963,46.871658476137526,47.19212096413379,13964600
2015-10-09,47.25315475463867,47.72621959125572,46.986102728479565,47.60413824920458,12112000
2015-10-12,47.09292984008789,47.314200301091034,46.84876712331608,47.18449013121503,10857400
2015-10-13,46.96321487426758,47.42865094400721,46.780094299364514,46.84113352078252,15621900
2015-10-14,45.772918701171875,46.52066729458574,45.42956401270407,46.36043316620155,28989400
2015-10-15,47.22262954711914,47.27603994766357,45.856842651715006,46.13915809533387,18147900
2015-10-16,47.63465881347656,47.80252174853205,47.375235600503885,47.63465881347656,17456600
2015-10-19,47.47443771362305,47.89409223001806,47.237903792075244,47.306574742805296,14510400
2015-10-20,47.703346252441406,47.93224848174698,47.36762317683655,47.58126486943512,11545100
2015-10-21,47.352352142333984,48.03905867801107,47.344720420347514,47.978019455364915,12113400
2015-10-22,48.214542388916016,48.512118373033715,47.62702505204051,47.62702505204051,15295700
2015-10-23,48.733394622802734,48.97756023374667,48.451082046333376,48.55027405290601,16985200
2015-10-26,48.75627517700195,48.824946101896536,48.38239949465405,48.71049359018947,13880200
2015-10-27,48.55790328979492,48.72576623921344,48.30611177631615,48.47397181508567,8831900
2015-10-28,49.97710037231445,50.16022094218851,48.596052734039766,48.603684455663085,17962000
2015-10-29,49.75582504272461,50.228892802547506,49.5040306308206,49.79397782803046,12753700
2015-10-30,49.023319244384766,49.85499610738278,48.93175608553817,49.82448087572954,15731400
2015-11-02,50.00762176513672,50.16785299248853,49.13016005424044,49.175938741684384,15253300
2015-11-03,50.19074630737305,50.43490902855592,49.725310210540314,49.81687341397081,11519500
2015-11-04,50.2441520690918,50.47305714582669,50.07628912232593,50.36623632902985,11388400
2015-11-05,50.694339752197266,50.86982863126077,50.16786147240878,50.19838254296308,12715900
2015-11-06,52.23560333251953,52.67051829536896,51.96091958532015,52.16693530636847,23262700
2015-11-09,51.419158935546875,52.43396196500163,51.182628087062966,52.4186985301541,17143800
2015-11-10,51.64045715332031,51.770167305802275,51.06820031687895,51.26658431680861,13239700
2015-11-11,51.3886604309082,52.014327644352335,51.31236068708278,51.96091724154481,8513900
2015-11-12,50.35859298706055,51.04530223750705,50.3204402093093,51.01478117956536,13576900
2015-11-13,50.02288055419922,50.488316625064435,49.77109194608539,50.236522195652476,11837000
2015-11-16,50.74773025512695,50.80114065231209,49.72529516734421,49.94656847605314,11041100
2015-11-17,50.45779037475586,50.923226397800626,50.27466981822436,50.86981599292488,12354800
2015-11-18,51.4649543762207,51.54125993274615,50.640909085934425,50.724840541075096,12911400
2015-11-19,51.62519454956055,51.747272969143715,51.15212684809537,51.564152429120455,12839500
2015-11-20,51.533626556396484,51.96854143664752,51.411542326917235,51.87697826453808,11209600
2015-11-23,51.030059814453125,51.56416981645925,50.95376004882338,51.358154045830084,11339000
2015-11-24,50.953739166259766,51.22842286699135,50.38911414644333,50.488303218981066,10910000
2015-11-25,51.01478958129883,51.213173579943785,50.77825861991669,51.068199986168906,7772000
2015-11-27,51.25132369995117,51.373407959345066,50.84692977798019,51.12161354031857,4052500
2015-11-30,50.8774528503418,51.518377773555585,50.8774528503418,51.33525719853709,15147500
2015-12-01,51.587039947509766,51.75490286214455,51.113972262747815,51.38102425362278,12708800
2015-12-02,50.8621940612793,51.793060358694845,50.724852177841264,51.75491339297749,13440900
2015-12-03,50.205997467041016,51.1444953320445,50.038134545808646,50.99189585163163,14626900
2015-12-04,51.80069351196289,51.88462498867784,50.3814959509805,50.43490636149927,17786000
2015-12-07,51.12161636352539,51.69387326311709,50.66381200811167,51.62520522938923,11686000
2015-12-08,50.32807922363281,51.09108831887521,50.129695228906506,50.549352559808796,13084500
2015-12-09,49.94656753540039,50.801139695565034,49.62610515832487,50.06102004758353,16770200
2015-12-10,50.06102752685547,50.74010516028938,49.65663363518106,50.00761712269654,12839000
2015-12-11,48.885990142822266,49.71767304362059,48.45870402224994,49.442989316870424,17889300
2015-12-14,49.038597106933594,49.41247579394997,48.52738235688837,49.00808186268142,17638200
2015-12-15,50.43490219116211,50.854559540036426,49.649003720813546,49.649003720813546,18126600
2015-12-16,51.526004791259766,51.686236007434694,50.289933746111,51.05294286387595,21720000
2015-12-17,50.57224655151367,51.88462324741477,50.41964704695222,51.80832349513405,18122100
2015-12-18,49.137794494628906,50.33571872650803,49.137794494628906,50.33571872650803,23819600
2015-12-21,50.00762176513672,50.02287938718537,49.465885952290705,49.610853736295866,18869300
2015-12-22,50.11444854736328,50.35861127828484,49.58034439262823,50.297569140229776,12149500
2015-12-23,50.91558837890625,51.0071457247304,50.39674207448353,50.45015246664633,12524500
2015-12-24,50.81640625,51.03767959345264,50.60276462771404,50.83166969233335,4468200
2015-12-28,50.64855194091797,50.70196235558879,50.137337140311764,50.57988390261203,6610600
2015-12-29,51.175025939941406,51.350520614324985,50.92323151111639,50.99953126555782,9820800
2015-12-30,50.808780670166016,51.15977003068626,50.70195984611144,51.15213830859713,7190700
2015-12-31,50.38148498535156,50.95374175405623,50.358595646010876,50.50356922356439,14654300
2016-01-04,48.86827087402344,49.206245920160015,48.39971262881039,49.12175435625628,25393200
2016-01-05,48.95276641845703,49.260015667853544,48.42275948538063,48.92972353055013,16566700
2016-01-06,48.246089935302734,48.49189050397338,47.88506906811665,48.176958342228254,22961500
2016-01-07,46.295047760009766,47.623908069024566,46.14910458046735,47.20911848905258,27630900
2016-01-08,45.25807571411133,47.063177289483285,45.20430701779814,46.95563989685692,22373300
2016-01-11,45.1889533996582,45.48852272986712,44.582131821444214,45.1889533996582,20925500
2016-01-12,45.28879928588867,45.7496775703411,44.62820912929536,45.66518307168279,22971600
2016-01-13,44.044437408447266,45.84185613851615,43.714142300729634,45.67286712614686,28808100
2016-01-14,44.70502853393555,45.61141936935504,44.00603250968909,44.67430272557487,31296300
2016-01-15,43.81401062011719,44.22111741836483,43.184146055585934,43.360815098791036,38131700
2016-01-19,43.790958404541016,44.528363215337336,43.40689455877871,44.344011280094605,22818900
2016-01-20,42.63877487182617,43.153422045453105,41.98586738352986,42.730952321839304,34646100
2016-01-21,42.439056396484375,43.41457894943629,42.29311318500642,42.81544026737712,31301100
2016-01-22,43.74486541748047,43.906171502906,43.24558132810723,43.35311871839091,22732200
2016-01-25,42.753990173339844,43.668061135109156,42.70790145377276,43.38385468988253,21114400
2016-01-26,43.844730377197266,43.898499081605124,42.86920784980886,42.89993073077433,17535700
2016-01-27,43.81401062011719,44.75880746691408,43.44530962601414,43.84473643550287,20560000
2016-01-28,43.99835205078125,44.528362019005336,43.49907082280908,44.18270398107105,15497900
2016-01-29,45.70359802246094,45.73432383361711,44.175022614449695,44.42082617352443,26992200
2016-02-01,45.211997985839844,45.81881958677867,44.889382820335456,45.442435715386004,16807900
2016-02-02,43.806304931640625,44.53602655179476,43.591230196082,44.45921498343054,22448200
2016-02-03,44.098201751708984,44.39777102210562,42.26237740836631,44.0674759470083,31543200
2016-02-04,44.85866165161133,44.95083616091486,43.82937035216828,43.82937035216828,21651300
2016-02-05,44.359375,45.42707204199456,44.10589145065902,44.99692240215483,22001300
2016-02-08,43.42993927001953,43.72182567559942,42.661811598162835,43.54515666269332,28267600
2016-02-09,43.16876983642578,43.54515070322741,42.34687357443547,42.46977386790577,26300000
2016-02-10,42.64643859863281,44.0981990859803,42.60803281016558,43.45297187713987,22389600
2016-02-11,40.76453399658203,41.4097613373435,40.32670147215544,41.40208135014936,44334700
2016-02-12,44.1596565246582,44.221105208287675,42.377597816616046,42.74630163908975,37011400
2016-02-16,44.820247650146484,45.01227956455187,44.27487771647707,44.72807315168075,23730700
2016-02-17,45.14284896850586,45.51154977965693,44.8509597275295,45.20429763861092,21580100
2016-02-18,44.40544891357422,45.211982149571085,43.9752964869615,45.196619248959166,17037800
2016-02-19,44.41315460205078,44.68199819291323,43.84474160132008,44.16735391035501,15658200
2016-02-22,44.989234924316406,45.22735554378915,44.87401460808054,44.94314621178719,14882800
2016-02-23,43.10731887817383,44.62053114523595,42.98441858284018,44.47458796020667,31772500
2016-02-24,43.1226806640625,43.176449358741955,41.73237165853082,42.40064181395694,25560100
2016-02-25,43.790958404541016,43.80632130999246,43.04587653628088,43.11500814572508,14473300
2016-02-26,44.198055267333984,44.63588769022861,43.89080310767955,44.27486684216071,20947500
2016-02-29,43.245574951171875,44.25182296791257,43.237894965930145,44.09819689151475,19554100
2016-03-01,45.4731559753418,45.4731559753418,43.52979109203022,43.59892269547094,23958100
2016-03-02,45.90329360961914,46.010833910420196,45.288792255909605,45.473144127109265,20943100
2016-03-03,46.05692672729492,46.05692672729492,45.396336572171855,45.7650403709828,15790600
2016-03-04,46.12607192993164,46.5101358143277,45.72664513853875,46.164477732336266,18459000
2016-03-07,46.041568756103516,46.12606326362354,45.56533044937851,45.73431946441856,12832400
2016-03-08,45.150535583496094,45.70358834652145,45.073724002042134,45.48083065806134,14132900
2016-03-09,45.411712646484375,45.734327831476264,45.07373748474634,45.434758471953366,13238800
2016-03-10,45.019962310791016,45.83417574946129,44.40546077306596,45.77272706077601,21139200
2016-03-11,45.5806999206543,45.71128022914489,45.05069283826783,45.61910572137654,21055000
2016-03-14,45.411712646484375,45.55765879714673,45.01228585706222,45.434758471953366,13436100
2016-03-15,45.4731559753418,45.48083596231328,44.88169735260996,44.96619186016799,10910500
2016-03-16,45.25807571411133,45.89562301350216,44.9124206464335,45.30416442388299,17423900
2016-03-17,45.127498626708984,45.41938794891355,44.54372291247425,45.1428615310539,19405700
2016-03-18,46.45634841918945,46.832732163784954,45.82648413653879,46.126053377046574,29570200
2016-03-21,46.44099807739258,46.71752450654184,46.056934243612936,46.25664907807608,12684400
2016-03-22,46.27200698852539,46.53317048451298,45.79576577631766,46.07997509236317,12042700
2016-03-23,46.041568756103516,46.479401267639695,45.98012006983626,46.348820977962816,11658700
2016-03-24,45.68824005126953,45.71128294703801,45.219681636144244,45.54997681630879,12921200
2016-03-28,45.62678146362305,45.89562495657089,45.457792450813365,45.72663594376121,11159700
2016-03-29,45.34257125854492,45.57301188252272,44.958507458814275,45.57301188252272,15933400
2016-03-30,45.86489486694336,46.26432154072965,45.61141430156736,45.67286298128692,13307100
2016-03-31,45.48851776123047,46.03388765820374,45.404023255749536,45.665186758975004,14904700
2016-04-01,45.987796783447266,46.133742897020625,44.98155154232138,45.33488952118735,15417500
2016-04-04,45.80982208251953,46.09613264032233,45.62410529116177,45.99553592200903,12305000
2016-04-05,45.15982437133789,45.52351820888564,45.04375099071283,45.33780139025928,12886600
2016-04-06,45.508033752441406,45.562200533606756,44.84255278170343,45.02052977008505,12167900
2016-04-07,44.35505294799805,45.21398763234173,44.16159929663662,45.08243761444436,19226800
2016-04-08,44.680057525634766,45.33006192549895,44.64136443308106,44.656841079728835,13547700
2016-04-11,45.036014556884766,45.56220877064985,44.81160759327668,44.81160759327668,17627800
2016-04-12,45.87173080444336,45.95685088693792,45.03601253022197,45.144346107262834,17779200
2016-04-13,47.814002990722656,48.10031355511135,46.72292456505234,46.800304841308204,37516800
2016-04-14,48.43305587768555,48.680676313258,47.67471792476135,47.73662155772025,24249900
2016-04-15,47.875911712646484,48.672942811808944,47.55091097556814,48.65746616453826,19290700
2016-04-18,48.1854362487793,48.425319841198416,47.612812137014004,47.69793221664235,13813100
2016-04-19,48.997947692871094,49.12175792963909,48.402110005966065,48.402110005966065,19255600
2016-04-20,49.7098503112793,49.764017099374875,48.86639519611429,49.121752489726504,14594400
2016-04-21,49.2146110534668,50.03485860524508,49.01342054126864,49.725331561389346,15395800
2016-04-22,49.500919342041016,49.81818024807029,49.24555911521524,49.24555911521524,12444700
2016-04-25,49.2146110534668,49.485447954807725,48.86639681896493,49.2146110534668,10687200
2016-04-26,49.469974517822266,49.578308104641565,49.005686873777,49.37711757938698,12048000
2016-04-27,49.609249114990234,50.01936986405374,49.21460205860963,49.41579548590472,15284100
2016-04-28,49.2146110534668,49.84913883668925,49.02115738902413,49.245564348226104,12852500
2016-04-29,48.90509033203125,49.222354245508384,48.51818297648016,48.819970241510994,16376400
2016-05-02,49.361629486083984,49.524129828635836,48.858648861764635,49.28424626210584,10247300
2016-05-03,48.409847259521484,48.68068121574485,47.821746451909696,48.6729443677965,19120300
2016-05-04,47.643768310546875,48.17769936249525,47.41162450325927,47.78305518529317,17030200
2016-05-05,47.38840866088867,47.976506473679365,47.24912179304141,47.66697944471468,14033900
2016-05-06,47.66698455810547,47.72889115128673,46.88543300633942,46.97055309602924,11057900
2016-05-09,47.36518478393555,47.891378879500465,47.241374582147806,47.48899498572329,11197100
2016-05-10,48.0074577331543,48.17769493519126,47.47352377840329,47.62828728632921,11897200
2016-05-11,47.82948303222656,48.440794342534794,47.82948303222656,47.953293254147425,11254000
2016-05-12,47.79852294921875,48.40983712456116,47.4889959624492,48.18543020674664,11071700
2016-05-13,47.35744857788086,48.28602657977422,47.218161730003445,47.74435583268075,15122300
2016-05-16,47.71340560913086,47.968765830600745,47.20268811805938,47.3651884670666,10951300
2016-05-17,47.71340560913086,48.10031288878709,47.31876148270356,47.53542861471319,12180900
2016-05-18,49.55508804321289,49.655681816579644,47.73662194922023,47.74436174832134,24007100
2016-05-19,49.0521125793457,49.694380187012,48.672945035432036,49.16044616332104,16076200
2016-05-20,49.144954681396484,49.67115169820531,49.03662113012062,49.41579151145402,11862000
2016-05-23,49.10626983642578,49.42353367869455,48.87412606557247,49.098532989873554,9347500
2016-05-24,49.94199752807617,50.11997158901953,49.37711319562039,49.4777069733824,13839400
2016-05-25,50.70033264160156,51.22652683322552,50.23604503810682,50.25152463700772,18935200
2016-05-26,50.32114791870117,50.74674818692774,50.22829397198641,50.73900839012312,9428400
2016-05-27,50.63069534301758,50.65390883909214,50.33664788651059,50.46045516682075,10116000
2016-05-31,50.506874084472656,50.93247445692432,50.26699345840169,50.862833979834015,15139400
2016-06-01,50.83189010620117,51.00986418311781,49.72533483655619,50.11224219092524,14031000
2016-06-02,50.92475509643555,50.92475509643555,50.42178015006553,50.70034807396418,10637600
2016-06-03,50.019371032714844,50.18961117488542,49.175913072120544,49.71758383658932,20261700
2016-06-06,50.51459884643555,50.886032324895304,49.98840486246289,50.01935814431244,13193500
2016-06-07,50.34437561035156,50.87056977056639,50.32890191611149,50.64616282979598,9924100
2016-06-08,50.491416931152344,50.669396937136995,50.23605662402857,50.243796425264044,9428000
2016-06-09,50.104488372802734,50.22056172738655,49.73305481888172,50.13544166094082,10817800
2016-06-10,49.40032958984375,49.57830661310238,49.199139070641884,49.46997302954224,16678400
2016-06-13,48.959251403808594,49.787229859904,48.951511604555556,49.12175176570017,14314900
2016-06-14,48.03840637207031,49.11400807257573,47.72887938619953,48.502693899008385,19509300
2016-06-15,47.95330047607422,48.73485206617862,47.90687052891069,48.2937778996665,16982100
2016-06-16,48.1467399597168,48.208643585806286,47.125305038361304,47.55090243028141,16791200
2016-06-17,48.19318389892578,48.52592449285815,47.92234990473391,48.208660548860905,15751500
2016-06-20,48.262813568115234,49.40805876951177,48.23960007577483,49.09853471478931,12213200
2016-06-21,48.711631774902344,48.750321916208165,48.08484085902127,48.541391610914474,11611600
2016-06-22,48.52592086791992,49.29973559565662,48.502707370685876,48.711637701399056,12643500
2016-06-23,49.56282424926758,49.64020452345826,49.16043737749767,49.29198738586372,16583600
2016-06-24,46.11935806274414,47.74437081392147,45.91816752594054,46.80031587138614,44108700
2016-06-27,44.5794677734375,45.46161610730576,44.14613045510354,45.43066280916712,37300700
2016-06-28,46.057437896728516,46.08065138637598,45.08243000538347,45.80207770313454,29088700
2016-06-29,47.35744857788086,47.365185424154895,46.42887057598749,46.70744427174231,21483000
2016-06-30,48.084835052490234,48.12352518912398,47.21816359404771,47.690190935836824,21343600
2016-07-01,47.772891998291016,48.35777071165076,47.69490935978184,48.084828502021665,14217800
2016-07-05,46.43938064575195,47.25821045049287,46.088452736620795,47.141236464014284,23357700
2016-07-06,46.9384765625,47.01646219461487,45.823307309462734,46.01826692747837,20429800
2016-07-07,47.24261474609375,47.67932237434997,46.91508105005398,47.19582336813161,13771400
2016-07-08,48.217411041259766,48.48255324878209,47.827491830412825,47.827491830412825,16998800
2016-07-11,48.56055450439453,49.090845039800755,48.459174643989336,48.677528520386566,13151400
2016-07-12,49.28578567504883,49.56652796477169,49.04403470893252,49.15321160496979,16588100
2016-07-13,49.25459289550781,49.46514961908094,48.849076573238904,49.19220737084581,18526900
2016-07-14,50.00324630737305,50.67390788725254,49.94865785085706,50.48674236517301,28985900
2016-07-15,50.05002212524414,50.533524011136784,49.60551453406805,50.49452971642023,17607100
2016-07-18,49.87846374511719,50.22159454773742,49.83167534464892,50.011034846240506,10824400
2016-07-19,49.80049133300781,49.98765092305419,49.48855471646645,49.60553169138147,9737400
2016-07-20,49.85507583618164,50.08902976743575,49.683510413221384,49.99544700499498,10411100
2016-07-21,49.66792297363281,50.050045224344146,49.62113455813439,49.9096740281521,9808700
2016-07-22,49.940860748291016,49.97984910542097,49.597729887250544,49.83168382881376,8195700
2016-07-25,49.80828094482422,50.042231884743295,49.66011271033992,49.894063650258985,8168300
2016-07-26,50.01103591918945,50.11241872197227,49.68350520949496,49.89406194066178,8067800
2016-07-27,50.1670036315918,50.447745919992656,49.956443940443855,49.97204403962978,11806800
2016-07-28,49.987648010253906,50.05783657099144,49.69131151414011,49.90966534808667,10013400
2016-07-29,49.886268615722656,50.13581669182593,49.714703197833764,49.753694526940954,13210400
2016-08-01,49.75368881225586,50.151405083224034,49.60552058872799,50.02663403435126,11422600
2016-08-02,49.636714935302734,49.91745723293316,49.42615821207991,49.58992356074853,13550000
2016-08-03,50.424354553222656,50.43214865355883,49.63671609154033,49.66790736712232,13122300
2016-08-04,50.346378326416016,50.54913802919412,50.120224417489744,50.29178986217149,9873000
2016-08-05,51.70328903198242,51.75787748276759,50.74408516853464,50.7986736193198,20752700
2016-08-08,51.54731369018555,51.851450170386215,51.34455405348695,51.52391949166156,11359200
2016-08-09,51.367958068847656,51.68768872223651,51.22758691744173,51.609706071387635,10097000
2016-08-10,50.90784454345703,51.52391752980655,50.814267752924174,51.40694059194628,11556100
2016-08-11,51.048213958740234,51.22757938404101,50.705083205831286,50.900042779130644,9604500
2016-08-12,50.939048767089844,50.96244296930503,50.58032378383443,50.6661064917537,7685400
2016-08-15,51.2509765625,51.336759255717794,51.04821692855846,51.126199572476175,8371600
2016-08-16,51.243186950683594,51.43814657503547,50.87666190495077,50.97024466653008,10128900
2016-08-17,51.3835563659668,51.45374492218166,51.11061409112093,51.3133737594473,11868100
2016-08-18,51.43033218383789,51.46152642899977,51.10280153417897,51.17299007321669,9313600
2016-08-19,51.36015319824219,51.3991474948541,50.86105714002018,51.250976307362016,9084900
2016-08-22,51.31336975097656,51.375752302000045,51.00923324709306,51.27437545060385,9055600
2016-08-23,51.28997039794922,51.734478060509005,51.28217629750948,51.52392430443121,8949600
2016-08-24,51.43033218383789,51.64869189997107,51.28996105545637,51.46152642899977,10167200
2016-08-25,51.5239143371582,51.57850277815123,51.30556057318609,51.39914330761436,9978700
2016-08-26,51.64090347290039,52.155593759666324,51.352361102487734,51.72668617897725,14038600
2016-08-29,52.21017837524414,52.327155324903316,51.828059226072654,51.851453426065525,14583100
2016-08-30,52.639102935791016,52.717085602052975,52.210189346806146,52.210189346806146,13791200
2016-08-31,52.639102935791016,52.84965672966791,52.1400067320792,52.60790867934702,14952300
2016-09-01,52.412940979003906,52.8106602503852,51.97623335533513,52.748271747091046,12226500
2016-09-02,52.63130187988281,52.701490442966396,52.23358850462764,52.561119266495176,13720700
2016-09-06,52.59230041503906,52.67808310981986,52.02301579964785,52.63908881230333,16649400
2016-09-07,52.37394714355469,52.70927192684068,52.21797590164834,52.37394714355469,10070400
2016-09-08,52.44414138793945,52.779472195396636,52.24918175452704,52.420747183881296,12253000
2016-09-09,51.976226806640625,52.58449976288198,51.96842675728783,52.272563235408505,19686900
2016-09-12,52.29597473144531,52.483140279653824,51.28218811894949,51.578524645735094,16453000
2016-09-13,51.882652282714844,52.1400004048765,51.32896768483982,51.55512155434291,18876100
2016-09-14,51.78127670288086,52.44413822658635,51.63310548651658,51.67989389181246,12648600
2016-09-15,51.96843338012695,52.19458724262383,51.539519856478535,51.695491114939394,12531300
2016-09-16,51.3289680480957,51.67209888007292,51.03263157028516,51.53952181791193,25161500
2016-09-19,51.61750793457031,51.96843285056477,51.35235977273631,51.58631368319601,13466900
2016-09-20,51.82807159423828,52.132208166113905,51.65650615375537,52.05422549762973,10092200
2016-09-21,52.12439727783203,52.35055113420669,51.71108386606609,52.12439727783203,14116800
2016-09-22,52.553306579589844,52.576700778427664,52.12439310191472,52.24137004579835,12781700
2016-09-23,52.44414138793945,52.951037624750896,52.38955292857181,52.55331830667473,13967400
2016-09-26,51.29777908325195,52.09321773943421,51.11061949637801,51.93724645895926,16408100
2016-09-27,51.75008773803711,51.789082046232345,50.77528953011702,51.00924347989628,13711400
2016-09-28,52.023006439208984,52.06979482805467,51.461521974287216,51.92162961347888,11278000
2016-09-29,51.1963996887207,52.41294586795744,50.96244575439255,52.01522655947785,18727200
2016-09-30,51.929443359375,52.295968409856975,51.53173000432471,51.53173000432471,21680100
2016-10-03,51.86705017089844,52.186780799610986,51.67209058397548,51.74227317941442,14901700
2016-10-04,52.31479263305664,52.77038837199963,51.92203892561185,52.00844522068538,17226900
2016-10-05,53.170997619628906,53.46948827302255,52.4718965157483,52.54258930486291,16280000
2016-10-06,53.312381744384766,53.390931274522636,52.66826600854226,53.20241120360276,17485000
2016-10-07,53.50089645385742,53.555881718738235,52.9431870549394,53.24953438683882,18497000
2016-10-10,53.91720962524414,54.24712118582988,53.595154814084886,53.681555086000685,13027500
2016-10-11,53.65802001953125,54.058630556991524,53.35952930133472,53.80726837510309,15657100
2016-10-12,53.51661682128906,53.87794950489829,53.45378078414308,53.618736618424734,11899800
2016-10-13,53.21027374267578,53.31239354811554,52.48760831669231,52.99033261241527,17890000
2016-10-14,53.037452697753906,54.22357045331595,52.86464611788218,54.042907122058345,24163800
2016-10-17,52.76252365112305,53.249540332261205,52.424755274015716,52.95890047518673,14963400
2016-10-18,53.17884063720703,53.579451029375434,53.05316258831682,53.29666792819126,11870300
2016-10-19,53.68943405151367,53.80726136989102,53.26525930112301,53.26525930112301,12705800
2016-10-20,53.61872863769531,53.948640257153855,53.36736654768714,53.477337087506655,14122000
2016-10-21,53.79939651489258,53.83081752792422,53.17884499164503,53.26525127924567,12175700
2016-10-24,54.0978889465332,54.23928049773689,53.807249093240905,54.176438476547474,10197100
2016-10-25,54.04291915893555,54.1450329779141,53.71300144964579,54.10575520518181,9945100
2016-10-26,54.3021125793457,54.39637560427886,53.705131400269366,53.705131400269366,9801300
2016-10-27,54.38069152832031,54.80486034092534,54.27857170907154,54.584919180923585,14210700
2016-10-28,54.28641128540039,54.63203642343841,53.783687080769774,54.616322921012,12766500
2016-10-31,54.40425109863281,54.65561325877915,54.38068683251701,54.53778593525348,14336300
2016-11-01,54.17643356323242,54.81269248947356,53.67370942519964,54.57704392080195,15564500
2016-11-02,53.94865036010742,54.082185184474596,53.42236182199251,53.925086096153926,12449800
2016-11-03,53.712989807128906,54.349254828387906,53.587311748930915,54.090035967613694,10369700
2016-11-04,53.22597885131836,53.8543811253657,53.13171581338584,53.799395851474735,13571300
2016-11-07,54.89125061035156,54.96194938708819,54.20000631051833,54.26284833585191,16515100
2016-11-08,55.009063720703125,55.417530787066944,54.38851236472473,54.749844927773445,17531700
2016-11-09,57.538421630859375,58.24537954573224,56.022391988444475,56.132362553764,50948400
2016-11-10,60.209136962890625,60.680440153846014,58.30035394551785,58.30035394551785,56192300
2016-11-11,60.240577697753906,60.26414196607496,59.51790617587439,59.934230223685915,27574300
2016-11-14,62.4556999206543,63.18622209931876,60.68045138024293,60.68045138024293,46130700
2016-11-15,62.337867736816406,62.377145503990576,61.09676460664118,61.56021708892382,28126300
2016-11-16,60.79828643798828,61.54451622398036,60.38981915009698,61.44240239848108,26054900
2016-11-17,61.28529357910156,61.63091880285629,60.955381861670254,61.214600779486304,19306700
2016-11-18,61.04179382324219,61.599503490462226,60.916115725744085,61.238170719852654,19770000
2016-11-21,61.308868408203125,61.40312548138218,60.71188097529799,61.26959063241373,11983500
2016-11-22,61.68590545654297,61.70946972360375,61.08106729451091,61.54451386123137,14410100
2016-11-23,61.94510269165039,62.243593291489816,61.183159694409355,61.95295944223544,13373700
2016-11-25,61.92154312133789,62.408553821479984,61.63876000831238,62.13362745963441,6185700
2016-11-28,61.52094650268555,61.95297802024622,61.28529185802581,61.410975933296754,13007200
2016-11-29,61.992244720458984,62.180770817920745,61.57592674288654,61.57592674288654,14144100
2016-11-30,62.9741325378418,63.256915706954615,62.60494306744748,62.77775567001047,25351900
2016-12-01,64.24665069580078,64.63154764216226,63.35117274299072,63.35117274299072,23823600
2016-12-02,64.09741973876953,64.27808912585749,63.54756680927999,64.2545248564433,16931500
2016-12-05,65.40133666992188,65.42490092903962,64.6393936627425,64.64725041343003,18529800
2016-12-06,65.73910522460938,65.83336226135341,64.74936438818294,65.66840645410649,16130000
2016-12-07,66.0376205444336,66.05332805878801,65.07930035924275,65.62915924880078,18996900
2016-12-08,66.86235809326172,67.16084859623,65.93545959221592,66.16325734169546,20844900
2016-12-09,67.15303802490234,67.16089477834016,66.0926040427811,66.78384852163528,14567200
2016-12-12,66.55603790283203,67.38867374481919,66.2104127640697,67.05090535728652,14511300
2016-12-13,66.57959747314453,67.29440596811051,65.84121872615003,66.75241003035131,16669000
2016-12-14,66.55603790283203,67.64789259889093,65.79409484307612,65.88835188605111,22622600
2016-12-15,67.55363464355469,67.93853158152224,66.68957772460999,67.0823314143981,19438900
2016-12-16,66.72100830078125,67.78144221659153,66.68173052899523,67.78144221659153,23008500
2016-12-19,67.10590362548828,67.11376037823946,66.13187603746674,66.61103607519954,21685100
2016-12-20,67.9699478149414,67.97780456620933,67.2001539931526,67.38867407296584,14587300
2016-12-21,68.14273834228516,68.18986684875698,67.57717229285001,67.89137631952991,11400500
2016-12-22,68.25276184082031,68.47270303236493,67.71861637866283,67.89928578197333,13924200
2016-12-23,68.37841796875,68.45696750602714,67.86783698703026,68.33914020363866,10759400
2016-12-27,68.44123840332031,68.4648086527822,68.14274783252249,68.37840238358784,6946400
2016-12-28,67.9463882446289,68.64548933210331,67.82856093925717,68.46482599108626,9455600
2016-12-29,67.46721649169922,68.07991118118626,66.79953653502602,68.00921840606607,14689000
2016-12-30,67.78143310546875,67.88354690826115,67.28656560939604,67.63218478427959,13617800
2017-01-03,68.5197982788086,68.93611615164919,67.53791424175265,68.60619856056053,20550700
2017-01-04,68.64618682861328,68.85944467261353,68.24335976094015,68.68567589729942,15266600
2017-01-05,68.01431274414062,68.80416656207179,67.34293820412041,68.56720800624988,14300800
2017-01-06,68.02218627929688,68.41711303330233,67.88001240681075,68.23544407497404,12893300
2017-01-09,68.069580078125,68.53559078624325,67.54827383571701,67.71414838637733,12806600
2017-01-10,68.26705169677734,68.63828387909827,67.70625632441568,67.98270389866366,13989000
2017-01-11,68.78046417236328,68.78046417236328,67.85633675563446,68.26705804325647,14713100
2017-01-12,68.11697387695312,68.93052213391724,67.94320511796955,68.52770113020607,21337400
2017-01-13,68.48033905029297,69.64142538871798,68.00642785786236,68.80418208122033,28296000
2017-01-17,65.99226379394531,67.31131772183295,65.77899996961372,67.08225947863802,30024600
2017-01-18,66.30032348632812,66.52938178930131,65.58155370533234,66.05546473426399,21270100
2017-01-19,65.79481506347656,66.8769107666089,65.65264115763587,66.39509953159909,16555600
2017-01-20,66.0870590209961,66.21343850818153,65.78691677808912,65.89749581632357,18436800
2017-01-23,66.11865997314453,66.3477182951534,65.72373307853053,65.79482305313626,12179200
2017-01-24,66.91641235351562,67.13757044492193,66.00017908785404,66.28452692712101,15175300
2017-01-25,67.95110321044922,68.0616822306792,67.27182864269098,67.80102910037797,17551000
2017-01-26,68.5197982788086,68.67776658485968,67.88791300239504,67.88791300239504,15962800
2017-01-27,68.6619873046875,68.70148240296126,68.14068093278239,68.44872944188464,12535400
2017-01-30,67.95110321044922,68.32233536098042,67.39030788611014,68.07748267705756,13661900
2017-01-31,66.84532165527344,68.0459027471739,66.41879990100138,67.61148076797848,15655100
2017-02-01,67.09806823730469,68.00640118172423,66.88481039350098,67.56408504577261,15430900
2017-02-02,66.813720703125,67.06647966882942,66.47408940169687,66.61625728074748,11081400
2017-02-03,68.85944366455078,68.96212247295804,67.82473727809841,68.07749021319003,17885200
2017-02-06,68.53560638427734,69.07270716864669,68.40923291942292,68.55140683370027,11828400
2017-02-07,68.49610900878906,69.03320972804286,68.30654582143627,68.82784609318271,9392800
2017-02-08,67.89581298828125,68.17226053595697,67.42980226878569,68.06958173999301,13970900
2017-02-09,68.875244140625,68.97792898416347,67.89582718431855,67.89582718431855,13749100
2017-02-10,68.71727752685547,69.09640998538683,68.63039313065256,69.09640998538683,10992500
2017-02-13,69.6256103515625,70.09162117878593,69.05691467853285,69.06481490346548,18739100
2017-02-14,70.7392807006836,70.84985971354908,69.59399548481775,69.74406958489416,17932100
2017-02-15,71.55284118652344,71.77400527640347,70.57342432147584,71.15002015297883,17381800
2017-02-16,71.50544738769531,71.90827442195548,70.90515694806713,71.4027685863017,17672700
2017-02-17,71.26850891113281,71.4580721301992,70.84198714865387,70.9446659702094,15776600
2017-02-21,71.88458251953125,71.995161548667,71.45016060070856,71.48965569373067,14068300
2017-02-22,71.92408752441406,72.11365678160149,71.4185815574605,71.49756573490204,11839000
2017-02-23,71.97936248779297,72.14523103469227,71.49755126894513,72.018857581576,11067000
2017-02-24,71.34748077392578,71.51334931525469,70.87356979497103,71.22900152266084,15062300
2017-02-27,71.42646789550781,71.66342640786677,71.10262499702428,71.33958350938322,12361000
2017-02-28,71.57654571533203,71.73451404765284,70.76299132817367,70.96835498107518,15183500
2017-03-01,73.9303207397461,74.23046906588912,73.14836709879191,73.29054103588419,24451400
2017-03-02,72.7771224975586,74.18306117852788,72.69023810481502,74.14357210752992,16862500
2017-03-03,73.29842376708984,73.5432764790439,72.77711744680727,72.77711744680727,12817500
2017-03-06,72.60334777832031,72.91929045101128,71.9556680110512,72.86400093524826,15059200
2017-03-07,72.20053100585938,72.73762574718529,72.04255664714091,72.38219398575359,11156800
2017-03-08,72.04257202148438,73.33793190888571,71.95568761217395,73.20365819489936,17378400
2017-03-09,72.32691192626953,72.77712834936604,71.995174777905,72.35060657599468,13726200
2017-03-10,72.09785461425781,72.66655032007016,71.50546425838768,72.62705521923628,13729900
2017-03-13,72.1610336303711,72.49277073404316,71.82139630248622,72.12153853541257,10004300
2017-03-14,72.2795181274414,72.39009717001274,71.69502201544337,71.89248545233588,10237700
2017-03-15,72.4532699584961,73.10094963887073,71.979352999989,72.50855946684132,16601400
2017-03-16,72.38218688964844,73.30631419965705,72.32689737604377,72.69022932631798,14492000
2017-03-17,71.62391662597656,72.69811788313666,71.60022198482075,72.53224936894189,21734700
2017-03-20,71.11053466796875,72.01096749278514,70.92097144856164,71.30009788737586,14623600
2017-03-21,69.02530670166016,71.59233094181559,68.76465356331768,71.3711728945328,33089200
2017-03-22,69.13589477539062,69.56241650502811,67.93531977893763,68.63038887939929,21741000
2017-03-23,69.02530670166016,69.90204469346317,68.78834820751158,68.88313281039197,16090100
2017-03-24,68.94634246826172,69.57822192507003,68.53561509653507,69.34126938855688,16093200
2017-03-27,68.90682983398438,69.03320930885555,67.31922835712433,67.55618083335023,16689300
2017-03-28,69.98100280761719,70.31273975509288,68.70144428846734,68.73303311823425,16264400
2017-03-29,69.72039031982422,70.15481230808722,69.5703221997838,69.98104351278202,10207600
2017-03-30,70.32067108154297,70.66030839974836,69.60190737740452,69.66509109098986,11631000
2017-03-31,69.3807373046875,70.09160674963404,69.30965337324521,70.06791210581994,16987600
2017-04-03,69.12801361083984,69.64141987285417,68.40134943826028,69.49924592377494,19831800
2017-04-04,69.35836791992188,69.6443495426725,68.88967951974912,69.02472471362293,14280800
2017-04-05,68.46865844726562,70.33547870853174,68.42099079898789,70.24014947270715,17635500
2017-04-06,68.69905090332031,69.04063984535341,67.7219456772662,68.30185474099031,14379600
2017-04-07,68.46068572998047,68.96115038331384,68.08732061337196,68.26208777950602,13097100
2017-04-10,68.22238159179688,68.86584322190392,67.8410768324363,68.38126362547202,15081600
2017-04-11,68.10321807861328,68.1508796516577,67.36443339277972,67.9522816830006,14690500
2017-04-12,67.8410873413086,68.27799936495254,67.54716007902641,68.26211418948927,14730600
2017-04-13,67.04668426513672,69.10415658237557,67.04668426513672,67.92051423022167,30529800
2017-04-17,68.20650482177734,68.38127204998624,67.02286231354073,67.07846951699531,19071700
2017-04-18,67.65043640136719,68.0237956098053,67.31678710208425,67.80931240237358,14127000
2017-04-19,67.09436798095703,68.25417992610632,67.01492996896387,67.92053663929593,17588500
2017-04-20,67.96025085449219,68.14295765497657,67.16585870451907,67.50744757143676,15635800
2017-04-21,67.14200592041016,68.06350350491621,67.1340663645204,67.92051270941457,19820600
2017-04-24,69.50930786132812,69.94622593503445,68.65136294972152,68.75463780026882,25468300
2017-04-25,70.11304473876953,70.80416195038853,70.11304473876953,70.34341916288601,18253800
2017-04-26,70.24808502197266,70.74061024537471,70.01771061396508,70.18453220719884,12832200
2017-04-27,69.59668731689453,70.20042696610021,69.12005330361859,70.20042696610021,13329000
2017-04-28,69.11211395263672,69.78734603772895,69.07239192262448,69.58874800912942,10755600
2017-05-01,69.15978240966797,69.69996934354438,68.76258631301565,69.39810249195195,15712300
2017-05-02,68.71492004394531,69.01678687499195,68.3336091503902,68.88174166589722,14414200
2017-05-03,69.11211395263672,69.19155195193036,68.33360701380498,68.36538342566861,11540500
2017-05-04,69.19153594970703,69.69200674489957,68.77050919616562,69.660230340385,11540100
2017-05-05,69.11211395263672,69.38220436238127,68.6513650717104,69.31071198123625,9436000
2017-05-08,69.19153594970703,69.36630314417239,68.83406200519475,69.14387437329991,8162200
2017-05-09,68.91349792480469,69.77938219419109,68.71489994807614,69.31863949433512,10273900
2017-05-10,69.45370483398438,69.49342686515746,68.69108910916306,68.73875069798595,8334900
2017-05-11,69.23921966552734,69.49342489994575,68.59575793095976,69.1836063991653,10907400
2017-05-12,69.04856872558594,69.15184359068768,68.58781979396834,68.85791629415958,8738800
2017-05-15,69.38219451904297,69.50135453144348,69.00088975223733,69.19154213564015,8835600
2017-05-16,69.59668731689453,69.97799210322316,69.38219807144566,69.39808930630203,9795000
2017-05-17,66.94341278076172,69.59668527605318,66.70509881147719,69.59668527605318,24679700
2017-05-18,66.69717407226562,67.36446672874891,66.22053992376729,66.78455770657573,23350100
2017-05-19,67.34855651855469,67.79341412374745,66.84809171271283,66.89575329591767,13412900
2017-05-22,67.28501892089844,67.75371348444659,66.89576842830303,67.66632985498391,11636000
2017-05-23,68.12705993652344,68.37331951824481,67.13406993186626,67.32472231575605,11753000
2017-05-24,68.08734130859375,68.2938849368703,67.71397607850047,68.22238650138867,9833800
2017-05-25,67.80135345458984,68.38126225964389,67.58687028932478,68.30976383073569,12238500
2017-05-26,67.80931091308594,67.96818691060297,67.53921444443003,67.61071288582427,8113500
2017-05-30,66.64948272705078,67.64247261851241,66.55415351560791,67.6265813862406,12603200
2017-05-31,65.2593002319336,66.5859333405118,64.85415863839745,66.51444097380346,28327900
2017-06-01,65.98218536376953,65.99807659483601,64.86209600273698,65.5055514641657,17123500
2017-06-02,65.64855194091797,65.92658791837779,65.12425639209796,65.37051596345813,14998500
2017-06-05,65.7677001953125,66.33966328143177,65.60087863864916,65.6485402089162,9080200
2017-06-06,65.90277862548828,66.10932230214266,65.24343162049313,65.37053728635175,12196800
2017-06-07,66.65743255615234,66.81630852453596,66.01397094452041,66.18079252954212,13711100
2017-06-08,67.48358917236328,68.10321994254461,66.64153570164413,66.65742693357987,17951000
2017-06-09,69.080322265625,69.15182069169103,67.8331271642309,67.92845637874244,19120200
2017-06-12,69.09622192382812,69.69995550716375,69.02472348904375,69.08033068910704,16053400
2017-06-13,69.32661437988281,69.7873633752748,69.09624594291918,69.54904931818858,12557200
2017-06-14,69.18359375,69.35836095309618,68.17471861493993,68.92938856205915,16175700
2017-06-15,68.77054595947266,69.17568775770191,68.50839502763417,68.51634064819272,12509700
2017-06-16,68.46068572998047,69.0803103657442,68.33358013252716,68.99292678267716,16936600
2017-06-19,69.96211242675781,70.08921807267559,68.9929530891925,69.08828232363084,15972300
2017-06-20,69.52519226074219,69.84295030528074,69.4060382971795,69.7079051060893,11197800
2017-06-21,69.2074203491211,69.54900908801399,68.92143879745593,69.49340190078625,10005900
2017-06-22,69.12799835205078,69.39809481949361,68.8340771518913,69.05650597170846,12180600
2017-06-23,69.00090026855469,69.90650680365262,68.80230223786249,69.63641639106207,18812000
2017-06-26,69.30277252197266,69.64436140394983,68.81025324614374,69.12006571343335,10082400
2017-06-27,69.94622039794922,70.65322881708347,69.50930235883021,69.67612395720379,15415200
2017-06-28,71.35227966308594,71.55087763654818,70.38312058287352,70.38312058287352,17466200
2017-06-29,72.4088363647461,73.60042443637418,71.74154389305458,73.3541587802744,27697800
2017-06-30,72.60743713378906,73.08407116839334,72.41678473209348,73.05229475798897,16892700
2017-07-03,74.08514404296875,74.66824273677226,73.01480634259487,73.13461571646668,13208100
2017-07-05,74.82799530029297,74.91585957364482,73.97332053647149,74.38069070436937,17535400
2017-07-06,74.58838653564453,75.49099141319286,74.18900557221815,74.71619136909452,16596100
2017-07-07,74.96378326416016,75.21938676077625,74.46855491737976,75.05164753744081,12817800
2017-07-10,74.43659973144531,74.82799123159694,74.35671869160122,74.68421389157238,13987200
2017-07-11,74.14905548095703,74.5484363600822,73.7097340762919,74.5484363600822,13262300
2017-07-12,73.8934326171875,74.1490360691493,73.54197558546491,73.97330755328801,13540100
2017-07-13,74.3647232055664,74.58837553705486,73.7576625243342,74.03723403276373,12820100
2017-07-14,73.68575286865234,73.9733075137139,72.35182254487991,72.53553428840608,22235200
2017-07-17,72.99882507324219,73.47808083370933,72.88699893226877,73.3422928188227,14374200
2017-07-18,72.74320983886719,73.1505799117606,72.14413871158078,72.2479755131131,14719400
2017-07-19,72.8470458984375,73.18253035779155,72.68729603708154,72.95887202019999,11651200
2017-07-20,72.8470458984375,73.26240528846954,72.60742110640355,72.8071114801318,11561700
2017-07-21,72.5994644165039,72.97488346290382,72.3039203366835,72.735252469096,10971300
2017-07-24,72.91097259521484,73.11865235948865,72.61543464374262,72.65536907536578,10725100
2017-07-25,74.12506103515625,74.70016412939758,73.70171237027137,73.7815933862542,16447700
2017-07-26,73.43016815185547,74.43660966635518,73.23047771372839,74.36471793971378,11815500
2017-07-27,73.12662506103516,73.5339890789642,72.81510853246955,73.35027732830613,12332400
2017-07-28,72.91097259521484,73.28639159807065,72.61543464374262,73.04676063205714,9351900
2017-07-31,73.32633972167969,73.77364440424712,73.08670873083614,73.09469805561605,11520300
2017-08-01,74.30879974365234,74.39666401790312,73.70972847052509,73.87746769571255,12523700
2017-08-02,74.37268829345703,74.45256322952059,73.8934325830087,74.1809872280911,10165600
2017-08-03,73.88546752929688,74.38868527644237,73.67778775206439,74.04521745389478,11078800
2017-08-04,74.81201171875,75.40309357537578,74.6602450700495,74.68420694214596,14324000
2017-08-07,75.09957885742188,75.23537298967558,74.85196465907637,74.99574202129249,7978300
2017-08-08,74.82799530029297,76.0580890331509,74.76409290257016,75.0436582750224,13745400
2017-08-09,74.70818328857422,74.82799876633736,74.14905251777071,74.26886799553385,11214400
2017-08-10,73.6378402709961,74.34074834638413,73.54198667677903,74.20496032512757,13252300
2017-08-11,73.02278137207031,74.02123333600936,72.87900404550041,73.58990135629963,10679500
2017-08-14,73.87744140625,74.20493651083902,73.7496427490424,73.78159393686079,10994800
2017-08-15,74.06916809082031,74.73213560739137,74.00526569831037,74.53244520134848,8812700
2017-08-16,73.5579605102539,74.46855443600991,73.39022128800276,74.31678776603924,11085400
2017-08-17,72.40775299072266,73.45412892061194,72.28793751084127,73.29437901014906,13837500
2017-08-18,72.47962188720703,73.11863356965242,72.04030668783449,72.13615417435436,13040700
2017-08-21,72.39176177978516,72.63938202031758,72.01634894594272,72.56749030723805,11502100
2017-08-22,73.1346206665039,73.25443614255315,72.68731605625953,72.74322913254008,9211800
2017-08-23,73.22248077392578,73.7576496298665,72.5595071257239,72.5834750948238,8811300
2017-08-24,73.10267639160156,73.58193834119879,73.01481820118217,73.43017165088841,8623200
2017-08-25,73.39822387695312,73.86949652432203,73.32633823759653,73.39023455233492,11794600
2017-08-28,73.16657257080078,73.6378451560468,72.79115358613065,73.61388327941991,7292900
2017-08-29,72.76718139648438,72.93492060316788,72.13615899377932,72.24798513156831,10886100
2017-08-30,72.9349136352539,73.39020746534571,72.83906615148734,72.88698989337063,9165300
2017-08-31,72.5994644165039,73.3662750649919,72.52757877480316,73.33432385954623,13217400
2017-09-01,73.2464370727539,73.77362265959495,72.6473658662895,72.88699678650224,9815800
2017-09-05,71.49715423583984,72.77517160765534,71.1057566547311,72.70327989301734,16897300
2017-09-06,71.9764175415039,72.3039066708032,71.60099856606048,71.88855326665254,11845700
2017-09-07,70.71436309814453,71.99238043255723,70.35492281767661,71.97640788203154,14592300
2017-09-08,70.62650299072266,71.42526463348786,70.48272565126221,70.53863872249306,14242200
2017-09-11,71.7208251953125,72.08825490453485,71.04986209155103,71.40131924561986,13219000
2017-09-12,72.5994644165039,72.88701917144557,71.968441820608,72.02435490662059,14003800
2017-09-13,72.80714416503906,73.08670959494904,72.14417036406016,72.37581203286253,12485400
2017-09-14,72.66334533691406,73.11064989272258,72.47962748345412,72.84705709630649,10562800
2017-09-15,73.18254852294922,73.25443415018266,72.49561297928959,72.75121647734424,18171800
2017-09-18,74.22091674804688,74.39664525222298,73.36624219106302,73.43014457332099,11318700
2017-09-19,75.03567504882812,75.3711534957841,73.90142881844145,74.05319548952212,12626100
2017-09-20,75.5628662109375,76.11401381142572,74.85196868564613,75.16348530486059,15311600
2017-09-21,75.90628814697266,76.17787016784376,75.235331555524,75.4509944330424,10851500
2017-09-22,75.74657440185547,75.86638987713745,75.42706849912628,75.64273147937925,8358300
2017-09-25,75.17947387695312,75.78652854658738,74.64429876067821,75.49099053728564,10463400
2017-09-26,74.84395599365234,75.1075487719416,74.55640134353081,74.90785838124981,9358100
2017-09-27,76.02611541748047,76.45744733382628,75.54685976400721,75.85837624346814,15090200
2017-09-28,76.1858901977539,76.58527105533211,75.81047731064774,76.35362942664857,10270400
2017-09-29,76.28971099853516,76.2976942256426,75.89831348387632,76.1219718182813,11438400
2017-10-02,77.35208129882812,77.38403249861032,76.2497923296496,76.49740651037628,13797200
2017-10-03,77.75944519042969,77.82334758482659,77.29616197215378,77.34409181498533,9633500
2017-10-04,76.96868133544922,77.83134547253538,76.90477893402023,77.71951931706884,12166600
2017-10-05,78.00508117675781,78.25414885382399,76.76780333323634,77.12934468456943,14236200
2017-10-06,77.8685073852539,78.44697851021186,77.50696599700028,78.37467268443723,10231900
2017-10-09,77.45875549316406,77.98901655926346,77.24182577499954,77.90063869329862,7765100
2017-10-10,78.03723907470703,78.07741307053561,77.32218608273452,77.49894185687445,10631500
2017-10-11,77.80425262451172,77.94084054873585,77.24185339426606,77.79622272814527,14283600
2017-10-12,77.12130737304688,78.3344893865256,76.82404195170953,78.17380570632648,18251600
2017-10-13,77.01689147949219,77.69980656213667,76.29380239740733,76.71158992469711,13190600
2017-10-16,78.60768127441406,78.6960591693666,77.40253484836134,77.40253484836134,12434000
2017-10-17,78.4309310913086,78.8808504592007,78.1898993558283,78.79247256483737,10335700
2017-10-18,78.72818756103516,79.1781130068586,78.43895196360971,78.85673943975355,10158600
2017-10-19,78.82459259033203,78.89689841669752,78.0050897800482,78.08543776004132,9133900
2017-10-20,79.94939422607422,80.25469569895277,79.32271923297664,79.76460245979901,15326600
2017-10-23,79.81281280517578,80.33504405160743,79.73247095103797,79.94940069986968,9238600
2017-10-24,81.08222198486328,81.29915169903043,80.15024559234796,80.24665335003152,13000800
2017-10-25,81.1625747680664,81.50805024894998,80.49573187865984,81.34736654468848,14632700
2017-10-26,81.74105072021484,82.28738392841446,81.40361124359794,81.42771318768618,13054400
2017-10-27,81.76515197753906,82.13473554942377,81.18668693520762,81.491988440579,10400400
2017-10-30,81.47589874267578,81.89367995071295,81.04204549027818,81.2509330294523,8839500
2017-10-31,80.83318328857422,81.708920026772,80.80104531703145,81.44379248850403,8690200
2017-11-01,81.08222198486328,81.7088969285647,80.92957432530112,81.22683975107819,8418200
2017-11-02,81.6205062866211,81.76512403019625,80.4716064894873,81.04204144200911,8731800
2017-11-03,81.47589874267578,81.57230649008262,80.92956569851091,81.22683109260059,7103500
2017-11-06,80.96974182128906,81.70086667215143,80.87333406403393,81.4196610343185,8121500
2017-11-07,79.33879852294922,80.94566026518616,78.93708308738998,80.79300643817251,18822600
2017-11-08,78.44698333740234,79.03349052232238,78.0533039591273,78.95314253804166,18524700
2017-11-09,78.4389419555664,78.91296928574555,77.78012898542012,78.02919668623566,13697800
2017-11-10,78.34252166748047,79.00936442517624,78.3344856449475,78.58354717626679,9314000
2017-11-13,78.62374114990234,78.77639496839613,77.62748864163152,77.68372855428332,9303100
2017-11-14,78.14972686767578,78.55947837403798,77.81228733523245,78.20596678974968,11043800
2017-11-15,78.88887786865234,79.33076116251443,77.08918833426436,77.44269987310682,15384100
2017-11-16,79.11383056640625,79.5878517884235,78.98527869825146,79.16203445211907,9808000
2017-11-17,78.84868621826172,79.06561593386459,78.39073097716519,78.59158864658805,9017900
2017-11-20,79.54769134521484,79.6601711754945,78.54340276793853,79.09776589440516,9483200
2017-11-21,79.48341369628906,79.98154302659735,79.4673477764621,79.94136903249361,13389400
2017-11-22,79.2503890991211,79.95740577765983,79.21021511967594,79.56372652378963,7342200
2017-11-24,78.99330139160156,79.45929264048677,78.94509751402359,79.40305274008264,3680000
2017-11-27,78.67998504638672,79.64409963485991,78.67998504638672,78.98528656914198,13076200
2017-11-28,81.43573760986328,81.7089011101992,78.71210798150264,78.90492963642741,16773000
2017-11-29,83.3398666381836,83.7335459527309,81.91779091040864,82.27933839207378,21105500
2017-11-30,83.9745864868164,85.69393407842331,83.58894312640585,84.15134224770902,23945900
2017-12-01,84.19152069091797,84.61733806665504,82.11063157271836,84.27989857603598,19683500
2017-12-04,85.92691802978516,87.09189631908517,85.78230024662,86.55359917662773,23576600
2017-12-05,84.93869018554688,86.2964899597235,83.65320235806371,84.82621038374769,17193900
2017-12-06,84.30400848388672,84.97085763287528,83.98263488307487,84.80213787162967,15476200
2017-12-07,84.05493927001953,84.51289461770226,83.33988629082528,83.51663593211548,13371800
2017-12-08,85.10743713378906,85.11547315925857,83.82997879055912,84.1593884082035,13506900
2017-12-11,84.8583755493164,85.21188098414419,84.60930779718177,84.93871741497311,10591200
2017-12-12,85.84658813476562,86.2643756241785,84.79409564551787,85.89479815566166,15508800
2017-12-13,84.77000427246094,86.05549261234414,84.74590232385249,85.72608296885024,15020300
2017-12-14,84.08708190917969,85.52521784269125,84.0710098583666,85.260090301189,13034200
2017-12-15,85.27613830566406,85.58143978036337,84.52091144809881,84.99493877242917,29350600
2017-12-18,85.93497467041016,86.4732719420104,85.54933124257693,86.1197664881119,12713100
2017-12-19,85.57340240478516,86.36076102900533,85.51716250305515,86.2482812255453,12149900
2017-12-20,85.27613830566406,86.55359637048846,85.23596431676333,86.44914645122257,13091500
2017-12-21,86.63394927978516,86.82677096580944,85.6135886764544,85.63769062099608,12323700
2017-12-22,86.32862854003906,87.14009528475462,85.81443336885236,86.93120158093191,14573400
2017-12-26,85.98314666748047,86.76247538962124,85.48502358052082,86.12776443168896,7403700
2017-12-27,86.14383697509766,86.20007687652082,85.70194765699455,85.70194765699455,9496500
2017-12-28,86.601806640625,86.64197450279818,86.09564744347104,86.28846911909771,7440600
2017-12-29,85.91889953613281,86.99549396390171,85.91889953613281,86.8428401365021,8925700
2018-01-02,86.73037719726562,86.78661712415241,85.81446631385664,86.47327951296998,13578800
2018-01-03,86.81871795654297,87.16419339666632,86.35273281728679,86.65803427123942,11901000
2018-01-04,88.06246185302734,88.86200008102426,87.3840611128921,87.51328264877385,12953700
2018-01-05,87.49711608886719,88.4743368890355,87.0448530922824,88.2401275053409,14155000
2018-01-08,87.62632751464844,87.77169862703617,86.98023231256504,87.34366317434464,12466500
2018-01-09,88.07054138183594,88.5389540540877,87.61827215943751,87.80402658032612,13292300
2018-01-10,89.03968811035156,89.40311294411205,88.34513766935007,88.40974844563456,15834500
2018-01-11,89.51617431640625,89.58886297655475,88.87816295726945,89.37888104477541,13676800
2018-01-12,90.99410247802734,91.13947361924882,89.51616356921262,90.17033678552012,18884200
2018-01-16,90.67108154296875,91.60791943182743,89.70194442353605,90.05729757608569,22703300
2018-01-17,91.2525405883789,91.50290576701725,89.89574530618607,90.36416411873853,14940300
2018-01-18,91.47059631347656,91.8420989601899,90.6710519809203,91.0667882850984,14572900
2018-01-19,91.26872253417969,92.34284756266221,91.09912384547192,92.01980596224183,18785500
2018-01-22,92.33474731445312,92.38320230722418,90.85680841871942,90.98602994827111,12475700
2018-01-23,92.23783874511719,92.58511393229077,91.54328837077001,91.8017252894837,12320800
2018-01-24,93.41696166992188,93.68347648699323,92.6012737679119,92.76279453858533,15904500
2018-01-25,93.44117736816406,93.82075790909201,92.9404593453414,93.71577003757601,13510000
2018-01-26,93.94192504882812,93.94192504882812,92.84356641970845,93.44120073914547,13883900
2018-01-29,93.8449935913086,94.77375339045189,93.69962243873293,93.69962243873293,11679900
2018-01-30,92.96469116210938,94.16803744395347,92.85970328571425,93.30388845042162,14279100
2018-01-31,93.41696166992188,94.21650612113592,93.00508185621791,93.40081205750352,13141400
2018-02-01,94.38611602783203,94.48302603713691,93.26352990148054,93.49773319838279,13800600
2018-02-02,92.29437255859375,94.42647869987256,92.14092351850357,94.07920350919946,16477300
2018-02-05,87.86864471435547,92.54473707361471,83.97593489056683,91.26063027772818,30097600
2018-02-06,90.54183197021484,90.84065211406609,86.09994388596662,86.29377000438896,33114800
2018-02-07,91.1556396484375,92.4316685187169,89.76653884526564,90.08958654673252,21878300
2018-02-08,87.12562561035156,91.34946066799141,87.0933202258592,91.34946066799141,27425800
2018-02-09,88.87006378173828,89.6857576523281,85.79304884877388,88.1109027836673,28188000
2018-02-12,90.24303436279297,91.0425788539955,88.89431675918544,89.78269336556549,18043300
2018-02-13,90.80030059814453,91.30102492090994,89.48388825105955,89.90384601475513,16358200
2018-02-14,92.90007781982422,93.09390395611376,90.88103759541139,90.96179797206354,15186900
2018-02-15,93.28775024414062,93.67540257485489,92.24592459270916,93.47349852213458,12130200
2018-02-16,92.6174087524414,93.73999456770237,92.4720376171461,92.51242088424759,13214300
2018-02-20,92.64165496826172,93.19083423905936,92.04402069644811,92.59319996724575,13461500
2018-02-21,93.029296875,94.85450475290811,92.60933306899483,92.875847850311,14212500
2018-02-22,92.85970306396484,94.030743959132,92.68202653385741,93.2796607301645,17070400
2018-02-23,94.74143981933594,94.80605058414751,93.12620766877666,93.12620766877666,12162500
2018-02-26,95.92056274414062,96.0255567819559,94.74952184842805,95.41176681265028,16511200
2018-02-27,94.78182983398438,96.37283460138684,94.77375194740256,96.03363730441572,17563300
2018-02-28,93.27967071533203,95.69444141811964,93.15044916628607,95.15334004514047,17735600
2018-03-01,91.60792541503906,94.20037323238512,90.97798563010204,93.26354144396244,18690000
2018-03-02,91.51905822753906,91.7128843705673,89.74230523293258,90.7679749914799,18353700
2018-03-05,92.9242935180664,93.62692164513327,90.3641523173611,90.49337383289473,13933000
2018-03-06,93.00508880615234,93.53811231850352,92.32668796306014,93.3927411493854,10674400
2018-03-07,92.65779113769531,92.95660512956516,91.34945093248935,91.86632470603756,13006500
2018-03-08,92.66588592529297,93.0616223204271,91.43023406031303,92.9647061531574,11173700
2018-03-09,95.33100891113281,95.36331429579069,93.41695646110357,94.12766260033236,15366600
2018-03-12,95.02411651611328,95.90441513748083,94.69299094627054,95.29870304187568,12339300
2018-03-13,93.88536834716797,95.67827701243141,93.54617107579965,95.46021722253631,13312300
2018-03-14,92.83547973632812,94.15996981155493,92.55281529861922,94.13574231141168,12905100
2018-03-15,93.06969451904297,93.68348459162182,92.73857506203032,93.57849669776375,8748000
2018-03-16,93.2312240600586,94.1680557280041,93.15045750386443,93.15045750386443,19888900
2018-03-19,92.49626922607422,93.23927454545996,91.50290489206586,92.95661014804384,13214900
2018-03-20,92.58512115478516,93.23928830845539,92.43167210427085,92.77087559286157,9921200
2018-03-21,92.66588592529297,94.19228013045912,92.23785030269185,92.72241881579457,13633000
2018-03-22,88.79739379882812,91.74519399760726,88.46627437924256,91.42214630320558,22550400
2018-03-23,86.4229965209961,89.58077211941388,86.22109250549347,89.05582044678275,23081500
2018-03-26,89.088134765625,89.77461341649597,87.74749517224318,88.18360862887259,20217500
2018-03-27,87.3598403930664,90.2026527868026,86.65721826246839,89.70192853884546,18039900
2018-03-28,87.22254180908203,88.16745119989112,86.13226126879292,87.44867333902383,19189300
2018-03-29,88.81356048583984,89.46772768021108,87.04487891691254,87.62636360596387,13274600
2018-04-02,87.10140991210938,89.42734861768035,85.67193188399631,88.80548066479587,18822500
2018-04-03,88.29666900634766,88.4339622634926,86.62490393879034,87.51328040956956,14050700
2018-04-04,89.63729858398438,89.81497509077386,86.43106206134081,86.4956728204681,15302600
2018-04-05,90.81428527832031,91.58541496054396,90.41654835591639,90.61135739239845,16627000
2018-04-06,88.54961395263672,90.54642990411158,87.51874296317996,89.7347183180339,18906000
2018-04-09,89.61293029785156,91.70714697411164,89.19895579373834,89.29636338084318,15974300
2018-04-10,91.32568359375,91.61790029635671,90.44091463506058,91.01722918940474,13951400
2018-04-11,89.79154968261719,90.75748238585162,89.71037355904612,90.63573058623253,14503300
2018-04-12,92.02375793457031,92.85170114619247,90.50585482158274,90.55455554201086,16435500
2018-04-13,89.53179168701172,93.46859169655998,88.51715219007309,93.36306522544284,39152800
2018-04-16,89.45874786376953,90.4815063643522,89.11783042786496,90.0513001438723,16580500
2018-04-17,89.45874786376953,90.84677416098296,89.28017029461886,90.40033643097524,15501400
2018-04-18,88.73633575439453,90.15683143682858,88.38729942471022,89.718506311676,16081400
2018-04-19,90.68441772460938,90.80617569886198,88.8824170457007,88.90676740197766,17911000
2018-04-20,90.48148345947266,91.51235435742558,90.00257044590556,91.15520550240342,15584400
2018-04-23,90.04315948486328,90.87110251337663,89.7996435508413,90.56265436410057,11285800
2018-04-24,89.62109375,91.6422541936598,88.95548419613749,90.70878447945847,16453100
2018-04-25,89.2801513671875,89.7184763459407,88.15187281169723,89.50742960960746,13548200
2018-04-26,89.36943817138672,89.95387146356406,88.75253567488092,89.26391790196985,10299500
2018-04-27,88.80126190185547,89.41816453260549,88.58209627316256,88.92301989636609,9384000
2018-04-30,88.29798126220703,89.53178628403403,88.27363090660886,89.08534245517538,13744900
2018-05-01,88.29798126220703,88.45220843815233,87.2914606759875,88.03011496489185,10503400
2018-05-02,87.59992218017578,88.87430925785345,87.44570117360378,87.75414937961638,12162100
2018-05-03,87.04794311523438,87.47814923711424,85.37581933800543,87.33204091337508,15379100
2018-05-04,88.01387023925781,88.26549879980163,86.02517972111463,86.39044738595996,11967900
2018-05-07,88.77689361572266,89.02852221213202,87.95706322395111,88.2817490794627,9356700
2018-05-08,90.09187316894531,90.37597100430652,88.70384700800768,88.90677491796117,12543200
2018-05-09,92.05622100830078,92.24291121940757,90.1243433218686,90.45714807025573,11368100
2018-05-10,92.77051544189453,92.89227341513265,91.52047888952758,91.87763395959465,9159700
2018-05-11,92.42149353027344,93.12768493009362,92.26726632743635,92.932869665604,10253000
2018-05-14,92.45396423339844,93.10332988023956,92.32408738830891,92.62442294792682,8710700
2018-05-15,91.74776458740234,92.46207478554449,91.37437798058635,92.46207478554449,11536200
2018-05-16,91.99937438964844,92.28347835644229,91.42305999314911,91.63410670786634,7571100
2018-05-17,91.69095611572266,92.05623010929897,91.07405346800881,91.88576519657528,8617200
2018-05-18,90.20550537109375,91.56106841199241,89.970108270493,91.52048035597343,11806300
2018-05-21,91.03346252441406,91.35002957157467,90.84676612058858,90.95229259822105,9441900
2018-05-22,91.73153686523438,92.77052680409824,91.14710347640633,91.19580419451916,11507600
2018-05-23,91.30944061279297,91.53671888104243,90.19739962987694,91.3256783135927,11453900
2018-05-24,90.28668975830078,91.03346299169915,89.38568932933613,91.02534414117765,14084800
2018-05-25,89.8239974975586,90.16491484102367,89.45060475810565,89.66165148195573,8283500
2018-05-29,85.9845962524414,88.63889003409795,85.19723513579598,88.62265852956179,30643800
2018-05-30,87.94896697998047,88.15189491772517,86.56905948046416,87.3726523799298,17490800
2018-05-31,86.86123657226562,87.8190562490911,86.38232363741969,87.62424105888275,19808200
2018-06-01,87.98954772949219,88.42787278172403,87.50252195796858,87.94084081733175,13594200
2018-06-04,88.0301284790039,88.68761914542871,87.88402013011714,88.46845352566424,9415400
2018-06-05,87.53499603271484,87.91650156300726,86.90998068233561,87.85968198570005,10415200
2018-06-06,89.58049011230469,89.88893828206048,88.05447457733221,88.20058290887293,15453600
2018-06-07,89.9376449584961,90.50584058366795,89.3126235779392,90.2460931274654,13444400
2018-06-08,90.18930053710938,90.21365090077502,89.33700065159354,89.79156348054119,10383200
2018-06-11,89.96196746826172,90.83861718391462,89.91326057770371,90.19736449521663,12642900
2018-06-12,89.44252014160156,90.53021091922167,88.8986685599223,90.21364383063856,15294100
2018-06-13,89.26393127441406,90.46526105019842,88.94736422587167,89.66166824950376,14979700
2018-06-14,87.68921661376953,89.58050641829176,87.48628868262857,89.51556799403811,20487300
2018-06-15,87.58367919921875,87.97329728284494,86.26058538336584,87.50250928120226,26028600
2018-06-18,87.81096649169922,87.98954404545034,86.60151786793257,87.0641932604385,9786800
2018-06-19,87.2995834350586,87.56744355150185,86.52845371366591,86.77196966628843,12707200
2018-06-20,87.29147338867188,88.18435498355623,87.21030346056759,87.81096835998163,8876900
2018-06-21,87.2671127319336,87.83530835448465,86.4716326674943,86.9343080152481,11048700
2018-06-22,85.83850860595703,87.96519539848765,85.64369954028713,87.79473669191792,19478900
2018-06-25,85.05925750732422,85.79791182740321,84.38553540729158,85.76544881381399,16907600
2018-06-26,85.1160888671875,85.40018672197742,83.6955934003691,84.99433087431503,17086800
2018-06-27,83.80110168457031,85.97648896407287,83.79298902764494,84.96996834008449,16276800
2018-06-28,85.17288970947266,85.60309582253774,84.0202608418516,84.1582503134258,14491300
2018-06-29,84.58032989501953,86.77195450713934,84.53974803858408,86.59337699879622,18972400
2018-07-02,85.29467010498047,85.30278276341765,83.91475644776898,84.1907416563589,11130000
2018-07-03,84.10142517089844,85.86283755919551,84.02836791894278,85.56250828134168,8311700
2018-07-05,84.64825439453125,85.18689218299163,84.49318907630479,84.98286149122947,10723400
2018-07-06,84.92572784423828,85.28482383180668,83.40773909418196,84.15857672514515,12173700
2018-07-09,87.55364227294922,87.70054460803225,85.45620718269406,85.45620718269406,13900800
2018-07-10,87.0149917602539,88.4676889570634,86.9415374902299,88.15755839155048,14575900
2018-07-11,86.82727813720703,87.37407875474791,86.68037582823116,86.76198683843532,10186500
2018-07-12,87.20270538330078,87.78215172742664,86.48451968069166,87.66789505261431,12456800
2018-07-13,86.80281829833984,87.97803707939715,85.80714752289101,87.569975694477,21289100
2018-07-16,90.24684143066406,90.40190049548906,87.30880122389135,87.36592955862088,24662600
2018-07-17,90.18156433105469,90.53249736439028,89.5694722654593,90.33662964682604,14821900
2018-07-18,91.02216339111328,91.50367902008685,89.93671870984596,90.11626669941163,14244900
2018-07-19,89.68370819091797,90.66305277854094,89.55313181827805,90.63857009782852,16775300
2018-07-20,90.81814575195312,91.19356149923632,89.59396153086851,89.7735095462046,13578100
2018-07-23,92.50752258300781,93.23387141181317,90.53250680640278,90.63860053395618,18140000
2018-07-24,93.16040802001953,93.67456308261586,92.56463570570642,92.67073564232939,14000400
2018-07-25,94.00101470947266,94.27849344427509,92.53199132957101,92.94005268770789,13329100
2018-07-26,93.73170471191406,94.3356338558045,93.5113542899956,94.19689447065127,11897800
2018-07-27,94.6947021484375,94.91505873232515,93.69903160262494,94.00099919936976,12802700
2018-07-30,95.2659912109375,95.98417683758758,94.7191843518582,94.89873231515101,13411600
2018-07-31,93.81329345703125,95.55163863703305,93.70719975709841,95.55163863703305,15843800
2018-08-01,94.39273834228516,95.23334358341134,94.0826077843016,94.46618638400484,13531600
2018-08-02,94.79263305664062,94.874244064295,93.30729030185614,93.50315796553082,11058100
2018-08-03,95.55979919433594,95.59244484789247,94.62126311730306,94.67022848437698,11016100
2018-08-06,95.58428955078125,95.91889660838594,94.81713224689842,95.31496757475577,9857400
2018-08-07,95.93521118164062,96.53914014371334,95.75566321889765,96.09027023685591,10562100
2018-08-08,96.13108825683594,96.52282364429088,95.71486395945857,95.75567258280758,8997100
2018-08-09,95.3884048461914,96.07395105073206,95.24150253282707,95.90256605622719,9694200
2018-08-10,94.44987487792969,94.62941662657165,93.59294362429357,94.26216393302562,12630600
2018-08-13,92.94821166992188,94.57229406219165,92.89108333129495,94.31113505325116,10336300
2018-08-14,93.56847381591797,93.88676118785757,92.75235107217078,93.2583431883197,10597600
2018-08-15,92.79314422607422,93.30730548837013,92.19737816936284,92.89108118711195,10152100
2018-08-16,93.66641235351562,94.10711941898992,93.28283986231891,93.3236422669877,10118600
2018-08-17,93.66641235351562,93.9112516876201,93.28283986231891,93.56031862954924,8505100
2018-08-20,93.54398345947266,93.8949164595692,93.12775915086469,93.51949454888945,8618700
2018-08-21,94.11526489257812,94.98851588962854,93.75616892972765,94.15607351618269,10976700
2018-08-22,93.82962799072266,94.1887239718813,93.6745626849456,94.10710672051101,8314700
2018-08-23,93.63374328613281,93.97651326417704,93.38890402951782,93.82144798655283,9265400
2018-08-24,93.59293365478516,94.03364057600926,93.40522272987603,93.83777290874995,8845700
2018-08-27,95.24968719482422,95.71487692200309,93.99285738902879,94.03366601790447,13768000
2018-08-28,94.78448486328125,95.5108335297165,94.64574550598952,95.48635084625582,8302600
2018-08-29,94.474365234375,94.97220057812115,94.14791490997263,94.9558746373139,7221700
2018-08-30,94.00917053222656,94.70287354301024,93.83778552202273,94.33561461269767,8991800
2018-08-31,93.51134490966797,93.72353233866802,92.89108988472984,93.71537559437581,13065700
2018-09-04,93.97653198242188,94.04998003812318,92.73602196738518,93.31546834849911,10174200
2018-09-05,93.51950073242188,94.42539746171984,93.2420219926842,93.85411404077621,11462400
2018-09-06,93.1196060180664,93.60927843058856,92.62993360554425,93.4460563685887,9877600
2018-09-07,93.29914093017578,93.66639363140281,92.73601431020745,93.44604325597093,10955600
2018-09-10,92.80131530761719,93.8296316955694,92.76051290684303,93.73169472597127,8276900
2018-09-11,93.38892364501953,93.51134329904016,92.36877023905126,92.6625749180919,9333800
2018-09-12,92.28715515136719,93.75617225541335,92.09944419325826,93.24201720297549,10800800
2018-09-13,92.646240234375,93.1440755476321,91.95253722908087,92.52382681842789,12470800
2018-09-14,92.62991333007812,93.43787294521411,92.40956297195783,92.88290933875719,10337900
2018-09-17,92.90740203857422,93.38891765308826,92.46670127481133,92.86659964086677,9561300
2018-09-18,93.28282928466797,93.57663396166868,92.67889398943197,93.30731196999766,7944200
2018-09-19,95.99234771728516,96.35143744694135,93.39707745791273,93.39707745791273,16052800
2018-09-20,96.81663513183594,97.31447048452877,96.36777137592287,96.71054142077041,15590000
2018-09-21,96.1800765991211,97.30633011676721,96.09030258752544,97.22471285057246,24788200
2018-09-24,95.25782012939453,96.67787154987968,95.02114385489357,96.10658828489157,12492500
2018-09-25,94.98848724365234,96.27796215181557,94.93135892374738,95.51896805792404,9308300
2018-09-26,93.87042999267578,95.3802619653283,93.57663154976983,95.28232500001161,14023600
2018-09-27,93.46234130859375,94.47433764132022,93.16854295161535,94.1968527673403,13283000
2018-09-28,92.09126281738281,93.23383559874296,91.83010385820228,92.75232629727788,15815100
2018-10-01,92.62991333007812,93.53580989689044,92.25449768843391,92.52381963565297,10146300
2018-10-02,93.01348876953125,93.13590839832227,92.06678361516975,92.51565351189649,13753100
2018-10-03,93.88675689697266,94.39275521651844,93.4297301738488,93.80514587163226,17142000
2018-10-04,94.73322296142578,95.9988536922325,93.86207706066055,94.14150512154905,16357400
2018-10-05,94.19906616210938,95.41538279199402,93.70595838608097,95.1934893088819,13777600
2018-10-08,94.77434539794922,95.15239007562803,93.15532374845749,93.89497910484019,14370900
2018-10-09,94.11686706542969,94.53600612119034,93.4183061525787,94.24014399596224,14069500
2018-10-10,91.6102523803711,94.47024415745251,91.6102523803711,94.2647847258181,23086400
2018-10-11,88.86534118652344,91.61028338254995,88.24896268302925,91.19936438022049,33705600
2018-10-12,87.89553833007812,91.08427257626215,86.78605870395825,90.70622799173884,32075700
2018-10-15,87.39421844482422,89.45703283776152,87.37778444959672,88.10099937196411,18903200
2018-10-16,89.26803588867188,89.39952669358149,87.7147627430402,88.06815329454042,19302800
2018-10-17,90.262451171875,91.0596348772441,88.94751188627266,89.07078254576265,18794500
2018-10-18,88.83244323730469,90.27065936212833,88.60232966055285,89.59675262873024,17582500
2018-10-19,88.68451690673828,89.76112238065402,88.15853496461482,88.47083733057481,15234500
2018-10-22,87.41068267822266,89.03791826726899,87.20522319585943,88.88177332435848,16199100
2018-10-23,86.4984359741211,87.24631144683542,85.22458476526441,85.63550370100846,21407500
2018-10-24,84.88761138916016,86.31760714062145,84.57531534025729,86.09571373458166,23168900
2018-10-25,86.17790985107422,87.03262189209725,85.24101528632534,85.61905991156395,17464700
2018-10-26,84.99445343017578,85.93134790657695,84.42738968085342,85.4711208010112,19174900
2018-10-29,86.16969299316406,87.63256328951486,85.22457825907931,85.84917674936248,18445200
2018-10-30,87.69009399414062,87.92021385355376,86.17791539589032,86.87647629769346,18019700
2018-10-31,89.59675598144531,90.79664471105069,88.58589897858421,88.82423269774556,20860000
2018-11-01,89.56389617919922,90.58297340907725,89.02148016112066,90.08987192817663,13065000
2018-11-02,89.07077026367188,91.06783618365776,88.33933519097276,90.31996711533445,19009200
2018-11-05,89.65428924560547,89.8186605798784,89.10365938357306,89.25981058360102,10276400
2018-11-06,90.0733871459961,90.1309155191693,88.56120918251582,89.30907803376766,10825000
2018-11-07,91.61846160888672,91.82392101606744,89.86794344682782,90.70622133939438,12679600
2018-11-08,92.35810852050781,92.81012171486935,91.22397487391437,91.23219500566368,11662500
2018-11-09,91.46232604980469,92.34169221168914,91.08428142854007,92.23485555898107,10432200
2018-11-12,89.53923034667969,91.99653000789435,89.25158835610485,91.56917081893305,13279700
2018-11-13,90.065185546875,91.32260242516223,89.66248685180517,89.66248685180517,13746100
2018-11-14,88.20785522460938,90.98566481468436,87.09837541535569,90.59118617012194,18361400
2018-11-15,90.45966339111328,90.46788352265783,87.78047108880254,88.95569909474459,19100000
2018-11-16,90.3939437866211,91.02676244533679,89.21050154079767,89.95015059314035,13798600
2018-11-19,91.08426666259766,91.38834257490466,90.01587522821873,90.36926566234804,13987000
2018-11-20,89.1283187866211,90.80486887459293,88.74206023602092,90.22136471120149,18936200
2018-11-21,88.46261596679688,90.0816373568875,88.46261596679688,89.60496995135456,10619600
2018-11-23,87.64900970458984,88.25716797008386,87.16412210295418,87.72297210290485,6488400
2018-11-26,89.79397583007812,90.38569989144902,88.30644554520875,88.5283452032844,13948300
2018-11-27,90.17203521728516,90.4268029028465,89.27622884623608,89.3830717622128,9238200
2018-11-28,91.17469024658203,91.55273489339604,89.47348620085653,90.23779562836364,13977300
2018-11-29,90.45146942138672,91.05963392912217,90.10629903815851,90.62405461300082,11144300
2018-11-30,91.38014221191406,91.48697886308469,90.05698292146685,90.27887635701336,18652700
2018-12-03,92.24307250976562,92.7772683314359,91.83215361157693,92.35812929964848,16034500
2018-12-04,88.12568664550781,91.71711449483618,87.71476766813836,91.71711449483618,23555900
2018-12-06,86.4491195678711,86.58883048803824,84.5506699998141,86.30118851412801,27213900
2018-12-07,84.88761138916016,87.92019431582037,84.57531534025729,86.4244500477089,19248600
2018-12-10,83.30145263671875,85.05196432035638,81.59202906755398,84.54242906405808,23636400
2018-12-11,82.48783874511719,85.19168508929344,82.35634172491653,84.75610591247107,16860700
2018-12-12,83.02205657958984,84.56711574547211,82.23309299855697,83.54803857040362,22621500
2018-12-13,83.10426330566406,83.80282437255605,82.73443243251428,83.45765390705081,17250900
2018-12-14,82.42212677001953,83.77816060883926,82.06873620923773,82.17557288291565,19879500
2018-12-17,81.37017059326172,82.64401555049076,80.90172325051611,81.99476287017222,25113500
2018-12-18,80.9839096069336,82.91522747010063,80.6387391844358,81.70712472123263,20837200
2018-12-19,79.95659637451172,82.66044335569322,79.38952631401446,80.87705692240048,28767900
2018-12-20,79.26624298095703,80.77020746396079,78.64165084877295,79.39774002149515,31825200
2018-12-21,77.39242553710938,80.89345457530327,76.99794710104683,79.45523914232682,41313900
2018-12-24,75.72415161132812,77.43357612890979,75.72415161132812,76.3405301015029,17009300
2018-12-26,78.86355590820312,78.86355590820312,74.8776437628534,76.17614901428381,22542900
2018-12-27,79.75113677978516,79.84153943476497,76.8829247603219,77.92665595400999,20304700
2018-12-28,79.57854461669922,80.80308101284274,79.25802842086382,80.49899881186795,17963300
2018-12-31,80.22782897949219,81.20581194997415,79.52926165327109,80.20316857222882,13237200
2019-01-02,81.61670684814453,82.00297160286637,78.84711757897865,78.85533144218049,15670900
2019-01-03,80.45677947998047,81.9315294373526,80.10880604935085,81.72440149230498,16286400
2019-01-04,83.42284393310547,83.62168496844237,81.42612772983237,82.1137939482989,16935200
2019-01-07,83.48086547851562,84.0691082018593,82.6109254064887,83.20745501918779,15430700
2019-01-08,83.32343292236328,84.35907269037567,82.47835365292431,84.20165342290387,13578800
2019-01-09,83.18260192871094,84.08567692971218,82.7932002967032,83.52228854487974,14230300
2019-01-10,83.17430877685547,83.45600610858439,82.24637317727874,82.86775709960074,14376100
2019-01-11,82.77662658691406,82.99203512878333,81.98124960400988,82.76005280920465,15439900
2019-01-14,83.6299819946289,83.97795542891788,81.7409761272964,81.9149628444409,21258500
2019-01-15,84.24308776855469,84.89761290884051,81.69126967451362,81.93153887697632,26504900
2019-01-16,84.9224624633789,85.70954617242693,84.34250671155864,84.71533450615115,18533000
2019-01-17,85.27045440673828,85.75099288876963,84.44194239815114,84.59936170251709,14247600
2019-01-18,86.65406036376953,86.91090336227423,85.19588390736581,85.97468082900012,16428700
2019-01-22,85.28702545166016,85.82555318313598,84.61592644791519,85.40301662345908,17083700
2019-01-23,85.07161712646484,85.91669663202899,84.48337433239705,85.70128805124604,12146700
2019-01-24,85.12132263183594,85.41130057281093,84.4585168126138,84.61592979711735,11296800
2019-01-25,85.65982055664062,86.4220497715504,85.12128671006916,85.75924423203675,14369400
2019-01-28,86.06582641601562,86.36409124908634,84.99704515101973,85.2456012855937,12283100
2019-01-29,86.30607604980469,87.08487919486605,85.94153514191856,86.06580685992313,9743300
2019-01-30,86.50495147705078,87.1926117167075,85.98298480808707,86.28124967005327,12526300
2019-01-31,85.75099182128906,85.99954794918902,85.11304036387835,85.67642877554601,17520600
2019-02-01,86.06582641601562,86.86948408728699,85.76756158294491,86.16525013405422,13000800
2019-02-04,86.37237548828125,86.37237548828125,85.34502238426045,85.99126072906458,9871500
2019-02-05,85.99124145507812,86.62091220010645,85.5769855503833,86.59605153614824,12763000
2019-02-06,85.94979858398438,86.67889289657518,85.7261032151028,85.92494424533557,8745000
2019-02-07,84.82304382324219,85.75097940249722,84.0442469559642,85.54385143292598,13177500
2019-02-08,83.97796630859375,84.78990442712447,82.9008983150638,84.57449588525378,12892600
2019-02-11,83.58029174804688,84.51651439231331,83.48915491858651,84.30938638372979,10978500
2019-02-12,85.00531005859375,85.27043358375686,84.41706743467073,84.46677612031273,12852300
2019-02-13,85.41131591796875,86.04098693224594,85.25390290518408,85.25390290518408,10754100
2019-02-14,84.8561782836914,85.41956656879739,83.96967089752911,84.89760640271646,11518500
2019-02-15,87.44943237304688,87.57370409950573,85.88354540922448,86.08238649260274,14716900
2019-02-19,87.14287567138672,87.30029494387848,86.00781217387329,86.91918025562174,12764900
2019-02-20,87.56542205810547,87.65655887000425,86.89432314130138,87.16773357699772,10030300
2019-02-21,87.38314819335938,87.81397158574786,86.96060536854324,87.36657441612677,8400100
2019-02-22,86.9937515258789,87.8968264838082,86.81147789226712,87.57370734096705,10647300
2019-02-25,87.90511322021484,88.87447064705465,87.56542662083729,87.61513531317442,11230700
2019-02-26,87.23402404785156,87.38315645181954,86.11553417861388,86.5794988482723,15465400
2019-02-27,87.12632751464844,87.30859485032734,86.58779343461254,87.14289497387557,9968800
2019-02-28,86.46350860595703,87.16774250737893,86.31437620039343,87.00204264388364,15156900
2019-03-01,86.52149963378906,87.7477000506303,86.33093911186485,87.07660110041395,13813300
2019-03-04,86.32267761230469,87.7560000037021,85.56044167727623,86.9274879047524,12466300
2019-03-05,86.25639343261719,86.62094077172723,85.55215942655549,86.27296089301058,10856600
2019-03-06,85.93324279785156,86.63747654635515,85.7923973123595,86.04923394132071,9070800
2019-03-07,85.31188201904297,85.72613802082833,84.64078931888508,85.54386436867557,12705700
2019-03-08,85.34500885009766,85.52728247147968,84.49992320933445,84.49992320933445,10582400
2019-03-11,86.45521545410156,86.62092162663856,85.8835465417203,86.14867009673537,9763200
2019-03-12,86.1983642578125,86.8197480777324,85.9580950889183,86.6540419331279,10219100
2019-03-13,86.48835754394531,86.97718285645858,86.12381028180282,86.32265769081376,13022200
2019-03-14,87.27543640136719,87.7145529973626,86.54634823928195,86.57948947224635,10926500
2019-03-15,88.2779541015625,88.48508209680686,87.1843185395141,87.33345094893183,24811700
2019-03-18,88.80818176269531,89.30528757791546,88.23650659861826,88.27793471698803,12935500
2019-03-19,88.48506927490234,89.810686988169,88.27794130967182,89.64498082335825,12889300
2019-03-20,86.59606170654297,88.36079611327244,86.50493121216715,88.17852248243238,14920700
2019-03-21,85.2290267944336,85.74270015930523,84.74020145571512,85.74270015930523,19751000
2019-03-22,82.65235137939453,84.77333988392904,82.45350396631116,84.35908392157187,31115200
2019-03-25,81.96467590332031,83.32343480395224,81.26872267655752,82.51149042623626,21032300
2019-03-26,82.784912109375,83.18260062462862,81.87355023318091,82.70206217900181,15987100
2019-03-27,82.50321960449219,83.22402093898033,82.08896363899991,82.75176939116092,12753200
2019-03-28,83.43940734863281,83.51397668392791,82.63575003834893,82.85116483681648,12454100
2019-03-29,83.87026977539062,84.49993432347324,83.34001629751596,84.1271064641863,14523400
2019-04-01,86.69547271728516,86.72861394722587,84.60762579936721,84.63248014156191,17499300
2019-04-02,87.1097640991211,87.35832026441828,86.4386713022829,86.66236679421368,10295400
2019-04-03,87.28372955322266,88.12052836275062,86.81976490051534,87.66484427809571,11499200
2019-04-04,88.1269302368164,88.2688598453486,87.20024447882388,87.28373473187058,11952100
2019-04-05,87.9182357788086,88.58611972676023,87.65108347351062,88.32731772240032,9933700
2019-04-08,88.20209503173828,88.20209503173828,87.58430647555453,87.75127428984835,8056300
2019-04-09,87.55088806152344,87.82638424397626,87.03327778554193,87.72620613014328,9092200
2019-04-10,87.94325256347656,88.26050020488846,87.21693584637325,87.76793451557536,10882300
2019-04-11,88.68628692626953,89.10371271994235,88.12693152199472,88.252160533979,11183800
2019-04-12,92.84383392333984,93.37813837017671,90.89862841282454,91.36614958086537,25834100
2019-04-15,91.78357696533203,92.66851752692703,91.09899898252219,92.60172787752813,15163800
2019-04-16,92.75200653076172,92.99411424615637,91.71679238550435,91.75018721204967,11583200
2019-04-17,95.42353820800781,95.72408528656942,92.67687574357164,93.25291900297131,17791900
2019-04-18,94.7222671508789,95.9661943220852,94.61373872970405,95.61555815883176,12501900
2019-04-22,94.83914184570312,95.11464440631158,94.05438566165341,94.19630890702905,7975900
2019-04-23,94.95600128173828,95.48196176690988,94.21298400750354,94.33821299775444,9193100
2019-04-24,94.79740142822266,95.29831111275743,94.17960666019796,94.5552937006582,9245700
2019-04-25,94.84749603271484,95.29831668598466,93.92081019589567,94.34658631888591,9311800
2019-04-26,95.56548309326172,95.65731729747853,94.83915976065971,95.1313566061616,7889300
2019-04-29,96.9429702758789,97.81121670591804,95.54876326038027,95.67399227450932,14242200
2019-04-30,96.88452911376953,97.44387814779242,96.2249955964272,97.20177042349621,11389100
2019-05-01,96.14151000976562,97.67763384366447,96.09976488343516,96.60902485148927,10412900
2019-05-02,96.3502197265625,96.65911072134266,95.65729141655478,96.14985077007547,8613300
2019-05-03,96.9429702758789,97.41048513458757,96.5672832334918,96.84278579069323,8185400
2019-05-06,96.08306121826172,96.40030888165826,94.93931867849322,95.32334962471003,9387000
2019-05-07,94.51354217529297,95.19812018401345,93.74548028636984,95.19812018401345,15017700
2019-05-08,94.01263427734375,94.89757488893089,93.88740526999926,94.05437940292921,9575800
2019-05-09,93.93748474121094,94.1211530839892,92.31787721820797,92.78539200388991,12205900
2019-05-10,93.92912292480469,94.20461901709591,92.28446482056444,93.29463414405905,13189000
2019-05-13,91.37452697753906,92.2093787776789,90.9821519817809,91.90048768805197,13783700
2019-05-14,92.10082244873047,93.269615888901,91.41624443468102,91.45798955981319,10503600
2019-05-15,91.75018310546875,92.58503462349957,90.67322388287961,91.17413351981577,10142000
2019-05-16,92.92732238769531,93.6452952178509,92.32622826296863,92.35127915934201,9672700
2019-05-17,92.47650909423828,93.2946664662375,91.69175292004027,91.83367616363422,9570100
2019-05-20,92.96072387695312,93.34475484652025,92.14257288030515,92.31789095101544,8518200
2019-05-21,93.2779769897461,93.43659447091079,92.8522008678565,93.03586924864858,7967900
2019-05-22,92.51825714111328,93.32806423921235,92.45981778194182,93.00247261391246,7918900
2019-05-23,90.69828796386719,91.65836869047837,89.74655753767189,91.53313966189205,14558000
2019-05-24,91.59156799316406,91.80028089252941,91.15744796502548,91.43294415143448,8537300
2019-05-28,90.59809112548828,91.69175103211903,90.53130783949764,91.16579045758748,11665500
2019-05-29,90.3476333618164,90.49790689160385,89.37920253220584,89.70479411851002,9966400
2019-05-30,89.37918090820312,91.14906801201086,88.94506102129715,90.70659782841146,10367800
2019-05-31,88.46085357666016,88.9868076656544,87.52581771570412,88.12691174278937,10952800
2019-06-03,88.8782958984375,89.21223779476124,87.90987140545175,88.32729718350345,11680700
2019-06-04,91.6166000366211,91.75017933132882,89.43763715463929,90.03873124200136,12858600
2019-06-05,91.94222259521484,92.15093553648471,90.69829524868219,91.71681542118532,8340500
2019-06-06,92.14257049560547,92.55999628251594,90.94038219109146,91.95890213025893,8726700
2019-06-07,91.13241577148438,91.85038238262271,90.96544160774388,91.583230090051,10618900
2019-06-10,92.11751556396484,92.84383869436938,92.01733745591714,92.45980775155914,11380600
2019-06-11,92.40137481689453,93.14439222711283,92.14257286057936,92.51825353067636,9847700
2019-06-12,91.2242202758789,92.58503229243057,90.90697900000275,92.41805817138146,9670500
2019-06-13,91.44964599609375,91.96725628655976,91.04057049120014,91.38285633872802,8406900
2019-06-14,91.68340301513672,92.08413458811663,90.68992756687929,91.47469011386666,9077400
2019-06-17,91.1824951171875,92.14257575577236,91.0489158004327,91.58322032862712,8128600
2019-06-18,92.42642974853516,93.0108297526326,90.98213989306643,91.00718442463679,11057300
2019-06-19,91.7585220336914,93.16106629554969,91.58319763154832,92.51823350886465,13126500
2019-06-20,91.9923095703125,92.74367099423849,91.02387855458396,92.56835290402822,13638000
2019-06-21,91.36614227294922,93.2278573895903,91.07393917776626,91.99228084363683,27089500
2019-06-24,90.71497344970703,91.64165282025071,90.61478896964817,91.23257733981461,13039600
2019-06-25,89.96361541748047,90.98213544766234,89.88847545702785,90.73167740537045,18660100
2019-06-26,90.56468200683594,91.25760382297511,90.297529815582,90.41440850116743,10324600
2019-06-27,90.8652572631836,91.45800758369853,90.53132167396396,90.8652572631836,10906600
2019-06-28,93.3364028930664,93.86235705998466,92.58503524788917,92.70191395164878,21634700
2019-07-01,94.90592193603516,95.6071941620766,94.40501229323245,94.53024129628605,12724500
2019-07-02,95.006103515625,95.34003902103733,94.52188811560106,94.76399581561303,10174900
2019-07-03,94.85478210449219,95.7375848961333,94.3839573700201,95.29197558442972,6849400
2019-07-05,95.41808319091797,96.07387656313304,94.9388490793373,95.43490202402909,7929400
2019-07-08,94.89680480957031,95.40967011873683,94.58572057490227,94.97247030706798,6917200
2019-07-09,95.30037689208984,95.41808306569165,94.29146499993003,94.40076175698731,8947300
2019-07-10,95.0229263305664,95.70394796914128,94.78751397728345,95.31719818667564,9242300
2019-07-11,95.93094635009766,96.14954627398191,95.1070031527347,95.31719366025662,11595200
2019-07-12,96.93988037109375,96.98191463071838,95.78803389367332,95.9561837611844,10783400
2019-07-15,95.7627944946289,97.16686551584641,95.45171024082111,97.1416436817954,12946600
2019-07-16,96.78852844238281,97.10801570865256,94.93884810399099,95.40967920868444,16945000
2019-07-17,95.83848571777344,96.63721369261266,95.61989215432874,96.20842315515189,13120900
2019-07-18,96.4101791381836,96.74648522854137,95.46852978258798,95.78801704045004,9397200
2019-07-19,95.46011352539062,96.78851895912864,95.34240736437634,96.59514088631678,10402800
2019-07-22,96.07389068603516,96.22522813375495,94.81274742653899,94.93046003210445,9061100
2019-07-23,97.8310775756836,97.90674308502979,96.53630318376788,96.58674685666534,12752200
2019-07-24,98.22622680664062,98.26826105828303,97.1248242157266,97.17527429800458,10011000
2019-07-25,97.28458404541016,98.57094906149852,96.95668733207414,98.27668360267208,10138400
2019-07-26,97.71336364746094,97.95718540464031,97.13323579712021,97.33501688721495,12800400
2019-07-29,97.40228271484375,98.52049778662546,97.35183904422382,97.91514808116452,8500400
2019-07-30,97.1836929321289,97.59567100022669,96.48586522916924,96.84739320687387,7121100
2019-07-31,97.52838897705078,97.67972638894018,96.56992083991945,97.61246389154383,13648000
2019-08-01,94.95565795898438,98.20099964266436,94.66979555660859,96.96507853327007,15664500
2019-08-02,94.94725036621094,95.36763135491913,93.66088556708466,94.50164754450104,11025500
2019-08-05,92.12228393554688,93.30776132965822,91.02929086641603,93.14801451114562,15855300
2019-08-06,92.84534454345703,92.90419762473866,91.08814869175433,92.52585730428598,10203500
2019-08-07,90.8275146484375,91.0377051410663,89.070325209023,90.8022928156428,17320900
2019-08-08,92.36610412597656,92.55107277285815,91.40763605986683,91.6850890301892,10903300
2019-08-09,92.26522827148438,92.8621685747158,91.04612582910416,91.93733157554747,9980800
2019-08-12,90.53324890136719,91.23108287375298,90.13808975038957,91.17222979261832,9393700
2019-08-13,91.92890167236328,92.76126055917842,89.98674376546957,90.7602431622536,12124700
2019-08-14,88.11186218261719,89.88587055638332,87.81759034427752,89.37300521148381,19491800
2019-08-15,88.44816589355469,89.44026537810107,87.72511001085958,88.12867862088923,13365600
2019-08-16,90.56690216064453,90.7855021213454,89.01149342592142,89.43187451176584,11830600
2019-08-19,91.3824234008789,92.27362906402655,91.15541406982868,92.17273531528144,8265400
2019-08-20,90.22218322753906,91.17224855141026,90.16333013429531,90.67619555306487,8374000
2019-08-21,90.47441101074219,91.1638356831464,90.33988599441656,90.9788669929516,8189300
2019-08-22,91.40765380859375,91.87006910108109,90.7434509996883,91.11338836528262,9343400
2019-08-23,89.1375961303711,91.45810135134879,88.37250594538023,90.8023079314978,14762300
2019-08-26,89.85225677490234,89.95314413154284,89.12920078461556,89.6420662292261,8209500
2019-08-27,88.90215301513672,90.43233927034379,88.14546609453903,90.25578005795494,14331800
2019-08-28,89.79339599609375,90.13810512596662,88.313652885076,88.34728413924752,10585500
2019-08-29,91.8280258178711,92.39133481318517,90.81910757849003,90.92000132677963,10002200
2019-08-30,92.36610412597656,92.95463489832312,92.03820749359714,92.34928529562133,10170300
2019-09-03,91.27311706542969,91.63464496774284,90.23057402263318,91.62624196651807,9868800
2019-09-04,92.37452697753906,92.66879240651488,91.27312435122208,92.02140204826283,6929200
2019-09-05,94.47643280029297,95.61146027206794,93.49273633788304,93.5347770057102,13224700
2019-09-06,94.67823028564453,94.98931460370993,94.1317335818027,94.72027096075023,7836600
2019-09-09,97.02394104003906,97.57884065284733,95.51056679691588,95.60305113480148,13985100
2019-09-10,98.25984954833984,98.59614919037915,97.3013814566179,97.78061550247887,14333100
2019-09-11,98.52890014648438,98.53730314798226,97.0071165752187,98.27666898243892,9919200
2019-09-12,99.1342544555664,99.60507914171616,97.4611333903459,97.99081757676964,12283500
2019-09-13,101.08480834960938,101.2277363363666,99.84047788703535,100.05066836679752,16257200
2019-09-16,100.18521881103516,100.7821591555087,99.52941895934711,99.96661886047247,11993900
2019-09-17,99.68916320800781,99.72279446217614,98.57094806130787,99.56304760850306,10735400
2019-09-18,100.68966674804688,100.9587103523938,98.99973320053668,99.47896732123294,10665600
2019-09-19,100.37018585205078,101.17731676797615,100.12636405226506,100.63922949069257,9382600
2019-09-20,99.96659851074219,101.1772913735055,99.94137667821656,100.67283547947872,21862800
2019-09-23,99.94979095458984,100.1515784665677,98.94087905272231,99.02495397546036,9135100
2019-09-24,98.64662170410156,100.26929286256296,98.402799918016,99.8405023825845,11696500
2019-09-25,99.20992279052734,99.51259764440464,98.47005448910808,98.59616366613575,9389400
2019-09-26,98.39437866210938,99.25195951888408,98.32711616069466,99.1090250997515,9899200
2019-09-27,98.9744873046875,99.74798667733786,98.60455003320084,99.17626835526934,10207800
2019-09-30,98.94927978515625,99.85729785134349,98.55412062701218,99.5125887740189,9755000
2019-10-01,97.15005493164062,100.05068136334734,97.03234876084416,99.54622542929033,11250300
2019-10-02,95.21630859375,96.6035673528515,94.94726497615805,96.52789542769754,12548700
2019-10-03,95.0807113647461,95.69091037319778,93.66538615007438,95.14850622554819,12735200
2019-10-04,97.14012145996094,97.41132027759751,95.14849807087525,95.2078226101742,9453100
2019-10-07,96.92825317382812,97.88592264339802,96.67400143774891,96.77570342535864,6771600
2019-10-08,94.76714324951172,95.8180380402973,94.63154705032534,95.8180380402973,10806300
2019-10-09,95.4535903930664,95.902769260816,94.978994114254,95.48749105096577,7273700
2019-10-10,96.7926254272461,97.80114886207556,95.76715489848749,95.88580395365702,10994100
2019-10-11,98.4283218383789,99.99619032613722,98.19950044507183,98.33509663143037,15076500
2019-10-14,98.69103240966797,99.04698609745233,98.02151540624712,98.18253545469119,8779000
2019-10-15,101.66575622558594,103.04717423724892,99.8944903050958,100.72503388210886,23379000
2019-10-16,101.4284439086914,102.22509317890437,101.17419221559263,101.66574204044272,11087700
2019-10-17,101.99628448486328,103.03023208067879,101.59795977507629,102.3352846505899,10818500
2019-10-18,102.17426300048828,102.56411094664513,101.58101753153018,101.6996666253218,10417400
2019-10-21,104.7082748413086,104.89471878184348,103.38617489842704,103.43702912392754,12714600
2019-10-22,105.75917053222656,106.02189258065481,104.34385183808256,104.6235209845845,12549100
2019-10-23,106.03882598876953,106.06424986399259,105.23369996666908,105.25912384189212,8828300
2019-10-24,105.96256256103516,106.4964898781634,105.14896611186192,106.18291361994348,8020500
2019-10-25,106.81007385253906,107.33552445789195,105.72527844293761,105.93715274843447,9055700
2019-10-28,107.21685028076172,107.81009561100727,107.12362509088183,107.26769803310016,9522200
2019-10-29,107.14905548095703,107.98807577499343,106.73378372453955,106.83547923539878,9797300
2019-10-30,106.5558090209961,107.00498143171967,105.86933200029429,106.82700782365313,8513700
2019-10-31,105.86933898925781,106.55581605527739,104.9709941085064,106.35241209043978,11589100
2019-11-01,108.31013488769531,108.47115494423332,106.80158457765933,106.95413431840949,11682600
2019-11-04,109.17457580566406,109.68306627481489,108.9542182970979,109.39492038245156,9159900
2019-11-05,109.4118881225586,110.42888212442728,109.19153058543714,109.65765660806288,13747600
2019-11-06,109.58138275146484,110.03902551692754,108.97118377632786,109.06440897896768,11231100
2019-11-07,110.17462158203125,111.26788713697773,110.10682026309033,110.53903912308698,13528900
2019-11-08,110.49667358398438,110.5136142147272,109.53899774406806,110.07292504338837,9293400
2019-11-11,110.1068344116211,110.25939063178619,109.62376773329038,109.83564203278898,8679000
2019-11-12,109.4627456665039,110.70008438430521,109.3356133225447,109.86107040036937,9099000
2019-11-13,108.88642883300781,109.1745876885138,107.98808393446234,108.58981259333001,8023300
2019-11-14,108.98812866210938,109.19151968310713,108.13214834281361,108.24232710037343,8483400
2019-11-15,109.77630615234375,109.77630615234375,108.81863022291964,109.52205441786704,10163600
2019-11-18,110.7000732421875,110.7254971220641,109.31866168569866,109.80172833513409,8749300
2019-11-19,110.66618347167969,111.23400503126369,110.32717684013502,111.0136604195952,8824500
2019-11-20,109.86104583740234,110.70005963374967,109.27627080856716,110.42886730447718,11782800
2019-11-21,110.11528778076172,110.78481770593002,109.6576450542623,110.1746187827448,7705500
2019-11-22,110.84412384033203,111.2085542646655,110.259361789378,110.30172629277095,8167900
2019-11-25,111.43740844726562,111.9289583616868,110.91195140397092,111.23400446936633,10068500
2019-11-26,111.5899429321289,111.71707525770834,110.47972378701174,111.71707525770834,10490700
2019-11-27,111.92047119140625,112.23404099770411,111.57299425742309,112.11539191436599,6607900
2019-11-29,111.66624450683594,112.21712553514898,111.40352240135911,111.75946973120996,5712000
2019-12-02,111.4204330444336,112.49675786904761,111.31873754130658,112.13232742987894,8615600
2019-12-03,109.98816680908203,110.14072300357043,108.97964324412816,109.97969649396887,10361300
2019-12-04,112.15776062011719,112.26793937884031,110.1661502384049,110.49667358279507,10318200
2019-12-05,112.7679672241211,112.97984150882951,112.02216560377786,112.44591417319468,9587400
2019-12-06,114.44601440429688,115.07316697790864,114.11549101874843,114.14939814801437,10170600
2019-12-09,113.91207885742188,114.80195332489863,113.91207885742188,114.09852923848476,8498200
2019-12-10,113.98836517333984,114.21719302172377,112.61542394659638,112.9289937497958,7532900
2019-12-11,113.71717071533203,114.42907820792891,113.57309773981802,113.81039592675654,9011900
2019-12-12,116.9715347290039,117.35290577689453,113.74257336147124,113.97987147712664,13717400
2019-12-13,115.9460678100586,117.6580154493461,115.44604766078949,116.91221391702707,10592100
2019-12-16,116.39525604248047,117.66650177365246,116.37831541028,117.27666032455669,11372000
2019-12-17,117.1071548461914,117.52243312238939,116.3020351065903,116.72578369919938,11546800
2019-12-18,116.9885025024414,117.81905903172795,116.71731013524327,117.08172770749273,10381500
2019-12-19,116.40373992919922,117.14105831915577,116.19186563950777,116.75120393614013,9350400
2019-12-20,116.3105239868164,117.700418920605,116.02236510173549,116.97157078875358,29992600
2019-12-23,116.27661895751953,116.8783476890206,116.00542656474248,116.61562561321789,9738400
2019-12-24,116.59867095947266,116.64104840751222,116.15796877706792,116.38679665105636,3324300
2019-12-26,117.83596801757812,117.88682869631258,116.76812653613976,116.86135171615416,6770900
2019-12-27,117.92073059082031,118.45465783232468,117.52240597125004,118.05633321275441,7868200
2019-12-30,117.48851013183594,118.71737816288514,117.35290751180604,118.5648219824071,6963000
2019-12-31,118.14109802246094,118.20889934655301,117.20037566482644,117.38682607313456,7201600
2020-01-02,119.57337188720703,119.58185513519518,118.02245052369001,118.47162298652614,10803700
2020-01-03,117.99540710449219,118.75452119357905,116.92071020757743,117.27894250654901,10386800
2020-01-06,117.90159606933594,117.93572087182815,116.42601722411898,116.47719141305848,10259000
2020-01-07,115.89720153808594,117.58601487068076,115.84602734843139,117.09130934602187,10531300
2020-01-08,116.80131530761719,117.34719502993569,115.6583816725752,115.74366765165045,9695300
2020-01-09,117.22779846191406,117.90161374194888,116.88661545984517,117.74809115211846,9469000
2020-01-10,116.05928039550781,117.06574099263874,115.8375081851019,117.03162919900764,10190900
2020-01-13,117.02307891845703,117.02307891845703,115.79484624286138,116.1616163127016,12355200
2020-01-14,118.38777923583984,120.0595301766622,117.44101767733363,117.65425214533234,24906000
2020-01-15,116.61367797851562,118.21720549493533,116.12749709818824,117.57750203016793,16293400
2020-01-16,117.06574249267578,117.62014699619237,116.71603478317087,117.23632749261925,10783800
2020-01-17,117.87602233886719,117.95278363097911,117.12544579132785,117.31308016711246,14697700
2020-01-21,116.71600341796875,117.76512626455174,116.58806795609168,117.01453684874558,8474200
2020-01-22,116.57954406738281,117.19366038678179,116.32367311329932,117.0572002162037,7549100
2020-01-23,116.46012878417969,116.63072676670963,114.90778865858768,115.7522018188353,9345700
2020-01-24,113.56867218017578,116.36630735248336,112.86074520112639,116.31513316265318,15166400
2020-01-27,112.6134033203125,113.38958002539138,110.63459392411696,111.11223712268826,12860500
2020-01-28,114.66043853759766,115.12103230348535,112.99721219366953,113.3042703659947,13062800
2020-01-29,114.4898452758789,115.60719178984,114.02926455810217,114.98455079633474,9326000
2020-01-30,115.90570831298828,116.11041805475834,113.17631016337238,113.17631016337238,9048900
2020-01-31,112.89485931396484,115.00161693734606,112.13574511465578,114.71162117913795,12785200
2020-02-03,113.7563247680664,114.49838959902195,113.15074614091378,113.15074614091378,10021100
2020-02-04,115.39393615722656,116.51129548102006,115.21482652781296,115.61570828956255,9157100
2020-02-05,117.35574340820312,117.47515421484738,116.00809972475983,116.48575596613865,10150700
2020-02-06,117.37276458740234,117.95275601172929,116.94629571135114,117.91011953596197,8992300
2020-02-07,116.99751281738281,117.42398184989415,116.25546086554974,116.62221798640451,6379800
2020-02-10,117.48368072509766,117.57750442243119,116.63926744909593,116.80985244021127,5960700
2020-02-11,117.70542907714844,118.40484439558013,117.51778169975455,117.92718824370515,6578600
2020-02-12,117.70542907714844,118.8057132311405,117.53484410173564,118.21719701818623,7958000
2020-02-13,117.60309600830078,117.99544020135856,116.34073839331217,117.49220990318393,7447500
2020-02-14,117.24484252929688,117.86748351534406,116.80131120337344,117.5689500620728,6627600
2020-02-18,115.6925048828125,117.45809271488463,115.18927460775056,117.14249681823185,8996400
2020-02-19,117.27044677734375,118.03808574832956,116.2895602979723,116.77574119045043,7071200
2020-02-20,117.27044677734375,118.0124986502834,116.45162059546502,116.99750037845062,7422800
2020-02-21,115.83750915527344,116.78427086777906,115.07839484631316,116.46868796854424,9772800
2020-02-24,112.72427368164062,113.61132335298318,111.56427764077776,112.11015736501916,13618400
2020-02-25,107.69194030761719,112.7839740680663,107.12046697307123,111.73486410269628,20797200
2020-02-26,108.01606750488281,109.98635219714232,107.76018350262032,108.26342030509643,24825600
2020-02-27,103.52106475830078,107.1460504653656,103.46135937165685,104.83458977186628,23005500
2020-02-28,99.03462219238281,101.06461209482144,96.09198897786212,100.23726127307044,45931400
2020-03-02,103.64901733398438,103.7001980362699,97.62727745953447,99.47815125842344,27355400
2020-03-03,99.75959777832031,104.86869304388257,99.14548156132746,103.1798799545508,32547700
2020-03-04,102.2245864868164,102.51458870126872,97.83195583940659,100.92812398971955,25795900
2020-03-05,97.20934295654297,99.30756961368057,96.02375968085222,98.65933492457616,25025600
2020-03-06,92.18553161621094,94.09611072790965,89.57553716558158,90.63318486781826,38159400
2020-03-09,79.69853210449219,84.63704410999605,79.32323728657455,82.36822581244057,40352000
2020-03-10,85.89083862304688,86.3855441362734,80.67086316213042,84.44084688554771,31102700
2020-03-11,81.84793090820312,85.33645076358523,80.6452916942855,83.33204122805486,38127000
2020-03-12,75.10118103027344,82.70085396428337,73.62559567208012,76.41469960561388,49725200
2020-03-13,88.62879180908203,88.69702190430871,78.47029697881567,81.87351781919432,38543300
2020-03-16,75.36559295654297,80.15910627125355,72.11590165750557,72.67030608358408,38589700
2020-03-17,79.97145080566406,83.1102622035413,74.63205829846767,77.52351695081066,35239800
2020-03-18,71.55294799804688,77.43821982972815,68.54207875348987,74.77705168210393,41525600
2020-03-19,72.75560760498047,75.1523610918467,65.59945893486963,69.56561508017354,32175100
2020-03-20,71.2203140258789,76.3038230844429,70.35032023875877,73.60854272791018,30150800
2020-03-23,67.40768432617188,71.43355244231374,66.60592058057073,70.52090910722735,32536600
2020-03-24,75.42529296875,76.84969759065753,70.70854778492256,72.4144234540044,34363200
2020-03-25,78.239990234375,81.15703605959611,72.10736513665405,76.116170346234,38111700
2020-03-26,83.69023895263672,84.07405826645811,79.7837832156302,80.24437029665431,29826300
2020-03-27,77.72822570800781,80.89262442309257,77.23352668930148,79.48528214428039,30041500
2020-03-30,79.74971008300781,80.25294042415021,76.16737276780106,77.31883786858887,21656900
2020-03-31,76.78999328613281,80.32115545036916,76.20146408962697,78.51293138036175,23379300
2020-04-01,71.95384216308594,73.83030295051823,71.00708056825061,72.58501439050956,28029600
2020-04-02,74.6406021118164,74.98177859460026,70.75973182152534,71.22885029877816,24018000
2020-04-03,72.43437194824219,75.39034944814414,71.33126121728608,74.1148811584552,21199400
2020-04-06,77.09673309326172,78.415287852122,75.57996116917077,76.69168548497994,26820800
2020-04-07,78.1136703491211,81.44022393754537,77.8896001671227,81.39713124196106,22563800
2020-04-08,81.26786804199219,81.75047468274336,78.03611305477122,79.37190117114247,22903300
2020-04-09,88.55867767333984,89.96341101679096,83.49990314658362,83.52575612606121,42055900
2020-04-13,84.62025451660156,88.86031447103335,83.8532520418169,88.86031447103335,26911900
2020-04-14,82.30199432373047,87.90370074367024,80.69904396063843,87.05913288273217,46151300
2020-04-15,78.242919921875,79.31155140749956,77.67412805975556,78.55316883302736,30118600
2020-04-16,75.26110076904297,78.05333483069313,75.01979748377981,77.76032557716542,32449600
2020-04-17,82.02623748779297,82.4743712133683,78.38943541573678,79.28570944190875,30191900
2020-04-20,79.03577423095703,81.62117740465541,77.95852290858271,79.69074487596629,23679400
2020-04-21,76.74340057373047,78.75139240106982,76.12290264896477,76.37282578949659,23035000
2020-04-22,76.99329376220703,79.17365569000384,76.85540902913617,78.15673030540584,16662400
2020-04-23,77.0363998413086,78.66520339511695,76.9243680652603,77.33802891145447,16638800
2020-04-24,78.17398071289062,78.51008263188662,76.26078112782363,78.1136548960201,15809200
2020-04-27,81.54362487792969,82.41403928084169,78.88927583286022,79.23399759813249,22870200
2020-04-28,82.12103271484375,84.76676199337227,81.89696257390378,84.29276872888792,20238900
2020-04-29,84.3358383178711,85.7060986207733,83.82737235750403,85.38723648929049,20462600
2020-04-30,82.5261001586914,83.45684063142257,81.48332130103164,82.38820878494008,19127600
2020-05-01,80.3629379272461,80.78521854827123,79.14779544172025,80.57838816297597,18547700
2020-05-04,79.40635681152344,79.8631103654338,78.25154643560073,79.30293830732789,15725900
2020-05-05,79.28572082519531,81.19030093862396,79.19954200886802,80.70769430717337,18064100
2020-05-06,77.7947998046875,79.94068975768273,77.50179052115874,79.42361029702948,20978000
2020-05-07,78.60487365722656,80.06993939983316,78.0619413580665,78.71690542768236,16771900
2020-05-08,79.88895416259766,81.0782438115361,79.38049470255947,79.97513952702869,20487800
2020-05-11,77.5362548828125,78.51870772312314,76.98470264176166,78.51870772312314,31907600
2020-05-12,75.00255584716797,78.24293013377755,74.89052406047124,77.69137790308076,27962900
2020-05-13,72.41714477539062,74.85604344599969,71.87421245393844,74.44237602845001,35451600
2020-05-14,75.42481994628906,75.93328595071051,71.01240307412343,71.28817912863377,35152500
2020-05-15,74.02873229980469,75.21801571578888,73.51165283959513,74.84744089721798,26099000
2020-05-18,77.94989013671875,78.55315472226877,75.73506204802813,76.43312526023574,30504400
2020-05-19,76.4159164428711,78.59627258713259,76.34697076379818,77.60520639430234,19597300
2020-05-20,78.70831298828125,79.62182024696875,77.88098454314544,78.17399382422558,20552400
2020-05-21,77.70861053466797,79.07887782480186,77.27770994626455,77.79478933734441,14621400
2020-05-22,77.10533905029297,77.87234143944146,76.45898827909909,77.57071239455497,13557900
2020-05-26,82.5777816772461,84.02560779768393,79.81140091721713,80.05270417478665,41233900
2020-05-27,87.36080169677734,88.40358049926151,85.1459725795128,87.96405998746332,39402000
2020-05-28,86.0594711303711,88.72243376814706,85.6630433546029,88.71382048988497,24713900
2020-05-29,83.86186981201172,85.47344036813612,83.40511624357025,85.02530665240707,26526400
2020-06-01,84.97359466552734,85.75783689194607,83.92219617847073,84.24106498069942,15176800
2020-06-02,85.25798797607422,86.5420698477185,84.39618682664458,86.42141821280002,21195000
2020-06-03,89.85997009277344,90.42014195003053,87.09359020387829,87.5417303196914,25941100
2020-06-04,91.73011779785156,91.87662241740337,88.58454224118506,89.47219638614392,26784700
2020-06-05,95.858154296875,99.77072611917701,94.39308825182992,99.04681623752447,42231000
2020-06-08,97.77133178710938,98.40906933265937,96.47001686515374,97.73686552926071,24881800
2020-06-09,95.26350402832031,96.20286416641954,93.9449492638215,95.35830268492022,17031100
2020-06-10,91.40260314941406,95.23762117492454,91.22162574585349,95.19452849906855,24913300
2020-06-11,83.77569580078125,87.54176949890056,83.19829056143064,86.20597497799426,36259200
2020-06-12,86.06808471679688,87.15394945069731,83.87910896866282,86.79199453939717,24856800
2020-06-15,87.25733947753906,87.412463899611,82.62085309008503,83.0948396311245,22153600
2020-06-16,87.9554214477539,91.07514391330514,85.5854683342193,90.80798766633156,22193600
2020-06-17,85.73197937011719,88.36908872590094,85.4992893828299,88.3604688735886,15639800
2020-06-18,85.26660919189453,86.62825003274855,84.568545778681,85.03391919581632,16591900
2020-06-19,84.29278564453125,86.69721213457086,83.36204520888876,86.6368863047142,40371200
2020-06-22,83.37926483154297,84.41342362580167,83.19828737129876,83.81016542498764,16216900
2020-06-23,84.39618682861328,86.15426196249327,84.32724115865227,85.29246081304353,15381400
2020-06-24,81.57811737060547,83.4568379652797,81.27648164391624,83.37927900128925,22919800
2020-06-25,84.42205047607422,84.63750079065434,81.23338845029707,81.31094740753545,25743600
2020-06-26,79.7941665649414,82.18997932226353,79.2857070345344,81.96590917876871,41896300
2020-06-29,80.14752960205078,81.43161183746435,79.44085272232394,80.49225147448352,18499700
2020-06-30,81.0610122680664,81.57809820662065,79.77693042403727,80.00100055907606,19137000
2020-07-01,80.37157440185547,82.48298451872773,80.17335725097593,81.77630786236446,18755700
2020-07-02,80.63265228271484,82.63410624142098,79.99740401465428,82.44266137600295,27845600
2020-07-06,82.66891479492188,82.84295195990586,81.34621507940373,82.17290157171604,18625300
2020-07-07,80.33677673339844,81.88572999369737,80.0583133005255,81.64207531982005,25757200
2020-07-08,81.18956756591797,81.2243696827503,79.88426909469158,80.31066473634662,18762200
2020-07-09,79.43177032470703,81.90313914446446,78.99667078818774,81.38101438936768,25600800
2020-07-10,83.77405548095703,84.27006864937312,79.94518516150946,80.05830864234417,28954200
2020-07-13,84.97492980957031,86.38464787637825,83.73924887920322,85.91474628016972,32079200
2020-07-14,85.46224212646484,86.97638651216124,84.096029975886,85.6014771518165,42731700
2020-07-15,86.78495025634766,88.14245858849964,85.84513373143095,87.7943776564092,22508400
2020-07-16,87.02860260009766,88.08154257829713,85.75811287501998,85.95825492425674,16886900
2020-07-17,85.4187240600586,87.0895042930494,85.40131636480987,87.01988679023549,16137700
2020-07-20,84.67035675048828,85.6188703773258,84.63554799733495,84.78348021891847,14458100
2020-07-21,86.50647735595703,87.06340413061675,84.96622155799903,85.02713521650585,17798100
2020-07-22,85.87992858886719,87.13301044685304,84.87049471309112,86.71531870722126,14271200
2020-07-23,86.13230895996094,86.45427837465523,85.25340601898695,85.71461047502422,12870200
2020-07-24,85.52312469482422,86.84583039837503,85.22726033216279,86.67178667996623,12744200
2020-07-27,84.32228088378906,84.9575224091989,83.68703271928801,84.85310278260616,11959100
2020-07-28,84.6877670288086,85.18378019684329,83.97420410919567,83.97420410919567,11754300
2020-07-29,86.74144744873047,86.76755235974511,84.40931357109929,84.47022724316423,12743500
2020-07-30,84.42671203613281,85.05325643758854,83.58262450321331,84.87921927678067,14834800
2020-07-31,84.09602355957031,84.34838204444729,82.88644758525399,83.95679518393285,14535000
2020-08-03,83.62610626220703,84.90529960497486,83.40855655463673,84.4266875926841,12962800
2020-08-04,83.14752960205078,83.4956039430904,82.6950223361513,83.46080182026043,13366200
2020-08-05,84.592041015625,85.68849357597492,83.29544641021143,83.42597758343496,15260900
2020-08-06,84.61814880371094,85.36652047397735,84.00901216004827,84.91401991569815,10482100
2020-08-07,86.4803695678711,86.57609198383813,84.02640878572493,84.34838478844051,14743700
2020-08-10,87.57682800292969,88.79510794708027,87.04600607468615,87.1156235890014,14989900
2020-08-11,90.34403991699219,92.3803085785964,90.0742804112121,90.37884866597832,31518600
2020-08-12,89.57829284667969,92.61528568969989,88.50794508782363,92.3803348660491,19240800
2020-08-13,89.08226776123047,89.94376285175696,88.4470196146622,88.76029176377928,13598600
2020-08-14,89.11707305908203,89.90024676240844,88.25557136287775,88.32518886866833,12134400
2020-08-17,86.7675552368164,88.7603120591492,86.61091912644244,88.3252124902318,14988000
2020-08-18,85.55796813964844,86.9415880460474,85.38393098974157,86.9415880460474,13246500
2020-08-19,85.75811767578125,87.53331786728302,85.57537003577288,86.0800870701664,13533000
2020-08-20,84.73128509521484,85.30561302406596,84.2352718952149,84.63556266722433,13672600
2020-08-21,84.6877670288086,85.77551578669973,84.35709379648264,84.64425442285633,12228300
2020-08-24,87.07211303710938,87.20264421975726,84.77478812323699,85.67109206414509,17898300
2020-08-25,87.45501708984375,88.74291479007911,86.84588032296456,88.12506753341086,13648900
2020-08-26,86.2280044555664,87.25483940695048,86.19320234251461,86.96767882018415,12052400
2020-08-27,89.06486511230469,89.32592746439495,86.14969982972325,86.14969982972325,22163900
2020-08-28,89.43036651611328,89.84806504235365,88.5949761027254,89.752342601738,13756700
2020-08-31,87.18522644042969,88.91692032346143,87.03728758761737,88.86471051605147,14219400
2020-09-01,87.14171600341797,87.77696411205761,86.18449855564192,86.62830184690823,11595600
2020-09-02,88.45571899414062,88.70807747035177,86.63699985147787,86.97637688936061,14475700
2020-09-03,88.17727661132812,91.3622018727639,87.57683710635493,89.90897096560357,23281200
2020-09-04,90.08300018310547,91.55363866045751,88.21207758987478,90.54421124337837,26325500
2020-09-08,86.95026397705078,90.12649097872867,86.56738101313934,89.6130768647858,22108600
2020-09-09,87.77696990966797,88.49053277849579,86.63700477794843,87.71605624912502,13434000
2020-09-10,86.8719711303711,89.12578344096057,86.70663118945356,88.23818334775918,15922800
2020-09-11,87.9510269165039,88.20338546408844,86.66312926660564,86.99380918920939,13784300
2020-09-14,89.16926574707031,90.03076063876415,88.2120484630672,88.33387575526272,19017400
2020-09-15,86.39335632324219,89.49996651160906,86.27152899343106,89.39554687982326,23683000
2020-09-16,86.75883483886719,88.00321963419152,85.94085231990027,86.52388403766497,19270600
2020-09-17,85.76680755615234,86.44556168414648,85.02713976639183,85.88863487968507,18290100
2020-09-18,85.58406066894531,86.57608688592492,84.7921831205907,85.18376997078606,20121600
2020-09-21,82.93867492675781,83.5826270473506,81.64208011372394,82.8429524936722,28378800
2020-09-22,82.03364562988281,83.24322818301434,81.51152762885135,82.63408498256881,19257000
2020-09-23,80.70223999023438,82.97345953393827,80.6326291275116,82.47744645192766,19952700
2020-09-24,80.63265228271484,82.05977828425915,79.51879185110917,80.33678113458906,18366500
2020-09-25,81.3375015258789,81.55505127570137,79.94518445483341,80.10182054026924,13293100
2020-09-28,83.67833709716797,84.34838739051656,82.10327242890625,82.72111290796806,20894100
2020-09-29,82.9734878540039,83.56522354320305,82.0858876397515,83.56522354320305,12848200
2020-09-30,83.77405548095703,84.58334082301396,82.89515926405113,82.97347398791557,16400600
2020-10-01,84.3832015991211,85.07935684459758,83.56521238061714,84.51373278236412,15778700
2020-10-02,85.18375396728516,85.79289042850387,82.74719484423129,82.88642982913242,15149600
2020-10-05,86.9842300415039,87.16866671863858,85.65803484797739,86.35187189092976,13871900
2020-10-06,86.08839416503906,88.58269521930475,85.6404793555092,87.88885811936775,19220400
2020-10-07,87.59026336669922,88.13478892342823,86.65928842976209,86.91398867755726,16358500
2020-10-08,89.39070892333984,89.51366672290365,87.73955654298486,88.27530411281178,15659000
2020-10-09,88.88130950927734,89.68054191624951,87.92399424451915,89.58393125824854,13689100
2020-10-12,89.97036743164062,90.46219860019531,88.5739086484984,88.79347709170277,16058000
2020-10-13,88.5124282836914,90.65541839802914,88.05572887771136,90.462197099104,21697300
2020-10-14,88.0206069946289,89.52245448557116,87.91521171956887,88.7320066743653,15204100
2020-10-15,89.33802032470703,89.39071461338928,86.98424605356315,87.03694034224539,17171200
2020-10-16,89.15357208251953,89.87375630438609,88.45973500158634,89.06574604584254,13275000
2020-10-19,87.65174102783203,89.46976779767418,87.44095045980806,89.2326300838218,11725700
2020-10-20,88.15234375,89.38192170988498,87.93277529992092,88.09964276550683,11257100
2020-10-21,87.27408599853516,88.69688552824023,87.23895423597844,88.14357534454365,10730500
2020-10-22,90.3568115234375,90.67299064636003,87.22137413837046,87.2301587530899,14837200
2020-10-23,91.1736068725586,91.7357016044995,90.40072829131428,90.90134412134596,15087600
2020-10-26,88.91644287109375,90.19872189050906,88.04695363409456,90.15481221834212,12410700
2020-10-27,87.23894500732422,88.63539724256138,87.08964005777645,88.27530844066982,10391700
2020-10-28,84.78856658935547,86.33433059298086,84.37577676730508,85.63170876386977,16389500
2020-10-29,85.34186553955078,86.0532718907112,83.64679679776455,84.4196820483391,14208800
2020-10-30,86.10597229003906,86.43971395331475,84.51629870609453,85.9917990975048,15194500
2020-11-02,88.04695892333984,88.60026907090601,85.94788482770709,87.29164282943789,15011600
2020-11-03,90.82229614257812,91.99039519463676,90.18993793956147,90.47976319869638,17482600
2020-11-04,88.04695892333984,89.64541716145135,86.88763763746444,88.70566435169401,18886500
2020-11-05,91.64788818359375,92.30659366651469,88.70567170001995,88.75836599443005,17837400
2020-11-06,90.42707824707031,92.30658382182907,89.92646240147005,92.24510491800791,12552800
2020-11-09,102.67020416259766,104.4267516873617,96.9175083387166,99.38546216748406,47792400
2020-11-10,102.33647155761719,103.15326655007448,100.72923541820606,103.0654405004905,20539300
2020-11-11,100.80828094482422,102.72291838654897,100.08809658788363,102.6614394792747,14443400
2020-11-12,99.5699234008789,100.08810183209836,98.4193799320363,98.83216977423415,22063000
2020-11-13,100.19346618652344,100.87851860644493,99.74554471938377,100.73799159687302,11847900
2020-11-16,103.02152252197266,104.17205909038898,101.64263288248598,103.45187482073412,19858600
2020-11-17,101.97637176513672,102.26620372818822,100.63261391914912,101.34401355509613,14553200
2020-11-18,101.22106170654297,104.17206239300212,101.17714533354953,103.05665084566728,12571200
2020-11-19,101.49332427978516,101.72167735769601,99.73677657428138,100.28130877523873,10202500
2020-11-20,100.62382507324219,101.57236234841281,100.20225071737843,100.50086728209381,12718900
2020-11-23,103.52214813232422,103.78562628477391,101.50211546005235,101.9236898849493,13209200
2020-11-24,108.3087158203125,108.4668053593094,105.13814712760002,105.45432620559383,20121600
2020-11-25,107.17576599121094,107.48316052480858,105.80566081249098,106.59610868509799,11715600
2020-11-27,106.46436309814453,107.45681019166304,106.34140528835279,107.14941566718369,5983600
2020-11-30,103.53091430664062,106.02521541130912,103.43430365148848,105.3928571960214,14411800
2020-12-01,105.16451263427734,106.7805400596731,105.06790197131194,105.69147562273541,12668900
2020-12-02,107.1845474243164,107.42167842870887,104.75172497200705,105.12938301655662,10811300
2020-12-03,106.4819107055664,107.05278999999605,105.70903219508602,107.01765824487914,12904400
2020-12-04,107.44803619384766,108.28240050067915,106.87716346370354,107.5710007164881,13583700
2020-12-07,107.04400634765625,107.29870654901899,105.57729073700962,106.4028702379304,9724300
2020-12-08,107.1494140625,107.43924605296772,106.06035632035528,106.3062719362559,9592100
2020-12-09,106.3150634765625,108.29117984824062,105.77931583529612,108.17699994720779,13073900
2020-12-10,105.63001251220703,106.0779341346808,105.00643876755086,105.38409686087209,13668400
2020-12-11,105.00640106201172,105.41040615852087,103.96125991912588,104.46187565835424,9981600
2020-12-14,103.89979553222656,106.64000556075463,103.73292136229018,106.56974204702378,12112400
2020-12-15,105.67389678955078,106.18329717010332,104.1808341024934,104.76927590380569,12590200
2020-12-16,105.98129272460938,106.34138818157076,105.26989312515504,105.6563357227337,11169400
2020-12-17,105.1030502319336,106.66637691343904,105.02400878656937,106.499509406326,11618000
2020-12-18,104.58486938476562,105.28748456338292,103.87346288926585,104.63756368046974,28954800
2020-12-21,108.51072692871094,109.78422121452054,106.35016755859573,108.17697860777265,28323600
2020-12-22,106.85958099365234,108.48438632576858,106.80688670526197,108.37021313402349,11788200
2020-12-23,109.84569549560547,111.11918972791383,107.45678987022714,107.83444784336706,14973200
2020-12-24,109.36265563964844,110.26728332369215,108.5282981716898,109.86327146056314,4164900
2020-12-28,110.08283996582031,111.23338325349482,109.59979337390295,110.50441435762045,8072600
2020-12-29,109.79301452636719,110.90841935396391,109.68761925340074,110.83815583865294,8389200
2020-12-30,110.10040283203125,110.530755112864,109.69639769278253,110.21457601246114,7398000
2020-12-31,111.60224151611328,111.83059455988432,109.62612564285982,109.86325659934367,8580200
2021-01-04,110.5483169555664,112.29607980441457,109.59099510422055,111.97990072513493,16819900
2021-01-05,111.14985656738281,111.7248472199308,109.486806264693,110.56601803585446,13731200
2021-01-06,116.36901092529297,117.44822287578616,113.12252719336279,114.89173209094162,24909100
2021-01-07,120.19043731689453,122.24271305765502,119.35007113773582,120.03121600833904,21940400
2021-01-08,120.32315063476562,120.6150699023772,118.64240456347848,120.27891798853807,12035100
2021-01-11,122.11885070800781,122.25153511110065,118.63352974245242,119.04929220268292,15937900
2021-01-12,124.03844451904297,125.3122689476601,122.8088527299013,123.34845853652644,18033500
2021-01-13,124.15345001220703,124.54266215547395,122.16310266358323,122.59654744751205,14816800
2021-01-14,124.8788070678711,126.27647474787652,123.843828124012,124.27728638169224,18565600
2021-01-15,122.64082336425781,125.30346189762047,121.19892245690097,121.57045247332984,27881000
2021-01-19,122.11003112792969,124.4630675360618,121.9154317801787,123.72000766967543,19843800
2021-01-20,120.27892303466797,122.22503806914982,119.81008666038535,121.91543652838514,16028800
2021-01-21,119.2704849243164,120.44700321539297,118.81934429305484,120.03124060509111,13411700
2021-01-22,118.3504867553711,118.89009265102118,116.9439776741862,117.37743601590796,12933200
2021-01-25,116.8731918334961,117.80202329451,115.05092042311257,116.89088758931824,14212800
2021-01-26,116.39552307128906,117.80203206091376,116.1832144793445,117.43050214844165,11307800
2021-01-27,113.10481262207031,114.86516924139438,112.65366530641379,114.63516489538672,17603900
2021-01-28,115.09516906738281,116.91744073114822,114.10442257009102,114.90939735018625,13761800
2021-01-29,113.82134246826172,116.51937189877083,113.39673876215308,116.05053554667185,14808100
2021-02-01,114.66171264648438,115.05979297601515,113.65327037401816,114.467099795841,11080700
2021-02-02,118.19126892089844,118.88125503766152,116.07707792252765,116.7139902607565,12253600
2021-02-03,119.5447006225586,120.09314764791284,118.10280002607202,118.22664333818133,10600800
2021-02-04,122.29579162597656,122.65848039579367,119.83660789047305,119.83660789047305,12419500
2021-02-05,122.05695343017578,123.39270641864479,121.52620218462617,123.3042411287658,10051300
2021-02-08,123.96770477294922,124.1092438541063,122.23388477354915,122.25158053317121,10136400
2021-02-09,123.47230529785156,123.82613942778498,122.55231496337373,123.3396073756964,8614800
2021-02-10,123.54313659667969,124.61349414856114,122.99467587376613,123.84389710729815,10323200
2021-02-11,123.1980972290039,124.33038278387701,122.26926564939012,123.5430902730995,9201000
2021-02-12,124.94959259033203,125.26804872906264,122.95924509774267,123.00347774160399,8324600
2021-02-16,127.95724487304688,128.54993810400677,125.96689704648293,126.98419403436165,12130600
2021-02-17,128.35531616210938,128.60300279429336,126.60380048006807,127.33801924615241,10810100
2021-02-18,128.78875732421875,128.9656744138584,126.85148347257905,127.38224823940674,10587800
2021-02-19,130.93832397460938,131.66368800393482,129.02758724219436,129.02758724219436,11969800
2021-02-22,132.16795349121094,132.8579397026995,129.85029469306463,129.92106424012897,11488400
2021-02-23,133.2294158935547,134.7332310420659,132.32712140528574,134.02554935514723,16234400
2021-02-24,135.57363891601562,136.0159384193931,132.7871574439014,132.7871574439014,15061400
2021-02-25,133.73365783691406,137.0243668890657,133.21174771521092,136.4670787497506,18127700
2021-02-26,130.1864471435547,133.45946109426959,129.60260850157061,132.95524662921864,19829200
2021-03-01,133.1321563720703,133.9106078515838,131.34526252041903,132.2652530867368,14845500
2021-03-02,132.69866943359375,134.26441318699838,132.5482892479311,132.7605978324646,14221700
2021-03-03,135.26405334472656,137.09516648615423,133.41524444165822,133.77791981886887,14324100
2021-03-04,133.18521118164062,136.56438553366922,131.46908711786972,134.99864166648848,20093900
2021-03-05,133.49484252929688,135.77710964084702,130.8941192278116,135.53826412391817,18465100
2021-03-08,135.26405334472656,137.51978377806284,133.3533160248715,134.87482757609928,17133300
2021-03-09,134.30865478515625,136.44938253812862,132.5306158265644,134.01673552367254,16238800
2021-03-10,137.22784423828125,138.13898010885475,134.0255867485665,134.3794344397028,14342200
2021-03-11,136.51129150390625,138.1300954085091,135.66207072796956,136.3255198192648,11771500
2021-03-12,138.13009643554688,139.43931237059647,137.17474161513593,138.75816751905506,12849500
2021-03-15,137.4401397705078,138.81127089474856,136.19286546197114,138.3070564929804,12101100
2021-03-16,135.79478454589844,136.7590076924054,134.62712091133724,136.30785357399216,12805600
2021-03-17,137.1924591064453,138.77589891493142,135.38788304033045,137.41360886198393,13952400
2021-03-18,139.45701599121094,143.03080322918407,138.9793385078308,139.41279684301367,21898500
2021-03-19,137.23666381835938,137.9443455915944,133.74250109177612,137.56396107059388,54418800
2021-03-22,133.54791259765625,136.20170960735004,133.22945641657662,135.1667303933186,19944800
2021-03-23,132.212158203125,134.56518103063993,131.76985875088346,132.98175493069473,17076300
2021-03-24,133.23831176757812,135.5028832978771,132.5660213126178,132.68986464637132,13079800
2021-03-25,134.94558715820312,135.31711713775,132.0971771504335,132.68985689146615,15608300
2021-03-26,137.1924591064453,137.51091529433734,134.94558352925318,136.4936318180236,16754400
2021-03-29,135.06056213378906,135.98939373724446,133.60982038575042,134.5651888780552,17570300
2021-03-30,136.65283203125,137.88242394198636,136.12208079877772,136.63514977203639,13184300
2021-03-31,134.66249084472656,136.661693057917,134.56518442286412,135.59132241743015,16736700
2021-04-01,135.97171020507812,136.04246624274225,134.0609732383368,134.37057477132078,16561500
2021-04-05,136.69244384765625,137.86699815555494,135.78484851236016,137.38649372872118,13508000
2021-04-06,135.73146057128906,137.27973313838046,135.12639696093188,135.9539128240512,13071600
2021-04-07,137.8581085205078,138.1250539489005,135.829344988577,136.22976991987025,16903500
2021-04-08,138.02716064453125,138.37418559360765,135.52679965536444,137.0305789604979,12335500
2021-04-09,139.05935668945312,139.73560667687073,137.89370901101884,138.64114535143966,12122400
2021-04-12,138.76571655273438,139.92247101588313,138.42759835143863,138.43649155393828,12273400
2021-04-13,137.1106719970703,138.09836057659842,135.6335857290538,137.69794922325642,16113600
2021-04-14,134.5480194091797,136.87931454989322,134.29886040806593,134.7793648519336,19939600
2021-04-15,135.40223693847656,135.4289301228828,132.86628937802698,134.5836142693996,17694100
2021-04-16,136.40771484375,137.4843760706382,135.8649308407826,136.9148988853451,13773400
2021-04-19,135.829345703125,136.9238206075518,135.44673432976256,136.51450247154193,11900200
2021-04-20,132.82176208496094,135.02848408581025,132.2700714016951,135.01959088576254,13716700
2021-04-21,133.9518585205078,134.01415167586438,130.61507433122503,131.5048834483671,12236700
2021-04-22,131.131103515625,133.73825006173308,131.03322401572188,133.67595693570237,15256100
2021-04-23,133.64041137695312,134.47683398113998,130.52607998194688,130.96207768770702,14041900
2021-04-26,133.96961975097656,135.66026473093743,133.809460673377,134.16537878631314,10799100
2021-04-27,134.58360290527344,134.86834828477384,133.5692212512655,133.91624619665225,12821200
2021-04-28,135.4556121826172,136.04288934613894,134.71706912741388,135.63357125651277,8943700
2021-04-29,138.08946228027344,138.1695418325062,136.31873746448147,136.62126926896613,12976900
2021-04-30,136.86148071289062,137.46655771893083,136.14963100236255,137.11953285194144,11705100
2021-05-03,136.46107482910156,138.34746509496287,136.25642261169693,137.7868947970803,11801100
2021-05-04,138.3474884033203,138.48986109045978,135.37552984066895,136.0250865568086,12977700
2021-05-05,140.16268920898438,140.8389390247089,137.59114226079612,138.81017600013018,10506700
2021-05-06,142.98342895507812,143.09910848487473,139.84240386327036,140.65213341702727,13542400
2021-05-07,143.47279357910156,143.7041390079043,139.71779889158796,139.8957579581598,14257800
2021-05-10,143.45498657226562,145.68840193976516,143.36600025463534,143.70413196874344,14014300
2021-05-11,141.07029724121094,144.4960669422554,140.62539279055093,143.33041945391122,15451700
2021-05-12,140.10040283203125,143.06346797655155,139.7266847386781,142.02239323562372,14381700
2021-05-13,143.70413208007812,144.5494477885974,140.30505568957412,140.74996012325857,15395000
2021-05-14,145.93753051757812,146.3290485461813,144.14012658976063,144.4960446644521,10584000
2021-05-17,146.52484130859375,146.68501398327942,145.06555514240404,145.36808693331238,9886800
2021-05-18,144.46047973632812,147.26337232853717,144.36260021464494,146.53372251646132,11098100
2021-05-19,143.3571319580078,143.41941152924366,141.15930258930737,143.2592524225731,13278900
2021-05-20,143.1079559326172,144.02445794244184,141.94230853628127,143.1079559326172,10426000
2021-05-21,144.73634338378906,145.23463427958345,143.20587073104429,143.56178892020924,10249000
2021-05-24,145.5193328857422,146.13330316264745,144.25580595210485,145.35917381041324,9440300
2021-05-25,144.01559448242188,147.44135104310163,143.75754226477045,145.79521251209698,12609100
2021-05-26,143.99778747558594,145.69732586959242,143.53508300876896,145.54605997373844,13058300
2021-05-27,146.24008178710938,146.5959998763328,144.65622320847706,145.88415012048117,15707500
2021-05-28,146.14219665527344,146.7650600761612,145.27017428862627,146.53370110739985,10291300
2021-06-01,147.7527618408203,148.517997992756,147.24556428059765,147.59258918802166,9445400
2021-06-02,147.7616729736328,148.98961367695728,147.29007531342415,148.82944100472022,10498600
2021-06-03,147.8595428466797,148.82053808512802,146.51593629951728,147.18329297254476,13354400
2021-06-04,148.09982299804688,148.30447528138743,146.84518895742008,147.8951707147063,8510800
2021-06-07,147.40576171875,148.68708884696434,146.94305723858199,148.59810251629085,7267200
2021-06-08,146.8184814453125,147.49473138107268,145.18123618353044,146.3646837541664,10370700
2021-06-09,144.9854736328125,146.1244280116337,144.39819646258704,146.05324166578148,12377400
2021-06-10,142.725341796875,147.03202718168092,142.64526225463888,146.24899100673323,12119400
2021-06-11,142.6274871826172,143.43721667971653,141.5330258487079,142.75205990698566,13683800
2021-06-14,140.2071990966797,142.66306684649484,139.3974697148085,142.50289417943804,19917900
2021-06-15,138.08055114746094,139.62882366218957,137.14626257938409,139.43306460018684,24485500
2021-06-16,139.05043029785156,140.25166407736884,136.23863112369278,137.6801170900756,25321200
2021-06-17,135.0373992919922,140.1093210910895,134.58360162232225,139.7889893309087,29722400
2021-06-18,131.62054443359375,133.20440335275492,131.3002126534596,132.8484851870093,43595700
2021-06-21,133.8539276123047,134.53908417127158,132.59930755738654,132.6526939115442,18664800
2021-06-22,133.65823364257812,134.33448368466253,132.2790267936417,134.00525865564126,14251200
2021-06-23,134.46791076660156,135.28653328965845,133.5514087257115,133.6492882435447,12733300
2021-06-24,135.70474243164062,136.24752637166097,134.55689499253162,135.17975847024215,13733200
2021-06-25,137.07504272460938,137.47545395268003,134.95729352283433,135.77591595591778,15484900
2021-06-28,137.32421875,137.45768466335193,135.35773496970242,136.76363475910742,14125800
2021-06-29,137.15512084960938,139.08600421722093,136.68352329600586,137.9203569214309,14528700
2021-06-30,138.40086364746094,138.8813680336011,136.7725253872239,136.80811176744638,12531000
2021-07-01,139.77117919921875,139.82456555913706,138.29409321358452,139.04152940725274,10479400
2021-07-02,139.63697814941406,139.89651745062037,138.82258244040946,139.56538157168993,11424000
2021-07-06,137.292236328125,139.41323184313765,136.3436056531514,139.41323184313765,15083400
2021-07-07,137.4533233642578,138.07083186716898,135.62765851950547,136.03932175101275,12271800
2021-07-08,135.08172607421875,136.5046719222376,134.27627497967455,135.68133192862328,17834600
2021-07-09,139.40428161621094,139.7443482471776,136.54943160336532,136.9700529087115,13694500
2021-07-12,141.39999389648438,142.4381237113082,137.76655320025083,138.1334805124015,19940400
2021-07-13,139.29685974121094,140.85405415582431,137.37275174258025,139.65484253197405,22671700
2021-07-14,138.82257080078125,140.75563727030115,136.88055988066486,139.56536986978148,14622800
2021-07-15,139.12684631347656,140.08442135023614,137.55174919783695,137.7307337821646,11539300
2021-07-16,135.94981384277344,139.86068217503228,135.1533208638646,139.57430958153876,14002700
2021-07-19,131.52883911132812,134.07941399832626,130.4012238606355,132.9428406416154,22172900
2021-07-20,133.98095703125,135.242807189609,130.95606711968225,131.1261072492411,15385200
2021-07-21,136.79998779296875,137.50698158773508,135.45758310325192,136.07509144542513,12356700
2021-07-22,135.07275390625,137.31905316966308,134.21362254829376,136.81789093491415,9913300
2021-07-23,134.813232421875,136.7820899704178,134.46420773670445,135.56497579675818,9666100
2021-07-26,135.71714782714844,135.99458968048458,134.39264530804465,134.41054786598744,8208000
2021-07-27,135.53811645507812,136.46885796789618,134.0614768420163,134.59843049419973,11218700
2021-07-28,135.76187133789062,136.71945999710957,135.02803047088693,136.28988062283386,9217300
2021-07-29,136.92530822753906,137.70389874765246,135.94983055085564,137.05059881302455,9063500
2021-07-30,135.83343505859375,137.5248641758643,135.31437034857888,136.5493868536365,9805200
2021-08-02,135.28756713867188,138.22295815834343,135.19808167010635,136.0572131777107,10203200
2021-08-03,136.82684326171875,137.2116730641887,133.81091157532362,135.98560075253317,10394800
2021-08-04,135.35020446777344,137.25640997329253,135.05487377691327,135.35914891695796,10155000
2021-08-05,137.0595245361328,137.54279791100782,136.0392974349662,136.2809341224037,9151500
2021-08-06,140.95248413085938,141.238870335867,138.81358666392487,138.88518321517677,13328800
2021-08-09,140.80035400390625,141.89217757068315,139.52058777322824,140.97039411513904,9516900
2021-08-10,142.52760314941406,143.1719586171462,139.88754281515983,140.2723726680009,8667000
2021-08-11,144.2279510498047,144.5322261432777,142.366481730768,143.1898215660956,9156500
2021-08-12,144.79176330566406,145.31082808917265,143.6820508390875,144.87231796504997,8844200
2021-08-13,143.1719207763672,145.12288922014508,142.80500723238026,144.79175346786033,8980900
2021-08-16,142.23223876953125,142.3217378738486,140.30813092752288,142.24119687335062,8755800
2021-08-17,140.5139617919922,142.16959962422604,138.95678116741252,141.01513765580847,9347200
2021-08-18,139.2342071533203,141.4088960568992,139.01941750066672,139.88750690362875,8065500
2021-08-19,138.07080078125,139.21631839762853,136.93422761375123,137.0684762808306,9517700
2021-08-20,138.46456909179688,138.62565109861626,137.0684704101092,138.13344697401484,6974100
2021-08-23,140.23654174804688,140.58556642420058,138.92994215245477,139.01048315718714,7934600
2021-08-24,141.1046142578125,141.8921626245043,140.3886624386059,140.50500853522496,7670900
2021-08-25,144.0131378173828,144.78278352848682,141.22094112390934,141.8563382058928,11335000
2021-08-26,144.7559814453125,146.61745103704274,144.2190140735191,145.21239415238364,11027500
2021-08-27,145.9193878173828,146.01783137102655,144.31744395860244,144.75596772586024,8780200
2021-08-30,143.58364868164062,146.31320839242073,143.08248630634668,146.06262720477375,7937600
2021-08-31,143.1450958251953,144.41590406429177,142.6081420983977,143.58361964271398,12340800
2021-09-01,142.93923950195312,143.86996732734016,142.2680372179115,143.3867076913142,8729900
2021-09-02,143.60153198242188,144.63070360398407,142.67973472675868,143.20775769588195,8813300
2021-09-03,142.73345947265625,143.98636539279795,142.42917061577867,143.53889704194015,7959700
2021-09-07,142.48281860351562,144.4248287940652,142.25908452180747,143.18086784599356,9285600
2021-09-08,141.8474578857422,142.81399109865737,141.4357810215628,142.19648263021298,7852700
2021-09-09,142.4649200439453,143.93261511483635,141.47154014710995,141.64158023887424,7904300
2021-09-10,140.82720947265625,143.83419668635042,140.70191890773765,143.69100356768703,8311600
2021-09-13,143.06454467773438,143.2345847919822,141.4626144045012,141.87427753364636,10052800
2021-09-14,140.56771850585938,144.3890885046395,139.8428082849986,143.5925953624685,11685600
2021-09-15,141.5431671142578,142.01748239025287,140.03072216958955,140.2544563056494,11691500
2021-09-16,141.4805145263672,143.95054811978838,140.70192410530072,142.6618373155074,10880900
2021-09-17,141.1135711669922,142.30383826970998,140.5050209430954,140.84510115977088,25581600
2021-09-20,136.8894805908203,138.3213706671224,134.67898654453515,137.72176490536737,15819900
2021-09-21,136.9073944091797,138.31245139679353,136.54942523885245,137.39961226011602,8999900
2021-09-22,139.52955627441406,140.72876793526694,138.80465987726637,138.89414533598293,11236200
2021-09-23,144.24586486816406,144.72019379724995,141.1046425308514,141.39997322753604,12336100
2021-09-24,145.91043090820312,146.40264868045222,143.92368457815041,144.4785408001514,10102400
2021-09-27,149.4365234375,149.81239520551534,147.31552786953844,147.6645526295277,13220900
2021-09-28,148.63104248046875,151.5127388493569,148.25517082221978,150.08083511309277,13387900
2021-09-29,148.5147247314453,149.36491176283107,147.700329155259,148.74741698501208,7777100
2021-09-30,146.4921417236328,149.4454345792522,145.68669076902074,149.38278247644698,13161200
2021-10-01,149.57077026367188,150.61784453055137,146.41164490602313,146.7696141123298,11285000
2021-10-04,149.40963745117188,152.53297057466932,148.3178138907812,149.42754000373552,14120000
2021-10-05,151.84951782226562,153.18200111840056,150.05785786709328,150.5440433016114,12292900
2021-10-06,152.1736602783203,152.24568826999482,149.45466197883073,151.24632220965512,8692600
2021-10-07,153.1370086669922,154.41547463551927,152.6418248001139,154.13637474817017,10195400
2021-10-08,153.25405883789062,154.26242328599713,152.42575750724097,153.0739957204338,8190100
2021-10-11,150.03086853027344,154.21739412740064,149.86881585639287,153.7762415787695,12154700
2021-10-12,148.87844848632812,150.07588806277064,148.34725751466897,149.22957635175604,13032600
2021-10-13,144.95298767089844,148.92344236942242,144.59286151968394,147.71700465112855,22753500
2021-10-14,147.17684936523438,147.66302120066555,144.10672278809204,145.62828168506616,15176800
2021-10-15,150.00387573242188,150.50805797767742,147.78006110657725,148.86946568059687,14267400
2021-10-18,149.94984436035156,151.8045204794378,149.3736341705584,149.88681471653086,12672900
2021-10-19,151.76853942871094,151.8405536941153,149.97687890768046,150.71514190053918,8053900
2021-10-20,153.81227111816406,153.83927990107986,150.76916709351497,151.5254404910299,8185600
2021-10-21,152.60580444335938,154.25340858236186,151.8675278807526,153.74021432719366,8415200
2021-10-22,154.6585693359375,154.93766922678884,152.7858827036576,153.08299302751277,8817900
2021-10-25,153.90228271484375,155.72095162899706,153.48812521913072,155.49586931865898,10159200
2021-10-26,154.31646728515625,155.29783685860588,153.5421833832987,153.9563409885452,8015100
2021-10-27,151.10227966308594,153.68622055623746,150.66111332657445,153.34410473777933,9847000
2021-10-28,153.3800811767578,153.51512505992505,151.21929661848324,151.52540524561772,7212900
2021-10-29,152.95693969726562,155.07271898477526,152.50677506059841,154.11835841517583,8140100
2021-11-01,152.87588500976562,155.1537165498554,152.16461732248888,154.89261341576528,7435500
2021-11-02,153.47909545898438,154.57749800765305,152.0835826729285,152.8758766392944,7173800
2021-11-03,153.53311157226562,154.07331449664568,152.2906530889501,153.17298544796628,8402700
2021-11-04,151.5164337158203,153.23606622406413,149.89585173232155,153.05600308566838,9574200
2021-11-05,151.3003387451172,153.13700443761704,150.72412855355503,152.0656103928527,7975600
2021-11-08,152.20968627929688,153.88429951406158,151.92158801480923,152.20068793094728,6413700
2021-11-09,151.05726623535156,151.6784957218987,149.99488413332446,150.67013118601722,7990300
2021-11-10,150.91317749023438,152.110616985755,150.43600410889812,150.7601231733844,6999200
2021-11-11,150.90423583984375,151.86758131087998,150.26499581712957,150.82320947776324,5815300
2021-11-12,150.22894287109375,151.02123702656985,149.20256805056079,150.940196951262,8113400
2021-11-15,149.95883178710938,151.06623287445632,149.45464962499804,150.54405401936498,6492500
2021-11-16,148.87844848632812,150.41801758116407,148.66236451609,150.40900549619514,9706100
2021-11-17,148.07717895507812,149.05853471350378,147.10482154508276,148.74342766320547,9909600
2021-11-18,146.79867553710938,148.41927080859136,146.35750929328196,148.00511334112755,8122500
2021-11-19,144.8809356689453,145.9523293373585,143.55745098889724,145.2230650724197,12193600
2021-11-22,147.9691162109375,149.43664353155003,146.74466789401254,147.7980514571273,14549900
2021-11-23,151.50743103027344,151.75952216439876,148.8874691671104,149.00451638578878,12354400
2021-11-24,150.31900024414062,152.55181327350454,149.8508251170698,151.669494322358,9629800
2021-11-26,145.7903289794922,146.43856722799327,142.99031781396639,145.97940419277833,13619300
2021-11-29,145.16009521484375,148.3562671100349,143.89064129000658,147.03278188509077,12104400
2021-11-30,142.9993133544922,144.61990894392716,142.5131278086938,143.29642369071658,18922600
2021-12-01,142.15298461914062,146.99676037640043,142.0719582838097,144.9530091339156,12253400
2021-12-02,145.14212036132812,146.97878644123048,142.97232303467723,143.89966129266807,12969900
2021-12-03,142.51309204101562,145.7002648566495,141.52273824009393,145.4031545949933,12681800
2021-12-06,144.19671630859375,146.40251992263413,143.56648866714397,144.96198782394984,11186500
2021-12-07,146.36654663085938,147.1048095420635,145.0970789710085,145.74531719144574,9851600
2021-12-08,144.69195556640625,146.99679681787634,144.2057699580239,146.44759529014812,11705700
2021-12-09,144.46682739257812,144.88996947157509,142.8372200242232,143.73754921123486,11189600
2021-12-10,143.89060974121094,145.58321918252517,143.2693804365754,145.24110345113777,10405400
2021-12-13,142.18002319335938,143.86363484619608,141.60381290258542,143.60254535388128,12069000
2021-12-14,143.2694091796875,144.85398383824779,141.62180487447787,141.75684877739045,12563600
2021-12-15,142.19802856445312,143.9176610268092,141.66683751208237,143.9176610268092,14014200
2021-12-16,144.42181396484375,145.6912814664333,142.88224494875567,144.40380353376153,19542800
2021-12-17,141.13560485839844,143.49447677793407,139.71308302937683,143.44045922231476,28082000
2021-12-20,138.59669494628906,139.2809402701443,136.70599791693775,139.10987550469676,15148000
2021-12-21,140.53237915039062,141.51373466466325,139.63204996564147,139.9201618989691,11291300
2021-12-22,141.0815887451172,141.40570782008044,139.76711575182955,140.2262787172217,7273000
2021-12-23,141.58578491210938,143.26039800859007,141.54077943614138,141.90090567149701,8055200
2021-12-27,142.39610290527344,142.43211003701234,140.75749678345343,141.8919206333093,6188100
2021-12-28,142.82823181152344,144.18772403470962,142.32404962909501,142.43208474306277,6342300
2021-12-29,142.75624084472656,143.7195999872199,142.387102459027,143.01734408844095,6398900
2021-12-30,142.68421936035156,144.26880811757576,142.58518256302506,143.25143135757963,6948200
2021-12-31,142.56715393066406,143.41345195524028,142.2160260438705,142.65717862029035,5805900
2022-01-03,145.5832061767578,146.42951769077538,143.61148333834055,143.92660400434497,13120900
2022-01-04,151.10227966308594,151.77752668990416,147.86108843918416,147.93311643726375,20195800
2022-01-05,148.3397979736328,152.4880245666312,148.29450891116423,151.99893862470245,17539400
2022-01-06,149.915771484375,151.59135629326423,148.42131529126183,151.17473007235895,14047500
2022-01-07,151.40115356445312,151.7362677444494,149.49912353574283,150.0516169196801,13913300
2022-01-10,151.54608154296875,153.34846744499623,149.92482425730716,153.13110204913156,12922500
2022-01-11,151.70004272460938,152.63293933754792,150.6312789284496,152.3974417480769,11854100
2022-01-12,152.5604705810547,153.6020498227436,151.41924711872815,152.57858896846884,12568000
2022-01-13,152.37030029296875,153.8013492115644,152.0623567310679,152.469930718323,13623400
2022-01-14,143.00506591796875,145.84904477308868,142.10839227583585,145.604494903365,40158400
2022-01-18,137.00917053222656,141.0939896571969,136.34798062747797,141.0939896571969,32324800
2022-01-19,134.88975524902344,137.87865356275464,134.5455887956397,137.28088495623305,22380000
2022-01-20,133.73951721191406,136.41140640228232,133.46779662198367,134.9441345650549,14860800
2022-01-21,131.40274047851562,133.60364820466944,130.6691045697977,133.59459591923107,20705400
2022-01-24,131.2849884033203,131.76502210500166,126.41219164395159,128.8667015042041,28471400
2022-01-25,132.7160186767578,133.00585760647542,127.51714689226499,130.10752359042263,18915900
2022-01-26,133.97500610351562,136.37518861532604,132.19979064646148,134.69958976406753,20709100
2022-01-27,131.61102294921875,136.20305970863993,130.54227306454868,135.33355679918435,17536800
2022-01-28,132.7884979248047,132.92435130540036,128.76707201577858,130.59664252273646,14117000
2022-01-31,134.5908966064453,134.7629729469696,131.03138604212006,131.90994141655815,13985700
2022-02-01,136.9005126953125,137.19035171959857,134.3192012591558,134.6724339323261,14584900
2022-02-02,135.80458068847656,136.71030683545024,134.11087721612677,136.31178511953635,12441100
2022-02-03,134.6814727783203,137.35336209798922,134.3101217481208,135.85891951147659,12474900
2022-02-04,138.1775665283203,139.0289512422871,134.7448708163571,135.0437620768103,16654400
2022-02-07,138.63949584960938,139.13763413073667,136.62878287321362,138.82063829913594,12572300
2022-02-08,141.2479705810547,143.53945631456727,140.206391182288,140.38753362290623,20411400
2022-02-09,141.83668518066406,142.58842553549394,141.1302200657949,141.82761907644726,9131100
2022-02-10,141.2479705810547,144.0376083914792,140.58679445367102,141.89104213857416,16455600
2022-02-11,139.40933227539062,143.27678583255255,138.5488954134259,140.9400112950306,16830000
2022-02-14,138.1141357421875,139.19193786266038,136.14871236446032,138.33150109475648,17026500
2022-02-15,140.1339111328125,141.2388978268086,139.3459340291669,139.94370261454614,9500000
2022-02-16,140.38751220703125,141.38381620887066,139.24630256697174,139.24630256697174,9076500
2022-02-17,137.15406799316406,139.23724035136843,136.46572127648565,138.57606430638256,11367500
2022-02-18,137.7971649169922,139.60861707250427,136.88238655376054,137.78811263151658,11733300
2022-02-22,137.55259704589844,138.79345100819685,136.2302448843944,136.40233502794334,11333500
2022-02-23,134.67239379882812,138.8477909836843,134.02027000880815,138.6847531260387,11799000
2022-02-24,130.92269897460938,131.32122063471405,126.6023819888851,129.4644795293803,25655100
2022-02-25,134.02027893066406,135.97665043096146,131.24875954871717,131.55670307553746,18367700
2022-02-28,128.43194580078125,131.3846074989617,127.59867956363121,130.01696625433746,31315300
2022-03-01,123.5863037109375,127.23637820146175,120.98687464436021,126.83785657029006,36840400
2022-03-02,126.14952087402344,126.83786768436599,123.73123402236504,124.3471210915743,19405600
2022-03-03,125.25283813476562,127.68924320189471,124.1387990629064,126.65671615035363,16640800
2022-03-04,121.72958374023438,122.65342824275395,119.9181315189792,122.21868357933212,21016000
2022-03-07,117.02886199951172,120.18078459525098,116.79336439562074,119.70980320775094,27560100
2022-03-08,116.20465850830078,119.36563367382159,115.27175484394887,117.4183281352932,19207800
2022-03-09,120.86009216308594,122.49040189591746,119.95436606932215,120.37099233309478,17536200
2022-03-10,119.42903137207031,120.86913240074048,118.0342194076307,119.42903137207031,15604200
2022-03-11,116.739013671875,121.43973342386104,116.31332138240893,119.99963252304475,20061800
2022-03-14,117.89836120605469,120.38910790558103,117.04697648660766,117.25530343389914,15786900
2022-03-15,119.9905776977539,120.95971116027218,118.767855878842,119.37469064590769,15096600
2022-03-16,125.35247802734375,125.43400387411103,121.75674455383702,122.15526622147242,20354900
2022-03-17,126.93750762939453,126.97374441282251,123.10629008875455,123.95767483562645,17050500
2022-03-18,126.89222717285156,127.57152172127093,125.40683697978585,126.97373920179398,23656500
2022-03-21,126.4846420288086,127.4899985342743,125.65137569044798,127.11866134346589,12676100
2022-03-22,129.17465209960938,130.36115108065087,128.3595041368387,128.8576562564357,13548600
2022-03-23,126.60237121582031,128.2417329615206,126.07704851040963,127.68923958344051,12093200
2022-03-24,127.42658996582031,127.44470835504634,125.99554126316,127.07335738746174,10017600
2022-03-25,128.5406494140625,129.68185935104432,127.52624058118975,127.78889507531437,8383500
2022-03-28,127.589599609375,127.68017772500167,124.89959265456797,126.80162252048731,10818100
2022-03-29,127.8703842163086,130.06225319822352,127.01901342416176,129.83582170854714,11316500
2022-03-30,127.29073333740234,128.72178215878603,126.72013532211975,128.52252132161343,8771000
2022-03-31,123.46858215332031,127.11865704053753,123.41422698111394,126.64767562339513,17353900
2022-04-01,122.55381774902344,124.45584841878708,121.18617607485473,124.44678231122482,15721300
2022-04-04,123.09722900390625,124.03012571638128,120.36193250252339,121.4759716583395,17416400
2022-04-05,121.6646957397461,123.54431913163386,121.36358899404702,122.33078668753056,12110300
2022-04-06,119.97669219970703,120.95299536593406,119.49310030866229,120.05880842511677,12914700
2022-04-07,119.61170196533203,120.3690284922998,117.45834398585835,119.48396098022441,12994200
2022-04-08,121.80155944824219,122.1756490791147,119.9766803646245,120.1409127992433,13126900
2022-04-11,121.35447692871094,123.08810674431699,120.96213455087175,121.35447692871094,10466400
2022-04-12,120.02230072021484,122.79612494397738,119.25585478577662,120.5697700577985,12989900
2022-04-13,116.15357208251953,117.9328266438588,114.97652407987887,115.82509324637041,30838000
2022-04-14,115.07687377929688,117.06599219425298,114.07318474683565,115.42359828782647,18835200
2022-04-18,117.21198272705078,117.92368441370651,114.54765413207998,114.66626875940231,11834400
2022-04-19,119.63908386230469,119.8215829326342,117.00213379964536,117.20287163882837,15015400
2022-04-20,120.05878448486328,121.81978594020981,119.83979400471445,120.9164797953782,13430200
2022-04-21,119.12811279296875,121.18110190752421,118.5806573827214,120.64276588116108,12174200
2022-04-22,115.70646667480469,119.09162381119708,115.59697837502313,118.87263328891018,14318800
2022-04-25,115.66996002197266,115.98931943723784,112.33043485043942,114.97651096817054,17149000
2022-04-26,112.24832153320312,115.34149831955445,112.11146115619104,113.72647625719173,17209500
2022-04-27,110.78841400146484,112.74103417868942,110.6059288669316,111.61873737472287,17215200
2022-04-28,112.54029083251953,112.82315182693868,110.5329266056911,112.05669898450658,13015600
2022-04-29,108.9087905883789,112.78665886614154,108.48906921014918,112.27569492070737,14874800
2022-05-02,109.90333557128906,110.1405717917239,107.86859937389771,109.38324533199484,18545000
2022-05-03,112.25743865966797,113.29761920770723,110.20444963674393,110.88877931105195,15720900
2022-05-04,115.97106170654297,116.24479634733952,111.99282483876992,112.04757594374588,17128500
2022-05-05,113.06951141357422,115.05862998224637,111.46362276025769,114.28305772925032,15055400
2022-05-06,112.88702392578125,113.40711419859433,110.56942659880467,112.96002076159817,14417900
2022-05-09,111.18990325927734,112.531190742474,109.94898470076633,111.41801318604242,14312300
2022-05-10,108.47994995117188,112.9417793041335,107.26640354013252,112.33044640643233,16382400
2022-05-11,107.79561614990234,112.1297043449028,107.61313101044706,108.85404945055615,14630300
2022-05-12,107.70436096191406,107.95984291176484,105.26814913265858,106.75542303292474,16318800
2022-05-13,108.66242980957031,109.72086309858621,107.63137555639733,108.9544171676672,10443200
2022-05-16,107.90510559082031,109.00003029122387,106.96529394672433,108.16058755682371,10269000
2022-05-17,111.48186492919922,112.20269301185418,110.231820234768,110.44168439507973,11160200
2022-05-18,109.57485961914062,111.29025038772608,109.06389571089534,110.67891757445244,12664900
2022-05-19,107.95073699951172,109.17340979839383,107.33027773471237,107.84124869248747,12765800
2022-05-20,107.06565856933594,109.19164449310637,104.94879899068258,109.00003301381776,13150100
2022-05-23,113.68997955322266,115.4874867863233,109.9033535949486,109.91247994067456,24376700
2022-05-24,115.2958755493164,116.32692985504482,112.33044666576684,113.47099623636282,19324900
2022-05-25,116.09882354736328,116.66453865804236,114.2100736782396,115.2228822852992,12780400
2022-05-26,118.10618591308594,118.79051562387154,116.98388908576017,117.12986884279115,15990900
2022-05-27,119.77595520019531,119.77595520019531,117.8324543156336,118.76314664492394,11177800
2022-05-31,120.65187072753906,121.49131339361824,118.35253322064814,118.78136697511225,17015000
2022-06-01,118.53502655029297,121.23583985046734,117.40359648400639,121.23583985046734,10768000
2022-06-02,120.44202423095703,120.45114361455181,117.40359876713113,118.52589554910259,8374800
2022-06-03,118.76313781738281,120.232166082545,118.60802476115114,119.72120215078823,8596000
2022-06-06,118.37077331542969,120.79786574490181,118.12442467296053,119.61169160155121,11323500
2022-06-07,118.68101501464844,118.90912489458184,117.35796657285708,117.54958499799888,6722200
2022-06-08,116.79226684570312,118.11530145901997,115.78858469477018,117.70470643043518,8422100
2022-06-09,114.33780670166016,116.8835210414605,114.30130828144978,116.21743705500437,13560100
2022-06-10,109.08216094970703,112.5950521457732,108.8722967710408,111.85597130904597,12945200
2022-06-13,105.83386993408203,107.62225075999282,104.9853008061454,106.62769491226851,16805600
2022-06-14,104.0728530883789,107.04740797750578,103.30640720604265,105.43239303323364,13357900
2022-06-15,105.30465698242188,106.70980783248368,103.26078727779048,105.49626846197576,14083500
2022-06-16,103.4980239868164,104.25535052466779,102.07462044009753,103.89037329281734,16724900
2022-06-17,103.13304901123047,104.59295100920916,102.33923099805303,103.5983951660543,30919900
2022-06-21,105.68787384033203,106.7827985063921,104.96704576665401,105.7243722573822,11680500
2022-06-22,105.09477996826172,106.0254651782583,104.3739519410687,104.82104533871876,9842700
2022-06-23,103.94511413574219,105.09478994303568,101.71876631883785,104.93967688687427,11851500
2022-06-24,107.04741668701172,107.5036365001956,102.95056471380178,103.31554195662126,14841100
2022-06-27,106.1897201538086,108.12409464854798,105.51451678619728,107.72261898930577,11280500
2022-06-28,105.67874908447266,108.8449154572212,105.47801126835951,107.36676087059284,11590900
2022-06-29,105.20429229736328,106.59119747425548,104.68420198585846,105.84299725487378,9338400
2022-06-30,102.74981689453125,104.09110412873183,101.2169181927822,103.26078080799387,15172600
2022-07-01,104.06373596191406,104.40133414825277,101.42678615597688,102.78631916895507,10573600
2022-07-05,103.66793060302734,103.75077320543755,100.61183497550743,101.96497997545549,12514200
2022-07-06,102.99594116210938,104.00850152261526,101.98338080160347,102.84866310275143,10656200
2022-07-07,105.60099029541016,105.76668250494447,104.38591643313825,104.47796610000412,10347400
2022-07-08,105.26961517333984,106.4570749427177,104.57923207646482,106.00602661918255,8807800
2022-07-11,103.88882446289062,105.1499264838336,103.29969825442022,104.52397900946649,7939500
2022-07-12,103.99010467529297,106.02443267071921,103.33654285962625,103.63110603039068,11250900
2022-07-13,103.01435852050781,103.53904935240601,101.6059712131542,102.86707343361876,12979900
2022-07-14,99.4151611328125,99.62688169568881,97.62936802808609,99.40595405887709,26204800
2022-07-15,103.9717025756836,104.8277779872601,99.11140618335536,100.48297247071328,18863900
2022-07-18,102.90390014648438,106.6319645630104,102.44364476002882,105.64701831691312,13977900
2022-07-19,105.45370483398438,105.80350339894233,103.71394015154837,104.13737423597276,11862300
2022-07-20,105.43529510498047,105.6193944335073,104.45955602249771,105.0302681546944,11667500
2022-07-21,106.15328979492188,106.34659619216161,104.35829680416785,105.34324293654501,11595900
2022-07-22,105.63782501220703,107.00938418501534,104.6344645537261,106.079666278576,7645500
2022-07-25,106.06124114990234,107.20267242104688,105.64700713218292,106.63195327400506,9394000
2022-07-26,104.40432739257812,106.39263398002949,104.04532876255603,105.47212323167749,10675100
2022-07-27,106.07965087890625,106.53990622794014,104.2938649002535,104.9474266531289,9337400
2022-07-28,105.68383026123047,106.76083310789717,104.50557769958613,106.08885721289792,10384800
2022-07-29,106.19012451171875,107.23950624273088,105.66543364621269,106.40183805900826,12944500
2022-08-01,105.13153076171875,105.95999183222055,104.08214908006299,105.39847971904375,14740400
2022-08-02,103.49301147460938,105.30641855800184,103.34572640128627,104.86457036097136,14942900
2022-08-03,104.57923889160156,105.03028724453026,102.83026686095452,104.43195378365884,14394500
2022-08-04,103.42857360839844,104.31226295899486,102.19508572825393,103.87962184483087,18033900
2022-08-05,106.55831146240234,106.9541313103834,103.14321790095592,103.58505906622764,14174600
2022-08-08,105.26039123535156,107.42358985440924,105.10390611063575,107.0093628718229,10332500
2022-08-09,106.2085189819336,106.77003105461303,105.27880825819932,105.62859978587704,10233800
2022-08-10,108.97927856445312,109.88138228419268,108.16002447283455,108.58345861950727,12847300
2022-08-11,110.59014892578125,111.56588796741094,109.82612340079928,110.3692283362109,11684900
2022-08-12,112.42196655273438,112.53243036232972,109.94579760502282,111.07802180588378,9906700
2022-08-15,112.72575378417969,112.96508856297434,111.0136031030721,111.51067978690399,8456200
2022-08-16,113.80272674560547,114.36423879216966,112.18263309208338,112.5692458714735,9555000
2022-08-17,112.84540557861328,113.37010343003465,112.01695155054455,112.57846365050901,8149300
2022-08-18,111.97091674804688,112.7349422856338,110.96756349403482,112.52322174255417,9531800
2022-08-19,109.2001724243164,111.37257805138016,108.72150999156244,111.03199361634287,13464500
2022-08-22,107.39596557617188,107.8470208080386,106.31896990420587,107.46960810663235,8967600
2022-08-23,106.33740234375,107.9667103591613,106.20853139622977,107.4144052950832,7607000
2022-08-24,106.59513092041016,107.1566429515704,105.35243598470035,106.1256685452073,9771300
2022-08-25,109.12654876708984,109.30144102845435,106.48468046996439,106.92652870607039,10758900
2022-08-26,105.55496215820312,110.45207888826077,105.49052668897629,109.96420933226625,11276200
2022-08-29,105.29721069335938,105.72985181431905,104.44113552418821,104.93821210850749,8117300
2022-08-30,105.31563568115234,106.39263154658529,104.34909660831384,105.85873363924708,10745400
2022-08-31,104.68968200683594,105.88634166884638,104.3306763829998,105.38006501209011,10738300
2022-09-01,105.40766906738281,105.51812584291544,103.01434295068418,104.28464502987832,9979800
2022-09-02,104.67125701904297,108.11396461557085,104.19259460840475,106.65956323924412,10666600
2022-09-06,104.69888305664062,105.62860081234875,103.1616319024369,105.24198801122071,9751900
2022-09-07,106.68717956542969,106.88048594799007,103.79677685353704,104.13736127964597,10647900
2022-09-08,109.17256164550781,109.34746091628433,105.51813324267334,106.11646656954242,11435000
2022-09-09,109.6972427368164,110.50729653158622,109.23698745267475,109.66962854343802,9299700
2022-09-12,110.99517059326172,111.88806700504371,110.26796637153141,111.03199186026637,8614600
2022-09-13,107.13824462890625,109.46713568096042,106.5767325148213,108.68470295536422,12904600
2022-09-14,106.88970947265625,108.47298204345559,105.7482711005089,107.42360036350111,9345700
2022-09-15,108.50059509277344,109.89056114656883,106.55831701917852,106.8897014218826,10821400
2022-09-16,107.77340698242188,108.06797015978077,106.19933434500962,108.0587630852864,14844100
2022-09-19,108.76753997802734,109.2922307589412,106.32818539124091,106.7792336358661,8201300
2022-09-20,106.62275695800781,108.33490743615872,105.52734696850821,108.07716556167395,9619000
2022-09-21,103.54822540283203,107.33152416439714,103.48378994798772,107.27629578108426,12606300
2022-09-22,102.3699951171875,104.5700151501213,102.24112417974747,104.36750167044718,11684500
2022-09-23,100.46453857421875,101.56914861975497,98.64193129679006,101.30220669338624,18138600
2022-09-26,98.30133819580078,100.89717808096239,97.62936229675792,99.41515529664942,15753600
2022-09-27,97.4360580444336,99.5716426281521,96.3314479925907,99.18502981230102,12793600
2022-09-28,99.40594482421875,100.0871277733645,97.2427461643746,97.52810222340598,12762600
2022-09-29,97.72142791748047,98.75239549789354,96.10132697590859,98.4486252545476,12713900
2022-09-30,96.193359375,99.06535502526748,96.10130971798486,97.62935368866441,15973400
2022-10-03,99.16661071777344,99.74652987154877,96.15653710199351,97.22433277643027,12248100
2022-10-04,103.80598449707031,104.00849796683595,101.12730211655519,101.81768511460761,16013600
2022-10-05,102.52430725097656,103.0444029306079,101.07546523727657,101.9299101640344,10943500
2022-10-06,100.43465423583984,102.33858755235345,100.24890775481248,101.6605994336329,11521400
2022-10-07,98.42855834960938,100.03528584554235,97.76914209134485,99.85882174101182,11681100
2022-10-10,97.50908660888672,99.66377806310258,97.07257464900184,99.12511051387837,8931700
2022-10-11,94.69499206542969,97.09115973034018,94.59282938380977,96.93327452629975,12739700
2022-10-12,96.22742462158203,97.26762324370152,94.06344359421813,94.54639573818459,13181000
2022-10-13,101.5770034790039,102.0692379719777,94.50924230993819,94.71356766606465,22398700
2022-10-14,103.2673110961914,107.02872964135005,102.83079916878575,103.98244268299449,33387100
2022-10-17,107.60457611083984,108.67263606308502,106.17430557007809,107.18664299663575,22276300
2022-10-18,110.37222290039062,111.57959609982966,108.62618215400421,111.13380177919919,21539700
2022-10-19,108.208251953125,110.36294345519173,107.42810124273932,109.58279274480604,17072000
2022-10-20,107.85533142089844,110.2514991565068,107.40953705683444,108.81194629390697,12207400
2022-10-21,113.52069854736328,113.66929431681244,108.04109226205192,108.16182676759024,20593300
2022-10-24,113.65998840332031,114.32868698341615,112.6848088788248,113.37207927024636,12624200
2022-10-25,113.95719909667969,114.48658434789148,112.27617010499864,113.16776594463039,11289100
2022-10-26,115.26673126220703,116.27906156869766,114.12436992389397,114.23582205726736,11667000
2022-10-27,115.72180938720703,117.207802330301,115.3595988287583,116.27905585514561,10727600
2022-10-28,117.09635925292969,117.28210571676807,115.21100501045373,116.36264867495325,11859500
2022-10-31,116.91059875488281,118.35015856427883,116.6412614382835,116.74342411305472,13295200
2022-11-01,119.01884460449219,119.139586170487,117.32853353829145,117.83005744084699,13386900
2022-11-02,117.92294311523438,121.07139315337622,117.61645507256875,118.55449101264836,16546100
2022-11-03,118.13655090332031,119.04671849710228,116.93847416457494,117.30996709261544,12474400
2022-11-04,121.36859130859375,121.50791179282503,119.30678702313715,120.26339482769207,14953200
2022-11-07,122.0093994140625,122.86384432711075,121.18281575686572,121.66576781086489,12011200
2022-11-08,122.08373260498047,122.65026857403308,120.86707687755958,121.88870376324391,9884100
2022-11-09,120.49555969238281,122.065129160708,120.01260760975852,121.96298066422759,9494000
2022-11-10,125.4550552368164,125.61294041142474,123.08674927460268,123.17962957568724,16351600
2022-11-11,125.65941619873047,126.46742119544659,124.24771741684684,125.55725350718201,10704700
2022-11-14,124.3684310913086,126.05874213294862,124.3684310913086,125.19501480227684,11085600
2022-11-15,123.46756744384766,126.04019933078145,122.22305047991921,125.0835773556048,14038300
2022-11-16,123.63473510742188,124.04338585325455,122.62240477804848,123.52329005730299,7893400
2022-11-17,123.09606170654297,123.42112866820347,121.92584615335107,122.59454480418864,8820200
2022-11-18,124.30341339111328,125.07427459511769,122.85457129068871,124.9814084590787,9468500
2022-11-21,123.5697250366211,124.97212715414634,123.29109825146094,124.21056239102535,7800500
2022-11-22,125.41792297363281,125.63154487529617,124.16412368307545,124.45203283487275,9185700
2022-11-23,126.75528717041016,126.77386606387293,125.25072274542514,125.32502414773276,7316200
2022-11-25,126.99678039550781,127.36827326511948,126.3652255113145,126.75529727587012,3220500
2022-11-28,124.77708435058594,126.96892641867176,124.62848152560325,126.37452929028638,9906900
2022-11-29,126.8296127319336,126.90391414839458,124.83281353639953,125.0650001485103,7925300
2022-11-30,128.3341827392578,128.3341827392578,123.69974684007548,126.39310598308394,14761200
2022-12-01,126.53243255615234,128.77999746184702,125.78013596152066,128.33418892320287,8858500
2022-12-02,125.52938079833984,125.70584490143003,123.83905535984128,124.90712234165926,8931900
2022-12-05,122.0093994140625,124.98139897263195,121.2942749518158,124.67491098672157,10154500
2022-12-06,122.21372985839844,125.48292100686781,120.61628498877958,123.88547613724896,13966700
2022-12-07,122.13015747070312,123.59757855382638,121.04352583105502,121.95369337877337,11739400
2022-12-08,123.4118423461914,123.5047084954389,122.06514855240347,122.90102892491466,8907300
2022-12-09,122.74311828613281,124.2291039101428,122.59451547226851,122.78026190382671,7957800
2022-12-12,124.6470718383789,125.05570838719136,122.22304294856372,122.9660287984385,8841600
2022-12-13,124.52630615234375,127.3218274258847,123.59755984825843,127.13608099937643,10025400
2022-12-14,123.9040756225586,126.04019543542428,123.30038188656007,124.24770729725735,9966100
2022-12-15,120.82991790771484,122.66883189689494,119.85473130821691,121.8050903356667,12087800
2022-12-16,120.07762908935547,120.64416502282072,119.2789065302331,119.94760514584937,21133700
2022-12-19,120.79275512695312,121.97226702894625,119.89186998067706,120.41196569985799,9017200
2022-12-20,121.37787628173828,122.64097202542649,120.92278541774274,121.63792415500825,8549900
2022-12-21,122.74311828613281,123.50468290698475,122.38090778455378,122.7616830092076,8051700
2022-12-22,121.35001373291016,121.94441089000601,119.26033423462137,121.75866443557845,8648200
2022-12-23,121.92583465576172,122.07443749116744,120.40269102171897,121.27571496529464,5091900
2022-12-27,122.35306549072266,122.79885982986059,121.24785492008051,122.19518029085185,5411000
2022-12-28,123.02178192138672,123.90408836460689,121.67508800265485,122.45524592368979,8827700
2022-12-29,123.72760772705078,123.77404788555819,122.88244502547478,123.45826331063586,6585200
2022-12-30,124.54489135742188,124.75849905015316,123.00316901334723,123.34680062837731,9292500
2023-01-03,125.49222564697266,126.99680465081416,124.34987139176953,125.60368486637957,11054800
2023-01-04,126.66243743896484,127.86979641097697,125.91015512911119,126.30022691305214,11687600
2023-01-05,126.63441467285156,126.9712337679233,125.09065453867694,126.92445056211861,8381300
2023-01-06,129.05760192871094,129.46927119741918,125.8297613826689,127.36415593571006,10029100
2023-01-09,128.5242919921875,129.93706729193678,128.06585383105624,129.67509854951157,8482300
2023-01-10,129.67510986328125,129.7873781123369,128.46816908102488,128.91725635347453,9048700
2023-01-11,130.63877868652344,130.7510469312383,129.20730146150316,129.95577546123752,8703700
2023-01-12,130.50779724121094,131.78957398459286,130.2551794087002,130.98495156819632,11001700
2023-01-13,133.80113220214844,134.25023377481583,126.11980785941581,126.86829620430036,20200000
2023-01-17,131.7334442138672,132.4257841296768,130.26453464158325,132.079614171772,14292900
2023-01-18,127.77581787109375,131.6679310149894,127.62611736811391,129.97448511917898,13392600
2023-01-19,126.07300567626953,127.14894769511294,124.98769845343014,126.60630835991886,13303400
2023-01-20,126.38175201416016,126.76535417915281,124.95027493623631,126.45660226168738,13092500
2023-01-23,128.43072509765625,129.0762959515266,126.1384917272453,126.41916229308102,10487100
2023-01-24,129.53472900390625,131.25624169621742,126.30688913676691,127.63544877602163,6945000
2023-01-25,130.16159057617188,130.16159057617188,128.4120107359931,129.16049889971734,8967000
2023-01-26,130.96621704101562,131.04106728740354,129.45053881127822,130.4422795925249,7487600
2023-01-27,131.28436279296875,132.16382125834866,130.75106002471506,131.55568250360858,7489900
2023-01-30,130.17098999023438,131.06916460177803,129.9651553342081,130.26454211264664,6729300
2023-01-31,130.94752502441406,131.05044233640135,129.34763122465296,130.87267477240277,9188700
2023-02-01,130.60134887695312,131.80828963524198,129.2260057484249,129.3102212097713,8841800
2023-02-02,129.99319458007812,131.41532073295403,129.1137220154868,130.98493537803006,11822100
2023-02-03,132.0047607421875,133.16491832027768,129.23537259300392,129.2821415122905,11501200
2023-02-06,132.7813262939453,133.08072734722717,131.01302986715476,131.20014838734193,8406200
2023-02-07,134.39991760253906,135.0454886099237,132.08896755279602,132.27610034281807,10447900
2023-02-08,133.45497131347656,134.76481529899135,133.11815224916865,133.4643222432914,6958000
2023-02-09,131.37789916992188,134.1098691885691,130.86331259807156,133.90403455982894,6443100
2023-02-10,131.9579620361328,132.18251278246726,129.66572848767467,130.7791027393837,6582900
2023-02-13,133.38946533203125,133.53915156673622,131.67730321334727,132.2012407253809,7134600
2023-02-14,133.9788818359375,134.5496025163554,132.48191962300058,133.32395997551347,9249400
2023-02-15,134.54025268554688,134.62445386623963,132.20123582479755,132.4912716313343,6728300
2023-02-16,132.68775939941406,134.15665460938595,132.55676074601678,133.70756735568946,8165300
2023-02-17,133.08070373535156,133.63270826864397,131.0504388852736,131.90183014250113,7948800
2023-02-21,130.63877868652344,132.23865827861601,129.81544015534394,131.63051958477524,9996300
2023-02-22,129.6376953125,130.45166878184583,128.5898201081717,129.97451438192394,11107500
2023-02-23,130.67620849609375,131.14401192635523,129.0576126247328,129.79673576300573,8068000
2023-02-24,131.8550567626953,132.25737510206838,129.9838432011359,130.15225984531403,9126900
2023-02-27,133.005859375,134.0818014299922,132.59419011966264,132.9590761821251,10014700
2023-02-28,134.11923217773438,134.5028200920271,132.762590980838,133.73562998721573,11019800
2023-03-01,133.37075805664062,134.22216370835275,132.669052925802,132.94973783338293,7139200
2023-03-02,131.98606872558594,133.25848037056855,130.55457707252458,133.08072705632748,11106800
2023-03-03,134.4092559814453,134.4841062272695,131.9953890894574,132.39769310000972,9513100
2023-03-06,133.62338256835938,134.76480983734697,133.47368204001643,134.2034542704031,9261300
2023-03-07,129.69383239746094,133.14622436860034,128.93599304306042,132.86553942498517,11747600
2023-03-08,128.92660522460938,129.66572823096433,128.0751997071969,129.1137237080717,10002500
2023-03-09,121.94699096679688,128.5056039910733,120.89911588412114,127.95358511066699,25888100
2023-03-10,125.0438461303711,126.55017368581066,119.58926377956318,120.65586212439484,37599700
2023-03-13,122.79839324951172,125.2590437169231,121.07688015329873,122.76097525882312,42901100
2023-03-14,125.95138549804688,126.80279113025775,122.83581307533757,126.56888942533567,29648100
2023-03-15,120.00091552734375,122.55513221056388,118.56944549303599,122.54576700636414,34280600
2023-03-16,122.33059692382812,123.45332230038827,117.90517333602394,119.76702898842981,24558500
2023-03-17,117.70868682861328,120.20675522063422,117.37186781641796,120.11320310827395,38396000
2023-03-20,118.95304107666016,121.13300650727749,117.89580802374506,118.81269863718325,22875500
2023-03-21,122.1434555053711,123.2474645403905,121.80663652793339,122.1808734912086,17807800
2023-03-22,118.99047088623047,122.24638563016478,118.89691163560127,122.1528192414223,17250200
2023-03-23,118.67236328125,121.18914786159336,117.90516598951037,119.66411134480128,16677600
2023-03-24,116.86663818359375,117.58705221329184,115.18254324154104,117.54026902230208,22311100
2023-03-27,120.21613311767578,121.04882266959832,118.15779369937182,118.62559713924354,18853900
2023-03-28,120.58100128173828,121.0113723876736,119.51440303052466,120.42194984900343,10820500
2023-03-29,120.82425689697266,121.83471391494763,119.54247306094258,121.72244567169248,14595300
2023-03-30,120.45938110351562,121.7411579107486,119.43021500326368,121.58210646049707,12134700
2023-03-31,121.91890716552734,121.94697422451513,120.55292937403752,121.31076851915829,13105200
2023-04-03,121.7785873413086,122.97616293101143,121.07688222501895,121.54468563587872,11775400
2023-04-04,120.15061950683594,122.18088448148947,119.20566181001996,122.09668329861232,11579900
2023-04-05,120.32978057861328,120.8389669536897,119.24538726608121,119.56599382186522,9614700
2023-04-06,120.19776153564453,120.77296124692943,119.62256182435962,119.7545741652316,8760200
2023-04-10,120.59380340576172,120.91440276244276,119.01907956625192,119.32082309953603,9477300
2023-04-11,121.1878662109375,121.5839032496469,120.26377259314896,120.98041618281354,10516300
2023-04-12,121.16900634765625,122.98889191016728,120.7541062806077,121.81020507799164,11821000
2023-04-13,121.63104248046875,121.67817843760622,119.59426842049776,121.13128047338309,12450200
2023-04-14,130.8153533935547,131.18310304792885,127.20385581943688,127.4395931462989,43931300
2023-04-17,131.8526153564453,132.06948968813182,129.8064169001238,131.96576467936595,16050500
2023-04-18,133.3330535888672,133.6913790032315,131.0982678773724,132.26753043753607,13760100
2023-04-19,133.16334533691406,133.4273700771713,132.39011974882555,133.17276965325567,9158100
2023-04-20,132.7767333984375,133.3613575573072,131.86207111798498,131.92808449760926,10586200
2023-04-21,132.5220947265625,133.05958276003037,130.86250905774665,131.76774676054222,11842500
2023-04-24,132.70127868652344,133.0501797844417,132.05064123145874,132.44669268188136,7567500
2023-04-25,129.8158416748047,131.97520384997313,129.77813002978598,131.63574149174107,10629300
2023-04-26,127.51504516601562,129.94785637957352,126.35522141606036,129.7686936888759,14416100
2023-04-27,129.23121643066406,130.04215347942045,127.92051735760889,128.2411166961655,9041100
2023-04-28,130.3533172607422,130.42875493182524,127.92993063759218,128.76915494452732,9887300
2023-05-01,133.14447021484375,135.1906689599989,132.79558349441368,134.14399441044077,20415800
2023-05-02,130.99452209472656,134.2854205089996,130.5324717330302,133.33303245614235,14113400
2023-05-03,128.22225952148438,130.7587957914702,128.01480949572795,130.54192145118535,12930900
2023-05-04,126.4683837890625,127.97710876170699,124.29017272115445,127.26047231324809,17089200
2023-05-05,128.9388885498047,130.01385014366008,128.15623892795833,128.65600089073453,11261400
2023-05-08,129.25009155273438,130.0987403256374,128.69374042693596,129.6461286059736,7484900
2023-05-09,128.6277313232422,129.13691766926044,127.49619491899472,128.1751052509304,7343600
2023-05-10,128.69371032714844,130.18357187702748,127.17556145067314,130.07984688341995,8133400
2023-05-11,128.28826904296875,129.00490540884266,127.20386859751291,127.29816929303638,7057300
2023-05-12,126.44950866699219,129.17463160685887,125.53484668204335,129.01433195019197,9988600
2023-05-15,127.51504516601562,127.92994521010141,126.31750977035537,126.60982178643413,7639500
2023-05-16,126.65697479248047,128.1845482702446,126.31751242094772,127.73193657095642,6477200
2023-05-17,130.55133056640625,130.6833428957667,127.73192130615077,128.14680692109457,12711500
2023-05-18,131.5414581298828,131.75833249091602,129.90072078418527,130.3816342482053,10999600
2023-05-19,131.23968505859375,132.47496080671468,130.24959974090308,131.8148847439004,13492200
2023-05-22,130.15530395507812,133.55935184954785,129.80641728286687,132.95586481174857,11402500
2023-05-23,128.79747009277344,131.09826919885072,128.6748964405192,129.69326924944642,9514900
2023-05-24,127.61878204345703,128.57117024819183,127.3736203529132,127.6753567114081,8578000
2023-05-25,127.92993927001953,128.49571464718738,126.90212791015465,127.12844093867488,8472500
2023-05-26,129.12750244140625,129.74985254342872,127.8922409405316,128.34485265642655,8579900
2023-05-30,129.61781311035156,129.86297474101355,128.25996385811655,128.99546313836652,7399900
2023-05-31,127.96768951416016,129.0332127195796,126.73241351990082,128.92948769374922,14219900
2023-06-01,129.73097229003906,130.34388360746337,127.72248558592402,128.7314482889397,12248100
2023-06-02,132.4561309814453,133.40850489420558,131.39059333307355,131.59804339538078,12922500
2023-06-05,131.1548309326172,132.1166433664904,130.24960754989695,132.1166433664904,8511900
2023-06-06,131.39059448242188,132.10724539057725,130.32507121299838,130.76824429005615,9329500
2023-06-07,132.6635284423828,133.2104407181346,130.90964231264883,131.5885669040467,9281400
2023-06-08,132.70127868652344,132.8521540592304,131.52259181525187,132.6447040188252,7368100
2023-06-09,132.96530151367188,133.71023966320723,132.21095343734322,132.34296578952745,7249100
2023-06-12,132.95587158203125,133.25762231042938,131.78660909188844,133.02188494946833,7596600
2023-06-13,133.91769409179688,134.71919254624376,132.1449444001086,132.4655437818874,7701600
2023-06-14,133.41790771484375,135.416955717669,132.6729696764788,134.84175604293426,9068700
2023-06-15,134.92662048339844,135.2189324829067,132.0411977436176,132.56924708315066,9343100
2023-06-16,135.08694458007812,135.75644507767225,134.37030811656624,134.88893323607326,13813500
2023-06-20,134.39857482910156,134.84176219156166,132.99357506425298,134.47401250656986,8428600
2023-06-21,134.20057678222656,135.8035880191667,133.60651400610226,134.74747481847157,9926500
2023-06-22,131.61688232421875,134.46459361332046,131.0228195828729,134.19113022294022,10075200
2023-06-23,130.92852783203125,131.23968846733484,129.7686897292003,130.63620143660617,9919500
2023-06-26,131.24913024902344,132.02234128078595,129.83470613866817,130.94737953244658,8429700
2023-06-27,131.2585906982422,131.86207790926724,130.63624046517165,131.0700036425975,8154000
2023-06-28,130.68336486816406,131.26800332928536,130.0893164802942,131.22085297767228,7558600
2023-06-29,135.24722290039062,135.36981092424716,131.87147677583985,132.07892679085904,15423200
2023-06-30,137.142578125,137.6706275449675,135.4641291594173,136.3505039950488,14212800
2023-07-03,138.24581909179688,139.06618050698506,137.6706193532151,137.84978205038647,8021600
2023-07-05,137.3249053955078,138.0749451752303,137.0590674112707,137.60973594635718,8934900
2023-07-06,135.96719360351562,136.13808319116896,134.28670688952792,135.78680049182867,9709500
2023-07-07,137.0400390625,138.46417695781037,135.76781268625524,136.631793152976,8981500
2023-07-10,137.80908203125,138.60661032544056,137.1919613563135,137.1919613563135,9100100
2023-07-11,139.96426391601562,140.34404269550896,138.34075490580383,138.9388829420023,11260900
2023-07-12,140.65731811523438,142.29033039215741,139.5654850811986,139.99272346464403,11323200
2023-07-13,141.34092712402344,141.81563973153297,140.2775755190674,141.17952657591968,11234900
2023-07-14,142.1954345703125,145.15763693987807,140.9042155525643,143.88541048495756,27028400
2023-07-17,145.6228485107422,145.9741312150365,142.7460911813732,142.7460911813732,17262400
2023-07-18,145.88870239257812,146.59126787808688,145.09118857747467,145.6228644542103,13491700
2023-07-19,146.4488525390625,147.3603072014654,144.52152033884386,145.02471458892575,12510000
2023-07-20,148.2527313232422,148.6704807070213,146.60074083457866,146.71466721667184,9935900
2023-07-21,147.1134490966797,148.24326753512224,146.866603731077,147.92046640616167,10636400
2023-07-24,150.0092010498047,150.7592406807382,146.90457618688498,147.13244347977806,14381400
2023-07-25,148.88885498046875,149.74333179770247,148.07234879390148,149.3445749838549,9944700
2023-07-26,149.7813262939453,150.2465498944333,148.37618094215227,148.7844413440254,8728600
2023-07-27,148.1293487548828,150.74975753368724,147.68311767662203,149.7908431352339,10778400
2023-07-28,148.97430419921875,149.62940987256772,148.52807321844705,149.32558686988142,9103800
2023-07-31,149.9712371826172,151.31941946384197,149.20219046703477,149.2306720690473,8892700
2023-08-01,149.2306671142578,150.0092028423015,148.252760178746,149.46802344786906,6853900
2023-08-02,147.54067993164062,147.8160213704071,146.15452716177566,147.6925914504718,8299400
2023-08-03,148.442626953125,148.9837917515376,146.54377666648227,147.16089721480998,6084000
2023-08-04,148.1293487548828,149.8193247370734,147.8255256858196,148.49012054054376,6209400
2023-08-07,148.8319091796875,149.72437130580704,148.6800121374116,148.6800121374116,7251800
2023-08-08,147.9964141845703,148.09134801833522,144.87279696598554,146.5153130967039,8623400
2023-08-09,146.0121307373047,147.6546471645129,145.70832213250495,147.4647649756278,6277800
2023-08-10,145.79373168945312,147.5786557049347,145.34750068558273,146.57226730882834,5995100
2023-08-11,146.6387481689453,146.70521489985458,144.91080149736683,145.29056585744866,5180700
2023-08-14,146.9425506591797,147.08495865248776,145.18610814395512,145.84121388733163,5044300
2023-08-15,143.20181274414062,145.51841268094154,142.63215179712807,145.11965581286464,10300300
2023-08-16,142.59420776367188,143.3252694017396,142.1099915222519,142.98347566718297,6978200
2023-08-17,141.1130828857422,143.61006150117097,140.89470464237237,143.24928974883994,9953900
2023-08-18,141.43589782714844,141.93909211178894,139.9832781772117,140.18264939115832,8517500
2023-08-21,141.9200897216797,142.50874325862085,140.53393689708872,142.08149028415505,8327000
2023-08-22,138.97686767578125,142.071988662852,138.47367347055058,141.7112024451096,9673300
2023-08-23,139.91677856445312,140.12565325469487,138.10338755310423,138.9483753501447,7858000
2023-08-24,139.7838897705078,141.8536445600735,139.55603695897915,140.04023867055867,6534000
2023-08-25,139.6129913330078,141.10358150012652,138.47368388616877,139.8313550926076,6695500
2023-08-28,140.09716796875,141.0940672391732,139.68892212217264,140.10667149165116,5094100
2023-08-29,141.2364959716797,141.32195525496348,139.73640232764055,140.23961104180609,6337000
2023-08-30,140.66683959960938,141.60676126579398,139.74589600652436,141.10356707415934,6277300
2023-08-31,138.9293975830078,140.8472406307521,138.5781148788713,140.7617813486793,10933900
2023-09-01,139.39463806152344,140.59090879765037,138.331271808996,138.7015471192554,7903500
2023-09-05,137.85655212402344,140.71433157905065,137.6761589971782,139.7174321060663,7854700
2023-09-06,137.6287078857422,138.17936185121528,136.8216905271354,137.38184801803206,8629200
2023-09-07,136.451416015625,137.92302824387778,136.13810390351324,136.8406838961652,8373700
2023-09-08,136.55584716796875,136.83117413978792,135.43551774351775,136.11910514116357,7107900
2023-09-11,137.1539764404297,137.7141338547047,136.4229149498033,137.42930338550536,6854200
2023-09-12,138.9388885498047,139.86933573180843,136.76471108688352,137.19194955486336,8363200
2023-09-13,139.00535583496094,140.23010804641115,138.445198408293,139.88831437322602,8325900
2023-09-14,141.7017059326172,142.31882649528134,140.05920445289576,140.36301297253587,10034900
2023-09-15,141.28399658203125,142.157466243272,140.80928386480807,141.38843395930365,19863400
2023-09-18,141.5782928466797,141.59728540862577,140.27758485143556,140.6668526923895,6512400
2023-09-19,141.3979034423828,142.14795754462602,139.7649052491013,141.93908281896947,7943400
2023-09-20,140.79977416992188,142.65115059807147,140.6478626457967,142.08148962614223,7332000
2023-09-21,139.6984405517578,141.32196421800222,139.21423885547892,140.1161900091344,8052400
2023-09-22,138.3597412109375,140.0497170407574,137.8470579369692,139.84084232137923,7071700
2023-09-25,139.04335021972656,139.10981695309724,136.43243030800144,137.99899094728588,7044700
2023-09-26,137.60020446777344,138.46418498457916,136.93560964218466,137.28690686127354,7468400
2023-09-27,138.4072265625,138.70154610348905,137.20145230988828,137.84706908209623,6717800
2023-09-28,140.12567138671875,141.34093456697204,138.6255777295449,138.8819266074814,8868100
2023-09-29,137.68565368652344,141.23649484657244,137.5337421697621,141.0845978168907,11917800
2023-10-02,136.49888610839844,138.25531430699093,135.416541792985,137.50527465765012,9170600
2023-10-03,135.49249267578125,136.32797709928644,135.15069898391258,135.95770180701876,9431100
2023-10-04,136.10011291503906,136.21403930710827,134.75191633584978,135.94820140089388,8128700
2023-10-05,136.67398071289062,136.86527858338553,134.6941761802794,135.85144948928954,8576200
2023-10-06,138.7781524658203,139.5241675241463,135.94711011049571,136.68356611206667,10270600
2023-10-09,138.46249389648438,139.06503538917525,137.24782266878182,137.40085510253473,6964900
2023-10-10,139.3041534423828,140.3753659642521,138.95027868277074,139.08417842375724,11288800
2023-10-11,139.78236389160156,140.81531096828093,138.70160694726084,140.126679583828,8698200
2023-10-12,139.4571990966797,140.55710348194327,138.80683303427986,139.9258555315115,10484400
2023-10-13,141.5518035888672,146.43916712086366,141.39877110945903,142.03001914153228,29427000
2023-10-16,141.4083251953125,143.00556316894136,140.3275535257519,142.93860599572187,12663500
2023-10-17,141.1022491455078,142.80469497559815,140.39448502750164,141.14051455403643,11482700
2023-10-18,139.55284118652344,141.0544301651543,139.0363603091508,140.20320721701887,9620300
2023-10-19,138.95985412597656,140.61449027027763,138.5677285058278,139.14157835174203,11143600
2023-10-20,136.7218017578125,138.81638787908034,135.92796231586297,138.27122982495726,13332900
2023-10-23,134.85678100585938,137.42000927093127,134.5985405303848,136.71225961856544,10133400
2023-10-24,135.01934814453125,135.55494711247462,134.2446414520433,135.03848084880846,8881400
2023-10-25,134.2828826904297,135.02889757028947,133.43165983551395,134.445488774224,8242600
2023-10-26,134.627197265625,135.49755281629453,133.35514252094862,133.6707664435203,9109400
2023-10-27,129.77810668945312,133.03953944875872,129.29989125591192,132.89606606231024,17434700
2023-10-30,131.43272399902344,132.02570644847643,130.1128447725879,130.49542586415146,9855500
2023-10-31,133.00128173828125,133.1734468931873,131.4805600741699,131.7101087493854,9672500
2023-11-01,132.88650512695312,134.40722668153956,132.43698145826758,133.18299635651664,9432000
2023-11-02,135.25843811035156,135.31582162167172,133.16385238331318,133.98638343151148,10186200
2023-11-03,136.76962280273438,137.5060787041398,135.66973307233147,135.99491608553157,9538700
2023-11-06,137.8025665283203,137.90777451161767,136.56876248838046,136.93221090231273,7625100
2023-11-07,137.735595703125,137.97470340564038,136.59745529809166,137.25738029809426,6297900
2023-11-08,138.4146728515625,138.52943988272057,137.36259308602519,137.8312494532148,7618200
2023-11-09,138.00341796875,139.30416466915295,137.43912720011375,139.10332233847555,7992500
2023-11-10,140.05015563964844,140.09798009864875,137.80255200639266,138.62508308168,7983300
2023-11-13,139.42849731445312,139.87802101103242,138.83551481853044,139.35198109014414,6676300
2023-11-14,141.9726104736328,142.74731719674958,140.13626482780626,140.2892826861417,9927700
2023-11-15,143.21595764160156,143.61765683865394,141.99172734754396,141.99172734754396,8365300
2023-11-16,144.85142517089844,144.92794137742246,143.55067884793854,143.55067884793854,8126200
2023-11-17,146.16177368164062,146.20002449538472,144.93752873217457,145.56877661377965,7812400
2023-11-20,146.6112823486328,147.05124697230633,145.30097672048066,145.45400916297382,7019000
2023-11-21,146.30523681640625,146.93648471673993,145.92267029170688,146.52521183840952,7083500
2023-11-22,146.64955139160156,147.1755913044763,146.23827851645316,146.72606761474492,5174500
2023-11-24,146.85040283203125,147.7111994503958,146.60173603684765,146.89822729871454,3496900
2023-11-27,146.51564025878906,146.8408232363841,146.05655754959744,146.74517431639677,6259100
2023-11-28,146.85040283203125,147.1660267993671,146.06613703554254,146.54435251441902,6582700
2023-11-29,147.596435546875,148.8493577931611,147.29037062877043,147.45296214377154,9126100
2023-11-30,149.27972412109375,149.32754858088393,147.6537946460609,148.16070181308922,9869800
2023-12-01,150.00662231445312,150.98218594127536,149.0310732816086,149.0310732816086,8916000
2023-12-04,151.1065216064453,151.16390512482474,149.0884518442318,149.2223515851095,9607500
2023-12-05,151.08740234375,151.59430959316785,150.13097136839878,150.40832992990008,9135600
2023-12-06,149.4997100830078,152.28292747550225,149.2032188421399,151.91947906722433,9366000
2023-12-07,149.9588165283203,150.4561647560583,149.3467012457118,149.86318218058807,8130900
2023-12-08,151.61343383789062,151.86210062377233,150.14052204542065,150.4083215360556,7369400
2023-12-11,152.1681671142578,152.35945038185653,151.2595460537026,151.613435422437,8093900
2023-12-12,153.52626037597656,153.65058644333777,151.9577146084083,152.29245659773377,10223000
2023-12-13,154.0427703857422,154.9705095983316,152.80898085024555,153.52630408097065,12379100
2023-12-14,156.84510803222656,157.65806553818322,154.66444675487165,154.7792137924238,13643000
2023-12-15,158.03106689453125,158.07889135632146,155.3148067549771,155.97474638334256,20309300
2023-12-18,158.98751831054688,159.84831495213632,158.4136684767992,158.69102704068044,8469600
2023-12-19,161.11077880859375,161.12991151250628,158.3371350943328,158.7675260715144,10345700
2023-12-20,159.29356384277344,162.028956706584,159.1979149184676,160.670826626507,10734700
2023-12-21,160.2021942138672,160.76648500734913,158.46148277013492,159.57094624455908,7601700
2023-12-22,160.1065216064453,160.90036097886082,159.9439301100195,160.2021705309202,6576300
2023-12-26,161.05340576171875,161.41685418980157,159.89611790038964,160.16393199064615,4683600
2023-12-27,162.01939392089844,162.08635109119726,160.278697214841,160.52736400314126,6428600
2023-12-28,162.8801727294922,163.22448841091332,161.63680973580614,161.9715663627903,6320100
2023-12-29,162.6888885498047,163.25317923184892,162.2393648962505,162.59323963007887,6435100
