Date,Close,High,Low,Open,Volume
2000-01-03,13.614947319030762,14.007395911375328,13.343252139715291,14.007395911375328,10997000
2000-01-04,13.630047798156738,13.72061289980562,13.433823411250827,13.614953614548591,7308000
2000-01-05,13.750794410705566,13.871547819361599,13.53947594555751,13.630041002049536,9457400
2000-01-06,13.765888214111328,13.931924146518373,13.660228984397754,13.75079403843796,7129200
2000-01-07,14.67153549194336,14.67153549194336,13.977203565369908,13.977203565369908,11474000
2000-01-10,14.203628540039062,14.716830846480432,14.188534354555493,14.671548290029722,8723800
2000-01-11,14.68664264678955,14.792301946406742,14.520606604533965,14.520606604533965,9398000
2000-01-12,14.852680206298828,14.928151142306444,14.596079023872933,14.686644147082074,8389800
2000-01-13,14.626260757446289,14.837579282321675,14.596072396749806,14.837579282321675,6106000
2000-01-14,14.7470121383667,14.958330633696416,14.656447068939679,14.656447068939679,7513200
2000-01-18,15.697945594787598,15.697945594787598,14.747012352026427,14.747012352026427,18350800
2000-01-19,15.75832462310791,15.75832462310791,15.471535190311887,15.697947900414011,12813400
2000-01-20,15.909266471862793,15.924360652576134,15.728136303302685,15.758324664729368,11539800
2000-01-21,16.150774002075195,16.150774002075195,15.879078738488884,15.909267101109585,11385800
2000-01-24,15.667757987976074,16.120583363351106,15.350780225213551,16.120583363351106,11306000
2000-01-25,15.909266471862793,15.954549014002819,15.18474579762236,15.667759580449315,9718600
2000-01-26,15.230031967163086,15.818705155190202,15.154561045621147,15.818705155190202,23723800
2000-01-27,14.36965560913086,15.13945858819144,14.113054616110665,15.13945858819144,17550800
2000-01-28,13.750794410705566,14.384749806149731,13.750794410705566,14.369655630067728,10875200
2000-01-31,13.871556282043457,14.188534173145648,13.66023768797533,13.750802799718814,10734600
2000-02-01,14.037590980529785,14.097967715929913,13.599859648878855,13.871554958179432,8114600
2000-02-02,13.614947319030762,13.977207558118055,13.539476435887575,13.977207558118055,7164000
2000-02-03,13.343259811401367,13.705520258769731,13.297977255480323,13.61495514692764,9464400
2000-02-04,13.58476734161377,13.947027804056802,13.297977808846367,13.343260366651746,11501800
2000-02-07,13.735695838928223,13.916825893947056,13.418718242645264,13.584754126412527,7742800
2000-02-08,13.811174392700195,13.977210369005881,13.705515135051124,13.735703494379429,8261200
2000-02-09,13.765888214111328,13.94701832219174,13.705511511417857,13.81117074113143,7948600
2000-02-10,13.690417289733887,13.85645322158292,13.584758060375412,13.765888167847084,8031000
2000-02-11,13.418729782104492,13.509294887495525,13.252693755554269,13.509294887495525,7688600
2000-02-14,13.071562767028809,13.343258067036336,12.99609185036005,13.343258067036336,7134000
2000-02-15,13.44891357421875,13.464007753314394,12.860240589488637,13.071559096827652,7850800
2000-02-16,12.935714721679688,13.388540207852838,12.860243807317495,13.388540207852838,6869200
2000-02-17,12.633827209472656,12.935710774812504,12.362132000666794,12.935710774812504,11661000
2000-02-18,12.407419204711914,12.633831963921986,12.256477365238533,12.633831963921986,11443400
2000-02-22,12.497984886169434,12.709303471201284,12.19610119326679,12.40741977829864,10543000
2000-02-23,12.377226829528809,12.422509366710011,12.075343248320788,12.422509366710011,11021600
2000-02-24,12.03005599975586,12.1960919043949,11.667795844179773,12.1960919043949,15451600
2000-02-25,11.758367538452148,12.24138135261193,11.607425721527218,12.030062808917025,10905200
2000-02-28,11.909310340881348,11.999875438530635,11.486673218518005,11.758368511465868,10790800
2000-02-29,11.743274688720703,11.78855723893428,11.501767754248299,11.78855723893428,10346200
2000-03-01,12.316848754882812,12.40741381925695,11.87911761040781,11.87911761040781,15612200
2000-03-02,11.984781265258789,12.513077668639214,11.924404533443884,12.31685329024077,11358600
2000-03-03,12.105531692504883,12.165908409175731,11.848930646653782,11.984778259163189,9010600
2000-03-06,11.833836555480957,11.95458998972056,11.667800583401505,11.95458998972056,7866000
2000-03-07,11.381011962890625,11.833837372554708,10.822527290971589,11.833837372554708,23440200
2000-03-08,11.471575736999512,11.607423344411348,11.079127093365317,11.38101066539162,14441600
2000-03-09,11.290444374084473,11.486668674703587,11.079125896494656,11.471574497732886,12389400
2000-03-10,10.988566398620605,11.260261721663422,10.64140015251034,11.260261721663422,14059200
2000-03-13,10.605551719665527,10.741908813204084,10.45404383795602,10.741908813204084,15646400
2000-03-14,10.499503135681152,10.74191590649053,10.39344754845205,10.605558722910255,11162000
2000-03-15,11.529749870300293,11.590353023363631,10.54494863302103,10.54494863302103,22138200
2000-03-16,12.060030937194824,12.090332522464157,11.772165877136153,11.772165877136153,17610200
2000-03-17,11.908525466918945,12.10548581179165,11.817620692362313,12.060033424513334,14530800
2000-03-20,11.772164344787598,11.878219879425323,11.650958019487339,11.878219879425323,6755200
2000-03-21,11.984277725219727,12.044880899557121,11.484301536936224,11.772166615038847,8575800
2000-03-22,11.408543586730957,11.87821802390049,11.196432550589877,11.87821802390049,11884200
2000-03-23,11.393386840820312,11.7267040090358,11.257029817459431,11.408537621193743,10333800
2000-03-24,11.393386840820312,11.438839181940606,11.241879037086,11.393386840820312,8769200
2000-03-27,10.969170570373535,11.423694212792327,10.969170570373535,11.393392636631075,10535400
2000-03-28,10.878267288208008,11.272187830677936,10.878267288208008,10.969172028777992,13673000
2000-03-29,11.363089561462402,11.408541919708252,10.984319909413657,10.984319909413657,16292600
2000-03-30,11.772164344787598,12.105481739363308,11.423696159549355,11.423696159549355,18795200
2000-03-31,11.378246307373047,11.802468539871644,11.378246307373047,11.772166951836029,8857000
2000-04-03,11.953970909118652,12.105478778689232,11.453994939535743,11.453994939535743,14186800
2000-04-04,12.69636058807373,12.69636058807373,11.681257772559482,11.953971961802116,27390200
2000-04-05,11.544899940490723,12.347891668635091,11.484296791196808,12.347891668635091,20256600
2000-04-06,11.090373992919922,11.620651437936584,10.84796144662659,11.544897517219917,20675000
2000-04-07,11.196438789367676,11.257041976319599,10.847970464394121,11.090383212201811,12374000
2000-04-10,10.908565521240234,11.438843011856079,10.8782639503479,11.196430444717407,12903000
2000-04-11,11.438850402832031,11.575207559951883,11.075231317179092,11.075231317179092,12096400
2000-04-12,11.757011413574219,12.1054795353683,11.560051170821042,11.560051170821042,15586400
2000-04-13,11.454000473022461,11.787317947105125,11.423698884469491,11.757016358552155,8892800
2000-04-14,11.393386840820312,11.529743864181194,11.166125135218843,11.453989962314036,9488200
2000-04-17,11.757011413574219,11.7873129893824,11.211583049026961,11.393392503876047,10710200
2000-04-18,11.787314414978027,11.908520732869832,11.241885984464904,11.757012835505076,13001000
2000-04-19,11.923670768737793,12.044877078966385,11.620654993166312,11.787313669730626,10073200
2000-04-20,11.984277725219727,11.984277725219727,11.635809472779709,11.923674550882332,8278600
2000-04-24,12.029726028442383,12.226686278278342,11.878218143953184,11.984273663095623,9377600
2000-04-25,12.241830825805664,12.241830825805664,11.681251938980404,12.029719895655566,8711600
2000-04-26,11.984277725219727,12.15093645464756,11.847920582960588,12.15093645464756,9536200
2000-04-27,11.696409225463867,11.908520273594041,11.499448966485849,11.908520273594041,9023200
2000-04-28,11.454000473022461,11.726714769999186,11.332794118810583,11.696413181446216,7568800
2000-05-01,11.211585998535156,11.393395501214105,11.211585998535156,11.393395501214105,7754000
2000-05-02,11.211585998535156,11.529752628223315,11.135832039085594,11.211585998535156,9209400
2000-05-03,11.757011413574219,11.832765353094672,11.18128147321878,11.211583049026961,14397400
2000-05-04,11.757011413574219,11.923670080519214,11.4691464433965,11.757011413574219,6842400
2000-05-05,11.408543586730957,11.635805411167828,11.332789645252,11.635805411167828,5999200
2000-05-08,11.757011413574219,11.757011413574219,11.544900382916952,11.544900382916952,6013000
2000-05-09,12.241830825805664,12.423640194505749,12.1054737992806,12.1054737992806,22386000
2000-05-10,12.802419662475586,12.847872039975499,12.241840339976655,12.241840339976655,21062000
2000-05-11,12.984230041503906,13.044833215559933,12.847872899877844,12.847872899877844,15919400
2000-05-12,12.666056632995605,12.84786605834961,12.484247207641602,12.84786605834961,7498200
2000-05-15,12.544858932495117,12.787271665490193,12.363049382748812,12.666065298992654,8056600
2000-05-16,11.863068580627441,12.30244149102105,11.787314630559578,12.30244149102105,16476600
2000-05-17,11.696409225463867,11.923671062746196,11.635806068855246,11.863067906137575,8448600
2000-05-18,11.984277725219727,12.090333280310166,11.681261853532755,11.696412647117103,8098600
2000-05-19,12.135780334472656,12.196383482210347,11.893367743521893,11.984272465128429,10053600
2000-05-22,12.287288665771484,12.287288665771484,11.984272915690807,12.135780790731145,9716400
2000-05-23,12.120628356933594,12.166080713272095,12.044874429702759,12.166080713272095,7210000
2000-05-24,12.772111892700195,12.863016603680268,12.166080486166377,12.166080486166377,10788000
2000-05-25,12.772111892700195,12.832715033353576,12.605453255903395,12.772111892700195,7731800
2000-05-26,13.226640701293945,13.332696239563198,12.908474086486187,12.908474086486187,12380200
2000-05-30,13.059974670410156,13.33268875865538,12.863014495566384,13.226633279893349,7451200
2000-05-31,12.938773155212402,13.059979461116031,12.787265272832865,13.059979461116031,5541000
2000-06-01,12.908467292785645,13.241784523350532,12.86301494316316,12.938768859200636,5993800
2000-06-02,12.741815567016602,12.908474272411588,12.635760027219794,12.908474272411588,6324800
2000-06-05,12.60545539855957,12.817566426900717,12.544852247604958,12.74181248820745,4837400
2000-06-06,12.560004234313965,12.590305812683841,12.378194764094703,12.590305812683841,6609200
2000-06-07,12.847868919372559,12.908472074652618,12.575154720612291,12.575154720612291,6865200
2000-06-08,12.802419662475586,12.847872039975499,12.57515777497602,12.847872039975499,7779000
2000-06-09,12.681207656860352,12.938771014287623,12.635755299667302,12.802413942708478,4966000
2000-06-12,12.756965637207031,12.953925914266048,12.666060893949023,12.681211684492025,4122600
2000-06-13,12.980706214904785,13.13270511671866,12.8439072032723,12.8439072032723,5626200
2000-06-14,12.889505386352539,13.163103378043985,12.737506502079514,12.980704716916355,10165800
2000-06-15,13.58869743347168,13.649496974561039,13.08710121948447,13.08710121948447,20672400
2000-06-16,13.497501373291016,13.664700151563764,13.406302039687699,13.588700706894333,14330400
2000-06-19,13.239107131958008,13.345506385601757,13.132707878314257,13.345506385601757,6989800
2000-06-20,12.874305725097656,13.041504500748275,12.813506170315613,13.041504500748275,6947800
2000-06-21,13.011104583740234,13.208703134661523,12.88950547548098,12.88950547548098,8780600
2000-06-22,13.64950942993164,13.740708824786418,12.889514472808498,13.011113665948201,11664600
2000-06-23,14.075098991394043,14.181498227830067,13.52790291829449,13.649502045649946,15346000
2000-06-26,14.348692893981934,14.409492440142873,13.983895617016291,14.075094936257702,9900400
2000-06-27,14.075098991394043,14.318297246104954,13.98389964587745,14.318297246104954,10429600
2000-06-28,14.60329532623291,14.804693882644656,14.19669824064693,14.19669824064693,18989000
2000-06-29,14.363896369934082,14.637494396028064,14.287896918241309,14.603294642766317,12743200
2000-06-30,13.968698501586914,14.303096071809886,13.67990060003071,14.303096071809886,19122800
2000-07-03,14.151095390319824,14.227094828506289,14.059896064496066,14.059896064496066,7707200
2000-07-05,14.287897109985352,14.394296343783115,14.16629798564505,14.16629798564505,6960400
2000-07-06,14.33349609375,14.33349609375,14.059898077114264,14.287896424310711,5041200
2000-07-07,14.287897109985352,14.409496234325651,14.196697766730125,14.333496781612963,5043200
2000-07-10,13.999103546142578,14.2727016610509,13.923104069779153,14.2727016610509,6447200
2000-07-11,13.664697647094727,13.983895256203725,13.57349833020644,13.983895256203725,8134200
2000-07-12,13.64950942993164,13.740708824786418,13.436710841937161,13.664709329074103,7153800
2000-07-13,14.090303421020508,14.135903108467176,13.72550592144716,13.72550592144716,8450600
2000-07-14,14.014297485351562,14.211896039917258,13.862298597224106,14.090296929415292,4648000
2000-07-17,13.945903778076172,14.014303306143029,13.755905089001564,14.014303306143029,7003000
2000-07-18,14.151095390319824,14.28789437905546,13.771098199387497,13.945896907216367,7595200
2000-07-19,14.713493347167969,14.743893126810878,14.287896432167242,14.287896432167242,16435400
2000-07-20,14.713493347167969,14.759093016632333,14.561494448953423,14.713493347167969,9225600
2000-07-21,14.800895690917969,14.895895021411665,14.679296547886036,14.713496306863767,8141200
2000-07-24,14.40949535369873,14.591894029062006,14.363895684857912,14.591894029062006,6808200
2000-07-25,14.40949535369873,14.424695243312337,14.303096126403487,14.40949535369873,4664400
2000-07-26,14.303092002868652,14.591889822267701,14.257492347174066,14.409491199489354,10162400
2000-07-27,14.698298454284668,14.880697194151697,14.51589971441764,14.51589971441764,9117200
2000-07-28,15.245487213134766,15.321486650887183,14.607091936014466,14.698291261317367,13619000
2000-07-31,14.911093711853027,15.169491869958534,14.895893820199763,15.169491869958534,8017000
2000-08-01,15.321496963500977,15.564695328000992,14.911099723407201,14.911099723407201,9321400
2000-08-02,15.306288719177246,15.336688498162703,15.139089934757237,15.321488608669975,6662400
2000-08-03,15.321496963500977,15.503895736875988,15.093498496782212,15.306297065719725,6653400
2000-08-04,15.108694076538086,15.230293224035375,14.86549578154351,15.230293224035375,6006600
2000-08-07,14.926290512084961,15.01748984311603,14.865490958064248,15.01748984311603,4263600
2000-08-08,14.81989860534668,15.169496213472806,14.713499333308294,14.926297877385066,6135800
2000-08-09,14.546294212341309,14.698293106932127,14.515894433423146,14.698293106932127,7111600
2000-08-10,14.835094451904297,15.017493154181809,14.607096074057408,14.607096074057408,6214800
2000-08-11,15.139082908630371,15.260681968137442,14.835085259862693,14.835085259862693,6165400
2000-08-14,15.336685180664062,15.382284839278524,15.139086660001395,15.139086660001395,5329400
2000-08-15,15.078288078308105,15.215087062889529,14.987088755253822,15.215087062889529,4402600
2000-08-16,14.759092330932617,14.92629111120065,14.47029443774238,14.92629111120065,11729200
2000-08-17,14.515893936157227,14.743892270232994,14.485494158280456,14.743892270232994,5834000
2000-08-18,14.667895317077637,14.667895317077637,14.470296727313897,14.51589640187476,5274600
2000-08-21,14.546294212341309,14.576693991259473,14.379095428291409,14.576693991259473,5735000
2000-08-22,14.105500221252441,14.576696888126177,14.105500221252441,14.54629710316658,4243400
2000-08-23,14.299295425415039,14.394294730659626,14.090296953876951,14.105496842716084,7007400
2000-08-24,14.090303421020508,14.348701649884962,14.075103525204952,14.299301988484403,4619200
2000-08-25,13.619100570678711,13.968698018363543,13.375902346202304,13.968698018363543,13902000
2000-08-28,13.862298965454102,14.044697636052183,13.786299519371568,13.786299519371568,12625800
2000-08-29,13.695096015930176,13.831894977243575,13.634296477568666,13.831894977243575,5934600
2000-08-30,13.193502426147461,13.619099278603832,13.08710321303337,13.619099278603832,9392800
2000-08-31,12.802108764648438,13.17830608364523,12.524710741549793,13.17830608364523,16123800
2000-09-01,13.193502426147461,13.254301976498372,12.980703999919276,12.980703999919276,10053000
2000-09-05,13.695096015930176,13.877494631014708,13.011101209363186,13.193499824447716,11223000
2000-09-06,13.208703994750977,13.360702889972508,13.147904436662365,13.360702889972508,9854000
2000-09-07,13.132704734802246,13.269503742456436,12.950306057929993,13.20870418349902,7458200
2000-09-08,13.26950740814209,13.421506347525161,13.087108680882405,13.132708362697326,5253600
2000-09-11,12.889505386352539,13.299902373889708,12.722306613652211,13.269502597035103,7846000
2000-09-12,13.011104583740234,13.102303914934676,12.691906924559692,12.88950547548098,8248000
2000-09-13,12.808606147766113,13.09832462015606,12.701867763201395,13.052579598199753,6986400
2000-09-14,12.442647933959961,12.65612473674849,12.183426102002462,12.65612473674849,11181600
2000-09-15,12.396899223327637,12.71711433241728,12.320657530687246,12.442644238911871,12373800
2000-09-18,12.961091995239258,13.052582056382123,12.381654941334444,12.396903284858254,8759800
2000-09-19,12.900094985961914,13.052578378230967,12.701866576012145,12.961088342869536,7630400
2000-09-20,12.25967025756836,12.854355755136973,12.061441758378821,12.854355755136973,14690200
2000-09-21,12.091937065124512,12.396903952012897,12.000446999057996,12.259668852913123,10247200
2000-09-22,12.900094985961914,12.91534332518882,12.412148130700944,12.412148130700944,16349000
2000-09-25,13.067832946777344,13.235564758229561,12.839107749342501,12.900101135325126,8079600
2000-09-26,13.403286933898926,13.449031940499262,12.991581874495886,13.067823552163116,10269400
2000-09-27,13.571027755737305,13.632021138909158,13.17457076512026,13.403295952014709,10414600
2000-09-28,13.525285720825195,13.57103076835899,13.205070388088634,13.57103076835899,8353200
2000-09-29,13.449040412902832,13.815000696247127,13.418543722624142,13.525282138599561,11962600
2000-10-02,13.906488418579102,13.906488418579102,13.47953482678062,13.47953482678062,9516000
2000-10-03,13.738755226135254,13.997977022854787,13.693010203184748,13.906486976953776,7380800
2000-10-04,13.967484474182129,13.967484474182129,13.662517564265489,13.738759291744648,8279000
2000-10-05,14.42493724822998,14.485930640400086,13.982735154996714,13.982735154996714,10596400
2000-10-06,14.257204055786133,14.440184214790875,14.08947224336512,14.424935868207147,9617400
2000-10-09,14.104718208312988,14.34869171245678,14.104718208312988,14.257201648402859,4073000
2000-10-10,14.196203231811523,14.470673326518943,13.921733137104104,14.104713200242383,6280600
2000-10-11,14.287700653076172,14.531674196778646,14.089472148817912,14.196210574187743,7904000
2000-10-12,13.967484474182129,14.333444766082097,13.75400763724048,14.2876997295946,8552800
2000-10-13,13.952231407165527,14.074218129851127,13.754002982801426,13.967479747501226,7312400
2000-10-16,14.302946090698242,14.455429524500996,13.906489162811084,13.952234192951911,7054600
2000-10-17,14.135222434997559,14.379196069258574,13.906497152877858,14.302954308552007,6069800
2000-10-18,14.196203231811523,14.363934956354946,13.860739782724679,14.135209877432096,7339400
2000-10-19,13.93698501586914,14.013226728209782,13.69301153637909,14.013226728209782,5797600
2000-10-20,13.372803688049316,13.601528950672737,13.113581723742774,13.601528950672737,14655200
2000-10-23,13.494783401489258,13.647266829754674,13.144071516478803,13.372796658876926,7077800
2000-10-24,13.693018913269043,13.70826726395197,13.281313444829996,13.494790354390984,6334800
2000-10-25,14.135222434997559,14.257209252128066,13.571033405768961,13.693020222899468,9350200
2000-10-26,14.318194389343262,14.470677822669602,13.76925402936844,14.135214269351655,9351000
2000-10-27,14.379186630249023,14.470676683039578,14.058971445482078,14.318193261721985,7562200
2000-10-30,14.607917785644531,14.760401269837063,14.36394421093648,14.379192559355733,10526800
2000-10-31,14.729901313781738,14.867136419189643,14.318195997558025,14.607914553419157,9830000
2000-11-01,14.851885795593262,14.989120879946793,14.714650711239731,14.72989905394568,8289000
2000-11-02,14.82138729095459,14.98911904013206,14.65365554177712,14.85188397262322,9108400
2000-11-03,14.470671653747559,14.760390053559153,14.424926643250991,14.760390053559153,6068400
2000-11-06,14.760396957397461,14.88238370911149,14.348691670362614,14.470678422076643,5558200
2000-11-07,14.65365982055664,14.851888309284254,14.592666439409683,14.760398237563818,4236000
2000-11-08,14.684150695800781,14.790889070536613,14.409680589337215,14.653654017304829,5048200
2000-11-09,15.20260238647461,15.294092471047176,14.607916836752935,14.684158573896738,11855000
2000-11-10,15.095858573913574,15.385577071796764,15.095858573913574,15.202596967870539,10323400
2000-11-13,14.89763355255127,15.034868662042529,14.72990175206195,15.034868662042529,8175800
2000-11-14,14.775647163391113,14.958627314021344,14.546921975103325,14.897633930477934,7423400
2000-11-15,14.958623886108398,15.004368913283042,14.699402065452086,14.775643777409824,7506600
2000-11-16,15.11111068725586,15.202600762052564,14.897633846063545,14.95862722926135,7607400
2000-11-17,14.989121437072754,15.324584989072347,14.91287972070921,15.111108183254423,12093800
2000-11-20,13.799749374389648,14.363938022845359,13.647265955888106,14.363938022845359,19313200
2000-11-21,13.47952651977539,14.028466513793393,13.47952651977539,13.799741516285891,13995800
2000-11-22,14.531670570373535,14.714650682487369,14.21145537417433,14.21145537417433,13403800
2000-11-24,14.394432067871094,14.51641878031068,14.302942033541406,14.51641878031068,3905000
2000-11-27,14.531670570373535,14.653657311782757,14.16571034614587,14.394435486288161,6476800
2000-11-28,14.745150566101074,14.821392296018868,14.607915452249049,14.607915452249049,5817800
2000-11-29,15.199609756469727,15.291357903893086,14.61853815612179,14.786743093064613,9692000
2000-11-30,15.321942329406738,15.321942329406738,15.031406496813197,15.199611452525248,12816400
2000-12-01,15.214908599853516,15.26078269613448,15.000829483875677,15.26078269613448,8201200
2000-12-04,15.352520942687988,15.505434497894045,15.138441965399512,15.21489874300254,8572200
2000-12-05,15.031400680541992,15.367810461795221,14.847904436222048,15.352519108101891,9266800
2000-12-06,14.893778800964355,15.123149111040808,14.77144796892358,15.031400987010228,7761200
2000-12-07,15.260771751403809,15.428976650467378,14.8173224720544,14.893779244356022,7895200
2000-12-08,14.893778800964355,15.165200334554825,14.832613384943969,15.165200334554825,8300800
2000-12-11,14.266831398010254,14.725571957431807,14.236248694048818,14.725571957431807,11578000
2000-12-12,14.190381050109863,14.358585997902113,14.098632896768635,14.266837844560886,8008200
2000-12-13,14.14450454711914,14.266835397256386,14.006882340714737,14.190378615920608,7409800
2000-12-14,13.945713996887207,14.052753468354544,13.639886935551962,14.052753468354544,10047600
2000-12-15,13.089398384094238,13.869257399969012,13.089398384094238,13.869257399969012,27540400
2000-12-18,13.42580795288086,13.594012836117408,13.119980892450771,13.119980892450771,10304600
2000-12-19,13.884547233581543,14.175082913579395,13.379932631480012,13.425806686216514,11688200
2000-12-20,13.762219429016113,14.190377366807725,13.594014524883695,13.884550268385146,13344200
2000-12-21,14.526786804199219,14.587952222322162,13.731636368600945,13.762219077662417,11930800
2000-12-22,14.404461860656738,14.435044582229258,14.068051923359024,14.435044582229258,7483600
2000-12-26,14.679708480834961,14.679708480834961,14.343298494815826,14.404463946819305,5670000
2000-12-27,14.817323684692383,15.016111308945222,14.679701483286571,14.679701483286571,7711000
2000-12-28,14.939652442932129,15.15373139298438,14.817321614330842,14.817321614330842,5520800
2000-12-29,14.909073829650879,14.954947902972881,14.725577536362868,14.939656545198881,4970400
2001-01-02,14.87848949432373,15.153733904290664,14.740867289340263,14.909072206542278,10606000
2001-01-03,14.496201515197754,15.214895050233931,14.450327459769914,14.878485310429763,12469600
2001-01-04,14.083342552185059,14.404461112006867,13.884554872295368,14.404461112006867,14770600
2001-01-05,14.113924980163574,14.373878094641126,14.068050901138124,14.083342260813273,7960200
2001-01-08,14.343291282653809,14.603244322957769,14.144503663597838,14.144503663597838,9529200
2001-01-09,14.526786804199219,14.664408994975842,14.09862887733861,14.343290549830387,8516200
2001-01-10,14.465624809265137,14.496207525563795,14.159797646278559,14.496207525563795,7963200
2001-01-11,14.037467956542969,14.404460582857817,13.976302518823827,14.404460582857817,6909000
2001-01-12,13.85396671295166,14.05275431479313,13.762218589024828,14.037462960805325,7212000
2001-01-16,13.945713996887207,14.02217076222102,13.746926407019298,13.853965878486633,7163600
2001-01-17,14.175092697143555,14.358589042737647,13.961013627283782,13.961013627283782,7651800
2001-01-18,13.976296424865723,14.358580243926601,13.930422366578417,14.17508401077738,7014400
2001-01-19,13.655174255371094,13.976292574926292,13.532843466969112,13.976292574926292,9824200
2001-01-22,13.624594688415527,13.716342800795431,13.50226387190899,13.655177392542162,6874600
2001-01-23,13.915132522583008,13.991589294685111,13.563431370913326,13.62459678859501,7707800
2001-01-24,14.205665588378906,14.205665588378906,13.731633690381333,13.915129908961038,9189400
2001-01-25,14.343291282653809,14.435039414525795,14.144503663597838,14.205669084845828,7486800
2001-01-26,14.175092697143555,14.480919939800375,14.068053162213669,14.343297680604806,6394600
2001-01-29,13.975079536437988,14.116983805902956,13.830729060018008,14.09251706980009,5123000
2001-01-30,14.168357849121094,14.256436203236145,14.009327383823335,14.009327383823335,5507600
2001-01-31,14.190381050109863,14.239313585220614,13.840514684037144,14.16836145597555,8614000
2001-02-01,14.053364753723145,14.068044788624658,13.850296070791217,14.068044788624658,6720800
2001-02-02,14.126761436462402,14.18547969881391,13.992196807511126,14.053362208558086,6059400
2001-02-05,14.48397159576416,14.584282846906952,14.097405694626913,14.126765768115222,9183600
2001-02-06,14.53779125213623,14.62342336875367,14.273557219851606,14.483966336904304,6257000
2001-02-07,14.679708480834961,14.81182608115705,14.50110547298209,14.53780418419774,9615600
2001-02-08,14.828947067260742,14.92191878261857,14.572052446732133,14.679703268039345,6654600
2001-02-09,14.713955879211426,14.90968507104673,14.667470487810041,14.82894718773797,4456400
2001-02-12,14.880321502685547,14.89255439854354,14.557368198821873,14.713951505748488,6766000
2001-02-13,14.669914245605469,14.699274319462631,14.545137198298404,14.699274319462631,6660600
2001-02-14,14.55737018585205,14.64300140185649,14.466845624174464,14.64300140185649,5678000
2001-02-15,14.280900955200195,14.422805167204595,13.94326853349143,14.422805167204595,11421200
2001-02-16,14.523117065429688,14.552476204876614,14.290688289308495,14.290688289308495,7635600
2001-02-20,14.305368423461914,14.919468816521077,14.288242180891634,14.523117164692811,15772000
2001-02-21,13.436816215515137,13.774449524832399,13.241087098994276,13.774449524832399,19289000
2001-02-22,12.964625358581543,13.4368216342914,12.57805938091295,13.4368216342914,18957800
2001-02-23,12.722407341003418,12.918136498049114,12.602522707325917,12.918136498049114,9069200
2001-02-26,12.837396621704102,12.864309551585173,12.587841635502473,12.722405351597738,9415600
2001-02-27,12.722407341003418,12.925476983089117,12.609863192365921,12.837398629090995,7369600
2001-02-28,12.974401473999023,13.003761531475503,12.700380804053314,12.72240038050581,11189600
2001-03-01,12.893671035766602,13.18726524555817,12.808038885701,12.97440890680588,9725000
2001-03-02,12.856972694396973,12.979303549592586,12.724855146791224,12.8936723242798,9115800
2001-03-05,12.282013893127441,12.551141310184143,12.118090117301602,12.551141310184143,14449600
2001-03-06,12.184146881103516,12.282011889509926,12.083835667476396,12.282011889509926,9274600
2001-03-07,12.338293075561523,12.428817668692854,12.184155899886655,12.184155899886655,10325800
2001-03-08,12.575613975524902,12.592740222886407,12.286913043844562,12.338291785929075,9774600
2001-03-09,12.60007381439209,12.693045494155193,12.470403450495423,12.575608024969714,7863400
2001-03-12,12.257546424865723,12.5511405468137,12.240420186638838,12.5511405468137,7984800
2001-03-13,11.970264434814453,12.034105432996204,11.859769498850278,12.034105432996204,10361200
2001-03-14,11.705081939697266,11.86223088528744,11.358864939847011,11.86223088528744,14145800
2001-03-15,11.700163841247559,11.724717849508316,11.344125101414326,11.705073893559412,9442800
2001-03-16,11.945708274841309,12.213351099794174,11.567570533774797,11.700164433111173,18494000
2001-03-19,11.88432502746582,12.056205006574835,11.795929074395106,11.945711001912079,7439600
2001-03-20,11.64614486694336,11.977628689389194,11.552837941782318,11.884322700903603,8841200
2001-03-21,11.11086368560791,11.786109544954247,11.11086368560791,11.646149569041983,18423000
2001-03-22,11.22626781463623,11.344128778507066,10.924248919090527,11.110861877717095,14688800
2001-03-23,11.17224407196045,11.17224407196045,10.803928333324391,11.17224407196045,15672800
2001-03-26,11.024917602539062,11.319569429444751,10.926699702453623,11.172243515991907,11227600
2001-03-27,11.44479751586914,11.525826488801838,10.94388790195223,11.02491781156026,13466000
2001-03-28,11.282745361328125,11.601952327990572,11.012646438247678,11.444804340506037,14176000
2001-03-29,10.931609153747559,11.098578998405644,10.744995357164907,11.098578998405644,15293800
2001-03-30,11.088760375976562,11.172245323553652,10.902147459632431,10.93161245975509,10279600
2001-04-02,11.258184432983398,11.520916260867018,11.015096561456689,11.088759524444317,10424800
2001-04-03,10.965987205505371,11.221353008737625,10.848126281707875,11.221353008737625,9345400
2001-04-04,11.11086368560791,11.307298657355314,10.84567577124204,10.96599271831748,8798600
2001-04-05,11.123143196105957,11.442350214035065,10.956173198418233,11.110866183238691,9242200
2001-04-06,11.049468040466309,11.135407972777708,10.76709237142883,11.123130973401082,7907800
2001-04-09,10.779375076293945,11.194343833526878,10.779375076293945,11.049472928771523,8231600
2001-04-10,10.717988967895508,10.877591901551119,10.609949079052816,10.779374927765069,11896400
2001-04-11,10.835850715637207,10.988087645325656,10.403693001025793,10.717989776200135,13748400
2001-04-12,10.943894386291504,11.024924343910389,10.472450425629985,10.835855379475545,10429200
2001-04-16,11.150153160095215,11.172252157874535,10.84076812786076,10.943896159713566,8287000
2001-04-17,11.221353530883789,11.221353530883789,11.002819665965019,11.15014559339834,8815800
2001-04-18,11.47917366027832,11.560203571013862,11.223807861001596,11.223807861001596,14767400
2001-04-19,11.663334846496582,11.729631809604058,11.30484098970115,11.47917692786769,10836400
2001-04-20,11.540555000305176,11.601940931157863,11.363763219713446,11.601940931157863,9167200
2001-04-23,11.651055335998535,11.761550250770888,11.547926436652535,11.547926436652535,6661000
2001-04-24,11.63632583618164,11.896602720023688,11.582305875822273,11.651058808100293,8686800
2001-04-25,11.835214614868164,11.884323575761497,11.638779707970354,11.638779707970354,6495400
2001-04-26,11.516012191772461,11.781199183644933,11.516012191772461,11.781199183644933,8592800
2001-04-27,11.540555000305176,11.66332686201055,11.295011276894428,11.51600100263409,6961800
2001-04-30,11.341672897338867,11.479177824525737,11.258187930238925,11.479177824525737,7674000
2001-05-01,11.6952543258667,11.835214251273843,11.326938535495161,11.341670567637708,8458000
2001-05-02,11.680519104003906,11.761549011860096,11.57739115219637,11.695252069980116,7669600
2001-05-03,11.47917366027832,11.678064492985731,11.393233697384877,11.678064492985731,8591600
2001-05-04,11.498821258544922,11.533197254592935,11.25082139561173,11.479177296988547,8819000
2001-05-07,11.49636173248291,11.516005687951951,11.39568880239245,11.498817695254216,7014600
2001-05-08,11.434976577758789,11.466897539294603,11.29747168986833,11.466897539294603,6875600
2001-05-09,11.236084938049316,11.434975772054257,11.147689948500249,11.434975772054257,10038000
2001-05-10,11.19925594329834,11.356403868584726,11.17715695776272,11.236086961407358,7317200
2001-05-11,11.120684623718262,11.270466568316758,10.95125871545241,11.199258605036205,9636400
2001-05-14,11.29747200012207,11.322026946852958,11.135413098399974,11.135413098399974,7585600
2001-05-15,11.270464897155762,11.322028889123159,11.101039014012024,11.29747393817992,6936400
2001-05-16,11.842582702636719,11.886780681504153,11.179613956300917,11.270465877681575,11359000
2001-05-17,11.818025588989258,11.95798550649716,11.700164655123416,11.842579598958018,9574800
2001-05-18,11.810661315917969,11.859770283671345,11.712444317086868,11.81802826992015,6726000
2001-05-21,11.857309341430664,11.872041368734228,11.616676549828869,11.81065542383555,7996600
2001-05-22,11.736993789672852,11.822934684145656,11.675607837910258,11.822934684145656,5928600
2001-05-23,11.957979202270508,11.957979202270508,11.61421762388575,11.736989482355314,8525800
2001-05-24,12.053751945495605,12.117592957193814,11.908880984709429,11.957989959610398,6694000
2001-05-25,11.827848434448242,12.056204321343444,11.759096446712253,12.053749294642408,4007000
2001-05-29,11.869585990905762,11.980080875780045,11.822933011370024,11.827843062542074,4531800
2001-05-30,11.756644248962402,11.94571319740681,11.7296342653738,11.869594237900369,5220400
2001-05-31,11.638779640197754,11.67315563162026,11.528284713000048,11.67315563162026,7223400
2001-06-01,11.739453315734863,11.761552302544448,11.540562434448606,11.638780361752442,6972600
2001-06-04,11.680519104003906,11.687885118654355,11.516005198975128,11.687885118654355,4484800
2001-06-05,11.692801475524902,11.705078484470512,11.412881550191734,11.680524466579293,6841400
2001-06-06,11.47917366027832,11.660876500407044,11.383411719718385,11.660876500407044,7095400
2001-06-07,11.324482917785645,11.587214781330758,11.260641924311116,11.479175816729434,6785400
2001-06-08,11.29502010345459,11.35149509157078,11.209080107772499,11.324485111020492,4425000
2001-06-11,11.27782917022705,11.324482164791917,11.174700265563322,11.295017164891762,3476200
2001-06-12,11.272912979125977,11.326932901246007,11.17469510921229,11.277823966289164,4899400
2001-06-13,11.30250358581543,11.314829860419634,11.191574637279388,11.314829860419634,5575600
2001-06-14,11.097894668579102,11.263056130851226,11.05352273595269,11.263056130851226,7021600
2001-06-15,10.910548210144043,11.13980292207051,10.873572220055442,11.097896611897614,13749800
2001-06-18,10.789761543273926,10.957388709494317,10.715808602967908,10.910551126355804,6354400
2001-06-19,10.78482723236084,10.868640784466823,10.733060287332462,10.789757551939111,5441000
2001-06-20,10.829201698303223,10.905620259077143,10.710876821866608,10.784829752094176,8301800
2001-06-21,10.745388984680176,10.96478310269861,10.735528342432412,10.829202563060964,10298800
2001-06-22,10.562968254089355,10.774967308211313,10.49887597604341,10.74538632914106,9211200
2001-06-25,10.745388984680176,10.895760487689467,10.664040096680028,10.664040096680028,14690600
2001-06-26,10.834127426147461,10.920405651443481,10.60733747051458,10.74538357135034,20446600
2001-06-27,10.890830039978027,10.93273635850003,10.784830487953137,10.834132758256299,12653800
2001-06-28,11.179245948791504,11.194036910905169,10.900689881703054,10.900689881703054,15615000
2001-06-29,11.092963218688965,11.255659974948584,11.058451928022098,11.216218365563288,13146800
2001-07-02,11.240873336791992,11.351803199663214,11.011618600312303,11.092967479872033,7314800
2001-07-03,11.324684143066406,11.337010411770677,11.243336223719417,11.243336223719417,3896200
2001-07-05,11.15212631225586,11.309892752758078,11.097893745697412,11.309892752758078,5515000
2001-07-06,10.994359016418457,11.21375397357338,10.9869640083259,11.15212639850296,5020200
2001-07-09,11.147196769714355,11.26059128917663,10.984499999071282,10.99435969701766,4552000
2001-07-10,11.011615753173828,11.164452831551413,10.957384121185187,11.147197184051084,9439200
2001-07-11,11.218689918518066,11.277852838973919,10.917947815592077,11.01162110746666,7234200
2001-07-12,11.213762283325195,11.216226974395072,11.068321060767975,11.216226974395072,6950800
2001-07-13,11.341938972473145,11.373985576139923,11.120080257237975,11.213754438530446,6472800
2001-07-16,11.581049919128418,11.581049919128418,11.351795341350856,11.351795341350856,8402400
2001-07-17,11.618033409118652,11.635289058909972,11.317290472134431,11.581056479358748,7532000
2001-07-18,11.393706321716309,11.573658727158966,11.243334888854896,11.573658727158966,8188800
2001-07-19,11.51203441619873,11.558871047761274,11.290174708034195,11.393709551965122,5038400
2001-07-20,11.366595268249512,11.529292102848029,11.287712011496449,11.51203644920596,7086000
2001-07-23,10.964781761169434,11.351802988597814,10.905619795646457,11.351802988597814,10382000
2001-07-24,10.895757675170898,10.99436125110822,10.760177170530607,10.96478027236326,9968400
2001-07-25,11.088037490844727,11.100362822562891,10.848922105989686,10.89575968302626,7287400
2001-07-26,11.092963218688965,11.095427907867109,10.945057418584636,11.088032899970536,6933200
2001-07-27,11.041197776794434,11.115150686853978,10.89575664618701,11.092964719799888,4724000
2001-07-30,10.910548210144043,11.041199341471835,10.848920619633969,10.97957175096176,5806800
2001-07-31,10.994359016418457,11.028871248362115,10.797150964265539,10.910545476708196,8695000
2001-08-01,10.866178512573242,11.031340023563198,10.787294322131565,11.0190146920563,7926000
2001-08-02,10.824264526367188,10.954914651753128,10.72319536627653,10.932728692691184,10578800
2001-08-03,11.019010543823242,11.038730878737827,10.87110380033412,10.895755394430056,11690800
2001-08-06,10.996832847595215,11.088041463422524,10.920414258983602,11.03873917852351,7596400
2001-08-07,11.063380241394043,11.063380241394043,10.94752012341708,11.016542692239796,8588000
2001-08-08,11.216225624084473,11.297574525039865,10.984506136535076,11.043668118718314,13201200
2001-08-09,11.243335723876953,11.265521690051138,11.092964279847727,11.171847506164331,9790400
2001-08-10,11.25813102722168,11.334549600005904,10.957388938315182,11.164457739713802,7793800
2001-08-13,11.290175437927246,11.327152371799315,11.179245576673527,11.216222510545597,5174200
2001-08-14,11.349339485168457,11.364129507914354,11.265525908278896,11.314828178277917,6728200
2001-08-15,11.728968620300293,11.75854961341466,11.376458572781138,11.388783908215222,15860400
2001-08-16,11.761006355285645,11.773331682389243,11.566262989817368,11.728960692888723,9601600
2001-08-17,11.719098091125488,11.805376306753995,11.588447012708288,11.761004384327329,6383600
2001-08-20,11.965614318847656,11.965614318847656,11.761010247833706,11.807847822836294,8027400
2001-08-21,11.908914566040039,12.02477378349555,11.847286982581595,11.95575119093803,8164600
2001-08-22,11.894129753112793,11.918780423088121,11.785665488713455,11.90892071931566,7915600
2001-08-23,12.189940452575684,12.226916451344469,11.884267118128891,11.950825044347853,9309600
2001-08-24,12.130773544311523,12.288540010654996,12.032169973028012,12.177611110506334,8325400
2001-08-27,11.95821475982666,12.135702484469261,11.931099415550449,12.079005225844478,8020400
2001-08-28,11.800450325012207,11.958216800343255,11.733892416913976,11.958216800343255,6329800
2001-08-29,11.758544921875,11.857148506368668,11.662406027339637,11.820172514819458,5472200
2001-08-30,12.027239799499512,12.263889501889208,11.847287362868032,11.857147061862525,13128600
2001-08-31,11.997663497924805,12.098733688102946,11.906454892082335,11.911385214068789,7670800
2001-09-04,12.20225715637207,12.42165112448327,11.945886275278594,12.05928076256003,14190400
2001-09-05,12.436445236206055,12.498072813253296,12.029702851549372,12.029702851549372,13798400
2001-09-06,12.204730033874512,12.414264447425312,12.185009689984636,12.414264447425312,10386200
2001-09-07,12.258955001831055,12.320582566252302,12.115979541362005,12.143094879803268,12133000
2001-09-10,12.313189506530762,12.369886761920444,12.202259684958706,12.261422569917853,13732600
2001-09-17,12.50973129272461,12.50973129272461,12.138426106667938,12.33529262109137,20256600
2001-09-18,12.3278226852417,12.537148997777665,12.198239639327557,12.534656485974951,11112000
2001-09-19,12.33529281616211,12.444939521195737,12.043731805893142,12.390116643986072,14416000
2001-09-20,12.04871940612793,12.31286955131831,12.036259699884393,12.163351175166564,16598600
2001-09-21,11.66246223449707,11.919136733422663,11.276205656283217,11.463104092575204,23054200
2001-09-24,11.968973159790039,12.135936223771644,11.664952410703703,11.664952410703703,13608400
2001-09-25,11.961495399475098,12.27548423544105,11.91414815573997,11.924115346106039,17787200
2001-09-26,11.684895515441895,11.961505481807091,11.652499505256454,11.93658605896601,11593800
2001-09-27,11.699836730957031,11.729740200352696,11.587697532455598,11.70731236065241,11084800
2001-09-28,11.674921989440918,11.774601536130193,11.640034433284056,11.724761762785555,11554000
2001-10-01,11.485527038574219,11.645013484010157,11.425719146228642,11.587698102095004,12393400
2001-10-02,11.505463600158691,11.580223711244372,11.340993066875935,11.525399883278686,9414200
2001-10-03,11.413267135620117,11.463106921052006,11.303620368161832,11.450647212347745,11105800
2001-10-04,11.253776550292969,11.283680030591196,11.16904923060258,11.213904926357168,12277400
2001-10-05,11.338508605957031,11.438188182738877,11.036979264583552,11.213909610287175,10504800
2001-10-08,11.500486373901367,11.58521371935484,11.303619754963183,11.331031682994421,6919000
2001-10-09,11.507959365844727,11.522911582413908,11.333520641662547,11.400804190302011,5939800
2001-10-10,11.500486373901367,11.55032520601476,11.39083866177641,11.500486373901367,8301800
2001-10-11,11.475563049316406,11.587702293896376,11.363423804736435,11.463103344499642,9565400
2001-10-12,11.164061546325684,11.298628590046354,10.967195050950727,11.251281349010203,16640000
2001-10-15,11.089306831359863,11.164066013133757,10.977167583391736,11.01454764958597,9715400
2001-10-16,11.099276542663574,11.164067589183723,11.039468618432533,11.08930839685595,9620000
2001-10-17,11.034483909606934,11.18649479726129,11.027008275989392,11.16157538479305,10608200
2001-10-18,11.493002891540527,11.512939172913777,11.051922647606649,11.051922647606649,15165200
2001-10-19,12.108529090881348,12.180796728482045,11.714795852048407,11.762144073531866,23672000
2001-10-22,12.20571231842041,12.208204829619671,11.899199033311467,11.98891042419496,12130800
2001-10-23,12.178304672241211,12.205716601364863,12.036261903704851,12.205716601364863,8877600
2001-10-24,12.153388023376465,12.20821189411104,12.09607259061534,12.125976088009178,6779200
2001-10-25,12.320342063903809,12.332802717605416,12.023796947725144,12.026288508096817,7438400
2001-10-26,12.245582580566406,12.332802401167692,12.180791555806763,12.210695032571646,6475600
2001-10-29,12.11351203918457,12.248079155195224,12.086100113632618,12.210699083876253,5771000
2001-10-30,12.00136947631836,12.160855962284407,11.854342693828201,11.986417261778627,7737200
2001-10-31,11.931597709655762,12.038752900590024,11.896710149931064,12.001372829105158,6391000
2001-11-01,12.108529090881348,12.130956945632779,11.802015709688321,11.811983856381133,7242800
2001-11-02,12.180792808532715,12.19823658432409,11.936578996838994,11.96648247667928,5705000
2001-11-05,12.285460472106934,12.360219677494486,12.036262487071845,12.036262487071845,7725800
2001-11-06,12.422515869140625,12.422515869140625,12.17581046192829,12.223157724268379,6333000
2001-11-07,12.310376167297363,12.434975112510434,12.238108550926299,12.310376167297363,5599600
2001-11-08,12.228139877319336,12.360214449325788,12.160856335745915,12.272995571701616,7392800
2001-11-09,12.265525817871094,12.297920873305992,12.098562664181934,12.1508940158367,5188800
2001-11-12,12.290444374084473,12.33530008681298,12.14341752694433,12.200732948627454,4106200
2001-11-13,12.37267780303955,12.390121582369945,12.245586324358479,12.310378319541094,5599600
2001-11-14,12.459893226623535,12.477337001091655,12.360213700564781,12.397593760490418,8670400
2001-11-15,12.459893226623535,12.57203245578603,12.397593760490418,12.484812632831018,10053200
2001-11-16,12.442455291748047,12.567054282492077,12.405075214278893,12.567054282492077,8534600
2001-11-19,12.3278226852417,12.509737071636152,12.238111272638468,12.484816706682631,6804200
2001-11-20,12.210700988769531,12.273000483610192,12.135941785083707,12.185781571079207,7764200
2001-11-21,12.150893211364746,12.210701145449734,12.093577789449684,12.111021572179709,4568600
2001-11-23,12.248078346252441,12.248078346252441,12.088590876357829,12.088590876357829,2171600
2001-11-26,12.038753509521484,12.233127609599117,11.986421216672714,12.198240048109774,8057400
2001-11-27,11.95900821685791,12.05619525045345,11.83939238253999,12.038751472660127,7262400
2001-11-28,11.693866729736328,11.851452794551966,11.648842139789002,11.80892914662668,9075800
2001-11-29,11.776408195495605,11.826434652775815,11.62132312450773,11.743890234908664,7146400
2001-11-30,11.746395111083984,11.818934834311674,11.696367682851307,11.756400787569286,6975200
2001-12-03,11.638833045959473,11.69386329622482,11.53377633639132,11.593808469232108,8425800
2001-12-04,11.643834114074707,11.768902151721466,11.578799154343487,11.741387030768236,7857600
2001-12-05,11.78641128540039,11.856450033460733,11.74638955259164,11.826433018209139,12115800
2001-12-06,11.613815307617188,11.728877646054062,11.546278468745147,11.681352146489226,7025800
2001-12-07,11.656341552734375,11.731383143993089,11.53127350622781,11.551284851681727,6653800
2001-12-10,11.413715362548828,11.723883724064025,11.383698330768208,11.546287246567912,7431400
2001-12-11,11.418715476989746,11.558791108438868,11.39370128980692,11.443728709978895,7332600
2001-12-12,11.501263618469238,11.538784434247438,11.368691723322502,11.418719159628775,8400000
2001-12-13,11.563791275024414,11.631328133528763,11.446227007902756,11.468739294070872,10977800
2001-12-14,11.568794250488281,11.686358519024342,11.526271572877729,11.556287636731852,6786600
2001-12-17,11.543782234191895,11.668850293265725,11.456234020324075,11.668850293265725,8741400
2001-12-18,11.631333351135254,11.643839970351461,11.476249173627737,11.618826731919047,9842800
2001-12-19,11.87896728515625,11.99402969582216,11.568798010541865,11.568798010541865,15066400
2001-12-20,11.946499824523926,12.031546137463138,11.816429891034312,11.818930832211862,9772400
2001-12-21,12.201642036437988,12.201642036437988,11.949004925221377,12.04405693675554,16875000
2001-12-24,12.099084854125977,12.20664347092372,12.034049877412611,12.201640633608283,5177400
2001-12-26,12.136603355407715,12.201638319788373,11.956505062979009,12.019039086273034,4803000
2001-12-27,11.991531372070312,11.991531372070312,11.873967984495017,11.881471766584445,7931600
2001-12-28,11.798921585083008,11.866458459213893,11.753897956522762,11.833941447153363,8710400
2001-12-31,11.79391860961914,11.931493286762775,11.743891194059566,11.818931840302133,6934000
2002-01-02,11.8739652633667,11.916487957720713,11.571299747802094,11.70637351962162,8848000
2002-01-03,11.718876838684082,11.918986498010963,11.631329578373753,11.918986498010963,10789800
2002-01-04,11.613815307617188,11.666343642008824,11.511259579150723,11.656337972355225,10145600
2002-01-07,11.3111572265625,11.756399276810352,11.206099545354958,11.481249888179509,17142800
2002-01-08,11.168575286865234,11.3736867765377,11.163572451239892,11.3736867765377,12292800
2002-01-09,11.146064758300781,11.278636583565675,11.123552471539433,11.131056249062055,12000600
2002-01-10,11.201095581054688,11.243619219278408,11.128556828638995,11.158572897024579,9222800
2002-01-11,11.331169128417969,11.406209793998121,11.173583062763967,11.24362184427343,11290600
2002-01-14,11.131059646606445,11.298650423722117,11.081032221400921,11.256127732523373,16115200
2002-01-15,11.093535423278809,11.208598752079828,11.015993844570605,11.193590242881395,12015800
2002-01-16,11.04350757598877,11.206095444612108,10.988477336722807,11.146063323770473,10501000
2002-01-17,11.268633842468262,11.306154648230015,11.08353361800105,11.106045910619358,9838000
2002-01-18,11.366186141967773,11.368688037778705,11.25862752274594,11.281139814075944,9820800
2002-01-22,11.481246948242188,11.49125166668615,11.306151493861112,11.366183621298733,9442400
2002-01-23,11.201095581054688,11.44622887362311,11.00598970525798,11.44372793217165,13132600
2002-01-24,11.061018943786621,11.281138030666682,10.948457504931179,11.256124801673705,13154000
2002-01-25,11.293646812438965,11.35367895014774,11.010992714328749,11.031003108833797,8429800
2002-01-28,11.30865478515625,11.318660459873113,11.13355929438578,11.218605621091799,9345200
2002-01-29,11.005990982055664,11.293647946218696,11.005990982055664,11.256127140738746,15979600
2002-01-30,10.968467712402344,11.078528208180716,10.908435582153691,11.068522535074772,11985000
2002-01-31,10.94345474243164,11.056016182049643,10.88092071533203,11.03100199869368,18087600
2002-02-01,11.176078796386719,11.181081631892626,10.93094558175719,10.943452193425301,14601200
2002-02-04,11.176078796386719,11.253621315438295,11.096035336678845,11.17607879638672,9806000
2002-02-05,11.443721771240234,11.528768047707887,11.156064995313242,11.228604662869524,15225200
2002-02-06,11.631333351135254,11.636336189660513,11.30865742271013,11.456237819526699,15027600
2002-02-07,11.476245880126953,11.608817723321723,11.443727916141848,11.481248717216477,8603800
2002-02-08,11.468740463256836,11.473743300047929,11.263628925789789,11.35868091643345,6663800
2002-02-11,11.541280746459961,11.566294931674713,11.331166361624033,11.331166361624033,9030800
2002-02-12,11.533778190612793,11.538781028186062,11.381194984306049,11.406208217978692,6057000
2002-02-13,11.601314544677734,11.601314544677733,11.383695413901766,11.443728507886709,7968400
2002-02-14,11.753896713256836,11.756397654614773,11.506261534303821,11.543782334027894,8097800
2002-02-15,11.743884086608887,11.768897302153771,11.668843485781226,11.756390694381329,12432600
2002-02-19,11.578804016113281,11.723882504519281,11.516269971032774,11.59381157624857,6432600
2002-02-20,11.726383209228516,11.756399280643153,11.361183697876639,11.506263125735853,7912000
2002-02-21,11.506263732910156,11.8139311051782,11.4762476599116,11.693865858990215,9376200
2002-02-22,11.831437110900879,11.881464520774415,11.48124715017309,11.506260378013117,12420400
2002-02-25,11.84894847869873,11.926491024260805,11.756398375681414,11.831439025538526,8480200
2002-02-26,11.753896713256836,11.918986514494321,11.658844720364474,11.851449647507136,8453000
2002-02-27,11.876463890075684,12.001531960890542,11.706371237431984,11.743892040353904,8153200
2002-02-28,11.853955268859863,12.006538515161068,11.843949591090682,11.981525274932062,8506200
2002-03-01,12.109086990356445,12.119092662063556,11.746389501617335,11.746389501617335,9108000
2002-03-04,11.94900131225586,12.106587318483498,11.806423815162008,12.034047622293723,9246600
2002-03-05,11.906481742858887,11.98652524383119,11.81893446185599,11.88647134471271,8700000
2002-03-06,11.89146900177002,12.006531365011636,11.786411356145608,11.793916087100241,7829200
2002-03-07,11.743884086608887,11.803916185593813,11.593801930760554,11.781403909926214,11507000
2002-03-08,11.969012260437012,12.049055737821,11.856451776373822,11.878964064025162,7939800
2002-03-11,11.90147590637207,12.03154583660923,11.856451332754022,12.03154583660923,6068800
2002-03-12,12.029043197631836,12.031544138393848,11.758895794054022,11.856449659252686,6878800
2002-03-13,12.044123649597168,12.081800207509229,11.95620976477762,11.981328428231363,6989600
2002-03-14,12.02904224395752,12.142073738135862,12.001412216694124,12.069231113201129,8102200
2002-03-15,12.217429161071777,12.320413210304183,12.109421382830678,12.144586527713207,14707200
2002-03-18,12.224967002868652,12.337998535335624,12.101888968321267,12.257620769621012,8276200
2002-03-19,12.358088493347168,12.415859929369725,12.270174688651672,12.282734488021145,8382400
2002-03-20,12.410839080810547,12.501264291453426,12.33799644355063,12.358091360661664,7312000
2002-03-21,12.65950870513916,12.752445303497838,12.526382271621694,12.554012304204157,15073200
2002-03-22,12.87301254272461,12.93078399622762,12.621831810183643,12.662020689063059,13291000
2002-03-25,12.998601913452148,13.084003394302448,12.898129244859428,12.923247891096798,15111000
2002-03-26,13.212105751037598,13.232200668962191,12.996091132418773,12.998602518070134,16579000
2002-03-27,13.134242057800293,13.14680090405695,13.02372191111319,13.051351947784967,19315200
2002-03-28,13.126705169677734,13.174430123944164,13.046327408804109,13.13424124350735,10190400
2002-04-01,13.136750221252441,13.149309064428335,12.950877042621261,13.061396204018765,7959000
2002-04-02,13.131729125976562,13.134241470022591,12.98604479119755,13.111635164500855,8597800
2002-04-03,12.996089935302734,13.101585370154014,12.935806145260335,13.051349038148404,8403000
2002-04-04,13.066421508789062,13.164381838825092,12.950878604550587,12.996091211979282,9461600
2002-04-05,13.106609344482422,13.131727031866173,12.963436418402653,13.03627905326523,5724800
2002-04-08,13.312581062316895,13.337698756521517,12.945857361129145,12.960927594380474,10295200
2002-04-09,13.400493621826172,13.450729967182967,13.249785543934372,13.312580736085721,8951600
2002-04-10,13.6190185546875,13.676790003650327,13.31760150769062,13.337695466461945,8325400
2002-04-11,13.347742080688477,13.59389904868256,13.317600665348756,13.591387663311883,8850800
2002-04-12,13.4030122756958,13.438177446546343,13.184485172425275,13.249791781407842,7078600
2002-04-15,13.159361839294434,13.315093665591416,13.11414921905036,13.274904776283204,8734000
2002-04-16,13.533622741699219,13.538646473040512,13.011166180350036,13.15936290129247,12718200
2002-04-17,13.543664932250977,13.578831040438862,13.377885683507705,13.475846976191958,8254800
2002-04-18,13.490914344787598,13.613993301884596,13.365324002442128,13.551198130711862,7437000
2002-04-19,13.792336463928223,13.809919041711337,13.463289300226778,13.493431683436654,9241200
2002-04-22,13.89029598236084,14.02844521017717,13.757170484778737,13.812430559176697,11199000
2002-04-23,13.694375038146973,13.852619183942364,13.629067504501265,13.827500533240727,7624600
2002-04-24,13.809920310974121,13.830015234960953,13.689353641589276,13.749637455371056,9417000
2002-04-25,13.809920310974121,13.814944041970831,13.601440744593676,13.802385193568417,8991200
2002-04-26,13.676796913146973,13.837552497244548,13.676796913146974,13.792339869444747,6252400
2002-04-29,13.724510192871094,13.83503028912703,13.581337302883279,13.676786215601194,8159000
2002-04-30,13.943045616149902,14.076172090085887,13.74712490115938,13.787313790341505,13047600
2002-05-01,14.473036766052246,14.545879424685019,13.990770112025608,14.005840346102273,16158400
2002-05-02,14.478058815002441,14.515736312174742,14.339909589001596,14.417775969341026,13051000
2002-05-03,14.282135963439941,14.360001373792477,14.128915570170436,14.317301111106042,9020600
2002-05-06,14.214319229125977,14.342420994968787,14.191712922426829,14.267066958697807,7796400
2002-05-07,14.229385375976562,14.31227449904062,14.128912724442573,14.31227449904062,8967400
2002-05-08,14.1917142868042,14.30976956182487,14.025935007798765,14.216831981916464,10446000
2002-05-09,14.1917142868042,14.289674639192139,14.1691079779317,14.216831981916464,5404200
2002-05-10,14.156549453735352,14.29218731006854,14.116360565730556,14.166596915281218,6790600
2002-05-13,14.289669036865234,14.292181380298675,14.053559537570298,14.066118380202681,6302000
2002-05-14,14.229385375976562,14.292180543640752,14.14900763802066,14.27962074356534,7122000
2002-05-15,14.239434242248535,14.274600346857428,14.116356229741738,14.166592563861776,7274000
2002-05-16,14.32987117767334,14.36754869863819,14.166604155910354,14.304753469149544,7680800
2002-05-17,14.31730842590332,14.380103638297633,14.206789197033734,14.304749575060237,7058200
2002-05-20,14.11635971069336,14.317304138546001,14.041005670020944,14.254508944955887,5421200
2002-05-21,13.930484771728516,14.154035495655886,13.877737041894125,14.116358956422134,8376200
2002-05-22,14.11635971069336,14.141477404857959,13.943044363150332,13.953091824087617,5470000
2002-05-23,14.239434242248535,14.239434242248537,14.008348446746087,14.116356229741738,5719400
2002-05-24,14.11635971069336,14.437870795257586,14.005839556740446,14.251997558810872,6929000
2002-05-28,13.724510192871094,14.10379350073069,13.701903896653118,14.05355718044873,7020000
2002-05-29,13.60144329071045,13.689356204162873,13.51604176413714,13.689356204162873,8976200
2002-05-30,13.661725044250488,13.71447278802332,13.51352831780861,13.53864697544721,9656800
2002-05-31,13.955601692199707,13.988254497184217,13.734562381692594,13.789822448863983,8404400
2002-06-03,13.571293830871582,13.915412102998772,13.561247330408657,13.789821744517477,6607600
2002-06-04,13.563758850097656,13.563758850097658,13.300019286314773,13.413050801701267,10837400
2002-06-05,13.91541862487793,13.927977474976464,13.465804700827004,13.563765073045943,8356200
2002-06-06,13.60144329071045,13.927978201192317,13.553718316397225,13.927978201192317,7283600
2002-06-07,13.576325416564941,13.676798144763076,13.500971349505814,13.563766565084912,7087200
2002-06-10,13.495932579040527,13.613987759400057,13.468302561664649,13.551192613792288,6861800
2002-06-11,13.563758850097656,13.802380725207279,13.49593994086576,13.513522514572726,11366200
2002-06-12,13.735200881958008,13.853695030918457,13.566284591239732,13.614186010605952,10515600
2002-06-13,13.740239143371582,13.863775661587862,13.626787435160798,13.737718421740416,7487600
2002-06-14,13.828484535217285,13.838569349385976,13.538553340923567,13.664610632809744,9062000
2002-06-17,13.929327011108398,13.964622889475251,13.788142535900427,13.815875286543115,7105600
2002-06-18,13.941930770874023,13.977226644750548,13.84108555433259,13.866296618032841,7294800
2002-06-19,13.88646411895752,14.136056881413259,13.818393103267693,13.941928642980857,9771000
2002-06-20,14.047819137573242,14.206650567567813,13.894029150848617,13.904113960869344,10251400
2002-06-21,14.118407249450684,14.131012777861088,13.843602498447126,13.843602498447126,17739400
2002-06-24,14.357921600341797,14.418428544434672,14.093201556019256,14.118412622434532,11513800
2002-06-25,13.979751586914062,14.405824817906838,13.82344083970675,14.357923401014133,11779200
2002-06-26,14.002433776855469,14.067983096613302,13.699896309476022,13.740234574343942,13409200
2002-06-27,14.141093254089355,14.231854569629764,13.823429611437806,14.065459145052309,11711000
2002-06-28,14.118407249450684,14.483973343793423,14.062941770356701,14.20412618907767,14290600
2002-07-01,14.206649780273438,14.395735629851561,14.181438718359168,14.181438718359168,10267600
2002-07-02,14.289844512939453,14.420944118586805,14.156224186414713,14.357915517510586,12085600
2002-07-03,14.272205352783203,14.345318805782258,14.125978446785094,14.226824655179701,12984600
2002-07-05,14.236908912658691,14.244472041383823,14.007484711169747,14.06799166445217,6698000
2002-07-08,14.441123008728027,14.496588524753708,14.259601162923557,14.294897050670514,10446200
2002-07-09,14.229340553283691,14.428511218378727,14.148663998616913,14.395736067501474,18088000
2002-07-10,13.790660858154297,14.357918380970824,13.702420222005312,14.229339470557832,15884200
2002-07-11,13.38980770111084,13.715035793648301,13.150298618348964,13.614189560356683,25808200
2002-07-12,12.870445251464844,13.36206872717113,12.782205559660861,13.36206872717113,17365800
2002-07-15,13.109952926635742,13.172981546475338,12.451933981631905,12.794809827437767,18263000
2002-07-16,12.699010848999023,13.034323694738646,12.628419075892062,12.870448836608025,13761800
2002-07-17,12.605724334716797,13.097347776118841,12.542695713043214,12.908261911098089,19555200
2002-07-18,12.083849906921387,12.696488312399268,11.919975072204508,12.618332459239726,15981000
2002-07-19,11.36784553527832,11.899807410120827,11.279605824080107,11.831736363593325,20025800
2002-07-22,11.569534301757812,11.925015709844025,11.319941484240099,11.390533236792098,23931200
2002-07-23,11.239264488220215,11.592224199135085,11.143460712201119,11.269517957900813,23664800
2002-07-24,11.811561584472656,11.874590196901519,10.992189622897449,10.992189622897449,26732200
2002-07-25,11.99056625366211,12.164524916605636,11.572056212099287,11.773747624586097,14898000
2002-07-26,11.9628267288208,12.104010156730292,11.811557533823526,12.000643306265141,10545200
2002-07-29,12.462017059326172,12.504876053224033,12.068718179971539,12.101493327019494,12973200
2002-07-30,12.139313697814941,12.404033733478776,12.003171635448226,12.404033733478776,10814600
2002-07-31,12.590595245361328,12.603201737212107,12.139311112268294,12.139311112268294,14246800
2002-08-01,12.588081359863281,12.794815243508788,12.467066473954265,12.567911731341367,11129800
2002-08-02,12.630937576293945,12.817502751777832,12.42924614451448,12.605726507974241,8567400
2002-08-05,12.192261695861816,12.630940542792551,12.12671136405048,12.630940542792551,9946400
2002-08-06,12.068720817565918,12.542696345747848,11.98804425469331,12.348568065791735,10717200
2002-08-07,12.356128692626953,12.356128692626953,12.000647358860947,12.174606943766635,9408400
2002-08-08,12.812456130981445,12.812456130981444,12.313269640886876,12.366213443986235,8422000
2002-08-09,12.883049011230469,12.96876796935987,12.67883690637835,12.792288610040847,8503400
2002-08-12,12.809937477111816,12.870444415636408,12.620851611176688,12.656147485606107,7161800
2002-08-13,12.671277046203613,12.97129398063031,12.59564287243932,12.605727685405412,7377800
2002-08-14,13.097352027893066,13.135168636129302,12.49984076974561,12.671277791549901,9480800
2002-08-15,12.96120834350586,13.253661168741575,12.860362143738797,13.109955959204926,10489200
2002-08-16,13.157861709594727,13.286440704741205,12.920874312336661,12.961212613183585,9989400
2002-08-19,13.034323692321777,13.220887938852949,12.92591434836146,13.220887938852949,9767400
2002-08-20,13.016670227050781,13.09734677971613,12.837668224192946,12.908260929080402,8636000
2002-08-21,13.296524047851562,13.314171992408843,12.94608395598635,13.135169900592231,8965200
2002-08-22,13.210797309875488,13.359544870975936,13.051964940151892,13.296516259691684,6997800
2002-08-23,13.286436080932617,13.462916446373892,13.160378814437507,13.210801913383674,7769400
2002-08-26,13.364585876464844,13.422573043281364,13.13768346030644,13.28643101654217,6329600
2002-08-27,13.241050720214844,13.412488619150793,13.109951093867338,13.369628663546665,7990600
2002-08-28,12.928435325622559,13.170466052802281,12.807420442903096,13.160381238807126,8312000
2002-08-29,12.706571578979492,12.928431653410625,12.60572539115405,12.76960020593526,7309200
2002-08-30,12.857840538024902,13.135166125717447,12.643543580420715,12.656149114090272,9969000
2002-09-03,12.585562705993652,12.779691099428915,12.474632607633957,12.706578582783756,10677800
2002-09-04,12.731788635253906,12.82002836981175,12.60573132203357,12.60573132203357,9965400
2002-09-05,12.441855430603027,12.65111101537338,12.373785333264687,12.618335847281694,7905000
2002-09-06,12.577995300292969,12.681362231881673,12.383866972823306,12.54269941561498,5966000
2002-09-09,12.69396686553955,12.875489644402219,12.482190610779993,12.494797107332635,5963400
2002-09-10,12.8502836227417,12.895664335284225,12.620859336772732,12.73178943313166,5660800
2002-09-11,12.933801651000977,13.057824835094742,12.893304462108365,13.055294183207954,5970600
2002-09-12,12.541486740112305,12.78953217812475,12.493396623175874,12.743972713435804,6457800
2002-09-13,12.566792488098145,12.630069386899185,12.430114154960973,12.478204250459378,7089800
2002-09-16,12.827495574951172,12.883179566033647,12.541483664658072,12.617415765342962,7943400
2002-09-17,12.389622688293457,13.009736775438329,12.387091070478526,12.959115039961938,11016200
2002-09-18,12.478203773498535,12.63766182273019,12.288373084351411,12.326339608392363,8992800
2002-09-19,12.065642356872559,12.225100461850587,11.906185217423682,12.149168352751719,12532600
2002-09-20,12.027677536010742,12.27572295616879,11.939089265256944,12.098547380190409,17571600
2002-09-23,11.896062850952148,12.070706830322376,11.74672925739349,11.926435507031899,7769800
2002-09-24,11.946684837341309,12.1238604383066,11.820130974584576,11.870752712793138,9446400
2002-09-25,12.273188591003418,12.440239577122881,11.946679538192539,12.098543719926989,10466000
2002-09-26,12.258005142211914,12.321282062844631,12.025145572208347,12.273191950754274,10570000
2002-09-27,12.273188591003418,12.478205139792035,12.199787151435903,12.258001786618406,8752400
2002-09-30,12.139042854309082,12.275721219198266,12.009958375599789,12.09854566828959,10303000
2002-10-01,12.670571327209473,12.680694901021827,12.21244606006022,12.250412599826497,11120400
2002-10-02,12.630078315734863,12.908496481075662,12.60476695900327,12.693355259269548,11077400
2002-10-03,12.812308311462402,13.009732924833909,12.68069222439107,12.731313944884507,11420000
2002-10-04,12.883184432983398,13.083138815034674,12.832562691560144,12.959116562353577,10234200
2002-10-07,12.688285827636719,13.133754833899673,12.65791221669932,12.865461362655582,12451400
2002-10-08,13.191970825195312,13.369146378371745,12.84774425685918,12.908490519430474,14686400
2002-10-09,13.067954063415527,13.288157546698269,12.911026555301856,13.035049783904016,11657800
2002-10-10,13.024922370910645,13.161600764422053,12.761690123895177,13.009736526428895,12181800
2002-10-11,13.022388458251953,13.161597469146738,12.837619994260109,13.00973326917589,12385000
2002-10-14,13.300808906555176,13.333713176579016,12.948989372200101,12.959113911519623,8373800
2002-10-15,13.283090591430664,13.440017078676297,12.971768268841954,13.300808051336018,13850800
2002-10-16,11.946684837341309,12.655386275673134,11.865690442419348,12.655386275673134,37382000
2002-10-17,11.617643356323242,12.111202579362127,11.281009665194963,12.073237005182557,33108000
2002-10-18,11.741658210754395,11.80746670952246,11.420211530462131,11.516392662607744,17405000
2002-10-21,12.149166107177734,12.17447648368943,11.870748103433167,11.921368856456562,15011400
2002-10-22,12.118795394897461,12.336468143515631,11.97958637082488,12.149168044660957,10844600
2002-10-23,12.133978843688965,12.194725096763396,11.95427266686755,12.121323655911064,10801200
2002-10-24,11.86822509765625,12.194734405417961,11.774575477979134,12.174485317093355,10427200
2002-10-25,11.888468742370605,11.934028204710074,11.73660354606263,11.878344202844227,9369200
2002-10-28,11.625238418579102,11.891001348887194,11.559429866370614,11.891001348887194,9626800
2002-10-29,11.739136695861816,11.741667348309088,11.394910031271504,11.57967855686173,11569200
2002-10-30,11.858095169067383,11.916310788801717,11.670796014760414,11.693575746017125,10282800
2002-10-31,11.764442443847656,11.936555708280242,11.617640521554558,11.825188699453442,11850000
2002-11-01,11.853034973144531,11.911249632793051,11.554367786753462,11.764446691960789,10783000
2002-11-04,11.567015647888184,11.87074491201666,11.516393942945319,11.855558110875187,13604200
2002-11-05,11.734073638916016,11.756853371531985,11.602457513304781,11.604988165582427,10645200
2002-11-06,11.491089820861816,11.723948438462365,11.364535972462585,11.721417786327246,19806600
2002-11-07,11.344285011291504,11.488556297290238,11.288601018264247,11.44046619046702,11576200
2002-11-08,11.268355369567871,11.440468689679014,11.258230829436794,11.301259642229224,10365600
2002-11-11,11.278475761413574,11.387312113968813,11.202542703888385,11.265819608140086,8224600
2002-11-12,11.215204238891602,11.493622364989278,11.18989288572765,11.415158618475127,11236800
2002-11-13,11.44805908203125,11.60498555726557,11.237980231149203,11.2632906103541,11831600
2002-11-14,11.425278663635254,11.622702312976415,11.422748012079426,11.57967447782422,9944400
2002-11-15,11.635358810424805,11.64295173084519,11.392374736152917,11.425279000523002,13655600
2002-11-18,11.622702598571777,11.716353122431903,11.539177577770824,11.693573395753635,8862400
2002-11-19,11.741658210754395,11.936551125523499,11.604979912262515,11.622697362193469,11389800
2002-11-20,11.663206100463867,11.817601023763196,11.49362339837125,11.817601023763196,11292800
2002-11-21,11.582205772399902,11.769505860387243,11.369595305333034,11.769505860387243,16084800
2002-11-22,11.493617057800293,11.6885100422884,11.326566066171766,11.642950593159805,9489600
2002-11-25,11.417681694030762,11.491083114994362,11.331625088718289,11.402494893494909,10346400
2002-11-26,11.389720916748047,11.488872351601715,11.333789910063064,11.343958566841897,10625800
2002-11-27,11.753275871276855,11.793953404580282,11.389719993077337,11.440567152163844,10498000
2002-11-29,11.603280067443848,11.732940402693963,11.572772152608756,11.732940402693963,5242200
2002-12-02,11.491415023803711,11.743106973653912,11.453279409666916,11.740565051964971,10058000
2002-12-03,11.415143966674805,11.664293977403766,11.38717798090838,11.567684472891267,13710800
2002-12-04,11.603280067443848,11.745651953056157,11.346503258742663,11.364299623215562,12994600
2002-12-05,11.448199272155762,11.641418373614647,11.389725351138543,11.605825636458892,8642800
2002-12-06,11.542265892028809,11.59819691560441,11.389724356332609,11.389724356332609,7989600
2002-12-09,11.465995788574219,11.615994446971353,11.404979944043154,11.491419865319966,8486400
2002-12-10,11.821920394897461,11.821920394897461,11.465991220882936,11.468534112459183,12368400
2002-12-11,11.885481834411621,11.92615938050628,11.69989046974042,11.809211556712789,15685200
2002-12-12,11.661757469177246,11.773621473472192,11.529555172174664,11.771078580740353,11997200
2002-12-13,11.656668663024902,11.801582464588963,11.313451968758253,11.37701068768386,15263600
2002-12-16,11.626160621643066,11.692262231703086,11.516839548706868,11.656668534839728,12417200
2002-12-17,11.420231819152832,11.684636361263086,11.402435452840528,11.65667036567826,11792200
2002-12-18,11.32362174987793,11.425315119638478,11.280401316112147,11.415146461542792,11923600
2002-12-19,11.216843605041504,11.313453139356723,11.077014602902933,11.275317516123845,13308200
2002-12-20,11.206674575805664,11.272775221419193,11.158369325329282,11.24989404220121,16630800
2002-12-23,11.285490036010742,11.338879146350317,11.155830629496146,11.21176166278213,10149600
2002-12-24,11.244803428649902,11.27785421932591,11.14819394735085,11.14819394735085,3392600
2002-12-26,11.224469184875488,11.36429816052054,11.211756666320392,11.237180733601585,4606400
2002-12-27,11.05158805847168,11.254975722764497,10.990571274269392,11.186332204222756,6725200
2002-12-30,11.061758041381836,11.127859646350192,10.906675595510844,11.077012481719686,10272400
2002-12-31,11.145655632019043,11.211756264925656,10.998198956554264,11.049046119467256,8993400
2003-01-02,11.402436256408691,11.438029961370933,11.199048505770932,11.224472580743962,9358800
2003-01-03,11.374470710754395,11.420232103963547,11.242268436402258,11.40497862950358,6184400
2003-01-06,11.420231819152832,11.478706702555229,11.272776074018147,11.338876724631096,7796000
2003-01-07,11.277859687805176,11.37701113808172,11.237182144875591,11.313452416639922,7628000
2003-01-08,11.204133987426758,11.377013828212764,11.160914512144933,11.338878198398746,6403600
2003-01-09,11.321077346801758,11.359212961514661,11.110062929589532,11.160910092597081,9030200
2003-01-10,11.491415023803711,11.537177372836286,11.26514617015874,11.275314826743458,10570200
2003-01-13,11.633785247802734,11.682090485585892,11.46599030090559,11.516837460232066,9982800
2003-01-14,11.626160621643066,11.63124543548069,11.4456540946383,11.567686717254018,10436800
2003-01-15,11.415143966674805,11.631243178786274,11.399889528121605,11.626158365935208,8891200
2003-01-16,11.610901832580566,11.628699159262808,11.443106918083922,11.460904244766162,7965400
2003-01-17,11.465995788574219,11.697349552899015,11.450742312356136,11.567690155898479,10638400
2003-01-21,11.369384765625,11.59056885176723,11.315994700835505,11.491417398318271,7587600
2003-01-22,11.326165199279785,11.588027819595153,11.290572466572453,11.371927561283277,8775000
2003-01-23,11.160914421081543,11.392268181153206,11.153286713283364,11.328709445201328,11129000
2003-01-24,10.888883590698242,11.19142283807996,10.868544328775409,11.186338022599251,11273200
2003-01-27,10.62447452545166,10.871081668406623,10.555831000145956,10.766845419571066,13448600
2003-01-28,10.449051856994629,10.677863607953803,10.423628760145379,10.677863607953803,17152600
2003-01-29,10.309224128723145,10.449053117925732,10.121090861746309,10.449053117925732,26361200
2003-01-30,9.9660062789917,10.365154914504632,9.9660062789917,10.360070101142998,24866000
2003-01-31,10.286341667175293,10.309222842176906,9.953294638609439,9.991429283726145,23750000
2003-02-03,10.207535743713379,10.32702553546756,10.192281294416654,10.309229162869501,12605400
2003-02-04,10.253290176391602,10.314305986637567,10.093121977295509,10.17193414634895,12553800
2003-02-05,10.18210506439209,10.360069644895967,10.133800794327312,10.309222483347869,11931800
2003-02-06,10.146510124206543,10.245661534144693,10.080409507524019,10.18210283856088,10054200
2003-02-07,10.049901008605957,10.230408447837602,10.042274275197848,10.194814762332637,9516400
2003-02-10,10.184645652770996,10.24311953588819,10.004138221602835,10.093120976647132,9055200
2003-02-11,9.915159225463867,10.197360066284325,9.877023609742025,10.14397098013694,15029400
2003-02-12,10.103297233581543,10.232956629994444,9.993976128643702,10.011772497370387,18589400
2003-02-13,10.16430950164795,10.243122656729078,9.991429720703481,10.11346233610622,10950400
2003-02-14,10.372784614562988,10.423631792884374,10.143973766860643,10.20753249730506,10808000
2003-02-18,10.449051856994629,10.555830997385236,10.334646951344022,10.410917211720752,9979800
2003-02-19,10.33973217010498,10.471934424928632,10.24566553545648,10.471934424928632,7042800
2003-02-20,10.18210506439209,10.372781192825757,10.177020251254385,10.291426122280374,8909400
2003-02-21,10.33210563659668,10.34227526482001,10.169395464339901,10.245665736356624,11297600
2003-02-24,10.12363338470459,10.32956399764157,10.12363338470459,10.32956399764157,8390400
2003-02-25,10.266005516052246,10.281258989335571,10.042278532881452,10.093125706760611,11328800
2003-02-26,10.0982084274292,10.250748947610658,10.047361264092386,10.24566413429408,9374600
2003-02-27,10.235496520996094,10.329564131112555,10.095667521687052,10.131260252075261,9354000
2003-02-28,10.22532844543457,10.332106642689727,10.156684902986587,10.23549710481895,8920800
2003-03-03,9.968550682067871,10.281259507928533,9.96855068206787,10.210074042804578,11912800
2003-03-04,9.75499439239502,9.973636596329627,9.739740916660542,9.973636596329627,12807600
2003-03-05,9.54651927947998,9.754991797585413,9.409232215411794,9.521096180132126,23918800
2003-03-06,9.54651927947998,9.599908370007917,9.45753746193342,9.54651927947998,14582000
2003-03-07,9.584656715393066,9.620249449159374,9.4448277028129,9.4448277028129,14152600
2003-03-10,9.424485206604004,9.559229358104469,9.40923076744532,9.508383167233374,11275400
2003-03-11,9.574482917785645,9.711769948116327,9.432111074869141,9.432111074869141,12187600
2003-03-12,9.73047924041748,9.781625188140774,9.584713923499177,9.589828615824288,17142400
2003-03-13,10.088499069213867,10.088499069213869,9.845556569155143,9.866015336772932,16248600
2003-03-14,10.203573226928711,10.231702558163402,10.091051999880532,10.139641066297647,13410200
2003-03-17,10.48232364654541,10.48232364654541,10.152433269692825,10.203579223360563,14134200
2003-03-18,10.477205276489258,10.489991516536683,10.305866538165496,10.489991516536683,12957600
2003-03-19,10.692020416259766,10.70224882584168,10.423504422531495,10.477208206593865,12900000
2003-03-20,10.620416641235352,10.702249778340946,10.47209444605444,10.692021367848705,9475400
2003-03-21,10.804542541503906,10.81732878727582,10.561599969725432,10.727824091344393,13678800
2003-03-24,10.461862564086914,10.738050067572596,10.426060697085669,10.689460983332868,9899400
2003-03-25,10.484881401062012,10.533469524657336,10.374917932715949,10.45930890980721,10120200
2003-03-26,10.415831565856934,10.5002225191425,10.397930631922614,10.497664685421748,9894800
2003-03-27,10.449078559875488,10.548812632314723,10.264953518124333,10.351901346114833,8500400
2003-03-28,10.415831565856934,10.505337211056268,10.339113138205887,10.449076575532557,7672600
2003-03-31,10.351895332336426,10.403041255946835,10.154984160529127,10.310978788553568,11954400
2003-04-01,10.328879356384277,10.37746842111218,10.198458182463066,10.357009662168364,13867600
2003-04-02,10.599958419799805,10.671562168014818,10.484880270505746,10.523239978779735,10338600
2003-04-03,10.536022186279297,10.622969979596492,10.472090014002758,10.599954358555838,8541200
2003-04-04,10.715035438537598,10.894044790187635,10.523238868460155,10.768738244032608,8908400
2003-04-07,10.663894653320312,10.909394147727964,10.638321179614342,10.881263814415535,10194400
2003-04-08,10.702249526977539,10.753395480349257,10.640875163353812,10.727822991427358,6925600
2003-04-09,10.656218528747559,10.909390467627826,10.594844163613397,10.735494807201125,8999200
2003-04-10,10.597400665283203,10.709921956784392,10.56159879090661,10.702249429755184,6655400
2003-04-11,10.59484577178955,10.7278248838022,10.561600749904365,10.676678921408397,6974600
2003-04-14,10.845455169677734,10.865913935896021,10.59484113666973,10.59484113666973,6648400
2003-04-15,10.876143455505371,10.957976577690184,10.738050671523354,10.868471905152973,7816600
2003-04-16,10.203573226928711,10.663884588366898,10.103838236901275,10.395369708821901,30495000
2003-04-17,10.331442832946777,10.390260333750495,9.97342216006658,10.208692163281448,23306200
2003-04-21,10.257281303405762,10.433733806657312,10.208692211902862,10.369801613019058,7049600
2003-04-22,10.333998680114746,10.341670230395112,10.147316810913065,10.203577447709758,13456200
2003-04-23,10.229146957397461,10.357011294364929,10.152428550322474,10.300750673930452,12061000
2003-04-24,10.206131935119629,10.254720034821391,10.037351039464385,10.216361316802377,11738600
2003-04-25,10.080830574035645,10.264955654100335,10.037357138758216,10.24194001909225,10260400
2003-04-28,10.313538551330566,10.369798199855724,10.165215442656201,10.18823106381162,11037600
2003-04-29,10.441404342651367,10.484877757784018,10.313539979751562,10.313539979751562,10469400
2003-04-30,10.331442832946777,10.446520000525265,10.262395947082975,10.387702499721547,12709600
2003-05-01,10.341669082641602,10.38002878084165,10.085940362715004,10.331440675245549,10425800
2003-05-02,10.484881401062012,10.507897033402536,10.27518385108301,10.280298544439573,10687800
2003-05-05,10.364683151245117,10.510448421689123,10.305865671550825,10.48487594374465,7072000
2003-05-06,10.489991188049316,10.561594910494739,10.387699319817953,10.446516802616344,10097000
2003-05-07,11.065382957458496,11.116528901768552,10.807096377680194,10.871028564185828,31069400
2003-05-08,10.965649604797363,11.088399293685326,10.924733041834708,11.009123026151766,15021800
2003-05-09,11.249507904052734,11.298096014336172,11.103741622146941,11.149772874216614,16121800
2003-05-12,11.379926681518555,11.436187305371277,11.21881733400328,11.249505479119783,10735400
2003-05-13,11.315998077392578,11.369700884989115,11.157446513071822,11.328784320792538,9108200
2003-05-14,11.315998077392578,11.410617449185692,11.226493398065015,11.40550275672014,7854800
2003-05-15,11.415726661682129,11.5026744408027,11.367138569875216,11.379924807137312,8908800
2003-05-16,11.239280700683594,11.502681046552091,11.239280700683592,11.44386354094689,9979000
2003-05-19,11.280195236206055,11.346684281488274,11.154887720388949,11.175346488492867,9228400
2003-05-20,11.385046005249023,11.397832249820194,11.244395363910266,11.303212869360003,12090000
2003-05-21,11.287862777709961,11.344123394487585,11.203472828070936,11.315993086098773,10507000
2003-05-22,11.387600898742676,11.474548712560775,11.27508060019539,11.287866842559982,10194600
2003-05-23,11.300655364990234,11.433634458573474,11.264853488934738,11.328785689184683,5883000
2003-05-27,11.420843124389648,11.46943122373821,11.213702536693635,11.246947539157135,8908200
2003-05-28,11.29298210144043,11.40806023955341,11.282752716824206,11.387601470320966,10108800
2003-05-29,11.41061782836914,11.584513475865238,11.341570941081468,11.341570941081468,14845000
2003-05-30,11.653558731079102,11.750735926488577,11.50523656753302,11.528252193405587,11478200
2003-06-02,11.712371826171875,11.819778365082277,11.594736882792166,11.748173680632886,9052200
2003-06-03,11.791654586791992,11.86070147670919,11.699592066902392,11.776310508301089,7629800
2003-06-04,11.91440200805664,11.934859799934893,11.712376069797381,11.737949529054852,7991000
2003-06-05,11.962992668151855,11.980893605685132,11.842800798360981,11.914404548494092,7891800
2003-06-06,11.991127014160156,12.083189566945213,11.942538878202825,11.983455459937488,8624800
2003-06-09,11.986008644104004,12.016696802640956,11.865816770848799,11.865816770848799,6309400
2003-06-10,11.916960716247559,11.986007603670213,11.83512758497505,11.986007603670213,8389400
2003-06-11,12.024879455566406,12.024879455566408,11.713980024597884,11.916964339424128,8274400
2003-06-12,12.191885948181152,12.191885948181152,11.94008315669317,11.950360081534846,8487200
2003-06-13,12.16619873046875,12.225296230770855,12.078838444131364,12.179046609759558,6256000
2003-06-16,12.38459300994873,12.38459300994873,12.153345034224355,12.191886690230094,8161800
2003-06-17,12.127656936645508,12.42057052313208,12.019740837323594,12.358904040640201,18057400
2003-06-18,12.076266288757324,12.140501747740075,11.988906025334568,12.001752921100055,10643600
2003-06-19,11.850152969360352,12.050568196363713,11.803903376986883,12.024873433847914,10096200
2003-06-20,11.940082550048828,11.991470112111248,11.845013403892533,11.906679850584322,14901800
2003-06-23,12.012029647827148,12.02487654232854,11.76279577784823,11.891266683172585,10415200
2003-06-24,12.119948387145996,12.15335110703136,11.965783646399798,11.986339467915567,8915600
2003-06-25,11.9837646484375,12.197026799623101,11.976056708567459,12.122513447028966,9179400
2003-06-26,12.045430183410645,12.060846061967602,11.893834503285273,11.947792038544716,8056600
2003-06-27,11.950359344482422,12.1379276685603,11.929804515911844,12.03771957125592,6847400
2003-06-30,11.924671173095703,11.976059738927692,11.791061293994685,11.909254309299497,13898000
2003-07-01,11.945222854614258,11.98376353052429,11.793627176996049,11.88355640094116,11637800
2003-07-02,11.916960716247559,11.952932410691654,11.82960046681683,11.934946563469607,8860000
2003-07-03,11.878416061401367,11.93494355565627,11.79362580017393,11.857861232679985,6110800
2003-07-07,11.54953670501709,11.909254717871132,11.54953670501709,11.878421969376307,21706800
2003-07-08,11.361966133117676,11.549533519981459,11.331132412970518,11.549533519981459,23908400
2003-07-09,11.274603843688965,11.433907448300552,11.223215299575724,11.33113036007407,15254400
2003-07-10,11.308005332946777,11.39536556210601,11.256617770039528,11.300297394541678,12264000
2003-07-11,11.28231430053711,11.333702856120606,11.138426540934349,11.138426540934349,14111800
2003-07-14,11.377382278442383,11.493006281303616,11.310577843542088,11.343980551069812,14658800
2003-07-15,11.302874565124512,11.415928647796964,11.22836117919797,11.382525926492727,11134400
2003-07-16,11.025374412536621,11.343982728217956,10.863500777463948,11.164123242598912,20595200
2003-07-17,11.500715255737305,11.503285222784875,11.336272650281455,11.377383301645416,22579200
2003-07-18,11.536685943603516,11.557240775662818,11.413353030627409,11.541823916502036,14723800
2003-07-21,11.562381744384766,11.59835344187579,11.46988253360485,11.562381744384766,10212600
2003-07-22,11.5855073928833,11.649742851708302,11.495578142590428,11.613771151591152,8531800
2003-07-23,11.606061935424805,11.639464647609419,11.477591021035838,11.62661775220158,7824200
2003-07-24,11.439046859741211,11.757654081749113,11.43904685974121,11.61119736225024,8869800
2003-07-25,11.572656631469727,11.580364570304297,11.254048430855875,11.436476837744012,9610600
2003-07-28,11.467314720153809,11.546966064133128,11.421065110031146,11.541827109657795,8532200
2003-07-29,11.526403427124023,11.634318457620033,11.395362627059233,11.498139686711827,11342000
2003-07-30,11.660019874572754,11.703699512780961,11.541825894395636,11.613770269319803,10619200
2003-07-31,11.554672241210938,11.878418455011117,11.554672241210938,11.683143132111109,13449000
2003-08-01,11.498146057128906,11.624047975950123,11.408216815224623,11.433910604295782,9515400
2003-08-04,11.534120559692383,11.582940143020801,11.369677917261942,11.43391338572105,6996200
2003-08-05,11.397944450378418,11.534123362959058,11.37481963690664,11.523845450270333,8277600
2003-08-06,11.331130981445312,11.42876912259921,11.277173448237242,11.343978853294384,8778400
2003-08-07,11.505853652954102,11.552103256020128,11.351688962837478,11.382521704829763,7603600
2003-08-08,11.523843765258789,11.554677498816465,11.464747246173244,11.536691644318934,6387000
2003-08-11,11.464738845825195,11.523835321610061,11.390226494712442,11.510988432118541,5639400
2003-08-12,11.472456932067871,11.516136587277403,11.356832873931426,11.516136587277403,7505200
2003-08-13,11.436478614807129,11.495576088905041,11.356827287393246,11.495576088905041,7626800
2003-08-14,11.577796936035156,11.606059708447209,11.426201246938234,11.485297738599055,7240000
2003-08-15,11.564945220947266,11.593208964124923,11.513557666247648,11.593208964124923,4643000
2003-08-18,11.526403427124023,11.588068878791834,11.500708672133534,11.564944089377734,6087800
2003-08-19,11.382519721984863,11.528976446129324,11.29002053196625,11.487865803916055,8300000
2003-08-20,11.277176856994629,11.313148556673193,11.218080353214804,11.305440615357872,7283800
2003-08-21,11.205235481262207,11.354261261151951,11.169263775087286,11.287456803992166,8552400
2003-08-22,11.120438575744629,11.323422792558107,11.099883745518763,11.241201511344672,9080800
2003-08-25,11.323426246643066,11.323426246643066,11.120441967911496,11.164122588217602,6703200
2003-08-26,11.364535331726074,11.433909733118671,11.212939635384139,11.266897176415553,7485000
2003-08-27,11.29515552520752,11.36452989340206,11.241198009996658,11.36452989340206,6206400
2003-08-28,11.261759757995605,11.295161486857847,11.19752430689179,11.233496002685095,7210000
2003-08-29,11.182108879089355,11.26433018862892,11.156414107261163,11.228358488224776,7710800
2003-09-02,11.248908996582031,11.26689483986256,11.069050563776749,11.15897978017939,12356200
2003-09-03,11.23092269897461,11.32856083008695,11.179534157328384,11.248908541527554,13377400
2003-09-04,11.433910369873047,11.457035171625066,11.256620876544373,11.282314665088746,11328200
2003-09-05,11.34398078918457,11.510992370018524,11.29773118706928,11.433910026544764,7674400
2003-09-08,11.374813079833984,11.426201633498694,11.331132466164686,11.408215786739316,6593400
2003-09-09,11.395367622375488,11.510991620131355,11.308007377421623,11.310577344124592,8581200
2003-09-10,11.54953670501709,11.626619066331855,11.428773718192202,11.436481660277057,11486800
2003-09-11,11.484978675842285,11.665722693786778,11.4643227513497,11.657976845224015,11522200
2003-09-12,11.358465194702148,11.415269759005348,11.281002723875202,11.39203121475251,10193200
2003-09-15,11.23194408416748,11.358465267010866,11.224198231025968,11.358465267010866,10719000
2003-09-16,11.082178115844727,11.136402012227107,10.981478141810666,11.120909329692758,18932800
2003-09-17,11.105420112609863,11.193210037748027,11.030541252767069,11.082181574044585,9438000
2003-09-18,11.257759094238281,11.358460063829162,11.185461871432736,11.206118783649055,10341800
2003-09-19,11.149311065673828,11.262921105576021,11.131236763529742,11.25775687853834,11161200
2003-09-22,11.164809226989746,11.255180782068697,11.025377983459869,11.149316538272178,10950600
2003-09-23,11.211275100708008,11.268080589234224,11.138977922565681,11.229350380218769,10899600
2003-09-24,11.100255012512207,11.257759542035629,11.04861371489307,11.2448494638748,11325200
2003-09-25,11.115753173828125,11.206125743438545,11.074440308713086,11.09767885690132,9619200
2003-09-26,11.110583305358887,11.175134685910544,11.069270461204862,11.102837454884975,9366000
2003-09-29,11.120911598205566,11.2319400499108,11.06668867573814,11.105418912510922,9579600
2003-09-30,11.092512130737305,11.203540615444771,10.99955795889141,11.089930508175442,10289200
2003-10-01,11.33264446258545,11.33264446258545,11.102841619225588,11.102841619225588,12962800
2003-10-02,11.425599098205566,11.448837644245037,11.28358619906494,11.348137606399435,8843800
2003-10-03,11.371371269226074,11.732858404079884,11.317148346744386,11.652815323742884,9913200
2003-10-06,11.466909408569336,11.500476408709316,11.38428370436022,11.41268647486512,6665600
2003-10-07,11.531457901000977,11.55727805770567,11.402355147525832,11.428175304230523,9547800
2003-10-08,11.42301082611084,11.49014381727187,11.353295228573002,11.464323663358181,6935800
2003-10-09,11.34296703338623,11.490144081019201,11.299071588754492,11.487562459558868,10227000
2003-10-10,11.317148208618164,11.384281209208147,11.286162837598903,11.306819751611743,6999600
2003-10-13,11.397192001342773,11.425594767400257,11.314566310071513,11.373953464111736,6840400
2003-10-14,11.503053665161133,11.552113335586213,11.322309636437385,11.361040851512373,8420400
2003-10-15,11.645068168640137,11.753514995601524,11.619248011493827,11.657979232189149,17331800
2003-10-16,11.619251251220703,11.62183287366481,11.490148459540473,11.492730081984579,13005400
2003-10-17,11.632156372070312,11.686379285054693,11.544366471772678,11.668304980726568,11085000
2003-10-20,11.776752471923828,11.787080927843844,11.608918510638784,11.670888261183102,8543600
2003-10-21,11.82323169708252,11.86970877223185,11.774172014993812,11.846470234657184,9734600
2003-10-22,11.701879501342773,11.830982321070717,11.657985015423918,11.719953817306578,8019800
2003-10-23,11.753515243530273,11.771589550909122,11.621829878369091,11.676053785481514,7373400
2003-10-24,11.722526550292969,11.722526550292969,11.577931159412584,11.63215406162691,7056400
2003-10-27,11.668305397033691,11.75867790687439,11.647649470625595,11.72252929692841,5982200
2003-10-28,11.71737289428711,11.787088539302113,11.557284679077961,11.787088539302113,9601000
2003-10-29,11.838726997375488,11.936845406401533,11.71737102868732,11.71737102868732,12100000
2003-10-30,11.87745475769043,11.913603375443769,11.758680446507755,11.838723532968446,8750000
2003-10-31,11.980740547180176,11.980740547180174,11.81290650880233,11.880039533167736,11217600
2003-11-03,12.053035736083984,12.081438505554647,11.929097184283311,11.980738493777604,9327800
2003-11-04,12.109837532043457,12.13565768632193,12.006554944978078,12.006554944978078,8834800
2003-11-05,12.1304931640625,12.133075770413116,12.014300502677894,12.076270250408259,7830200
2003-11-06,12.140823364257812,12.145987592725465,12.058197678727097,12.10983897842776,6969200
2003-11-07,12.040125846862793,12.138243252992192,11.9807386847394,12.071110239062811,7444000
2003-11-10,12.037546157836914,12.08402324989228,11.993651673660354,11.993651673660354,4864800
2003-11-11,12.01171875,12.094344422753467,11.970405913623265,12.04012150969195,5364600
2003-11-12,12.156316757202148,12.179554309195295,11.952334153248731,11.970408461449574,6520200
2003-11-13,12.11758804321289,12.145990814831777,12.022052253657101,12.045290795438362,6847000
2003-11-14,12.055617332458496,12.133079789021796,12.003977008051033,12.076274250202323,7043000
2003-11-17,12.053035736083984,12.086602735001682,11.947171494859905,11.996230197142655,6101200
2003-11-18,12.006559371948242,12.078856618565467,11.957500666740284,12.011723601703203,8956000
2003-11-19,12.099509239196777,12.109837695037482,12.006555106581956,12.032375261207957,8055200
2003-11-20,11.993648529052734,12.115004473177892,11.908440220966513,12.071110000509996,7387000
2003-11-21,11.985899925231934,12.011721068561338,11.929095379859055,11.972989846055183,6645800
2003-11-24,11.985899925231934,12.104675214595382,11.936841230369923,11.978154074721065,7904400
2003-11-25,12.024633407592773,12.078856341311075,11.926515014452924,11.954917784965204,6966800
2003-11-26,12.112842559814453,12.1284087883307,11.980533081206596,12.01944815767147,6502000
2003-11-28,12.063546180725098,12.115432598787471,11.990905789228442,11.99868840555991,3406000
2003-12-01,12.198451042175293,12.206233658870643,12.035009164014848,12.10246180754507,8321200
2003-12-02,12.195850372314453,12.21141658794768,12.073918480298243,12.169907669243095,9536000
2003-12-03,12.297039031982422,12.372273326355224,12.193266158179878,12.193266158179878,10977400
2003-12-04,12.234771728515625,12.294440768083678,12.169913947726283,12.258120569185836,8888200
2003-12-05,12.164726257324219,12.193263841680869,12.06354826889703,12.154348773985204,8945000
2003-12-08,12.387842178344727,12.437133759533694,12.092090711907572,12.12841092853646,14496200
2003-12-09,12.39042854309082,12.450098565262321,12.312599413266405,12.312599413266405,10372600
2003-12-10,12.501985549926758,12.556466838278775,12.364487370448165,12.364487370448165,10398600
2003-12-11,12.553871154785156,12.613540190852804,12.421561725183176,12.489013377800607,10501000
2003-12-12,12.808114051818848,12.849622991220594,12.51755147600662,12.582409255675048,13889800
2003-12-15,12.917075157165527,12.935235255627006,12.854811255546785,12.922263898104685,16332800
2003-12-16,13.147974014282227,13.20504919809235,12.919674268693273,12.963778089724244,17192800
2003-12-17,13.015653610229492,13.160935335603767,12.950795856166994,13.114237673506707,11163200
2003-12-18,12.955994606018066,13.020852410194541,12.818496377852437,12.963778215482298,14947200
2003-12-19,12.997501373291016,13.023445084385544,12.909294734872395,12.97934127035054,14125000
2003-12-22,13.013068199157715,13.015662075560913,12.90670145290077,12.984530610465363,9522400
2003-12-23,13.015653610229492,13.062351272326552,12.948201981450842,13.010465860797185,7370200
2003-12-24,12.945608139038086,13.002682289792965,12.927448047027335,12.97414471959013,3341400
2003-12-26,12.961176872253418,12.992309315249985,12.937828034831522,12.958582996829232,2147400
2003-12-29,13.013068199157715,13.013068199157715,12.9118901953586,12.943021660454152,7101400
2003-12-30,13.106459617614746,13.186883616894805,12.961177841717225,12.97155532349229,7118600
2003-12-31,13.166128158569336,13.181694380646967,13.075327670577574,13.106459125081736,6974600
2004-01-02,13.06235408782959,13.228390805324349,12.97414748370622,13.17909826823567,7210200
2004-01-05,13.077924728393555,13.124622416338452,12.987124218306999,13.062358502528145,9740200
2004-01-06,13.023442268371582,13.067545083218999,13.002687303983734,13.028631009468544,8223200
2004-01-07,12.940425872802734,13.033821243946702,12.898916928922226,13.023443760563755,10242800
2004-01-08,13.00268840789795,13.01306589097291,12.883350321489667,12.922265388195143,9070800
2004-01-09,12.865184783935547,13.181690956403337,12.862590909088642,13.002682912790842,13127800
2004-01-12,12.97415542602539,12.98712777929584,12.828874570051804,12.841845933670644,9204400
2004-01-13,12.896321296691895,13.023442986448675,12.865189838044792,12.909292655323918,8906000
2004-01-14,12.919670104980469,12.93264146357925,12.867783680934116,12.898916129152662,7565200
2004-01-15,12.901506423950195,12.917072643738763,12.758819539666638,12.81589468924044,9990200
2004-01-16,12.940425872802734,12.979339951011864,12.865190602753286,12.90151080494232,8282800
2004-01-20,12.953398704528809,12.987125034531187,12.880758291894205,12.893729652771613,8777000
2004-01-21,12.914483070373535,12.968964367130562,12.883351607691916,12.924860554484525,7990200
2004-01-22,12.797738075256348,12.893727315933914,12.719907944794908,12.84962350936235,11138600
2004-01-23,12.981927871704102,13.010465440914743,12.802919842892173,12.81589218500665,11214600
2004-01-26,13.02084732055664,13.07532860690421,12.927452950356164,12.945613049254964,8437000
2004-01-27,12.968955039978027,13.122019356752965,12.966360175990804,12.981926390962213,8519400
2004-01-28,12.813305854797363,13.0467943132582,12.74844805963062,12.919672599284763,10017800
2004-01-29,12.865184783935547,13.010466516633235,12.738063144118716,12.776978194378172,8916600
2004-01-30,12.774391174316406,12.815900121696622,12.621326745292228,12.738069979413769,12398200
2004-02-02,12.870375633239746,12.963770977452933,12.691367560280804,12.712122521061957,8595600
2004-02-03,12.927449226379395,12.971552028242996,12.795138841486821,12.831459028821762,7749600
2004-02-04,12.906693458557129,12.96636247538633,12.81329813146766,12.823675609955561,9109400
2004-02-05,13.070137023925781,13.122023433633753,12.862592374744839,12.867780125029782,10215800
2004-02-06,13.228391647338867,13.23098552277922,13.031223465735993,13.03641220626776,10103000
2004-02-09,13.594185829162598,13.692768904107433,13.256924711806594,13.256924711806594,11581000
2004-02-10,13.53451919555664,13.594189215850282,13.467067549071855,13.581216869911897,10408000
2004-02-11,13.438530921936035,13.474851117969873,13.259523817347354,13.386644503465787,11974200
2004-02-12,13.371077537536621,13.412586469002255,13.306219770268381,13.314002385652254,6958200
2004-02-13,13.267305374145508,13.485227522595284,13.24395653718121,13.485227522595284,8566200
2004-02-17,13.267305374145508,13.329569269267319,13.205042468674739,13.30881430767637,7491600
2004-02-18,13.293251037597656,13.321787629519324,13.207638292879103,13.26730733178089,7385200
2004-02-19,13.230986595153809,13.329570693945511,13.192071532837016,13.269901657470601,9698800
2004-02-20,13.215424537658691,13.22320814636605,13.013068524993646,13.088303808038866,14664600
2004-02-23,13.059762954711914,13.256930175512812,13.036414113728144,13.114243253790308,11319600
2004-02-24,12.914483070373535,13.088302465452896,12.852220145010296,13.02863341629173,14578400
2004-02-25,12.88075065612793,12.981928596504936,12.85999569930659,12.867778313289186,10332400
2004-02-26,12.927449226379395,12.95858067414493,12.834053893431904,12.878156695295507,9824000
2004-02-27,12.961176872253418,13.059760962440432,12.613539176000215,12.743254719532738,14180400
2004-03-01,12.872976303100586,12.927457609081825,12.789958395459628,12.901513894411824,15142800
2004-03-02,12.784767150878906,12.896322628002595,12.717315485238489,12.815899602391097,12598600
2004-03-03,12.74843978881836,12.792543575537241,12.712119605432674,12.712119605432674,11588800
2004-03-04,12.66801929473877,12.725093455696559,12.595377924059182,12.686179389995926,8508000
2004-03-05,12.997501373291016,13.036416445107115,12.603166861168061,12.647269685551679,22941800
2004-03-08,12.935237884521484,13.023444519111555,12.909294174553027,12.966369346832291,12211400
2004-03-09,13.018253326416016,13.127213918817546,12.87297154689615,12.906697868680453,12788400
2004-03-10,12.945608139038086,13.093483739497513,12.8989104768245,13.018248507081092,11676000
2004-03-11,12.562331199645996,12.937792792862515,12.54147172492783,12.91954124980137,18371000
2004-03-12,12.632726669311523,12.632726669311522,12.4319587608492,12.60404539744059,15979600
2004-03-15,12.43978214263916,12.713556236322207,12.405886993976553,12.684875955446385,16688400
2004-03-16,12.557113647460938,12.63272773520351,12.476284692153259,12.515395701574393,11500800
2004-03-17,12.744842529296875,12.778737670210319,12.567541043618464,12.614473848335342,9687000
2004-03-18,12.7865629196167,12.90650189039093,12.742237042379262,12.742237042379262,9101600
2004-03-19,12.71876335144043,12.833488383550872,12.677045429209468,12.789162531699004,12974200
2004-03-22,12.580577850341797,12.71876833538906,12.502356839836441,12.606651188965543,11216800
2004-03-23,12.549287796020508,12.643153392650168,12.53364319837091,12.593612664076755,8855600
2004-03-24,12.643156051635742,12.671836328074148,12.554505302245119,12.593615312643404,10076200
2004-03-25,12.713556289672852,12.71616422089435,12.54929242955431,12.684876008676676,8376600
2004-03-26,12.71876335144043,12.817843789726615,12.606646248950893,12.67183056460138,8349200
2004-03-29,12.880422592163086,12.989931777119615,12.823060069776046,12.875207726979369,9608200
2004-03-30,13.09683609008789,13.13073222180515,12.896068224737945,12.919534624444667,14505400
2004-03-31,13.115092277526855,13.162025093593858,12.992546364137985,13.052515852527078,10403200
2004-04-01,13.188098907470703,13.2089573834282,13.096840215583041,13.162024569230956,8979400
2004-04-02,13.279356956481934,13.31325309977433,13.201135928959292,13.310645168564122,9452800
2004-04-05,13.188098907470703,13.258497134132266,13.164632500372083,13.232423790526822,9491000
2004-04-06,13.263710021972656,13.328894365890832,13.073371857087686,13.089016457696342,9925800
2004-04-07,13.318462371826172,13.36278723743338,13.188093715851211,13.219381914787707,11291200
2004-04-08,13.360185623168945,13.446228453172704,13.29760820573814,13.381044099223008,8024800
2004-04-12,13.258495330810547,13.354968877224547,13.237636857690065,13.310643005563001,9983600
2004-04-13,13.268927574157715,13.295001913782302,13.180276808702823,13.261105769587516,12863000
2004-04-14,13.347145080566406,13.427974020114982,13.221991267307834,13.245457669458446,8876400
2004-04-15,13.349754333496094,13.480123026216496,13.302821524546014,13.41233074900674,8750000
2004-04-16,13.540093421936035,13.571381631809016,13.365398844657191,13.414939587809856,10517000
2004-04-19,13.819076538085938,13.949445184671655,13.636560233939168,13.636560233939168,17597800
2004-04-20,13.631346702575684,13.839937353230937,13.61309516983844,13.832114557319306,9239600
2004-04-21,13.592242240905762,13.74086249355394,13.42797738469249,13.454050729333302,14946400
2004-04-22,13.417546272277832,13.454049348883315,13.21938628729054,13.21938628729054,18415600
2004-04-23,13.310638427734375,13.388859415644012,13.232417439824737,13.362786084552074,13696000
2004-04-26,13.216774940490723,13.344536670224642,13.172450071678004,13.310640538722339,11161600
2004-04-27,13.22199535369873,13.242854826339036,13.169847666732366,13.232425090018882,11534200
2004-04-28,13.091623306274414,13.242851460577757,13.075979700404513,13.21938505713876,9501200
2004-04-29,13.15680980682373,13.203742621396387,12.979508283912429,13.073373913057742,10371400
2004-04-30,13.185495376586914,13.357582087860735,13.102059455644131,13.156814092268839,10971200
2004-05-03,13.198527336120605,13.284571158326253,13.109876577469763,13.206350134724751,8053800
2004-05-04,13.107267379760742,13.180273523242565,13.010794833783462,13.172451720622115,10786000
2004-05-05,13.321073532104492,13.354969671905685,13.128127422429493,13.24545944894576,11156200
2004-05-06,13.315860748291016,13.409726384190499,13.232424848521335,13.232424848521335,9009600
2004-05-07,13.229815483093262,13.448834928439952,13.208956014663004,13.271533425319573,10231800
2004-05-10,13.018621444702148,13.193315065307603,12.974295559335356,13.167241717186766,13490400
2004-05-11,13.049906730651855,13.062943401784525,12.854353679759068,12.880428016658657,10300800
2004-05-12,13.016008377075195,13.036867843048434,12.846529691896016,13.036867843048434,8902400
2004-05-13,12.935181617736816,13.008187766061555,12.84131600152834,12.950825224015446,7085000
2004-05-14,13.036867141723633,13.047296874149177,12.851743867023323,12.869995401451014,8548800
2004-05-17,12.987334251403809,13.06816223372816,12.909112211608623,12.940401425380518,7597800
2004-05-18,13.062947273254395,13.162027793568857,12.914326990099976,12.95865287864903,9899400
2004-05-19,12.869994163513184,13.078583818790152,12.856957496552235,13.04468768898454,9078400
2004-05-20,12.940397262573242,13.023833149855298,12.820457304300332,12.823065235259651,7053400
2004-05-21,12.875210762023926,13.10726684691525,12.854351296371908,13.10726684691525,9992000
2004-05-24,12.992541313171387,13.013399781850948,12.88042418444612,12.932570853462002,9990000
2004-05-25,13.138556480407715,13.172452618463556,12.914322173419206,12.95864804543595,11520800
2004-05-26,13.094236373901367,13.22199718025236,13.026444073089602,13.14638307343714,7401600
2004-05-27,13.381040573120117,13.404506974143636,13.253279830040777,13.271531364766398,11214800
2004-05-28,13.38886833190918,13.427979349226742,13.347150377599876,13.396691132153386,7948400
2004-06-01,13.315860748291016,13.441014597945534,13.22460304374117,13.349756893395691,6464000
2004-06-02,13.542703628540039,13.56095517159274,13.425372564525384,13.454052850297845,11810600
2004-06-03,13.498372077941895,13.60266641613221,13.480120543892738,13.54530487824944,8386800
2004-06-04,13.628746032714844,13.686108587480323,13.506199118310187,13.563561673075668,7293600
2004-06-07,13.743468284606934,13.753898019447647,13.587026240533271,13.628744185261866,7378000
2004-06-08,13.717389106750488,13.727818837154384,13.628738387585035,13.662634514080782,8212000
2004-06-09,13.495768547058105,13.558345966079115,13.407117783648367,13.532272621690387,13833400
2004-06-10,13.461874961853027,13.558347540857637,13.357579582915728,13.558347540857637,9386000
2004-06-14,13.46187686920166,13.490697706907104,13.36231424789399,13.422575545153473,7353400
2004-06-15,13.422567367553711,13.58501080900199,13.349206006797761,13.58501080900199,9286200
2004-06-16,13.412087440490723,13.422567920880352,13.296805154625654,13.385887238990266,7924400
2004-06-17,13.385887145996094,13.419948207288952,13.351826084703234,13.41208734731453,6106800
2004-06-18,13.464493751525879,13.485454719946585,13.281089275740653,13.323010213108077,10107400
2004-06-21,13.406852722167969,13.540476403487203,13.40161347928889,13.44091379772617,5516800
2004-06-22,13.367548942565918,13.435670076570165,13.309907291080481,13.357068460573334,7195000
2004-06-23,13.440914154052734,13.461875124020864,13.283710877188001,13.378033243096466,6094000
2004-06-24,13.372794151306152,13.464495904122318,13.349213557799972,13.401614987755273,6205600
2004-06-25,13.126501083374023,13.451388985001161,13.126501083374023,13.393747341291435,10580800
2004-06-28,13.202489852905273,13.29943184939194,13.168428773257578,13.192009366940729,7731600
2004-06-29,13.241790771484375,13.323012036545892,13.205110071201867,13.205110071201867,6743400
2004-06-30,13.22606372833252,13.267984651422573,13.163182843434262,13.218203867588649,8854000
2004-07-01,13.194622039794922,13.330865276839317,13.152701120663842,13.233922339276436,9761200
2004-07-02,13.239171981811523,13.398995911844215,13.22083162913311,13.257512334489938,6780200
2004-07-06,13.273229598999023,13.375411822802121,13.210347692326502,13.220828176684256,5764600
2004-07-07,13.210345268249512,13.283707645817909,13.14746437258953,13.233925853990456,6745000
2004-07-08,13.247025489807129,13.396368849803702,13.20772418476647,13.239164629114773,8869200
2004-07-09,13.367548942565918,13.367548942565918,13.192004367348346,13.249646018833785,6813400
2004-07-12,13.317771911621094,13.464494703038735,13.23916927396272,13.367552715927214,6718600
2004-07-13,13.273229598999023,13.309910294777161,13.202487828795187,13.210347692326502,5210600
2004-07-14,13.404233932495117,13.454014738727642,13.23130992200823,13.233929543610323,8310000
2004-07-15,13.320388793945312,13.456632071869242,13.302048448789577,13.454011451433367,8425000
2004-07-16,13.252273559570312,13.427817226985187,13.18153176838879,13.427817226985187,7449600
2004-07-19,13.18939208984375,13.28109385964982,13.113410052304818,13.270614371296505,9049600
2004-07-20,13.12126350402832,13.186765016729403,13.053141371113885,13.123883124767906,8366800
2004-07-21,12.890705108642578,13.189392013685476,12.890705108642578,13.087209756641782,9999800
2004-07-22,12.830440521240234,12.898561675352925,12.720397426782423,12.851400491938728,8141800
2004-07-23,11.83481216430664,12.277603004732518,11.557086405858296,12.277603004732518,50347800
2004-07-26,11.606866836547852,11.913414408929647,11.559705671566038,11.881972965959319,21925000
2004-07-27,11.462764739990234,11.67499000127261,11.384163124525054,11.619967970920593,27922000
2004-07-28,11.444425582885742,11.570188380563469,11.407744891830639,11.462765928413292,25208600
2004-07-29,11.281976699829102,11.444420110891823,11.213854592320825,11.444420110891823,26268800
2004-07-30,11.491585731506348,11.523026178251747,11.281981087414044,11.28460070819542,17788200
2004-08-02,11.58328914642334,11.68547136290778,11.441805616149225,11.473247066970536,15973400
2004-08-03,11.557090759277344,11.62521191451745,11.502069710874862,11.604251943472066,12271600
2004-08-04,11.580665588378906,11.66450742978561,11.48110302690585,11.491583506950084,10292400
2004-08-05,11.48896598815918,11.654030095250347,11.46276578045055,11.580668714087098,15254600
2004-08-06,11.397268295288086,11.499450540778243,11.326526510070082,11.460150215306603,17143200
2004-08-09,11.323899269104004,11.439181545519348,11.305558929662325,11.39726062687072,9179800
2004-08-10,11.386781692504883,11.3894023124799,11.281979881398673,11.331760666713597,10483200
2004-08-11,11.64616870880127,11.690709255972083,11.33176126007215,11.386782288744472,13898400
2004-08-12,11.486345291137695,11.695949931592553,11.47586480924651,11.643548521610398,11305000
2004-08-13,11.625204086303711,11.633064944692187,11.452280193858416,11.48634124827938,8895200
2004-08-16,11.664509773254395,11.698570840504432,11.562327570978065,11.659269532179481,9069400
2004-08-17,11.61473274230957,11.743115192048132,11.591152149575574,11.66451354942618,8221200
2004-08-18,11.677611351013184,11.68809183448663,11.567569272963762,11.633070795461919,8944000
2004-08-19,11.533510208129883,11.67237314015511,11.436568217818353,11.619971713144468,10514000
2004-08-20,11.58328914642334,11.58328914642334,11.412985785440583,11.502067897153106,9611600
2004-08-23,11.617350578308105,11.716913176712122,11.52826846383587,11.591150367952606,8768200
2004-08-24,11.533510208129883,11.65927303327097,11.525650343894217,11.65927303327097,9699600
2004-08-25,11.617350578308105,11.646171409383529,11.452286454541383,11.523028221869978,9734400
2004-08-26,11.648796081542969,11.698577902067335,11.575434661158924,11.617355615589005,5642400
2004-08-27,11.71691608428955,11.761456652841526,11.659274407834802,11.672374516263371,5444200
2004-08-30,11.619969367980957,11.70381123448723,11.61734974692246,11.659270680175599,5287800
2004-08-31,11.714290618896484,11.716911239183059,11.533506798600778,11.627829139441596,7030200
2004-09-01,11.695951461791992,11.753593120261089,11.606869353009706,11.737872395367544,7076200
2004-09-02,11.892457008361816,11.913417976619177,11.672371839029404,11.695952428581947,10707400
2004-09-03,11.918657302856445,12.020839516574481,11.897696336209721,11.905556198965293,9841800
2004-09-07,11.960578918457031,11.999879233949002,11.829575867869217,11.973679023621022,8490200
2004-09-08,11.384167671203613,11.881978767617772,11.371067563306378,11.881978767617772,23239400
2004-09-09,11.399881362915039,11.431322804584367,11.271498974256339,11.344860339204166,18173800
2004-09-10,11.255780220031738,11.316041494549683,11.179798221932405,11.279360805666917,20256000
2004-09-13,11.279502868652344,11.324305155950345,11.200441132312688,11.279502868652344,18311200
2004-09-14,11.29794979095459,11.38228243791801,11.21361714399117,11.21361714399117,18448400
2004-09-15,10.847295761108398,10.868379423064122,10.641735083661782,10.757692208445249,61406200
2004-09-16,10.552132606506348,10.897369060962077,10.528413987050849,10.860473654103398,43299200
2004-09-17,10.620644569396973,10.69443633330813,10.528406121162636,10.528406121162636,24090600
2004-09-20,10.657543182373047,10.670720969253766,10.570575619839456,10.64700236032206,14747000
2004-09-21,10.733973503112793,10.802494398580924,10.639099035741122,10.712890846654826,15514000
2004-09-22,10.652274131774902,10.791950855612932,10.647004222489695,10.74451362945272,20142000
2004-09-23,10.546858787536621,10.712889078026526,10.546858787536623,10.65491002302151,15195200
2004-09-24,10.538954734802246,10.56794326197698,10.470433838836385,10.544224644961773,14931800
2004-09-27,10.44407844543457,10.538952896950573,10.338662164789197,10.338662164789197,17705800
2004-09-28,10.538954734802246,10.557402436333593,10.462527968272761,10.488881540367732,13817200
2004-09-29,10.544220924377441,10.567939533023413,10.446711535643553,10.488877839311503,13398800
2004-09-30,10.554765701293945,10.644369247294732,10.51787030093908,10.583755231665416,12534000
2004-10-01,10.62328815460205,10.74451620368974,10.615381278131526,10.668089431529253,15593800
2004-10-04,10.739239692687988,10.778771038471609,10.633823440814258,10.633823440814258,13469800
2004-10-05,10.710254669189453,10.842024536685042,10.697077883504756,10.739244200890372,15395400
2004-10-06,10.778773307800293,10.778773307800293,10.657544291025166,10.697075645131592,12522200
2004-10-07,10.573213577270508,10.794586988404703,10.570578622340317,10.791952033474512,8238000
2004-10-08,10.54158878326416,10.618015543220645,10.517870168288846,10.557401528355784,13898800
2004-10-11,10.544220924377441,10.583752273895387,10.491513798785489,10.573210446647405,7699200
2004-10-12,10.48360824584961,10.50205594319464,10.42826515381452,10.451983765447288,11810200
2004-10-13,10.380825996398926,10.512595813068774,10.343930608583195,10.483606292549581,12224000
2004-10-14,10.317583084106445,10.48097747088699,10.317583084106445,10.409821607613727,10283600
2004-10-15,10.330754280090332,10.407181018381282,10.293858890659932,10.407181018381282,14591400
2004-10-18,10.341296195983887,10.36237884498635,10.280681192457367,10.304399800912622,10428200
2004-10-19,10.378194808959961,10.475704227193987,10.330757577316536,10.475704227193987,15291600
2004-10-20,10.396645545959473,10.409822335192269,10.346572339420439,10.351843256178473,11038000
2004-10-21,10.404544830322266,10.415086657163295,10.317577272193624,10.357107614861574,11923600
2004-10-22,10.25169563293457,10.607473857066731,10.212164272331325,10.541588926277496,22106400
2004-10-25,10.185813903808594,10.285958306252724,10.122563908027153,10.283323350535595,14432800
2004-10-26,10.357109069824219,10.409817206109846,10.093569393720173,10.21216244903181,16715800
2004-10-27,10.654908180236816,10.654908180236818,10.259598703370225,10.3123068346839,17942400
2004-10-28,10.67072582244873,10.739245720901911,10.538955936302694,10.628559499094976,12326400
2004-10-29,10.715522766113281,10.778772728217747,10.67335645981832,10.778772728217747,16822600
2004-11-01,10.681266784667969,10.74715172857601,10.623288717649526,10.726069069294157,11649200
2004-11-02,10.712892532348633,10.87101599929956,10.54159127204806,10.54159127204806,12005400
2004-11-03,10.765595436096191,10.82621044667593,10.699710516645606,10.747147739075954,13773800
2004-11-04,10.90000057220459,10.931625050127845,10.784042477612608,10.802491178835536,17884000
2004-11-05,10.910542488098145,11.000146014041283,10.844657572120074,10.98169731266931,12283600
2004-11-08,10.878918647766113,10.963251272529867,10.85256507952401,10.950074488408816,10122200
2004-11-09,10.868374824523926,10.952707426016007,10.860467951973854,10.92371790575487,10215800
2004-11-10,10.849928855895996,10.934262483934972,10.80776254453859,10.931626523980293,10052000
2004-11-11,10.794589042663574,10.831484450653255,10.372925800889398,10.586392377208119,37510800
2004-11-12,10.749783515930176,10.755054430035429,10.567940497933161,10.72869985950916,23008600
2004-11-15,10.694438934326172,10.75505293009704,10.652271627364945,10.726063409223162,13567400
2004-11-16,10.607475280761719,10.8051300996579,10.581121707038653,10.697078838874297,14366400
2004-11-17,10.615379333496094,10.74978515030467,10.517869921033949,10.620650248402727,14161200
2004-11-18,10.615379333496094,10.670723437353626,10.557401280171582,10.668087477238197,12628600
2004-11-19,10.470436096191406,10.639101406740721,10.465165179571171,10.59430012345555,18230600
2004-11-22,10.50733470916748,10.515241589169616,10.40455431706343,10.515241589169616,14761600
2004-11-23,10.465161323547363,10.502056720969872,10.38082869934615,10.488879936936716,15814800
2004-11-24,10.488880157470703,10.496787032316188,10.436172014905685,10.488880157470703,11893600
2004-11-26,10.504698753356934,10.525781418932272,10.45726149915647,10.462532416881494,6474800
2004-11-29,10.531214714050293,10.608123854798265,10.435741437489984,10.608123854798265,13666800
2004-11-30,10.425130844116211,10.531211442710362,10.398609935715763,10.48347481925877,16382800
2004-12-01,10.547123908996582,10.547123908996582,10.422478169618227,10.462259026087253,20019800
2004-12-02,10.719504356384277,10.740721081158114,10.528558891765357,10.547123020107904,25100400
2004-12-03,10.796415328979492,10.939625210904694,10.74072293434279,10.74337451956246,20564000
2004-12-06,10.711554527282715,10.82559195697426,10.67442625001936,10.812332002475873,11860600
2004-12-07,10.650558471679688,10.740727583215445,10.642602700907917,10.711555074825975,11603200
2004-12-08,10.711554527282715,10.738075447949166,10.653209513486198,10.703598756917618,12023200
2004-12-09,10.822938919067383,10.852110410383203,10.626688179137362,10.645252315279041,15715600
2004-12-10,10.74868106842041,10.804374486989525,10.674424525887611,10.674424525887611,10780000
2004-12-13,10.83619499206543,10.849454940037758,10.67176941153635,10.767241643938627,13432400
2004-12-14,10.95288372039795,10.98205621232556,10.817630635251675,10.83619476435667,14325800
2004-12-15,10.997964859008789,11.021833161066445,10.875970753120331,10.992660679477222,12765800
2004-12-16,10.907803535461426,11.029796715855714,10.860066897625483,11.00327681113331,13292600
2004-12-17,10.860065460205078,10.950234540663947,10.860065460205078,10.870673825357741,22433000
2004-12-20,10.860065460205078,10.929017810358621,10.820284596717284,10.926366224905147,11756400
2004-12-21,10.87332534790039,10.915757796596154,10.820284534113343,10.860065397370972,14368000
2004-12-22,11.027142524719238,11.082834918479813,10.87332428099657,10.875975866174526,14404000
2004-12-23,11.008585929870605,11.085495111451271,10.958197679009169,11.005934342633715,8831800
2004-12-27,11.045705795288086,11.104049769680437,10.99266499083842,10.995316575809765,8800600
2004-12-28,11.098745346069336,11.106702124148274,11.011228880554436,11.07222545025735,10439400
2004-12-29,11.02183723449707,11.069573856254793,10.952883886771835,11.066921259674265,10343200
2004-12-30,11.045705795288086,11.114658132904209,10.95818831619576,11.005924939033537,9978600
2004-12-31,11.043054580688477,11.109355341630812,11.016534680979271,11.053662945239887,9805800
2005-01-03,11.016538619995117,11.130576050524109,10.982061928710385,11.112011911756104,14072000
2005-01-04,10.862717628479004,11.045708396337654,10.846806091565687,11.016535896437322,16860200
2005-01-05,10.812325477600098,10.926362838473919,10.804369712036038,10.873322040819037,13271000
2005-01-06,10.902498245239258,10.913106610718946,10.753984163531863,10.791112431041357,10038600
2005-01-07,10.915763854980469,10.995324613983561,10.833550497397644,10.891895526112549,9732800
2005-01-10,10.976753234863281,11.013881497145563,10.875975800333322,10.891888346312559,10577000
2005-01-11,10.915763854980469,10.95819632722678,10.875982969643955,10.942283770758188,10594000
2005-01-12,10.915763854980469,10.93963218384839,10.833550497397644,10.918415441890266,10857200
2005-01-13,10.804372787475586,10.923713351582748,10.769896107435844,10.915757583754099,9431200
2005-01-14,10.865368843078613,10.90249710671087,10.807023850702604,10.807023850702604,8296400
2005-01-18,10.93962287902832,10.94227446368278,10.76724053808509,10.79906562395309,10045800
2005-01-19,10.899846076965332,10.990015163752188,10.894542905686212,10.897194491325772,8542600
2005-01-20,10.960844039916992,11.0165364452268,10.78580903179562,10.878630718981453,13351600
2005-01-21,10.849457740783691,10.979407692464633,10.822937837993022,10.936975240997898,13431600
2005-01-24,10.862717628479004,10.921062628279667,10.80702522594352,10.860066042883265,13641800
2005-01-25,10.936971664428711,10.98735986792099,10.894539226838077,10.91310335505466,9709400
2005-01-26,11.05366325378418,11.104051469305901,10.913105960397193,10.913105960397193,15601000
2005-01-27,11.07487964630127,11.13852882759349,11.01388306221716,11.053663926983473,11226400
2005-01-28,11.003276824951172,11.040405096276972,10.929019270630057,11.013884179851745,13453000
2005-01-31,11.003276824951172,11.093445917457906,10.976755908525947,11.07753336760277,14094600
2005-02-01,10.984710693359375,11.00592742459848,10.907802571791187,11.00592742459848,10813000
2005-02-02,11.11731243133545,11.119965028623426,10.968799356631076,10.992667673875628,13188200
2005-02-03,11.069578170776367,11.117313799470539,11.032448885861571,11.112010627580853,9620200
2005-02-04,11.263175964355469,11.273783319471192,11.021841184173196,11.035101136820007,15542400
2005-02-07,11.268476486206055,11.294996382882385,11.207478902845917,11.294996382882385,8667000
2005-02-08,11.31091594696045,11.371912556503265,11.255222510708455,11.313567533605859,9454600
2005-02-09,11.34007740020752,11.432899037280672,11.24460519050702,11.353338356695785,14255400
2005-02-10,11.271135330200195,11.430256836076254,11.207486120847856,11.37191282347896,8683800
2005-02-11,11.34007740020752,11.424943272722865,11.226041065426177,11.226041065426177,10168000
2005-02-14,11.366604804992676,11.395777307287794,11.310912397885375,11.393124709804862,6977200
2005-02-15,11.31091594696045,11.387824099715402,11.194225901165641,11.387824099715402,11663400
2005-02-16,11.48328971862793,11.708712876040915,11.44350987555681,11.626499581689945,33930000
2005-02-17,11.403733253479004,11.496553933432532,11.353345028885595,11.493902347577945,14434800
2005-02-18,11.393120765686035,11.422293257882096,11.340079962754032,11.422293257882096,11256600
2005-02-22,11.348039627075195,11.443512894301941,11.260522128227537,11.350691212645083,17063600
2005-02-23,11.292346954345703,11.382515024932015,11.244610321876829,11.348039355002921,11546800
2005-02-24,11.313560485839844,11.355992927422045,11.247259732638328,11.305604719189809,9311000
2005-02-25,11.409036636352539,11.41699240502762,11.23665422948301,11.324171731586777,10707200
2005-02-28,11.350693702697754,11.4408628068961,11.321521196682165,11.366606254616162,13223200
2005-03-01,11.475337982177734,11.509814667615318,11.340083837898492,11.350692204443828,9999400
2005-03-02,11.41434097290039,11.50981424496351,11.366604336868832,11.4090367898225,9719200
2005-03-03,11.451470375061035,11.517771152586091,11.416993687480526,11.454121961027424,9450000
2005-03-04,11.57346248626709,11.607939170640353,11.470033444816785,11.520421666847335,13141400
2005-03-07,11.594683647155762,11.629159333027122,11.538990209075347,11.546946992612476,9485000
2005-03-08,11.515117645263672,11.615895102407887,11.496553509956778,11.554898513303876,11534600
2005-03-09,11.459430694580078,11.5177757257022,11.350697416733382,11.462083293269256,12479200
2005-03-10,11.422298431396484,11.507163349857983,11.395778523753377,11.47003507448978,9968600
2005-03-11,11.339545249938965,11.454328865065428,11.291496247407451,11.451659928608954,11803400
2005-03-14,11.302173614501953,11.411618334404434,11.238107940717637,11.371577161003069,11332000
2005-03-15,11.275481224060059,11.398272673727552,11.259464549555391,11.344884777001424,10415800
2005-03-16,11.195394515991211,11.344880365032157,11.168701087153808,11.278145774649616,14509600
2005-03-17,11.211416244506836,11.251457424124446,11.14468162400382,11.179383911786449,8479200
2005-03-18,11.067272186279297,11.24078265341032,11.051256524771047,11.214088187080288,31165400
2005-03-21,11.10464096069336,11.128665465923039,11.011212894961023,11.10997985277657,13221800
2005-03-22,11.051248550415039,11.176708887622379,11.019215213933602,11.115313186799844,13188600
2005-03-23,10.992528915405273,11.043246870298619,10.96049657643525,11.024561254375296,13798200
2005-03-24,10.997862815856934,11.05925852863324,10.920450431721456,11.05925852863324,10321600
2005-03-28,10.976507186889648,11.101968566045823,10.968499360403671,11.05391957055151,11567800
2005-03-29,11.04858112335205,11.06459779525575,10.968499800412092,10.997863189757572,10896000
2005-03-30,11.198067665100098,11.214083319656824,11.064598446250965,11.064598446250965,13239800
2005-03-31,11.123326301574707,11.187391986715564,11.080616184243974,11.187391986715564,9457400
2005-04-01,11.045910835266113,11.198065635716533,11.021886339495566,11.166033314118852,11705200
2005-04-04,11.069930076599121,11.104631317571558,11.011203332970906,11.104631317571558,9298200
2005-04-05,11.17403793334961,11.198062422225886,11.077939977844501,11.115311178698965,8743600
2005-04-06,11.13399600982666,11.232763911876384,11.10463263453019,11.20873942466007,8363000
2005-04-07,11.243447303771973,11.280818524094602,11.163365971896422,11.163365971896422,10670200
2005-04-08,11.238110542297363,11.318192907638856,11.224763820836973,11.27014389574979,7767400
2005-04-11,11.176715850830078,11.28616060627093,11.160700190900476,11.278152776306127,9955200
2005-04-12,11.299508094787598,11.320862646979808,11.128666585801675,11.150022156283534,14217000
2005-04-13,11.238110542297363,11.363571964262098,11.21408603635283,11.299507293936395,13992400
2005-04-14,11.230095863342285,11.336871606477267,11.21674915002265,11.264798132604497,13765800
2005-04-15,11.02188491821289,11.246113177060504,10.984513711453125,11.232766462973302,14048600
2005-04-18,10.936467170715332,11.032565162886193,10.875071457559335,10.97650732192703,15410600
2005-04-19,11.318190574645996,11.456997671169555,11.227431461817904,11.398271905190931,25291800
2005-04-20,11.17938232421875,11.358230592989898,11.112647713192619,11.350222765519353,16812400
2005-04-21,11.206071853637695,11.291492044501073,11.142007219634662,11.291492044501073,16392600
2005-04-22,11.246118545532227,11.360902174395736,11.182052861726511,11.198069537250314,13380200
2005-04-25,11.392929077148438,11.406275791245655,11.240774296204327,11.326194488373336,12265400
2005-04-26,11.467673301696777,11.561102351709623,11.371575315758614,11.392930876317838,17567600
2005-04-27,11.430309295654297,11.465011594297755,11.339550142633588,11.448994913780046,10492600
2005-04-28,11.395601272583008,11.456996989624844,11.376915663843723,11.379585618400366,10612000
2005-04-29,11.595799446105957,11.611816110773754,11.371571232200843,11.400934608280732,16370800
2005-05-02,11.630502700805664,11.643849413354298,11.542413583353559,11.609148164385628,10587800
2005-05-03,11.68122386932373,11.750628423169795,11.617159223931095,11.63050594019713,13355600
2005-05-04,11.726607322692871,11.809358616770393,11.662541640457132,11.73995404282422,11776000
2005-05-05,11.785326957702637,11.809351446668275,11.681220159992296,11.6865590484612,9011800
2005-05-06,11.796010971069336,11.886770094281163,11.771986467328277,11.804019817842676,11362800
2005-05-09,11.897445678710938,11.90545350571466,11.77198429144302,11.798678745270925,9263200
2005-05-10,11.806685447692871,11.85473444171716,11.7506286274276,11.777322060423673,8607000
2005-05-11,11.817365646362305,11.830712365591443,11.68923530884164,11.779994425204952,9109200
2005-05-12,11.790672302246094,11.945497111124546,11.678558628194388,11.790672302246094,7955200
2005-05-13,11.77465534210205,11.870753348249918,11.710589665240343,11.870753348249918,9995000
2005-05-16,11.814698219299316,11.841392681758284,11.766650223452421,11.801351497214645,5694200
2005-05-17,11.852071762084961,11.873426316096404,11.673222408076658,11.75330376762661,8947200
2005-05-18,11.990877151489258,11.996216043782079,11.83872228515739,11.862746791330295,12734800
2005-05-19,12.078959465026855,12.08162840028692,11.980192567781788,11.996208215920008,12546400
2005-05-20,12.02558422088623,12.065625419848878,11.945502841250928,12.065625419848878,12042800
2005-05-23,12.004222869873047,12.057609747231824,11.96685164840614,12.004222869873049,10954600
2005-05-24,12.01756763458252,12.04959995944568,11.948163076041544,11.950833030448868,7739800
2005-05-25,11.985540390014648,12.06562174526116,11.966854774400119,11.977531541687222,7436800
2005-05-26,11.982866287231445,12.02557639646702,11.969519569024577,11.996213005438314,6121200
2005-05-27,11.99354362487793,12.02290701481903,11.945494626481452,11.982865843392203,6379200
2005-05-31,11.913458824157715,11.958837854797242,11.844054283040917,11.950830030164148,12964600
2005-06-01,11.90278434753418,11.99354345227815,11.86007424049521,11.88943763001374,9291200
2005-06-02,11.95350170135498,11.972187308634687,11.825371386455906,11.868081491422265,11104000
2005-06-03,11.806685447692871,11.91880010651261,11.705248569387242,11.91079126198243,9711200
2005-06-06,11.737287521362305,11.790674412873427,11.691907441630232,11.74796428869072,8067200
2005-06-07,11.77465534210205,11.870753348249918,11.7372841215533,11.753299777051685,7902600
2005-06-08,11.718598365783691,11.80401858834582,11.681226127409555,11.779994087107134,8908600
2005-06-09,11.651864051818848,11.721267602570384,11.598476156777219,11.665210771006905,10212600
2005-06-10,11.73194408416748,11.734613020393347,11.62783826044078,11.673217304305531,9273400
2005-06-13,11.710454940795898,11.807169116327525,11.678217223891538,11.71314099019687,8915400
2005-06-14,11.748064994812012,11.820600621604623,11.710454156805136,11.710454156805136,9641600
2005-06-15,11.72388744354248,11.78030370532154,11.659412008600288,11.78030370532154,9612200
2005-06-16,11.761494636535645,11.80447858810382,11.66209444068766,11.740003173160678,7681600
2005-06-17,11.834029197692871,11.87432709707299,11.758807545322675,11.860894805552336,14473400
2005-06-20,11.79642105102539,11.834031885753665,11.756123142491736,11.766869388076495,5860800
2005-06-21,11.734628677368164,11.807164279301315,11.702390973670582,11.766866381065745,7781000
2005-06-22,11.66746711730957,11.772240431205947,11.621796094051696,11.734629603121935,10469000
2005-06-23,11.570749282836914,11.686268803570279,11.55194387479361,11.645970915010128,9401400
2005-06-24,11.33702564239502,11.551945350937226,11.3182202319487,11.533139940490909,15487000
2005-06-27,11.371954917907715,11.409565753692009,11.304792418344787,11.35046242613474,9165200
2005-06-28,11.517021179199219,11.549259905776825,11.409561831728046,11.468664114150869,10173800
2005-06-29,11.471355438232422,11.522398570335747,11.449862945882533,11.51433939811376,7701000
2005-06-30,11.21613597869873,11.452548233582098,11.194643489701022,11.433742818118244,20526600
2005-07-01,11.339714050292969,11.41762278110867,11.242999905117367,11.27255156334527,15284600
2005-07-05,11.390761375427246,11.452550757686408,11.337031165909302,11.406879720909675,11501200
2005-07-06,11.269866943359375,11.369267149692869,11.261806747027547,11.347775684050816,10375800
2005-07-07,11.218820571899414,11.296729297180905,11.119420385226771,11.159718284460135,12983600
2005-07-08,11.479419708251953,11.511657436274522,11.216142708960021,11.269872938876903,12800400
2005-07-11,11.490158081054688,11.554633492892723,11.428368717702321,11.47135266720041,10255400
2005-07-12,11.503592491149902,11.586874356994187,11.428370821883053,11.535830203004497,12893000
2005-07-13,11.533143997192383,11.543890242603911,11.45523525518636,11.457922328948426,7104800
2005-07-14,11.600309371948242,11.640607289830632,11.538519982728898,11.549266230806685,12267200
2005-07-15,11.573441505432129,11.592246921843746,11.479413398555712,11.557322137871457,9868200
2005-07-18,11.533143997192383,11.659409818731914,11.52777087448662,11.573441905076429,7096600
2005-07-19,11.64059829711914,11.664775799388384,11.530450876641941,11.611046650144072,10527000
2005-07-20,11.64059829711914,11.699700566251451,11.541197116417937,11.64059829711914,12966800
2005-07-21,11.80716609954834,11.973728789951725,11.694332581984687,11.909253372616735,26064600
2005-07-22,11.828657150268555,11.863581931248264,11.592245928545932,11.740003198327132,14347600
2005-07-25,11.726572036743164,11.871642247078944,11.670154762082108,11.842091610126817,10391800
2005-07-26,11.737322807312012,11.839410134933606,11.705085081417392,11.726577581893025,11479600
2005-07-27,11.823287010192871,11.871644096109284,11.734633035891784,11.793736368638179,11134200
2005-07-28,11.925371170043945,11.984474487251005,11.820597853044694,11.882387218843785,12293000
2005-07-29,11.756121635437012,11.933430565582208,11.756121635437012,11.898506809136306,9949400
2005-08-01,11.785675048828125,11.839405253043127,11.726572746528188,11.817913786248171,10047400
2005-08-02,11.895821571350098,11.91462698920542,11.774929892228283,11.780301990342593,8803400
2005-08-03,12.000593185424805,12.008653381077139,11.78567342303072,11.817912156003532,12820200
2005-08-04,11.917309761047363,11.971039946160099,11.844774164867877,11.928056003033518,9906400
2005-08-05,11.83672046661377,11.874331306130667,11.713140676291589,11.84746568874823,8597800
2005-08-08,11.731945991516113,11.836720361146284,11.675529732743447,11.834033287022725,7319400
2005-08-09,11.847464561462402,11.858210807392872,11.753437471616836,11.785675184589827,8243200
2005-08-10,11.793734550476074,11.936118712158141,11.774929133831966,11.890447682580772,8072000
2005-08-11,11.850149154663086,11.85552227650352,11.715824183106838,11.74000271897969,8301200
2005-08-12,11.707769393920898,11.84478046525919,11.659412304079481,11.785677127715548,8020000
2005-08-15,11.697016716003418,11.742686706403767,11.667465063477064,11.68627047420874,5786800
2005-08-16,11.63254451751709,11.721199507314878,11.600306805235348,11.713139310630645,8983000
2005-08-17,11.635236740112305,11.66478739163643,11.581506512654064,11.594938813313913,11194000
2005-08-18,11.694331169128418,11.734629068707887,11.611050346397478,11.648661172768634,13145600
2005-08-19,11.925371170043945,12.011339072444267,11.890446389438116,11.914624926039346,23074000
2005-08-22,11.893136024475098,12.022087905850135,11.809854152728978,11.971044773061617,12600200
2005-08-23,11.871644020080566,11.909255883744628,11.809854638431643,11.90119568626451,8960200
2005-08-24,11.774927139282227,11.930743568628072,11.753434652576221,11.88507357160507,10785200
2005-08-25,11.769561767578125,11.801799494046726,11.686279863980491,11.745383216521963,7725800
2005-08-26,11.705080032348633,11.796421070331812,11.69970690954746,11.723885449743548,10020600
2005-08-29,11.820598602294922,11.847463189191,11.643289664253231,11.648662786596107,6421200
2005-08-30,11.65672492980957,11.799109121335334,11.605681791765264,11.766871403876749,13138600
2005-08-31,11.820598602294922,11.83671796932355,11.584186343299901,11.648662786596107,15536400
2005-09-01,11.788362503051758,11.90388208715492,11.71851292787297,11.769557084692494,9958400
2005-09-02,11.793734550476074,11.86358309446586,11.7400043494279,11.839404555235097,8507600
2005-09-06,11.960297584533691,12.005967590564817,11.914626553684192,11.914626553684192,10253200
2005-09-07,11.995220184326172,12.01133852477991,11.887759798816376,11.979100819054247,12324400
2005-09-08,11.895821571350098,11.898508645225665,11.73463198264207,11.740005105574792,17879000
2005-09-09,11.834029197692871,11.911937923258089,11.796418371507773,11.89581855854241,15940800
2005-09-12,11.8877592086792,11.928057107449433,11.793732144639499,11.793732144639499,9145200
2005-09-13,11.803945541381836,11.860721028452804,11.774205705865423,11.779613042445133,12303000
2005-09-14,11.766098022460938,11.849910212416669,11.73095084198347,11.79313368046253,10005200
2005-09-15,11.7958402633667,11.817468587896535,11.717435395339075,11.787728739241613,10943200
2005-09-16,11.733659744262695,11.852618131180437,11.687697869567316,11.814767782222276,39747600
2005-09-19,11.722843170166016,11.774211345260658,11.668770809814317,11.72013898490896,11264800
2005-09-20,11.598478317260742,11.725547187396781,11.593070977692996,11.706622014581955,14977600
2005-09-21,11.42274284362793,11.517368703167515,11.39570717842934,11.493036191950976,14035400
2005-09-22,11.414629936218262,11.425443581203973,11.314595727182114,11.384890091982884,12395200
2005-09-23,11.449776649475098,11.520071017727421,11.420037835123798,11.42274098866688,10658200
2005-09-26,11.45518970489502,11.552519782530489,11.355156472367392,11.503854743712754,15488400
2005-09-27,11.44437313079834,11.57414619071668,11.43626160550403,11.43626160550403,10018800
2005-09-28,11.590362548828125,11.625509727478269,11.449774865571735,11.511958732162064,11590600
2005-09-29,11.652545928955078,11.655250113547641,11.503847748035504,11.609288257572217,15022800
2005-09-30,11.676877975463867,11.730950320407159,11.614695139749553,11.676877975463869,9953400
2005-10-03,11.682291984558105,11.749882196500254,11.657959467005142,11.682291984558105,13063800
2005-10-04,11.636323928833008,11.787725249756345,11.628212407109153,11.72554241704224,9836800
2005-10-05,11.522775650024414,11.674178051475684,11.522775650024414,11.61469835245117,10305600
2005-10-06,11.54710865020752,11.59307051904271,11.474111115947764,11.530887663490592,13721400
2005-10-07,11.409218788146973,11.536287582887176,11.365961128616359,11.528177094020172,14741800
2005-10-10,11.349743843078613,11.433556044513148,11.317300842764503,11.393001520612222,12022200
2005-10-11,11.263230323791504,11.355153032450842,11.241601997171719,11.314598501939981,11594800
2005-10-12,11.279448509216309,11.355149173677345,11.222671979526327,11.228079317179859,17748200
2005-10-13,11.279448509216309,11.333519823063218,11.219968826371662,11.219968826371662,9680400
2005-10-14,11.374075889587402,11.414630411842616,11.233488185472162,11.279450046117693,10720800
2005-10-17,11.37948226928711,11.444369293160026,11.333520412513739,11.341631935088014,9956200
2005-10-18,11.287561416625977,11.414631300328388,11.287561416625977,11.357854758482878,11762000
2005-10-19,11.301079750061035,11.328116445318265,11.160492028756838,11.2929692571561,14578800
2005-10-20,11.382184982299805,11.609288010053893,11.376778675918422,11.598474365946911,21683000
2005-10-21,11.336224555969238,11.528180410906856,11.303781559822772,11.460590233984236,13578600
2005-10-24,11.463297843933105,11.487630356149754,11.371375134597379,11.403818140438059,11878600
2005-10-25,11.479519844055176,11.517370192766384,11.371376137929532,11.422744320988365,11748200
2005-10-26,11.447075843811035,11.584959392364826,11.438965350173918,11.48492618924366,10462600
2005-10-27,11.395709991455078,11.490335874353018,11.387598464817561,11.449781335199745,8195200
2005-10-28,11.579550743103027,11.617401080883356,11.447073529527522,11.463295544866671,12878000
2005-10-31,11.566032409667969,11.617401611583052,11.463296068526603,11.517367392771785,19920400
2005-11-01,11.53088665008545,11.574144329769716,11.482221631522593,11.522775126095349,11631400
2005-11-02,11.503849029541016,11.528181536863482,11.460591353339336,11.511960552878072,12415400
2005-11-03,11.511961936950684,11.56873745041439,11.487629426702743,11.52547976901188,9076400
2005-11-04,11.436258316040039,11.544403017204795,11.363260797455474,11.533588340819458,11434800
2005-11-07,11.4660005569458,11.482222574914383,11.38489252979193,11.449778538977219,10704000
2005-11-08,11.3930025100708,11.501147228969158,11.355152167859718,11.46600004062552,9146200
2005-11-09,11.403820991516113,11.466003864650704,11.360563295798796,11.401116805402319,9225400
2005-11-10,11.49573802947998,11.536291518995546,11.417333172534525,11.457887693394397,9571800
2005-11-11,11.560620307922363,11.560620307922363,11.420033685194232,11.476809171066435,8627000
2005-11-14,11.511961936950684,11.56873745041439,11.484925241483817,11.549812279259822,6991200
2005-11-15,11.479519844055176,11.536295367121987,11.422744320988365,11.482224029731492,8944200
2005-11-16,11.3930025100708,11.490332550810427,11.387595170991435,11.47411053357233,10351400
2005-11-17,11.320002555847168,11.438961927434462,11.320002555847166,11.40381474661601,14969200
2005-11-18,11.409218788146973,11.484919434489559,11.325406621593427,11.482216281981875,17160400
2005-11-21,11.395709991455078,11.441670839907,11.365970133588648,11.441670839907,13533000
2005-11-22,11.447075843811035,11.471408356066947,11.374078307043298,11.39841081929921,13147600
2005-11-23,11.53088665008545,11.574144329769716,11.452481783362577,11.476814292644006,9917600
2005-11-25,11.571440696716309,11.603883700191213,11.552515525410573,11.584958528885478,3958400
2005-11-28,11.566032409667969,11.701212782969725,11.557921917300071,11.611994272889653,15625800
2005-11-29,11.715710639953613,11.770139237117245,11.644954190338295,11.658561080094417,14827800
2005-11-30,11.617738723754883,11.75108872745029,11.612295760528632,11.710267022322958,13232000
2005-12-01,11.658562660217285,11.68033347914992,11.620462948480709,11.620462948480709,10905200
2005-12-02,11.653120040893555,11.683055826183931,11.595970471597004,11.601413436026101,8286800
2005-12-05,11.606855392456055,11.710268593210024,11.593247463495436,11.623183246186036,9906000
2005-12-06,11.576919555664062,11.628626155799413,11.525211917389495,11.601412374283802,16146600
2005-12-07,11.484389305114746,11.615017302973932,11.42179678769091,11.54153885952707,12944600
2005-12-08,11.397305488586426,11.468061940865736,11.351040815906766,11.454455050597312,13954400
2005-12-09,11.296608924865723,11.427237940167046,11.22585249320481,11.383695281112898,18714200
2005-12-12,11.198637008666992,11.353757772717827,11.185029086304969,11.274836390828463,19171400
2005-12-13,11.146936416625977,11.22041488348201,11.095229808752194,11.214971918736445,20553000
2005-12-14,11.182310104370117,11.266674462511945,11.149653368825078,11.190474028721649,13085800
2005-12-15,11.20136547088623,11.220415329182718,11.117001071187925,11.15782278933149,13107800
2005-12-16,11.21496868133545,11.29661105267261,11.201361792469102,11.247626460381575,16554200
2005-12-19,11.272113800048828,11.364642061309787,11.187750499404698,11.187750499404698,14156200
2005-12-20,11.217690467834473,11.307496763149128,11.195918615552705,11.296610837008245,11937600
2005-12-21,11.21496868133545,11.277561200631908,11.179590977910761,11.201361792469102,9821400
2005-12-22,11.234017372131348,11.236739372506694,11.160538934081545,11.220410484671525,11072200
2005-12-23,11.198637008666992,11.234014700019834,11.187751086032861,11.214964854479467,5063200
2005-12-27,11.14965534210205,11.25306852931999,11.059848005785373,11.185033045979145,14248000
2005-12-28,11.09795093536377,11.198644227429336,11.084344042369322,11.152379545480947,9763000
2005-12-29,11.048959732055664,11.13060312523162,10.999974111405638,11.068009580293023,11163400
2005-12-30,10.970043182373047,11.068013419517724,10.970043182373047,10.989093037218337,11743200
2006-01-03,11.13060474395752,11.155097557844528,10.980925860126352,11.100668967191286,13640800
2006-01-04,11.108830451965332,11.176865915800564,11.065287796636337,11.155095107205462,19993200
2006-01-05,11.163259506225586,11.193195277690583,11.043517458504432,11.081617153773033,16613000
2006-01-06,11.269401550292969,11.310223270517913,11.119723639700622,11.174152253954057,17122800
2006-01-09,11.323822975158691,11.340150822370697,11.225851739331407,11.291166242595866,13819600
2006-01-10,11.334712982177734,11.356483799016518,11.206805929530137,11.206805929530137,13849800
2006-01-11,11.340153694152832,11.378254436286712,11.285726138811153,11.337432731641378,10574400
2006-01-12,11.277559280395508,11.329266902678048,11.234016620553783,11.234016620553783,17086000
2006-01-13,11.24218463897705,11.307498127424466,11.171427148663307,11.261234492952479,10548400
2006-01-17,11.165984153747559,11.234019642938103,11.130606446828684,11.17959208209701,11574000
2006-01-18,11.108830451965332,11.157816068977802,11.048958911585917,11.157816068977802,12906200
2006-01-19,11.138765335083008,11.195914871000003,11.048958031665983,11.141486296638657,10907600
2006-01-20,10.910167694091797,11.122438022126866,10.711504252034054,11.11155313622832,18971600
2006-01-23,11.021745681762695,11.065288339226822,10.885674747419946,10.885674747419946,13222200
2006-01-24,11.13060474395752,11.239460887124983,11.076176153304278,11.212247110867871,15888400
2006-01-25,11.19591999053955,11.20952688081721,11.130606501951114,11.19591999053955,13699000
2006-01-26,11.288450241088867,11.315665064468304,11.198643919285134,11.234021632469357,14573200
2006-01-27,11.421798706054688,11.427241669980381,11.217692230467659,11.288448685223239,13646400
2006-01-30,11.36192798614502,11.419077554406929,11.304778417883112,11.389141769658512,12143400
2006-01-31,11.261231422424316,11.359202666521426,11.214966762427839,11.359202666521426,13115000
2006-02-01,11.293888092041016,11.304774016463787,11.165981075420683,11.209523734972876,12966600
2006-02-02,11.220413208007812,11.296612626788555,11.152377716056655,11.244906026635796,12468400
2006-02-03,11.125160217285156,11.220409458935482,11.027188975508322,11.163259913945287,12538000
2006-02-06,11.141486167907715,11.157815051469065,11.057122864854154,11.111551438586622,13500600
2006-02-07,11.165984153747559,11.288448241918374,11.05168503021425,11.266677425209771,20573000
2006-02-08,11.220413208007812,11.236742099806207,11.068013332307105,11.2285771348374,18185800
2006-02-09,11.15782356262207,11.272122720322463,11.130609774066592,11.19048031651654,15045200
2006-02-10,11.20136547088623,11.272121939110404,11.078901354594953,11.133329966073234,12782000
2006-02-13,11.087066650390625,11.261237381782422,11.057130861281514,11.261237381782422,11791600
2006-02-14,11.25034236907959,11.277556134587462,11.141485230770892,11.155093151663435,14048800
2006-02-15,11.25034236907959,11.277556134587462,11.187749877900602,11.263949251833527,13561600
2006-02-16,11.318385124206543,11.326549051498978,11.201363988364998,11.234020735674019,14381400
2006-02-17,11.372809410095215,11.402745182986228,11.220409583622276,11.331987712854945,14525200
2006-02-21,11.389137268066406,11.440844889699454,11.321101798034613,11.372809419667663,20793200
2006-02-22,11.45173168182373,11.476223456277733,11.408187981090489,11.443566718866766,11821200
2006-02-23,11.438125610351562,11.514326060847575,11.413632793788404,11.478947317336537,9523400
2006-02-24,11.492554664611816,11.522490445841024,11.38641946799129,11.432683102153396,10691400
2006-02-27,11.57419204711914,11.57419204711914,11.478942818999055,11.506156587565156,13199800
2006-02-28,11.421798706054688,11.58780547230108,11.408190777170843,11.571476580523997,16189400
2006-03-01,11.514326095581055,11.53337594872774,11.389140011581096,11.402747939376559,11036800
2006-03-02,11.40546989440918,11.470784423837166,11.348320329996707,11.449012567981429,11537800
2006-03-03,11.375533103942871,11.443568590256092,11.312940581111402,11.329269471556664,10586800
2006-03-06,11.41635513305664,11.481668620401997,11.34831964482405,11.367369498478043,10945800
2006-03-07,11.375533103942871,11.440847627584782,11.348319324673234,11.416354810986457,11242600
2006-03-08,11.492554664611816,11.56875408000313,11.348319760295633,11.353762723986323,13843000
2006-03-09,11.538820266723633,11.590526868743002,11.462619807052828,11.462619807052828,13296600
2006-03-10,11.639507293701172,11.683049949090744,11.574192791547414,11.598685600087723,15399000
2006-03-13,11.647733688354492,11.732712950861087,11.625802881437675,11.675146151282085,13502200
2006-03-14,11.729970932006836,11.751900690978873,11.634025230063992,11.64224980468204,11377200
2006-03-15,11.713525772094727,11.738197410712196,11.664182494859787,11.702560366993943,12805400
2006-03-16,11.702559471130371,11.721748405728482,11.653216197672796,11.708042173261045,14209000
2006-03-17,11.729970932006836,11.74367716207915,11.672404138272123,11.702557426143885,16508800
2006-03-20,11.75738525390625,11.784798764110066,11.702559279217104,11.738196319622821,11851600
2006-03-21,11.71900463104248,11.749158962320315,11.653213267734635,11.732710860063793,14625800
2006-03-22,11.724486351013184,11.773829607936824,11.702555549839051,11.738192578887938,16481600
2006-03-23,11.625802993774414,11.743678467795231,11.56823619363916,11.719006832634632,12053200
2006-03-24,11.69433307647705,11.721745534697734,11.603871127774196,11.609352782843732,9723600
2006-03-27,11.620322227478027,11.6915963167994,11.603875165110493,11.666924677529481,9339200
2006-03-28,11.557271003723145,11.647734016223795,11.543564771873536,11.598390744990434,10910400
2006-03-29,11.557271003723145,11.609355103039045,11.518893136256853,11.540822898072538,8702000
2006-03-30,11.546309471130371,11.584687351463756,11.486001821628825,11.507931590796986,13586200
2006-03-31,11.47777271270752,11.565493846192698,11.461325653753047,11.546304913600215,14535800
2006-04-03,11.47777271270752,11.576459249307945,11.458583780115037,11.540822212042592,11291600
2006-04-04,11.5353422164917,11.549048449499304,11.42569026099376,11.464068131702474,9257600
2006-04-05,11.499704360961914,11.535341400836659,11.444878387089647,11.527116825038812,13148800
2006-04-06,11.428431510925293,11.513411831857216,11.398278215483565,11.513411831857216,10988400
2006-04-07,11.335227966308594,11.480516973499693,11.324263606631916,11.45584533421959,11893400
2006-04-10,11.370865821838379,11.376348524926994,11.299592773123733,11.335228774621712,7726200
2006-04-11,11.318777084350586,11.51614908626852,11.25846842074658,11.51614908626852,11085200
2006-04-12,11.280397415161133,11.332481496282352,11.211865234135168,11.310550696409358,10010000
2006-04-13,11.310555458068848,11.357157904559195,11.26121322901809,11.285883820684202,9029000
2006-04-17,11.250246047973633,11.348932581928935,11.200902780995984,11.32151907487559,9270800
2006-04-18,11.32152271270752,11.373607869985692,11.252990491630937,11.252990491630937,11528400
2006-04-19,11.428431510925293,11.546307001432746,11.348934938260975,11.370864702738467,16677600
2006-04-20,11.461324691772461,11.579200151071756,11.390050623223983,11.442135760790556,12246600
2006-04-21,11.472288131713867,11.51889056445987,11.42842757215669,11.516148691271043,13110600
2006-04-24,11.392793655395508,11.485997492095239,11.381828252085324,11.444877752541258,12466400
2006-04-25,11.335227966308594,11.4092428841489,11.307815498538975,11.390053947566445,12600800
2006-04-26,11.436659812927246,11.453106880213102,11.335231351309476,11.335231351309476,12248600
2006-04-27,11.527115821838379,11.551787455647812,11.406499526391357,11.411982227873274,13146400
2006-04-28,11.502445220947266,11.538082260920737,11.466809226692273,11.516151453023685,11529400
2006-05-01,11.505186080932617,11.56549370589812,11.48873797645927,11.538081244160926,13265600
2006-05-02,11.579198837280273,11.595645892988193,11.510666649915429,11.54081993395268,10551400
2006-05-03,11.491480827331543,11.576461146826386,11.466810234856034,11.554531382719743,14313200
2006-05-04,11.5353422164917,11.549048449499304,11.458585429355722,11.499705174097087,13301800
2006-05-05,11.708036422729492,11.757379671951584,11.524370697294588,11.587420172252152,18958000
2006-05-08,11.88896656036377,11.990394976081864,11.738195919398152,11.746419449319664,27358400
2006-05-09,11.971203804016113,11.971203804016113,11.83688128199483,11.83688128199483,13929600
2006-05-10,11.946535110473633,11.995877338626807,11.9163807713611,11.971205701690963,14902400
2006-05-11,11.891706466674805,11.949273258037907,11.861552134327006,11.935567028530256,16969400
2006-05-12,11.836882591247559,11.894449392766882,11.817693657407785,11.864295055099104,14767800
2006-05-15,12.045223236083984,12.061671346196636,11.801248687532734,11.839626565410178,18623200
2006-05-16,12.017806053161621,12.116492583708302,11.962980086666983,12.100044480044412,16978000
2006-05-17,11.938310623168945,12.05344527829898,11.842365948659353,11.995877427874701,19862400
2006-05-18,11.938310623168945,12.039737999896019,11.88622652068067,11.946535199354427,15375800
2006-05-19,11.96572208404541,11.993134544717428,11.861552851198729,11.990393716937563,16014600
2006-05-22,11.952014923095703,11.987651958887204,11.891707299892802,11.938308692627697,15634200
2006-05-23,11.946535110473633,11.99861921257441,11.930087003943564,11.98765380822103,13705800
2006-05-24,12.069892883300781,12.108270754834555,11.910898694701059,11.930087630467947,20534800
2006-05-25,12.163097381591797,12.163097381591797,12.020550247075038,12.113754102500664,14125400
2006-05-26,12.195990562438965,12.270004416934318,12.121975662225244,12.195990562438965,12337000
2006-05-30,11.971203804016113,12.149387936497972,11.960239447119319,12.119233602165501,16652200
2006-05-31,12.069892883300781,12.086340990694643,11.94105303539719,11.979430906930963,14599800
2006-06-01,12.03973388671875,12.075370916098304,11.97120170099093,12.056181987751968,9973400
2006-06-02,12.031510353088379,12.097301711470417,11.952012766711212,11.993132496414757,12120400
2006-06-05,11.905410766601562,12.028768903613592,11.894445366485359,12.004097276211185,11428600
2006-06-06,11.924599647521973,11.982166429330766,11.84236123840682,11.952012101987652,16578600
2006-06-07,11.891706466674805,12.006840049401006,11.88348189239559,11.95749678659884,11577400
2006-06-08,11.894451141357422,11.930088186178166,11.80124728655452,11.916381952237455,23080400
2006-06-09,11.938310623168945,12.01780823674462,11.90541545558259,12.006842832309662,13947800
2006-06-12,11.872523307800293,11.973950710325663,11.861557900576257,11.97120883566026,13990600
2006-06-13,11.84766674041748,11.941542492313932,11.806250564806039,11.922215224563818,18118600
2006-06-14,11.820060729980469,11.905652644280426,11.731707174618116,11.825582958847798,12402600
2006-06-15,11.883563041687012,11.90565090066404,11.739988271935756,11.858713542052039,14639400
2006-06-16,11.930498123168945,11.974674885948453,11.853189051619083,11.853189051619083,16754800
2006-06-19,11.853191375732422,11.963633830964737,11.797970148116264,11.930500462440655,11623000
2006-06-20,11.817299842834473,11.905653403833577,11.789689749993824,11.844910988932648,11303800
2006-06-21,11.875282287597656,11.911176252764,11.784168133877039,11.784168133877039,9266400
2006-06-22,11.836627006530762,11.886326015779925,11.767600721824422,11.87804319865757,8044600
2006-06-23,11.803488731384277,11.878037207657542,11.789683692057446,11.800728144821706,7681400
2006-06-26,11.825577735900879,11.836621135500591,11.73170199313285,11.797966603759109,9625600
2006-06-27,11.73723030090332,11.811778823115711,11.670965649997395,11.78692931571158,12008800
2006-06-28,11.712381362915039,11.75103697329004,11.695815726012011,11.715143004570667,10224200
2006-06-29,11.889089584350586,11.913939093003558,11.712381382119611,11.748275350897838,14379000
2006-06-30,11.87803840637207,12.007808106305813,11.87803840637207,11.938781849448645,22568000
2006-07-03,11.974678993225098,11.996767908819832,11.902892124057145,11.927741627472487,5875600
2006-07-05,11.87803840637207,11.974674744669265,11.828339417174343,11.927737395569796,11837800
2006-07-06,11.963634490966797,12.035421353547974,11.883563759168942,11.922218304655528,10246000
2006-07-07,11.92221736907959,12.007810322552674,11.905650685203652,11.936022412347562,5874000
2006-07-10,12.046468734741211,12.07960105987903,11.93878788810008,11.955353524040177,9588800
2006-07-11,12.096161842346191,12.1707103274464,12.043701212132833,12.065790120276796,15525400
2006-07-12,12.029900550842285,12.112731880023947,11.99400658866915,12.101688475188556,8300400
2006-07-13,11.900129318237305,12.051987964944058,11.831103043646005,12.010571778886332,12870400
2006-07-14,11.775880813598633,11.922216153178065,11.69857068331944,11.872517159876148,13775200
2006-07-17,11.78968620300293,11.825580155502903,11.745509435794196,11.751031663352439,11175800
2006-07-18,12.024377822875977,12.071316241194413,11.891847491032813,11.969156587960295,23951200
2006-07-19,12.098925590515137,12.123775092041365,12.024377085936448,12.118252863562493,16154800
2006-07-20,12.104449272155762,12.14034323494887,12.051989675194687,12.09616645507178,10657600
2006-07-21,12.121018409729004,12.236982085375748,12.085124439680271,12.236982085375748,18399800
2006-07-24,12.1486234664917,12.192800236966834,12.112729511337752,12.112729511337752,11459200
2006-07-25,12.217653274536133,12.256307828239438,12.071317877442876,12.112733019300306,10983800
2006-07-26,12.27287483215332,12.32533443448981,12.15967175629002,12.176237392155427,16632800
2006-07-27,12.23421573638916,12.325329859602228,12.20936623855701,12.300480361770077,12820000
2006-07-28,12.292198181152344,12.333613310838004,12.234216367638046,12.283915365866667,12831000
2006-07-31,12.286677360534668,12.36674809499184,12.267350087149474,12.292199589110066,12836200
2006-08-01,12.23421573638916,12.325329859602228,12.214888466214958,12.286675319253822,9094400
2006-08-02,12.23421573638916,12.283914732053463,12.201082370441473,12.228693508731213,9120600
2006-08-03,12.154144287109375,12.245258404864014,12.118250336111647,12.20384327979633,11378000
2006-08-04,12.107202529907227,12.203839901494726,12.07959245417187,12.201078261967066,9781800
2006-08-07,12.040936470031738,12.137572776670538,12.005042533313008,12.10720106508213,10029400
2006-08-08,12.096161842346191,12.148621419302437,12.065790120276796,12.09616184234619,8162800
2006-08-09,12.079595565795898,12.176231909019407,12.068551111354028,12.134816784748109,7719000
2006-08-10,12.121018409729004,12.198327526826834,12.068557748905997,12.085124439680271,8430600
2006-08-11,12.082362174987793,12.115495554828074,12.040947030073951,12.071318768298706,5677400
2006-08-14,12.145864486694336,12.190041263016456,12.115492755487113,12.145864486694338,8528800
2006-08-15,12.23697566986084,12.24525848427666,12.178993862435759,12.214887813666264,9501200
2006-08-16,12.239734649658203,12.27562753982961,12.206601292682674,12.256300274889023,9839400
2006-08-17,12.198324203491211,12.236978751509003,12.134820152710915,12.192801974737606,9517200
2006-08-18,12.23421573638916,12.26458640862203,12.082357108938666,12.082357108938666,9963000
2006-08-21,12.20108413696289,12.297721555082683,12.170713460332834,12.245260911365333,8328400
2006-08-22,12.261833190917969,12.292204934661818,12.181762421640157,12.225939216197249,8017800
2006-08-23,12.23697566986084,12.27010798078129,12.184516089798697,12.239737310170895,7561200
2006-08-24,12.289433479309082,12.314282972233494,12.198319374090918,12.231451680237795,10326200
2006-08-25,12.292198181152344,12.319808267609451,12.24525977026652,12.272870909980911,5025800
2006-08-28,12.3446626663208,12.419211193252046,12.245264630412475,12.292203059928164,8918600
2006-08-29,12.463387489318848,12.468909719235615,12.32809654275985,12.336379361006172,14100000
2006-08-30,12.41368293762207,12.535169835100305,12.405400123069352,12.485470841269608,12119200
2006-08-31,12.372276306152344,12.463390488560956,12.369514663900556,12.457868257315296,7306800
2006-09-01,12.444060325622559,12.46062701552514,12.388839079204958,12.419210817397522,7852000
2006-09-05,12.419208526611328,12.444058030252748,12.37227116043169,12.427491343405977,8144800
2006-09-06,12.341900825500488,12.386077608837205,12.289440171173538,12.317051319044985,9858000
2006-09-07,12.283913612365723,12.341895417603247,12.250780249438165,12.328090376345331,14780600
2006-09-08,12.314287185668945,12.333614458639028,12.236978093788615,12.267349823672282,8646200
2006-09-11,12.300484657287598,12.388838224154723,12.231458367344056,12.231458367344056,8995000
2006-09-12,12.363981246948242,12.416441869691882,12.278389373220348,12.278389373220348,10300800
2006-09-13,12.402910232543945,12.45017479206597,12.358425504511624,12.45017479206597,10795800
2006-09-14,12.39456558227539,12.441830126181078,12.350079808341722,12.350079808341722,7799800
2006-09-15,12.400131225585938,12.464079026166171,12.363988107727225,12.427934847707721,15846400
2006-09-18,12.355647087097168,12.452958178320218,12.311162350155135,12.377889985868078,8969000
2006-09-19,12.33896255493164,12.389008002700589,12.29447783031474,12.38344727954854,8292600
2006-09-20,12.358427047729492,12.40013088888016,12.313942314142286,12.352866323456126,8288200
2006-09-21,12.288919448852539,12.386229471057376,12.252775271776589,12.358426910598766,12089600
2006-09-22,12.2305326461792,12.288918655733907,12.216630306247444,12.261115036470025,9691600
2006-09-25,12.344528198242188,12.40291422371038,12.236095644458507,12.28058038680569,12606800
2006-09-26,12.411250114440918,12.436272838889368,12.319500831862946,12.363985557482467,10611400
2006-09-27,12.430716514587402,12.483542874116917,12.32784574905082,12.386231773225646,11340200
2006-09-28,12.497445106506348,12.508566557841785,12.41959600775825,12.458521087432285,9706200
2006-09-29,12.422379493713379,12.497447714996003,12.408478206942567,12.452962960969286,9214800
2006-10-02,12.372325897216797,12.49187879410528,12.372325897216797,12.483538239633827,9450600
2006-10-03,12.389012336730957,12.461299641796773,12.372330161438908,12.372330161438908,10755000
2006-10-04,12.45573902130127,12.461299746445318,12.17492929542603,12.17492929542603,10242000
2006-10-05,12.464077949523926,12.497441232588422,12.422373050243573,12.43349449813162,8949800
2006-10-06,12.444621086120605,12.480765279466269,12.416818513147126,12.461303266264798,10106200
2006-10-09,12.350082397460938,12.416810011751252,12.280574952016607,12.386226566059836,15335800
2006-10-10,12.249995231628418,12.3695481486466,12.219411779284277,12.363987424529514,25847200
2006-10-11,12.266679763793945,12.275021382595373,12.205513902649987,12.230536637854325,10412400
2006-10-12,12.247215270996094,12.302821455797616,12.222192540865397,12.288920174747176,11042400
2006-10-13,12.238871574401855,12.288917021823268,12.194386850093878,12.266674129369534,16628600
2006-10-16,12.302821159362793,12.36676789913384,12.233313695185602,12.27501859793181,14568800
2006-10-17,12.174921035766602,12.2972537241436,12.16379959302347,12.261109565527995,16209800
2006-10-18,12.222190856933594,12.275017202486698,12.155464292844933,12.211069409385612,20173800
2006-10-19,12.486319541931152,12.550266275144649,12.400129913374025,12.427933532553562,35323000
2006-10-20,12.997896194458008,13.10076694758525,12.539146492766642,12.569729947626035,53627400
2006-10-23,13.145247459411621,13.206414349474688,12.98399074097184,12.997892017640877,30265400
2006-10-24,13.075740814208984,13.134127876744635,13.036816812918211,13.081301537336165,20931600
2006-10-25,13.120227813720703,13.145250541832299,13.067402525751632,13.109107426137516,14119400
2006-10-26,13.10632610321045,13.123008274936678,13.036818645250614,13.111886827119191,15688600
2006-10-27,13.031254768371582,13.072959657296655,13.000671324573114,13.05627748960675,13495800
2006-10-30,13.0006742477417,13.1202271582354,12.972871689273237,13.059061317484861,10973600
2006-10-31,12.9895601272583,13.050725997517047,12.931173029347493,13.017362699139538,12161800
2006-11-01,12.967308044433594,13.039596377127259,12.928384047105949,12.995111657238612,10464600
2006-11-02,12.986771583557129,13.020135922880748,12.903362856447094,12.931165411950602,15476800
2006-11-03,12.928391456604004,13.020141840545318,12.900588888464206,13.011800221623385,11942600
2006-11-06,13.014577865600586,13.03960059491927,12.88112366276752,12.983994411922227,18737000
2006-11-07,13.045160293579102,13.070183022964727,12.947850268523736,12.975652829796774,16346000
2006-11-08,13.034040451049805,13.067403738094022,12.936729361321156,12.972873540968926,14765000
2006-11-09,12.970090866088867,13.070180705283125,12.936726525757908,12.98399214426033,16073600
2006-11-10,12.920047760009766,12.997895780371952,12.867221408535656,12.97009321898538,9880800
2006-11-13,12.903361320495605,12.95618659390402,12.842194432949478,12.903361320495607,13673200
2006-11-14,12.942279815673828,12.958961976257813,12.833848423375253,12.88111401473041,16383000
2006-11-15,12.970090866088867,12.997893422431794,12.892241799249504,12.92004541619197,19823800
2006-11-16,13.10632610321045,13.120227382682486,12.997894638489049,13.011795917961088,14747000
2006-11-17,13.139684677124023,13.170268117361942,13.081298687905777,13.103541575569448,18904800
2006-11-20,13.078523635864258,13.16749309782799,13.056280740073502,13.097985639381347,12338400
2006-11-21,13.064624786376953,13.111889357824275,13.017359154329789,13.031260436484892,12110600
2006-11-22,13.095203399658203,13.117446293160246,13.034037563726663,13.067400843380188,7258600
2006-11-24,13.045160293579102,13.12022848173598,13.025698288568027,13.039600629804275,4565800
2006-11-27,12.942279815673828,13.056271928167064,12.897795114715464,13.028469387792686,18962400
2006-11-28,12.978435516357422,13.05350371489135,12.886685142393771,12.892245867537012,14540000
2006-11-29,13.054000854492188,13.10158245974041,12.975632407836303,13.042805057058487,15077800
2006-11-30,13.107182502746582,13.157561464060038,12.98962874584136,13.000824545106655,21071200
2006-12-01,13.034407615661621,13.076391318562399,12.939245481084448,13.056799208592679,15461000
2006-12-04,13.107182502746582,13.22753360793285,13.026014559608473,13.079193004583345,14004400
2006-12-05,13.434653282165527,13.434653282165527,13.11278095353752,13.1519662558037,26343400
2006-12-06,13.541007041931152,13.58578916290434,13.415056993040944,13.448643316848338,29681000
2006-12-07,13.636168479919434,13.708939022367952,13.571794251067686,13.596984259547929,24190600
2006-12-08,13.689345359802246,13.70893746776624,13.61657482560595,13.652959558859193,16320400
2006-12-11,13.661365509033203,13.759326110304329,13.59699124709925,13.672560243685275,18181400
2006-12-12,13.686549186706543,13.759319732822826,13.630571268630181,13.647363896670102,16227000
2006-12-13,13.66975212097168,13.753718443541011,13.619372113892139,13.753718443541011,12960800
2006-12-14,13.714537620544434,13.762118156940844,13.638967591247205,13.683749712198527,15830200
2006-12-15,13.6949462890625,13.81249896286868,13.541007806258675,13.71453840136353,23760200
2006-12-18,13.686549186706543,13.742526037092924,13.664157592400004,13.672553906419965,10438400
2006-12-19,13.650171279907227,13.67536130423594,13.546612765529444,13.622181770824987,15461400
2006-12-20,13.644567489624023,13.664159603681092,13.613779576765731,13.638969590223413,12103600
2006-12-21,13.619376182556152,13.678152519144604,13.610979868097813,13.644566193621207,14383200
2006-12-22,13.541007041931152,13.658559709102027,13.504621234987319,13.63896759790688,7878000
2006-12-26,13.588589668273926,13.602583883038484,13.521417010327992,13.549405439857106,5260400
2006-12-27,13.627775192260742,13.652965208307778,13.51582039581078,13.627775192260742,9620800
2006-12-28,13.58579158782959,13.661361630652198,13.57459578866546,13.616579501685857,7907000
2006-12-29,13.504626274108887,13.616582152162108,13.48783257209379,13.555006312463798,12339600
2007-01-03,13.596990585327148,13.680956963428642,13.51302313953523,13.535414743130522,15753400
2007-01-04,13.602584838867188,13.63057433805322,13.504624260941627,13.55220480802255,11810400
2007-01-05,13.507426261901855,13.594192130870988,13.482236239794076,13.574600010086105,11607000
2007-01-08,13.59419059753418,13.62217903330124,13.437452581243639,13.437452581243639,17551000
2007-01-09,13.60538387298584,13.66695970146987,13.563400159439425,13.585791758048229,13724000
2007-01-10,13.624972343444824,13.655760249451529,13.538206523579557,13.571793912508637,8928000
2007-01-11,13.64177417755127,13.678158935732624,13.602588867086633,13.644572594453475,11009600
2007-01-12,13.588589668273926,13.622175997246893,13.504623311996435,13.602583883038484,13667200
2007-01-16,13.57459545135498,13.62777389452792,13.529813323501417,13.568997551912018,12685200
2007-01-17,13.602584838867188,13.67535646906065,13.56899850753417,13.582992723282075,14400200
2007-01-18,13.532608985900879,13.714536943864854,13.490626350156067,13.552201096119777,15223000
2007-01-19,13.507426261901855,13.555007889301221,13.454247800870101,13.549409987978326,13008200
2007-01-22,13.4430513381958,13.53261561958369,13.431856603790154,13.465442942388,12198800
2007-01-23,13.468236923217773,13.499024834996627,13.417856898068758,13.476634305869343,12149000
2007-01-24,13.471038818359375,13.490630935237075,13.417859300242508,13.487831451288665,8641600
2007-01-25,13.417860984802246,13.496230529842329,13.406666250674029,13.454246806867626,11596600
2007-01-26,13.387072563171387,13.462641547368998,13.378675178945862,13.434653113791388,14459000
2007-01-29,13.353487014770508,13.41226337405432,13.311504358577977,13.36748123350135,10077800
2007-01-30,13.381474494934082,13.420658728526961,13.333892877221095,13.387072395117393,8986000
2007-01-31,13.401066780090332,13.426256797386548,13.291910394370166,13.378675179075785,10604400
2007-02-01,13.462640762329102,13.510222377864801,13.39266861477502,13.431853914265108,10398600
2007-02-02,13.50182819366455,13.54940874902265,13.445850253244707,13.462642887987373,10703600
2007-02-05,13.406661987304688,13.501824137120385,13.38986828991718,13.46543832662583,9192800
2007-02-06,13.448647499084473,13.479435417019783,13.395469047544593,13.434653282120326,11168800
2007-02-07,13.4430513381958,13.471040843436048,13.395470780823057,13.4430513381958,9242400
2007-02-08,13.395464897155762,13.448643332219081,13.336688563503149,13.420654906962595,9076600
2007-02-09,13.367475509643555,13.4318508100832,13.333889185532865,13.356280780066653,9828400
2007-02-12,13.412259101867676,13.538209165707482,13.378672774073763,13.39266698834705,13925400
2007-02-13,13.493429183959961,13.552205533863292,13.4598428508281,13.46264126705147,19411800
2007-02-14,13.401066780090332,13.588591633980814,13.359083062033207,13.574597417191873,32846800
2007-02-15,13.392667770385742,13.462639913528175,13.317098795359266,13.43185306740525,19195000
2007-02-16,13.398262023925781,13.462636249976008,13.367474118490914,13.43464782741152,17492200
2007-02-20,13.37307071685791,13.401060204392076,13.294702287141803,13.300300184648636,17828800
2007-02-21,13.314301490783691,13.3730778443972,13.300307273402906,13.308703590293307,16489600
2007-02-22,13.238730430603027,13.361882096660993,13.216339898031748,13.347886812652396,16721000
2007-02-23,13.22752857208252,13.415054401467623,13.205138049766406,13.342282801638259,29516200
2007-02-26,13.356281280517578,13.406661302416314,13.317097056305235,13.350683381674381,18709000
2007-02-27,12.984031677246094,13.389870351221976,12.751724699918544,13.286311870615249,30318600
2007-02-28,13.065199851989746,13.126775685266878,12.964439785787262,13.084791968452421,27629200
2007-03-01,13.020416259765625,13.135170529482213,12.950444118043555,12.992426762462706,27342000
2007-03-02,12.844083786010742,13.13516809793545,12.821693260003432,13.000821738821728,34050600
2007-03-05,12.956046104431152,13.073598827114441,12.810503875615781,12.846889699742247,29572400
2007-03-06,13.135171890258789,13.171557706677003,13.028813924869535,13.067998157462876,25097800
2007-03-07,13.084793090820312,13.154765246386198,13.059603072108981,13.087591507259189,26321800
2007-03-08,13.196743965148926,13.255520297301965,13.123972353034725,13.126771836102941,17422400
2007-03-09,13.314301490783691,13.342289925545263,13.196748783556673,13.219139317827862,26127200
2007-03-12,13.420662879943848,13.431858683773667,13.286316437057863,13.314304878941794,26009000
2007-03-13,13.265615463256836,13.493943466336326,13.237426090749448,13.347361955241738,32198000
2007-03-14,13.259980201721191,13.344546185278416,13.133130688727944,13.319176282679766,32553400
2007-03-15,13.271260261535645,13.285354417485125,13.158504863309453,13.234614595814856,19059000
2007-03-16,13.307904243469238,13.33609362939448,13.197968326648603,13.319179997839335,28231600
2007-03-19,13.341728210449219,13.389648541710525,13.259980624434787,13.344546610687884,15513600
2007-03-20,13.423480033874512,13.46012570336987,13.316363577373126,13.36710232895441,14456000
2007-03-21,13.603887557983398,13.629257470925577,13.35300790517477,13.446031277734514,24361000
2007-03-22,13.601066589355469,13.65462480642811,13.505224833588859,13.505224833588859,16486800
2007-03-23,13.544689178466797,13.606704749759642,13.52213874592445,13.567240686324224,16012200
2007-03-26,13.5728759765625,13.584150653027399,13.440388581437333,13.5164982929785,14385200
2007-03-27,13.536231994628906,13.578514456058782,13.488310581297036,13.53059411804192,13230600
2007-03-28,13.505224227905273,13.615160133201103,13.415020353031002,13.471398043656174,22657800
2007-03-29,13.561602592468262,13.643350194171422,13.206423876599736,13.420658896558702,18947800
2007-03-30,13.53059196472168,13.671535631020864,13.417836601556399,13.603882198058729,17937600
2007-04-02,13.677176475524902,13.716640538604505,13.544689056344755,13.586972595538652,22443400
2007-04-03,13.809660911560059,13.854762841810324,13.679991921190062,13.679991921190062,19033200
2007-04-04,13.942148208618164,13.992888018137188,13.795566656153753,13.815298684820606,22203000
2007-04-05,13.959066390991211,14.029538252168276,13.897050809054507,13.9083265649185,17959200
2007-04-09,13.990072250366211,14.080276134193287,13.933694554145507,13.981614896978279,14632800
2007-04-10,14.116920471191406,14.18175443939121,13.995708812069815,14.032353397151216,26317400
2007-04-11,13.992886543273926,14.150743831285352,13.981610792277081,14.116917653609617,24374000
2007-04-12,14.0013427734375,14.080271954844532,13.713818651154417,13.995705973272166,15512400
2007-04-13,14.060547828674316,14.176121652668721,13.950611883327856,14.176121652668721,13829600
2007-04-16,14.170476913452148,14.218397245786196,14.074635173469177,14.097185601827881,20130200
2007-04-17,14.536930084228516,14.708881534228377,14.308600950985523,14.390348537922321,50341600
2007-04-18,14.562297821044922,14.584849321112449,14.474912371255325,14.542565796143192,22955600
2007-04-19,14.587668418884277,14.629951945876513,14.46363838852302,14.477732539082178,18696200
2007-04-20,14.683512687683105,14.700426316468212,14.551025283820465,14.6722369351597,21201000
2007-04-23,14.559480667114258,14.7145184797443,14.542567040616238,14.683510702155331,14465800
2007-04-24,14.576394081115723,14.652503791889758,14.480552342583401,14.652503791889758,16117400
2007-04-25,14.584855079650879,14.675058964906766,14.514383227087524,14.655326932214237,21349800
2007-04-26,14.680696487426758,14.722978952754042,14.615861438357733,14.655326578104347,15173600
2007-04-27,14.675057411193848,14.691969965816762,14.587671936153724,14.615860244068593,13926200
2007-04-30,14.711699485778809,14.756801415934692,14.615857749783206,14.635589777019227,23486000
2007-05-01,14.835733413696289,14.838551814415283,14.694789720815725,14.711702275759768,20552200
2007-05-02,14.858283996582031,14.920299566181322,14.79908790304546,14.827276211782385,17473000
2007-05-03,14.914660453796387,14.94003035968392,14.824456582932926,14.883652671565518,16194400
2007-05-04,14.999226570129395,15.030234352612089,14.925936327700734,14.940030481016057,18067000
2007-05-07,15.11197566986084,15.12325141795521,14.98230779271915,14.99922033954618,14151800
2007-05-08,14.959759712219238,15.086609218957527,14.917476184868221,15.041507291596666,15197400
2007-05-09,14.971038818359375,15.052786416058957,14.897747497899399,14.965400941761299,11234400
2007-05-10,14.793447494506836,14.95130479223728,14.779353342550428,14.925934888589797,14908400
2007-05-11,14.852644920349121,14.86392067305934,14.706063361061174,14.78499255471774,12985200
2007-05-14,14.8272705078125,14.928750100730861,14.79908220991946,14.81035795920253,13295800
2007-05-15,14.787809371948242,14.880832708875348,14.703243386305775,14.74270744125127,31652800
2007-05-16,14.866744041442871,14.880838198363424,14.694792531192478,14.799090582782869,16792200
2007-05-17,14.714519500732422,14.937210759491494,14.686330121279761,14.934391283888791,18808400
2007-05-18,14.835733413696289,14.841371290449317,14.683513967309672,14.75962369050298,25827200
2007-05-21,14.632776260375977,14.889293775369218,14.587674315167776,14.835735551470478,26409400
2007-05-22,14.511564254760742,14.649689563720344,14.494650622444718,14.644051686281669,19057200
2007-05-23,14.469273567199707,14.593303574445738,14.443903670795455,14.556657929569695,15167600
2007-05-24,14.44390869140625,14.58767077079142,14.41853878618358,14.452364968042161,17765600
2007-05-25,14.6271333694458,14.708880953153155,14.514379082728771,14.534111109787123,18502400
2007-05-29,14.708883285522461,14.75680362303003,14.632773565379559,14.666599749226961,16716400
2007-05-30,14.95412540435791,14.95412540435791,14.635592361517665,14.762441898517322,29334600
2007-05-31,14.93720817565918,15.06969447256719,14.906200401282403,14.928750825628892,21255400
2007-06-01,14.883654594421387,14.976677953131913,14.779356556882547,14.942850690701666,17018400
2007-06-04,14.847010612487793,14.883656279946344,14.717342651099349,14.872380524525987,20438800
2007-06-05,14.748346328735352,14.841369672043832,14.686330766529695,14.790629862114647,19282600
2007-06-06,14.6581392288208,14.748343076511446,14.613037304975478,14.728611052036285,11280800
2007-06-07,14.483375549316406,14.680696953047395,14.44954828560357,14.655327042920337,18724600
2007-06-08,14.565120697021484,14.579215926552763,14.384712942297543,14.446728511227038,13315200
2007-06-11,14.55384349822998,14.61585798110403,14.466458036719693,14.565118174461265,21803400
2007-06-12,14.415719985961914,14.593309330842596,14.39316955543777,14.472097675244749,22790200
2007-06-13,14.574629783630371,14.614357962170324,14.4894978178288,14.520712042030425,20020800
2007-06-14,14.560444831848145,14.668278176158408,14.492338593194138,14.574633315835081,17990600
2007-06-15,14.637064933776855,14.795977697191267,14.574634301000046,14.639902197761252,26360400
2007-06-18,14.68814754486084,14.759091072783782,14.62287962907321,14.637069200667662,11100800
2007-06-19,14.583148002624512,14.665442735495898,14.503691616410523,14.637065763994352,21341400
2007-06-20,14.61152458190918,14.77895129489904,14.563282436211102,14.62571306622792,19981600
2007-06-21,14.781790733337402,14.798817566531923,14.574635800775296,14.585987022904975,18870400
2007-06-22,14.648417472839355,14.830032707940454,14.597338052653146,14.77044041189394,30157400
2007-06-25,14.6909818649292,14.76760098398377,14.614362745874626,14.662603812031932,21450600
2007-06-26,14.74205493927002,14.852726591705887,14.648409028740245,14.727866460177752,22278800
2007-06-27,14.881111145019531,14.903813589163448,14.685307435582791,14.685307435582791,18175600
2007-06-28,14.93502426147461,15.017317889609808,14.818676977719557,14.847053941557656,16126400
2007-06-29,14.844221115112305,15.02583633598915,14.742062282741053,14.994621016929921,19029200
2007-07-02,14.915155410766602,15.037178264853377,14.847049203771785,14.940695103075727,18294600
2007-07-03,15.011651039123535,15.0343524053001,14.898140960703717,14.986111325604694,8382800
2007-07-05,14.946379661560059,15.040025623728734,14.892462978273711,15.011648649896376,10865400
2007-07-06,14.926508903503418,14.940698466600699,14.841376937478143,14.91232042291782,12349600
2007-07-09,14.954891204833984,15.040023195096284,14.91800027879926,14.963404079106619,19237800
2007-07-10,14.784624099731445,15.022994289049164,14.776111226634619,15.022994289049164,14505200
2007-07-11,14.781790733337402,14.83287015040884,14.699495996665407,14.759088289078042,12185400
2007-07-12,14.93502426147461,14.940699870744586,14.770434840180652,14.798812886530532,23446200
2007-07-13,15.071235656738281,15.113801102552815,14.895296099178944,14.935024281610557,16634800
2007-07-16,15.281228065490723,15.462844318143944,15.142179424450113,15.153530643211901,33549400
2007-07-17,15.088258743286133,15.431626007749673,14.986101041825869,15.417437528311712,33030000
2007-07-18,15.1620454788208,15.204612013432035,15.059886661763395,15.12799290063898,28491200
2007-07-19,15.238665580749512,15.306770741533834,15.16204646298314,15.295420603077789,14462400
2007-07-20,15.099617004394531,15.29542179252827,15.065564421354267,15.25001798763722,22396600
2007-07-23,15.221638679504395,15.25285399576742,15.082590012075284,15.133669423685328,14063800
2007-07-24,15.10245418548584,15.267042559570715,15.028672331662401,15.03151067816208,18704400
2007-07-25,15.33798599243164,15.380552529624051,15.091102891246889,15.17339761914581,25611600
2007-07-26,15.034350395202637,15.386230725247698,14.915165803057947,15.082592550960387,29326200
2007-07-27,14.83570671081543,15.065564076731475,14.818680960940808,15.017321926225211,24074400
2007-07-30,14.86691951751709,15.281229292996729,14.69665555246055,15.05704865825839,19912000
2007-07-31,14.787463188171387,15.00313095004264,14.767599094940293,14.96624110976312,19887000
2007-08-01,15.1166410446167,15.176233324556481,14.807327342652068,14.85840674903242,24743400
2007-08-02,15.227323532104492,15.26705174691135,15.085436432072765,15.085436432072765,19595400
2007-08-03,15.119479179382324,15.394740320456057,15.10812904148647,15.272717407351946,22044200
2007-08-06,15.389068603515625,15.3947442151554,15.082593152553457,15.082593152553457,23334800
2007-08-07,15.454336166381836,15.547982132565753,15.241505605977162,15.30961186161203,22657200
2007-08-08,15.851612091064453,15.857287699633185,15.431626799583169,15.43446406261171,25070400
2007-08-09,15.848776817321777,16.09282262051975,15.55365269212856,15.55365269212856,34244000
2007-08-10,15.601897239685059,15.928237832293837,15.352175770971701,15.721082904359745,29816800
2007-08-13,15.471358299255371,15.635946653044448,15.383387971317422,15.604732422981188,19106400
2007-08-14,15.363521575927734,15.565000821885581,15.267038389023572,15.545136731862229,26200600
2007-08-15,15.275554656982422,15.51392377336077,15.213124031733685,15.369199512343647,14280600
2007-08-16,15.204615592956543,15.406094928190551,14.991785034818935,15.181913147149343,29002000
2007-08-17,15.451491355895996,16.132548167078514,15.085422710972571,15.5877027181325,28468600
2007-08-20,15.471358299255371,15.57351711040605,15.366362224466895,15.431630113254968,15993800
2007-08-21,15.332310676574707,15.565005297337107,15.318122191408616,15.437307848330251,16781600
2007-08-22,15.309603691101074,15.465679135600217,15.261361560249115,15.428788221714795,15279400
2007-08-23,15.318115234375,15.372031886523615,15.215956455557379,15.289738276930787,13930000
2007-08-24,15.32380485534668,15.530959865156342,15.224484330955924,15.224484330955924,13493400
2007-08-27,15.326631546020508,15.366360810877998,15.238662308686944,15.318118673378365,9995800
2007-08-28,15.113805770874023,15.323799048961419,15.091104409263345,15.323799048961419,15706000
2007-08-29,15.184748649597168,15.23866641087661,15.062726806335446,15.176235774663393,15922800
2007-08-30,15.153532981872559,15.221638139930429,15.076913867173475,15.10245357207317,13982600
2007-08-31,15.261370658874512,15.318125695032148,15.15069893374887,15.258533394197153,15035200
2007-09-04,15.428788185119629,15.448652273508134,15.23014621872295,15.23014621872295,12463000
2007-09-05,15.235824584960938,15.42311536831867,15.142179734537985,15.360685828873978,18938600
2007-09-06,15.511086463928223,15.6189208847181,15.096776692619587,15.196097157484028,19000200
2007-09-07,15.49122428894043,15.607571597548953,15.355012884899628,15.491224288940431,23982600
2007-09-10,15.485546112060547,15.613244620470514,15.406089743499606,15.494058985117269,20339400
2007-09-11,15.794862747192383,15.87431913060057,15.522439933354002,15.525277197399136,23866200
2007-09-12,15.94333267211914,16.09180223274102,15.783442124718983,15.874807840614716,18437000
2007-09-13,15.951892852783203,16.046114330335485,15.88051334160659,15.974734819158872,14353000
2007-09-14,16.103221893310547,16.148904747496122,15.89193801197403,15.909069490730555,15459800
2007-09-17,15.78344440460205,16.01756922154933,15.714920652364771,15.989017839644697,21078400
2007-09-18,16.106077194213867,16.111787687345096,15.82055907264357,15.82055907264357,19898800
2007-09-19,16.166034698486328,16.206007058668572,15.95475191204729,16.131772831067995,17220600
2007-09-20,16.07752227783203,16.174598461358656,16.034694133360155,16.14890179250852,12583400
2007-09-21,16.146047592163086,16.23455859117849,16.07752386125734,16.09751004020194,21948800
2007-09-24,16.188875198364258,16.383027578032934,16.13462606661961,16.13462606661961,20872800
2007-09-25,16.28024673461914,16.35162627953285,16.143198139084664,16.18602521253364,15230200
2007-09-26,16.374469757080078,16.468691294066247,16.248842130264116,16.32307638948137,14776200
2007-09-27,16.368757247924805,16.44299149306902,16.311653395955585,16.363046753811343,14274400
2007-09-28,16.408714294433594,16.497224147624696,16.28308571958527,16.360175684379186,13061200
2007-10-01,16.531492233276367,16.65426505742116,16.434416072072686,16.44869175389226,19918600
2007-10-02,16.53721046447754,16.60573529862992,16.457265732270834,16.560052438916763,17565600
2007-10-03,16.437280654907227,16.56861874927163,16.380176804133246,16.488674011687273,12628400
2007-10-04,16.52292251586914,16.59715778855254,16.437267353604394,16.460109311096048,11534600
2007-10-05,16.58003807067871,16.639996617840108,16.511514327970048,16.55148669274431,10896400
2007-10-08,16.502944946289062,16.59716643628829,16.471537782955988,16.548627795910342,6021600
2007-10-09,16.52578353881836,16.52578353881836,16.360182562051826,16.445837751443385,16272000
2007-10-10,16.52292251586914,16.617143956775497,16.497225858273268,16.557185452106623,13236400
2007-10-11,16.328777313232422,16.611440669336453,16.25168730702223,16.560047331862993,12950600
2007-10-12,16.502944946289062,16.54006260197043,16.317358846212326,16.331634532500527,10410200
2007-10-15,16.457265853881836,16.625721604537407,16.32021727372964,16.58574923813868,13801000
2007-10-16,16.491527557373047,16.588603770130206,16.39730713599523,16.465830880785408,14228200
2007-10-17,16.87126922607422,16.968345450416816,16.577185850491688,16.659985294564308,32814800
2007-10-18,16.948354721069336,17.031155232107995,16.779898997202636,16.85698901549741,20771800
2007-10-19,16.777042388916016,17.05970577555959,16.757056209868647,16.996891447602113,24173600
2007-10-22,16.916948318481445,16.959776471409494,16.671402565246343,16.71423071817439,18251800
2007-10-23,17.059703826904297,17.068269020041928,16.916944799064094,16.9340762745043,11663000
2007-10-24,17.182476043701172,17.188186535303775,16.94835133381898,16.988323685872295,18633200
2007-10-25,17.502256393432617,17.54793923824779,17.156779811445066,17.196752164512723,19553800
2007-10-26,17.5793514251709,17.585061918551354,17.382344304788823,17.51368238504354,16187400
2007-10-29,17.65643310546875,17.710681133190946,17.499398423818416,17.559356942221587,16951200
2007-10-30,17.625036239624023,17.74495443559533,17.516539031681486,17.65358870969594,13738200
2007-10-31,17.633596420288086,17.719252716974022,17.45372081124376,17.69926653819132,16640000
2007-11-01,17.388051986694336,17.70212144768071,17.365210016865838,17.596480060136575,20035400
2007-11-02,17.276704788208008,17.459437340376216,17.133945696591407,17.456581548611243,17152600
2007-11-05,17.22815704345703,17.339508894877728,17.108238910966815,17.273839882223594,17845400
2007-11-06,17.41945457458496,17.442296539841152,17.2024613504754,17.242433700508883,15285600
2007-11-07,17.119665145874023,17.416604233550583,17.111099951341185,17.388052858997696,14486800
2007-11-08,17.550796508789062,17.59933405898877,17.102533215873425,17.33665795144089,26091200
2007-11-09,17.368059158325195,17.630735175797145,17.31095534478118,17.55935568115829,18189800
2007-11-12,17.091110229492188,17.376628272513,17.073978754811577,17.313813954515652,16680200
2007-11-13,17.42802619934082,17.473709054694112,17.031156189240633,17.199611922574366,15326800
2007-11-14,17.51938819885254,17.630740067115294,17.345222009348245,17.502256723287132,16542800
2007-11-15,17.687843322753906,17.819181363666893,17.413746257588127,17.413746257588127,21229800
2007-11-16,17.879140853881836,17.907693313766718,17.616464757930782,17.770644773814215,21454000
2007-11-19,17.787776947021484,17.862012261012715,17.704976438787067,17.84488078336126,16893400
2007-11-20,17.927677154541016,18.016187045735975,17.73066901908935,17.850587156646647,21572400
2007-11-21,17.773502349853516,18.116124299731915,17.74209518348293,17.927682390673567,18067800
2007-11-23,17.787776947021484,17.916260306494703,17.679279766892424,17.85630176846223,9446000
2007-11-26,17.625036239624023,17.947672071861767,17.58791857311322,17.802057197408423,16760800
2007-11-27,17.981931686401367,18.076153192046714,17.610758335446995,17.687848361202672,21048000
2007-11-28,18.082401275634766,18.14842673848773,17.938867375064827,18.14842673848773,25499000
2007-11-29,18.024986267089844,18.134071235628152,17.976184174784446,18.0594340942558,15031600
2007-11-30,17.82691192626953,18.113979758222836,17.717826938582625,18.113979758222836,21684200
2007-12-03,17.855619430541992,18.08527347791281,17.786722668792308,17.82691199019759,17112000
2007-12-04,18.01350975036621,18.068052254187382,17.657545091791995,17.783855661807234,16878600
2007-12-05,18.099632263183594,18.099632263183594,17.92739194801354,18.039348262381797,14622000
2007-12-06,18.105365753173828,18.134072094659196,17.907289368740628,18.0594349497512,15824600
2007-12-07,18.12833595275879,18.300576232207593,18.102499801333767,18.102499801333767,13413800
2007-12-10,18.162790298461914,18.22881579908079,18.05083396719175,18.1082477792752,8487800
2007-12-11,18.076662063598633,18.340763948254246,18.06804928382811,18.154170511071968,17336600
2007-12-12,18.30631446838379,18.386694200245557,18.070918950590542,18.151297587375517,23241400
2007-12-13,18.398178100585938,18.412532369651,18.194361277831987,18.2517750688613,12418200
2007-12-14,18.317792892456055,18.46419695809295,18.297698238252494,18.30343862938792,19006000
2007-12-17,17.93312644958496,18.415400458218627,17.87858286481008,18.372339848667597,23869200
2007-12-18,17.86136245727539,18.030732537128646,17.763759341850175,18.02786124530842,23756400
2007-12-19,18.042219161987305,18.085279789994388,17.82691821210642,17.855625662470228,14402000
2007-12-20,17.87859344482422,18.073799758839684,17.769508400874795,18.013515745855408,15065400
2007-12-21,18.105365753173828,18.220193309268765,17.884323419490947,17.941737197538416,25318800
2007-12-24,18.145559310913086,18.21445607969041,18.027861531187767,18.096758299965096,4593800
2007-12-26,18.088146209716797,18.214456774782608,18.01637924141196,18.214456774782608,9484400
2007-12-27,17.88432502746582,18.14268650437028,17.858488879775376,18.056566377094402,7729800
2007-12-28,17.875720977783203,18.016383656891342,17.79821250160886,17.89007415594646,8346400
2007-12-31,17.617353439331055,17.85562027764748,17.574293919386943,17.815430954335536,11729200
2008-01-02,17.536977767944336,17.677641518477383,17.433633150422438,17.64032238546623,15453800
2008-01-03,17.720701217651367,17.826916033322863,17.53123644871543,17.559942800493523,13902600
2008-01-04,17.755144119262695,18.00202261814956,17.703471824375825,17.706343115801108,18027400
2008-01-07,18.174259185791016,18.21157720388943,17.76949371235976,17.82690638484241,23782000
2008-01-08,18.2489070892334,18.487173981974063,18.17426991390237,18.254648578886123,20883200
2008-01-09,18.73691749572754,18.74840047247853,18.257514714681612,18.263256203057107,35949600
2008-01-10,18.820171356201172,18.8287830430204,18.57616407232092,18.659414028497352,28944200
2008-01-11,18.30631446838379,18.76849272497418,18.217323052602715,18.76849272497418,32147800
2008-01-14,18.458459854125977,18.521612928474447,18.300571692871202,18.300571692871202,22931400
2008-01-15,18.260391235351562,18.429760263081995,18.2460380578412,18.266132725371158,22999400
2008-01-16,17.984804153442383,18.329284753174683,17.936002041598133,18.165656139778704,25334000
2008-01-17,17.809688568115234,18.17426484632857,17.769499246829444,18.15704038217314,37273000
2008-01-18,17.436500549316406,17.927386277861064,17.27000068157974,17.895808641216053,33758200
2008-01-22,16.876724243164062,17.05183585957409,16.566690346226185,16.859499772752866,37369800
2008-01-23,16.899686813354492,16.919781478566367,16.21646600599648,16.515015787034542,32257400
2008-01-24,17.189619064331055,17.22980837853227,16.919774648848595,16.982929911208608,30700600
2008-01-25,16.767629623413086,17.32167054748091,16.715957333442645,17.32167054748091,25926400
2008-01-28,17.05470085144043,17.057571048094246,16.66428840190509,16.756150025904354,18341400
2008-01-29,16.80782699584961,17.12647257171953,16.73031852373985,17.12647257171953,26833600
2008-01-30,16.583908081054688,16.891070560630826,16.523624101715853,16.793467458096934,23066800
2008-01-31,16.937002182006836,17.040346777312738,16.431763276716392,16.44898664588279,24041800
2008-02-01,17.011642456054688,17.215461487535357,16.79634154138347,17.020255237293952,16520200
2008-02-04,16.830791473388672,17.066187066436584,16.78486065267389,17.057574284687025,15315800
2008-02-05,16.477693557739258,16.793467726532203,16.45185740974152,16.78772623863528,24709600
2008-02-06,16.566680908203125,16.704473307760665,16.526491595216758,16.62122448589318,16816400
2008-02-07,16.779117584228516,16.845143064350477,16.604006004520382,16.604006004520382,23313200
2008-02-08,17.008771896362305,17.160917522394556,16.93413472936829,16.962841079348205,20221800
2008-02-11,17.080535888671875,17.137949673699588,16.8795881886133,17.03747527613187,13635800
2008-02-12,17.201107025146484,17.367606922937256,17.12359966039789,17.166659185805212,23823800
2008-02-13,17.048954010009766,17.353246228388464,16.939867955107726,17.353246228388464,29032000
2008-02-14,16.80782699584961,17.13508425915042,16.764767463617904,17.086283236939042,25045400
2008-02-15,16.868104934692383,16.88532939843999,16.652804065693157,16.776243318192193,20761400
2008-02-19,16.67863655090332,16.95135114409226,16.641318530261035,16.93699797499318,17218000
2008-02-20,16.715961456298828,16.730314630369218,16.52075522272596,16.67290193408766,14832000
2008-02-21,16.647066116333008,16.8106947131839,16.572427857548067,16.74179794315757,17465200
2008-02-22,16.724571228027344,16.74466698351883,16.474822523533533,16.649934074355432,14768400
2008-02-25,16.870983123779297,16.957103287573283,16.70735448404754,16.70735448404754,16020800
2008-02-26,17.086275100708008,17.106369758529475,16.741793531505188,16.82217216279105,16807800
2008-02-27,17.238422393798828,17.341766984341895,17.01738004070989,17.01738004070989,19804800
2008-02-28,17.069040298461914,17.258504882483376,16.98005003775666,17.22405707495476,15436000
2008-02-29,16.7819766998291,17.031726375685746,16.70159809798631,16.965699844084806,15967400
2008-03-03,16.942745208740234,16.980064337118023,16.75040917332576,16.75040917332576,12492600
2008-03-04,17.04322052001953,17.103505609876155,16.799213248725042,16.81930791365155,20105800
2008-03-05,17.132204055786133,17.2240656516555,16.945609573195892,17.005894635234903,16079400
2008-03-06,16.96571922302246,17.181020233949535,16.942754351297243,17.083417065192826,14563200
2008-03-07,16.89394187927246,17.051830066710647,16.79346857369989,16.865235533416556,18332600
2008-03-10,16.83939552307129,17.034601696348656,16.836525327174556,16.893938005722422,18909600
2008-03-11,17.071928024291992,17.132212019275944,16.899686630667276,16.93987596065658,29836200
2008-03-12,17.10080909729004,17.187484127459744,17.034359049047048,17.089253381770366,22601200
2008-03-13,17.025697708129883,17.074812546419547,16.846571383015878,16.953469226796265,17542000
2008-03-14,16.6212158203125,17.02569570913833,16.505650925018713,17.02569570913833,26531400
2008-03-17,16.66744041442871,16.762782518548814,16.39586177907989,16.439199299519743,21630200
2008-03-18,17.164379119873047,17.164379119873047,16.739675226191356,16.814793476480848,18364800
2008-03-19,17.323280334472656,17.574636266776274,17.152821058343207,17.152821058343207,23258600
2008-03-20,17.63530921936035,17.66420017588295,17.346395245657014,17.381064613908,31028600
2008-03-24,17.675745010375977,17.768197331083673,17.490840368960587,17.695968886648373,14037600
2008-03-25,17.742202758789062,17.86065741506545,17.64397198757554,17.67575269327978,15298200
2008-03-26,17.66708755493164,17.82598999865737,17.62375002386135,17.742204693051715,16547800
2008-03-27,17.71331214904785,17.88377139936077,17.684420096890268,17.727757624067095,16830400
2008-03-28,17.606414794921875,17.797097947858962,17.589080664185264,17.791320639026225,13671600
2008-03-31,17.586191177368164,17.681533306358563,17.519741103580557,17.565967289785814,18541400
2008-04-01,17.75087547302246,17.76821070950204,17.59486275318394,17.626642366884028,25873200
2008-04-02,17.46773910522461,17.730650785030956,17.395510609650124,17.730650785030956,18167000
2008-04-03,17.49662971496582,17.59486050489255,17.40706599111168,17.41862281395466,16176200
2008-04-04,17.40707015991211,17.603531786815953,17.392624678958498,17.487965734947966,15262800
2008-04-07,17.441734313964844,17.511074144754748,17.412843360705264,17.412843360705264,16193200
2008-04-08,17.48218536376953,17.499520600243684,17.29728058318963,17.412846622111783,19942800
2008-04-09,17.56018829345703,17.574634871636526,17.424399495947046,17.47929274582392,12995600
2008-04-10,17.719087600708008,17.762424018529334,17.470621504237656,17.589076143006206,14842200
2008-04-11,17.418615341186523,17.7682008163161,17.360832353880433,17.629522308052767,15567600
2008-04-14,17.62375259399414,17.724872045079152,17.37817615443377,17.4475148917151,20029600
2008-04-15,17.606414794921875,17.687311446129776,17.45617941652914,17.632417093145985,23441800
2008-04-16,17.66708755493164,17.866437773192732,17.490849878353956,17.8404354749744,23117600
2008-04-17,17.531301498413086,17.73354151757083,17.490853715005425,17.620865234615366,16659800
2008-04-18,17.366615295410156,17.646862140610295,17.23371516140314,17.554408675519433,22254200
2008-04-21,17.435956954956055,17.461959255306315,17.23371806569767,17.31172386462917,12428800
2008-04-22,17.303050994873047,17.45039768147554,17.248157757931896,17.39839309821806,17274000
2008-04-23,17.42729377746582,17.447517670904258,17.2655015278388,17.2655015278388,18987200
2008-04-24,17.40707015991211,17.623755680574916,17.274169971747614,17.415737228060365,12836600
2008-04-25,17.141265869140625,17.479294675163718,17.034366909832737,17.40706618477048,18802400
2008-04-28,17.04014778137207,17.30594923749447,17.00547840957157,17.141268343792767,16098000
2008-04-29,16.96502685546875,17.045922405733062,16.86390631551914,16.988139397493175,14869000
2008-04-30,17.008363723754883,17.268386716481523,16.956359125209556,16.965027293046603,23359200
2008-05-01,17.071924209594727,17.09214809657472,16.872573994169414,16.9332456551094,15127600
2008-05-02,16.979469299316406,17.190376304920818,16.930353365343315,17.071921655139736,16519000
2008-05-05,16.866792678833008,17.0401405665593,16.797452862471093,16.979468916067,14121400
2008-05-06,16.83500862121582,16.866789318127772,16.72233240643255,16.82923021249376,13390400
2008-05-07,16.476760864257812,16.837903272133843,16.465205144816345,16.835014617803267,29866200
2008-05-08,16.26297378540039,16.632783454160005,16.19363392144809,16.56922200404704,28002800
2008-05-09,16.22252082824707,16.277414089072792,16.130068440477746,16.262968610131225,20830000
2008-05-12,16.29474639892578,16.31208052969511,16.179180383907333,16.231184980453715,17243400
2008-05-13,16.323644638061523,16.398761809870383,16.25719453550608,16.26297294904825,20876800
2008-05-14,16.335195541381836,16.468095698298068,16.23407499424352,16.364086496496046,20732200
2008-05-15,16.470991134643555,16.517217343130806,16.2543055757121,16.323645439502855,16503200
2008-05-16,16.488309860229492,16.583651939675242,16.404524596859343,16.485421207269912,17961000
2008-05-19,16.618337631225586,16.710790046527336,16.450766939666337,16.496993147317212,20009200
2008-05-20,16.49410057067871,16.655892810056756,16.456541441478198,16.612555268508515,17955200
2008-05-21,16.36697006225586,16.554763403701486,16.30918707176533,16.442087178410336,25203800
2008-05-22,16.83500862121582,16.878345033453126,16.332298083584178,16.375635597940253,25230600
2008-05-23,16.939023971557617,17.05747863840267,16.759896541991598,16.788788596172814,30583000
2008-05-27,16.92746925354004,16.959249966029326,16.788790682593493,16.915912430431334,15614200
2008-05-28,16.595216751098633,16.9996967185307,16.566325797190306,16.9996967185307,24045600
2008-05-29,16.719444274902344,16.794562493466294,16.508537295597048,16.621213521324094,24705200
2008-05-30,16.543209075927734,16.75411718829036,16.47387035859455,16.667442138445317,26831600
2008-06-02,16.46809196472168,16.574989796951982,16.309189543380633,16.482537439003767,19121200
2008-06-03,16.29474639892578,16.54032280319098,16.262965689689747,16.427646544713554,18839800
2008-06-04,16.381425857543945,16.459432778546482,16.251414322539713,16.251414322539713,14971800
2008-06-05,16.522981643676758,16.543205523733004,16.312074678719597,16.395859954449083,15701400
2008-06-06,16.121395111083984,16.499872710073994,16.10406098275038,16.47098065931958,24947800
2008-06-09,16.13873863220215,16.25141493272994,16.03472940029354,16.03472940029354,19351600
2008-06-10,16.759889602661133,16.930348794335607,16.179173330550398,16.216732434375274,32680000
2008-06-11,16.617395401000977,16.818061195872875,16.579588625108453,16.78607093237815,23459000
2008-06-12,16.617395401000977,16.74826415648563,16.503976182709714,16.666835201689093,19044000
2008-06-13,16.117189407348633,16.60576544519654,15.68096088136918,16.585408202735085,61756600
2008-06-16,15.756570816040039,16.14626825381836,15.71585634049975,16.117185693156543,35384800
2008-06-17,15.692590713500977,15.907797230634236,15.692590713500977,15.864173943162838,28668600
2008-06-18,15.459929466247559,15.704217335847284,15.445388746147088,15.640236836142217,26037200
2008-06-19,15.51810359954834,15.58789954540752,15.413408571373015,15.529736626987056,25221200
2008-06-20,15.605354309082031,15.67224257515976,15.393056479517,15.433770979791536,33273000
2008-06-23,15.489020347595215,15.66060361189328,15.419224404815346,15.66060361189328,17910600
2008-06-24,15.521008491516113,15.564631781819683,15.305803069797266,15.413405780656689,21827400
2008-06-25,15.73331069946289,15.872904824498475,15.529738245008229,15.547186678597672,23750600
2008-06-26,15.477386474609375,15.884532381082929,15.451212722027146,15.680958873152967,30532200
2008-06-27,15.076055526733398,15.483202530582474,15.073147825148423,15.46284418194232,35673200
2008-06-30,15.116771697998047,15.384325758615722,14.95972916955201,15.08187372813886,30142000
2008-07-01,14.83177375793457,15.099326791258315,14.80850769796548,15.099326791258315,35340600
2008-07-02,14.939371109008789,14.994627426758562,14.793961614949641,14.83467609578438,32505400
2008-07-03,14.971363067626953,15.049884336421622,14.887025285286027,14.939372797815807,14904400
2008-07-07,14.916107177734375,15.058607870313512,14.831769399211595,15.026617601950631,23402400
2008-07-08,14.968457221984863,15.029528957715085,14.831771910161992,14.85503796723255,26657400
2008-07-09,14.799775123596191,15.017889320409386,14.79105091072724,15.014981619248461,23205400
2008-07-10,14.552583694458008,14.817228952234162,14.453705185542384,14.817228952234162,30312600
2008-07-11,14.619466781616211,14.686354997985655,14.40135259847781,14.442067068495202,26927400
2008-07-14,14.820136070251465,14.907381548942292,14.697992621961596,14.697992621961596,25123000
2008-07-15,15.061517715454102,15.122589445037057,14.712534660229784,14.729984201276292,38457400
2008-07-16,15.221465110778809,15.2970775557261,14.904472385425525,15.08768864927942,27188400
2008-07-17,14.639827728271484,14.936463225672265,14.453703755640342,14.889932232514479,79214400
2008-07-18,14.549670219421387,14.680538955360003,14.43915982852757,14.680538955360003,36493800
2008-07-21,14.424623489379883,14.570033004834867,14.37809248880975,14.570033004834867,21760400
2008-07-22,14.93355655670166,15.157487340078314,14.558400855909657,14.575849287480212,43142600
2008-07-23,15.2680025100708,15.282543242964936,14.837590381960936,14.982999929675897,25824200
2008-07-24,15.081871032714844,15.381414198360476,14.985900246020847,15.247637746653325,21340400
2008-07-25,15.140039443969727,15.195294661541618,14.98590460019705,15.195294661541618,16853600
2008-07-28,14.875391960144043,15.140037199833385,14.863758934152191,15.122587660845605,14040000
2008-07-29,14.99753475189209,15.067331795417756,14.866665988647949,14.892839741296777,16244800
2008-07-30,14.921920776367188,15.12258545319398,14.831766502171018,15.078962166786031,19487000
2008-07-31,14.977179527282715,15.07896574050964,14.895750556701175,14.977179527282715,21216800
2008-08-01,15.454119682312012,15.47738573210734,15.04697379537061,15.1051367010863,33156000
2008-08-04,15.67514419555664,15.727491703144741,15.384325202016713,15.448304626212732,22279000
2008-08-05,15.968873023986816,15.995046781277097,15.718768478632269,15.7333092083743,25483200
2008-08-06,16.0997314453125,16.134629396103126,15.87870850173821,15.957229723056509,20380000
2008-08-07,15.707133293151855,16.04157557820385,15.657694596943802,16.04157557820385,19928800
2008-08-08,16.11428451538086,16.149182492916644,15.619891877845951,15.70422967382858,19658200
2008-08-11,16.09683609008789,16.236430228701366,15.951426545970072,16.035764347811234,14183600
2008-08-12,15.933979034423828,16.23352235766819,15.739129657128824,16.05030601082984,16690800
2008-08-13,16.056114196777344,16.123002423123857,15.820551553858378,15.867082542159702,19036800
2008-08-14,16.000864028930664,16.239335557674455,15.922342753458448,16.009588245298705,15411800
2008-08-15,16.012493133544922,16.17535104923931,15.922338852080994,16.059024125084225,23892000
2008-08-18,15.800192832946777,16.099735972687444,15.686772519557296,16.01539821762328,21137600
2008-08-19,15.800192832946777,15.875805265820265,15.698405542887421,15.771110274621462,16564200
2008-08-20,15.806012153625488,15.919432495132511,15.675144491570315,15.864176175309142,11033200
2008-08-21,15.561728477478027,15.774027382067537,15.477391787440093,15.75948554056299,11670800
2008-08-22,15.811824798583984,15.852539270986366,15.532638894065217,15.593710602668791,14812600
2008-08-25,15.579177856445312,15.875813447927145,15.521013819204155,15.744944641481228,12329200
2008-08-26,15.5646333694458,15.672236091280933,15.457030647610667,15.57917409790139,9461400
2008-08-27,15.643155097961426,15.707134526939376,15.477388348004892,15.584991073028878,13595400
2008-08-28,15.448299407958984,15.57916813272332,15.384320005374455,15.486106174976692,20861000
2008-08-29,15.142946243286133,15.439581776041434,15.134222027712497,15.439581776041434,17841200
2008-09-02,15.11095905303955,15.401778131547871,15.096418320991482,15.18657263470829,25723800
2008-09-03,15.023711204528809,15.134222747727387,14.910291959129525,15.023711204528809,22448800
2008-09-04,15.038248062133789,15.204014779555393,14.88993088158309,15.046973385262385,25899000
2008-09-05,15.10223388671875,15.15458140631186,14.971365087735974,15.032436824132377,18284200
2008-09-08,15.523924827575684,15.567547029638229,15.209839647668268,15.33198425409456,22306800
2008-09-09,15.669325828552246,15.855449784893636,15.462843524436371,15.462843524436371,29463600
2008-09-10,15.648967742919922,15.733304393368007,15.503558271227478,15.724580180070053,24609000
2008-09-11,15.859851837158203,15.985793498060307,15.537675053601575,15.578679107425206,27409200
2008-09-12,15.962362289428711,15.977006435046244,15.684119053588836,15.77198504457072,20364200
2008-09-15,16.035585403442383,16.334330690237262,15.68119191198762,15.745626381257805,32162400
2008-09-16,16.064865112304688,16.117584906347833,15.728045447335896,15.824697658230876,32829400
2008-09-17,15.423441886901855,16.0765802926588,15.420513506127438,15.979928085237047,37536000
2008-09-18,15.637251853942871,15.82762903472228,15.259426990887544,15.587461552146719,40347200
2008-09-19,15.441023826599121,16.035584881100405,14.679515929002735,16.035584881100405,47807400
2008-09-22,15.048551559448242,15.423446990079778,15.028049535415361,15.37951344299417,23355200
2008-09-23,14.843524932861328,15.329717690857251,14.811307158738373,15.063190355762066,25686000
2008-09-24,14.70001220703125,14.966539587612527,14.606288366647261,14.937251306471145,21740600
2008-09-25,15.071982383728027,15.297505771628325,14.749806753742767,14.761522515594443,26174800
2008-09-26,15.370722770690918,15.423442565157952,14.890387858681233,14.919676136817944,27516800
2008-09-29,14.946044921875,15.511317740813272,14.764455031435425,15.25357761156899,39031200
2008-09-30,15.487876892089844,15.493734770708835,14.940176972613182,15.174487648268448,35193200
2008-10-01,15.862778663635254,15.897924832426307,15.38244359347677,15.411731881256557,29096400
2008-10-02,15.69875717163086,15.894992222846284,15.493736977150023,15.53766939713466,30669000
2008-10-03,15.397087097167969,16.10880340993447,15.344367287535155,15.751480504040165,27695800
2008-10-06,14.913825988769531,15.315082534358364,14.269474597533264,15.03683927871901,46243600
2008-10-07,14.439349174499512,15.098345850876763,14.374914703668633,15.025123997945956,34820200
2008-10-08,13.885791778564453,14.527214791087053,13.604620138878664,14.24897265111618,49084200
2008-10-09,12.682021141052246,13.95022381379572,12.682021141052248,13.93265017181012,46288400
2008-10-10,12.15481948852539,13.194568883968133,11.800426224596569,12.315907234195214,73567200
2008-10-13,13.841853141784668,13.920932845917381,12.655659814346704,12.720095377108848,50478400
2008-10-14,12.807966232299805,13.79499648554227,12.491648412284816,13.79499648554227,57665600
2008-10-15,12.9485445022583,13.862353487734499,12.860678554459938,13.715909868978509,56256000
2008-10-16,13.4083833694458,13.446459040179867,12.33934514502244,13.121353882452269,53069400
2008-10-17,12.94561767578125,13.522604843207187,12.567792825881538,13.168211511414253,42030000
2008-10-20,13.607539176940918,13.727622885424344,13.042266786030249,13.206284021853763,27773000
2008-10-21,13.48160171508789,13.803778407176013,13.47281545384208,13.578255057897234,21927000
2008-10-22,13.291229248046875,13.537254685104093,12.951479941375164,13.355663710108931,31891200
2008-10-23,12.611729621887207,13.355662637549303,12.15482495625191,13.355662637549303,56321200
2008-10-24,12.187039375305176,12.594152498227874,12.008377963426579,12.008377963426579,40797600
2008-10-27,12.011309623718262,12.658591510518704,12.00838124184633,12.05231479086127,29412000
2008-10-28,13.253154754638672,13.273656783109011,12.043529488504877,12.17240065863473,36079600
2008-10-29,12.84310531616211,13.41423567047234,12.740595226765274,13.062770751106338,29859200
2008-10-30,13.080349922180176,13.32637535809766,12.848968631332744,13.162358028393788,25942200
2008-10-31,12.904620170593262,13.472821365074568,12.740602812624862,13.220938004267575,31870200
2008-11-03,13.311722755432129,13.370300415771705,12.933898019381607,13.036408087018907,18576200
2008-11-04,13.48160171508789,13.762774364993755,13.358589588541113,13.677836782029729,23774200
2008-11-05,13.100849151611328,13.601686180100815,13.06277348873729,13.390808078107375,23496800
2008-11-06,13.030555725097656,13.314655630139402,12.846036423788664,13.106705927151031,34002800
2008-11-07,13.546040534973145,13.742274531835653,13.030559267838584,13.133069397949352,29180800
2008-11-10,13.443530082702637,13.850643328638835,13.212148803395563,13.727630058177171,22561600
2008-11-11,13.015911102294922,13.40838012574496,12.866539072130045,13.352731941424002,27487000
2008-11-12,12.837249755859375,13.053985712947133,12.538504602302805,12.796244598986828,35027800
2008-11-13,13.554824829101562,13.581184732625738,12.687878628958696,12.843108551225258,37546800
2008-11-14,13.185789108276367,13.81842576248088,13.174073345705988,13.352734814436127,33382200
2008-11-17,12.878251075744629,13.159422531261958,12.65272778831634,13.068627093276216,30672000
2008-11-18,12.737667083740234,12.813817277674602,12.310050846601067,12.687875669906218,38923200
2008-11-19,12.38034439086914,13.062771113371074,12.362770753366815,12.78452911521295,32379800
2008-11-20,12.028879165649414,12.816745459218515,12.008377147706156,12.301264395211184,42268800
2008-11-21,12.887042045593262,12.97197963631284,11.861936428330162,12.195827793474482,50104800
2008-11-24,13.247293472290039,13.505034629115945,12.799176226065784,13.030557479156354,36720800
2008-11-25,13.200429916381836,13.622187206824883,12.963190812039684,13.423024879850692,32370600
2008-11-26,13.404241561889648,13.424917912630011,12.922775551557045,13.073417696490631,21349000
2008-11-28,13.8443603515625,13.85617573670381,13.351079853072871,13.351079853072871,12565600
2008-12-01,13.094096183776855,13.738018641425501,13.085234085078568,13.643497851672855,25153200
2008-12-02,12.975944519042969,13.297906308423208,12.68352005365932,13.297906308423208,28670000
2008-12-03,13.628729820251465,13.705528669715003,12.848932705316535,12.899146384231601,39894200
2008-12-04,13.218153953552246,13.755741353811569,13.058649702457284,13.460363611832747,32059200
2008-12-05,13.581464767456055,13.613956490569626,12.825297546878915,13.094092301081588,28276200
2008-12-08,13.581464767456055,13.90047318336053,13.421960559503818,13.732108006114178,26908400
2008-12-09,13.241789817810059,13.749838963632996,13.108869557330154,13.448553415470911,26635000
2008-12-10,13.383567810058594,13.551933056939594,13.135450426216567,13.135450426216567,29363800
2008-12-11,13.061603546142578,13.481039380765043,12.967082762938173,13.34516589575579,33283400
2008-12-12,13.164989471435547,13.18566582888842,12.701246379803486,12.922779746893081,30458000
2008-12-15,13.283134460449219,13.37174753796172,12.949357370816506,13.256550424517828,20399200
2008-12-16,13.723247528076172,13.820722708909642,13.21224424763267,13.37174847439117,35063000
2008-12-17,13.433786392211914,13.720303308004958,13.294958422410792,13.611013803468563,26407400
2008-12-18,13.345170021057129,13.720299988325742,13.224065159716627,13.608056101032094,31094400
2008-12-19,13.12363338470459,13.59032963887544,13.04978894798074,13.424918821751097,50547600
2008-12-22,13.191571235656738,13.23587835211105,12.99662195145597,13.212247589528276,22376800
2008-12-23,12.987753868103027,13.330391850522092,12.955262150729263,13.212240355849522,20176200
2008-12-24,13.026151657104492,13.099996056808658,12.996614347933274,13.011383002518883,5316600
2008-12-26,13.167943954467773,13.271325742311607,13.076376423251107,13.11772913838864,9626600
2008-12-29,13.11772346496582,13.250643653831963,12.913913259888728,13.250643653831963,13950600
2008-12-30,13.271322250366211,13.33335130675145,13.15612510942886,13.179754743242754,16001800
2008-12-31,13.371755599975586,13.43969237125439,13.309726520996298,13.342217138478,15550400
2009-01-02,13.557839393615723,13.587376718379776,13.303814344248696,13.410150516242028,16355800
2009-01-05,13.421965599060059,13.554885822261253,13.345167873864249,13.460365025046356,20237200
2009-01-06,13.206342697143555,13.578519399244437,13.132498238590825,13.498767248794246,21307800
2009-01-07,13.271322250366211,13.345166687046737,13.061604320619923,13.061604320619923,21581000
2009-01-08,13.36289119720459,13.37470545199606,13.162034217651138,13.244739635075453,20087000
2009-01-09,13.173846244812012,13.368795500616395,13.07046449051295,13.359934529326937,19802400
2009-01-12,12.916868209838867,13.194522874959603,12.851884747603034,13.1324938210672,20469800
2009-01-13,13.002531051635742,13.091144167373654,12.884379479467258,12.937547574265386,22602400
2009-01-14,12.58900260925293,12.857796385428284,12.485620821022788,12.848935411230553,27053600
2009-01-15,12.807578086853027,12.816439057861945,12.524015746801869,12.574229418221174,28061600
2009-01-16,12.949359893798828,13.13840146313103,12.840070447799267,12.967082963464959,28353200
2009-01-20,12.665794372558594,13.144305866119964,12.665794372558594,12.93163359041431,28331800
2009-01-21,12.786900520324707,12.834160905837702,12.453123413827408,12.81939224663548,23800600
2009-01-22,12.736686706542969,12.769178435352831,12.49447707131234,12.594905539098935,23489400
2009-01-23,12.464938163757324,12.600811624413092,12.27589663123166,12.597858343432058,31255800
2009-01-26,12.710103034973145,12.813485913884545,12.441309352646046,12.494477432822976,25210800
2009-01-27,12.79871654510498,12.975942718039681,12.701241361247327,12.783946758379983,19822800
2009-01-28,12.9552640914917,12.996616782789088,12.775083542173364,12.996616782789088,18563600
2009-01-29,12.863703727722168,13.141359597329979,12.801674656469043,12.90801085106123,21258400
2009-01-30,12.618538856506348,12.90210124890998,12.562416358350754,12.83121008742068,22607400
2009-02-02,12.476758003234863,12.553555730747044,12.267038921735532,12.467895903569628,15966800
2009-02-03,12.795762062072754,12.848930138996932,12.399955893179719,12.553552434652175,17950000
2009-02-04,12.524015426635742,12.863699119020612,12.488569289953066,12.804623351326033,18307000
2009-02-05,12.609676361083984,12.66875213934036,12.37928206533855,12.470849577974768,22119800
2009-02-06,12.863703727722168,12.905056441890917,12.600817650412013,12.621494007496388,18722400
2009-02-09,12.497430801391602,12.807577158771819,12.405863309420624,12.795761780431725,19688400
2009-02-10,12.013007164001465,12.497427403238992,11.897810073449829,12.408813216559713,45488000
2009-02-11,12.190240859985352,12.284761657459567,12.098673344467363,12.098673344467363,21237400
2009-02-12,13.11181640625,13.129539474543128,12.45017096484485,12.59785982029128,61226200
2009-02-13,12.952308654785156,13.108859565255548,12.905048278946758,13.055691501590319,22736400
2009-02-17,12.583090782165527,12.75736368703464,12.535830390681188,12.70124232426468,26421200
2009-02-18,12.606718063354492,12.713054196552394,12.47970558500992,12.63625537734222,18108200
2009-02-19,12.789856910705566,12.913916157071636,12.60672301316939,12.733735541383265,19813000
2009-02-20,12.653987884521484,12.840076256481591,12.518114335943629,12.692387322781189,30173200
2009-02-23,12.432452201843262,12.757367345631167,12.382237387678549,12.70715365824339,23461400
2009-02-24,12.718965530395508,12.760318232541945,12.461986092582718,12.618537056564177,26216000
2009-02-25,12.515153884887695,12.783947569397714,12.45312483310306,12.68351909788976,26349400
2009-02-26,12.131162643432617,12.63330498339901,12.11343957492443,12.63330498339901,21334000
2009-02-27,12.066184043884277,12.196151011719776,11.948033586588478,12.098675785843152,35448000
2009-03-02,11.723541259765625,12.027781076499457,11.702864909580759,11.948028957167864,31199000
2009-03-03,11.46951961517334,11.903724180905655,11.448842134160564,11.758989701253816,37264600
2009-03-04,11.735356330871582,11.909629225552258,11.472470348185393,11.593575164707453,33883400
2009-03-05,11.180047988891602,11.64969868175574,11.058943149940559,11.566993267870176,36464600
2009-03-06,11.549267768859863,11.581759496564892,11.25389006503453,11.268659851647014,33002400
2009-03-09,11.445883750915527,11.77670639802527,11.439976062798673,11.661509296687361,35127400
2009-03-10,11.566993713378906,11.717635884012067,11.416351542745748,11.705821629271066,35181400
2009-03-11,11.811761856079102,11.925193297985833,11.65654018260105,11.689375689892348,27254000
2009-03-12,12.190860748291016,12.196830944044885,11.746090843564225,11.814747525384519,25473600
2009-03-13,12.30429458618164,12.372950142672535,12.068476932126854,12.262504346465326,24396800
2009-03-16,12.319219589233398,12.540111183084242,12.274443681418386,12.375934752260262,23204000
2009-03-17,12.372954368591309,12.438624279703896,12.184897086939264,12.340118843685504,20241600
2009-03-18,12.432653427124023,12.611754815173574,12.238625974487965,12.328176668512741,28792800
2009-03-19,12.590861320495605,12.611756447181998,12.47742981941304,12.492354747232035,22777600
2009-03-20,12.728165626525879,12.877417101768817,12.629660244988704,12.632644773466271,38328800
2009-03-23,13.175925254821777,13.175925254821776,12.835631939093439,12.883392384481647,26501400
2009-03-24,13.140104293823242,13.235625177972626,12.958017252570118,13.014732421690452,21878800
2009-03-25,13.358011245727539,13.399801489779357,13.143088689233911,13.253535635597997,24485400
2009-03-26,13.387860298156738,13.43263620766175,13.08040254489828,13.417711284059639,27807800
2009-03-27,13.46248722076416,13.492338209252262,13.262490722038395,13.262490722038395,23103600
2009-03-30,13.110251426696777,13.331144151317543,12.96398559198859,13.28338371608854,22905800
2009-03-31,13.119207382202148,13.349054834180135,13.092342066030733,13.214728253323052,23836600
2009-04-01,13.39084243774414,13.42964813984366,12.984878246021609,13.062488511522268,21254800
2009-04-02,13.534130096435547,13.680397111025817,13.328163375023697,13.522189699591664,24926400
2009-04-03,13.423678398132324,13.659494869760922,13.27741144754894,13.54307889822436,17886600
2009-04-06,13.429648399353027,13.501288470630538,13.295321842334696,13.343082269419169,16084000
2009-04-07,13.31920337677002,13.48337979700393,13.271442942907452,13.384874400343008,15666200
2009-04-08,13.429648399353027,13.474423159226872,13.289351646611836,13.340096602208538,13595600
2009-04-09,13.429648399353027,13.650539947606818,13.378902305057924,13.644569751883958,16203000
2009-04-13,13.352041244506836,13.423682477290969,13.253535830464763,13.417712279667395,13174400
2009-04-14,13.196812629699707,13.313228575808498,13.077412155687329,13.313228575808498,16458200
2009-04-15,13.441590309143066,13.468455625857288,13.16398241599566,13.193833400510698,16665600
2009-04-16,13.46248722076416,13.584873426818426,13.235625401748493,13.543083181633865,17325600
2009-04-17,13.438607215881348,13.563977948143792,13.331145937542825,13.50726277955346,22426000
2009-04-20,13.232640266418457,13.432636755987776,13.077418549483196,13.387860844654993,27665400
2009-04-21,12.862489700317383,13.417705263290506,12.722192976274147,13.181887704617289,37523000
2009-04-22,12.81473445892334,12.90130060611434,12.716227917906277,12.895330409201309,28969200
2009-04-23,12.811751365661621,12.880408074608846,12.743095795413254,12.856527282157836,28034600
2009-04-24,12.772943496704102,12.862494167936692,12.707272473074203,12.820703930608055,29316200
2009-04-27,12.608770370483398,12.826677478269053,12.561009924101596,12.662499876301423,23763600
2009-04-28,12.620709419250488,12.701305384692391,12.537128924139852,12.569964443990129,18167600
2009-04-29,12.749058723449707,12.862490145510684,12.644583162800261,12.647567690805298,20426400
2009-04-30,12.850552558898926,13.1550257232401,12.775926816816238,12.874433342940645,35959200
2009-05-01,12.677424430847168,12.898316042038209,12.59085827624856,12.877420920403887,21220200
2009-05-04,12.886373519897461,12.907269776780938,12.605781119486466,12.716226906849506,26789000
2009-05-05,12.87741756439209,13.059504552921718,12.841597527882493,12.931148188505698,22393600
2009-05-06,12.817721366882324,13.011748817120338,12.761006193730658,12.984883495375056,19488600
2009-05-07,12.775930404663086,12.931152128429591,12.707274839310383,12.931152128429591,27057600
2009-05-08,12.811751365661621,12.88637713402274,12.689365151097338,12.82070723218018,24158600
2009-05-11,12.761001586914062,12.892342479865487,12.69831623837123,12.755031391048304,18437800
2009-05-12,13.253536224365234,13.340101245732905,12.793841241976532,12.82369109228279,37052200
2009-05-13,13.023690223693848,13.250552072601964,12.966973907442622,13.143090777282724,23717800
2009-05-14,13.402788162231445,13.483382988257162,13.107269624908092,13.110254154550262,34590000
2009-05-15,13.420698165893555,13.456519355256342,13.322192741893089,13.381893585465521,34102200
2009-05-18,13.752034187316895,13.766959110736716,13.337115167273089,13.474426284653303,28462000
2009-05-19,13.922182083129883,14.008748241000418,13.677409672991569,13.772930557987069,31889400
2009-05-20,14.029641151428223,14.116207295650227,13.89233004323382,13.972925990747557,33379200
2009-05-21,13.934125900268555,13.975916155379279,13.8505453900471,13.92218550203719,28366400
2009-05-22,14.119197845458984,14.24158408342078,13.92218582486929,13.931140554400935,24576400
2009-05-26,14.092323303222656,14.172919232403158,13.993817926689818,14.029637960092819,28784800
2009-05-27,13.919198036193848,14.086359021381586,13.892332715188845,14.068449566510791,19064800
2009-05-28,13.999796867370605,14.089347576167414,13.838604908316928,13.925171086923427,18940200
2009-05-29,14.674410820007324,14.674410820007324,14.014719311096568,14.032628766461396,45436800
2009-06-01,14.63261604309082,14.760972414067812,14.543065377890205,14.701271591034573,42668400
2009-06-02,14.82365608215332,14.904252013289257,14.5908241513373,14.62962871400773,33442000
2009-06-03,14.653512954711914,14.77589914450227,14.557992081641325,14.728138707966977,26862800
2009-06-04,14.853509902954102,14.862465767946835,14.54008195697638,14.668438347785136,21710200
2009-06-05,14.757987022399902,14.907238513422671,14.695301669457981,14.898283788344827,19833400
2009-06-08,14.740080833435059,14.81470659545713,14.569934187120639,14.695304920742311,15849400
2009-06-09,14.653512954711914,14.805748990324846,14.584857398361093,14.778883673605078,20304400
2009-06-10,14.45053768157959,14.73411590644339,14.343076363635484,14.71620530721965,28236200
2009-06-11,14.625139236450195,14.814801591380965,14.47461290169097,14.486654135668863,20569000
2009-06-12,14.718472480773926,14.763630864048324,14.595040868039353,14.655251662930086,17240800
2009-06-15,14.483648300170898,14.649227086574681,14.480637129487576,14.634174678433451,17630000
2009-06-16,14.399349212646484,14.549875541952387,14.396338042942505,14.50772720506994,15866200
2009-06-17,14.429455757141113,14.643202894879032,14.402360968665539,14.414403352082436,16653800
2009-06-18,14.917160987854004,14.944255776668468,14.438487151081752,14.447519512969844,24154600
2009-06-19,14.694387435913086,15.019523859512073,14.664281467156053,14.971355457926103,30718400
2009-06-22,14.447524070739746,14.694387269627441,14.447524070739746,14.60708168385794,21359600
2009-06-23,14.39031982421875,14.610088172586616,14.375267417864102,14.50773020158001,18727000
2009-06-24,14.300002098083496,14.598044752382052,14.25785490722659,14.486654435489006,17777000
2009-06-25,14.40537166595459,14.459561245447361,14.20366690217312,14.275918909213518,20630200
2009-06-26,14.489668846130371,14.537837239086603,14.339142474589009,14.366237267403458,26200600
2009-06-29,14.537841796875,14.60106261712084,14.486662217324483,14.492683411884864,17526600
2009-06-30,14.447524070739746,14.52579729177171,14.393334476015593,14.51375490440517,31447400
2009-07-01,14.805778503417969,14.932220142756288,14.573967682872293,14.59504128942868,24212400
2009-07-02,14.715459823608398,14.88103861859863,14.682343834925316,14.682343834925316,22199200
2009-07-06,14.751585006713867,14.766637414790795,14.564932620024685,14.655248216911378,16671800
2009-07-07,14.643207550048828,14.80276516155999,14.616112752959644,14.67030234713801,17109000
2009-07-08,14.604063034057617,14.71545333751718,14.50170509071012,14.616105415257248,21321000
2009-07-09,14.664284706115723,14.706431923259514,14.604073903727935,14.667295877869156,17427000
2009-07-10,14.543856620788574,14.712445400930525,14.456551060543672,14.601056221418888,15619200
2009-07-13,14.766632080078125,14.80576924567923,14.480631836238752,14.56492735818149,20608400
2009-07-14,14.83889102935791,14.856953460225501,14.673312238662444,14.757606645178283,15369200
2009-07-15,15.212198257446289,15.22725181682078,14.868998234734134,14.893083010993049,20127200
2009-07-16,15.290470123291016,15.317564917924424,15.100806560857166,15.158006172449847,15817800
2009-07-17,15.148969650268555,15.21821162375911,15.061664103875126,15.145959628997119,19808400
2009-07-20,15.362725257873535,15.362725257873533,15.073714822142406,15.236283622900686,19104800
2009-07-21,15.158000946044922,15.302507233214797,14.992422213009354,15.302507233214797,28738600
2009-07-22,14.790722846984863,15.154996421469992,14.706427290824335,15.148975228285298,28358800
2009-07-23,14.805778503417969,15.05866293052003,14.715462882686968,14.79072609136704,26749000
2009-07-24,14.859968185424805,14.944262612103495,14.703420572717645,14.875020597556652,16574000
2009-07-27,14.908130645751953,14.929204244014384,14.796741462304118,14.859962257091405,16257600
2009-07-28,14.868996620178223,14.977375804724261,14.751586219728418,14.881039007000052,16079600
2009-07-29,14.835877418518066,15.03457216435804,14.77867781613647,14.878024614843975,18125000
2009-07-30,14.953288078308105,15.20316238760582,14.917162073401505,14.998446445760099,19436600
2009-07-31,15.004467964172363,15.11284712967327,14.902109991024288,14.94425718906908,16822200
2009-08-03,14.932217597961426,15.082743989668396,14.841901992622288,15.061670386703438,18436000
2009-08-04,14.902112007141113,15.097796765594852,14.85695363259789,14.920175586643436,17580200
2009-08-05,14.802762031555176,14.929204774043804,14.75158361922229,14.905120004645964,15010000
2009-08-06,14.868996620178223,14.917165019040326,14.811797005412354,14.875017813589137,13811600
2009-08-07,14.853934288024902,14.977365799429961,14.802754752434076,14.950271021393512,13305400
2009-08-10,14.884050369262695,14.896092757168507,14.745566353621825,14.829860772111864,13499200
2009-08-11,14.763627052307129,14.896089848126572,14.736532259023027,14.878026269795471,12509000
2009-08-12,14.589022636413574,14.778686276886956,14.579991417294812,14.739549079996278,24894800
2009-08-13,14.486661911010742,14.646220692423439,14.275924699555109,14.579988702085135,26560600
2009-08-14,14.592025756835938,14.592025756835936,14.450530610445988,14.465583016813538,14806400
2009-08-17,14.661273956298828,14.688368758609466,14.486662752869055,14.582999572545662,16211600
2009-08-18,14.63417911529541,14.736537129484354,14.595041923522306,14.676326330239304,15516200
2009-08-19,14.859968185424805,14.896094204226324,14.546872960010486,14.546872960010486,17039600
2009-08-20,14.87802791595459,14.92619746350051,14.787712311156438,14.868996700002342,11873200
2009-08-21,15.025537490844727,15.046611084155577,14.826842790753345,14.9322107573076,17650000
2009-08-24,14.769643783569336,14.992422106898703,14.694380619229056,14.992422106898703,21742400
2009-08-25,14.67331600189209,14.796747620985842,14.658262441074804,14.787715254810381,21427800
2009-08-26,14.805778503417969,14.847925716530742,14.66127328056328,14.697399299170597,13591400
2009-08-27,14.884050369262695,14.94426116036643,14.679334368565183,14.805777144725562,13884800
2009-08-28,14.769643783569336,14.944253727657914,14.72749544686199,14.938232536699722,13716200
2009-08-31,14.68233871459961,14.862969855518257,14.601054356658782,14.703412309425959,21321600
2009-09-01,14.61009407043457,14.82685248440321,14.564936833141406,14.667294845468213,24552800
2009-09-02,14.992424011230469,15.142950359030824,14.616108141729578,14.616108141729578,40824000
2009-09-03,14.92619800567627,15.007481249049466,14.820828839230002,14.94125041561852,22579800
2009-09-04,15.037586212158203,15.076723394132102,14.766638257608433,14.841901450713904,15117600
2009-09-08,15.176066398620605,15.290466744955056,14.968340451277042,15.034571263639176,31283600
2009-09-09,15.242303848266602,15.296493445074605,15.12489343799103,15.17005066971416,15813000
2009-09-10,15.227250099182129,15.293480929572606,15.100807334936292,15.212196541505683,21545000
2009-09-11,15.633947372436523,15.703756351177653,15.175643449692094,15.215100446848012,34130200
2009-09-14,15.831238746643066,15.925328197692034,15.451847479557285,15.503445293942288,33162200
2009-09-15,15.919260025024414,15.958717046506854,15.676449811690983,15.806960518447156,27725400
2009-09-16,15.986032485961914,16.031559908574547,15.75232844612774,15.916224620350214,26104600
2009-09-17,16.21366310119629,16.22276927805621,15.910150116229138,15.934431710775385,27358600
2009-09-18,16.316864013671875,16.426128916710244,16.177248263260893,16.29258356733591,124169000
2009-09-21,16.086191177368164,16.316860579154238,16.019417937830713,16.23187729815048,24711600
2009-09-22,16.04067039489746,16.18028733149766,16.004249139085207,16.18028733149766,19425600
2009-09-23,15.958711624145508,16.131713914726983,15.834270201920553,16.06797531466273,20835200
2009-09-24,15.885871887207031,16.128682077362882,15.852485268971167,15.958715523158943,24283000
2009-09-25,16.077089309692383,16.17117762988201,15.864629907704833,15.882841110553114,21737000
2009-09-28,16.12564468383789,16.27740117131814,16.05583683853419,16.09529269165577,15193400
2009-09-29,16.18028450012207,16.25009237730112,16.143862092872496,16.20760072665393,17321200
2009-09-30,16.29865074157715,16.374529002796958,15.964785697523759,16.183315460336132,28275800
2009-10-01,16.122604370117188,16.29864240182026,16.098323941012158,16.207588766509268,28071000
2009-10-02,16.350248336791992,16.413986959790968,16.05887607494978,16.104403497404697,25169000
2009-10-05,16.32900047302246,16.389703309434278,16.177243960898068,16.332036251638716,15554600
2009-10-06,16.486827850341797,16.586987706922475,16.286509294990772,16.332036713038413,19109800
2009-10-07,16.635547637939453,16.77819795797992,16.486825761264278,16.65072305609565,20761400
2009-10-08,16.568767547607422,16.696242396704776,16.48681893412639,16.696242396704776,18030400
2009-10-09,16.586992263793945,16.6628705428455,16.465586554187198,16.593061507244695,11828400
2009-10-12,16.629480361938477,16.769096087689995,16.550566320210812,16.641621161867413,16013800
2009-10-13,16.63251304626465,16.681075082515235,16.556634792259967,16.623408026283375,11937400
2009-10-14,16.6446533203125,16.702320374727293,16.568775068698717,16.66893375876759,16081000
2009-10-15,16.668933868408203,16.7569529187336,16.495931546215658,16.6112668136141,24241800
2009-10-16,16.69624900817871,16.753917217062092,16.599124944365844,16.668932792868205,22090800
2009-10-19,16.629480361938477,16.844974350530222,16.593057962151676,16.73570946679063,20656000
2009-10-20,16.41095733642578,16.435238946259044,16.140830794990574,16.265271150858847,26859600
2009-10-21,16.41095733642578,16.599135181390047,16.29865778547414,16.335079042413156,16511200
2009-10-22,16.435232162475586,16.471653404381417,16.21063199546708,16.262229816159877,16361000
2009-10-23,16.159029006958008,16.435225728728717,16.12260662149971,16.36238211562207,21709400
2009-10-26,16.155996322631836,16.480755129384793,15.998169428856817,16.110470068807036,21567600
2009-10-27,16.225807189941406,16.365422913473484,16.113507686909987,16.159035107014546,14735200
2009-10-28,16.240983963012695,16.389705877635258,16.156000673405796,16.162071073779213,16017200
2009-10-29,16.41701889038086,16.42308928956733,16.131717075478292,16.244016565902353,14807000
2009-10-30,16.18028450012207,16.47165681125479,16.119581645850094,16.407919335284003,21812200
2009-11-02,16.304719924926758,16.365421603125384,16.134752215663834,16.240981310321725,18603600
2009-11-03,16.122604370117188,16.292572005091554,16.016375321889328,16.283466988903392,16314800
2009-11-04,16.23491096496582,16.3897020863448,16.095294104294524,16.21366398966849,14114400
2009-11-05,16.5111083984375,16.535388837457507,16.222770804034496,16.240980843846934,16305800
2009-11-06,16.538433074951172,16.541467697201956,16.332044027572223,16.380606088260752,10680400
2009-11-09,16.838903427124023,16.84497382689979,16.44130092538907,16.568777005059435,19230400
2009-11-10,16.93906021118164,17.054394312549558,16.76909252175133,16.799443357309165,16139400
2009-11-11,17.03618621826172,17.078677856015286,16.917816325145264,17.014940399384933,14304600
2009-11-12,16.978515625,17.11206207673136,16.951199410583143,17.03011343348079,15196000
2009-11-13,17.136343002319336,17.209186628781072,16.966376470258886,17.01493850196332,23351000
2009-11-16,17.221330642700195,17.32755974507908,17.127241182157196,17.194014422401285,16239400
2009-11-17,17.260787963867188,17.27596338580259,17.133313030237236,17.190980096715954,11344000
2009-11-18,17.17276382446289,17.30023871185404,17.084744788229923,17.27899289728885,15253200
2009-11-19,17.263824462890625,17.294175308027146,17.008873427188064,17.069576275271633,18154400
2009-11-20,17.445934295654297,17.509671774064774,17.206158648897905,17.206158648897905,20697600
2009-11-23,17.67659568786621,17.709981141638625,17.515733028224176,17.515733028224176,18542400
2009-11-24,17.661422729492188,17.73426636584251,17.561264032047106,17.73426636584251,15581400
2009-11-25,17.637147903442383,17.716060806615044,17.6007266525789,17.716060806615044,13380600
2009-11-27,17.47818946838379,17.58517337205089,17.239767531047338,17.41705530941526,15675400
2009-11-30,17.48430824279785,17.520988282761053,17.362039888203917,17.511818564279615,18884800
2009-12-01,17.753297805786133,17.808317282348078,17.53932876968158,17.603519130701713,15359800
2009-12-02,17.71661376953125,17.78997500328901,17.63102663517824,17.6768775520315,13599400
2009-12-03,17.505706787109375,17.756355889752538,17.47208292791912,17.756355889752538,20241800
2009-12-04,17.572946548461914,17.738007253143817,17.365091118527783,17.60656922639026,24927200
2009-12-07,17.68910789489746,17.759411796633906,17.331474851363687,17.410948472358676,16705400
2009-12-08,17.631027221679688,17.649367822238546,17.444568530461815,17.58517630330119,18290800
2009-12-09,17.6768798828125,17.682992250897442,17.43234318206814,17.56072506656267,19494600
2009-12-10,17.906131744384766,18.010058323909906,17.704388621201016,17.722729223137005,30755400
2009-12-11,18.068134307861328,18.156778791655043,17.912242123805175,17.912242123805175,30435600
2009-12-14,18.04674530029297,18.172069871848986,18.010064084687972,18.068142093043672,16670200
2009-12-15,18.0528564453125,18.092592674565296,17.988664909524143,18.080366770353912,15299800
2009-12-16,17.85721778869629,18.09564087382582,17.84499189066778,18.019223472471857,19605000
2009-12-17,17.41706085205078,17.811375078541545,17.404833783158633,17.808317728299773,25472000
2009-12-18,17.398714065551758,17.502641782126215,17.21225657837843,17.502641782126215,37737800
2009-12-21,17.47818946838379,17.60962750205314,17.392602345450108,17.429282374416385,14616200
2009-12-22,17.505706787109375,17.600464829733035,17.450686138623063,17.469026743464354,12111800
2009-12-23,17.511816024780273,17.576006376916588,17.420115355151644,17.48430570728796,10937600
2009-12-24,17.55767059326172,17.579067383177048,17.438459573437,17.57295501409061,5814200
2009-12-28,17.55767059326172,17.600465339129975,17.508763478307024,17.548500873594463,7679600
2009-12-29,17.649368286132812,17.71967217440036,17.560723796824345,17.560723796824345,9551000
2009-12-30,17.631027221679688,17.69827492435821,17.569893052520786,17.649367822238546,9625200
2009-12-31,17.423173904418945,17.652426192634984,17.401777117468445,17.60046290033732,10848800
2010-01-04,17.435400009155273,17.490420648568612,17.39260643761987,17.47208004675171,13870400
2010-01-05,17.224491119384766,17.420120752182235,17.16030074736125,17.377326004795588,23172400
2010-01-06,17.21837615966797,17.251998849928377,17.111391056353153,17.224488528051705,19264600
2010-01-07,17.175579071044922,17.230599707277673,17.04108483027448,17.218373806143852,13234600
2010-01-08,16.857688903808594,17.00746644365293,16.73542052488296,16.952445789740164,28712400
2010-01-11,17.20003890991211,17.25505956439288,16.750703953665035,16.857689077838845,28642400
2010-01-12,17.386493682861328,17.42317372210159,17.135844610317598,17.145014328618306,23269800
2010-01-13,17.43233871459961,17.554607033637502,17.32841099322853,17.380375436932624,15157400
2010-01-14,17.46290397644043,17.499584000693897,17.352862737643083,17.435393666741092,12392600
2010-01-15,17.206153869628906,17.530163121679994,17.12973641719606,17.40789589741011,27460800
2010-01-19,17.24588394165039,17.267281893438703,17.093049091408027,17.18475093438334,14615400
2010-01-20,16.96466636657715,17.23671218120495,16.900476016930927,17.16640829834901,18810200
2010-01-21,16.619258880615234,16.98912005079464,16.564238249217876,16.97994916820361,27396800
2010-01-22,16.57952308654785,16.76903795171607,16.500048320935957,16.613145770112787,23551400
2010-01-25,16.613143920898438,16.67122189685104,16.469479987731223,16.655938648561392,16853200
2010-01-26,16.5489559173584,16.65899718625559,16.466424965685505,16.527559133521418,15515000
2010-01-27,16.662057876586914,16.707908806374657,16.414466120638323,16.50616681417623,20414800
2010-01-28,16.561182022094727,16.762923948007977,16.54589877253287,16.723186566317384,20905200
2010-01-29,16.582576751708984,16.79348836804033,16.47559285198375,16.64065355926882,22146800
2010-02-01,16.622310638427734,16.67733125131621,16.506155881659087,16.662046840818558,14517600
2010-02-02,16.827116012573242,16.876023115783248,16.552013994280962,16.6681676356314,16888600
2010-02-03,16.772098541259766,16.799608864885002,16.6681707815686,16.787381795265446,15899400
2010-02-04,16.33193588256836,16.714023094558005,16.322766162612652,16.674285698020544,21342800
2010-02-05,16.22800636291504,16.331934120001687,16.056830890643642,16.273857289820548,29285000
2010-02-08,16.0935115814209,16.283026485534467,16.069057443580455,16.283026485534467,16721200
2010-02-09,16.509225845336914,16.805725932737506,16.313597354447452,16.411411599892183,31495000
2010-02-10,16.441974639892578,16.68956636865436,16.25245857254812,16.68956636865436,18717600
2010-02-11,16.57341194152832,16.607035795975595,16.28302548570969,16.383895883014116,26327200
2010-02-12,16.50004768371582,16.628429543962696,16.390006422371982,16.481707084812786,24640000
2010-02-16,16.756813049316406,16.756813049316406,16.484767199820485,16.662055021476444,19339400
2010-02-17,16.912702560424805,16.979949091578067,16.73846978442796,16.753754199998298,17064600
2010-02-18,17.08999252319336,17.09304870707305,16.857684069104835,16.857684069104835,17264600
2010-02-19,17.031919479370117,17.086940129708452,16.86685752835511,17.056372453944043,18944800
2010-02-22,16.927978515625,17.074699746787356,16.894354681518415,17.0563591556283,13487600
2010-02-23,16.759868621826172,16.995233242400214,16.747641555136354,16.937156424679472,14835600
2010-02-24,16.860740661621094,16.866854195565978,16.71707552900974,16.81183355609939,14470600
2010-02-25,16.237173080444336,16.377782019478875,16.081282056649524,16.243286613970817,63648600
2010-02-26,16.114906311035156,16.228003769010265,15.965127650983808,16.228003769010265,63095400
2010-03-01,16.283021926879883,16.313588424585458,16.136300639026253,16.267738678027094,39449800
2010-03-02,16.292192459106445,16.411403438581814,16.246342710251334,16.316646591325597,24506200
2010-03-03,16.484766006469727,16.542842826145687,16.255513745485302,16.292193780752367,26574200
2010-03-04,16.649826049804688,16.82405765535967,16.6039751363272,16.72012992870958,28983200
2010-03-05,16.72013282775879,16.796550252779593,16.616205083089007,16.71707547777703,24238600
2010-03-08,16.646770477294922,16.772094999335565,16.60397690870114,16.726245247001064,18915600
2010-03-09,16.561182022094727,16.686506534161484,16.49087814128042,16.610089120314992,23070000
2010-03-10,16.567289352416992,16.619252614679965,16.51838227250729,16.585628778610154,21574800
2010-03-11,16.517990112304688,16.573461070247735,16.333087702881762,16.573461070247735,29130600
2010-03-12,16.44095230102539,16.570384967883914,16.413216813525793,16.545730678737065,22334400
2010-03-15,16.533397674560547,16.591949822997762,16.447108874844847,16.558050777635955,23874000
2010-03-16,16.548805236816406,16.60119381313898,16.508742623664606,16.579621908114312,22287800
2010-03-17,16.59194564819336,16.638171821251966,16.517984006415674,16.585782080080186,26074400
2010-03-18,16.625844955444336,16.653580424614532,16.561129252574023,16.61043662270099,23496200
2010-03-19,16.872385025024414,16.967918587187928,16.517987426412642,16.872385025024414,43610800
2010-03-22,16.807668685913086,16.903201068949812,16.76452487736997,16.79226035080206,18127400
2010-03-23,17.04188346862793,17.054210610589237,16.767611025684133,16.860062239232015,19081200
2010-03-24,16.832326889038086,17.06037431477904,16.82924569131418,17.017230493158554,17052600
2010-03-25,16.88779640197754,17.00490189030251,16.841571386604087,16.921695451933257,16638800
2010-03-26,16.841571807861328,16.940186587155043,16.795345615750755,16.884715626854714,16276800
2010-03-29,16.87855339050293,16.937105552968273,16.847735534799337,16.887798159423514,13853600
2010-03-30,16.90937042236328,16.96484138820263,16.82924634702923,16.918616367057183,13631600
2010-03-31,16.949426651000977,17.038796637300138,16.795340954173696,16.884710940472853,22922000
2010-04-01,17.04188346862793,17.081946092211698,16.989494878663816,17.06037418156989,14346000
2010-04-05,16.90629005432129,17.122010356997837,16.841574316192645,17.122010356997837,19191800
2010-04-06,16.730627059936523,16.900121109730836,16.709055154085288,16.900121109730836,17604200
2010-04-07,16.585790634155273,16.73371281842068,16.505666558521057,16.73371281842068,24060800
2010-04-08,16.567298889160156,16.573462460068566,16.46868410578749,16.573462460068566,19466800
2010-04-09,16.823078155517578,16.829241725093762,16.59503078352154,16.61352149225009,20640600
2010-04-12,16.875469207763672,16.90628706016299,16.798426340136665,16.841571333495715,16930400
2010-04-13,16.955591201782227,16.97408190968124,16.841568108689923,16.850812874849108,15055000
2010-04-14,16.93402099609375,16.96792004285287,16.84156979848391,16.958674100185355,13865200
2010-04-15,16.721385955810547,16.878554087436036,16.68132450511318,16.875471713947906,20351000
2010-04-16,16.940187454223633,16.99257604408824,16.693649317789603,16.712140030696446,35075600
2010-04-19,17.04804801940918,17.04804801940918,16.924778943873402,16.943269657878076,26468600
2010-04-20,16.78609848022461,17.038798963474125,16.739872294633297,17.01722705701971,32508800
2010-04-21,16.699811935424805,16.81999979908672,16.64125977793379,16.81691742598773,19263200
2010-04-22,16.736797332763672,16.79843070240573,16.64126372888861,16.684407557870518,20295600
2010-04-23,16.604270935058594,16.78300968811133,16.56112713865208,16.78300968811133,21675400
2010-04-26,16.55805206298828,16.749118035082233,16.55805206298828,16.64125849654068,17890800
2010-04-27,16.29302406311035,16.598114312697085,16.283779295892224,16.536479788221094,27600400
2010-04-28,16.44402503967285,16.508740747391695,16.197488170567368,16.336164351227595,24754600
2010-04-29,16.561141967773438,16.699818244515903,16.505670986843917,16.524160530099532,17437600
2010-04-30,16.47176170349121,16.628928601556066,16.456353368477888,16.524150277652627,19349600
2010-05-03,16.567298889160156,16.625852224999576,16.416295516437426,16.551890549679605,16123400
2010-05-04,16.388559341430664,16.579625329179976,16.348496720012278,16.4532750698582,23282800
2010-05-05,16.53647804260254,16.610439699282367,16.394719474178572,16.465598758390556,23670400
2010-05-06,16.117361068725586,16.702887093016997,15.781454256478902,16.539555481174226,47912000
2010-05-07,16.231393814086914,16.28378358514458,15.883160833895207,16.083471621729352,43535600
2010-05-10,16.653581619262695,16.66898995311136,16.410125947480005,16.59502830482504,35311400
2010-05-11,16.521074295043945,16.662832902835447,16.487175241967506,16.524155492786814,23165200
2010-05-12,16.647428512573242,16.672081627108092,16.46252486344622,16.579630390335208,24005400
2010-05-13,16.48409652709961,16.64126349844028,16.471769383109436,16.62585515624314,19319800
2010-05-14,16.4378662109375,16.53339978957993,16.289944046820125,16.44402978139,25868200
2010-05-17,16.459436416625977,16.50258022974839,16.286859988555584,16.481008323187183,17393400
2010-05-18,16.363908767700195,16.55497597433555,16.357746371236882,16.548812402291073,20435600
2010-05-19,16.370067596435547,16.440946891037676,16.166674480226572,16.33308735046505,21119200
2010-05-20,15.883156776428223,16.17900108556779,15.880074403610495,16.17900108556779,29290400
2010-05-21,15.89857292175293,15.938635558993147,15.501031274845014,15.667444221306193,34233400
2010-05-24,15.858505249023438,15.984855518124892,15.722910211025605,15.781462373337648,16832600
2010-05-25,15.599640846252441,15.633539899009476,15.390084134282569,15.5225979720159,28693800
2010-05-26,15.4332275390625,15.679764476067476,15.390082546453389,15.664356137926072,32607800
2010-05-27,15.787626266479492,15.793789837729792,15.48869952653556,15.596560260044274,22663600
2010-05-28,15.840008735656738,16.00950275240803,15.716739718611906,15.772210658724035,23577000
2010-06-01,15.80611515045166,16.05881566455524,15.633538702164461,15.753725388679472,24274800
2010-06-02,16.151268005371094,16.151268005371094,15.769134834328618,15.883159133892987,18742200
2010-06-03,16.25604248046875,16.33308533582642,16.16359128915568,16.231388202475568,23564400
2010-06-04,15.79995059967041,16.068059435691765,15.722907736111795,16.068059435691765,23942800
2010-06-07,15.655110359191895,15.87083062218239,15.645865591326013,15.787624184646877,20177800
2010-06-08,15.88931941986084,15.969443474737393,15.568820849193193,15.652027276707718,22429800
2010-06-09,15.824600219726562,15.978685912910192,15.769129276134013,15.8893171043049,17645800
2010-06-10,16.16359519958496,16.17900353926807,15.981773969929947,15.981773969929947,18790000
2010-06-11,16.051713943481445,16.076575613117058,15.890108941508313,16.070359899326608,14946000
2010-06-14,16.00819969177246,16.151158699900172,15.992661004189804,16.14183453892988,13656400
2010-06-15,16.2164249420166,16.222640655321197,16.023742571678586,16.107652923001453,16368600
2010-06-16,16.284793853759766,16.297224092744475,16.089003067058393,16.107650203824296,16784800
2010-06-17,16.272367477416992,16.37803224748566,16.172918421531925,16.315876291175925,20740200
2010-06-18,16.256820678710938,16.387347054904403,16.24128080823733,16.2816823375225,28405800
2010-06-21,16.30966567993164,16.465055026560783,16.24440243887379,16.415330483060526,18346400
2010-06-22,16.303442001342773,16.4961255506371,16.29411902446681,16.303442001342773,20805000
2010-06-23,16.23506736755371,16.36248648948238,16.16358727807049,16.334516380496783,20718000
2010-06-24,16.098329544067383,16.309659064608265,16.057927998383526,16.19467132669007,17401400
2010-06-25,15.619733810424805,16.13873475189922,15.619733810424805,16.095225932301958,57969600
2010-06-28,15.874567985534668,15.967801308040753,15.728501696108657,15.765794788005888,23525400
2010-06-29,15.641485214233398,15.834167586041547,15.570005103448242,15.71917985284447,23502600
2010-06-30,15.576223373413086,15.719182432921967,15.542037537128927,15.657026474725884,21933800
2010-07-01,15.548250198364258,15.632160547622945,15.374214972221262,15.632160547622945,26030800
2010-07-02,15.554463386535645,15.681882521645933,15.492307450634703,15.607296346985502,16270200
2010-07-06,15.672561645507812,15.750256279409587,15.545142493329946,15.722286163783908,18338200
2010-07-07,15.995771408081055,16.0330644999427,15.632159909470479,15.706747278719781,23480000
2010-07-08,16.291015625,16.29723134001939,16.02374699232473,16.061040096914656,21562600
2010-07-09,16.284793853759766,16.312763966145678,16.18223637983613,16.272362429249164,12948000
2010-07-12,16.30033302307129,16.306548735510173,16.144943768676953,16.21020697099635,10770600
2010-07-13,16.384241104125977,16.455720009030834,16.346946834633716,16.39045681570802,13706400
2010-07-14,16.415319442749023,16.446396816962753,16.291007574842432,16.33451755847782,12392600
2010-07-15,16.424650192260742,16.455728766710866,16.259937897017462,16.384249823765174,14970600
2010-07-16,16.275470733642578,16.496124383478836,16.225746217945527,16.39978261564819,19563800
2010-07-19,16.2443904876709,16.33762378995014,16.17601884608743,16.328300815379944,11367400
2010-07-20,16.545846939086914,16.58314002506032,16.135618251276156,16.151158123830417,19539000
2010-07-21,16.806903839111328,17.027556315711962,16.55828006125176,16.626651718715745,36364000
2010-07-22,16.862842559814453,16.99337015922582,16.77271768688095,16.785147927113357,20692000
2010-07-23,17.015125274658203,17.039988127217065,16.769609940506744,16.84419731265726,16177400
2010-07-26,17.074176788330078,17.08660821753432,16.999590584157325,17.039992136307934,13305800
2010-07-27,17.108356475830078,17.170512413981346,17.036877561890186,17.064847674781962,17905400
2010-07-28,17.05552864074707,17.1549776905627,17.021342807586787,17.108360429793915,12954800
2010-07-29,17.08971405029297,17.189163097643487,16.987156553354282,17.117684168955687,18292600
2010-07-30,17.12700653076172,17.182946766075485,16.91567701635997,17.002694633280885,16672600
2010-08-02,17.531015396118164,17.555878245537258,17.29482425426632,17.347656030993033,32091200
2010-08-03,17.52169418334961,17.568310252411965,17.422245146718673,17.487508354721594,15427400
2010-08-04,17.574525833129883,17.62114308736744,17.46886108431397,17.565202856492782,11974400
2010-08-05,17.518587112426758,17.534125803336767,17.341443427895186,17.531018539365213,15099800
2010-08-06,17.636686325073242,17.64911775414587,17.294830324260328,17.43467975198522,18090600
2010-08-09,17.748563766479492,17.838689833482924,17.51547984627994,17.518587110251108,18731000
2010-08-10,17.708168029785156,17.83869568438215,17.565210129700386,17.602503237216737,15376000
2010-08-11,17.41603660583496,17.636689172631385,17.39738945921532,17.478192575707247,24302000
2010-08-12,17.307254791259766,17.363195017889392,17.20159005046224,17.257530277091867,18782800
2010-08-13,17.319690704345703,17.397385351961926,17.20781022209414,17.291720583782812,14906800
2010-08-16,17.366315841674805,17.38185454113864,17.130123341928112,17.251326857483516,13958400
2010-08-17,17.440895080566406,17.534128425495254,17.248212676309947,17.40981769409889,18060600
2010-08-18,17.353879928588867,17.44089757154717,17.282400981083622,17.437790306667146,16616800
2010-08-19,17.17983627319336,17.31968684484365,17.083495690354475,17.31968684484365,18781400
2010-08-20,17.18604850769043,17.229557302170353,17.06795236158369,17.06795236158369,19263200
2010-08-23,17.27928352355957,17.363193857898175,17.220236037406856,17.25131341211337,15240000
2010-08-24,17.297935485839844,17.384953107716758,17.139438933774578,17.139438933774578,24366400
2010-08-25,17.214019775390625,17.313468793905194,17.11146349371502,17.22334275039955,15853800
2010-08-26,17.142545700073242,17.25442617382374,17.08349819916099,17.226456055386116,14817400
2010-08-27,17.453327178955078,17.46575860822953,17.102147007872997,17.229566194120288,19665600
2010-08-30,17.263751983642578,17.478189988685756,17.251320554402845,17.465758559446023,10220000
2010-08-31,17.366315841674805,17.416040391275143,17.092830226109555,17.15498620949167,18567800
2010-09-01,17.810720443725586,17.813827707823773,17.487510443310043,17.52169627602098,24166000
2010-09-02,17.83247184753418,17.84490208736092,17.670866874526812,17.84490208736092,14701200
2010-09-03,17.888408660888672,17.900838898342265,17.742342404695787,17.826252731517716,14865400
2010-09-07,17.91016960144043,17.966109839758296,17.838690671484528,17.875983768521046,14392200
2010-09-08,17.972326278686523,18.090421288321558,17.931924730376526,17.941247708630282,18378800
2010-09-09,18.115280151367188,18.177436092252933,17.966106604556987,18.096633013443675,18106600
2010-09-10,18.1867618560791,18.224054952116365,18.025156859216096,18.112174478478426,18445600
2010-09-13,18.171104431152344,18.31827729766656,18.083427588722117,18.312014495420488,18019600
2010-09-14,18.033323287963867,18.199283338388653,18.020797685609157,18.114737314255123,20985200
2010-09-15,17.98009490966797,18.036458940912055,17.917469270070104,17.9644384997685,17402400
2010-09-16,18.008270263671875,18.061503471047047,17.926856245606814,17.97382665243743,16574000
2010-09-17,18.02393341064453,18.155448679043666,17.976962989354877,18.052115424516835,19971200
2010-09-20,18.152313232421875,18.16170683647432,18.020796803151974,18.04271600894577,14062200
2010-09-21,18.196157455444336,18.22433947110949,18.052116572936864,18.10221780139631,14754000
2010-09-22,18.233734130859375,18.32454298596843,18.193026507102285,18.208684112437183,15176000
2010-09-23,18.121000289916992,18.25251672689345,18.074031072395343,18.16797070194584,12696000
2010-09-24,18.355854034423828,18.412218063563397,18.233732369457243,18.26191438402703,13812000
2010-09-27,18.349592208862305,18.43100745284681,18.333935798713753,18.39656263381548,10544400
2010-09-28,18.50615692138672,18.546864539467993,18.27443920663235,18.346459642002355,19884000
2010-09-29,18.399688720703125,18.474841142459017,18.293223486678155,18.474841142459017,15742000
2010-09-30,18.324542999267578,18.524947924820886,18.239996947329605,18.43100826528122,15849600
2010-10-01,18.51242446899414,18.550001292781488,18.324545128088268,18.487374447643624,16454400
2010-10-04,18.437267303466797,18.487368524624017,18.333932862919657,18.4529237111083,11523800
2010-10-05,18.681507110595703,18.700295512953204,18.477970265831004,18.521809871331836,20063000
2010-10-06,18.725345611572266,18.72847760923379,18.58756757714318,18.672113596397544,14123400
2010-10-07,18.612621307373047,18.68777373768332,18.53747007157013,18.684641739395573,14960800
2010-10-08,18.603225708007812,18.694034536503693,18.49362966982811,18.62514491564375,16189400
2010-10-11,18.65019989013672,18.66898710361713,18.578179451277713,18.65019989013672,12997000
2010-10-12,18.66272735595703,18.725354198327558,18.58131329703071,18.58131329703071,16164400
2010-10-13,18.769184112548828,18.778578911071214,18.681507289720702,18.700295692258354,24011000
2010-10-14,18.759790420532227,18.781709626136436,18.687770002903093,18.769184024503424,14491600
2010-10-15,18.769184112548828,18.781709714240595,18.706558493104236,18.77544691339471,19697600
2010-10-18,18.787975311279297,18.787975311279297,18.725348488006908,18.728480486149543,19661800
2010-10-19,18.89444351196289,18.935151132642154,18.73474622238654,18.775452648558314,35052800
2010-10-20,19.148075103759766,19.314035139371256,18.90383065767244,18.90383065767244,32398000
2010-10-21,19.24828338623047,19.335960232573033,19.104241317158113,19.104241317158113,23266400
2010-10-22,19.29212188720703,19.332829506533443,19.235757858757367,19.254546266409736,9534600
2010-10-25,19.10424041748047,19.33595932198303,19.097978809757258,19.191918454201446,21228200
2010-10-26,19.1762638092041,19.216970235685007,19.02909092952046,19.035353732326943,15502200
2010-10-27,19.16060447692871,19.163736475303242,18.881916346964964,19.107372449635587,19029400
2010-10-28,19.166873931884766,19.276471217393535,19.063540645299252,19.18879315008496,16533600
2010-10-29,19.201309204101562,19.257673221285412,19.110500377026778,19.148077184820817,14239600
2010-11-01,19.323436737060547,19.398589181063876,19.166870240352214,19.216971471518576,17996800
2010-11-02,19.370405197143555,19.39545521292955,19.345353986850107,19.35161678942347,13196000
2010-11-03,19.398590087890625,19.398590087890625,19.188790351350004,19.361014461386198,15687400
2010-11-04,19.55514907836914,19.61777589481891,19.37666342791696,19.395450636696868,27487000
2010-11-05,19.59585952758789,19.617778737345226,19.414241853018705,19.54575711156273,16013800
2010-11-08,19.558279037475586,19.592723844761586,19.508177825379708,19.570804639126337,11142200
2010-11-09,19.614648818969727,19.636568031051315,19.52383997205603,19.567679590726673,16637600
2010-11-10,19.586458206176758,19.61464020855427,19.508174998962218,19.589590203389232,18013800
2010-11-11,19.664751052856445,19.664751052856445,19.526972970643907,19.567680592811886,16253600
2010-11-12,19.702320098876953,19.71484570067134,19.53636005587627,19.639694478919274,20022800
2010-11-15,19.714853286743164,19.830713356162317,19.671014858101366,19.692934072422265,22949400
2010-11-16,19.439289093017578,19.721107958589233,19.357873878102783,19.69918875330612,23609000
2010-11-17,19.57707405090332,19.63970088579831,19.445557578173098,19.4580831840536,16749200
2010-11-18,19.990407943725586,20.024852759980767,19.6804057919364,19.68980059287436,41436000
2010-11-19,20.140708923339844,20.143840921402425,19.899596436333653,19.91525284312475,40774800
2010-11-22,20.12505531311035,20.137580918830132,19.908995184235376,20.05929767484275,33680600
2010-11-23,19.921520233154297,20.040511102286235,19.815054970143102,20.018591888828713,17662200
2010-11-24,20.23151206970215,20.237773675053173,19.98413685059394,19.990399650451902,16093000
2010-11-26,20.0749568939209,20.1563721431404,20.040512072674773,20.078088892856513,9016800
2010-11-29,19.986669540405273,20.06864740484246,19.82271501429308,20.037116994381165,22397800
2010-11-30,19.91729736328125,20.046570199991276,19.838473166903984,19.84793288834727,23550600
2010-12-01,20.39970588684082,20.431237497271027,20.125399158081464,20.16008080237331,20951600
2010-12-02,20.462770462036133,20.481687507350788,20.339804856441685,20.38394623252561,22773600
2010-12-03,20.336650848388672,20.4753822596029,20.33034596857191,20.431240884311926,20677800
2010-12-06,20.17584228515625,20.333489478674643,20.17584228515625,20.295655403102515,22221600
2010-12-07,20.2231388092041,20.358716544506876,20.21683393093316,20.3019630179726,19714600
2010-12-08,20.30196762084961,20.317733428387324,20.20107270697192,20.20107270697192,18226600
2010-12-09,20.440698623657227,20.46592295300695,20.355567113483026,20.371332920707715,19622400
2010-12-10,20.383941650390625,20.46276586218214,20.26728095095053,20.453307341651005,17909400
2010-12-13,20.44700050354004,20.484836992013793,20.273588677131215,20.301964239343462,18748400
2010-12-14,20.14746856689453,20.456458123151236,20.084408958311492,20.44069472445797,27936800
2010-12-15,20.412322998046875,20.47853506605729,20.100179704419286,20.147474726005218,26126600
2010-12-16,20.601499557495117,20.62987753111191,20.396558484319208,20.44700474054687,28817200
2010-12-17,20.715003967285156,20.730769773429035,20.44700210150918,20.50060199355952,29294200
2010-12-20,20.592041015625,20.727618787052215,20.554206924870627,20.639336034592557,18271400
2010-12-21,20.648788452148438,20.683471295435155,20.54474232781216,20.60464708896968,18720200
2010-12-22,20.680320739746094,20.680320739746094,20.50375526068228,20.62356961192493,15419800
2010-12-23,20.677169799804688,20.771757419721958,20.642486950844408,20.658250351401815,13063600
2010-12-27,20.5163631439209,20.667706669775164,20.51320950230292,20.667706669775164,9923800
2010-12-28,20.607810974121094,20.62988166668096,20.513220917135914,20.532140371847994,9861600
2010-12-29,20.636180877685547,20.702395342696427,20.60465166919548,20.617263833696388,8747200
2010-12-30,20.651947021484375,20.68347623048862,20.60780564777354,20.629876334628957,9285800
2010-12-31,20.73707389831543,20.74653482497221,20.607803433629762,20.607803433629762,10773400
2011-01-03,20.56366539001465,20.77176010515515,20.528982536570467,20.77176010515515,18945600
2011-01-04,20.13800811767578,20.554201038211968,20.119091077716377,20.50059874912048,27940400
2011-01-05,20.01820182800293,20.163238121438614,19.81956443313788,20.112790662732188,34379000
2011-01-06,19.8731632232666,20.07180060705152,19.810104805472726,20.059188442387857,21712400
2011-01-07,19.83847427368164,19.863698595255272,19.724968434885852,19.794332913689637,16592800
2011-01-10,19.882614135742188,19.926755489738387,19.72496575560622,19.76910710960242,14904600
2011-01-11,19.765958786010742,19.996125338598645,19.7596527047774,19.97090221642729,15504000
2011-01-12,19.87631607055664,19.97721097830467,19.769115080729087,19.92991596408933,14223200
2011-01-13,19.989818572998047,20.13485481938678,19.90468828852764,19.942523569593856,17947600
2011-01-14,19.904693603515625,19.98036418585375,19.85739858748263,19.98036418585375,12631400
2011-01-18,20.01504135131836,20.09701919545211,19.917298907239466,19.92991106830033,16344000
2011-01-19,19.99612808227539,20.153776526453893,19.923609942284738,20.07810594679503,18326800
2011-01-20,19.841629028320312,20.141161248619945,19.784875504357775,20.059183401668758,20580000
2011-01-21,19.791179656982422,19.926757372933174,19.775415058031317,19.920451292800372,16708200
2011-01-24,19.942529678344727,19.94883576091441,19.762810534776673,19.82271651504527,15062800
2011-01-25,19.85109519958496,19.96144985105317,19.718671061137968,19.93307307813419,18195800
2011-01-26,19.85109519958496,19.955143767875356,19.81956598645826,19.917307268808457,13657000
2011-01-27,19.76911163330078,19.929912488619834,19.75019339036126,19.923606407639994,13520400
2011-01-28,19.614620208740234,19.95198780151172,19.592549521569183,19.816410035882555,23842400
2011-01-31,19.81640625,19.81640625,19.513721567113787,19.649299306841115,15717800
2011-02-01,19.87946891784668,19.964599223522598,19.816409298520572,19.825869023214917,16028000
2011-02-02,19.819557189941406,20.015040870642633,19.72496838978029,19.910993551293956,15595200
2011-02-03,19.72812271118164,19.85739436438225,19.589392537890873,19.76911163617558,12997400
2011-02-04,19.724979400634766,19.81956825359716,19.661919764405663,19.753356176799738,9374600
2011-02-07,19.712364196777344,19.75965801459318,19.649304570260558,19.75965801459318,12012800
2011-02-08,19.822717666625977,19.83848227258488,19.655610678489378,19.68398745032034,13056800
2011-02-09,19.910993576049805,20.41546797937756,19.82270965339606,20.210524576472118,29979600
2011-02-10,20.033960342407227,20.033960342407227,19.806946245866254,19.914147213370388,18352400
2011-02-11,20.04342269897461,20.071799466474236,19.90153886147648,19.936221710949596,19098000
2011-02-14,19.90784454345703,20.10017583011656,19.863703173291658,20.074951502729412,12122600
2011-02-15,19.923608779907227,19.933068503884318,19.721818975573452,19.83532604120173,16289200
2011-02-16,19.989818572998047,20.018195334488183,19.825864084695255,19.888923688313543,12992800
2011-02-17,20.35240936279297,20.406009241363478,19.94882864169653,19.983511482071254,18450600
2011-02-18,20.35240936279297,20.38393856162717,20.21683164283459,20.36817275944823,24652400
2011-02-22,20.103328704833984,20.26412958574042,19.96775215186072,19.97721067345458,17950200
2011-02-23,20.150619506835938,20.286196031473626,20.084407463992946,20.10963058389232,18192200
2011-02-24,20.14116668701172,20.29566270012843,20.08756558756877,20.242060397923236,17057000
2011-02-25,20.2767333984375,20.305111357055523,20.08755582790287,20.106474066061,11435400
2011-02-28,20.153778076171875,20.33034598298549,20.13486103118363,20.23260230432229,19370000
2011-03-01,20.46592140197754,20.57312118530295,20.242058502869977,20.267282830308048,31084000
2011-03-02,20.3145809173584,20.437546525323746,20.219990877912146,20.365027174345002,20776000
2011-03-03,20.674015045166016,20.771756302145736,20.424930236727374,20.42808387887889,29005800
2011-03-04,20.560504913330078,20.66770708075938,20.42177354566526,20.617258435963524,23050800
2011-03-07,20.56366539001465,20.727618729048842,20.330346344092096,20.595194600729926,23630000
2011-03-08,20.69608497619629,20.759143383787514,20.563660876940283,20.620414405982007,20717600
2011-03-09,20.689786911010742,20.70870395841288,20.57627981554821,20.661408934382685,14819200
2011-03-10,20.585729598999023,20.6645538037407,20.48483471315063,20.573117437577494,17761800
2011-03-11,20.582551956176758,20.67782781842678,20.47457490706151,20.61748627747071,12006400
2011-03-14,20.30626106262207,20.519042349524348,20.176052052362447,20.433293563750603,17802600
2011-03-15,20.01725959777832,20.093480064140607,19.80130302314892,19.991853583313034,25421200
2011-03-16,19.563112258911133,19.966442813124328,19.464662304544564,19.90927777637077,31957200
2011-03-17,19.779071807861328,19.941039840494277,19.661566419518042,19.826709749572945,20128800
2011-03-18,19.912456512451172,20.103005848624946,19.833060753798243,19.99820407717431,23653000
2011-03-21,20.18875503540039,20.280854413593406,20.02361169875599,20.04901892507816,12545600
2011-03-22,20.16969871520996,20.25227098558745,20.087127656315648,20.223688462992655,8418800
2011-03-23,20.411062240600586,20.493634514795062,20.08712858486298,20.09983219804417,12962600
2011-03-24,20.544448852539062,20.665129542635217,20.503161504189666,20.509514522227935,13312800
2011-03-25,20.7127685546875,20.766757095965957,20.585734839999045,20.60161496294757,12419400
2011-03-28,20.652416229248047,20.798504076948067,20.652416229248047,20.706404742383103,11600200
2011-03-29,20.871559143066406,20.87473565210496,20.668306177995465,20.706414594592225,11569600
2011-03-30,20.97318458557129,21.116095986655296,20.836623779283002,20.87155810807533,18826200
2011-03-31,21.068458557128906,21.230426592467516,20.9477778693477,20.9477778693477,17723000
2011-04-01,21.34793472290039,21.43050700096148,21.151032343821353,21.243131726472843,18720200
2011-04-04,21.487674713134766,21.528959645795958,21.328883155714497,21.34793736725553,13485600
2011-04-05,21.427318572998047,21.522591988873526,21.37650414615894,21.43684567228907,12470200
2011-04-06,21.47814178466797,21.538483342285737,21.344757479060114,21.45273698095683,14099800
2011-04-07,21.417804718017578,21.516254702191166,21.25901317039993,21.41462820863454,12734600
2011-04-08,21.36380958557129,21.481316180168864,21.23360180185108,21.40192042183797,11201800
2011-04-11,21.40509605407715,21.544830935400412,21.214546726479128,21.360634625069814,14664000
2011-04-12,21.246305465698242,21.3193482066795,21.090690457421154,21.271712689937925,16587400
2011-04-13,21.366994857788086,21.427336434217242,21.268544852428725,21.351117153389584,8497400
2011-04-14,21.694095611572266,21.744910058476982,21.306643934305463,21.38603969036944,23879600
2011-04-15,21.598814010620117,21.70679103511251,21.554352597833216,21.70044044312807,17532200
2011-04-18,21.376514434814453,21.484493932336175,21.163734371685035,21.45908670668796,16104600
2011-04-19,21.306642532348633,21.43685272674962,21.26218110571562,21.344753365019514,10701800
2011-04-20,21.54800796508789,21.61152602446727,21.47178871679885,21.56071157696377,12817800
2011-04-21,21.557531356811523,21.64963070983072,21.427323597691828,21.560707864975164,10948800
2011-04-25,21.513072967529297,21.589294636408443,21.379688681440005,21.579765110573945,10709200
2011-04-26,21.255836486816406,21.28759431148632,20.900142550799913,21.163737099196954,32800000
2011-04-27,21.278066635131836,21.411450948944548,21.138329302775674,21.395573248519213,16872600
2011-04-28,21.40827178955078,21.420972977694607,21.170084532913855,21.25900738771707,14084400
2011-04-29,21.42415428161621,21.52260426104655,21.363812721079366,21.455912105016324,14824200
2011-05-02,21.506723403930664,21.5511848347578,21.459085464339797,21.51942701601931,12514200
2011-05-03,21.557531356811523,21.563884373138805,21.45908141043084,21.50671934102226,10542400
2011-05-04,21.42415428161621,21.57341871686002,21.341582002402625,21.55118799818328,13529000
2011-05-05,21.182783126831055,21.513069706340442,21.087509689623936,21.50036609678634,14206200
2011-05-06,21.246305465698242,21.462262025803014,21.192316931413618,21.4178005948667,17042600
2011-05-09,21.262187957763672,21.366990964158358,21.22407953577783,21.23360664127429,8884200
2011-05-10,21.38603973388672,21.424150569142803,21.271712074050843,21.27806266844376,11111800
2011-05-11,21.379684448242188,21.490837997974758,21.246300188563104,21.370157347260204,11215400
2011-05-12,21.694095611572266,21.732206446750805,21.33205115775782,21.392392707715626,17097400
2011-05-13,21.652814865112305,21.84018772252296,21.60200040841112,21.681396179781732,16011000
2011-05-16,21.541654586791992,21.668688266167898,21.50672026438947,21.627400927165333,12364600
2011-05-17,21.592470169067383,21.652811721898946,21.436855158201375,21.509900323364125,13276400
2011-05-18,21.690916061401367,21.70679375483448,21.484486663046322,21.5956402089404,13418000
2011-05-19,21.741731643676758,21.8179508843854,21.598820264477308,21.725853947635695,12960200
2011-05-20,21.690916061401367,21.76078227384509,21.56070589123575,21.697266654181497,12970600
2011-05-23,21.43368148803711,21.56389171445199,21.335231508139653,21.465439311587907,13230200
2011-05-24,21.427318572998047,21.525768496292276,21.34474634086711,21.487660099128178,10881000
2011-05-25,21.249481201171875,21.43685402144668,21.220897469200867,21.366985368813307,13132000
2011-05-26,21.182783126831055,21.24947768273155,21.055751877221564,21.19548673638516,14872400
2011-05-27,21.12244987487793,21.325702838245938,21.11292277080856,21.23677996964324,9097400
2011-05-31,21.217721939086914,21.3542827419958,21.163733404277103,21.259009284619594,20294000
2011-06-01,21.201845169067383,21.335229469012422,21.15103071786943,21.15103071786943,14883000
2011-06-02,20.97318458557129,21.20184476567878,20.839800288164035,21.166910436886447,14264200
2011-06-03,20.81121253967285,20.90648840399432,20.709586081780696,20.728640285458635,12937800
2011-06-06,20.776281356811523,20.8874349333374,20.757227150254586,20.804865089613173,10445400
2011-06-07,20.706409454345703,20.86837745357371,20.700058860811563,20.808035911652993,11522000
2011-06-08,20.769926071166992,20.811210983704456,20.665123112842238,20.71593754947207,11753000
2011-06-09,20.92554473876953,21.062105532622777,20.728642396502995,20.782633350698838,13112000
2011-06-10,20.76675796508789,20.90331879007412,20.71912001721517,20.858857351517365,14003200
2011-06-13,20.830732345581055,20.872316158194646,20.72517062066831,20.824333334097233,19081600
2011-06-14,20.98747444152832,21.06104599172619,20.88831172582342,20.920299462453272,14045000
2011-06-15,20.782751083374023,20.952288292819375,20.677189350527975,20.923500060502086,16378400
2011-06-16,20.94908905029297,21.03545862934701,20.728371944894032,20.782751344738116,15538800
2011-06-17,20.990676879882812,21.185805273245883,20.990676879882812,21.07384451863793,21317400
2011-06-20,21.05784797668457,21.15701068791711,20.9107024424174,20.9107024424174,11091800
2011-06-21,21.195402145385742,21.204998224023964,21.038658059267135,21.14741931168634,14265000
2011-06-22,21.24018096923828,21.374530922704324,21.147414827890454,21.204993728019872,15701200
2011-06-23,20.785953521728516,21.10263632443459,20.610017275498283,21.089840739207997,26467800
2011-06-24,20.769956588745117,20.91390263889342,20.702781602642034,20.814739912813838,32073800
2011-06-27,20.859516143798828,20.939486686800898,20.744358366635264,20.744358366635264,14777600
2011-06-28,21.121826171875,21.144217833445424,20.90430612783029,20.958685528714447,12932400
2011-06-29,21.339344024658203,21.377730772197733,21.16980682724731,21.173006333002558,17035400
2011-06-30,21.524877548217773,21.588853023955018,21.374532495676494,21.42571482867266,15594600
2011-07-01,21.780790328979492,21.780790328979492,21.438516276130567,21.438516276130567,16487000
2011-07-05,21.84795379638672,22.004695380715088,21.77757932654331,21.77757932654331,14801200
2011-07-06,21.92152976989746,21.99190425399149,21.844758714752995,21.851155285803433,11486000
2011-07-07,21.991907119750977,22.03669044446327,21.93752771695864,22.014298782107122,12423400
2011-07-08,21.969512939453125,21.969512939453125,21.79037966113454,21.863951211654868,12671600
2011-07-11,21.783985137939453,21.841564052192496,21.659231230475925,21.672026815921978,14152400
2011-07-12,21.704010009765625,21.892741804898126,21.66562570198183,21.742396758057286,13343400
2011-07-13,21.77118492126465,21.889542231082036,21.678418776895537,21.806372163629064,14688000
2011-07-14,21.64643096923828,21.857554422731315,21.55046775988424,21.74239661910018,15011200
2011-07-15,21.60165023803711,21.71041148361099,21.521679667074135,21.70401247124939,17491600
2011-07-18,21.47049903869629,21.569661762346865,21.30095938400831,21.51528236166804,14792000
2011-07-19,22.174232482910156,22.321377991939695,21.601643091388723,21.65602247593081,37415400
2011-07-20,22.03029441833496,22.180637046160292,22.007902755424105,22.151848811207003,15833800
2011-07-21,22.180635452270508,22.270204537985755,21.911935516648892,22.014297745529703,22086600
2011-07-22,22.30539321899414,22.334181453732125,22.225422646266583,22.24781430900997,13323200
2011-07-25,22.155048370361328,22.25101159427623,22.075077796844802,22.11026504443273,13154800
2011-07-26,22.132654190063477,22.219021325814445,22.1006640118888,22.183834082228657,11830600
2011-07-27,21.972713470458984,22.151846757135353,21.924730642811245,21.998302196764186,18677600
2011-07-28,22.011096954345703,22.161442003097495,21.95032098607959,21.959917063147504,15270200
2011-07-29,21.755186080932617,22.02388592013432,21.719998848583753,21.86714434726666,20545600
2011-08-01,21.66562843322754,21.915136227307507,21.470500042368453,21.911936721086224,17654200
2011-08-02,21.454498291015625,21.627234965714347,21.454498291015625,21.560059998971635,18127600
2011-08-03,21.87995147705078,21.931131379890356,21.41612064236594,21.432115734789313,28086000
2011-08-04,21.054656982421875,21.79358445814242,21.02906580772373,21.678426612509508,32324800
2011-08-05,21.35853385925293,21.515277897640587,20.80513900856077,21.198592755964956,43916600
2011-08-08,20.830732345581055,21.49928505567948,20.77635050999982,21.169806738989227,50096800
2011-08-09,21.32974624633789,21.390524648299976,20.341310150744036,21.05464734551994,43128400
2011-08-10,20.45966339111328,21.272164399379008,20.376494563455882,21.188994351467965,38237200
2011-08-11,21.262571334838867,21.531271225427105,20.443672420783606,20.472461869097177,38406600
2011-08-12,21.476900100708008,21.672028523242837,21.240187852578828,21.35534569015704,20310400
2011-08-15,21.81596565246582,21.886340128845966,21.515278035897353,21.58245300684906,23081600
2011-08-16,21.80636978149414,21.90553492664642,21.61444094261415,21.652827686593184,21413800
2011-08-17,22.161441802978516,22.18383346277076,21.80317524630259,21.89913845662312,23176000
2011-08-18,21.67521858215332,22.052679676240523,21.451299577571838,21.831960177005097,39569000
2011-08-19,21.464096069335938,21.84155717944173,21.38732502132509,21.601645518963664,30478200
2011-08-22,21.518482208251953,21.77118952939956,21.486494464924945,21.755196877990247,19652800
2011-08-23,22.091066360473633,22.091066360473633,21.534471955108906,21.582454778443815,23951200
2011-08-24,22.289392471313477,22.298988547124036,21.92792645290606,22.017493081148068,19475400
2011-08-25,21.742395401000977,22.263802553419332,21.67522042606421,22.263802553419332,25320000
2011-08-26,21.911935806274414,21.99830294657778,21.33614673589171,21.72960300740457,19849600
2011-08-29,22.30539321899414,22.34377753197812,22.030294253570684,22.05908248830867,17660600
2011-08-30,22.34697723388672,22.48132721152334,22.238215984960725,22.32138606466787,31678000
2011-08-31,22.53570556640625,22.638067798007146,22.283000713788493,22.350175699478946,22322800
2011-09-01,22.53570556640625,22.743629535738474,22.321385025321263,22.420547750791727,23530000
2011-09-02,22.308584213256836,22.388554764219695,22.231813167674602,22.302187643003123,17530000
2011-09-06,22.209426879882812,22.24461412605316,21.556866733416545,21.569662317524685,25784600
2011-09-07,22.647666931152344,22.663659581222404,22.36297189051864,22.39495963116693,21287400
2011-09-08,22.76601791381836,22.957946765322315,22.567692491484294,22.60287973231926,24867600
2011-09-09,22.190235137939453,22.599684075005737,21.985510669406313,22.586888490658893,32891200
2011-09-12,22.193431854248047,22.24461419082964,21.815970663737254,21.895941234264896,29144200
2011-09-13,22.25462532043457,22.328701132938626,22.0871530959068,22.20953655009426,21421800
2011-09-14,22.47040557861328,22.705513394197176,22.074268210294935,22.331917951823527,22250000
2011-09-15,22.872983932495117,22.872983932495117,22.49616964659994,22.51549515723915,21186000
2011-09-16,22.94062042236328,23.085548243426494,22.872984818236834,22.98892805794876,34620600
2011-09-19,22.702287673950195,22.766701939735686,22.528372842058857,22.567021401530152,28571200
2011-09-20,22.753822326660156,23.021136039140448,22.71195243364918,22.798911090554018,18313400
2011-09-21,22.312589645385742,22.889084399957845,22.30936831794319,22.818229939139066,23531000
2011-09-22,21.84238624572754,21.94866798397774,21.455910324831883,21.697458389680165,36341000
2011-09-23,21.713550567626953,21.806949406472686,21.53641687228744,21.694227517228835,24284400
2011-09-26,22.145126342773438,22.18699378767914,21.790856353979557,21.903578288074808,24008200
2011-09-27,22.40599250793457,22.676527547178317,22.312593652550024,22.583128691793767,22249200
2011-09-28,21.919673919677734,22.596010250409545,21.864923632227082,22.486507218355055,19032600
2011-09-29,22.2385196685791,22.428536244751236,21.961544438412094,22.19343090619408,21372600
2011-09-30,21.758638381958008,22.25461713032582,21.758638381958008,22.04527508384256,25026200
2011-10-03,21.06943130493164,21.552527419911353,20.97281355622804,21.44624568489888,38471200
2011-10-04,21.008235931396484,21.072647748934504,20.399533935618198,20.882628710036677,30800000
2011-10-05,21.104854583740234,21.127398966583073,20.789233223940467,21.08553152906164,23037800
2011-10-06,21.059764862060547,21.256224099552924,20.757023914353603,21.246562572652202,25205400
2011-10-07,21.224018096923828,21.42047733354694,21.059764768878388,21.42047733354694,18857800
2011-10-10,21.54608154296875,21.555743069578284,21.25944478683744,21.436578508036458,12354400
2011-10-11,21.51387596130371,21.64269959425438,21.446240359705325,21.491331579822013,11161000
2011-10-12,21.732881546020508,21.890692230687762,21.510656581889616,21.658805738925704,17549600
2011-10-13,21.70711326599121,21.7650848820729,21.542859944234213,21.678126229373753,12909400
2011-10-14,21.8520450592041,21.964766984025722,21.691013035986455,21.964766984025722,13503000
2011-10-17,21.57828712463379,21.852041022097755,21.52031550869939,21.842379495634223,20232800
2011-10-18,21.49455451965332,21.736102562891894,21.38505391948564,21.655586548479036,23650600
2011-10-19,21.58795166015625,21.842382540157264,21.536422692783933,21.575068804024777,15389400
2011-10-20,21.616939544677734,21.76508871024312,21.43980333739648,21.73610166852725,13323600
2011-10-21,21.961544036865234,22.003411470556316,21.726436245453545,21.881028040199386,23146600
2011-10-24,21.858484268188477,22.10969379163771,21.77474694132097,22.029177792729456,13609200
2011-10-25,21.562183380126953,21.877807174877507,21.513875746828685,21.871366976155496,14228200
2011-10-26,21.729652404785156,21.75219678020314,21.38826544641209,21.671680802688538,16041200
2011-10-27,22.083925247192383,22.251397422274458,21.932554795532887,22.19986846730804,26704600
2011-10-28,22.199872970581055,22.215977154423364,22.025958105128716,22.067825543103854,17307400
2011-10-31,22.003416061401367,22.238523901866515,21.993754532930176,22.10969778889193,18998600
2011-11-01,21.591167449951172,21.739316571729795,21.50743013515354,21.620152025946737,23682800
2011-11-02,21.826274871826172,21.919673721005967,21.69100858976709,21.71355297011027,14538600
2011-11-03,22.109699249267578,22.16444955232315,21.90357843775518,21.932563025083223,17363400
2011-11-04,21.829496383666992,21.94866094200166,21.671685719934306,21.88746799891721,15177200
2011-11-07,21.967987060546875,21.987310115942606,21.6684674161454,21.790853319394444,12513800
2011-11-08,22.109699249267578,22.13224363624069,21.835945276835847,21.993755985647617,12063600
2011-11-09,21.58795166015625,21.89713283585084,21.533201364462673,21.852044067967476,18243400
2011-11-10,21.703899383544922,21.819842655482173,21.54930999239797,21.77475387830147,16201600
2011-11-11,21.939001083374023,22.0968117591029,21.884248334642745,21.890690990800955,12882400
2011-11-14,21.832727432250977,21.890699073312348,21.71356282085975,21.832727432250977,9428600
2011-11-15,21.900348663330078,22.045276458387995,21.732876489993085,21.829494200980715,12217600
2011-11-16,21.581506729125977,21.83593755334544,21.549300824434923,21.794067665809347,17781400
2011-11-17,21.455904006958008,21.703892199365587,21.288429355304647,21.55896438599344,17467200
2011-11-18,21.703899383544922,21.806959796694247,21.546088663412473,21.645927747576298,18688400
2011-11-21,21.2401123046875,21.53963181703607,21.059757314766625,21.478441349542887,18588200
2011-11-22,21.246559143066406,21.372163886807492,21.10807154648612,21.130615924666497,11787600
2011-11-23,20.892297744750977,21.095197230484033,20.869753357447305,21.082314372431373,14089600
2011-11-25,20.850425720214844,21.050106313982248,20.850425720214844,20.98247315895305,7572600
2011-11-28,20.988910675048828,21.17570838818997,20.853644382285943,21.01789771329994,21318200
2011-11-29,21.472274780273438,21.572839102887436,21.089478438545388,21.14138172682896,21656200
2011-11-30,21.80965232849121,22.046465540211347,21.6442058206438,21.84533444292621,25300400
2011-12-01,21.679893493652344,21.923196197149856,21.631232457952223,21.735041512444372,15429000
2011-12-02,21.533903121948242,21.913457092361682,21.465778684951538,21.884259490790377,21170400
2011-12-05,21.511205673217773,21.796682474975885,21.3717120019051,21.71558156084069,17955200
2011-12-06,21.631229400634766,21.74152542262979,21.456051181875548,21.569591932459467,16730800
2011-12-07,21.663671493530273,21.75774883227912,21.475516816032584,21.589060053317635,16832800
2011-12-08,21.647449493408203,21.812893518183596,21.592299010147123,21.637715308124992,16118200
2011-12-09,21.919950485229492,21.978343230450736,21.709087656652617,21.77072513077587,18298200
2011-12-12,21.699359893798828,21.89724631778202,21.514449912782137,21.81939013498642,13380200
2011-12-13,21.56634521484375,21.82262179525659,21.50470775942682,21.764229067756926,14276200
2011-12-14,21.494983673095703,21.705846512452823,21.43334619582127,21.49173894402781,15762200
2011-12-15,21.699359893798828,21.86156171837499,21.66692002388428,21.705849352783794,13474600
2011-12-16,21.877784729003906,21.96861736239776,21.819391968250194,21.887516443295585,23957200
2011-12-19,21.855072021484375,22.017273825926136,21.80641098515122,21.884267158282395,11762000
2011-12-20,22.189208984375,22.26706516326662,22.004299012630348,22.020517709272646,15931000
2011-12-21,22.568756103515625,22.643370013080013,22.163251643933265,22.22813136746532,18730400
2011-12-22,22.445486068725586,22.57849025886602,22.348163997888722,22.494144629140944,15586800
2011-12-23,22.68878746032715,22.698519171848123,22.451971754970725,22.458461212653326,9255200
2011-12-27,22.669322967529297,22.773132021859595,22.64661481423839,22.64661481423839,10099800
2011-12-28,22.549297332763672,22.7244755924381,22.513612734959437,22.649861667482888,8210000
2011-12-29,22.760150909423828,22.769882618492485,22.54928813792786,22.578483265133823,8734000
2011-12-30,22.698509216308594,22.802318218673374,22.698509216308594,22.708240923561256,7862000
2012-01-03,22.75366973876953,22.938579703412955,22.740693296952056,22.756914467974703,15639600
2012-01-04,22.610929489135742,22.73095970979652,22.546049760401974,22.679056421810103,14239200
2012-01-05,22.503881454467773,22.666083274876208,22.49739199564955,22.630398676386083,14287600
2012-01-06,22.36113929748535,22.588220817841634,22.260574977756566,22.536317531047175,13646600
2012-01-09,22.36113929748535,22.438995465178515,22.318967722277172,22.38384744952098,10522600
2012-01-10,22.494144439697266,22.55253718670699,22.419532997686705,22.536318491706155,12964400
2012-01-11,22.07890510559082,22.30923133205935,21.91346107496021,22.179471890388918,23428800
2012-01-12,21.919950485229492,22.22164592303875,21.8485812994032,22.195693041828648,15237000
2012-01-13,21.731796264648438,21.874534639294065,21.5955473479429,21.84533702856972,19991800
2012-01-17,21.84857940673828,22.020512898606015,21.83884769587826,21.975096597924075,15577000
2012-01-18,21.926437377929688,22.00105129235138,21.793433193529662,21.884265802388793,13282200
2012-01-19,21.881017684936523,21.975095008115215,21.81938269561451,21.945899877647303,13544800
2012-01-20,22.088645935058594,22.098380124704867,21.864809073268766,21.910225391603152,19158600
2012-01-23,22.23137664794922,22.260574256765324,22.030248015005938,22.059443148819174,13803200
2012-01-24,22.027000427246094,22.221642052412705,21.965362963859025,22.111346038985893,14751200
2012-01-25,22.198938369750977,22.221646522671833,21.91021936475592,22.03024958733933,14476000
2012-01-26,22.062681198120117,22.260567517398375,21.98158032874385,22.260567517398375,14721000
2012-01-27,21.877784729003906,22.104866312488543,21.809660253958516,22.030254852916578,16825000
2012-01-30,21.884267807006836,21.91995240304209,21.74477415205173,21.82911978586261,10591600
2012-01-31,21.90697479248047,22.052957898018605,21.793434027063956,22.052957898018605,13543400
2012-02-01,22.010786056518555,22.16974314406655,21.994567359831873,22.020517769531224,14915000
2012-02-02,22.004291534423828,22.13729569170345,21.97833865861233,22.082147686855862,13150000
2012-02-03,22.08539581298828,22.218399990731,22.007537173575,22.143788555046825,16555800
2012-02-06,22.069181442260742,22.134063661757278,21.96212763634416,22.007543952489932,14586400
2012-02-07,22.237869262695312,22.529830542290473,21.93941604965963,22.088641418675863,24269600
2012-02-08,22.166500091552734,22.335188886039198,22.124326036678703,22.331944156817375,16428400
2012-02-09,22.04970932006836,22.185958214784932,21.984827126153824,22.17622650444841,16311400
2012-02-10,22.039979934692383,22.039979934692383,21.87128868772227,21.90697327938891,10994600
2012-02-13,22.202186584472656,22.254089881439246,22.088643327039097,22.19569712547469,11091000
2012-02-14,22.351402282714844,22.361133991992137,22.09187848530938,22.21190867473482,12596000
2012-02-15,22.189208984375,22.464951577327092,22.13406096078524,22.458464593670833,14776800
2012-02-16,22.338436126708984,22.380607711321026,22.195697724939755,22.257335212068014,11752000
2012-02-17,22.400066375732422,22.43899321817947,22.254083291547907,22.40655335780603,14841800
2012-02-21,22.325458526611328,22.40007245321657,22.22164946024971,22.344921953115577,13424800
2012-02-22,22.464946746826172,22.494141879506635,22.254083935790426,22.254083935790426,13766400
2012-02-23,22.44223976135254,22.481169081950032,22.357894137559423,22.413042152153697,11120000
2012-02-24,22.38384246826172,22.546044225278106,22.32869446487672,22.49738320317271,12485400
2012-02-27,22.328706741333008,22.383854775038724,22.228139913688974,22.283290422398448,12086200
2012-02-28,22.335182189941406,22.416283071150346,22.318963498701105,22.367622047424486,9049000
2012-02-29,22.662832260131836,22.70176157723437,22.351405148319582,22.351405148319582,23464400
2012-03-01,22.5784969329834,22.69528246250776,22.51037245326149,22.666087317628573,15294200
2012-03-02,22.44223976135254,22.578488670939414,22.374115306559105,22.516853673747008,11995800
2012-03-05,22.458463668823242,22.49414578996822,22.383849747330732,22.390336730719856,10338600
2012-03-06,22.30599594116211,22.41304726597526,22.267066611682395,22.325459368400235,13161200
2012-03-07,22.31572151184082,22.364382541544476,22.221644181081167,22.302745072252996,10933800
2012-03-08,22.4714298248291,22.546043720386805,22.416281822679075,22.44223469722109,33754800
2012-03-09,22.549297332763672,22.62390878271557,22.484415120845377,22.523344447996354,36742600
2012-03-12,22.75691032409668,22.81854531775237,22.494141756396758,22.539560531989082,18143600
2012-03-13,22.95625114440918,22.969322618613475,22.714435104451603,22.714435104451603,18068000
2012-03-14,22.94643783569336,23.07715002578453,22.907223430727708,22.959509304015242,12918000
2012-03-15,22.982393264770508,22.985659263357324,22.802663617347967,22.962784807606155,17991400
2012-03-16,22.926836013793945,23.02486830419313,22.835335719042018,22.998725362835437,22898800
2012-03-19,23.005268096923828,23.047748517405708,22.87455585058048,22.943179218956775,10652400
2012-03-20,23.067350387573242,23.126170763331373,22.85167733854562,22.884354771049406,10180400
2012-03-21,23.24055290222168,23.332050739559985,22.98893135641226,23.03141427598296,19870800
2012-03-22,23.33858299255371,23.390868890663352,23.18173028448248,23.204604741623235,14252800
2012-03-23,23.3614501953125,23.397396115818456,23.296095336098798,23.332041256604754,16206600
2012-03-26,23.495431900024414,23.495431900024414,23.394128622855337,23.44314601592061,11536400
2012-03-27,23.485637664794922,23.52158360021853,23.413745793947708,23.469297696646336,11430400
2012-03-28,23.7437801361084,23.796063516674916,23.495427222316305,23.51503317838779,26260600
2012-03-29,24.11957550048828,24.309108062705743,23.616335159321814,23.642478097516182,41063600
2012-03-30,24.1849365234375,24.227416934616894,23.956189519146143,24.057492796771136,26555800
2012-04-02,24.2274112701416,24.247017225620716,24.064021659475348,24.126110509329358,14579000
2012-04-03,24.10324478149414,24.207814070417232,24.005209982385015,24.07383334451,12989200
2012-04-04,24.005207061767578,24.050955964284817,23.92351223682563,23.949655179157823,12487400
2012-04-05,24.00847625732422,24.02481372691508,23.877764034955955,23.946387390745432,11531400
2012-04-09,23.81240463256836,23.890830953792836,23.76992173484559,23.841813568104612,9806800
2012-04-10,23.534643173217773,23.730712740090663,23.51176872283302,23.71764126942393,17290600
2012-04-11,23.56732749938965,23.681699772680908,23.475827187628067,23.668628299572113,12026600
2012-04-12,23.59999656677246,23.613068035245966,23.469284375165078,23.577122120225745,10640600
2012-04-13,23.50850486755371,23.724177920390762,23.50850486755371,23.600002677431753,10525600
2012-04-16,23.671897888183594,23.786270166775328,23.573863081888568,23.600006029317733,14147600
2012-04-17,24.165340423583984,24.338535634148673,23.913721332676655,23.913721332676655,22614400
2012-04-18,24.237226486206055,24.296046875471728,24.093445251545745,24.12285419961415,11779800
2012-04-19,24.122848510742188,24.292772654587242,23.992136288407686,24.276435185000604,10731200
2012-04-20,24.224140167236328,24.296031987076237,24.096696484111888,24.168588303951793,13461000
2012-04-23,24.08037567138672,24.2045509504373,23.962734883600245,24.175142000055214,10472200
2012-04-24,24.22088623046875,24.296044084540394,24.086905500759663,24.15552886483191,10288000
2012-04-25,24.485580444335938,24.524794869706394,24.282976319615347,24.35813667829315,18596000
2012-04-26,24.74046516418457,24.825428496265005,24.44963173185055,24.49211215132643,16782000
2012-04-27,25.04109764099121,25.429965817897514,24.809084629944138,24.82215610152643,25103000
2012-04-30,24.939802169799805,25.129334808458953,24.812358411111813,24.97247960915822,26517600
2012-05-01,25.139135360717773,25.16200981537024,24.926728285728544,25.011691614349953,13841000
2012-05-02,25.214292526245117,25.243701467175214,25.0443658904437,25.07704332251989,16558600
2012-05-03,25.305795669555664,25.371150547489464,25.22736682428056,25.279652721130628,15612000
2012-05-04,25.162004470825195,25.35807153950472,25.148933000496157,25.26330524946521,13160800
2012-05-07,25.25349998474121,25.30905185876656,25.112984807829687,25.152199215268187,8965400
2012-05-08,25.207752227783203,25.253501125297095,25.03782810746417,25.165271820985428,10561600
2012-05-09,25.090120315551758,25.224101057615993,24.99535399648582,25.028031435753327,14070800
2012-05-10,25.295988082885742,25.390751890702525,25.227362232478885,25.23063072371929,12659200
2012-05-11,25.315593719482422,25.403823036815474,25.227361909021074,25.227361909021074,10604000
2012-05-14,25.119529724121094,25.2437049805444,25.037834885996354,25.201224562245834,15411800
2012-05-15,25.02149772644043,25.21103037049041,24.920196913609423,25.01822923447298,16397800
2012-05-16,24.943058013916016,25.10971361807731,24.809077339416,25.050895752933947,17804400
2012-05-17,24.54767417907715,24.93327404547205,24.505191253247975,24.890791119642877,22310800
2012-05-18,24.198007583618164,24.603213207852818,24.00847499579958,24.590141736990002,31913000
2012-05-21,24.348337173461914,24.37774612684419,24.224159388614133,24.2503023425957,13488800
2012-05-22,24.243755340576172,24.37119905906207,24.152257541984042,24.37119905906207,15260600
2012-05-23,24.361404418945312,24.367938909741024,24.12285436827529,24.181674757952223,18000000
2012-05-24,24.691450119018555,24.78621644209394,24.37774220114602,24.439831083571356,20204600
2012-05-25,24.583606719970703,24.733924891971427,24.51171487833382,24.711050441734972,8999600
2012-05-29,24.658763885498047,24.74699568623312,24.528051676378546,24.74699568623312,10533800
2012-05-30,24.528059005737305,24.590147884575977,24.44963265408182,24.531327497552173,13884600
2012-05-31,24.420217514038086,24.580338668556347,24.39734306339262,24.49537535481827,15147600
2012-06-01,23.88429832458496,24.328718381046436,23.85815787483236,24.178400199173915,20843400
2012-06-04,24.06403160095215,24.09670903795978,23.71110929776105,23.864695994138394,13397200
2012-06-05,23.933311462402344,24.064023660429754,23.871225100513378,23.962722891194222,12275200
2012-06-06,24.381006240844727,24.381006240844727,23.952926112305843,23.98233505558174,12496400
2012-06-07,24.27317237854004,24.528059900565697,24.24702942932488,24.50518544328465,14342800
2012-06-08,24.586881637573242,24.62936455565898,24.230693284223886,24.233961776337175,11594200
2012-06-11,24.397348403930664,24.763339694372995,24.384276930253623,24.743733730421777,10657200
2012-06-12,24.573802947998047,24.590142910638484,24.292772543854777,24.501913594513624,11911200
2012-06-13,24.573808670043945,24.718571663386598,24.50142591829647,24.54748721301717,9376200
2012-06-14,24.91926383972168,25.004807304395023,24.57709249118016,24.60670475247748,13945400
2012-06-15,25.03441619873047,25.070607566770846,24.813979691685827,25.04428862559292,19748800
2012-06-18,24.998228073120117,25.14299103937043,24.92913363381776,24.99164645501902,10457200
2012-06-19,24.91926383972168,25.087059960001586,24.89294489764298,25.087059960001586,11115400
2012-06-20,24.860050201416016,24.919272233807828,24.62316207184878,24.902823203236746,14706800
2012-06-21,24.567224502563477,25.00151845785044,24.550775476242084,24.935717332260797,12804000
2012-06-22,24.656057357788086,24.774501385123244,24.629735905013185,24.659345656771027,15252800
2012-06-25,24.600120544433594,24.623151185172684,24.40271469379118,24.498128065467856,9734200
2012-06-26,24.702119827270508,24.7942424062396,24.412588853193917,24.672507563943576,11859400
2012-06-27,25.116666793823242,25.162730584952264,24.754755653221046,24.754755653221046,13644400
2012-06-28,25.19234848022461,25.225249047255947,24.902819976135497,25.037713054009703,10891200
2012-06-29,25.725337982177734,25.725337982177734,25.360136038577387,25.376585061440906,18519800
2012-07-02,25.965518951416016,25.99184040489542,25.666120576081685,25.69573032863204,13350200
2012-07-03,26.044483184814453,26.110284308040033,25.89642689232897,25.955648907292776,7335000
2012-07-05,25.810882568359375,26.03790070322008,25.728629911978178,25.998418524502434,10546400
2012-07-06,25.712188720703125,25.75825002149826,25.610193688811638,25.66941571985576,10036000
2012-07-09,25.65625,25.731921039120945,25.567415724325272,25.682568942651862,8615600
2012-07-10,25.65625,25.840495149322546,25.603607094392473,25.8372043401841,11583400
2012-07-11,25.485166549682617,25.64638107737112,25.383174043819803,25.629932049734798,13645600
2012-07-12,25.21537208557129,25.42264785911426,25.175889910069536,25.343686018262414,19104000
2012-07-13,25.425935745239258,25.52792821587187,25.116665014738597,25.212078378619683,13307400
2012-07-16,25.16273307800293,25.46542224303058,25.070607996768956,25.366718053927226,17575600
2012-07-17,25.560834884643555,25.879975575352056,25.2548549194454,25.68256720284868,21209600
2012-07-18,25.478580474853516,25.55754231231564,25.274593008745505,25.54438158771336,13852000
2012-07-19,25.51477813720703,25.531227164405955,25.169315934051337,25.504905708705067,18050400
2012-07-20,25.343687057495117,25.448970352998668,25.264725213405395,25.42264890158484,16436000
2012-07-23,25.294336318969727,25.33381849820603,25.126542705057208,25.185764718835713,10655800
2012-07-24,25.221961975097656,25.317372871086047,25.03771427248139,25.30092384184606,10445800
2012-07-25,25.34039878845215,25.40620242358236,25.244987910279374,25.31736814369458,9020400
2012-07-26,25.94248390197754,25.96222624381071,25.564121230453143,25.564121230453143,14144600
2012-07-27,26.324134826660156,26.39980584752809,25.958932915093925,26.008284999658525,17825000
2012-07-30,26.689329147338867,26.705778164081167,26.179361935466613,26.245163022736964,15947800
2012-07-31,26.58405303955078,26.758428226773237,26.449157511230766,26.55114997693041,16333600
2012-08-01,26.653162002563477,26.732123881030795,26.51497557755459,26.640001271126778,12954600
2012-08-02,26.23859977722168,26.64986309661387,26.162926221986595,26.561031324092077,13393200
2012-08-03,26.593929290771484,26.64656968523437,26.324140680000585,26.383362692616238,11834200
2012-08-06,26.53141212463379,26.73210877284821,26.524833017710183,26.65314693900774,9179400
2012-08-07,26.245176315307617,26.6432813784211,26.238597207308647,26.59721758182092,12782800
2012-08-08,26.17607879638672,26.320844242971482,26.110277689839815,26.225430881372553,8790200
2012-08-09,26.07080841064453,26.24847449835051,25.935915322479516,26.146481979726776,9583400
2012-08-10,25.92275047302246,26.060934349227367,25.863528453198622,26.044485322147064,40577600
2012-08-13,25.86023712158203,25.91945914021013,25.69573179318755,25.86681874040299,8898200
2012-08-14,25.91287612915039,26.103700373634908,25.827332668425225,26.057639089433295,10841200
2012-08-15,25.89313507080078,26.024739822258653,25.814173223986796,25.939196357288257,7692500
2012-08-16,26.02474594116211,26.077388858183333,25.866822210403328,25.92604423697598,8824100
2012-08-17,26.01158332824707,26.14318810111737,25.840498880622267,26.097126807135606,10541000
2012-08-20,25.97209930419922,26.051061150637526,25.83391293524238,26.018160590467552,9211800
2012-08-21,25.83391571044922,26.116865076580133,25.81417587425705,25.932619911714276,8329000
2012-08-22,25.51149559020996,25.827345630459643,25.45885266175852,25.754962858915405,13479200
2012-08-23,25.07719612121582,25.557551445169445,25.017974094418665,25.537811606287875,14973300
2012-08-24,25.314085006713867,25.366725415400687,25.05087543282218,25.05087543282218,9317800
2012-08-27,25.116666793823242,25.373297158035417,25.083766237432418,25.373297158035417,9589400
2012-08-28,25.00481414794922,25.215380803119746,24.853469521429936,25.09693674581726,16148800
2012-08-29,24.649473190307617,25.037705793055352,24.5968328003537,25.037705793055352,23435400
2012-08-30,24.43890953063965,24.761341056937663,24.43233042241607,24.596835739676866,17041800
2012-08-31,24.609994888305664,24.72843890995107,24.445489581592796,24.616573996107398,20710300
2012-09-04,24.53104019165039,24.735027755938937,24.491560508993278,24.68896645273713,17293400
2012-09-05,24.682371139526367,24.75475386444675,24.419164197267488,24.58366947748605,20839200
2012-09-06,25.103515625,25.20221732187433,24.807405514072492,24.860045917041685,19851400
2012-09-07,24.93899917602539,25.333810807932718,24.833715906840027,25.25484898358148,16391700
2012-09-10,24.78107452392578,24.991641075099505,24.735013247740987,24.978480351882236,18216900
2012-09-11,24.85346794128418,24.892950127925637,24.71528405326764,24.761345349273157,16505000
2012-09-12,24.876657485961914,25.062157586294763,24.85015711059795,25.0356572109308,14632200
2012-09-13,25.406641006469727,25.499392278805942,24.916396917332825,24.995895480692962,23803400
2012-09-14,25.25428009033203,25.53915281987333,25.181405318512397,25.53915281987333,25087400
2012-09-17,25.406641006469727,25.42651754272008,25.194643152700184,25.280768070548362,23594400
2012-09-18,25.58551025390625,25.837258609516137,25.373512436723182,25.426513154625614,24373700
2012-09-19,25.519275665283203,25.711399580614962,25.446400902418418,25.612024444487584,26276800
2012-09-20,25.5987606048584,25.751133879028586,25.426513324948335,25.433137151123844,26953000
2012-09-21,25.194652557373047,25.66502534026811,25.095279947882457,25.65839898330658,98967500
2012-09-24,25.25428009033203,25.33378121988891,25.04890849034761,25.04890849034761,21902000
2012-09-25,24.962772369384766,25.35364390302779,24.949522187049457,25.313893356021868,20299200
2012-09-26,25.015775680541992,25.300648340896633,25.00252802271496,25.029025865583417,16677400
2012-09-27,25.380151748657227,25.406649593924374,25.108529248755662,25.21452821146811,15176100
2012-09-28,25.128398895263672,25.320522771528665,25.108524882965288,25.28739604807912,22721200
2012-10-01,25.42652702331543,25.57227402261696,25.274153667055142,25.280777496799196,16671400
2012-10-02,25.40001678466797,25.631888643872536,25.24764348758872,25.545766254575824,10276000
2012-10-03,25.333770751953125,25.519268256508102,25.267519838030662,25.386768955877137,13637100
2012-10-04,25.393402099609375,25.539149094775226,25.30065079532157,25.479524519911813,9654500
2012-10-05,25.559024810791016,25.572272469474523,25.3404005342949,25.499400237857035,12287900
2012-10-08,25.559024810791016,25.62527321306675,25.466273509504617,25.5325244389949,9434600
2012-10-09,25.54576301574707,25.724636653260774,25.479512116364177,25.506012476117334,13078700
2012-10-10,25.234399795532227,25.65839560552405,25.207899425604143,25.60539739288226,13754500
2012-10-11,25.247655868530273,25.360278676167955,25.18803128589416,25.30728045116639,10843800
2012-10-12,25.3271484375,25.43314738947244,25.247649855324262,25.347022451240342,12059700
2012-10-15,25.260892868041992,25.34039142764616,25.181391781224182,25.23439250576939,13785100
2012-10-16,25.108522415161133,25.320520282888193,24.803773268991296,25.29401991761883,25811800
2012-10-17,25.00253677368164,25.274159344063616,24.97603639432358,25.214534754115608,15449600
2012-10-18,25.068782806396484,25.221156182364847,24.817034280911134,25.01578205273008,23063300
2012-10-19,24.777284622192383,25.135029577180354,24.777284622192383,25.128405747012835,19864500
2012-10-22,24.664655685424805,24.83027921476063,24.485781970476378,24.75740445749855,13340500
2012-10-23,24.253904342651367,24.499026400865127,24.207529967508602,24.485776218365206,13287300
2012-10-24,24.432783126831055,24.538782081791116,24.247283060240125,24.247283060240125,13531400
2012-10-25,24.571908950805664,24.63815735714738,24.412909237484953,24.512284374212236,10457900
2012-10-26,24.53878402709961,24.684531022214742,24.366534132125405,24.59178224517385,11896500
2012-10-31,24.631532669067383,24.783906020115364,24.459282775037753,24.618282482817825,11643500
2012-11-01,24.73090362548828,24.88327695080168,24.61165449659707,24.61165449659707,10622300
2012-11-02,24.565275192260742,24.942896515653842,24.512274466837443,24.896522144515302,11237500
2012-11-05,24.359909057617188,24.505658572498177,24.267160285316375,24.47915820120809,12139600
2012-11-06,24.79052734375,24.830277898480595,24.419532275121888,24.45928030263812,11448400
2012-11-07,24.326780319213867,24.7706500830585,24.114782442868066,24.697775339212,16745000
2012-11-08,24.08828353881836,24.58515406551935,24.08828353881836,24.280407415674148,12921700
2012-11-09,24.041912078857422,24.194285422288704,23.88291237902528,23.88291237902528,11520300
2012-11-12,23.902782440185547,24.04190556030877,23.843157884816474,24.04190556030877,10169700
2012-11-13,23.955787658691406,24.22078632178718,23.83653851301976,23.869662714103097,12105200
2012-11-14,23.856403350830078,24.08827772364202,23.763654612590734,23.9756524506274,13508300
2012-11-15,24.134658813476562,24.167783011041255,23.757037401367658,23.783537770305124,17643600
2012-11-16,24.220787048339844,24.280411622964227,24.02866313819298,24.17441265998917,15624800
2012-11-19,24.67127227783203,24.70439646514693,24.38639971793962,24.41289755146344,14076200
2012-11-20,24.677900314331055,24.691150496960127,24.412901716177497,24.664650131701983,12278600
2012-11-21,24.770645141601562,24.823645863722,24.65802239791593,24.730897127224765,8631300
2012-11-23,25.128398895263672,25.141649079200658,24.83690243029257,24.876650454889344,5365500
2012-11-26,24.75078010559082,25.029026415935792,24.664655164534995,24.89652961703692,13217000
2012-11-27,24.79052734375,25.03565197376713,24.73752913132357,24.8037775286602,11873700
2012-11-28,25.054014205932617,25.060683483903052,24.547062565318527,24.720494327206673,14846300
2012-11-29,25.327497482299805,25.327497482299805,25.013988018214096,25.13405536426588,12433700
2012-11-30,25.29414176940918,25.33416506359871,25.120712583696427,25.307482867472356,13039500
2012-12-03,24.933944702148438,25.307485305688576,24.90059322605443,25.28080565154608,12864900
2012-12-04,24.780521392822266,25.007314951603085,24.773849572077914,24.887247623745353,11794200
2012-12-05,24.887252807617188,25.013989438063724,24.73383397774361,24.813878031470132,14561400
2012-12-06,24.933944702148438,24.97396545563944,24.880580304754407,24.907262503451424,8974700
2012-12-07,25.154071807861328,25.17408473340026,24.94061926218316,24.973970745341298,10654700
2012-12-10,25.107376098632812,25.20076125767851,25.020660217566917,25.147399400175857,8603200
2012-12-11,25.254114151000977,25.34082999254897,25.067343918023987,25.100695381833653,10671300
2012-12-12,25.107376098632812,25.300818239258756,25.013990939587114,25.274136038230058,14681700
2012-12-13,25.0806884765625,25.20742763177753,25.03399590713197,25.14739396471625,11442100
2012-12-14,25.12070655822754,25.194081307698163,25.013980343875815,25.02732143873899,11800900
2012-12-17,25.013992309570312,25.227444840380922,24.933948246655056,25.20743446079083,17588900
2012-12-18,24.867244720458984,25.14740277980201,24.767190269986898,25.034004682467547,17952100
2012-12-19,24.533720016479492,24.873911697647458,24.52705073890278,24.847229498231425,17991900
2012-12-20,24.713815689086914,24.747167158850868,24.44700138642125,24.47368103549999,16182700
2012-12-21,24.60708999633789,24.80720136384453,24.36695533750829,24.680464758152947,27942400
2012-12-24,24.500364303588867,24.5470568722169,24.39363806893135,24.493695027165213,4851800
2012-12-26,24.293582916259766,24.547058696618162,24.17351811983141,24.48035574920748,9982100
2012-12-27,24.293582916259766,24.38029878353712,24.1468359230454,24.24689034416142,11380600
2012-12-28,23.99341583251953,24.293581624460767,23.980074734835934,24.160175736733198,14053400
2012-12-31,24.180187225341797,24.200197600512283,23.733271882838793,23.93338326820662,15651400
2013-01-02,25.0806884765625,25.0806884765625,24.453672155242405,24.67379644931849,21872400
2013-01-03,25.0806884765625,25.0806884765625,24.7538404905488,24.980634061163165,16357900
2013-01-04,25.12070655822754,25.260784237460363,25.02732143873899,25.114037283072786,15311300
2013-01-07,24.880582809448242,25.027332372500382,24.74717434708764,25.027332372500382,14610200
2013-01-08,24.707149505615234,24.867237598342477,24.62043363773127,24.80720392743117,14324300
2013-01-09,24.700475692749023,24.813873748463525,24.567069807749586,24.813873748463525,10563700
2013-01-10,24.65378761291504,24.793865344401524,24.520379159071172,24.76051386707921,15603700
2013-01-11,24.62042999267578,24.640440365165563,24.360284972092725,24.573737427163643,15644800
2013-01-14,24.673803329467773,24.753847393017914,24.547064138912248,24.647121126766095,11001500
2013-01-15,24.8939151763916,24.96728993217497,24.547054313768154,24.673793453595383,12721600
2013-01-16,24.8939151763916,24.960618111892547,24.76050676083583,24.820540420608236,9168000
2013-01-17,25.02065658569336,25.120713552749837,24.900591787601712,24.967294735936445,12121800
2013-01-18,25.14739418029785,25.1540634568933,24.887249135653555,25.007316470805417,14056100
2013-01-22,24.767179489135742,25.174074026449215,24.71381510313543,25.174074026449215,21249400
2013-01-23,24.767179489135742,24.85389279955529,24.70714582716238,24.733828020162537,13570200
2013-01-24,24.753847122192383,24.84723228607166,24.68047233784299,24.8138808053369,13258900
2013-01-25,24.713815689086914,24.847224112696765,24.62043055592623,24.80053154611642,14040700
2013-01-28,24.687129974365234,24.753835448933074,24.587075579343985,24.72715325910594,13386500
2013-01-29,24.960620880126953,25.060677839028973,24.587080328608288,24.600421426098833,17705800
2013-01-30,25.013992309570312,25.0873670941405,24.893924942919988,24.947289347900078,13219400
2013-01-31,24.84055519104004,25.033994736252964,24.753839332773097,25.033994736252964,12969100
2013-02-01,25.040668487548828,25.15406400401748,24.927270426525908,25.040668487548828,11932600
2013-02-04,24.913923263549805,25.06734458133039,24.88057179885763,25.000639107392384,9456300
2013-02-05,25.44089126586914,25.45423236391256,25.05400960082712,25.05400960082712,17897300
2013-02-06,25.554290771484375,25.63433481971531,25.347507556953847,25.43422342686077,16823700
2013-02-07,25.954519271850586,26.054576262585577,25.580976056935587,25.627668640730587,18805300
2013-02-08,25.86113166809082,25.974527205323753,25.747733586303156,25.914493525449043,12308000
2013-02-11,25.754396438598633,25.901145948191875,25.620988024836944,25.821099373202554,12159900
2013-02-12,25.054014205932617,25.454237042581855,24.867241343548866,25.420885563620207,30700500
2013-02-13,24.820545196533203,25.30748384413683,24.687136755307215,25.127382830164905,19943800
2013-02-14,24.573747634887695,25.020663103164164,24.480362465072016,24.840564586836805,22748600
2013-02-15,24.960620880126953,24.96062088012695,24.37362785786786,24.64044217401631,25204300
2013-02-19,25.12738609313965,25.194091594692022,24.98730835671171,25.020659835210548,14850600
2013-02-20,25.167404174804688,25.26746113410589,24.95395170321269,25.147393800766118,12949300
2013-02-21,25.154071807861328,25.2074362165584,24.967301466531694,25.09403812035465,14135100
2013-02-22,25.69437026977539,25.69437026977539,25.154067181586534,25.187418658610753,20102800
2013-02-25,25.160734176635742,25.827773767366878,25.160734176635746,25.721047534632064,15874600
2013-02-26,25.420888900756836,25.47425076518962,25.20076453051453,25.31416262733619,15770000
2013-02-27,25.647674560546875,25.70770822968008,25.2941418225161,25.367516589740493,14271100
2013-02-28,25.82777214050293,25.994532027681686,25.62765824024527,25.661012253324177,19005500
2013-03-01,25.81443214416504,25.874465807889653,25.674354443658956,25.674354443658956,13724500
2013-03-04,25.894481658935547,25.894481658935547,25.647677675658,25.74773210666288,9934300
2013-03-05,25.801090240478516,26.01454269492383,25.721046206200015,26.00120159845175,13240700
2013-03-06,26.02789306640625,26.041234167632414,25.814440535897365,25.881143497473314,11653900
2013-03-07,26.094585418701172,26.141277981731506,25.90781516657984,26.041223580046726,15094900
2013-03-08,26.161300659179688,26.294706577869977,26.034561474047198,26.12794663495232,11183600
2013-03-11,26.221330642700195,26.268023216568206,26.134614772136278,26.147955871034913,9200400
2013-03-12,25.98786735534668,26.221332788345222,25.881141099978805,26.20131986608243,11375900
2013-03-13,25.92739486694336,26.11551714951364,25.900519522869356,26.08192425090807,14358300
2013-03-14,26.216304779052734,26.2834905925905,25.97443174955758,26.081930589002706,14572500
2013-03-15,26.088645935058594,26.162549291239248,25.97442699737207,26.081925817149603,20781900
2013-03-18,26.041616439819336,26.16255294935045,25.913962374413998,25.940837723859666,11479900
2013-03-19,26.424571990966797,26.471602550059416,26.08191784560828,26.14910362631967,15192000
2013-03-20,26.787399291992188,26.820992208052306,26.44474744741864,26.471622805456818,19271900
2013-03-21,26.921770095825195,27.163643161461714,26.713489941977105,26.773958208386237,23063600
2013-03-22,26.90160369873047,27.0628506335967,26.800822442208712,26.861290683527002,16128500
2013-03-25,26.95534324645996,27.042686803457606,26.84784446976017,26.94862569421691,15718400
2013-03-26,27.338315963745117,27.34503608096826,26.962071414409778,26.962071414409778,13666500
2013-03-27,27.02253532409668,27.237532907255293,26.915036532517373,27.177064676806097,14559900
2013-03-28,27.170352935791016,27.27785176050632,26.888169482028648,27.13004247838162,14227200
2013-04-01,27.17707061767578,27.20394596218886,26.988945769058148,27.136757600906165,8200500
2013-04-02,27.358474731445312,27.479411216051812,27.15691221511858,27.163632332582196,13359200
2013-04-03,26.98894500732422,27.425660372927215,26.92847932833725,27.398785029172664,13639200
2013-04-04,27.237539291381836,27.271132191066606,27.009103985361865,27.056134557515332,11435900
2013-04-05,26.9284725189209,27.116594751684502,26.8814393977568,27.015813519576458,10729500
2013-04-08,27.45254135131836,27.459258907148854,26.720204743024684,26.91504718077584,22757900
2013-04-09,27.351757049560547,27.63394305976134,27.217382881035125,27.4189454153103,21056100
2013-04-10,27.593629837036133,27.660815639316855,27.35175684806701,27.39878742225833,9703700
2013-04-11,27.667543411254883,27.8220728496287,27.586919913619585,27.63395050082141,10962500
2013-04-12,27.6003475189209,27.620502745231317,27.331599207570765,27.486128589556248,10394700
2013-04-15,26.93519401550293,27.539876370741887,26.908318674609294,27.44581267761416,16050600
2013-04-16,28.46706199645996,28.540967926917038,27.71457014293906,27.815351423194063,32135700
2013-04-17,28.587997436523438,28.688778713002655,28.238625591162958,28.31253151885114,24208000
2013-04-18,28.285655975341797,28.655185611238874,28.278938419677445,28.54096666115042,16034200
2013-04-19,28.661901473999023,28.73580739681321,28.352842672207093,28.406590803270223,13875800
2013-04-22,28.70220375061035,28.789544751265893,28.487206180888215,28.567829628790715,10544100
2013-04-23,28.688770294189453,28.86345488412077,28.393146670188436,28.742518413024637,11216200
2013-04-24,28.31925392150879,28.823155218596316,28.28565845132333,28.648468000340234,11368200
2013-04-25,28.453624725341797,28.581281357206276,28.27222251906762,28.393156468925586,10197100
2013-04-26,28.285655975341797,28.507373756880042,28.278938419677445,28.339406672553846,15159800
2013-04-29,28.379711151123047,28.41330404527954,28.164710989979703,28.379711151123047,11311100
2013-04-30,28.440181732177734,28.48049218330182,28.137840533878336,28.319245252857975,13432200
2013-05-01,28.359561920166016,28.594717376153586,28.312531341563364,28.319251460206207,8710600
2013-05-02,28.19159698486328,28.32597117524644,27.87582058488353,27.990036980775788,18709600
2013-05-03,28.379711151123047,28.500645057491713,28.191586330494314,28.33267802373571,11757800
2013-05-06,28.272216796875,28.41330851229823,28.131122518477827,28.41330851229823,9356100
2013-05-07,28.688770294189453,28.695487847928764,28.319243327161754,28.35955377554475,13785300
2013-05-08,28.527523040771484,28.67533486432146,28.325963094186644,28.581273726780122,12636300
2013-05-09,28.299087524414062,28.594711169145103,28.218464059020942,28.56111570917203,10113700
2013-05-10,28.31925392150879,28.379722179678275,28.117691352294152,28.292378570550234,9927000
2013-05-13,28.346118927001953,28.514085979915397,28.218464889458314,28.31252602901403,9291000
2013-05-14,28.56783103942871,28.66860971353984,28.225176883720216,28.339395789947492,13023900
2013-05-15,28.836589813232422,28.957526327399524,28.48050038983734,28.554406322158844,12306200
2013-05-16,28.950817108154297,29.17925252703246,28.749257047491263,28.82988055916143,12330000
2013-05-17,28.870180130004883,28.97767894974742,28.59471424422876,28.923928258389136,12611200
2013-05-20,28.47378158569336,28.856746342778923,28.420030887097447,28.856746342778923,9966000
2013-05-21,28.446918487548828,28.594730409370953,28.26551364612408,28.540979687626372,9148800
2013-05-22,28.386430740356445,28.7962707421865,28.24533903699736,28.406585965700966,13615600
2013-05-23,28.17143440246582,28.265495542297945,27.92284388105608,28.17143440246582,10934200
2013-05-24,28.379711151123047,28.46705216333522,27.88252760349691,27.90940294401152,11542100
2013-05-28,28.587997436523438,28.9239316074884,28.487218723018543,28.62159034102507,14412100
2013-05-29,27.81534194946289,28.507365311726854,27.754873714499876,28.44689707676384,16986600
2013-05-30,27.392070770263672,27.9497201239053,27.378633096769708,27.875816764149736,20874500
2013-05-31,26.868011474609375,27.392067870526315,26.868011474609375,27.31144440107153,26184400
2013-06-03,27.4189395904541,27.439094814410225,26.62613498384835,26.84113258262548,16577200
2013-06-04,27.82878875732422,28.030351333929552,27.513012342393477,27.94300772159888,19241000
2013-06-05,27.31144905090332,27.815350305990286,27.277853583518066,27.815350305990286,16429300
2013-06-06,27.405502319335938,27.405502319335938,27.083005916472892,27.244252836417623,11171600
2013-06-07,27.82206153869629,28.037059153633972,27.533158013066203,27.68096983445101,14459600
2013-06-10,27.667543411254883,27.895978790367217,27.573482236851238,27.88254111359887,11247400
2013-06-11,27.405502319335938,27.533156344539982,27.143474152195562,27.465970555058608,16491600
2013-06-12,27.324323654174805,27.69640479777698,27.24990690931659,27.5949295298976,11611100
2013-06-13,27.337852478027344,27.38520811618219,26.84399897963486,27.270202303717202,17861200
2013-06-14,27.29050636291504,27.59493741491958,27.23638414002995,27.31756747435758,13635100
2013-06-17,27.52051544189453,27.67611293221555,27.331092859014884,27.42580415045471,12409200
2013-06-18,27.689645767211914,27.730237430040813,27.44610095161722,27.534048264068492,9893100
2013-06-19,27.337852478027344,28.03465908003899,27.337852478027344,27.74375868526566,16936100
2013-06-20,26.47191619873047,27.297259112425696,26.363674378211982,27.24313949251074,24899700
2013-06-21,26.898115158081055,27.040184635039363,26.58692026700742,26.810170458878765,21938300
2013-06-24,26.74253273010254,27.067258352796262,26.471929334869362,26.688413083331845,16433700
2013-06-25,26.87106704711914,27.013133998410098,26.681641864708467,26.93871723896548,12942100
2013-06-26,27.28373908996582,27.38521437462154,27.10108048075835,27.114611034850306,13855600
2013-06-27,27.236370086669922,27.655809355539144,27.22284211861841,27.500211916063776,11459100
2013-06-28,27.13490104675293,27.358148700286307,27.12813448049165,27.229612328899748,16316000
2013-07-01,27.37166976928711,27.682864611582396,27.304019614244826,27.39873086357922,10754300
2013-07-02,27.310791015625,27.561102334784536,27.182254653856447,27.378443769731103,12248300
2013-07-03,27.391977310180664,27.4393329528791,27.08077976870511,27.222849277489395,5264800
2013-07-05,27.412263870239258,27.601686385903623,27.161955177298744,27.547566773151612,10402200
2013-07-08,27.425800323486328,27.57463122611442,27.34461701584688,27.500217065144763,9936300
2013-07-09,27.621990203857422,27.784351662213925,27.547573460157007,27.642284740979775,8760500
2013-07-10,27.52051544189453,27.709938024774182,27.419037583529498,27.68287691845162,9539300
2013-07-11,27.757295608520508,27.83847893315645,27.56110902570696,27.737001067706185,13489600
2013-07-12,27.757295608520508,27.824948379050458,27.554342458309304,27.757295608520508,10686400
2013-07-15,27.743757247924805,27.906121270821657,27.68963762741825,27.77081834852238,11418400
2013-07-16,27.216087341308594,27.398745957373816,26.722233711512732,26.91165631453322,33575600
2013-07-17,27.628755569458008,27.723466855011832,27.27020496537882,27.432566431845668,18513100
2013-07-18,27.608457565307617,27.784349562013077,27.561101928475814,27.642282651517668,9708800
2013-07-19,27.797893524169922,27.804657512399864,27.59494032830297,27.655826545132047,11401100
2013-07-22,27.628755569458008,27.831708692886057,27.574633360176403,27.791119616613834,9425100
2013-07-23,27.709930419921875,27.824938799884713,27.59492462064747,27.703166435542148,9400900
2013-07-24,27.642276763916016,27.824935287371755,27.567860041690924,27.81816872315778,10511000
2013-07-25,27.628755569458008,27.65581667409881,27.385210789068754,27.608461031321895,9147300
2013-07-26,27.493450164794922,27.500216730693637,27.06724683728194,27.500216730693637,12279600
2013-07-29,27.24991226196289,27.520518190840274,27.236381707450082,27.473162540390142,10132000
2013-07-30,27.276958465576172,27.55432822979738,27.229602841003377,27.344608620483594,10769400
2013-07-31,27.114606857299805,27.452862915415686,27.101076305292498,27.337854513698048,13557100
2013-08-01,27.446088790893555,27.567861144736405,27.331083001535422,27.331083001535422,12001100
2013-08-02,27.209312438964844,27.337848785066143,26.999592797831625,27.080773512175163,25516600
2013-08-05,27.25667381286621,27.378446200379408,27.182257067087157,27.182257067087157,9933200
2013-08-06,27.310791015625,27.35138266808866,27.10107392961782,27.216079740565153,8645600
2013-08-07,27.161958694458008,27.28373106477842,27.101072509297804,27.270200514666314,9301800
2013-08-08,27.195783615112305,27.304025434666748,27.074011245527483,27.26343378457563,9481100
2013-08-09,27.168716430664062,27.276958225977946,27.09429971250678,27.22960260182112,9021600
2013-08-12,26.945486068725586,27.128142118183163,26.864302734867092,27.08755303194353,13970000
2013-08-13,26.823705673217773,27.094308963552937,26.722227826411554,27.01312823452127,13548700
2013-08-14,26.74253273010254,26.844010616246138,26.620760299006164,26.78312440069795,13787100
2013-08-15,26.444854736328125,26.654574389762313,26.39749910179275,26.586921639934253,14227800
2013-08-16,26.41779136657715,26.50573864345292,26.18777719830165,26.404260817774084,20565200
2013-08-19,26.235143661499023,26.44486338350927,26.174257457088913,26.417802274729357,11913000
2013-08-20,26.147192001342773,26.47868146365628,26.147192001342773,26.282492348015975,10238200
2013-08-21,25.89688491821289,26.181021370215483,25.876590379030244,26.13366572499657,15799000
2013-08-22,25.917184829711914,26.059251780671165,25.775115298063273,25.923948816604998,10307900
2013-08-23,26.059249877929688,26.120136078279327,25.957772017117218,26.120136078279327,11302800
2013-08-26,25.788646697998047,26.11337227398907,25.781882710883213,26.11337227398907,12740600
2013-08-27,25.80893325805664,25.869819439929536,25.572152514911654,25.693924878657437,16742500
2013-08-28,25.94423484802246,26.066007217670595,25.74128175883841,25.74804832420139,19245200
2013-08-29,25.775102615356445,26.025413878953827,25.775102615356445,26.025413878953827,14215700
2013-08-30,25.829227447509766,25.896877612827534,25.70745508538707,25.815696898308534,14296600
2013-09-03,25.639801025390625,25.978056961975263,25.572148289660902,25.890109695870617,19068500
2013-09-04,26.07278060913086,26.201316997105454,25.578927016568397,25.62628266375321,19138600
2013-09-05,25.869823455810547,26.17425183174428,25.748051073161523,26.133662757987153,14290500
2013-09-06,25.94423484802246,26.126893402494666,25.77510684358766,25.964531963422846,13976900
2013-09-09,26.059249877929688,26.0795444178165,25.890121830368376,26.059249877929688,10605500
2013-09-10,26.133668899536133,26.235144188464993,26.05248557156573,26.22838020147884,11757300
2013-09-11,26.235143661499023,26.235143661499023,26.066015602658645,26.16749347023862,11996500
2013-09-12,26.194252014160156,26.3100968362603,26.085222969543388,26.29646788075102,12114100
2013-09-13,26.36461639404297,26.398690090732533,26.180629349643304,26.27603206113276,11623600
2013-09-16,26.48046112060547,26.712148219941366,26.398689967739294,26.596303370544376,13351500
2013-09-17,26.432762145996094,26.63719133625238,26.432762145996094,26.44639110527427,12881700
2013-09-18,26.977893829345703,26.98470700579821,26.28964863154014,26.446377684516516,18030500
2013-09-19,26.787099838256836,27.032413238657686,26.678070793815078,27.011971105155315,14251700
2013-09-20,26.848424911499023,26.848424911499023,26.425935151553272,26.800724873998227,30675300
2013-09-23,26.32372283935547,26.705323152985926,26.194249076267557,26.684881021743486,19016200
2013-09-24,26.255582809448242,26.487269870032655,26.248769630956485,26.38505659591043,15083300
2013-09-25,26.119300842285156,26.357801103260957,26.098856106017312,26.337358966451,11446100
2013-09-26,26.398685455322266,26.398685455322266,26.160182617665072,26.2283273996204,10941100
2013-09-27,26.1669979095459,26.289655915329522,25.996639857008383,26.28284013753177,12609600
2013-09-30,25.812650680541992,26.09885093702979,25.72406377281404,26.023892984295166,18101500
2013-10-01,25.860361099243164,25.95576122301649,25.635487150813116,25.894432200668152,13196000
2013-10-02,25.50600242614746,25.764947338951686,25.356086539872855,25.764947338951686,25664200
2013-10-03,25.322017669677734,25.52644678735616,25.30157553774707,25.52644678735616,14437900
2013-10-04,25.349279403686523,25.39697945169404,25.151663433679573,25.38335049519794,17217500
2013-10-07,25.24706268310547,25.471936558564103,25.097149365590614,25.267507416892887,16708600
2013-10-08,25.403789520263672,25.492376426914614,25.144847176910663,25.281131526272315,20471300
2013-10-09,25.267505645751953,25.49919008380372,25.219803003230098,25.471934773093587,18998900
2013-10-10,25.744510650634766,25.79902648065608,25.51963935044146,25.737697471611025,17174400
2013-10-11,25.73769760131836,25.839910883936664,25.567339530829987,25.839910883936664,14266900
2013-10-14,25.83308982849121,25.86034773532843,25.560515959033154,25.594589642308215,14202900
2013-10-15,25.662731170654297,26.146547307405672,25.621844311417007,26.017076152339772,21676600
2013-10-16,25.894424438476562,26.057969315533565,25.744508517795783,25.901237616935855,17995100
2013-10-17,26.26920509338379,26.27602086960195,25.90123116131259,25.935304843489433,15900200
2013-10-18,26.425941467285156,26.425941467285156,26.180625444675684,26.289657098686742,18896600
2013-10-21,26.453195571899414,26.541782478299275,26.303279668677696,26.541782478299275,12977500
2013-10-22,26.637184143066406,26.746213188391103,26.36461023002592,26.48045505287825,17110200
2013-10-23,26.637184143066406,26.746213188391103,26.43956818608493,26.630370964996263,12591800
2013-10-24,26.439577102661133,26.827993370087327,26.41231918227303,26.678080006869486,17143800
2013-10-25,26.596298217773438,26.664442998174604,26.3237268945415,26.466827034197586,14383400
2013-10-28,26.99152946472168,27.080116377279328,26.569042234724257,26.589484368600054,16552100
2013-10-29,27.121000289916992,27.230029334922847,26.814355288507564,26.964271200187166,14199600
2013-10-30,26.998353958129883,27.18234103849536,26.923395969892994,27.175527857500462,12360000
2013-10-31,26.96426773071289,27.161883661689355,26.923380869300026,26.923380869300026,14853500
2013-11-01,26.99152946472168,27.066487421542956,26.80072928332752,26.96427155324894,12430400
2013-11-04,26.923377990722656,27.127809676472534,26.780277890263235,27.059664914736953,10252100
2013-11-05,26.916576385498047,27.011976493482738,26.725776169528665,26.821176277513356,10575000
2013-11-06,27.291357040405273,27.407201857422738,26.86205405879974,26.998341008455487,17198000
2013-11-07,27.141450881958008,27.42765121208337,27.09374822747908,27.31180896402064,16233200
2013-11-08,27.291357040405273,27.291357040405273,26.909756700718003,27.08011473792335,11903600
2013-11-11,27.1687068939209,27.291364924097724,27.100564699137376,27.264107006401073,9567800
2013-11-12,27.175512313842773,27.250470259205745,26.998338515810815,27.195954444593724,10509200
2013-11-13,27.339061737060547,27.33906173706055,27.01879034022258,27.134632577503638,11770500
2013-11-14,27.40038299560547,27.557112060255534,27.277725014669407,27.31861187480045,10887200
2013-11-15,27.407201766967773,27.475343941842077,27.230027953162843,27.36631490236879,12021500
2013-11-18,27.373130798339844,27.420833444837744,27.257288569658446,27.420833444837744,9553900
2013-11-19,27.35269546508789,27.414024483597615,27.20277950885118,27.35269546508789,11014800
2013-11-20,27.29816436767578,27.563922407539813,27.21639066352027,27.29134859260121,14422500
2013-11-21,27.55030632019043,27.59119319135842,27.32543242795312,27.393577213233108,26364300
2013-11-22,27.55030632019043,27.570748456045543,27.318619249154004,27.488977313167325,26396500
2013-11-25,27.509416580200195,27.85694845024132,27.48216126838829,27.584374536462303,14059100
2013-11-26,27.427640914916992,27.66614110048127,27.420827737953896,27.59118575605897,14240400
2013-11-27,27.578617095947266,27.708997906046516,27.235514109653312,27.50999754575569,9909100
2013-11-29,27.578617095947266,27.777617456238087,27.523721979327618,27.633514830234958,8641100
2013-12-02,27.503131866455078,27.585475835933224,27.27668267830568,27.516853679978443,16738800
2013-12-03,27.688405990600586,27.715854853822407,27.45509588855046,27.48254475177228,16592300
2013-12-04,27.702125549316406,27.7707476953001,27.407056865754573,27.585471827644955,13196100
2013-12-05,27.331579208374023,27.722716318382652,27.310991253653714,27.640369734836376,18171200
2013-12-06,27.763877868652344,27.791326720814123,27.482533678160642,27.482533678160642,12557100
2013-12-09,27.722719192504883,27.791338734906688,27.585477490033522,27.722719192504883,12237100
2013-12-10,27.345306396484375,27.647238693502374,27.276686847708284,27.62665073473515,15967800
2013-12-11,27.537437438964844,27.681540018007645,27.372746907439364,27.413920194737532,14963500
2013-12-12,26.906126022338867,27.592331751759396,26.885540688109728,27.44136827130052,19817700
2013-12-13,26.91986083984375,27.20120519277468,26.90613640583881,27.084551430234892,14037400
2013-12-16,26.947301864624023,27.153163079444283,26.89926766842154,27.077680023221134,14562100
2013-12-17,26.83064842224121,26.93358034962531,26.67282138654187,26.844372853736935,17655700
2013-12-18,27.46196174621582,27.503135044546422,26.76203138060298,26.94044377136646,23884500
2013-12-19,27.352153778076172,27.51684164500333,27.146292635584,27.427636807778807,14791800
2013-12-20,27.475677490234375,27.578606777009234,27.345296728918985,27.393330919614,22237200
2013-12-23,27.558013916015625,27.61291161476783,27.359013684538414,27.516840641951475,10943200
2013-12-24,27.578617095947266,27.660963697378808,27.51685845370763,27.56489266237534,4783800
2013-12-26,27.78447151184082,27.818781275242518,27.544297932694626,27.599195648271067,8588300
2013-12-27,27.901124954223633,27.990332432317032,27.81191747613023,27.92171028852706,6762200
2013-12-30,28.196205139160156,28.230514916228188,27.969755898708392,27.976619424722916,10927500
2013-12-31,28.347156524658203,28.40205161582158,28.120707402233837,28.223639297457066,11729200
2014-01-02,27.901124954223633,28.29226201199153,27.798193047372237,28.21677896265612,12698600
2014-01-03,27.763877868652344,27.949153694244433,27.688394834040757,27.914843937875517,10403400
2014-01-06,27.633508682250977,27.853094335211605,27.558025623233114,27.77761127619374,11036300
2014-01-07,27.715850830078125,27.942299992281097,27.647231299653324,27.777609454527365,11872300
2014-01-08,27.40706443786621,27.75016740957661,27.33158398293099,27.75016740957661,15339600
2014-01-09,27.262962341308594,27.448238263708788,27.11885971866444,27.413928489412747,14070200
2014-01-10,27.537437438964844,27.64723025409277,27.379610430822655,27.42078110045363,13290000
2014-01-13,27.125720977783203,27.537446127672204,27.10513563647256,27.44823861921272,14091900
2014-01-14,27.235511779785156,27.39333882585886,27.16003132809864,27.20120200762441,12801100
2014-01-15,27.28354263305664,27.407059891797743,27.16002799198304,27.331579449382627,12844900
2014-01-16,27.249229431152344,27.32471248172256,27.160024569266792,27.297263623757544,11063100
2014-01-17,26.954160690307617,27.276678226488137,26.954160690307617,27.256092891895225,13992700
2014-01-21,27.393335342407227,27.393335342407223,27.1257154888501,27.2011985486057,17579000
2014-01-22,27.379613876342773,27.509992042693305,27.276681953977736,27.441372506228294,9841700
2014-01-23,26.926715850830078,27.201196591127314,26.844369272840332,27.180611255463532,14828100
2014-01-24,26.652225494384766,26.933569684471305,26.63850106832364,26.81691598945166,16507500
2014-01-27,26.57674789428711,26.74829932863004,26.563023465419615,26.63850651535725,14601900
2014-01-28,26.67281723022461,26.81692242964055,26.50126578976171,26.604197701106347,8915500
2014-01-29,26.00718879699707,26.46694521314141,25.952291101995026,26.46694521314141,23776100
2014-01-30,26.192472457885742,26.357162991148655,26.075818735811065,26.075818735811065,13662000
2014-01-31,25.952306747436523,26.185616856514702,25.883687204982603,26.04151424676082,16185000
2014-02-03,25.526859283447266,26.089547896160983,25.458237124782364,26.089547896160983,23164900
2014-02-04,25.7189884185791,25.767022606478687,25.53371257196631,25.691539563303078,17759700
2014-02-05,25.808197021484375,25.883680067971092,25.650370023224433,25.72585306971115,13665200
2014-02-06,26.096412658691406,26.720859997625865,26.020929581841955,26.597342711448228,22661500
2014-02-07,26.04151725769043,26.31599807690943,25.986619523245796,26.19248079207706,20389000
2014-02-10,26.46695327758789,26.501263038585222,25.966023437559343,26.12385043228064,20877200
2014-02-11,26.514986038208008,26.611054410892308,26.4257785702868,26.53557137016412,15361300
2014-02-12,26.42577362060547,26.707117781198097,26.350293211681976,26.65908360385299,10633400
2014-02-13,26.5218505859375,26.597331011916832,26.16502331812503,26.16502331812503,10435600
2014-02-14,26.713998794555664,26.775757436962433,26.261102956128713,26.48754956650816,16030100
2014-02-18,25.712133407592773,26.151304722012863,25.568028193193825,26.062097230750183,46098500
2014-02-19,25.45822525024414,25.801328030531344,25.423915495748712,25.732708521540495,26645100
2014-02-20,25.59547996520996,25.74644610333346,25.31413564631386,25.430792012409604,22639900
2014-02-21,25.51313591003418,25.815065567681117,25.485687045429604,25.794480228061584,19419800
2014-02-24,25.732711791992188,25.80133130970411,25.540575048265357,25.595470138901533,24223500
2014-02-25,25.91798973083496,26.034643443929628,25.732713876801945,25.82192135118829,22845500
2014-02-26,25.986618041992188,26.034652248059235,25.88368872227762,26.007206000069427,18195100
2014-02-27,26.123855590820312,26.151304452105148,25.93857970364891,25.966028564933744,18423400
2014-02-28,26.213056564331055,26.343434696519463,26.103263764154807,26.13071261861558,15763200
2014-03-03,26.158174514770508,26.185623385663305,25.97289856274674,25.993486524750537,18683400
2014-03-04,26.28854751586914,26.34344262364258,26.23364979042808,26.309132854075727,20425200
2014-03-05,26.31598663330078,26.38460877151597,26.24736711275251,26.364020821217956,14367400
2014-03-06,26.398334503173828,26.453229598790752,26.261092837630958,26.35030031288388,14700000
2014-03-07,26.453229904174805,26.494403189613095,26.322851760120827,26.460093427248058,17047600
2014-03-10,26.5218505859375,26.5218505859375,26.377745403673302,26.453228447319564,14540800
2014-03-11,26.624794006347656,26.652242876371435,26.44638158652973,26.652242876371435,13812100
2014-03-12,26.607494354248047,26.628242790053825,26.427665782573303,26.469165292592262,15673700
2014-03-13,26.261676788330078,26.62133134488899,26.227092539147126,26.593665000905737,18302800
2014-03-14,26.399999618530273,26.50374707506549,26.19942524812022,26.247840024261347,14687200
2014-03-17,26.469165802001953,26.53832901495722,26.317003567411426,26.399999950639234,19203000
2014-03-18,26.559083938598633,26.600580817022674,26.37925533740167,26.469169638000153,16880400
2014-03-19,26.379255294799805,26.69049507451664,26.351588950289898,26.53141755119644,20882200
2014-03-20,26.593664169311523,26.60749734087058,26.247842795558206,26.35850552962296,13228000
2014-03-21,26.58673858642578,26.856481396317637,26.476075884318966,26.821897158203623,19189100
2014-03-24,26.559083938598633,26.648995600789277,26.427670121168276,26.614413989299965,15693000
2014-03-25,26.711238861083984,26.835734751285802,26.60057614072763,26.621327214699512,16898900
2014-03-26,26.70433235168457,26.932573132956215,26.704332351684574,26.759662410801727,15835500
2014-03-27,26.84956932067871,26.97406521736994,26.614410697862773,26.635159134508807,13031500
2014-03-28,26.939483642578125,26.99481368650331,26.849569352991246,26.8979841308286,11502100
2014-03-31,26.738908767700195,26.994815847960457,26.600579689200046,26.967152142986603,24489800
2014-04-01,26.565996170043945,26.897984351541744,26.49683295496806,26.64899255581651,20515700
2014-04-02,26.510671615600586,26.655915980382247,26.48992053605458,26.621334365683005,15709100
2014-04-03,26.330839157104492,26.621330482704924,26.31009071899292,26.55216462498687,18114000
2014-04-04,26.434581756591797,26.61440767672869,26.379249080606776,26.44841492558805,15453600
2014-04-07,26.711238861083984,26.897982696386713,26.462247080680346,26.469164984806763,17295700
2014-04-08,26.904903411865234,26.904903411865234,26.614412091571126,26.745823261223432,14769900
2014-04-09,26.96714210510254,26.96714210510254,26.76656514785776,26.863394675243036,12031400
2014-04-10,26.897981643676758,27.250720864912502,26.84956687031613,26.960229586341462,21025700
2014-04-11,26.718158721923828,27.12622802782436,26.676659209348202,26.856487792101692,18084200
2014-04-14,26.787317276000977,26.835732046376453,26.55907659257476,26.773484107549827,19389800
2014-04-15,27.790205001831055,27.9907820260225,27.319887736061688,27.54813110257077,47529200
2014-04-16,28.073789596557617,28.073789596557614,27.74871654086551,27.74871654086551,21919900
2014-04-17,28.163686752319336,28.163686752319336,27.83861389484701,27.963109770542495,18547100
2014-04-21,28.1844425201416,28.191357786854496,27.907784360286314,27.99078339128755,12630900
2014-04-22,28.156774520874023,28.19135612922062,27.95619749869313,28.06686286685439,17404900
2014-04-23,28.170612335205078,28.225945028406095,28.053034319764958,28.14986389445871,12072500
2014-04-24,28.149860382080078,28.281271554423718,27.983864961597014,28.149860382080078,11392600
2014-04-25,28.364267349243164,28.364267349243164,27.97003120209141,27.983864373374868,16811400
2014-04-28,28.37809181213379,28.551002442504394,28.17751748609308,28.23284751584012,20736700
2014-04-29,28.05994987487793,28.378104948821377,28.02536826047678,28.336608066903224,18928400
2014-04-30,28.212108612060547,28.274356565552136,28.07377953336727,28.142942753510045,12362000
2014-05-01,28.20518684387207,28.21902001368751,27.845532343892796,28.21210474798347,15385800
2014-05-02,28.32276725769043,28.32968252334309,28.101441819102384,28.212104538396407,14197000
2014-05-05,28.191362380981445,28.30894304152386,28.046118010671563,28.115283881110685,10163500
2014-05-06,28.00460433959961,28.12218229125234,27.9769380080084,28.025352769089714,9359900
2014-05-07,28.29510498046875,28.336604495564664,28.10144585350326,28.149860635244632,11115600
2014-05-08,28.170612335205078,28.32968987054596,28.11528228041209,28.253608736598576,8538700
2014-05-09,28.267440795898438,28.322773486918834,28.156778052265576,28.20519283770446,8516400
2014-05-12,28.232852935791016,28.336600389292844,28.142938651983254,28.274352444873216,8906000
2014-05-13,28.433427810668945,28.509508919088418,28.232850822728004,28.239768726260944,11579600
2014-05-14,28.281267166137695,28.48184416522979,28.2397702962616,28.37118144821472,10036100
2014-05-15,28.025362014770508,28.329683847451005,27.970029333333617,28.094525228159156,12379200
2014-05-16,28.281267166137695,28.295100335565493,27.97694535394807,28.02536012774171,13823900
2014-05-19,28.156774520874023,28.17060769189418,27.95619749869313,28.080693399466952,7559500
2014-05-20,28.066864013671875,28.308937920396836,28.059946108675334,28.21902362429569,9639500
2014-05-21,28.267440795898438,28.27435870147995,28.011533695948927,28.04611530863271,8607300
2014-05-22,28.066864013671875,28.24668996746646,28.032279765504565,28.198275186121467,8430400
2014-05-23,28.066864013671875,28.149860404776476,28.032279765504565,28.101445623431484,6255200
2014-05-27,28.198272705078125,28.232854311795048,27.997695692349513,28.053028373822567,11282900
2014-05-28,28.066864013671875,28.281271577226068,28.032279765504565,28.149860404776476,7536700
2014-05-29,28.1221866607666,28.267430966578026,28.08068715693176,28.136019828711547,9867100
2014-05-30,28.29510498046875,28.302020247114207,28.004616290020515,28.03919790006325,10446100
2014-06-02,28.260517120361328,28.281265554116725,28.136021241014678,28.184436012048693,7472100
2014-06-03,28.274362564086914,28.357358973547854,28.15678189880965,28.16369980533623,10493100
2014-06-04,28.212108612060547,28.302020270564608,28.156775925220145,28.295105003913424,7864700
2014-06-05,28.281267166137695,28.357348278786926,28.101441240390937,28.170604449122624,10131700
2014-06-06,28.350431442260742,28.398846213371517,28.246683996505002,28.315847201404065,8760600
2014-06-09,28.29510498046875,28.41960088734877,28.253605465372836,28.253605465372836,7316400
2014-06-10,28.40575408935547,28.461086749606842,28.225928220351435,28.24667664874247,9168600
2014-06-11,28.260517120361328,28.39884616834729,28.212102349327314,28.34351349379005,9648600
2014-06-12,28.16644859313965,28.347629620749604,28.131606905753227,28.159481318962506,11583600
2014-06-13,28.13159942626953,28.24309439121259,28.04797886712465,28.14553662916862,9194600
2014-06-16,28.333681106567383,28.410334383176465,27.978291783856257,28.006163527691953,12878200
2014-06-17,28.514867782592773,28.70998599627308,28.298847748580755,28.696048791135194,26926600
2014-06-18,28.96085548400879,28.96782275868246,28.396410538422106,28.424284953617864,18518200
2014-06-19,29.12112045288086,29.176866607925103,28.939939467925186,28.946909398711796,13275200
2014-06-20,29.051437377929688,29.183839493784664,28.939942398301806,29.1768695622923,23402600
2014-06-23,29.079315185546875,29.08628511785373,28.800579033029656,28.89116688701634,13099300
2014-06-24,29.16292953491211,29.190803941683647,28.89813064533172,28.932972324671272,14962800
2014-06-25,29.239587783813477,29.253524989563175,28.89116561482166,28.98872339681934,17621800
2014-06-26,29.288362503051758,29.302299706816274,29.114151443370034,29.204741938714477,16903300
2014-06-27,29.39986228942871,29.469548319663044,29.20474672127306,29.260495545460532,18674400
2014-06-30,29.5183162689209,29.608906745517476,29.14201981990367,29.253514768695894,14058700
2014-07-01,29.46954917907715,29.581044172453343,29.371991392154268,29.539232553093395,11497700
2014-07-02,29.46954917907715,29.553169759546712,29.371991392154268,29.483486385530462,6707000
2014-07-03,29.42774200439453,29.490458113781738,29.274435368503422,29.448646488106693,7537700
2014-07-07,29.36501693725586,29.40682855017634,29.218680279409046,29.239584756744332,8991900
2014-07-08,29.22565460205078,29.441677333539257,29.20475011967306,29.246561742679056,10090500
2014-07-09,29.232624053955078,29.378960744692098,29.12112905269109,29.218686846515766,9891600
2014-07-10,29.448646545410156,29.469553687413725,28.9538876027543,28.960857536172398,12564500
2014-07-11,29.246551513671875,29.441667036290248,29.183835430223166,29.351076547253307,9773000
2014-07-14,29.532258987426758,29.539226260043943,29.25352023424373,29.260490165110674,11857700
2014-07-15,29.337154388427734,29.567114365078712,29.23262930124628,29.553177155137654,10541900
2014-07-16,29.35108184814453,29.539230132470788,29.281398479838554,29.448639627072936,10331400
2014-07-17,29.281389236450195,29.371979713250944,29.148989815163926,29.218673161472644,9983500
2014-07-18,29.56710433959961,29.594978750030197,29.281398278311293,29.36501885135297,19272400
2014-07-21,29.54619598388672,29.66465822529712,29.33017331877101,29.35107779472585,17607200
2014-07-22,28.7030086517334,28.800569062502614,28.298840440115633,28.640292573935028,24706000
2014-07-23,28.438217163085938,28.60545830836611,28.31278497500077,28.556679419471887,17531700
2014-07-24,28.549711227416992,28.6402990705915,28.333688541943193,28.549711227416992,14856000
2014-07-25,28.570613861083984,28.598488268684513,28.438214412356214,28.51486504588293,10809900
2014-07-28,28.347623825073242,28.57061376865643,28.298844941055034,28.563646495903747,11709100
2014-07-29,28.117666244506836,28.4173095040654,28.117666244506836,28.39640502585202,10863600
2014-07-30,27.608972549438477,28.22219632500798,27.60200527553155,28.187354638972835,20346200
2014-07-31,27.37900733947754,27.685617809045244,27.3511329354488,27.546248447151022,15434700
2014-08-01,27.37900733947754,27.51837670137176,27.218733503686504,27.267512381612057,13566700
2014-08-04,27.455665588378906,27.497474543736107,27.26054738312878,27.462632861521787,11012900
2014-08-05,27.302358627319336,27.546253057769512,27.246609809930767,27.413853603846547,11639200
2014-08-06,27.818023681640625,27.845898092123253,27.26751869498423,27.26751869498423,17567500
2014-08-07,27.420818328857422,27.880735396576323,27.406883784055047,27.84589371807104,14367400
2014-08-08,27.490509033203125,27.581099539368722,27.358106910749527,27.41385573246686,13667000
2014-08-11,27.574125289916992,27.783178022122826,27.539283610924304,27.539283610924304,14102600
2014-08-12,27.650785446166992,27.76228044158499,27.553227657457544,27.567164864166088,13297500
2014-08-13,27.83196258544922,27.943457575934108,27.664721428847013,27.664721428847013,9638900
2014-08-14,27.99920654296875,28.00617381692507,27.824995453307793,27.824995453307793,6902000
2014-08-15,28.486995697021484,28.67514397680484,28.333689100549854,28.466088560434418,23221600
2014-08-18,28.81452178955078,28.863300696593225,28.424290533211227,28.424290533211227,14891500
2014-08-19,28.75179672241211,28.905103330111064,28.68211335068544,28.814512820266206,10260400
2014-08-20,28.74483871459961,28.807554832670597,28.63334368894575,28.67515532041011,6782500
2014-08-21,28.8563289642334,29.051444562271236,28.723929473886393,28.77270837339585,11951000
2014-08-22,28.65423583984375,28.932974613106317,28.605456953260294,28.772700748867823,11244600
2014-08-25,28.8563289642334,28.884203380596134,28.654243432979555,28.793612856542573,10229300
2014-08-26,28.98872184753418,29.05840787255833,28.85632238736337,28.85632238736337,8416500
2014-08-27,28.98872184753418,29.06537514593572,28.87722686574559,28.9399429591423,7693100
2014-08-28,29.00963020324707,29.0584090936888,28.877228079262235,28.926006969703966,9746400
2014-08-29,29.072341918945312,29.093246395056326,28.89813086268749,28.98871869800173,7666700
2014-09-02,29.0165958404541,29.155965230249034,28.786638606804974,28.932975269877147,9798100
2014-09-03,29.114154815673828,29.162933705374805,29.030534241650745,29.051438720593985,8635400
2014-09-04,29.176877975463867,29.385930790265405,29.079320172439868,29.12809907395187,16785300
2014-09-05,29.15596580505371,29.169903010132977,28.995691934017273,29.169903010132977,12768100
2014-09-08,29.114154815673828,29.225649800454647,29.009629762707505,29.03750151521512,9097700
2014-09-09,29.22565460205078,29.288370707434495,29.093255116574294,29.10719232424296,11892500
2014-09-10,29.385915756225586,29.399852957848754,29.148991303379944,29.197770179936327,17558000
2014-09-11,29.445587158203125,29.522798898385595,29.24202942092501,29.256068162559657,19614000
2014-09-12,29.101642608642578,29.42452561038484,29.031451583086778,29.41048954736647,12966800
2014-09-15,29.12973403930664,29.185889028735087,29.010408703197097,29.094638509722497,12259600
2014-09-16,29.22799301147461,29.340300275896922,28.905109960962516,28.98232170730593,15232800
2014-09-17,29.206939697265625,29.326265008397588,29.003381919622818,29.319246974996705,16693800
2014-09-18,29.333280563354492,29.39645356332503,29.164818337560984,29.305203079452866,12586400
2014-09-19,29.51578140258789,29.7263571948038,29.30520561037199,29.46664714032473,47559700
2014-09-22,29.635103225708008,29.656159997271345,29.291160783683328,29.375390547552588,11518100
2014-09-23,29.403467178344727,29.592986149785773,29.396449147231728,29.480678908666913,10251300
2014-09-24,29.67019271850586,29.719326960596685,29.37538458834552,29.37538458834552,13540900
2014-09-25,29.32624626159668,29.59999490872134,29.31922823268207,29.522785880200665,11076300
2014-09-26,29.62105941772461,29.65615492353114,29.277117034543505,29.480674716883026,9939600
2014-09-29,29.65616798400879,29.663186017214628,29.396457913526458,29.410496657554777,12441100
2014-09-30,29.943946838378906,30.049236049177303,29.53683409036455,29.550870152696202,22613700
2014-10-01,30.000110626220703,30.077319702228326,29.740397877190585,29.866743896281818,30409700
2014-10-02,29.943946838378906,30.028176600448106,29.775484636624647,29.901830618536376,16643200
2014-10-03,30.18260383605957,30.231738093211302,29.94395058234422,30.084335321756107,14046300
2014-10-06,30.60375213623047,30.65990709709579,30.161543868687676,30.20365741172076,20328100
2014-10-07,30.828369140625,30.98279261799253,30.51952486350607,30.51952486350607,24936600
2014-10-08,31.270584106445312,31.277604816829047,30.540585528292166,30.589722468128898,26115600
2014-10-09,30.79326820373535,31.410959326822002,30.793268203735355,31.19336289044875,25029300
2014-10-10,31.214435577392578,31.4952024414369,30.77924252005618,30.800301976131678,25920800
2014-10-13,30.93366241455078,31.326739191338316,30.90558492814814,31.08106520173993,20175200
2014-10-14,30.631826400756836,30.968748097729033,30.512501137869354,30.912595820374815,21027400
2014-10-15,30.344043731689453,30.554619490774176,29.97202646805257,29.97202646805257,22988600
2014-10-16,29.87376594543457,30.140494062028107,29.7474199206832,29.936938957810252,22519200
2014-10-17,30.098373413085938,30.20365995715765,29.698278654857926,29.965006708599176,23236000
2014-10-20,30.386167526245117,30.512513548702344,29.97905196996812,30.00712945887344,17647800
2014-10-21,28.554147720336914,28.91212626755758,28.259339495317338,28.638377494221267,55953500
2014-10-22,28.51203155517578,28.855974038826805,28.14703229741298,28.21020529736455,27728200
2014-10-23,28.68049430847168,29.045493572948324,28.596264532859003,28.7366465996747,23346800
2014-10-24,28.799823760986328,28.968286014162715,28.722612006514513,28.76472823921278,13396000
2014-10-27,28.61030387878418,28.71559311858794,28.46992179586796,28.568190324955953,17222500
2014-10-28,28.46990966796875,28.68048538025651,28.434811484574578,28.61029169108362,18658700
2014-10-29,28.750688552856445,28.799822817252686,28.4418442227063,28.53309471842071,25761800
2014-10-30,29.059526443481445,29.19289045105578,28.659431743142683,28.778757011348816,18295600
2014-10-31,29.39645004272461,29.403468074051396,29.05952830910451,29.361354530858833,18477700
2014-11-03,29.347312927246094,29.677213919735877,29.192889476964282,29.333274188346323,13230600
2014-11-04,29.354331970214844,29.515773456706253,29.24202473275927,29.31923646056293,10105300
2014-11-05,29.698280334472656,29.859721853272674,29.47366581461035,29.6912596245678,20676800
2014-11-06,29.684255599975586,29.915888261431547,29.557909538229588,29.78252416408524,11528800
2014-11-07,29.705305099487305,29.803573639497653,29.578959068726313,29.79655560561844,11803800
2014-11-10,29.754432678222656,29.880778680570565,29.543856900181577,29.65616416031124,9088900
2014-11-11,29.838659286499023,29.97904401616313,29.733372747462944,29.747411488190956,8563700
2014-11-12,29.979042053222656,30.10538803388599,29.698275289894237,29.838657332750532,12768800
2014-11-13,30.03520393371582,30.238761691427094,29.922896666981405,29.936935410025264,12007700
2014-11-14,29.993085861206055,30.1615480897622,29.83164434254857,29.972029086742644,10939500
2014-11-17,30.126440048217773,30.175576968598392,29.9930760575144,30.007114795106663,10664000
2014-11-18,30.554615020751953,30.78625019618905,30.007117591705217,30.147502303095976,26143000
2014-11-19,31.0389461517334,31.186348912812665,30.575678418615706,30.652887476121986,25402300
2014-11-20,31.060009002685547,31.179334305688517,30.779239488676808,30.856451238910036,13465400
2014-11-21,31.235485076904297,31.40394729816681,31.081061597215015,31.29164004319719,14382700
2014-11-24,31.074052810668945,31.43203145563858,31.024918539351876,31.2425124044369,12890800
2014-11-25,31.18634796142578,31.298655206100452,30.96875150341164,31.07404071675111,10741700
2014-11-26,31.3029727935791,31.35951322432673,31.07680567833923,31.09094146005731,9199200
2014-11-28,31.684616088867188,31.804766133454322,31.20401051827178,31.20401051827178,10502000
2014-12-01,31.486732482910156,31.642223385285536,31.1898891559659,31.22522726210812,10065700
2014-12-02,31.47966957092285,31.571548118264744,31.260568973771058,31.35951676083155,9878100
2014-12-03,30.95664405822754,31.408978159778524,30.928372502849623,31.394842382089564,15246500
2014-12-04,30.744613647460938,30.98491648266536,30.6527324379676,30.82942561984956,13779700
2014-12-05,30.76581382751465,30.822356935925196,30.532580245630648,30.744611509922592,12536900
2014-12-08,30.490175247192383,30.836495072395163,30.4548371497939,30.751680403289985,12802300
2014-12-09,29.71273422241211,30.05905144359838,29.451226300639114,29.790479675040583,25714600
2014-12-10,29.401758193969727,29.854095216752167,29.373489320647593,29.71274006564048,18324100
2014-12-11,29.352262496948242,29.691512989995676,29.331060183671298,29.41587213290234,16201500
2014-12-12,28.91407585144043,29.408817362835908,28.885804291675125,29.253326480251072,18432400
2014-12-15,28.673770904541016,29.10490272323517,28.666704363174745,29.069564624155547,23378500
2014-12-16,28.546554565429688,29.196786979968604,28.129558482142333,28.41226869648524,23475400
2014-12-17,29.366413116455078,29.514834776670195,28.539490127149755,28.581894775140004,20223900
2014-12-18,29.960100173950195,29.96010017395019,29.507765988972203,29.58551143253862,18030700
2014-12-19,29.649120330810547,30.24280960730706,29.606712991016387,29.995437502694312,24009500
2014-12-22,29.93183135986328,29.995441028970323,29.74807159140107,29.783409697321726,11190900
2014-12-23,30.370038986206055,30.49018911121851,30.01665245928674,30.066126357365423,13411300
2014-12-24,30.348831176757812,30.553795990635805,30.334695393442953,30.461914747151706,6405900
2014-12-26,30.362958908081055,30.60326176845748,30.341756586793927,30.370028145926277,6466900
2014-12-29,30.29229736328125,30.433652531213326,30.03079205508854,30.249890004063953,8694500
2014-12-30,30.22159767150879,30.384157755446935,30.143854943868284,30.207464590936862,9222000
2014-12-31,29.839946746826172,30.3488212999262,29.839946746826172,30.33468552121174,9369500
2015-01-02,29.783411026000977,29.967173498785744,29.543108120445748,29.868223023219066,9921100
2015-01-05,29.783411026000977,30.370033855727634,29.741006375454322,30.172135600719056,26292600
2015-01-06,30.00957679748535,30.34882746720019,29.854088592277293,29.974238691580094,16897500
2015-01-07,30.38416290283203,30.468974881250233,30.094386171789342,30.249874349535347,13412300
2015-01-08,30.751693725585938,30.7941010785103,30.461916887582376,30.518460024814864,21743600
2015-01-09,30.412431716918945,30.787023121913176,30.35589129677072,30.72341346416881,12733500
2015-01-12,30.136796951293945,30.53259075806905,30.009577609692116,30.4407095233289,11415800
2015-01-13,30.129724502563477,30.560856331692953,30.002505185898247,30.27107959842753,12529500
2015-01-14,30.08025550842285,30.108524375287125,29.733935602120233,29.741004840929783,13447600
2015-01-15,29.95302963256836,30.29228022600548,29.804605307338825,30.271077906454426,11193100
2015-01-16,30.059049606323242,30.10145694956258,29.854087520977863,29.93889951133197,15114900
2015-01-20,30.504308700561523,30.624461457908023,30.115584266555896,30.17919391547491,17047300
2015-01-21,30.645673751831055,30.695147639748818,30.22160838894705,30.31348962199062,10720600
2015-01-22,30.94251823425293,30.97785903790585,30.44071009742888,30.652741438722515,14709100
2015-01-23,30.610340118408203,30.9213192730637,30.518458871938932,30.81530224282031,12357700
2015-01-26,30.3912296295166,30.553787045860506,30.271079550702314,30.518448945981255,11151900
2015-01-27,29.960100173950195,30.136793383464997,29.790476202645653,30.06611717810884,15274000
2015-01-28,29.627920150756836,30.24988108867533,29.61378706464202,30.101459419346703,14278500
2015-01-29,29.755128860473633,29.790469651504427,29.30986401162289,29.521895277188552,13657900
2015-01-30,29.097829818725586,29.63497856308922,29.055425183623687,29.564302373836856,19193700
2015-02-02,29.394681930541992,29.422953490641607,28.907009651383337,29.126107501844416,15197500
2015-02-03,29.42295265197754,29.578440835844678,29.239190212692346,29.507764633734553,13193100
2015-02-04,29.45828628540039,29.748062983903356,29.41587895289122,29.521895936102208,16400000
2015-02-05,29.536035537719727,29.557237858657498,29.33813732317837,29.543102079324242,11078500
2015-02-06,29.295740127563477,29.5148380226077,29.20385888660546,29.4229594777746,12366400
2015-02-09,29.140249252319336,29.295740168600723,29.00596335851945,29.246266276352085,13371100
2015-02-10,29.967164993286133,30.412429874396345,29.825809907293234,30.327617901250214,32184200
2015-02-11,29.94596290588379,30.030777583446724,29.472426422049995,29.755133925553608,20496300
2015-02-12,29.804603576660156,30.15092338725374,29.7339273848446,29.967163670858955,13818200
2015-02-13,29.677387237548828,29.847011177881402,29.514827141887892,29.69858955605942,10792100
2015-02-17,29.5501651763916,29.599639045714984,29.430012425089334,29.550165176391598,12804200
2015-02-18,29.49361801147461,29.54309187398869,29.30985833586849,29.507753785924816,9789800
2015-02-19,29.762210845947266,29.85409208896232,29.35228122028391,29.458298246541666,16578300
2015-02-20,29.663253784179688,29.76220153981433,29.430017477791626,29.71272766199701,15982400
2015-02-23,29.57845115661621,29.804618317633985,29.465367576107322,29.479503360686586,11830300
2015-02-24,29.776336669921875,29.917691758944965,29.521898048905122,29.578438466839916,12782700
2015-02-25,29.71980094909668,29.854089530330693,29.500703067924967,29.804612945159125,10323300
2015-02-26,30.00957679748535,30.073186466564675,29.66325958503932,29.71273347253161,14346500
2015-02-27,30.6032657623291,30.857704435477157,30.016645662459638,30.051983767924728,28312800
2015-03-02,30.532577514648438,30.603253697716198,30.447765555742414,30.603253697716198,13514600
2015-03-03,30.35588836669922,30.504309988401765,30.278142937391053,30.468971892204575,10036300
2015-03-04,30.037841796875,30.377092392457758,30.01663947718985,30.334685056963387,16263000
2015-03-05,29.967164993286133,30.11558662032287,29.861148004760455,30.080248522855648,9223000
2015-03-06,29.345212936401367,29.825818753650818,29.210927047747035,29.769275624033323,18180500
2015-03-09,29.253324508666992,29.36640804398239,29.203850630474264,29.352272265052445,10123300
2015-03-10,28.758588790893555,29.08370637915425,28.751522248075247,29.048365576688635,14599100
2015-03-11,28.34157943725586,28.78684691847701,28.3274463582157,28.78684691847701,18549700
2015-03-12,28.911691665649414,28.91169166564941,28.519741740141633,28.576751303863283,17728700
2015-03-13,28.441354751586914,28.911695264441068,28.2275641036524,28.8190516535544,17438400
2015-03-16,28.71216583251953,28.75492234313619,28.498375123947167,28.505500302884492,15238800
2015-03-17,28.868942260742188,29.025723371601806,28.73354212222462,28.982964145413863,21661800
2015-03-18,28.933076858520508,29.068479702045675,28.362967491955274,28.847561133159694,26247500
2015-03-19,28.519760131835938,28.876078969987063,28.47700089259888,28.847572810495695,16057600
2015-03-20,28.968717575073242,28.975842754454497,28.51262725827388,28.555386490050967,31608500
2015-03-23,28.94732666015625,29.175370381003223,28.861810944462533,28.961579732521137,17060500
2015-03-24,28.840431213378906,29.211002920339634,28.840431213378906,29.153990633809315,13485700
2015-03-25,28.826183319091797,29.004342668754298,28.676530117814323,28.92595211994345,22811300
2015-03-26,28.754915237426758,28.90457114309223,28.669399518829117,28.747790060250153,17359600
2015-03-27,28.56252670288086,28.847580215474878,28.484136103405753,28.847580215474878,14384400
2015-03-30,28.868942260742188,28.94020763772209,28.46273912669332,28.58388890831107,12561400
2015-03-31,28.89744758605957,29.146872320619998,28.754919554667335,28.868941436081904,16604800
2015-04-01,28.990095138549805,29.08273877927009,28.669407704130712,29.068485702351857,14300700
2015-04-02,28.990095138549805,29.12549529152833,28.847567087863936,29.02572647159716,14343100
2015-04-06,29.33928108215332,29.652843284713466,28.92595279490949,29.054227747139368,19843400
2015-04-07,29.225257873535156,29.481807766311675,29.196754444279,29.253764021287186,9773400
2015-04-08,29.139751434326172,29.282279500007842,29.032857423937475,29.203888927958086,8954700
2015-04-09,29.253774642944336,29.275155620769446,28.954468138361435,29.075615232550646,12710900
2015-04-10,29.13262367248535,29.33216131565761,29.11124269750511,29.282276904864545,8720000
2015-04-13,29.00434684753418,29.196759299110877,29.00434684753418,29.196759299110877,9616300
2015-04-14,28.868942260742188,28.968713788514048,28.73354212222462,28.92595456232611,11209700
2015-04-15,28.790559768676758,29.082741072296393,28.733547456508695,28.925959932330898,11189100
2015-04-16,28.933076858520508,29.11836410171414,28.71928618587053,28.79767673349123,13121000
2015-04-17,28.719289779663086,28.975839706344825,28.576761740562535,28.840439564372232,15330300
2015-04-20,28.9758358001709,29.14686996773403,28.79767645493657,28.804801632607763,13023700
2015-04-21,29.061355590820312,29.211011527813096,28.890324117823198,28.982965032989863,19673100
2015-04-22,29.43905258178711,29.624337113482653,29.26801840611,29.61721193547344,26887200
2015-04-23,29.18250274658203,29.510315305701624,29.16112177551179,29.382040353264216,17408800
2015-04-24,29.139751434326172,29.303657758386233,29.08274183915155,29.24664816321161,11623300
2015-04-27,29.09698486328125,29.325028602174083,29.061350820301403,29.218131910226152,10044600
2015-04-28,29.05422592163086,29.196753939430646,28.933076155027504,29.182500865801085,12174800
2015-04-29,28.854707717895508,29.039992362597655,28.7905702027106,28.975854847412748,11371400
2015-04-30,28.904569625854492,28.918822697955218,28.705029334939884,28.790547767544233,12700800
2015-05-01,29.153993606567383,29.16824667965331,28.86181240454515,28.918824696888866,10848300
2015-05-04,29.18963623046875,29.28940506219889,29.054236061477383,29.132626634550142,10204800
2015-05-05,29.03997039794922,29.31789851403778,28.990086003702327,29.31789851403778,11721300
2015-05-06,28.9758358001709,29.282270091453604,28.78342338109832,29.246638766105914,11906900
2015-05-07,29.00434684753418,29.154000070372835,28.868943982445213,28.883197058691227,13834700
2015-05-08,29.20389175415039,29.33929193447805,29.111248094717247,29.218144833947566,11144400
2015-05-11,29.175373077392578,29.496060439001443,29.132616574841954,29.203879224756886,10113500
2015-05-12,28.997211456298828,29.189623858149623,28.87606441726071,29.05422374654897,12384500
2015-05-13,29.253774642944336,29.47469329049138,29.018605634843034,29.039983894171282,13183700
2015-05-14,29.5744571685791,29.645719833393983,29.403422967128417,29.431929120452935,9961000
2015-05-15,29.588714599609375,29.709861691322338,29.524577104438745,29.538830183198527,8479000
2015-05-18,29.4461669921875,29.56731672201118,29.39628260887628,29.56731672201118,11511700
2015-05-19,29.43905258178711,29.496062161348817,29.310777629653277,29.38204028372941,9072000
2015-05-20,29.467554092407227,29.638588256940874,29.43905066373147,29.48180716599302,10965200
2015-05-21,29.38204574584961,29.44618323383968,29.268023847033536,29.403424002347464,9270900
2015-05-22,29.36779022216797,29.38917119538116,29.246643154110405,29.303652739520942,11909500
2015-05-26,29.21100425720215,29.346404366165167,29.032844931384485,29.303645149310523,15194300
2015-05-27,29.303651809692383,29.360664111790147,29.09698901082846,29.175376848468602,9863100
2015-05-28,29.317903518676758,29.43192539906141,29.132618982487717,29.360662743257027,9395200
2015-05-29,29.18963623046875,29.346417376614273,29.054236061477383,29.346417376614273,19628600
2015-06-01,29.175373077392578,29.510313512683595,29.132616574841954,29.47468218772613,12684100
2015-06-02,29.21100425720215,29.332151293880287,28.99008571452984,29.104107574313325,11878600
2015-06-03,29.1254940032959,29.367790863196053,29.061356519248907,29.289400302861246,8153800
2015-06-04,28.925947189331055,29.203875292470585,28.883187974042098,29.01146290141349,10145800
2015-06-05,28.576759338378906,28.876068467179532,28.562508982313357,28.847562318056426,15975600
2015-06-08,28.619524002075195,28.6907866699326,28.51975517967622,28.576764770262837,14339300
2015-06-09,28.64802360534668,28.804801982479976,28.583886131543455,28.626642635081673,10772700
2015-06-10,28.740671157836914,28.89032437767952,28.705037108687108,28.733543260608442,11979900
2015-06-11,28.812517166137695,28.92029576224218,28.76222121886855,28.81970386770389,11944900
2015-06-12,28.711933135986328,28.826895724222464,28.625711880040306,28.76941580056655,15568600
2015-06-15,28.446075439453125,28.640075271749925,28.431704776958146,28.61852064846926,11364800
2015-06-16,28.798166275024414,28.85564621692771,28.453275659903905,28.47483303642717,12517400
2015-06-17,28.934661865234375,28.97058714463396,28.747846026879525,28.798144707146697,13898400
2015-06-18,29.20771026611328,29.272376890517208,28.855635813042074,28.855635813042074,16314600
2015-06-19,29.0280818939209,29.207711106777033,29.0280818939209,29.164599108958825,23550600
2015-06-22,29.08555030822754,29.322662091021254,29.0711796479743,29.107104928145812,8775900
2015-06-23,29.013696670532227,29.114288540712405,28.963400735442136,29.049621946893307,11094900
2015-06-24,28.877178192138672,29.063994023808654,28.877178192138675,29.006511386087727,10385100
2015-06-25,28.755046844482422,28.984972034628328,28.755046844482422,28.941860033629293,10607600
2015-06-26,28.74066734313965,28.99214708602267,28.74066734313965,28.812517915128044,16215600
2015-06-29,28.309572219848633,28.726310674050332,28.309572219848633,28.596977388729986,15500800
2015-06-30,28.187414169311523,28.460451324976358,28.108376881546118,28.460451324976358,14621300
2015-07-01,28.381404876708984,28.45325543825541,28.223330352198968,28.295183654668627,11177400
2015-07-02,28.374229431152344,28.604154586202213,28.27363477750948,28.474821343871156,8975900
2015-07-06,28.323930740356445,28.45326398271713,28.180229574110403,28.252080157233422,10252600
2015-07-07,28.920297622680664,29.013705562585233,28.309559514596028,28.374226128234003,20335000
2015-07-08,28.640073776245117,28.905924166211236,28.625703114500535,28.733481707123175,11383700
2015-07-09,28.68319320678711,29.157416989998527,28.668825280863526,29.071192988910393,13392000
2015-07-10,29.020883560180664,29.114291480890817,28.85562507949235,28.934662340022232,13360400
2015-07-13,29.21488380432129,29.2939210660499,29.09273730232122,29.14303324325339,9854200
2015-07-14,29.581331253051758,29.64599786575362,29.344222167094056,29.387334155869862,19531000
2015-07-15,29.55259132385254,29.7178498285904,29.53103395998338,29.56696198612412,11252100
2015-07-16,29.804073333740234,29.8902945730202,29.710665392314734,29.76096134363836,10483700
2015-07-17,29.638818740844727,29.68911469882799,29.495114829067926,29.681930736655012,9608300
2015-07-20,29.73221778869629,29.847180335497203,29.61725524189538,29.710660426786337,10024200
2015-07-21,29.595705032348633,29.832816884197456,29.531038412837496,29.73222497405213,13653800
2015-07-22,29.3873348236084,29.883110371638555,29.164593654591147,29.32266820943718,15528600
2015-07-23,29.344221115112305,29.473554335879474,29.08555467357797,29.451999712726145,13522200
2015-07-24,29.056804656982422,29.33702837877023,29.035250040276733,29.286729704919,10912500
2015-07-27,29.1286678314209,29.157409157396113,28.855630716503757,28.9418519535057,10945700
2015-07-28,29.135852813720703,29.265186044218847,29.056815534980302,29.20770613117734,11021800
2015-07-29,29.164587020874023,29.25080823984936,29.092736461881767,29.12147504092479,8479900
2015-07-30,29.14303207397461,29.279549230895547,29.02088283595221,29.135845373602237,9095500
2015-07-31,29.51666831970215,29.61726022245347,29.29392714866437,29.372964426804348,15309500
2015-08-03,29.847179412841797,29.854363372640826,29.34421725828945,29.35140121808848,14672600
2015-08-04,30.069915771484375,30.084286431036887,29.70347354612599,29.82562004093777,17559900
2015-08-05,30.2639217376709,30.335775050090994,30.048367282257836,30.12021785375432,15329200
2015-08-06,30.120222091674805,30.357333944637382,30.077112839080876,30.177704749698698,11378900
2015-08-07,30.012432098388672,30.156135934911628,29.839986946376584,30.041173413877804,10886700
2015-08-10,29.947772979736328,30.170514118957794,29.875922414012447,30.09866081231052,9501900
2015-08-11,29.804073333740234,29.868739948431152,29.581332162932895,29.74659342119485,11254900
2015-08-12,29.645998001098633,29.645998001098636,29.351406262094937,29.5525928030435,9602200
2015-08-13,29.53102684020996,29.732213322583576,29.46636024604039,29.660360028549103,10270900
2015-08-14,29.638818740844727,29.63881874084473,29.43044820581457,29.466373498527737,9904800
2015-08-17,29.710660934448242,29.782514240503634,29.43762659420785,29.480735836917717,8272800
2015-08-18,29.67473030090332,29.83998876364609,29.595693048956154,29.660359642283574,11199400
2015-08-19,29.30111312866211,29.63163292737611,29.30111312866211,29.55977960551482,15796500
2015-08-20,29.135852813720703,29.32985265946792,29.042444871488975,29.11429818894561,14218000
2015-08-21,28.402957916259766,29.078365217269504,28.388587256565614,28.85562410339477,28036200
2015-08-24,27.576669692993164,27.979037261321658,26.26896961407859,27.29644863907197,44065300
2015-08-25,27.29645538330078,28.22334000429711,27.25334338707512,28.115564125119203,31363700
2015-08-26,27.828147888183594,27.900001193509855,27.224593828059717,27.842518549248847,23523300
2015-08-27,28.21615982055664,28.2951971204257,27.73475205813805,28.065271924947265,18871600
2015-08-28,28.345476150512695,28.35984680925986,28.058068457415242,28.10118043365673,14503900
2015-08-31,28.252071380615234,28.345479302396864,28.065258277975175,28.129924879066582,12673300
2015-09-01,27.842519760131836,28.04370354194825,27.691631923769524,27.785037113370883,23703200
2015-09-02,27.950294494628906,28.072440990752003,27.705998761459636,28.043699671338423,14054800
2015-09-03,28.137104034423828,28.266437214523258,27.907178990007672,27.950290963681727,13311600
2015-09-04,27.677263259887695,27.87126309532407,27.57667136171853,27.7922258207844,15450500
2015-09-08,27.950294494628906,28.043699671338423,27.734737339950136,27.928737134607182,15273900
2015-09-09,27.51919174194336,28.173041892985687,27.44734116131522,28.10837527405078,13764600
2015-09-10,27.60540771484375,27.770668952390263,27.483261202918474,27.526373187616272,14952500
2015-09-11,27.634401321411133,27.677884053276856,27.42422556849303,27.54743032833942,11802300
2015-09-14,27.612651824951172,27.699622801122164,27.43146643826601,27.699622801122164,8950000
2015-09-15,27.902551651000977,27.996768833280733,27.482200195191144,27.59091254125777,13019800
2015-09-16,28.373634338378906,28.402621900813553,27.880809836283042,28.02575594246555,22233400
2015-09-17,28.54033660888672,28.70702691303274,28.29392425391632,28.373646304740703,21232500
2015-09-18,28.25043296813965,28.482350106021126,28.05475236467646,28.163464732601685,27527300
2015-09-21,28.402624130249023,28.48959511838894,28.221438718629155,28.301160742089092,12935800
2015-09-22,28.112728118896484,28.25767699591077,27.960533042132933,28.033006098305137,15021300
2015-09-23,28.09098243713379,28.177953417335583,27.938787368785235,28.1127265645191,8910800
2015-09-24,28.373634338378906,28.409870864924535,27.909797398717686,27.917046362828668,19385700
2015-09-25,28.714263916015625,29.047647182168813,28.504090934879756,28.576563995316945,22511300
2015-09-28,28.64903450012207,28.859210227179293,28.50408839217758,28.64178830059276,19323100
2015-09-29,28.743261337280273,28.77949787643875,28.50409796709775,28.64179792176825,14166900
2015-09-30,29.076635360717773,29.15635738768191,28.844718244823984,28.90269890613248,19752600
2015-10-01,28.84471893310547,29.33029730680547,28.699770041045607,29.14911188289819,19606600
2015-10-02,29.272310256958008,29.27231025695801,28.525827358035425,28.670776218467754,15537300
2015-10-05,29.721647262573242,29.75063758566866,29.30129863636723,29.315793797914935,15664000
2015-10-06,29.68541717529297,29.960819775053622,29.6636758105937,29.74339783405099,14579400
2015-10-07,30.091276168823242,30.156503033392124,29.78688321261172,29.81587354456905,14329700
2015-10-08,30.424663543701172,30.431912510658023,29.902848509641746,29.902848509641746,11960200
2015-10-09,30.45364761352539,30.526120680150772,30.279708383086092,30.308698715604354,13931200
2015-10-12,30.439157485961914,30.64933328450501,30.301457530711644,30.31595269937021,12299100
2015-10-13,30.185495376586914,30.373927017524178,30.10577334072755,30.29420498166481,12903600
2015-10-14,30.207229614257812,30.410156374238724,30.120261397790248,30.120261397790248,14180000
2015-10-15,30.381175994873047,30.460898038017362,30.149258831909943,30.344939456535812,11801600
2015-10-16,30.45364761352539,30.591347545981726,30.352184214381747,30.555111012669034,20384200
2015-10-19,30.431903839111328,30.482635534669946,30.294201152877893,30.366676978440243,15553800
2015-10-20,30.649324417114258,30.72904643933601,30.439148679378714,30.439148679378714,16199300
2015-10-21,30.576854705810547,30.816020820275,30.228978983138102,30.395669260793408,19254900
2015-10-22,31.337833404541016,31.77992353445509,30.736296445766826,30.758037812821705,35920200
2015-10-23,31.011688232421875,31.38855412940371,30.98269791003805,31.38855412940371,18796100
2015-10-26,30.86674690246582,31.084168843956892,30.77252971410736,30.989951655598432,14788600
2015-10-27,30.881242752075195,30.997201307753507,30.78702556162718,30.801520726670724,30166600
2015-10-28,30.96821403503418,31.047936068309287,30.59134800070568,30.982709201508772,13667300
2015-10-29,31.011688232421875,31.091410236642748,30.685554017277088,30.91747106700909,9427400
2015-10-30,30.69280433654785,31.06242408489586,30.69280433654785,31.018938595481483,15356200
2015-11-02,30.61309051513672,30.700058744718508,30.36667822742984,30.67106841330119,16252200
2015-11-03,30.55510902404785,30.671067581903685,30.301450542697626,30.569604189363595,9693100
2015-11-04,30.41739845275879,30.721788523825474,30.359417811792298,30.634820327044867,10488500
2015-11-05,30.678314208984375,30.692806608525594,30.424652982294894,30.439148146505996,9625100
2015-11-06,30.4101505279541,30.59858485285579,30.156492126743235,30.417399490656823,11926700
2015-11-09,30.10577392578125,30.286959369102508,29.96082501819015,30.221732498920037,10842700
2015-11-10,30.2724552154541,30.30144554130059,30.026042975098203,30.033289174225004,8283100
2015-11-11,30.4681453704834,30.5841039457461,30.381174365533486,30.39566953302514,9101200
2015-11-12,30.13475227355957,30.475378891536874,30.127503310494678,30.446388568616015,10725000
2015-11-13,29.98981475830078,30.279709803067345,29.97531959136189,30.04779266138593,11619500
2015-11-16,30.4101505279541,30.43914084942655,29.99704812331399,30.02603844478644,11244900
2015-11-17,30.199983596801758,30.547862025954355,30.084025041974233,30.330437316566474,12739400
2015-11-18,30.642078399658203,30.692810097829543,30.20723448256953,30.27246134659985,12966300
2015-11-19,31.243614196777344,31.381314120385966,30.671067607346064,30.671067607346064,24090700
2015-11-20,30.750783920288086,31.584237801408843,30.729042558671406,31.38855725284998,19780800
2015-11-23,31.13489532470703,31.2943393452814,30.8232562470405,30.8377514093354,13338100
2015-11-24,31.4247989654541,31.598735416444264,30.91747924817104,30.946469578226083,15767200
2015-11-25,31.4247989654541,31.5262623559767,31.337830739959017,31.395808635399057,10344900
2015-11-27,31.512435913085938,31.578163003243578,31.25682932430732,31.43210249335187,7236700
2015-11-30,31.125377655029297,31.512438455349294,31.11807588258827,31.490527566280747,16063000
2015-12-01,31.322559356689453,31.475921652838906,31.205711494974707,31.205711494974707,11153000
2015-12-02,31.23491668701172,31.35176452078219,31.103462525785922,31.278735669377685,12598500
2015-12-03,31.008529663085938,31.322558808297465,30.906288134109666,31.205710948628482,15004400
2015-12-04,31.614669799804688,31.753425718464566,31.096157761480487,31.096157761480487,16488000
2015-12-07,31.5489501953125,31.724220577658,31.40288968610958,31.629283614667727,12030700
2015-12-08,31.410184860229492,31.585457991631436,31.256822611422738,31.439397513108467,10736200
2015-12-09,31.15459442138672,31.600077817548854,31.037746545825595,31.242229631589286,12945500
2015-12-10,31.227609634399414,31.454003513053628,31.059641060896695,31.205701537903547,15483300
2015-12-11,30.869775772094727,31.278744701319887,30.774836009156704,31.132684170462838,17313400
2015-12-14,31.001232147216797,31.22762333935608,30.6506885200794,30.898990604202528,20092900
2015-12-15,31.45400619506836,31.578158586165546,31.22761229711003,31.286037607243323,17916400
2015-12-16,32.0163459777832,32.067466745119674,31.58546894889515,31.58546894889515,21868600
2015-12-17,31.760740280151367,32.05285853554765,31.709616729937487,31.99443599881748,14697000
2015-12-18,31.037744522094727,31.709619066295186,31.037744522094727,31.66580285698737,24583700
2015-12-21,31.242225646972656,31.359073507631066,31.008529925655832,31.271438308605447,10444400
2015-12-22,31.614669799804688,31.687698644178973,31.19109470199269,31.300640754425952,12280800
2015-12-23,31.892189025878906,31.936008014178526,31.658493326692575,31.687705985558985,9092300
2015-12-24,31.797256469726562,31.928710666969405,31.70961848098275,31.760742034019742,3036600
2015-12-28,31.760740280151367,31.782648383191095,31.629286090167593,31.72422306058821,6326100
2015-12-29,31.921396255493164,31.97251700687843,31.768034001337373,31.79724665523524,7739800
2015-12-30,31.819168090820312,31.96522863566394,31.73153287826341,31.95062230259226,5112500
2015-12-31,31.373666763305664,31.651181361415993,31.307939694960364,31.62196871195773,9727900
2016-01-04,30.964706420898438,31.037735271895237,30.650677347042436,30.920887438777104,16084100
2016-01-05,31.074260711669922,31.132686041873903,30.796745964947178,30.898990292804143,15781900
2016-01-06,30.906288146972656,31.045044109802095,30.70180508893501,30.818652948652627,16245100
2016-01-07,30.395076751708984,30.752924877794705,30.270927123517037,30.416987639998403,20563600
2016-01-08,30.31473731994629,30.760220553276653,30.2417084691163,30.416981611329195,14645900
2016-01-11,30.365863800048828,30.570346830878293,30.154076211905533,30.365863800048828,15815200
2016-01-12,30.760223388671875,31.001223633195355,30.577648458895542,30.891677560980618,21814800
2016-01-13,30.56304359436035,31.08886030878508,30.519227392073272,30.79673929279968,16854300
2016-01-14,30.584949493408203,30.796734270292447,30.40967635522701,30.66528289899658,16028000
2016-01-15,30.307443618774414,30.373170716370524,29.891172929289986,29.905779260519438,21153600
2016-01-19,30.61417579650879,30.760236359092502,30.416997240775324,30.504632463976144,15462200
2016-01-20,30.21979331970215,30.395063635146236,29.759703866386406,30.270914060529293,19923500
2016-01-21,30.22710609436035,30.31474128399019,30.00801672734953,30.270925082111496,15568900
2016-01-22,30.716400146484375,30.847854288656126,30.27091697422141,30.40967288612639,15209200
2016-01-25,30.789440155029297,31.037742204096983,30.621471531523618,30.84786547757356,12505200
2016-01-26,30.73101043701172,31.037734951074334,30.62146437577675,30.789432960030858,13018500
2016-01-27,30.738327026367188,31.00853724557483,30.533843918412582,30.804054137620227,14167000
2016-01-28,31.088863372802734,31.19840946106189,30.71641168729257,30.80404688637624,16622800
2016-01-29,31.344472885131836,31.592774982484737,31.147294347883086,31.30065667057578,20457000
2016-02-01,31.40288543701172,31.512431500559444,31.08885635977183,31.11076445813253,17097800
2016-02-02,30.993921279907227,31.249527871293793,30.97201317825532,31.183800780465535,12332900
2016-02-03,31.19839859008789,31.359062601446347,30.87706499562743,31.2568211071623,15958300
2016-02-04,31.05965232849121,31.32256072530516,30.964715351987312,31.05235055563433,14413700
2016-02-05,30.993921279907227,31.39558838267575,30.86246709825072,31.351769393499403,17315700
2016-02-08,31.147281646728516,31.18379607259322,30.599556901141533,30.79673535798538,17254400
2016-02-09,31.621971130371094,31.760729832974167,30.86245890159911,30.86245890159911,24853800
2016-02-10,31.074260711669922,31.687712749446312,31.045048046567935,31.651198311005366,16729600
2016-02-11,30.971996307373047,31.118056739193836,30.657967354013213,30.694481765500655,16825300
2016-02-12,31.483217239379883,31.50512533662294,31.081553003316,31.198400831732258,15222400
2016-02-16,31.665800094604492,31.73882896099542,31.417498048653577,31.636587433699045,12675900
2016-02-17,31.760740280151367,31.855677250571986,31.607375201255152,31.709616729937487,12332500
2016-02-18,31.848369598388672,31.93600478024122,31.621975693908038,31.8629759263428,11170300
2016-02-19,31.965227127075195,31.965227127075195,31.607378948390494,31.826471148252537,12850000
2016-02-22,32.08937454223633,32.25004140139732,31.862983370734398,31.965224904428542,20716100
2016-02-23,31.906801223754883,32.16970963016293,31.884893118511876,31.943318446990553,11166400
2016-02-24,32.06745910644531,32.08936720555005,31.673096607326865,31.8118553306494,10844200
2016-02-25,32.250038146972656,32.26464447686541,32.03825054233656,32.10397763391767,10903300
2016-02-26,31.5051326751709,32.17700993446996,31.483224572824753,32.16240360428164,18421000
2016-02-29,31.49782943725586,31.848372987844773,31.344464370351805,31.527039310400564,15049800
2016-03-01,31.906801223754883,31.906801223754883,31.52704494626248,31.680410040582508,12358300
2016-03-02,31.965227127075195,31.965227127075195,31.709620489193824,31.746137713086195,12856300
2016-03-03,32.103965759277344,32.1185720837675,31.797241302598678,31.848362045378455,13134800
2016-03-04,32.21352767944336,32.24274034282384,31.89949851278544,31.972527385363733,13691500
2016-03-07,32.140480041503906,32.23541975735224,32.03093678709878,32.06745120523382,10695300
2016-03-08,32.36688232421875,32.476428393036585,31.994430704808156,32.07476133128601,18900200
2016-03-09,32.72473907470703,32.73934540681219,32.34498279759191,32.41801167224471,18466600
2016-03-10,33.03145217895508,33.053360276540765,32.62978793660941,32.746635766853096,28908600
2016-03-11,33.2669677734375,33.303766954409056,33.06824882707407,33.11976824195376,16129300
2016-03-14,33.333213806152344,33.42889113348284,33.14921505845788,33.14921505845788,13206700
2016-03-15,33.29642105102539,33.53193926896874,33.17130041846876,33.178661942053715,13686300
2016-03-16,33.156578063964844,33.24489668816044,32.7885805209517,33.156578063964844,15386100
2016-03-17,33.68649673461914,33.789535601454915,33.09770120441576,33.15657935363682,24080000
2016-03-18,33.56138229370117,33.76010134821218,33.406823964947854,33.73802238913287,23853400
2016-03-21,33.61289596557617,33.76009555189652,33.38473927399829,33.42889718457538,9740400
2016-03-22,33.4877815246582,33.65706008336549,33.40682160362453,33.524580723055635,13788300
2016-03-23,33.458335876464844,33.64233464763889,33.377375967932515,33.41417796824607,9292100
2016-03-24,33.546661376953125,33.56137880974549,33.25962090072396,33.45098121821007,10890200
2016-03-28,33.70856857299805,33.80424870383044,33.495129360986546,33.531931355028355,13306600
2016-03-29,34.20904541015625,34.231124360528945,33.71593013451292,33.75272932100007,25010400
2016-03-30,34.28265380859375,34.39305139129829,34.09865502982096,34.319453002828595,14312200
2016-03-31,34.14281463623047,34.503453495886646,34.091295200222255,34.26057374819191,15544500
2016-04-01,34.46665573120117,34.49609340471504,33.93673830156821,33.95881725860332,14922900
2016-04-04,34.510807037353516,34.54024751282911,34.22376942046214,34.474007846808156,10629800
2016-04-05,34.24584197998047,34.4519224622386,34.179602326325664,34.312081633635266,10696700
2016-04-06,34.378334045410156,34.393054285862675,34.13545709694048,34.27529516984127,9122700
2016-04-07,34.1207275390625,34.282647332225665,33.973527982332165,34.223766386494326,9292000
2016-04-08,34.4960823059082,34.57704219912054,34.17960425476794,34.17960425476794,11959300
2016-04-11,34.17961883544922,34.687457361293426,34.15753987609916,34.51817878854506,11880100
2016-04-12,34.33417510986328,34.41513221854469,34.11337431724525,34.1575350372886,11219100
2016-04-13,33.88520812988281,34.42984281995387,33.72328834265189,34.42248410580606,13234100
2016-04-14,33.73065185546875,34.01768945334122,33.67177090841897,33.89993036683975,12982200
2016-04-15,33.92937469482422,33.97353541378254,33.62025808491185,33.72329695488264,13647800
2016-04-18,34.0176887512207,34.06184665299854,33.72328963724433,33.92936733246898,11538100
2016-04-19,34.29736328125,34.31208351704771,33.966167802394196,34.08392688117797,14418300
2016-04-20,32.65609359741211,33.39945003393045,32.42793697058983,33.37000956350248,40360300
2016-04-21,32.133544921875,32.589861083094924,31.55210813772153,32.57514084465578,37206900
2016-04-22,32.781219482421875,32.869538100358845,32.2292232070189,32.2292232070189,25134200
2016-04-25,32.90633773803711,32.913699260730944,32.66346083350792,32.75177945264596,11173800
2016-04-26,32.77385711669922,33.09033519772985,32.70025873824482,33.06089472330882,13935500
2016-04-27,32.8842658996582,33.0167452608263,32.567787737712074,32.85482541770999,11335500
2016-04-28,32.84745788574219,33.04617687416407,32.72233727484035,32.75177774888762,10932500
2016-04-29,32.97257995605469,33.01674067284047,32.75178198732277,32.77386094191642,11716000
2016-05-02,33.105064392089844,33.25962271322142,32.80330646662389,32.80330646662389,12577500
2016-05-03,33.00201416015625,33.171292664257116,32.86217612831587,33.024093110552634,10420500
2016-05-04,33.105064392089844,33.20074455604703,32.759145743043895,32.9137068717744,9350500
2016-05-05,33.1639289855957,33.48040699602663,33.0240881670905,33.068248868870704,8801100
2016-05-06,33.35530471801758,33.42154440324379,33.06090549310129,33.163947187141346,8564000
2016-05-09,33.29642105102539,33.48777855025488,33.244898808726575,33.355299201711915,8110600
2016-05-10,33.67177200317383,33.73801166695941,33.42889230009398,33.443612537335014,8933500
2016-05-11,33.458335876464844,33.76745527198843,33.450977160961195,33.65705488624463,8833100
2016-05-12,33.73065185546875,33.78217128033827,33.480413445703356,33.524571348392605,10463400
2016-05-13,33.37736892700195,33.73064896381859,33.28905032159671,33.67176802181653,10341200
2016-05-16,33.57609939575195,33.65705931493722,33.222822045524346,33.23754228606701,9413600
2016-05-17,32.93577194213867,33.53192882489916,32.90633147216582,33.45096893627268,17457000
2016-05-18,32.737056732177734,32.994656662559,32.55305798516172,32.79593767886993,12524300
2016-05-19,32.61930465698242,32.670824092611696,32.41322691446532,32.56778522135315,10659500
2016-05-20,32.34697723388672,32.781214348163246,32.33961571244597,32.759132591438814,12914100
2016-05-23,32.3617057800293,32.50154383973967,32.33962401763401,32.43530416775085,13554700
2016-05-24,32.65609359741211,32.69289278164817,32.38377626494788,32.45737463342001,12634200
2016-05-25,32.6634635925293,32.847462369041246,32.56778344261549,32.75914093484458,9218100
2016-05-26,32.89161682128906,32.95049777123118,32.7076180641173,32.77385772900306,8695800
2016-05-27,32.95785903930664,33.090338379340885,32.86218169963625,32.90633960791537,7893900
2016-05-31,32.82537078857422,33.105049631347605,32.57513241506071,33.105049631347605,18935200
2016-06-01,32.89897537231445,32.957853509340325,32.744417104073825,32.82537419153465,8916000
2016-06-02,32.9136962890625,32.9136962890625,32.75177649559672,32.89897605260215,6693900
2016-06-03,33.14921188354492,33.15657059740476,32.884253263026,32.93577268283825,13434900
2016-06-06,33.392093658447266,33.47305356080169,33.178657233947135,33.186015948889256,10310600
2016-06-07,33.35530471801758,33.47306384646428,33.26698607358232,33.37738367722662,9812600
2016-06-08,33.52457809448242,33.60553800916824,33.25961939463742,33.296421397748176,7915400
2016-06-09,33.67913055419922,33.70857102853811,33.34793504448024,33.36265528164969,8042900
2016-06-10,33.84840774536133,33.863125173135785,33.53192970385183,33.576087602370855,12357000
2016-06-13,33.46276092529297,33.870661931820806,33.44051265394045,33.72975149803966,10613500
2016-06-14,33.40342330932617,33.4701709366283,32.95843818426915,33.26251007995032,11298200
2016-06-15,33.38117599487305,33.625918265743046,33.2847649449504,33.462756751829716,8360400
2016-06-16,33.603668212890625,33.62591648028702,33.16610103628036,33.27734520239093,11305400
2016-06-17,33.218013763427734,33.536918781593414,32.91394186577306,33.49983456575165,20805400
2016-06-20,33.35893630981445,33.6036786436586,33.34410318390304,33.4405170877625,10712400
2016-06-21,33.47016906738281,33.58141322058796,33.37375520463573,33.49241733219819,7919400
2016-06-22,33.269935607910156,33.618506943970814,33.232854213019024,33.55917444884173,10738900
2016-06-23,33.43308639526367,33.49983118713903,33.255091796211524,33.39600218316202,9655300
2016-06-24,32.580204010009766,33.047437408214414,32.498623261054995,32.780446894954615,26003700
2016-06-27,32.46895980834961,32.550540564310886,32.127806491719475,32.38737905238833,15779500
2016-06-28,32.765628814697266,32.77304396385671,32.3873911375809,32.67663287913509,16509800
2016-06-29,32.958438873291016,33.15868175938364,32.810113324299586,32.921357486043156,12250900
2016-06-30,33.61849594116211,33.61849594116211,32.995519091842745,33.0177673556701,16056500
2016-07-01,33.46276092529297,33.67783697879771,33.42567952999573,33.61850731214795,11799700
2016-07-05,33.692665100097656,33.87065690274804,33.48500705396264,33.49242220026945,12339100
2016-07-06,33.57400131225586,33.78165934822858,33.314425938161406,33.74457796025182,10902600
2016-07-07,33.44050598144531,33.75941100980178,33.35151008466377,33.6852454048767,9741100
2016-07-08,33.65557861328125,33.7594076206242,33.425669504787386,33.5962461352977,11127100
2016-07-11,33.79648971557617,33.94481808452629,33.45533644738073,33.63332822681821,10937800
2016-07-12,33.80392074584961,33.900331818144146,33.50726389337408,33.84841729333034,9739000
2016-07-13,33.922569274902344,33.93739956534383,33.69266016526342,33.82615541226301,8028400
2016-07-14,33.885498046875,34.07090786885663,33.80392010167175,33.91516429738311,7621200
2016-07-15,33.840999603271484,34.041242539282464,33.7000863358216,34.026409414859884,10621000
2016-07-18,33.840999603271484,33.8929141241859,33.72975258466676,33.88549614741001,7958300
2016-07-19,33.840999603271484,33.90032927183258,33.69267118817492,33.71491946024418,7761100
2016-07-20,33.75199508666992,33.944822842069385,33.66299918447795,33.929989720182604,8478200
2016-07-21,33.7075080871582,33.752004636279445,33.56659480392888,33.62592730826323,8045100
2016-07-22,33.989322662353516,33.996737808831725,33.71491414747076,33.74458039164112,8836100
2016-07-25,33.79648971557617,33.98931744394982,33.72232694566527,33.974484324141976,9134300
2016-07-26,33.284759521484375,33.85582189800257,33.24767813685401,33.76682317993573,15819900
2016-07-27,32.18714141845703,32.676623162187994,31.96464740201928,32.5579610070147,37461100
2016-07-28,32.3725471496582,32.40221056288176,32.05364211719406,32.09072350556995,13077800
2016-07-29,32.35771179199219,32.446707683768864,32.246464805425056,32.42445941810679,16530500
2016-08-01,32.224220275878906,32.50604393316315,32.20938715400829,32.40221208006884,12349700
2016-08-02,32.28356170654297,32.32064593930676,32.12040296472726,32.15006639015664,12825200
2016-08-03,32.36513137817383,32.40963074473191,32.164888472355614,32.379964500359854,12119100
2016-08-04,32.26871871948242,32.48379475562451,32.18714078806576,32.30580294091504,11244100
2016-08-05,32.2464714050293,32.44671432435508,32.194556888440644,32.372551537551,10398200
2016-08-08,32.216800689697266,32.27613317421339,32.053642015535075,32.20938554369704,8680300
2016-08-09,32.23904800415039,32.36512527526479,32.17230038146388,32.26129626866982,7281300
2016-08-10,32.342891693115234,32.40222136847639,32.2613109140053,32.36513996773448,8412100
2016-08-11,32.44671630859375,32.535712224026874,32.3503024165492,32.42446803701775,11303300
2016-08-12,32.654361724853516,32.773023842458954,32.476369963009375,32.565365843931446,10928900
2016-08-15,32.810115814208984,32.8768634479719,32.63953632749253,32.706283961255444,10390600
2016-08-16,32.506038665771484,32.81752568719379,32.506038665771484,32.81752568719379,9706100
2016-08-17,32.67662811279297,32.68404326087081,32.46896718793176,32.639543885015684,11208500
2016-08-18,32.70627975463867,32.82494188505191,32.632116984053525,32.639532129460704,9144300
2016-08-19,32.57279968261719,32.67663157059986,32.43930719918452,32.6692135926077,9385900
2016-08-22,32.43929672241211,32.59504026039183,32.43187874681569,32.587622284795415,8687500
2016-08-23,32.520877838134766,32.617291726438495,32.43929990247826,32.520877838134766,8421100
2016-08-24,32.520877838134766,32.58762547940211,32.37996740840549,32.49862956742199,11508900
2016-08-25,32.38737487792969,32.587617754262645,32.35771146705427,32.52087012881832,9815700
2016-08-26,32.127811431884766,32.57279384120561,32.120396284352054,32.4244682575181,11824900
2016-08-29,32.29096984863281,32.34288436373279,32.135226303332864,32.14264145014906,9544600
2016-08-30,32.06847381591797,32.28354699060965,31.97947509280921,32.231632483360436,9720100
2016-08-31,32.209388732910156,32.23163700224233,31.949816160271972,32.209388732910156,10217900
2016-09-01,32.150047302246094,32.19454665766493,32.038803157391115,32.04621830206355,8457800
2016-09-02,32.379966735839844,32.50604686856114,32.23905630903743,32.276137702498175,9026000
2016-09-06,32.47637176513672,32.483786910155004,32.187133014243976,32.439290381788865,8600400
2016-09-07,32.36513137817383,32.483793526533276,32.28355062071506,32.42446386691794,8656600
2016-09-08,32.35771179199219,32.43187456361802,32.224216539762985,32.38737520316548,10020400
2016-09-09,31.349092483520508,32.209393929074736,31.349092483520508,32.209393929074736,23624200
2016-09-12,32.03138732910156,32.061053568034545,31.40099531198117,31.41582843144766,15932300
2016-09-13,31.612680435180664,31.979053824993958,31.56034178695625,31.979053824993958,12962700
2016-09-14,31.485572814941406,31.709881712732653,31.395849826273384,31.60520441724623,9823900
2016-09-15,31.67249870300293,31.694928738052074,31.313603881004106,31.4108026010454,10158500
2016-09-16,31.50800895690918,31.597731962970105,31.380901602676452,31.530438995363678,16354000
2016-09-19,31.478107452392578,31.679986400842054,31.463155991538766,31.52297039168477,7659900
2016-09-20,31.657543182373047,31.799604819311032,31.582774500246188,31.635113148183468,8407200
2016-09-21,31.799612045288086,31.859429286376045,31.47810150504792,31.612687445252785,13654700
2016-09-22,32.121124267578125,32.15850861909424,31.91924534669927,31.934199657754355,9288300
2016-09-23,31.956619262695312,32.10615660658121,31.889326317049857,32.00895790350378,8852700
2016-09-26,31.440717697143555,31.941677117034974,31.410809076084316,31.93419853564862,15036000
2016-09-27,31.84446144104004,31.87437004887176,31.40331945836852,31.545381067206463,11920400
2016-09-28,31.515491485595703,31.971585154011834,31.425765616052566,31.874386407038376,15523800
2016-09-29,31.42575454711914,31.694926356452953,31.29116864245223,31.418278820078662,12671700
2016-09-30,31.642595291137695,31.77718122804769,31.448194966847137,31.560348012776817,14375700
2016-10-03,31.42575454711914,31.635111983402265,31.32107725509872,31.635111983402265,11152800
2016-10-04,31.283695220947266,31.657544349853307,31.23883229867124,31.657544349853307,13682700
2016-10-05,31.261266708374023,31.455667009885882,31.15658655129864,31.350989705053138,9607300
2016-10-06,31.18650245666504,31.358472762261506,31.08930370931267,31.164072415313463,9722900
2016-10-07,31.201448440551758,31.358464392591365,31.08181683153455,31.2762199788391,8122800
2016-10-10,31.201448440551758,31.39585158785631,31.10424686689948,31.343510084933897,8983600
2016-10-11,31.059396743774414,31.17902839110687,30.954719408888952,31.14911976621289,12249100
2016-10-12,31.238826751708984,31.283689666018866,31.02947218941351,31.12667374429726,12216300
2016-10-13,31.223878860473633,31.321080435323054,31.0369542908169,31.141634445708437,17655600
2016-10-14,31.15658187866211,31.33603069735056,31.11919754000599,31.291167779617894,9893800
2016-10-17,31.10425567626953,31.298658878633102,31.081825634551947,31.201457277451315,10792500
2016-10-18,31.38090705871582,31.403337101070115,31.201458163151166,31.26127541242053,11297300
2016-10-19,31.440717697143555,31.493056357875677,31.26127167527431,31.35099468620893,16367400
2016-10-20,31.350990295410156,31.485576219084482,31.32108167853971,31.380898912280607,10620500
2016-10-21,31.50052833557129,31.530434098118064,31.164063549798207,31.291170884288874,14401500
2016-10-24,31.822036743164062,31.979052682226353,31.590249271994267,31.642587918348365,13439200
2016-10-25,31.807086944580078,32.061304485289774,31.724839673726542,31.881855635041813,16484700
2016-10-26,31.732311248779297,32.17345331014977,31.709881215024943,32.151023276395414,16886200
2016-10-27,31.493040084838867,31.889321978499854,31.32854845849511,31.874367675697403,14537000
2016-10-28,31.575298309326172,31.754747153145097,31.478096733414144,31.59772834521256,13398400
2016-10-31,31.702411651611328,31.70988738023547,31.49305417097767,31.49305417097767,13327500
2016-11-01,31.493040084838867,31.72482749991448,31.33602418377553,31.702397471831606,12223400
2016-11-02,31.440717697143555,31.657550921458395,31.410809076084316,31.478102047346056,12034300
2016-11-03,31.42575454711914,31.56781903106881,31.37341590110893,31.56781903106881,11258000
2016-11-04,31.171545028686523,31.433241178013215,31.171545028686523,31.291176657673777,14464200
2016-11-07,31.747270584106445,31.777179202011315,31.433238652833698,31.433238652833698,14038500
2016-11-08,32.061309814453125,32.13607851734276,31.679982013883727,31.679982013883727,12036600
2016-11-09,31.605205535888672,31.642589878136675,31.17901775932799,31.2238778291286,21351000
2016-11-10,30.61076545715332,31.597726923131912,30.543472500280124,31.298649333217405,33245500
2016-11-11,30.678062438964844,30.752833985435302,30.37898480981158,30.618248054031334,13421000
2016-11-14,30.782732009887695,30.969656550687816,30.54346882584291,30.752826251063702,19514200
2016-11-15,30.984609603881836,31.044426823596403,30.782730765708205,30.79020934429354,16554000
2016-11-16,30.850034713745117,31.14163948548495,30.775266014679335,30.954714885577463,12681400
2016-11-17,30.74534797668457,30.879933875572995,30.655624994839677,30.86497956989182,12398800
2016-11-18,30.58832550048828,30.805158608106858,30.580849775368335,30.678048463135376,16345300
2016-11-21,30.924808502197266,30.924808502197266,30.453757677725875,30.588343627574844,12307000
2016-11-22,30.93227195739746,31.179013718291134,30.835073250598843,30.99208917903548,12743500
2016-11-23,30.74534797668457,30.88741245453467,30.678055027240358,30.820119505090457,9281300
2016-11-25,31.051908493041992,31.089295688640238,30.83507816068205,30.947231190749076,7402300
2016-11-28,31.21640968322754,31.246318305186957,30.857514776444045,31.036960803714205,19424400
2016-11-29,31.027883529663086,31.306869759041483,31.020341728776113,31.306869759041483,11421900
2016-11-30,30.424680709838867,31.06559890606921,30.424680709838867,30.914794455405854,22410400
2016-12-01,30.288955688476562,30.454840864703414,30.070292264597708,30.39452081284717,20409900
2016-12-02,30.432222366333008,30.53024569024071,30.30403757716822,30.386980168447383,11176300
2016-12-05,30.628267288208008,30.681048416212576,30.394523114575144,30.417142776189742,15977800
2016-12-06,30.59056854248047,30.74137300620415,30.477464475598737,30.72629227219619,11303500
2016-12-07,31.133460998535156,31.133460998535156,30.54532392417291,30.567946461573246,13726500
2016-12-08,30.899717330932617,31.073141462722116,30.801693995101683,30.967579197837722,13077100
2016-12-09,31.668821334838867,31.834706557503,31.13346814069449,31.291811557043165,28125800
2016-12-12,31.593414306640625,31.676354025279124,31.457690583260142,31.668815096804995,17561900
2016-12-13,31.487855911254883,31.6386604002084,31.32197356212676,31.45769731454929,18986000
2016-12-14,31.07313346862793,31.661270455949243,30.960032303787283,31.58586680303356,17937900
2016-12-15,31.329500198364258,31.52554681998109,30.990190950454558,30.990190950454558,14265300
2016-12-16,31.4727783203125,31.487856180616088,31.276731620088942,31.374754970200723,19675200
2016-12-19,31.41999053955078,31.51801387791887,31.35213154724526,31.435071274404034,8687300
2016-12-20,31.412452697753906,31.457694903879872,31.246567484981533,31.44261416850455,10603500
2016-12-21,31.344589233398438,31.540635906955785,31.306888835054647,31.36720889713351,9693600
2016-12-22,31.329500198364258,31.382281317332964,30.97511309619658,31.344580928977496,11894100
2016-12-23,31.367210388183594,31.43507225897066,31.178705511147978,31.38229112350918,6436600
2016-12-27,31.374752044677734,31.48785324454704,31.3219709094675,31.337051644721303,6999200
2016-12-28,31.20886993408203,31.419994495899815,31.20886993408203,31.284273617842974,8988000
2016-12-29,31.367210388183594,31.43507225897066,31.201328052314437,31.201328052314437,6875300
2016-12-30,31.261646270751953,31.54817447230166,31.17870366953841,31.435070402218464,11470200
2017-01-03,31.51801109313965,31.525552898077947,31.125920650666576,31.29180584303944,14711000
2017-01-04,31.404916763305664,31.646202799609735,31.359674552864988,31.578340922126937,9959400
2017-01-05,31.480314254760742,31.563256860319612,31.31442904364301,31.412452384426775,8968300
2017-01-06,31.4727783203125,31.52555946044429,31.321973830068934,31.442616846992507,10246600
2017-01-09,31.15607452392578,31.352121135557073,31.073131947955243,31.08821267780035,14822500
2017-01-10,30.94496726989746,31.24657340548277,30.809243502159223,31.24657340548277,19706800
2017-01-11,30.952489852905273,31.005270970664636,30.786607572670924,30.801685426583436,9266200
2017-01-12,30.877105712890625,30.944967597478122,30.764001613125878,30.92234505171113,8541200
2017-01-13,30.824310302734375,30.944953277689375,30.681044792480968,30.914791814861772,8123500
2017-01-17,31.080677032470703,31.14099708186446,30.763987424998408,30.794148887872993,12469400
2017-01-18,31.133460998535156,31.201322858024813,31.020356940600504,31.103299532905158,10390500
2017-01-19,31.02035903930664,31.133463104893437,30.93741644139044,31.02035903930664,10987100
2017-01-20,31.15607452392578,31.24655602664132,31.01281190492992,31.118374137490566,14695400
2017-01-23,31.23902702331543,31.291808156362254,31.073141818679098,31.14854549185744,11628900
2017-01-24,31.593414306640625,31.64619543502684,31.269185731493447,31.269185731493447,17040100
2017-01-25,31.759292602539062,31.857315918436843,31.59341030989136,31.62356889632841,12538200
2017-01-26,31.525554656982422,31.751759919703293,31.510473922620232,31.69143698225454,8976800
2017-01-27,31.254114151000977,31.631123964942226,31.231491606242002,31.600962489501338,12967400
2017-01-30,31.20132064819336,31.27672143057242,31.073135866522385,31.14099772120573,11626200
2017-01-31,31.344589233398438,31.435070764694743,31.186245834540905,31.208865498275973,12678000
2017-02-01,31.11083221435547,31.41244105738371,31.103293287639556,31.306878825230356,11136100
2017-02-02,31.21640968322754,31.28427155596154,31.103305603218796,31.223948612928545,9459700
2017-02-03,31.321977615356445,31.51048253185278,31.261654661426377,31.352139092321483,11882400
2017-02-06,31.3370418548584,31.41998155830928,31.216398886873648,31.314419320867028,15742800
2017-02-07,31.593414306640625,31.653734363500966,31.419987311822187,31.442609849956114,13315200
2017-02-08,31.683902740478516,31.78192609015605,31.54817898749621,31.600960127394174,14219700
2017-02-09,31.10329246520996,31.683887603056483,30.703663203666327,31.683887603056483,27240300
2017-02-10,30.598102569580078,31.065593699566236,30.575480036140867,30.929870004351677,28847300
2017-02-13,30.628267288208008,30.786613548577456,30.53778576539386,30.74137134899251,23617100
2017-02-14,30.560405731201172,30.613186859731112,30.32666155524166,30.447304545646634,32177800
2017-02-15,30.49254608154297,30.635811620537307,30.46238748902057,30.477465347103777,26600800
2017-02-16,31.065603256225586,31.12592331912423,30.537789043171166,30.575489442027326,22214800
2017-02-17,31.088214874267578,31.18623818700884,30.952491172427468,31.012814096069878,15065100
2017-02-21,31.261646270751953,31.291807739621607,31.0656024758112,31.0656024758112,17072600
2017-02-22,31.367210388183594,31.427533329485943,31.216408787640027,31.299348517396524,11186800
2017-02-23,31.412452697753906,31.668819446422045,31.382291227003265,31.419991627263485,12856800
2017-02-24,31.502918243408203,31.60094153541508,31.367194570277054,31.44259820888031,13215300
2017-02-27,31.41999053955078,31.48031347896378,31.35967047649385,31.48031347896378,12186400
2017-02-28,31.638656616210938,31.72159921903322,31.397370613285776,31.427532082740434,15946800
2017-03-01,31.78944969177246,31.9327123057936,31.57832523398236,31.676345660039186,14662000
2017-03-02,32.02320098876953,32.09106284166576,31.721592114485098,31.729133918337677,15507600
2017-03-03,32.03074264526367,32.038284449758805,31.857318534498898,32.023203717124176,11740000
2017-03-06,31.80453872680664,31.99304357801988,31.759296527027388,31.925181716528883,16307800
2017-03-07,31.66127586364746,31.849780713600133,31.631114397329654,31.66881479204904,11273700
2017-03-08,31.66127586364746,31.691434453609524,31.47277101369479,31.66881479204904,14636000
2017-03-09,31.691436767578125,31.75175970461825,31.608494167325926,31.73667897035822,14496400
2017-03-10,31.887481689453125,31.970424285160806,31.781919431772724,31.842239489151897,16369700
2017-03-13,31.97115135192871,32.03961217951983,31.8266242277889,31.887476684679218,12831500
2017-03-14,31.925514221191406,32.02439983096031,31.81902024036744,31.93311969050311,9844500
2017-03-15,32.039615631103516,32.161323459738774,31.92551617398869,31.933121643765602,22757800
2017-03-16,32.13850402832031,32.24499801525945,31.87226906097246,31.971154676419655,16004200
2017-03-17,31.97115135192871,32.2145669829764,31.95593751227033,32.16131999504367,37526500
2017-03-20,32.08525085449219,32.20695865922798,32.00157619465953,32.02439550125281,11484200
2017-03-21,32.32866668701172,32.427555185836496,32.108070382611444,32.18413957468549,17187300
2017-03-22,32.237388610839844,32.48080423748927,32.13850010571878,32.37431026354804,11605500
2017-03-23,32.077659606933594,32.24500901592697,31.99398780418141,32.108087299795024,11503300
2017-03-24,32.039615631103516,32.138504148664516,31.879874650096646,32.123290307367164,13804400
2017-03-27,32.19175338745117,32.206967229809564,31.986370868228466,32.032012395303646,12387400
2017-03-28,32.275421142578125,32.374309645812296,32.1308940238075,32.1308940238075,14123800
2017-03-29,32.267822265625,32.35149695438378,32.16893663504095,32.33628311081455,9580100
2017-03-30,32.40473937988281,32.41995322130358,32.14610987921689,32.214570714738564,11999900
2017-03-31,32.28303909301758,32.442783014387146,32.275433621401994,32.36671378951016,11551800
2017-04-03,32.260215759277344,32.4275651314236,32.15372175945477,32.38953197459323,11240000
2017-04-04,32.46559143066406,32.47319689972611,32.22978126533493,32.33627524266316,10946200
2017-04-05,32.381919860839844,32.60251620741013,32.35149217819355,32.44277522613242,10142800
2017-04-06,32.457977294921875,32.526438111293864,32.30584472675544,32.38951938029262,14597800
2017-04-07,32.412353515625,32.51124205157438,32.33628429499315,32.43517283094253,11028800
2017-04-10,32.47319793701172,32.55687260808335,32.374312327330095,32.50362561771837,9426900
2017-04-11,32.45038986206055,32.518850716480806,32.34389584446111,32.46560370768108,8909400
2017-04-12,32.663360595703125,32.701396640479224,32.336270342479814,32.35909254969403,13417200
2017-04-13,32.54926300048828,32.76985930495007,32.541654630407265,32.61011545242151,9891900
2017-04-17,32.76224899291992,32.76224899291992,32.541652701533756,32.54926107116379,11318100
2017-04-18,33.074134826660156,33.15780950596296,32.7774721649456,32.79268600679553,13181600
2017-04-19,32.88397216796875,33.309951112412975,32.853544478706134,33.271917951706776,13893100
2017-04-20,32.7774658203125,32.93720677620075,32.74703814250243,32.86114048341865,10838300
2017-04-21,32.76224899291992,32.78506829832442,32.62532735700732,32.69378817496362,13833800
2017-04-24,32.921993255615234,33.0360955976347,32.823107654390995,32.891568479254055,16703800
2017-04-25,32.792686462402344,33.03610213189587,32.57209010512894,32.59490941734906,18745100
2017-04-26,32.89156723022461,33.03609434311696,32.693790231800364,32.75464558569798,13626600
2017-04-27,32.716617584228516,32.92200010152562,32.648156745129484,32.838325420210836,10386200
2017-04-28,32.82311248779297,32.86114564015237,32.59490777014951,32.67858244638631,10337800
2017-05-01,32.87636947631836,33.08935751567715,32.78508640081224,32.82312246647866,13208200
2017-05-02,33.005672454833984,33.043705606818904,32.83071763430856,32.87635915773656,11823900
2017-05-03,32.952430725097656,33.08174694459386,32.823117407345414,32.960039097756,10389000
2017-05-04,33.211055755615234,33.32515811605505,33.013281619495594,33.02849255926024,10193100
2017-05-05,33.23387145996094,33.34797380801663,33.13498585350547,33.30994065924582,8133000
2017-05-08,33.38601303100586,33.401226873630826,33.11977803942837,33.1578111951189,14284300
2017-05-09,33.09695053100586,33.386007691160124,32.99806492237526,33.386007691160124,8694400
2017-05-10,33.14259719848633,33.18063035400012,32.98285620428212,33.074136357863985,7597700
2017-05-11,33.21867370605469,33.226282080539114,33.036113342853675,33.081754884526255,6860100
2017-05-12,33.15781784057617,33.2262786952375,33.058929294566624,33.195851003889274,7275800
2017-05-15,33.26429748535156,33.28711679313054,33.058915010111484,33.058915010111484,8493000
2017-05-16,33.35557556152344,33.553352555890065,33.29472311061727,33.37078939968571,10454100
2017-05-17,33.41644287109375,33.599003190878086,33.249093493171465,33.355587496669656,14538800
2017-05-18,33.317543029785156,33.43925083557894,33.195835223991374,33.370790013461004,13832200
2017-05-19,33.39362716674805,33.469693491257736,33.28713024999249,33.355591102748924,11796800
2017-05-22,33.60660171508789,33.63702939338306,33.32515294521537,33.386005400062594,12857900
2017-05-23,33.76633834838867,33.926079286362395,33.62941671534184,33.65984438973952,11996100
2017-05-24,34.25318145751953,34.298822985006815,33.85763025786102,33.85763025786102,12738300
2017-05-25,34.542236328125,34.59548332239145,34.20754052105822,34.23035983238854,16704200
2017-05-26,34.52701187133789,34.65632803318646,34.48137326270882,34.49658419775674,11341400
2017-05-30,34.55744934082031,34.58026865160337,34.314033686656074,34.352066838542335,13093500
2017-05-31,34.58786392211914,34.762818675922794,34.511794745416,34.557436251437885,14148000
2017-06-01,34.831295013427734,34.831295013427734,34.40531613919693,34.57266550081326,11049300
2017-06-02,34.90736389160156,34.90736389160156,34.69437588968137,34.86172526361518,9923700
2017-06-05,34.98341751098633,34.98341751098633,34.75521286582043,34.82367367902168,10015200
2017-06-06,34.9758186340332,35.03667399639111,34.823683129881815,34.914966173418684,9836700
2017-06-07,34.6182975769043,34.76282759886713,34.496589764681616,34.610692108153,12776300
2017-06-08,34.32924270629883,34.6182969414322,34.253173511466564,34.6182969414322,12879000
2017-06-09,34.473793029785156,34.49661235272405,34.20755792301464,34.27601879357635,9358800
2017-06-12,34.48137664794922,34.59547608246636,34.382488149973334,34.47376827793564,11228500
2017-06-13,34.53506851196289,34.59642469209733,34.358673882511916,34.51206140722432,10023400
2017-06-14,34.74212646484375,34.8725068294013,34.63475612086839,34.65009515938236,11497500
2017-06-15,34.70379638671875,34.77282062915375,34.54274079624501,34.65011118989417,9908700
2017-06-16,34.74980163574219,34.78047679084534,34.519718955920276,34.74980163574219,27025300
2017-06-19,34.803497314453125,34.803497314453125,34.58875361020579,34.7804872841551,7624700
2017-06-20,34.979888916015625,35.17929063239092,34.75747717133376,34.78048427401691,14920900
2017-06-21,34.680782318115234,35.03357151945264,34.64243324897677,34.98755439186042,9515800
2017-06-22,34.56574249267578,34.72679805794603,34.535064406255735,34.64243478310256,7446300
2017-06-23,34.70379638671875,34.80349872037459,34.5350698106279,34.55040885623832,9544800
2017-06-26,34.84183883666992,34.903192082860876,34.74213652028341,34.75747556323697,7747100
2017-06-27,34.55040740966797,34.818836308175975,34.512061260059305,34.772819173271365,11432200
2017-06-28,34.75749969482422,34.895548251627936,34.68847541642236,34.703814470025584,9218800
2017-06-29,34.38168716430664,34.69613030317289,34.243638671572775,34.611767010321756,9283500
2017-06-30,34.39701843261719,34.60409114250526,34.39701843261719,34.427696521257694,9352800
2017-07-03,34.3279914855957,34.71912977082063,34.3279914855957,34.59642035157078,6434500
2017-07-05,34.37401580810547,34.504396239005246,34.3049915624818,34.35100870143889,6853600
2017-07-06,34.051902770996094,34.39702105482896,33.96753948361516,34.2973216475822,13113000
2017-07-07,34.044219970703125,34.143922268972894,33.9291815578898,34.10557613136845,9566000
2017-07-10,34.03656768798828,34.18995523511767,33.92152629623521,34.09025289063995,9672000
2017-07-11,33.99821853637695,34.11325699236766,33.860170048689014,33.99054755060325,10300700
2017-07-12,34.13625717163086,34.33566180255044,34.08257198460403,34.19761334287481,7737400
2017-07-13,34.07491683959961,34.15160915709586,34.02889969372723,34.120933985471986,6371900
2017-07-14,34.266639709472656,34.29731779700762,34.12859124118876,34.14393028495624,8558700
2017-07-17,34.30498504638672,34.35100217660304,34.21295371157747,34.25129985727938,7189200
2017-07-18,34.25897216796875,34.39702065012718,34.2206260175078,34.343335454357096,9037200
2017-07-19,34.38168716430664,34.38935522473676,34.16694343915176,34.25897479243301,6986900
2017-07-20,34.37401580810547,34.496725253033766,34.32033060880083,34.43537199338159,7430300
2017-07-21,34.53506851196289,34.56574660203011,34.2589715526053,34.34333483747831,8545600
2017-07-24,34.389347076416016,34.55040263790318,34.381679017802796,34.54273457928996,9103600
2017-07-25,34.69612503051758,34.73447117808877,34.4660422938434,34.52739847045613,14096300
2017-07-26,35.07958984375,35.117935988573386,33.98287313318592,34.166935798587495,13608900
2017-07-27,35.371028900146484,35.60877971948098,35.048917718103446,35.1256100207926,15195200
2017-07-28,35.28666687011719,35.3710301614579,35.071926074430955,35.27899880982436,11945300
2017-07-31,35.15628433227539,35.34034993481282,35.11793818505362,35.27899375875918,13622900
2017-08-01,35.048919677734375,35.32501666385039,35.010573524245814,35.25599241732139,10306800
2017-08-02,34.96455001831055,35.27899310066107,34.80349444760933,34.97221807736246,10187900
2017-08-03,35.02590560913086,35.2406493100452,34.99523044524908,35.010569490001785,14261400
2017-08-04,34.8955192565918,35.09492093649825,34.87251215811645,35.025896715449306,9523600
2017-08-07,35.00288772583008,35.09491904038208,34.89551737124895,34.910856411278075,6226300
2017-08-08,34.972232818603516,35.14095944510051,34.933886655933655,35.00291091898928,5747900
2017-08-09,34.96455001831055,35.01823520854429,34.76514830110287,34.94154291553136,9635300
2017-08-10,35.07958984375,35.15628213339677,34.86484616661706,34.941541381887156,8901600
2017-08-11,34.96455001831055,35.20230080764814,34.94921097458327,35.17162272019359,8357600
2017-08-14,35.125614166259766,35.232984572945796,34.98756566462797,35.0259118204981,8421200
2017-08-15,35.42470932006836,35.47072645085065,35.12560528404201,35.12560528404201,9638100
2017-08-16,35.432376861572266,35.539747230673925,35.3710206931581,35.394030719124984,8087300
2017-08-17,35.171630859375,35.532091156322636,35.16395987292447,35.371032622726894,8477000
2017-08-18,35.02590560913086,35.20230316097524,34.99523044524908,35.125607937211676,10879800
2017-08-21,35.03357696533203,35.1256083091993,34.94154562146476,35.02590598006262,9429700
2017-08-22,34.972232818603516,35.087274232237775,34.92621859364956,35.048928069567914,10536700
2017-08-23,34.926204681396484,35.01823602026998,34.849509460982304,34.99522891695749,6528400
2017-08-24,34.826499938964844,34.9798874435169,34.74980764950047,34.92620225576718,7534400
2017-08-25,34.9492073059082,35.09492381758605,34.94153924766122,34.9722144062723,8807100
2017-08-28,34.83416748046875,35.04124016969606,34.80349232051243,34.995225966949945,8024000
2017-08-29,34.8571662902832,34.949197591782635,34.703778837369256,34.8188201584603,7762200
2017-08-30,34.811153411865234,34.92619474695226,34.734461138889,34.7881463150969,7134900
2017-08-31,34.93387222290039,35.01056744217793,34.77281665085276,34.81883378241929,14264600
2017-09-01,35.110267639160156,35.125606683365326,34.9262049599452,35.00289725534751,7391200
2017-09-05,35.2176513671875,35.225322355008444,35.01058150601634,35.087273830477905,9916700
2017-09-06,35.248313903808594,35.30967007678658,35.1179364246654,35.26365294705309,9238900
2017-09-07,35.49373245239258,35.52441053862912,35.24831361374691,35.28665975873092,9418400
2017-09-08,35.509071350097656,35.56275653798009,35.29433059856792,35.42470807610431,10534900
2017-09-11,35.67779541015625,35.73148059429505,35.44771563161526,35.54741501608839,10430300
2017-09-12,35.8311767578125,35.85418385403297,35.62410411496048,35.662450250535464,8567600
2017-09-13,35.94622802734375,36.030591311170376,35.77750438531416,35.800511489767366,10218000
2017-09-14,35.644744873046875,35.923038729916655,35.513327018901556,35.868926363181174,13768800
2017-09-15,35.6988639831543,35.83801093787349,35.55971702843511,35.791627636665964,16141400
2017-09-18,35.644744873046875,35.74524053222825,35.49013684713002,35.67566706801081,8535300
2017-09-19,35.54424285888672,35.7065799300688,35.47466940710836,35.66792866772577,7297900
2017-09-20,35.389644622802734,35.67567053062606,35.21184640785757,35.37418352382014,11026600
2017-09-21,35.09587478637695,35.397358691351336,35.064952604097115,35.33551432679167,7555300
2017-09-22,35.16545867919922,35.273683400459795,35.072692104773736,35.134536487724056,8024800
2017-09-25,35.32008361816406,35.37419600925072,35.05725074049852,35.17320754934372,9215300
2017-09-26,35.227298736572266,35.45920926576799,35.219569663456774,35.32006235847008,6480100
2017-09-27,34.50837326049805,35.173185591860886,34.307384926061566,35.149995424130374,14816200
2017-09-28,34.71710205078125,34.78667551977692,34.516113667517644,34.531571817158444,8789500
2017-09-29,34.794395446777344,34.871700919172,34.624329305313594,34.67844166153873,10082200
2017-10-02,34.63206100463867,34.9953893801932,34.59340973996111,34.825320276928956,10707800
2017-10-03,34.93354797363281,34.987660338571814,34.6011417610631,34.678447245906476,12038100
2017-10-04,35.17318344116211,35.21956672268929,34.740281660281504,34.87169948349078,14060300
2017-10-05,35.18865966796875,35.366457900265615,35.17319856747728,35.18092764327132,10215300
2017-10-06,35.16545867919922,35.18864884835435,35.00311864840587,35.088153200511314,5437900
2017-10-09,35.10362243652344,35.289152679495025,35.04951006334488,35.21184718288055,5268300
2017-10-10,35.4592170715332,35.482410193790024,35.19638429421243,35.25049666463997,6310400
2017-10-11,35.63700866699219,35.63700866699219,35.459210490172694,35.46694251245754,6638200
2017-10-12,35.644744873046875,35.667935044818414,35.513327018901556,35.54424921386549,7710200
2017-10-13,35.6988639831543,35.853472038275996,35.67567380700223,35.75297636011138,7126000
2017-10-16,36.03899002075195,36.13948567291482,35.63701036100309,35.65247145740527,12708600
2017-10-17,35.9616813659668,36.04671590725225,35.799344304732095,35.96941043840088,7699400
2017-10-18,35.86893081665039,35.977155563558476,35.74524497034069,35.8766598918996,6272200
2017-10-19,36.01580047607422,36.17040849387844,35.80708009437392,35.845731361599306,7515500
2017-10-20,35.85346221923828,36.015799305650965,35.77615673839707,36.00807023201813,9646800
2017-10-23,35.80708312988281,36.06218682322133,35.73750966341803,35.85346642382698,7153600
2017-10-24,35.6988639831543,35.7838985609164,35.52106575188053,35.76070543586095,9539500
2017-10-25,35.598358154296875,36.14721379201727,35.50559452723629,35.84572979239346,11994200
2017-10-26,35.73749923706055,36.13947882059098,35.729770164776255,35.807072683227396,10569100
2017-10-27,35.61381149291992,35.81480274815774,35.49012570081277,35.66019477079831,9988000
2017-10-30,35.45148468017578,35.61382177627152,35.42056248599486,35.55970941090627,7201900
2017-10-31,35.54424285888672,35.691118835351126,35.43601814476533,35.49785957473371,6560500
2017-11-01,35.40510177612305,35.62928326303247,35.27368687277097,35.36645050742554,7067600
2017-11-02,35.46693801879883,35.52105037232688,35.36644238414583,35.41282566527077,8317800
2017-11-03,35.53651809692383,35.683394091205805,35.49786388098936,35.53651809692383,4730400
2017-11-06,35.149986267089844,35.49785048803346,35.111332065739184,35.49012141710425,7451300
2017-11-07,35.51332473754883,35.52105676024452,35.02631346821482,35.103616001755974,9868000
2017-11-08,35.6988639831543,35.70659305890386,35.4592213502705,35.5442559280326,7586900
2017-11-09,35.73749923706055,35.8611850359236,35.57516217897193,35.65246469742306,6532400
2017-11-10,35.97715377807617,36.054456322344656,35.66793770319618,35.714320999099094,8022900
2017-11-13,36.11629104614258,36.19359356971202,35.97714414459579,36.02352447917656,7653600
2017-11-14,36.6651496887207,36.703800953729164,36.03898857953463,36.10856203611087,17200700
2017-11-15,36.18586730957031,36.68833964963232,36.16267419157493,36.58011492866212,12419100
2017-11-16,35.98488235473633,36.31728859851414,35.953960157895835,36.294098425335264,12506400
2017-11-17,35.33552169799805,35.85345803807438,34.97992537430518,35.82253584934398,19720700
2017-11-20,35.14225769042969,35.46693473039691,35.11133550588008,35.28913659258941,19160900
2017-11-21,35.389644622802734,35.52106248970323,35.20411733281782,35.21957843180042,10280800
2017-11-22,35.43601608276367,35.505589530493594,35.20410557329797,35.4746673428576,8434400
2017-11-24,35.46693801879883,35.598352891966364,35.45147692509051,35.47466709120194,2996300
2017-11-27,35.48240661621094,35.551980078160476,35.4128331542614,35.46694551923296,5649200
2017-11-28,35.42829895019531,35.67567063684712,35.389644728172186,35.551984793521214,8432800
2017-11-29,35.17318344116211,35.420555044836135,34.949002003800615,35.38190378468122,16502100
2017-11-30,35.67198944091797,35.72654544593574,35.095250708199615,35.18098242267877,17147600
2017-12-01,35.82786178588867,35.86682993266345,35.235535251827535,35.69536651915959,12468800
2017-12-04,36.03050231933594,36.14740974697167,35.67199056843613,35.843454002814035,17523600
2017-12-05,36.05387878417969,36.19416649320241,35.898006194669165,36.04608634393579,13670800
2017-12-06,36.201961517333984,36.2253418108934,36.05387839658027,36.13181766357671,8154000
2017-12-07,35.67978286743164,36.10064603754913,35.63302227502705,36.07726574134684,9106500
2017-12-08,35.3134765625,35.64081258205011,35.11083743061538,35.61743228724773,13238600
2017-12-11,35.32905578613281,35.39140421473436,35.00950931214045,35.31346793571281,9698700
2017-12-12,35.29788589477539,35.477141744490446,35.118630045060335,35.26671018880435,13999300
2017-12-13,35.77330780029297,35.89021224720056,35.38362036444263,35.422588513411824,12418700
2017-12-14,35.87462615966797,35.98373817138669,35.695370287118735,35.70316570114398,9029000
2017-12-15,35.99932861328125,36.17858449871187,35.882424152215826,36.07726789373775,21181600
2017-12-18,35.79669189453125,36.147411218637856,35.781104038673234,36.00712348899521,10156800
2017-12-19,35.95256042480469,36.147404125175065,35.781097017093494,35.882416573748195,8253200
2017-12-20,35.913597106933594,36.08505756461396,35.82006997756686,36.014913704128574,7311000
2017-12-21,35.53950881958008,36.02272359628278,35.50833607034161,35.96037215164481,9657100
2017-12-22,35.53171157836914,35.64082361867374,35.50053586025922,35.60964790056382,5406300
2017-12-26,35.70316696166992,35.742135113933934,35.54729137953445,35.61743524284144,6100400
2017-12-27,35.79669189453125,35.804484335920506,35.633023867641334,35.77331159728398,5660600
2017-12-28,35.633026123046875,35.84345773083019,35.57067469566825,35.781106303451566,6538900
2017-12-29,35.757713317871094,35.991525141424994,35.60963021692666,35.61742562912302,8371500
2018-01-02,35.492733001708984,35.8044811720834,35.46934973344845,35.78110087690211,10872200
2018-01-03,35.414791107177734,35.609634814140136,35.336854813624385,35.45376222703343,12635600
2018-01-04,35.913597106933594,36.022709118115465,35.42259008353586,35.50832179891571,12709400
2018-01-05,35.905799865722656,36.007119430840866,35.68757585446421,35.86683171700924,13113100
2018-01-08,35.85124588012695,35.92918218193897,35.757721723336665,35.812277729220945,7068600
2018-01-09,36.03050231933594,36.13182189174828,35.804482878215865,35.85124644388603,9962400
2018-01-10,35.905799865722656,36.0538800200653,35.79668786009343,36.03049972545308,10700700
2018-01-11,35.882423400878906,36.030503571026294,35.74213567207422,36.030503571026294,7583200
2018-01-12,35.96814727783203,36.1551955600642,35.874620163637104,36.069463858591604,14570100
2018-01-16,36.264305114746094,36.33444895913564,35.960349446750925,35.96814485894901,16459300
2018-01-17,36.490333557128906,36.63062128073125,36.279901971725394,36.303285241045366,12143100
2018-01-18,36.537105560302734,36.68518575915538,36.32667392630367,36.43578596472984,11952900
2018-01-19,36.75532150268555,36.825465365161406,36.52930205992116,36.62282919194192,16187400
2018-01-22,36.92679977416992,37.02032397068593,36.700780240599016,36.7397484080573,9577400
2018-01-23,36.98133087158203,37.176174550596606,36.731931200289665,36.79427963157346,11463700
2018-01-24,37.277496337890625,37.371020476979844,37.0047133870188,37.043681530549414,15964500
2018-01-25,37.285301208496094,37.41000109321696,37.176189181000304,37.176189181000304,11755000
2018-01-26,37.82307052612305,37.89321440010447,37.20736649126377,37.23853923397115,16671200
2018-01-29,37.176177978515625,37.76850150918197,37.08265383642702,37.57365781220136,11662600
2018-01-30,36.95016098022461,37.534692109192356,36.94236853999316,37.199560690737854,12404800
2018-01-31,37.0904541015625,37.33206140710159,36.91899066065866,36.98134208392533,10960100
2018-02-01,36.98133087158203,37.1995548406932,36.716343349199065,36.95015516940084,10279400
2018-02-02,36.42019271850586,36.95016794653385,36.34225640918159,36.90340437709152,12912300
2018-02-05,34.986141204833984,36.56827140986354,34.612041583732,36.35784278862077,23261500
2018-02-06,34.81467819213867,34.86923717481634,33.85604734381226,34.19117881596046,25184300
2018-02-07,34.728939056396484,35.46155023265287,34.51071211019437,34.74452690777368,18041600
2018-02-08,33.59105682373047,34.77570702225643,33.56767652823907,34.77570702225643,23295300
2018-02-09,33.61445236206055,33.87164462558269,32.88183778973608,33.79370829677728,22853100
2018-02-12,34.26911544799805,34.47175161469235,33.80148872219077,33.9495718565821,14689000
2018-02-13,34.4405632019043,34.61202656876538,34.05087589400418,34.230131698868846,13163200
2018-02-14,34.37041473388672,34.44055855877538,34.00411073553733,34.30806631902892,13457900
2018-02-15,34.90040588378906,34.93937700592725,34.38601858620452,34.48733815222125,13467300
2018-02-16,35.0562858581543,35.57067322037495,34.85364967373749,35.51611721022121,17202300
2018-02-20,34.284706115722656,34.93938120710223,34.24573498889851,34.87702978264725,14137300
2018-02-21,33.77810287475586,34.49512624083368,33.77031043515885,34.3782218084056,12792900
2018-02-22,33.91838836669922,34.152200189431355,33.68457654396708,33.84824452257171,12377800
2018-02-23,34.323665618896484,34.33925347108163,33.84045112039324,33.96515393787444,8277200
2018-02-26,34.31586837768555,34.59644375590971,34.14440795894306,34.47174391815215,12713300
2018-02-27,33.99633026123047,34.53410081266337,33.99633026123047,34.40940095508514,12774400
2018-02-28,33.6845817565918,34.22234932940208,33.6845817565918,34.16000088779523,11929400
2018-03-01,33.84824752807617,34.01191552121346,33.372828428228814,33.59105241907853,17746800
2018-03-02,34.07426834106445,34.1366167811378,33.70016878138732,33.70796122149186,14050100
2018-03-05,34.20676803588867,34.24573619100113,33.902812263699964,33.95736827547334,11992700
2018-03-06,34.237945556640625,34.331469728463624,33.972957925575614,34.25353341412443,10010500
2018-03-07,34.152217864990234,34.23015418854419,33.87943775947121,33.97296194235199,10881700
2018-03-08,34.643218994140625,34.65101143590673,34.136624060033824,34.21456334309315,12361100
2018-03-09,34.93159103393555,34.93159103393555,34.59645950990293,34.73674726289705,9778600
2018-03-12,34.70556640625,35.14201745904855,34.549693790967254,35.03290543911881,11857700
2018-03-13,34.73674392700195,34.93938309434662,34.60425160249789,34.814680238700845,11342100
2018-03-14,34.4222297668457,34.93329652099063,34.3829176317554,34.893984385900325,15321200
2018-03-15,34.335758209228516,34.59522382761166,34.24140843860061,34.50087405698376,12456700
2018-03-16,34.17063522338867,34.61093902123575,34.16277399455401,34.3593377079872,26603300
2018-03-19,34.01337814331055,34.36719337004437,33.95047932484884,34.17062968845044,12380300
2018-03-20,33.934757232666016,34.18635853008905,33.816817812294694,34.060557881377534,13559800
2018-03-21,33.8089599609375,34.162775258067995,33.64384715538472,33.91117393551394,13054000
2018-03-22,33.620262145996094,34.09987817111903,33.57308876603303,33.71461490457176,12274100
2018-03-23,33.282161712646484,33.93475153089963,33.25071080592202,33.667424822388774,13475200
2018-03-26,33.565216064453125,33.659568799213666,33.219265034969844,33.502317240603446,11276100
2018-03-27,33.72245407104492,34.05268251135012,33.43940197916126,33.57306680002757,11627000
2018-03-28,34.06055450439453,34.35933214020817,33.80895323191687,33.80895323191687,16277400
2018-03-29,34.14704513549805,34.532308295821856,34.036969946834105,34.2335336406837,10450500
2018-04-02,33.54948043823242,34.20207315886986,33.392231926615636,34.15489680579096,14207900
2018-04-03,34.10773468017578,34.23353533047618,33.68315636066541,33.79323155476274,15484600
2018-04-04,34.7839241027832,34.909724788535634,33.8954550725364,33.91904176382594,13563300
2018-04-05,34.90971755981445,35.074830363301345,34.54803803875953,34.815364815543965,11707800
2018-04-06,34.53230667114258,35.004061313780824,34.3671938959149,34.81535885686076,11495100
2018-04-09,34.46155548095703,34.83895749246895,34.42224033447332,34.618804069593565,11913400
2018-04-10,34.58734893798828,34.73673626576688,34.3750597884141,34.650247760459926,10379500
2018-04-11,34.58734893798828,34.70528535486909,34.40650769998795,34.44582283827216,8424300
2018-04-12,34.6187858581543,34.917563418174055,34.555887055652924,34.658100983956025,8476400
2018-04-13,34.99620056152344,35.13772666843455,34.70528711923907,34.74459926019791,10774200
2018-04-16,35.12985610961914,35.294968857387445,34.9097057792614,35.10626943117318,8962100
2018-04-17,35.2871208190918,35.40505725472202,35.10628255166593,35.34215842225078,8406400
2018-04-18,34.99620056152344,35.35788005658746,34.85467745393641,35.30284245938026,7429000
2018-04-19,34.838958740234375,34.964759415243925,34.610944079490594,34.8625454295097,10370400
2018-04-20,34.39078140258789,34.917570604328496,34.26498077237195,34.83894633518989,14690700
2018-04-23,34.579490661621094,34.58735489036092,34.24926503833533,34.390791162407645,11878500
2018-04-24,33.86399459838867,34.67383609700953,33.5966678416608,34.579486359142074,18523900
2018-04-25,33.36078643798828,33.72246287231276,32.951933642929646,33.60452646946273,20774700
2018-04-26,33.612388610839844,33.887576557631874,33.22712248600733,33.33720066404781,13561000
2018-04-27,34.052696228027344,34.0762829120776,33.58094155175405,33.59666700756223,9777900
2018-04-30,33.97407150268555,34.351473472477615,33.785372017451635,34.202086130057076,16037700
2018-05-01,33.48658752441406,33.80109060162124,33.164223219972335,33.777500921270345,11514200
2018-05-02,33.06987762451172,33.48659170440279,32.975524889977734,33.337204373709994,13736400
2018-05-03,32.936222076416016,33.33721381341958,32.64530856087166,33.1956876708683,18352200
2018-05-04,33.305755615234375,33.41583081331578,32.841865138088316,32.85759059486055,10946200
2018-05-07,33.132789611816406,33.40798069788751,32.991263453111316,33.290041232524864,9336000
2018-05-08,32.873313903808594,33.093464285587565,32.77896116933989,32.99911455044286,15062200
2018-05-09,32.84972381591797,33.20353906750765,32.76323531004894,32.99911414399137,9295200
2018-05-10,33.16423034667969,33.3057564619033,32.975527859940115,33.014843002532224,7924200
2018-05-11,33.132789611816406,33.39225523588414,33.054165301124776,33.211416921833234,6331900
2018-05-14,33.05415344238281,33.274303832796825,32.9440782471758,33.219266235193324,10715500
2018-05-15,32.80255126953125,32.95979983032968,32.59026211326453,32.84972463804117,16449700
2018-05-16,32.66889190673828,32.97553085109606,32.661030677101344,32.81828226376098,11590500
2018-05-17,33.25857925415039,33.297891396429776,32.92048943176411,33.030564629876075,14857400
2018-05-18,33.16423034667969,33.32148191907529,33.08560606014402,33.25858009038734,11950200
2018-05-21,33.34506607055664,33.431554578766296,33.234990878044,33.266441789997344,9110200
2018-05-22,33.21926498413086,33.49445296178459,33.18781407259215,33.41582868226181,8222900
2018-05-23,33.33720397949219,33.37651611875447,32.96766327191398,33.21926456238136,8971400
2018-05-24,33.27430725097656,33.39224668614202,33.17209327378812,33.337209082884655,9269600
2018-05-25,33.33720397949219,33.47873008029559,33.17995242311908,33.290027612783064,8806500
2018-05-29,33.55735397338867,33.691015845210025,33.101324765076896,33.117050220465984,14826900
2018-05-30,33.91118621826172,34.02912269380598,33.57309625624906,33.628133878034795,10114200
2018-05-31,33.8089599609375,33.97407276649028,33.55735863838345,33.96621153736487,15571300
2018-06-01,33.90331268310547,34.060564273336425,33.84041384660786,33.88758722414991,10664700
2018-06-04,34.194217681884766,34.272841950911776,34.03696614450713,34.09200373269076,11727600
2018-06-05,33.895450592041016,34.23354045268343,33.88758636310075,34.20208953557145,9975900
2018-06-06,34.17063522338867,34.17063522338867,33.840409624496544,33.85613508149011,9202900
2018-06-07,34.154903411865234,34.38291799686338,34.068417913477646,34.068417913477646,11948100
2018-06-08,34.555904388427734,34.59521653462491,34.24926544903548,34.25712667854511,12078800
2018-06-11,34.697425842285156,34.79177558031934,34.50872336689269,34.55589973557183,7526100
2018-06-12,34.917579650878906,34.925440880100034,34.658117096040286,34.6974292407947,8243300
2018-06-13,34.73674392700195,35.00407072994459,34.71315723828851,34.870405828810966,16745000
2018-06-14,34.57015609741211,34.78433291486079,34.522559567958744,34.705008391808434,12696200
2018-06-15,34.998512268066406,35.02231204547798,34.46703131378043,34.554290103537596,21562500
2018-06-18,34.546356201171875,34.871591586229506,34.427369417001465,34.8081325732126,12161900
2018-06-19,34.58601379394531,34.70500358809037,34.268712719618755,34.34803723169135,12936400
2018-06-20,34.316307067871094,34.72880119816257,34.29251031886613,34.60188016007567,10893700
2018-06-21,34.18146514892578,34.348048494523134,34.07834082858769,34.324251738305556,10465200
2018-06-22,34.30838394165039,34.435305009757215,34.173531630678056,34.22905940884748,14924400
2018-06-25,34.57015609741211,34.705008391808434,34.23698644331172,34.23698644331172,12092400
2018-06-26,34.37183380126953,34.776393616775984,34.33216852289551,34.55428258285369,13974700
2018-06-27,34.16558837890625,34.593948005905666,34.10212937455606,34.371836951625745,15332600
2018-06-28,34.482887268066406,34.649470533603996,34.24490771611475,34.30043849732966,12668900
2018-06-29,34.792259216308594,34.98263923845705,34.355968387346174,34.56221391567965,11485600
2018-07-02,34.70500564575195,35.030241006190685,34.570153362025906,34.72880239557741,9232500
2018-07-03,34.8953971862793,35.165104845184835,34.8953971862793,34.950924966697755,8214300
2018-07-05,35.426876068115234,35.43480731081689,35.00645060607864,35.030247360220514,11653000
2018-07-06,35.41099548339844,35.64897200162925,35.36340199537364,35.43479222741084,8733900
2018-07-09,35.22062301635742,35.4823963346195,35.173026492111475,35.33167854689505,7373100
2018-07-10,35.67277908325195,35.69657583214179,35.299947211784655,35.30787845273586,10606100
2018-07-11,35.529991149902344,35.696574437696256,35.41100135802891,35.68864319705488,7715600
2018-07-12,35.43480682373047,35.664852197396065,35.29202327480501,35.5617309135075,6331600
2018-07-13,35.490333557128906,35.52206154989876,35.27615371924074,35.458602538322545,5585900
2018-07-16,35.48239517211914,35.537922935568716,35.32374312253345,35.48239517211914,5831400
2018-07-17,35.894901275634766,36.00595683961443,35.44274475026776,35.49827253225759,11592200
2018-07-18,35.791770935058594,35.92662625866413,35.569659844457306,35.847298707708916,7351600
2018-07-19,35.78384017944336,36.03768229387758,35.63311934359781,35.6886501430397,10097500
2018-07-20,35.918697357177734,35.918697357177734,35.61726169662027,35.71245174595225,8588400
2018-07-23,35.65691375732422,35.98214910663578,35.5141272111839,35.91868707455731,9055700
2018-07-24,35.9028205871582,35.9107548539697,35.387205207748984,35.52205748318279,13786100
2018-07-25,36.561222076416016,36.94991941043491,36.291514525024674,36.48982881204667,21330600
2018-07-26,36.68021774291992,36.95785657887243,36.64848672565782,36.77540776866987,12673100
2018-07-27,36.65641403198242,36.88645934338335,36.537427269077,36.743672807068016,10516900
2018-07-30,36.67228698730469,36.83887030482812,36.529500421988416,36.569162684345905,8967900
2018-07-31,36.98959732055664,37.02132532012356,36.735755167798416,36.80714846238899,12438800
2018-08-01,36.79920959472656,36.87853714882436,36.62469200174818,36.84680612718524,9904100
2018-08-02,36.632625579833984,36.9895920014551,36.632625579833984,36.870602185569155,12009700
2018-08-03,36.981658935546875,37.09271448676488,36.60089574878366,36.67228903542906,11462800
2018-08-06,37.005455017089844,37.17996956897705,36.92612746983519,36.96578973044426,10056100
2018-08-07,36.886474609375,36.97373342057389,36.5929701748274,36.9023401228691,8632900
2018-08-08,36.608821868896484,36.934057207659535,36.58502209462085,36.878529444409956,6810000
2018-08-09,36.76747131347656,36.822999077362866,36.55329452479292,36.68814680107789,8924100
2018-08-10,36.55329513549805,36.822999692574015,36.46603635477995,36.65641639813195,7535400
2018-08-13,36.3549919128418,36.59296855262898,36.251867592720394,36.52950650146592,8143400
2018-08-14,36.40256881713867,36.569152086385266,36.38670331158627,36.41843432269108,6846100
2018-08-15,36.55329513549805,36.60882290031207,36.21219427961979,36.30738430129579,9686400
2018-08-16,36.66436004638672,36.79128111644192,36.46604568529815,36.57710124334183,10600700
2018-08-17,36.96577835083008,37.0689026174969,36.680208346733274,36.71987059513265,8885700
2018-08-20,37.068912506103516,37.17996804166147,36.95785697054556,37.029250247123734,6392000
2018-08-21,36.66436004638672,37.08478552356265,36.65642577736246,37.06892001155112,13986300
2018-08-22,36.434303283691406,36.791269627385965,36.42636901714483,36.759538613271765,7159100
2018-08-23,36.251853942871094,36.553292520321186,36.24391967644461,36.40257171857813,13144900
2018-08-24,36.19633102416992,36.331183311099785,36.15666876483975,36.21219653310928,10952900
2018-08-27,36.243927001953125,36.52950013030541,36.1408057258544,36.52950013030541,9581200
2018-08-28,35.99007797241211,36.275651045845954,35.918684704053646,36.21219204399179,8476800
2018-08-29,35.958351135253906,36.02974137986098,35.87109235713041,35.894889105332766,12410900
2018-08-30,35.65691375732422,35.95041809059655,35.609317233265365,35.91868707455731,9716500
2018-08-31,35.355491638183594,35.75212044545605,35.2127050254825,35.69659265452092,19834100
2018-09-04,35.50619888305664,35.617257457770044,35.30788453869498,35.379277823706644,11138500
2018-09-05,35.99802017211914,36.02974816702038,35.42687389938288,35.42687389938288,10554900
2018-09-06,36.30738830566406,36.48983712818058,35.93455639276183,36.01388394127111,11439400
2018-09-07,36.267730712890625,36.34705524557418,35.918695506594304,36.17253764242602,10208100
2018-09-10,36.53744125366211,36.73575562711135,36.33119261069407,36.418451419177686,8568900
2018-09-11,36.50570297241211,36.608827273400905,36.39464742951798,36.5691619857645,9278300
2018-09-12,36.68021774291992,36.72781124277672,36.50570017401471,36.616755708395715,13216400
2018-09-13,36.664215087890625,36.89621412029071,36.56821233126756,36.80821311927403,8294800
2018-09-14,36.79222106933594,36.824218941094266,36.48821839931156,36.736217927262786,7612900
2018-09-17,37.05622100830078,37.06422276506143,36.72821917196289,36.80021972392858,8527300
2018-09-18,36.74421310424805,37.22421466420547,36.74421310424805,37.112214503667104,9847400
2018-09-19,36.768211364746094,36.888213277679405,36.69621082734119,36.800212281765035,7119000
2018-09-20,37.31222152709961,37.34422244993355,36.92022090359977,36.97622099267118,9736700
2018-09-21,37.26422119140625,37.352219146805105,37.10421963761376,37.31221952130093,19240300
2018-09-24,36.8562126159668,37.22421400890753,36.67221191949643,37.19221614344235,10778900
2018-09-25,36.544219970703125,36.94422237576618,36.48821987813639,36.848222653048374,7919100
2018-09-26,36.68021774291992,36.856219770131624,36.45621738230577,36.616218947791324,10162600
2018-09-27,36.808223724365234,36.94422614287811,36.54422369702779,36.584223331257526,10826900
2018-09-28,36.95221710205078,36.95221710205078,36.77621813798249,36.80021730313366,9071900
2018-10-01,36.984214782714844,37.08021448668343,36.84021370087418,36.93621340484277,9364700
2018-10-02,37.208221435546875,37.24822411646283,36.848221721511976,37.02422070008261,7462700
2018-10-03,36.69622802734375,37.240231664545675,36.64022792220033,37.16823109339316,10542300
2018-10-04,36.68021774291992,36.72022042312333,36.3442172019987,36.52821793418547,9582300
2018-10-05,36.7042121887207,36.92821250189937,36.55220936039914,36.75221051195877,8734100
2018-10-08,37.1842155456543,37.26421784124601,36.77621451935093,36.792214978469275,9808100
2018-10-09,37.112220764160156,37.24022140519304,36.97622141821472,37.104222059247604,10824500
2018-10-10,36.544219970703125,37.360225243244905,36.536218213607214,37.04022209848399,13917000
2018-10-11,35.71220779418945,36.77621546459035,35.60020762925791,36.64021308447661,17677900
2018-10-12,35.74421310424805,35.90421466742377,35.40021081154183,35.58421154107232,12420100
2018-10-15,35.92820739746094,36.216209549228225,35.67220616295122,35.71220578363547,11608500
2018-10-16,36.392215728759766,36.48021368367781,35.88821190518876,36.016212537168215,10442500
2018-10-17,36.68821716308594,36.79221863179434,36.28821480073528,36.32821442661518,11055800
2018-10-18,36.48822021484375,36.864223455641095,36.36821827150701,36.72022234434748,12716900
2018-10-19,37.0642204284668,37.19222106258351,36.66421806538009,36.66421806538009,13989200
2018-10-22,36.776214599609375,37.16821516764988,36.64821397815882,37.096214627347976,14283600
2018-10-23,37.08823013305664,37.16822940769706,36.36022574743265,36.49622512467671,17483900
2018-10-24,37.38422393798828,37.91222698392008,36.992223294980796,37.06422384905223,21626000
2018-10-25,37.208221435546875,37.39222522278722,36.89622005576938,37.32022466962502,14220200
2018-10-26,36.73621368408203,37.18421740648877,36.344213097279855,37.09621640282176,21458000
2018-10-29,37.1682243347168,37.248226650214654,36.84022247061633,36.92022478611418,20932200
2018-10-30,38.10422134399414,38.192222341491835,36.83221386147172,37.296214959493014,20895400
2018-10-31,38.304237365722656,38.46423896401126,37.77623422761393,38.00023463415198,25309400
2018-11-01,38.192230224609375,38.52023206821804,37.84022616196274,38.248230316071144,16494500
2018-11-02,38.400230407714844,38.400230407714844,37.952226620985435,38.256229299543826,17584900
2018-11-05,38.95222091674805,39.0242214491987,38.33621703950919,38.40021886914319,16543500
2018-11-06,39.28823471069336,39.30423517229333,38.88023056933413,38.92023324922206,14373400
2018-11-07,39.4962272644043,39.64022834025389,39.22422557133011,39.5122277230293,12239700
2018-11-08,39.46424865722656,39.496246538315894,39.28024481913406,39.29624528556719,9762800
2018-11-09,39.744224548339844,39.9122247640596,39.488223347688304,39.512222506569685,12398100
2018-11-12,39.89622497558594,40.19222884836291,39.63222506814509,39.68822514098936,13918300
2018-11-13,39.88824462890625,40.00024482613519,39.66424423444837,39.84824499443541,13872900
2018-11-14,39.80824279785156,39.952243925139065,39.67224342862255,39.88024336149531,12106800
2018-11-15,39.79222869873047,39.80022740165823,39.41622557384522,39.72822686820734,12080100
2018-11-16,40.1362419128418,40.200243765779256,39.70424161261924,39.728240781582635,13405800
2018-11-19,40.408233642578125,40.60823480564167,40.20023377577328,40.24823515354773,13575800
2018-11-20,39.50423049926758,40.672236556662526,39.368228121748686,40.65623609743821,16255300
2018-11-21,38.98422622680664,39.55222879585894,38.87222606409498,39.38422855179145,13559200
2018-11-23,39.21623229980469,39.384232560974034,38.840229099474925,39.000230656111576,4792500
2018-11-26,39.096229553222656,39.38423173880122,38.93622799992614,39.20822972499747,9341900
2018-11-27,39.4962272644043,39.528228181654306,38.98422479550593,39.10422670930574,9180700
2018-11-28,39.768226623535156,39.77622837826576,39.36822433671197,39.36822433671197,11368700
2018-11-29,39.49408721923828,39.856936740396996,39.48602526361622,39.735985874708,11564300
2018-11-30,40.63908004760742,40.71164995424598,39.50215356087562,39.510215516765065,25538200
2018-12-03,40.06657409667969,40.28428376957372,39.42151010805352,40.21171387860904,14877200
2018-12-04,39.97789001464844,40.72777496901065,39.91338206215233,40.292358593295795,19059900
2018-12-06,39.81661605834961,40.01819875983348,39.23605689378551,39.92143684846752,17674900
2018-12-07,39.58277893066406,40.05851422372483,39.413450201585114,39.969817343947895,15565700
2018-12-10,39.7037353515625,39.87306410440084,39.08286018191359,39.87306410440084,12331100
2018-12-11,39.94563293457031,40.32460636035856,39.65535332270988,39.985948863793546,18083600
2018-12-12,39.68760681152344,40.33267089893803,39.66341479355851,40.27622798353351,12316900
2018-12-13,39.889190673828125,40.002076507871095,39.163491632254306,39.28444249781937,13766200
2018-12-14,39.78436279296875,39.929502586682,39.526337176569186,39.695665910598656,13835900
2018-12-17,38.969970703125,39.93756524368198,38.72000703713323,39.78436349247233,18482700
2018-12-18,38.96190643310547,39.373136889189766,38.58292994924506,39.19574311786649,14765700
2018-12-19,38.62324905395508,39.31669100314194,38.397474323702795,38.8974016667622,17903800
2018-12-20,38.33297348022461,38.80870885605404,37.97818589939074,38.55068320230673,21130000
2018-12-21,38.357154846191406,39.30862540987748,38.083002258758,38.10719119779666,32477700
2018-12-24,37.058963775634766,38.599055519906074,36.95414298361312,38.397472814761095,10733700
2018-12-26,37.84917068481445,37.865297671644846,36.81706813493506,36.994461914161164,14342600
2018-12-27,38.32489776611328,38.341024749465994,37.11540169782787,37.68789884117271,16966500
2018-12-28,38.05881881713867,38.71194487278589,37.92174096566781,38.61518602674709,13218200
2018-12-31,38.17976379394531,38.33296862112452,37.86529526054719,38.292652694569796,10576300
2019-01-02,37.84111022949219,38.074946933940566,37.54276865107328,37.84917218527287,11603700
2019-01-03,37.60726547241211,38.19588654743112,37.518568598275,37.75240525265326,14714400
2019-01-04,38.357154846191406,38.357154846191406,37.607266976914964,37.69596385460045,13013700
2019-01-07,37.85722732543945,38.50229127614093,37.81691140525327,38.35715150274466,13135500
2019-01-08,38.28458786010742,38.357157758641414,37.929803398334585,38.09913213627789,15420700
2019-01-09,37.55082321166992,38.12331731251148,37.43793739752176,37.962053621389956,18032500
2019-01-10,37.9539909362793,37.970117921569404,37.36536981477603,37.623395427601906,15976600
2019-01-11,38.17169952392578,38.18782650875119,37.87335799442525,38.13138359981617,11088600
2019-01-14,38.01850128173828,38.22008399675087,37.889488467166544,38.099133137380065,11514300
2019-01-15,38.357154846191406,38.381343785230065,37.74434480858557,37.808849671324595,11342900
2019-01-16,37.83303451538086,38.276518855806316,37.784656642539886,38.220075953553525,16907800
2019-01-17,37.9459228515625,38.01042770639448,37.80078308330626,37.83303397276853,12044600
2019-01-18,38.389408111572266,38.45391297312847,37.99430468437493,38.09912854479998,12760700
2019-01-22,38.47810363769531,38.5345465430422,38.066873240559275,38.46197665389511,11700400
2019-01-23,38.921592712402344,38.937719699428584,38.42166841822177,38.55874319408247,12058300
2019-01-24,38.45391082763672,38.7925713286118,38.203950273679546,38.7925713286118,10272000
2019-01-25,38.19589614868164,38.72807445136955,38.091075340087016,38.60712665470457,12066500
2019-01-28,38.03461456298828,38.13943840675504,37.84915888611311,38.07493355544976,9966900
2019-01-29,38.2200813293457,38.405537045105234,38.00237164321724,38.05881455340892,11998600
2019-01-30,38.59099578857422,38.61518473029474,38.050752508186655,38.09913346753586,12952500
2019-01-31,38.808712005615234,39.332825311614485,38.27653366708336,38.58293723333203,32181500
2019-02-01,39.268306732177734,39.33281159039284,39.02640813103279,39.0909129892479,19130100
2019-02-04,39.7117919921875,39.873058767743444,39.1392978610764,39.26831066633957,15105700
2019-02-05,39.7198600769043,39.88919190912093,39.590847251730146,39.77630607158209,12651900
2019-02-06,39.7198600769043,39.80049501508088,39.52634237709726,39.679544145770194,8689100
2019-02-07,39.8488655090332,39.88111947831985,39.510208059246835,39.64728281485337,10047800
2019-02-08,39.913368225097656,39.913368225097656,39.59889975546935,39.80854437658575,9813300
2019-02-11,40.002079010009766,40.2197887360997,39.89725512502384,39.96982503372048,9369300
2019-02-12,40.04239273071289,40.15527856558175,39.88112593408238,40.066581673639554,10983300
2019-02-13,40.147216796875,40.26816458797991,39.96176105645415,40.00207698682245,12748800
2019-02-14,36.7606201171875,37.86529241653843,36.6880502244764,37.655647768655136,58905400
2019-02-15,36.4784049987793,37.300859668600445,36.44615103010575,37.01058317826179,35701600
2019-02-19,36.14781188964844,36.760621955255,36.09943093345267,36.542912266235994,25511300
2019-02-20,36.36552429199219,36.47841320775372,36.12362562432007,36.21232252017848,27464000
2019-02-21,36.97834014892578,37.01865608374054,36.2526410186255,36.28489499684078,23121200
2019-02-22,36.51066589355469,37.05090925115782,36.446161014444385,36.89770439594225,24728400
2019-02-25,36.23649978637695,36.7444889779166,36.15586794844064,36.639665127873435,23774400
2019-02-26,36.0349235534668,36.397773040820184,36.01073461294591,36.36551906952033,20463200
2019-02-27,36.23649978637695,36.30100771745197,35.81720746211172,35.96234723112305,17827500
2019-02-28,36.55903625488281,36.77674592605611,36.37358055186283,36.381642505947305,22533900
2019-03-01,36.5912971496582,36.80094183052442,36.44615734140148,36.66386705378657,16291600
2019-03-04,36.80900192260742,36.825125831664906,36.52678429957562,36.71224001281533,15973800
2019-03-05,36.7686882019043,36.84932313830952,36.607424480910474,36.80900720806106,13062300
2019-03-06,36.64772415161133,36.92187666193883,36.63965912359487,36.82511478118304,14232100
2019-03-07,36.51066589355469,36.71224863912583,36.38971809175715,36.67999773752498,12084000
2019-03-08,36.15587615966797,36.48647169173911,35.97042042957032,36.405839835490795,15579100
2019-03-11,37.23637008666992,37.28475105953281,36.36553103059209,36.39778501250068,22126900
2019-03-12,37.131526947021484,37.29279369710939,37.01057919138612,37.05089510993124,19348500
2019-03-13,37.26860427856445,37.36536309700128,37.01864066536967,37.196034395759995,16222500
2019-03-14,37.17100143432617,37.504482936772625,37.11406579508602,37.284872712806475,18504100
2019-03-15,36.84565353393555,37.333677304922354,36.71551448222435,37.18727048390228,47254500
2019-03-18,36.93513870239258,37.15474901709684,36.89447081509792,36.951406477862626,24006400
2019-03-19,37.05714416503906,37.16288004773798,36.87820174391658,37.049008726209415,14987000
2019-03-20,37.032737731933594,37.33368688725178,36.74805945286021,36.92700185842664,13376100
2019-03-21,37.0164680480957,37.219810552014124,36.95953239521937,37.03273582074042,20043000
2019-03-22,37.358089447021484,37.50449631522458,36.97580450196221,36.97580450196221,19055900
2019-03-25,37.439422607421875,37.57769713009158,37.2442155319312,37.30115118751269,11668200
2019-03-26,37.935569763183594,38.05757648325285,37.553284936209046,37.553284936209046,11434900
2019-03-27,37.911170959472656,38.155181305213524,37.68342838381584,37.94370649964074,11543600
2019-03-28,37.886775970458984,38.16331879094146,37.80543710905799,37.968111729099675,11121100
2019-03-29,38.11451721191406,38.15518508977802,37.80543575517963,37.95997493216675,16045600
2019-04-01,38.00064468383789,38.3666586755367,37.89490572260308,38.22025494051323,11522700
2019-04-02,37.878639221191406,38.17145290657417,37.878639221191406,38.02504606388278,8495000
2019-04-03,37.561431884765625,37.894913505371164,37.447560565938474,37.756638973394814,12854500
2019-04-04,37.80543518066406,37.85423849501528,37.504489165731904,37.691563883271364,7814900
2019-04-05,37.797298431396484,37.88676961254294,37.57768819660784,37.81356620094673,7677600
2019-04-08,37.86237335205078,37.87864112458508,37.634630742091375,37.854241017163815,9421300
2019-04-09,37.95997619628906,38.00064717826761,37.6346300597827,37.78103690717667,8641800
2019-04-10,37.935569763183594,38.22838340914199,37.87050178783716,38.098244355689346,8059900
2019-04-11,37.99250793457031,38.02504347578953,37.854236538528596,38.00064337125511,7352400
2019-04-12,38.01691436767578,38.171453547440066,37.878639857141216,37.95997561433078,10690000
2019-04-15,38.228389739990234,38.260925284431416,37.98437936220193,38.13078620942697,10261300
2019-04-16,38.18772506713867,38.30972871489635,37.98438255144865,38.26906083231046,10804600
2019-04-17,38.45612335205078,38.6757335715294,38.35038751148519,38.39105538114577,11849300
2019-04-18,38.61880111694336,38.70013996572915,38.44799418863293,38.49679749790441,12167000
2019-04-22,38.55374526977539,38.724552251822104,38.24466375267125,38.55374526977539,9834700
2019-04-23,39.212562561035156,39.62738295209465,38.67573854530402,39.11495904074585,25327800
2019-04-24,39.02549743652344,39.2288399636642,38.976694113015796,39.066165321399446,15997300
2019-04-25,38.911617279052734,38.9522851546911,38.61067127601683,38.83028152777601,11444400
2019-04-26,39.253231048583984,39.40777331944409,39.02548846343438,39.033623900195444,10154300
2019-04-29,39.38336944580078,39.40777265291121,39.131226760152686,39.180026968853625,9731500
2019-04-30,39.9039421081543,40.00154566088426,39.35898247465993,39.47285380330505,17912900
2019-05-01,39.521644592285156,39.920197218857986,39.48910905077717,39.81445826033703,10551200
2019-05-02,39.35897445678711,39.668055930689725,39.2613709239401,39.472845762235345,8724600
2019-05-03,39.62736892700195,39.822575898492055,39.46469438225429,39.52976233849803,7076900
2019-05-06,39.424041748046875,39.53791304252177,39.25323170357447,39.310170453571985,8657800
2019-05-07,39.04176330566406,39.277641370298326,38.854688562155694,39.22883804917244,12487500
2019-05-08,38.91975402832031,39.22883550320359,38.895353920721234,39.082428652088375,9281400
2019-05-09,38.55374526977539,39.02549833010833,38.285331638478446,38.87909145899377,11450500
2019-05-10,39.1962890625,39.28576023584014,38.55372928650717,38.56186161919286,9653800
2019-05-13,39.082427978515625,39.14749906800552,38.82214982607669,38.96855667466863,11911500
2019-05-14,39.60297393798828,40.11539777420064,39.326428085418385,39.47283489576477,16844200
2019-05-15,40.00154113769531,40.16421577569142,39.52978499778266,39.5867206556672,11422500
2019-05-16,40.3268928527832,40.39196085026077,40.02594366832183,40.07474699350064,17771300
2019-05-17,40.01779556274414,40.302473757204666,39.99339235839066,40.07473120163625,11257000
2019-05-20,39.73312759399414,39.969005664392185,39.65992416189684,39.88766989662214,13850500
2019-05-21,39.52978515625,39.87953454337749,39.40778150433432,39.85513443354648,10587400
2019-05-22,40.383827209472656,40.432627430314085,39.62739275882315,39.67619297966458,16050400
2019-05-23,40.54648971557617,40.58716069423022,40.229275939738834,40.26181148155806,12199400
2019-05-24,40.351287841796875,40.57903045819995,40.2862167498186,40.52209480409918,6887600
2019-05-28,39.936458587646484,40.40007915617495,39.87952294609104,40.343143514619506,18614000
2019-05-29,39.53791427612305,39.879528170206235,39.37523966347194,39.6436532397603,12534600
2019-05-30,40.058467864990234,40.10727117633711,39.586711830250344,39.62738280775272,9087200
2019-05-31,39.960872650146484,40.10727951185496,39.676191262264176,39.855133671632444,11368600
2019-06-03,40.65222930908203,40.65222930908203,39.87139490980375,39.98526620518682,14167200
2019-06-04,40.66849136352539,40.89623392227804,40.35940996038989,40.66849136352539,12010600
2019-06-05,41.30292892456055,41.59574263034211,40.416355472171006,40.676633632252305,15837600
2019-06-06,41.807212829589844,41.921084115685,41.14838211363378,41.40866022549695,15190400
2019-06-07,41.88041305541992,42.44976944256831,41.84787751822299,41.864145286821454,15293600
2019-06-10,41.790950775146484,41.921089848876086,41.555072734399005,41.921089848876086,9737400
2019-06-11,41.750282287597656,41.96175711578957,41.628275550297566,41.8478858157816,9915600
2019-06-12,42.002410888671875,42.40909573941852,41.86413952874242,41.88853962690428,11088100
2019-06-13,41.912254333496094,42.37949414731228,41.62535066363858,42.182760112924804,10353600
2019-06-14,42.0598030090332,42.24013914841053,41.84667421661275,41.84667421661275,8694300
2019-06-17,41.69913101196289,42.19916041834222,41.48600531311983,42.010625304409025,12322400
2019-06-18,41.510597229003906,42.05161200324042,41.42042757880083,42.01062665141591,9221100
2019-06-19,41.9040641784668,42.00243277978594,41.37124832607398,41.42862844668579,9414100
2019-06-20,42.346702575683594,42.45326696945551,42.09258844499093,42.21554760141863,10656600
2019-06-21,42.25653076171875,42.53523545850738,42.141770556037734,42.24013599990988,21264400
2019-06-24,42.55982971191406,42.7893532700719,42.37949357041026,42.412283096858715,10780000
2019-06-25,42.42867660522461,42.70738133837135,42.330311148520316,42.625410645614686,11519900
2019-06-26,41.9040641784668,42.330318736570284,41.879473591628035,42.23195326223318,12405100
2019-06-27,41.87126159667969,42.13357151156885,41.78109197712763,42.043401892016796,12374900
2019-06-28,41.74010467529297,42.13357268557108,41.41221883603578,42.027008302496554,16339900
2019-07-01,42.297523498535156,42.32211720903925,41.62535378174701,41.863073179069595,14976400
2019-07-02,42.60901641845703,42.66639652950587,42.256536806596145,42.44507190389684,8569200
2019-07-03,42.7073860168457,42.89592425940655,42.62541531510938,42.62541531510938,7253700
2019-07-05,42.715579986572266,42.7237758049983,42.19915587025098,42.53524071138482,8916300
2019-07-08,42.62540817260742,42.89591707157692,42.53523853961759,42.789352675590635,9495100
2019-07-09,42.2893180847168,42.60081228891387,42.15816312405186,42.3958824674386,10584900
2019-07-10,42.47785186767578,42.6008110076552,42.346696910955444,42.461457107213135,7620900
2019-07-11,42.65819549560547,42.67459025775525,42.34670126872197,42.617210153721594,10376500
2019-07-12,42.72377014160156,42.863124052223355,42.55162983464027,42.83033452890281,7347400
2019-07-15,42.73197555541992,42.86313054157754,42.518846748550345,42.85493159601558,5876100
2019-07-16,42.740169525146484,43.010678431322006,42.46966374595235,42.59261978122918,7132500
2019-07-17,42.7729606628418,42.838536592062745,42.633606731902326,42.80575019094302,8264200
2019-07-18,42.64999771118164,42.764757922370585,42.35489823842079,42.65819665597012,11911800
2019-07-19,42.12538146972656,42.74836999447374,42.108986705708844,42.74017104897413,10355500
2019-07-22,41.98603057861328,42.2319457844039,41.912255704177944,42.2319457844039,12090700
2019-07-23,44.535369873046875,44.78948096206625,43.24840715186112,43.650071154317665,33417900
2019-07-24,44.084503173828125,44.93701200056687,43.95334821025147,44.36320786230114,15633400
2019-07-25,43.50251007080078,44.10090488181325,43.21560951996655,43.96155407911704,19135000
2019-07-26,44.404197692871094,44.51896103371548,43.60087306884827,43.723832227690885,11451900
2019-07-29,44.25665283203125,44.51076385079294,44.1828779592014,44.40419945070951,12283900
2019-07-30,44.03532028198242,44.5107558335991,43.91236114041937,44.232051156106266,8127100
2019-07-31,43.14182662963867,43.863177345409724,42.65819212882488,43.863177345409724,16865500
2019-08-01,42.64999771118164,43.6090709976544,42.633602948585896,43.26478723710633,19527200
2019-08-02,42.89591979980469,43.22380569964371,42.55163600894498,42.55163600894498,13102300
2019-08-05,42.3385009765625,43.16641605225005,42.13357116182015,42.945091477090614,19986500
2019-08-06,42.84673309326172,43.24839384515259,42.30571841838123,42.51884408491783,19903100
2019-08-07,43.59267807006836,43.76481839409793,42.436873837756245,42.84673353895886,17937000
2019-08-08,44.01072692871094,44.08450178884136,43.32216260982064,43.61726205034232,10799000
2019-08-09,43.78940963745117,44.18287770829689,43.51070803832268,44.0927080723523,9260900
2019-08-12,43.60905838012695,43.8057892203927,43.436918113149346,43.674634284555424,6588600
2019-08-13,43.8549919128418,43.94516155540956,43.33856776803292,43.36316147863062,8581200
2019-08-14,43.43693923950195,44.240264003089514,43.420544473675854,43.723839824003996,17088900
2019-08-15,44.15828323364258,44.264847631272644,43.63366331758896,43.79760782310105,12393200
2019-08-16,44.60093307495117,44.66651212885211,44.223862895964956,44.24845347768711,14288700
2019-08-19,44.83045196533203,44.90422683493851,44.51896085097693,44.62552211942307,10936200
2019-08-20,44.16648483276367,44.82225976723684,44.13369530429463,44.77307547453327,8176700
2019-08-21,44.34682083129883,44.60093498557869,44.14189096955164,44.46977999913975,10886500
2019-08-22,44.66651153564453,44.789467569603744,44.34681834259532,44.36321310585282,7467900
2019-08-23,44.051727294921875,44.846853083376644,43.764823593804145,44.60913367796012,14160400
2019-08-26,44.707496643066406,44.707496643066406,44.04352280607702,44.264847418406816,9226900
2019-08-27,44.85505294799805,45.04358806157408,44.6009387721442,44.83865818242859,13537000
2019-08-28,45.17473602294922,45.20752554898099,44.60912764333576,44.80586167254507,10046400
2019-08-29,45.125553131103516,45.363272511722286,44.75667876927808,45.29769345762825,9262800
2019-08-30,45.11735534667969,45.264905084979844,44.928820264847545,45.2157207965527,8746700
2019-09-03,45.330474853515625,45.355068557880095,44.97799531843976,45.06816493815417,12991400
2019-09-04,45.715755462646484,45.83871150761783,45.330486309043344,45.371471657367124,10718100
2019-09-05,45.18293380737305,45.715752684143546,45.109158934081464,45.699357920414144,13677000
2019-09-06,45.273101806640625,45.4452421291,44.8878326903904,45.4452421291,9093500
2019-09-09,44.691104888916016,45.15014890765322,44.55994990170275,45.10916043347656,10814900
2019-09-10,44.59273910522461,44.62552550655279,44.141890908419946,44.45338517339911,12038200
2019-09-11,44.896026611328125,44.920617189790114,44.24025179416686,44.50256172103136,9740400
2019-09-12,45.17473602294922,45.338680526126765,45.068171626836616,45.16653707795062,12357900
2019-09-13,44.803165435791016,45.240795266875885,44.64628117172281,44.98482322038639,11486100
2019-09-16,44.55545425415039,44.869225946037034,44.282970715024376,44.671053522254994,11172000
2019-09-17,44.78665542602539,45.16648248824952,44.55545374262671,44.67105300940416,11347400
2019-09-18,44.77839279174805,44.82793668044339,44.43985076027195,44.75362242232213,9700400
2019-09-19,45.017852783203125,45.08390815541679,44.695825362782735,44.77839536551074,7560300
2019-09-20,44.51416778564453,45.15822262950456,44.505912045270506,45.15822262950456,19211500
2019-09-23,44.70408248901367,44.885740280459395,44.48939858535911,44.51416895697669,6485300
2019-09-24,44.8361930847168,45.09216512200398,44.62150919687599,44.794908085113974,10093000
2019-09-25,44.72885513305664,44.98482720220343,44.588485486967215,44.95179793847275,10248400
2019-09-26,44.91051483154297,45.06740226597138,44.695830907909475,44.97657336179579,10031200
2019-09-27,44.84445571899414,45.116939258999615,44.58848366033364,45.05088388408828,7939900
2019-09-30,44.95178985595703,45.1499622528649,44.71233561157439,44.71233561157439,9808700
2019-10-01,45.12519836425781,45.23253874273002,44.596739613233176,45.02611057665354,14261500
2019-10-02,43.82882308959961,44.95178949696475,43.68019458056652,44.76187599094322,14343600
2019-10-03,44.45637512207031,44.5719744044892,43.61414772893302,44.17563265769122,13817500
2019-10-04,45.03437042236328,45.03437042236328,44.497655919243456,44.588484818218554,9295400
2019-10-07,44.481136322021484,44.8857368768769,44.398566322994775,44.8609665071376,5964900
2019-10-08,44.24168014526367,44.64627753272008,44.13433663131173,44.489393281439106,13301900
2019-10-09,44.4481086730957,44.6462779238347,44.20865127442959,44.638022184155346,7135000
2019-10-10,44.3077392578125,44.48939704296034,44.06002610069324,44.216910365238576,8942900
2019-10-11,44.01048278808594,44.34076910181746,43.92791278457492,44.29948410006195,8981700
2019-10-14,44.01048278808594,44.32425447114651,43.94442741524587,44.16737020453809,7306300
2019-10-15,44.18387222290039,44.32424497861922,43.98570299697659,44.11781686420681,9564300
2019-10-16,44.16737747192383,44.23343285563278,43.87012037062294,44.14260394691926,10454800
2019-10-17,44.41508102416992,44.687564541270945,44.24168213602894,44.33250787516691,13190300
2019-10-18,45.2325325012207,45.73621766092025,44.96004899751777,45.4141902702516,18122400
2019-10-21,44.77839279174805,45.05087945480719,44.32425150315966,44.96005056712081,12778900
2019-10-22,44.464630126953125,44.93528614034215,44.373804370732,44.77840185249386,9533400
2019-10-23,45.116943359375,45.13345799206469,44.59674345410403,44.638031610750325,8556600
2019-10-24,45.092166900634766,45.265565795712355,44.99308226771096,45.05913763971227,11051400
2019-10-25,44.38205337524414,45.05088173214503,44.31599485364439,45.04262284202323,9782400
2019-10-28,44.23341751098633,44.54718913682761,44.06827438423601,44.3737902711692,8866100
2019-10-29,44.101318359375,44.307746549252215,43.977460185510985,44.08480372620352,7999700
2019-10-30,44.538936614990234,44.62976550517921,43.89488179342279,44.19213883409811,8620900
2019-10-31,44.94353485107422,44.97656410940599,44.46462005479386,44.55544894028451,13982000
2019-11-01,44.50591278076172,45.19951152785922,44.46462462867815,45.108682633025396,9889500
2019-11-04,43.87836456298828,44.58847786255202,43.73799494090139,44.55544860446919,17515100
2019-11-05,43.28384017944336,43.671925994621986,43.036127102669994,43.671925994621986,19284000
2019-11-06,43.59762191772461,43.59762191772461,43.27559452788137,43.374679151715426,13288900
2019-11-07,43.17652130126953,43.76277660931854,42.90403457649383,43.6636919593293,11725500
2019-11-08,43.110450744628906,43.432478129664325,43.01136612227417,43.316878878609906,7141800
2019-11-11,42.8049430847168,43.24256977291115,42.755399192718976,43.209543661423005,8198300
2019-11-12,42.69761276245117,42.862755970329275,42.5902723546984,42.862755970329275,12656900
2019-11-13,43.27559280395508,43.30862206053181,42.904021542075014,43.08567930340377,12257900
2019-11-14,43.457252502441406,43.490278610647046,43.226050845941465,43.37467935731878,8660300
2019-11-15,43.49028778076172,43.49854667193711,43.25083348402467,43.465517406923695,8982400
2019-11-18,43.787532806396484,44.126074804933815,43.490275802833324,43.498534691734086,13782000
2019-11-19,43.82882308959961,44.01873659562114,43.65542106249876,43.886622715352104,12679500
2019-11-20,43.94443130493164,44.093059844282116,43.771029242460074,43.845343512135315,11970300
2019-11-21,43.7297477722168,44.04351950841617,43.581119220851,43.85360594830305,7856100
2019-11-22,43.787532806396484,43.919646680219756,43.556334314666564,43.729733183464006,9113300
2019-11-25,43.94443130493164,44.08480095329375,43.57285995655544,43.99397205148579,10963500
2019-11-26,44.50591278076172,44.5389388926473,43.944427930737845,44.018742194706995,13219800
2019-11-27,44.54719924926758,44.67105426006366,44.25819792438897,44.53068461785933,9595200
2019-11-29,44.42241668701172,44.69693558157415,44.27267795420601,44.67198018389721,7222300
2019-12-02,44.71356964111328,44.71356964111328,43.964876042890126,44.355860830114636,13173800
2019-12-03,44.75517272949219,44.78844871293367,44.42242241519471,44.68030335343508,14498300
2019-12-04,45.162784576416016,45.17942256407816,44.6886130348457,44.755161812122616,13624000
2019-12-05,45.079593658447266,45.16278359495013,44.780119407151744,45.096231645747835,14068100
2019-12-06,45.27093505859375,45.33748702147698,45.06296493464202,45.17943086968768,7843500
2019-12-09,44.97976303100586,45.34578918367907,44.93816965487478,45.1710950999058,13887200
2019-12-10,44.73020935058594,44.979772835140395,44.69693337307951,44.95481743869651,8993900
2019-12-11,44.879947662353516,45.04632437498036,44.63870158771319,44.87162708136766,8879100
2019-12-12,45.03800582885742,45.29588990374908,44.871629108713506,44.92986048475808,11233300
2019-12-13,45.27093505859375,45.37908041159288,44.78844602117931,44.8716328014111,13072200
2019-12-16,45.27093505859375,45.612009108311945,45.22934166847786,45.495543173266284,9538100
2019-12-17,45.27093505859375,45.40403898436022,45.162792878966876,45.2543002412452,9230000
2019-12-18,44.8466796875,45.545459466524036,44.830041695931286,45.36244473264056,15132100
2019-12-19,45.187744140625,45.20438212982231,44.85499070342279,44.95481863860663,13385900
2019-12-20,45.72846603393555,45.9197981427479,45.31252583911604,45.70350746435352,23832800
2019-12-23,45.67855453491211,45.953076601536424,45.62032315836247,45.75342390095765,9300800
2019-12-24,45.512176513671875,45.753422594415326,45.4539451387851,45.58704587757943,3359300
2019-12-26,45.770057678222656,45.770057678222656,45.57872557668618,45.68686773839915,6228500
2019-12-27,46.044586181640625,46.12777613887272,45.7534292647593,45.76174667379631,6895500
2019-12-30,45.978031158447266,46.07785592022548,45.8033370319924,45.903161793770614,6431700
2019-12-31,46.044586181640625,46.06954475549645,45.73679127331288,45.91980600585108,7982600
2020-01-02,45.745094299316406,46.11112045054408,45.55375905780092,46.019613119394364,11867700
2020-01-03,45.49554443359375,45.745111127947176,44.996417391631574,45.18774953016282,11354500
2020-01-06,45.47889709472656,45.678549774498435,45.35411694656938,45.46226228033629,14698300
2020-01-07,45.129512786865234,45.42066966452848,45.046326014210585,45.295889505546505,9973900
2020-01-08,45.212703704833984,45.4539498103718,45.04633014427076,45.14615491528315,10676000
2020-01-09,46.0362548828125,46.08616884209201,45.62031474226428,45.75341546030485,15398000
2020-01-10,46.19431686401367,46.52707028808593,46.12776808322232,46.1527234793476,13040100
2020-01-13,46.693450927734375,46.77663770406376,46.10281339165614,46.19432074964173,14302900
2020-01-14,46.585304260253906,46.82655034749665,46.44388610982527,46.78495696051011,16345300
2020-01-15,47.16762161254883,47.4005471204173,46.5853046695056,46.5853046695056,17735400
2020-01-16,47.26744079589844,47.37558612894215,47.092746685623595,47.292396190688656,10234100
2020-01-17,47.36727523803711,47.54197255742028,47.25081247402988,47.3090438560335,14264300
2020-01-21,47.55860900878906,47.625160975292076,47.05948195350615,47.29240748952185,11968900
2020-01-22,47.92462158203125,47.94957697398567,47.56691282161849,47.625144185093006,12869600
2020-01-23,48.10764694213867,48.12428175822387,47.61683735995283,47.733300112781336,12858900
2020-01-24,47.98286819458008,48.140924349474204,47.799853466428324,48.124286358426566,8594300
2020-01-27,47.816497802734375,48.12429274452942,47.52534085419483,47.59188965384413,14359900
2020-01-28,47.42550277709961,48.04109570273437,47.39222997105961,47.79153220388808,15240200
2020-01-29,47.42550277709961,47.63347288836685,47.13434589067428,47.41718536893262,13163600
2020-01-30,48.96448516845703,49.06430993671348,48.04941474376113,48.19083607438225,20225600
2020-01-31,48.581817626953125,49.14749656443882,48.37384752268255,49.05598921082026,17685200
2020-02-03,48.73155212402344,49.055984950772086,48.68163816091916,48.87297025942806,12333600
2020-02-04,48.94784164428711,49.455289183392765,48.764826945364604,48.87297228321625,15417900
2020-02-05,48.95616149902344,49.14749678839154,48.69828059951089,48.99775805876466,11414900
2020-02-06,49.07262420654297,49.363781065412454,48.94784088224362,49.06430362579141,9347000
2020-02-07,49.23899841308594,49.347143750729806,48.9561589577363,48.98111752695984,8757800
2020-02-10,49.704864501953125,49.7797338808575,49.32220019794081,49.34715559978475,7984900
2020-02-11,49.57175827026367,49.746452410652985,49.347150158317895,49.67990362194991,7431200
2020-02-12,49.42201232910156,49.721489768067656,49.34714296936004,49.48024370074811,9179100
2020-02-13,49.588401794433594,49.7797339466928,49.255648293669076,49.397069642174394,8173200
2020-02-14,49.87123107910156,49.97105583948706,49.59670902132656,49.60502960249231,9965500
2020-02-18,49.52183532714844,49.85458873049761,49.45528655050158,49.75476397884152,10075700
2020-02-19,49.721500396728516,49.91283254066303,49.471936868699686,49.505209678630415,6265700
2020-02-20,49.679908752441406,49.79637152472817,49.17246109601548,49.646632767967326,7597200
2020-02-21,50.020965576171875,50.020965576171875,49.438648705320276,49.50519748215871,10842400
2020-02-24,48.78978729248047,49.74644785949911,48.72323533649382,49.172451519287925,14415500
2020-02-25,48.09932327270508,49.247319084574556,47.93294656218646,48.83137889496391,15915100
2020-02-26,47.91630935668945,48.640047583264646,47.816484598096,48.23242479450258,15837800
2020-02-27,45.695186614990234,48.15755162124773,45.653593233315455,47.54196195636916,23754000
2020-02-28,44.49728775024414,44.830038034322996,42.90839617899125,44.780127237065855,40890600
2020-03-02,46.51875305175781,46.552029031231896,44.67198061815497,44.863312740072864,25698600
2020-03-03,46.63521957397461,47.82480888166407,46.28582813179016,47.21753335532852,27099200
2020-03-04,49.01438903808594,49.08094098976506,46.926370741415084,46.926370741415084,20526100
2020-03-05,47.200897216796875,48.390483317797504,46.7433604394443,48.08268844579197,17948500
2020-03-06,45.96971130371094,46.51043485418526,44.904905365588945,45.70350981918044,22353900
2020-03-09,43.14131164550781,44.5721467365162,42.82519625190496,43.29936775562353,27898300
2020-03-10,44.63870620727539,44.7551689661551,42.567322426120526,44.27267994031456,27457400
2020-03-11,43.432472229003906,43.79850161326326,42.54236051007234,43.548934970042176,22653900
2020-03-12,39.231483459472656,41.5357927786647,38.84049861690255,40.3794794147947,31913100
2020-03-13,40.67486572265625,41.58956778016827,39.11399769780063,41.54760641510226,33697200
2020-03-16,37.981109619140625,40.179753348940274,34.548879175070205,35.44680056471076,28682300
2020-03-17,39.59231948852539,39.86085552226342,38.07340994671799,38.501391451314376,32106700
2020-03-18,37.637046813964844,37.88880220499025,34.901334135807474,37.54474013195201,35408300
2020-03-19,35.10273361206055,37.47760002712973,34.439783803857274,37.22584786740261,41956900
2020-03-20,32.140445709228516,35.304140159626094,31.47749578647295,35.20343991857555,51513500
2020-03-23,31.519458770751953,32.63556143606148,30.436920720044906,32.52646763529486,44978500
2020-03-24,33.105499267578125,34.74189337609015,32.58521095861838,34.59084141523039,49096200
2020-03-25,34.918121337890625,36.46220563607296,33.4915211926347,34.095729066202644,42511700
2020-03-26,37.16710662841797,37.98949874242059,35.623022626298116,35.95030076132745,37821700
2020-03-27,35.92512893676758,36.94892157183689,35.58106687393558,36.638427320306235,23297900
2020-03-30,37.76292419433594,38.232863958965105,36.118139819937966,36.118139819937966,23446000
2020-03-31,37.1335334777832,38.190893700486114,36.97409120963335,37.821657457885514,25373900
2020-04-01,35.346092224121094,36.63003368095535,35.07755616021381,35.64819609631739,21936400
2020-04-02,36.88178253173828,37.083182960998194,35.12790472102284,35.430008566114815,17621900
2020-04-03,36.78108215332031,37.2090604644934,36.3447102902642,36.57128817307423,14207100
2020-04-06,39.164344787597656,39.44966477316064,37.50277658974355,38.09020046604411,22850000
2020-04-07,39.03007888793945,40.78395705984092,39.00490462939821,40.700040730568276,21279600
2020-04-08,40.12939453125,40.35597242674064,38.879024131678484,39.139166632973385,18937100
2020-04-09,41.119625091552734,41.732223203670344,40.57415939659196,40.64968536664495,19165300
2020-04-13,39.382530212402344,40.8175204141816,39.021684273774476,40.57415860418561,19586000
2020-04-14,41.052490234375,41.329419863438204,39.38253171175417,40.23009810143972,21801900
2020-04-15,39.95317077636719,40.61612059965889,39.78533493232844,40.03708709778533,12893200
2020-04-16,39.52519607543945,40.15457819894137,39.2398760514038,39.77695148580264,17606800
2020-04-17,40.33079528808594,40.53219571331868,39.75176186283721,40.53219571331868,19844600
2020-04-20,39.04685592651367,40.28044559731619,38.86223939434347,40.10421941611646,18957900
2020-04-21,38.081809997558594,39.35735797610258,37.14193051787192,38.50139802203217,26863700
2020-04-22,38.33356475830078,38.72797855230118,38.182512803202876,38.64405902102301,15811600
2020-04-23,37.82167053222656,38.68602098137102,37.73775419391854,38.560146473908986,17668200
2020-04-24,38.12376403808594,38.392300088620544,37.86361833860456,38.18250609906524,15175000
2020-04-27,39.25666046142578,39.42449633674895,38.35874220983033,38.60210406898878,19175500
2020-04-28,39.22309112548828,40.280451570689706,39.0804295282167,40.196535243731844,17246700
2020-04-29,39.5419807434082,40.16297252573661,39.340580252687644,39.667858451010865,15780000
2020-04-30,38.50979995727539,39.44128616397895,38.350357612450026,39.44128616397895,20801100
2020-05-01,38.26642990112305,38.929379806110575,37.9391517255781,38.28321380771546,14290400
2020-05-04,37.880409240722656,38.165729247281874,37.42725337126929,38.031461197207115,22544200
2020-05-05,38.09859848022461,38.6860192241041,37.888804442781094,38.06503066594494,13370500
2020-05-06,37.55312728881836,38.29160309049942,37.52795303233915,38.09859298801963,11892900
2020-05-07,37.42725372314453,37.96432912969574,37.34333739150992,37.888803150743456,16466000
2020-05-08,38.69441604614258,38.78672594260607,37.662229678893375,37.83006556326306,13985100
2020-05-11,38.2160758972168,38.694405962233674,38.199291993033455,38.34195037678827,10874600
2020-05-12,37.611881256103516,38.47623181488586,37.59509734607235,38.26643774130152,13424400
2020-05-13,36.873390197753906,37.57829812585108,36.52093783430642,37.5195560652765,15854800
2020-05-14,36.67198181152344,36.97408560109925,36.277568174999296,36.40344582105639,18000800
2020-05-15,36.3027458190918,37.502767539253995,36.252397316921126,36.89016955363023,31579400
2020-05-18,37.73775100708008,38.09020343965397,37.03284294072945,37.611873309044924,26118500
2020-05-19,37.37689971923828,38.03984952594738,37.133537911529515,37.77131026148097,17839900
2020-05-20,38.50979995727539,38.744768297271406,37.77971747142809,37.9307694617694,22295900
2020-05-21,37.905574798583984,38.67761831019486,37.78809068188718,38.669227959517414,13193500
2020-05-22,37.7880973815918,38.023068857847164,37.46921278007816,37.94754288355127,13008400
2020-05-26,38.67763137817383,39.38253951772349,38.543363313555,39.374145963008026,22223100
2020-05-27,39.214691162109375,39.51679501170064,38.74475148483384,39.44126904930282,18447600
2020-05-28,39.51679229736328,39.8272864764705,39.29021442573306,39.69301846378614,16230600
2020-05-29,39.17273712158203,39.6007154860049,38.71958129957959,39.17273712158203,51125000
2020-06-01,39.43288803100586,39.63428851093054,39.09721629619419,39.15595836960579,17010700
2020-06-02,39.35735321044922,39.67623776557059,39.07203326030754,39.57553754822711,15255100
2020-06-03,40.196537017822266,40.381153585518234,39.54197747409149,39.667855171286625,15508300
2020-06-04,40.21331024169922,40.50702374677775,39.760157658747524,40.23009414494961,13604700
2020-06-05,41.195152282714844,41.53082398205647,40.666470476672686,40.73360609702204,20504800
2020-06-08,41.832923889160156,41.93362731780444,41.514039302060795,41.572781368168705,19896700
2020-06-09,41.119625091552734,41.614739072744015,40.851089020520426,41.614739072744015,16713700
2020-06-10,40.80073165893555,41.34619727839059,40.758773503870245,41.2538874165257,15716600
2020-06-11,38.2160758972168,40.21331247699861,38.14894028048342,40.12100580579383,26070400
2020-06-12,38.614078521728516,39.16449981118921,38.11446639492571,39.13062703608396,21822700
2020-06-15,39.20682907104492,39.333850329844914,37.6571871572229,37.7418658428997,15622300
2020-06-16,39.604835510253906,40.38388994245812,39.11368997059732,40.27380827070246,18803500
2020-06-17,39.44394302368164,39.85040661000852,39.32538831783654,39.613300428603765,12602800
2020-06-18,39.79112243652344,39.83346177877804,39.012064971842776,39.206828530441754,9380800
2020-06-19,38.96973419189453,40.46857049507726,38.96973419189453,40.45163410839726,30464600
2020-06-22,38.73262405395508,39.07981184077731,38.42777561083607,38.97819353954773,20876200
2020-06-23,38.64794921875,39.19837047861478,38.59714328910956,38.95279771773446,14675300
2020-06-24,37.80961227416992,38.47858165959741,37.682591012351416,38.41930593215807,17631800
2020-06-25,38.046714782714844,38.089054126112906,37.284593680410325,37.6571876549969,13829700
2020-06-26,36.895076751708984,38.11446762219125,36.844267587415075,38.03825549089325,21955100
2020-06-29,37.564048767089844,37.74187599300594,36.878139599617626,37.259200248213304,17603900
2020-06-30,37.83501052856445,37.96203177458427,37.29305924207759,37.47088640227775,23679800
2020-07-01,37.953582763671875,38.55481009964118,37.860434229592016,38.04673129775173,14316500
2020-07-02,38.0043830871582,38.47012241883001,37.936637539860605,38.35157094134469,15111900
2020-07-06,38.30076217651367,38.334634950512374,37.77574710067587,38.22455005015935,15146000
2020-07-07,38.28382110595703,38.52939384197652,37.936633290658314,38.10599390964711,13043600
2020-07-08,38.1652717590332,38.258420266158865,37.65719310416544,38.22454749442493,13851200
2020-07-09,37.18297576904297,38.148326938009546,37.11523347083923,38.148326938009546,16087100
2020-07-10,38.23302459716797,38.31770331237376,37.14065172746924,37.15758811656759,15627800
2020-07-13,38.317691802978516,38.681815983506965,38.072119080243525,38.55479471856543,16705300
2020-07-14,38.84271240234375,38.90198813981099,37.82655182674255,38.02978523397696,17080100
2020-07-15,39.29151153564453,39.96048091451575,39.12215093164131,39.2068296185005,23738000
2020-07-16,39.07981872558594,39.537088240538125,38.901988282247686,39.17296400602877,13306100
2020-07-17,39.64717102050781,39.723383140644124,39.06288025298628,39.35079234791398,13899800
2020-07-20,39.05440902709961,39.65563938869527,38.825772674991704,39.56249088632333,16633200
2020-07-21,39.96895980834961,40.6379325695972,39.74032342550731,40.23993554424739,25681500
2020-07-22,41.052852630615234,41.08672539682273,39.8249923130141,40.58711340125888,29831200
2020-07-23,40.88349914550781,41.129071897826165,40.671799165292406,41.04439319785414,15935000
2020-07-24,41.06132888793945,41.32383479157461,40.70567124745739,40.985116767142244,16196800
2020-07-27,41.052852630615234,41.078255590128464,40.79881334462857,40.79881334462857,17346500
2020-07-28,40.7988166809082,41.73029521579157,40.73107114295339,40.934304526532785,13872700
2020-07-29,40.663326263427734,41.06978977459365,40.49396565953739,40.764941333648004,13758100
2020-07-30,40.383888244628906,40.84116099054256,39.96895808022556,40.36695185808187,17276500
2020-07-31,40.002830505371094,40.45163343896478,39.57096072789172,40.17218790879749,14849200
2020-08-03,39.20682907104492,40.10443799852905,39.1475533450142,39.91814101369834,14137500
2020-08-04,39.53708267211914,39.681040322138344,39.13908895090483,39.19836468024068,11717200
2020-08-05,39.98590087890625,40.02824023692065,39.6387129747306,39.714925111270915,10498700
2020-08-06,40.20606231689453,40.248401669473196,39.460877436425,39.51168659769072,10745000
2020-08-07,40.47703552246094,40.714141696611144,39.97742344054188,40.19759322866097,11669700
2020-08-10,40.4092903137207,40.88349616747856,40.35848115926731,40.69720239505302,11888000
2020-08-11,40.587120056152344,41.19681702671753,40.39235646395187,41.03592297599321,16531600
2020-08-12,41.01051712036133,41.23068366071468,40.748008003149366,40.9004322350421,9562200
2020-08-13,40.968177795410156,41.26455645186631,40.69720210085451,40.86655948723798,9882900
2020-08-14,41.0274543762207,41.230684536203,40.671796750823944,40.93430587361,10075800
2020-08-17,40.82421875,41.28149143034297,40.81575217308327,40.917367247508935,9102400
2020-08-18,41.00204849243164,41.06979403312626,40.61252132429311,40.815754716091796,9829000
2020-08-19,40.11290740966797,40.968177054753596,39.9858893721767,40.74800728797936,17371000
2020-08-20,40.09596633911133,40.30766627380629,39.87579982835382,40.028224039756964,11308700
2020-08-21,40.03669738769531,40.222994395428564,39.77419149165504,40.08750654351852,14734100
2020-08-24,40.62099075317383,40.629457330539104,39.95201808133689,40.163718048605396,9257700
2020-08-25,40.57018280029297,40.688734268630604,40.35001624913525,40.64639491997934,7827800
2020-08-26,40.781890869140625,40.79882725802009,40.197599989085425,40.44316955212302,10124200
2020-08-27,40.841156005859375,41.34076804202,40.81575304428198,40.858092390339316,10931600
2020-08-28,42.196041107177734,42.21297426274326,41.09519863887097,41.281495652944784,16420300
2020-08-31,41.94200134277344,42.399274100341394,41.78957709025079,42.17063772155742,18510800
2020-09-01,41.59479904174805,41.78956257894357,41.349229591544194,41.755693047032814,12588400
2020-09-02,43.347679138183594,43.49163677908004,41.79803723615814,41.79803723615814,26332600
2020-09-03,42.746456146240234,44.15214377151044,42.42467129796342,43.52551368991804,22289400
2020-09-04,43.22066879272461,43.58479301759544,42.57709904306601,43.13598686235619,21019500
2020-09-08,42.17911148071289,43.220675150314214,41.79805081371587,43.12752662834985,17776700
2020-09-09,42.50088119506836,42.98355682714254,41.958929834864705,42.00126917920219,15252300
2020-09-10,42.339996337890625,42.91582054650876,42.297656987609805,42.63637502014171,15439500
2020-09-11,43.237606048583984,43.35615752319926,42.424675652120655,42.67871821805099,18272300
2020-09-14,43.288814544677734,43.73271523065057,43.16930344776835,43.51076651588073,10911700
2020-09-15,43.57905578613281,43.86076329680831,43.39978914648462,43.536373718087965,12838400
2020-09-16,43.35711669921875,43.92052858915563,43.31443462170291,43.4937013011297,15353900
2020-09-17,43.1522331237793,43.22052704496832,42.631503372229865,42.87052883995806,13287100
2020-09-18,43.066871643066406,43.67296557716483,42.86199312325788,43.32296735050186,23816600
2020-09-21,41.90590286254883,42.69980187109839,41.49614906078676,42.46931474702589,17514800
2020-09-22,42.392486572265625,42.7168762264545,41.888830236722555,41.92297720167587,13034600
2020-09-23,41.15468978881836,42.61443845500951,41.12054282136225,42.45224524424407,17121200
2020-09-24,41.57297897338867,41.91443885379616,40.599813266754914,41.15468679357977,16788100
2020-09-25,41.59004592895508,41.62418963213383,40.958340201865326,41.146145223298305,12603400
2020-09-28,42.06809616088867,42.43516788644533,41.94858504213697,42.09370801235958,11215700
2020-09-29,41.76077651977539,42.307118134432024,41.7522414076178,42.16199517628517,12426600
2020-09-30,42.14492416381836,42.358337801025264,41.73517037115314,42.05956001150906,15755900
2020-10-01,41.98273468017578,42.3924885090344,41.47907832162237,42.2046834496448,17577300
2020-10-02,42.13639450073242,42.324199567822426,41.44493305443804,41.624199751332625,13610100
2020-10-05,42.15345764160156,42.29857733497502,41.931505661057884,42.196139712803564,10628700
2020-10-06,41.777854919433594,42.45224283445713,41.68395564891053,42.29858474606104,10077400
2020-10-07,42.30712127685547,42.47784958415619,41.7863914728606,41.84614703170259,10135600
2020-10-08,43.07540512084961,43.14369904367195,42.29004454699352,42.43516424834078,12143900
2020-10-09,43.374183654785156,43.73271695968846,43.194913745900216,43.25466929671743,11407800
2020-10-12,43.61320877075195,43.98881558046403,43.391260032384245,43.3997951445996,11386500
2020-10-13,42.87052917480469,43.52784351743282,42.597360000781755,43.52784351743282,14365300
2020-10-14,42.7851676940918,43.10102224112204,42.383952245961446,42.72541213253123,10582100
2020-10-15,42.674190521240234,42.79370163198477,42.08516682337997,42.170534228507165,9961700
2020-10-16,42.70833206176758,42.981501231459276,42.57174747692173,42.67418835788114,13569800
2020-10-19,42.35832977294922,43.09247306682988,42.221745201280704,42.70832794137686,9930400
2020-10-20,42.89613342285156,43.211984637745914,42.50345318201716,42.58881731909139,10970700
2020-10-21,42.674190521240234,43.049797334499274,42.48638548639394,42.6485786714853,12517400
2020-10-22,43.26321029663086,43.70711102715782,43.00711459805893,43.681499177797185,20189200
2020-10-23,43.12663269042969,43.690044621094216,43.08395060982846,43.53638652578262,13491300
2020-10-26,42.51198959350586,43.11808345199809,41.99979824252742,42.97296376324637,14696400
2020-10-27,42.59736251831055,42.93028726529995,42.29858147776685,42.52053348004886,13892100
2020-10-28,40.94126510620117,41.95711594774994,40.78760705044477,41.82906648247522,19886200
2020-10-29,40.99248123168945,41.385161441124794,40.37784907331565,40.74492069496302,15369900
2020-10-30,41.02663803100586,41.07785521887173,40.437614319079444,40.81322439774176,15804000
2020-11-02,41.50468444824219,41.786392020561465,41.18029805497206,41.61566045458922,15156100
2020-11-03,42.12785339355469,42.64858322288478,41.82907558480818,42.01688063969677,15285100
2020-11-04,41.97419357299805,42.86199510584436,41.89736778800406,42.196145584426496,12930800
2020-11-05,42.20467758178711,42.86199194182813,42.1193134338061,42.47784676304656,12452400
2020-11-06,42.21321105957031,42.67418522069916,42.042479526955944,42.38394259218468,9294900
2020-11-09,44.876625061035156,45.46564560208905,44.449797732506056,44.81686949555581,33442000
2020-11-10,46.08027648925781,46.33637222670775,44.77418594875934,44.87662359245252,29706700
2020-11-11,45.73881530761719,46.3534444089581,45.52540165632693,46.03759311685,17399900
2020-11-12,45.25221633911133,45.42294786295759,44.910756547851754,45.28636329516717,15024400
2020-11-13,45.62784194946289,45.670524030915246,45.149794170467885,45.457110367219386,12447900
2020-11-16,45.969295501708984,46.626609885782734,45.48271267627305,46.5241722531735,14908200
2020-11-17,45.82417297363281,45.883928527013786,45.26929625631416,45.80709949317633,14248400
2020-11-18,44.910762786865234,46.114415475365334,44.8680807140825,45.88392837461849,15278200
2020-11-19,45.35466003417969,45.44002417320698,44.34734756277841,44.808321728965396,17189500
2020-11-20,44.96198272705078,45.45710391968668,44.89369205770002,45.405883475348396,15645600
2020-11-23,44.970516204833984,45.388805057251034,44.56076246399487,45.201003294637225,13191900
2020-11-24,45.43149185180664,45.74734309332372,45.26076030683433,45.363197931244365,13827600
2020-11-25,45.183937072753906,45.48271487247179,45.06442595286675,45.30344819264106,10194800
2020-11-27,44.98759460449219,45.405883502655406,44.91076556615536,45.33759283326358,8499300
2020-11-30,44.393951416015625,44.901556820743785,43.94657338517404,44.815523341420445,43203600
2020-12-01,44.77250671386719,45.022008399283216,44.557419733053415,44.85854019340595,18968800
2020-12-02,44.832733154296875,44.84994050749933,44.428368558956784,44.65206086862166,14913100
2020-12-03,45.40916442871094,45.5468199714874,44.65206058442391,44.65206058442391,17318900
2020-12-04,46.32973861694336,46.346945970827605,45.39195916303875,45.409166516922994,18122400
2020-12-07,45.589839935302734,46.26951233076205,45.34033823873352,46.25230497769172,16210900
2020-12-08,45.753299713134766,46.01140341618433,45.41776457097367,45.546814781515124,12485800
2020-12-09,45.88235855102539,46.114649613455704,45.59844214721741,45.91676997533212,11508400
2020-12-10,45.64145278930664,46.03721201266241,45.581228702359745,45.942576506007704,12097300
2020-12-11,45.89956283569336,46.06303105027057,45.40916475589582,45.42637210911275,10638100
2020-12-14,45.83073806762695,46.321136162007086,45.75330661683182,46.15767122453609,22292000
2020-12-15,46.321128845214844,46.64806195048229,46.114643915054714,46.27811210867175,16193700
2020-12-16,45.65006637573242,46.28672206221312,45.546822252005406,46.11465180463527,15679600
2020-12-17,45.83073806762695,46.20929000375475,45.72749722722249,45.85654745723628,12677300
2020-12-18,46.23509979248047,46.32113327379197,45.27150773556355,45.667270282710504,35480100
2020-12-21,45.43497848510742,45.59844342152548,44.720888078822334,45.32313232757553,14926600
2020-12-22,45.39195251464844,45.75330032935792,45.073624719332166,45.43497253404165,9689500
2020-12-23,45.66726303100586,45.933968749900316,45.546811581543054,45.55541689748789,7040300
2020-12-24,45.97699737548828,46.07163618356093,45.61565277953881,45.61565277953881,3265500
2020-12-28,46.59644317626953,46.83733954343514,46.226493308426996,46.32973413978842,9020500
2020-12-29,46.57063674926758,46.88036254500699,46.475997947017525,46.845947838376595,8320600
2020-12-30,46.837345123291016,47.0008133478851,46.48460256564671,46.50180991991805,8142700
2020-12-31,47.18147659301758,47.258908031399756,46.691078577252675,46.84594145401703,8495000
2021-01-04,45.39195251464844,47.000805406527135,44.76389895871452,46.69107964590949,25611100
2021-01-05,44.89296340942383,45.271515385919,44.7639098836811,45.022016935166555,20323800
2021-01-06,43.464786529541016,44.75530868321396,43.18087008038854,44.71229193448504,38724500
2021-01-07,42.98297882080078,43.24108252554719,42.60442693930381,43.09482496291201,53225700
2021-01-08,43.94657516479492,43.989591906198555,42.87974225536298,43.043207185483595,29674000
2021-01-11,43.18947219848633,43.75730177274112,42.97438518881455,43.5508167993906,19304400
2021-01-12,43.11204147338867,43.3357305231676,42.81091768557133,43.05181737221868,18538700
2021-01-13,43.155059814453125,43.327130087855124,42.974387504266396,43.00019689658808,18864100
2021-01-14,42.35493850708008,43.17226989586993,42.34633646975222,43.155062539246515,34303600
2021-01-15,41.898948669433594,42.311915319668564,41.75268780136883,42.29470796566287,24366800
2021-01-19,41.735477447509766,42.19146409096725,41.50318639004751,41.933360363368216,29114500
2021-01-20,41.88173294067383,42.00218111266141,41.56340516014001,41.76128476868625,23115800
2021-01-21,42.11402893066406,42.23447710745742,41.69245702992063,41.96776808601022,19702500
2021-01-22,41.71827697753906,42.10543096137057,41.71827697753906,41.9935880816699,15400300
2021-01-25,41.967769622802734,42.01939167844735,41.503184249868355,41.65804385286862,16604200
2021-01-26,42.40654754638672,42.50118633775131,41.82151072882987,42.07961443493632,12922600
2021-01-27,41.75267791748047,42.432353470956876,41.49457423242902,42.062403652328776,21242400
2021-01-28,42.286102294921875,42.58722275922051,41.821513622603774,41.89033975074336,17498900
2021-01-29,41.42576599121094,42.26030149027387,41.391351276495314,42.182870023147636,18670300
2021-02-01,41.70966720581055,41.89033948323598,41.451563483493246,41.528994928385124,12183600
2021-02-02,42.12263870239258,42.45817390850995,41.838725559511445,41.98498314906321,13319800
2021-02-03,41.95916748046875,42.23447854593525,41.873130721281235,42.114030365039504,12274100
2021-02-04,42.16565704345703,42.217279108647226,41.85593449821807,42.12264029678224,20597400
2021-02-05,42.71627426147461,42.82811712470888,42.38934114271523,42.587220764552896,12742000
2021-02-08,42.94856643676758,43.1636534159949,42.57861985190608,42.98298114111599,17833200
2021-02-09,42.75929260253906,43.034603676455895,42.69906851024269,42.888342822331204,14592900
2021-02-10,42.673255920410156,43.51639977806789,42.613031828001304,43.37013892367004,22965400
2021-02-11,43.2755012512207,43.52500294452316,42.84532727599591,42.853932593401915,21928600
2021-02-12,43.61103820800781,43.7486937544234,43.35293446872448,43.5077973686879,13137100
2021-02-16,43.24969482421875,43.6368520848229,43.15505601807472,43.55081531470687,15093400
2021-02-17,43.12924575805664,43.43897156029243,42.922760795910406,43.01739960014547,12794300
2021-02-18,43.67986297607422,43.748689100977586,43.043204090392614,43.155050235573185,12747100
2021-02-19,43.11204147338867,43.73149312195703,42.991593271048686,43.69707841215492,15968800
2021-02-22,43.55941390991211,43.77450087905571,42.73347745410601,42.88834033444673,14370900
2021-02-23,43.481990814208984,44.31652618290138,43.378746686190844,43.877750125709895,16222300
2021-02-24,43.62824249267578,43.791710698898065,43.129242402757406,43.35293141921043,14442000
2021-02-25,43.16365432739258,43.66265770508048,43.00018940123633,43.42176133348875,14211100
2021-02-26,42.148441314697266,43.198063427564485,42.131233964392365,43.18946139339528,23638400
2021-03-01,42.93136215209961,43.39594753061502,42.501188195793866,42.53559961800354,13901200
2021-03-02,43.10343551635742,43.49919810928345,42.75929826933706,42.87974646989255,11755100
2021-03-03,43.00019073486328,43.49919412802749,42.767896391352394,42.776501708871514,15410700
2021-03-04,42.96577835083008,43.95517987311213,42.690467250745314,43.28410947690143,22036400
2021-03-05,43.69707489013672,43.83473043628262,42.93136570957724,43.06041593798252,21310800
2021-03-08,44.428367614746094,45.15966534145691,44.015400992564835,44.282110038584115,25084900
2021-03-09,43.75730895996094,44.634864497398006,43.72289424508862,44.49720891987658,23082700
2021-03-10,44.25630569458008,44.41977393630016,43.63685728575071,44.03261662955206,21331600
2021-03-11,43.77450942993164,44.2477001980869,43.71428532936464,44.23049284335814,17417700
2021-03-12,43.687747955322266,43.96535053363492,43.54894666616594,43.88727460165425,17598600
2021-03-15,44.268985748291016,44.34706169513728,43.78318279838928,43.8092070109099,13411900
2021-03-16,44.433807373046875,44.69405938386138,44.2776555047014,44.416456797754726,14214200
2021-03-17,44.45116424560547,44.780815295005404,44.37308830037194,44.459837879838375,17502700
2021-03-18,43.86992263793945,44.407777202731424,43.80052365020033,44.295003433994886,18007300
2021-03-19,44.078125,44.3123527820449,43.52291656703232,43.774494922852796,67845700
2021-03-22,44.24296188354492,44.312364196524655,43.6530554603549,43.6530554603549,17911400
2021-03-23,44.58128356933594,44.80683774527661,44.0954806844495,44.23428198145761,16936700
2021-03-24,44.694068908691406,45.015046346790555,44.37309147059226,44.39043874029745,14997400
2021-03-25,45.12782287597656,45.162524033510394,44.390438170162994,44.85022023427496,17091900
2021-03-26,46.0126838684082,46.07340924120677,44.9022699601959,45.231924347734285,17126700
2021-03-29,46.71535873413086,46.79343467718387,45.726398994982304,45.743749572247886,17514100
2021-03-30,46.10810470581055,46.66330993671156,45.91725166670674,46.628608782459196,14871800
2021-03-31,45.72639465332031,46.12544796468641,45.54421857325543,46.00399724464315,15826500
2021-04-01,45.55289077758789,46.108099252102555,45.50951599454495,45.94327044354202,15834700
2021-04-05,45.81315231323242,46.16883087731958,45.36204722792701,45.41409565093022,16368700
2021-04-06,46.14280319213867,46.54185985301914,45.89122809352279,46.01267882580996,15614300
2021-04-07,46.22087860107422,46.41173164062344,46.08207729302503,46.22087860107422,10062700
2021-04-08,46.08208084106445,46.307635052313316,45.95195646622193,46.12545563267862,9695600
2021-04-09,46.134124755859375,46.22087432438183,45.81314738118559,46.12544781343678,10828200
2021-04-12,46.2816047668457,46.455107232228556,46.06472751243821,46.26425749866327,8565300
2021-04-13,46.05605697631836,46.2295594533719,45.81315549401411,46.012682184376104,11071700
2021-04-14,46.04737091064453,46.14279410344315,45.674341843932346,45.96061804089541,9787600
2021-04-15,46.264259338378906,46.55053560475286,46.082079922376124,46.09075686609666,13078100
2021-04-16,46.56788635253906,46.67198651257384,46.3076342978099,46.61993808719866,17974100
2021-04-19,46.845489501953125,47.157793294784994,46.23823249470055,46.845489501953125,19352900
2021-04-20,46.992958068847656,47.35731354740226,46.680657627737425,46.70668183717561,14419200
2021-04-21,47.37466812133789,47.48744522056047,47.05369071047209,47.05369071047209,13866500
2021-04-22,47.22719192504883,47.60022108472267,47.123091764690955,47.25321944710162,12558900
2021-04-23,47.25321578979492,47.35731594209564,46.99296044511685,47.19249042517915,9020500
2021-04-26,46.550533294677734,47.287914628679125,46.481134294779416,47.25321678337209,11684600
2021-04-27,46.48114013671875,46.585240304292086,46.255585912811085,46.463789557242414,9852400
2021-04-28,46.489803314208984,46.88885662454597,46.359675652050264,46.82813126468095,10868100
2021-04-29,47.07103729248047,47.157790178803985,46.35100653705856,46.44643305737231,15391000
2021-04-30,46.8281364440918,47.07971485380631,46.57655803437728,47.06236427631383,14912600
2021-05-03,47.26188278198242,47.539485355296094,46.98428020866876,47.07970671373602,10417900
2021-05-04,46.9669303894043,47.383334256070576,46.79342795097241,47.339959473783544,14151000
2021-05-05,46.845489501953125,47.05369313360252,46.59391107891807,46.96694024154675,9665900
2021-05-06,47.313941955566406,47.374667321210424,46.88886108677406,46.949586452418075,11572700
2021-05-07,47.28791427612305,47.51346847000051,46.98428744892364,47.22718891068317,10637500
2021-05-10,47.634918212890625,48.1467486461854,47.565519214949106,47.60889400232307,15545800
2021-05-11,47.12308883666992,47.83444595526957,46.88886100845527,47.73901943533573,12986700
2021-05-12,46.88018798828125,47.331293073421044,46.74138667818318,47.15779060847739,15836500
2021-05-13,47.28791427612305,47.52214210394154,46.69801119889052,46.81946192977028,15475800
2021-05-14,47.478759765625,47.799737118949075,47.44405861681059,47.626237993444406,11725300
2021-05-17,47.40069580078125,47.73035017916535,47.27924505855672,47.574198279366804,12119800
2021-05-18,47.140438079833984,47.331291114300704,46.932234468662635,47.183812866953474,13232500
2021-05-19,46.992958068847656,47.00163501151639,46.50715517648685,46.94958328335601,15126100
2021-05-20,47.40937042236328,47.53949479296462,46.94958838024233,46.94958838024233,10948400
2021-05-21,47.383338928222656,47.81709341243011,47.036337326427144,47.53949080728007,16033200
2021-05-24,47.53948974609375,47.6522668360698,47.27056408982996,47.392014813211546,10326100
2021-05-25,47.530818939208984,47.556843150257194,47.14911286098617,47.556843150257194,11916500
2021-05-26,47.739009857177734,47.756360430892215,47.357307163309834,47.69563507753332,16064300
2021-05-27,48.13807678222656,48.20747578271954,47.522142865448394,47.89517200729045,59109600
2021-05-28,47.96456527709961,48.328917406907266,47.88648934795745,48.016613690338616,17011600
2021-06-01,47.955894470214844,48.27687516957447,47.79974259195451,48.007946199396315,13304000
2021-06-02,48.1467399597168,48.19879168074505,47.938536384887314,48.1467399597168,11328500
2021-06-03,48.26819610595703,48.35494898411445,47.79974049175874,47.86914279428468,17364300
2021-06-04,48.78871154785156,48.996911871430775,48.389654860636526,48.49375833171061,18935100
2021-06-07,48.61520767211914,48.875459723741336,48.41568098889931,48.84943551136443,14010800
2021-06-08,48.27688217163086,48.79738630180294,48.190129277079144,48.79738630180294,10968300
2021-06-09,48.12940216064453,48.511104954980105,48.12940216064453,48.3636300035156,9838800
2021-06-10,48.50242233276367,48.68459840703275,48.37229467440929,48.50242233276367,12444400
2021-06-11,48.71930694580078,48.7626817354024,48.28555243121591,48.5718319992984,11825800
2021-06-14,48.5532341003418,48.693081267832596,48.24731946339926,48.67559995511881,9710800
2021-06-15,48.430870056152344,48.76300834169229,48.23857894333139,48.75426601789883,11154200
2021-06-16,47.78407669067383,48.474573592038354,47.75785638669433,48.457092277978774,15211700
2021-06-17,48.02881622314453,48.203626045789456,47.766603156287175,47.78408113775363,10658400
2021-06-18,46.9974365234375,47.74037401632266,46.95373490636537,47.644228458232185,31445600
2021-06-21,47.51313018798828,47.574313127207546,47.19847316673483,47.390764309549745,14404300
2021-06-22,47.687931060791016,47.941401761013246,47.425714702833645,47.49563995408081,13072800
2021-06-23,47.30335235595703,47.72289389189979,47.2946133660127,47.6879345979027,12339200
2021-06-24,47.539337158203125,47.56555745787829,47.19845992554923,47.425710302578764,11488400
2021-06-25,47.4781608581543,47.609269043254784,47.20720549824913,47.40823893786178,18880300
2021-06-28,47.425716400146484,47.52186195694253,47.198465993899156,47.41697741053758,10556900
2021-06-29,47.07609176635742,47.495633211624025,46.95372592826538,47.312084454485955,12300900
2021-06-30,47.29460144042969,47.35578435727168,46.979944534260085,47.02364614140166,14614200
2021-07-01,47.16351318359375,47.61801742490811,47.0761099324342,47.49565153959661,13214700
2021-07-02,47.35578536987305,47.591778054546445,47.19845691342411,47.19845691342411,10604600
2021-07-06,47.09357833862305,47.27712711626968,46.805141687275984,47.18972388907206,15278200
2021-07-07,47.4781608581543,47.53060479903842,46.95373478619166,46.95373478619166,14377700
2021-07-08,47.312095642089844,47.34705493679774,46.97121834559424,47.207207755306726,11943900
2021-07-09,47.600528717041016,47.65297266012612,47.35579698441678,47.41697991757284,10847000
2021-07-12,47.618003845214844,47.72288838353941,47.434455069592,47.478156682708956,15107600
2021-07-13,48.08999252319336,48.3347242405845,47.853999795329216,48.02880959384557,15170800
2021-07-14,49.17380905151367,49.25247329698113,48.037550321376784,48.089994263094994,22002700
2021-07-15,49.33113479614258,49.357358432651644,48.86789167318984,49.156328335252915,15068200
2021-07-16,49.29616928100586,49.540900962730376,49.1738001059245,49.34860987896449,14860500
2021-07-19,48.710567474365234,49.25247488605863,48.21236168173715,49.016485476262005,19527000
2021-07-20,48.797969818115234,49.234992639337605,48.527014468638335,48.710563253339046,16257900
2021-07-21,49.427276611328125,50.310064509453845,49.322392075884224,50.10903442726167,20918200
2021-07-22,49.35735321044922,49.59334590874473,48.9902523461387,49.48845804224506,13402700
2021-07-23,49.82933807373047,50.10903573256557,49.33987467276257,49.462240523004546,12144000
2021-07-26,49.873046875,49.925487481030764,49.43602404223903,49.72445737806707,8681100
2021-07-27,50.0478515625,50.2925866074199,49.75067591341258,49.916746717861706,12794400
2021-07-28,49.59334945678711,49.96044701314161,49.49720390606014,49.81186085963223,9858000
2021-07-29,49.86429977416992,50.039109557371404,49.69823231394911,49.881781085911996,9599100
2021-07-30,49.84682083129883,50.039111935380646,49.73319730090453,49.951708706735886,11727000
2021-08-02,49.71571731567383,50.03037428194701,49.56712782194725,49.99541165586787,9778000
2021-08-03,49.75067901611328,49.82060427165685,49.60209284941274,49.82060427165685,8825500
2021-08-04,49.033966064453125,49.77690696495695,48.95530181226378,49.602097145178405,11888400
2021-08-05,49.38357925415039,49.462243496065604,49.200030467754736,49.33113531480039,9806800
2021-08-06,49.50594711303711,49.59335368215387,49.33113730902328,49.47098448539041,10409300
2021-08-09,49.514686584472656,49.715716680530136,49.32239547771354,49.64579142926519,8859900
2021-08-10,49.645790100097656,49.96918604299102,49.523424247879596,49.680752724794075,10906900
2021-08-11,49.584617614746094,49.97793888985177,49.56713629871694,49.72446480875921,8370700
2021-08-12,49.68075180053711,49.80311765047869,49.58460625152035,49.58460625152035,6169200
2021-08-13,50.021629333496094,50.08281225881432,49.6195691573422,49.65453178158672,7714200
2021-08-16,50.240135192871094,50.248877515077744,49.846814049046785,49.99540351858886,7972000
2021-08-17,50.065338134765625,50.31007320539546,49.82934538856177,50.22266663223486,10346400
2021-08-18,49.38357925415039,50.021632178920676,49.31365400168373,49.986669552687346,13873700
2021-08-19,49.69823455810547,49.80311909907478,48.90285317613106,48.99899872794436,9223700
2021-08-20,49.50594711303711,49.84682439704324,49.45350650578675,49.680756917050935,10543600
2021-08-23,49.33113479614258,49.60209014527279,49.27869419156349,49.53216489354131,8912800
2021-08-24,48.95530319213867,49.50595297298495,48.859160956059554,49.50595297298495,12067200
2021-08-25,49.00774383544922,49.09514707479888,48.710568153752554,48.999004845202194,11270700
2021-08-26,48.54450225830078,48.929081191967164,48.51827861825946,48.90286088614581,10331500
2021-08-27,48.64064407348633,48.76300993684085,48.46583426831427,48.64938306334606,8844100
2021-08-30,49.103878021240234,49.121359331903484,48.631892635989715,48.6755942455383,10034700
2021-08-31,49.217525482177734,49.40107431967021,48.94657005476946,49.086417264414266,14185700
2021-09-01,49.549652099609375,49.64579766506537,49.19129347741333,49.27870005247329,9518900
2021-09-02,49.619571685791016,49.84682208652159,49.30491471999518,49.619571685791016,11653200
2021-09-03,49.584617614746094,49.6195802468044,49.16507603270674,49.348624849682686,13220400
2021-09-07,48.65812301635742,49.54965003958431,48.51827583629555,49.470985792410765,20035300
2021-09-08,49.313655853271484,49.366099794590596,48.60568098367164,48.60568098367164,12040100
2021-09-09,48.824188232421875,49.31365163936303,48.77174429558415,49.103882560450934,12545400
2021-09-10,48.605682373046875,49.06018654147868,48.52701812592945,48.95529865584226,10573700
2021-09-13,49.00774383544922,49.29618052689886,48.71931047821944,48.71931047821944,20274300
2021-09-14,49.0429573059082,49.29834432098456,48.91966794949424,49.245504585643005,13918900
2021-09-15,49.210289001464844,49.31596512897097,48.80519102048825,49.03415988269896,15746000
2021-09-16,48.74354934692383,49.30716323370288,48.27681000880903,49.06938941257353,17430400
2021-09-17,47.942161560058594,48.602643229365675,47.88051687300728,48.45293566349348,33370200
2021-09-20,47.607521057128906,47.90693955532658,47.31690750326782,47.651552497579004,27542500
2021-09-21,47.59871292114258,48.27680785649108,47.50184173618085,47.89813142039538,16418200
2021-09-22,47.669166564941406,48.047843006211124,47.60752187537504,48.003808205620615,12719700
2021-09-23,47.58990478515625,48.10067550881289,47.55467829128108,47.78364378270301,13836200
2021-09-24,47.45781707763672,47.76604392468854,47.43139888137493,47.554688276442036,9682200
2021-09-27,47.21124267578125,47.77485331098072,47.17601617123519,47.422594984288864,12429500
2021-09-28,46.35701370239258,47.07914017522075,46.17207961141112,47.07914017522075,19926100
2021-09-29,46.63880920410156,46.81493831257322,46.28655434654158,46.35700397430025,13941500
2021-09-30,46.20729064941406,46.964643369762555,46.17206416023904,46.82373741306245,17672000
2021-10-01,46.69164276123047,46.850158601924875,46.29535315949446,46.48028718717698,16277400
2021-10-04,46.66523361206055,47.140777866861185,46.14565455790751,46.726878299893656,18973400
2021-10-05,46.744483947753906,47.08793382680778,46.612386289941035,46.69164421275216,17173100
2021-10-06,47.299293518066406,47.35213326141318,46.24252216681562,46.47149102860144,21284500
2021-10-07,47.449005126953125,47.801260009513975,47.38736043852039,47.545876311457015,13774400
2021-10-08,47.66035461425781,47.89812840984167,47.466615615895066,47.554678491570556,13786800
2021-10-11,47.75722885131836,47.89813147705201,47.56348648116573,47.7396156031787,12378500
2021-10-12,47.75722885131836,48.28561621735726,47.748423906940324,47.92454966956971,19474400
2021-10-13,47.766029357910156,47.933350148848604,47.369739737915886,47.70438131979279,12143300
2021-10-14,48.09186553955078,48.267994631138244,47.8276735818611,47.89812320286628,13704000
2021-10-15,47.977386474609375,48.32964469705389,47.81006566660909,48.1182890917105,17867000
2021-10-18,47.50183868408203,47.89812834283406,47.431389055516874,47.862901848859806,15861800
2021-10-19,47.68678283691406,47.73081428091279,47.35213781563283,47.589911644486556,11068500
2021-10-20,48.10948944091797,48.22397052033186,47.65155504511114,47.713199736913616,12474800
2021-10-21,47.86290740966797,48.14471267543603,47.739618025817414,48.08306798351075,14388300
2021-10-22,47.950965881347656,48.02141550667697,47.61632092272956,47.898126142813254,12828600
2021-10-25,47.75722885131836,47.96858446961063,47.57229478492735,47.88932653267398,11855000
2021-10-26,47.96858596801758,48.06545715611988,47.757230343123126,47.83648828253558,12086700
2021-10-27,48.89325714111328,49.38641800058632,48.67309658303517,49.289546817530585,24019800
2021-10-28,49.3511962890625,49.41284098254942,48.981324768757126,49.09580921068306,15928000
2021-10-29,49.64179611206055,49.72986234101789,49.122217119053225,49.201475045423265,24463700
2021-11-01,49.465675354003906,49.66822603506657,49.22790489418613,49.659417730994086,11651100
2021-11-02,49.404022216796875,49.75628041303177,49.28954115849619,49.72986222409825,11498900
2021-11-03,49.571353912353516,49.606580409212164,49.122224475864854,49.315966849203775,10788300
2021-11-04,49.84434509277344,49.87076664204974,49.34237932850608,49.4128323140652,10820200
2021-11-05,50.05570983886719,50.33751511384338,49.83554925783054,50.05570983886719,12886700
2021-11-08,49.6065788269043,50.099736329660495,49.430449707612716,49.97644695397145,12828000
2021-11-09,49.747474670410156,49.77389285891914,49.39521647983603,49.677021688542105,10155800
2021-11-10,49.95003128051758,50.12615704930651,49.57135483073072,49.79151540110058,8813600
2021-11-11,49.96763610839844,50.09092546952664,49.817925198897676,50.04689403474987,7257700
2021-11-12,49.8531494140625,50.1877943499749,49.80030967911328,49.97643876956102,10162500
2021-11-15,49.861961364746094,49.914801107121704,49.55373793268031,49.7827034308744,10289200
2021-11-16,49.50971221923828,50.14377240415377,49.483290665303244,49.86196713099492,13756500
2021-11-17,49.23670959472656,49.359998976060346,49.007744080732934,49.351194031415226,13288700
2021-11-18,48.79638671875,49.25432108981729,48.55861290919293,49.166258208966624,15380100
2021-11-19,48.5498046875,48.86683641217482,48.34725738770961,48.82280161533849,15813700
2021-11-22,48.84922790527344,49.3335804830208,48.50577795667773,48.52338784586098,16905600
2021-11-23,49.210289001464844,49.41283631226138,48.875644011748015,49.016546634884016,13835900
2021-11-24,48.813995361328125,49.175058513764206,48.461737152392956,49.060574091952795,12598900
2021-11-26,47.316898345947266,48.2151536666994,47.184804050161404,48.07425106889806,14754300
2021-11-29,48.06544494628906,48.19753923883209,47.49302626712075,47.59870237303174,22712500
2021-11-30,46.547874450683594,47.59509094750205,46.53899784106068,47.568464504067926,30485200
2021-12-01,46.41476821899414,47.497484752681956,46.39701837912958,47.01824923264613,18719600
2021-12-02,47.09811019897461,47.337727899872526,46.601124961693564,46.68099752865954,17074200
2021-12-03,47.515228271484375,47.57735101002812,47.018242977699096,47.32886005585315,21064400
2021-12-06,48.73106384277344,49.032804312421135,48.04771032664672,48.19858225418826,26624100
2021-12-07,48.99729537963867,49.183663561888004,48.67780513267711,48.82867703171328,23832700
2021-12-08,48.81092834472656,49.121541989109986,48.2429471747484,48.91742396773876,18026300
2021-12-09,48.68669128417969,48.926309016361174,48.44707355199821,48.589068868983304,13846400
2021-12-10,49.946895599365234,49.982395272340675,48.873055882621756,49.0328010255761,23153600
2021-12-13,51.260345458984375,51.41121735412746,50.5503690315204,50.568118865386325,31362800
2021-12-14,51.29584503173828,51.62420849406339,50.940858511380895,50.940858511380895,24806600
2021-12-15,51.5265998840332,51.695218261322,51.16273668061556,51.41122763355386,24923800
2021-12-16,52.050201416015625,52.254319441378506,51.38459783466215,51.455593789580384,24696900
2021-12-17,51.233726501464844,52.28981631025345,51.20710344125246,51.90820670061456,51874400
2021-12-20,51.06510543823242,51.278096679514,50.585870067196744,50.763365025221226,20879500
2021-12-21,51.26921844482422,51.44671338550318,51.056223838922584,51.12722316936793,15864900
2021-12-22,51.63309097290039,51.641964198108234,51.02073687050841,51.2159782939962,12447400
2021-12-23,51.668575286865234,52.014688519489425,51.420081044251596,51.93481597461969,11027300
2021-12-27,52.050201416015625,52.0856977007573,51.473343624668665,51.473343624668665,9860000
2021-12-28,52.25431823730469,52.307564355907715,51.73958318791008,51.82833236130646,8979900
2021-12-29,52.31644821166992,52.449566912048915,52.05908065132781,52.31644821166992,9996000
2021-12-30,52.16556930541992,52.56493212396557,52.14781947065847,52.41406360664545,7703900
2021-12-31,52.547183990478516,52.67142945239646,52.0945750384296,52.138947934052446,10021300
2022-01-03,52.62705993652344,52.63593654747903,51.81058777123683,52.2010740174041,20187300
2022-01-04,53.50565719604492,53.72752506958755,52.884426473038545,53.0086719405528,26141600
2022-01-05,53.94938659667969,54.31324973106838,53.29265627865793,53.32815594675309,22507300
2022-01-06,53.665401458740234,54.2422558892621,53.63877501225444,53.665401458740234,17902300
2022-01-07,53.54115295410156,53.88726626985526,53.30153526194096,53.49677667428917,12307900
2022-01-10,53.62989044189453,53.97600370407599,53.408022618913144,53.73638604900398,20954300
2022-01-11,53.64765167236328,53.68315134408706,53.10629352759825,53.62990183650139,19369600
2022-01-12,53.72752380371094,53.86064249343905,53.41690675680867,53.71864719313473,15753800
2022-01-13,54.04701232910156,54.1712577896732,53.59439999652218,53.72752206738315,14318000
2022-01-14,54.481876373291016,54.535125883543,53.567781785960634,54.08251350998908,19729600
2022-01-18,54.04701232910156,54.304376475099275,53.647649501953545,54.18900762481699,21976700
2022-01-19,54.13576126098633,54.29550640111585,53.745275021466995,53.83402081690114,18654700
2022-01-20,53.91388702392578,54.52624106519413,53.88726396552467,54.13575487176087,23002400
2022-01-21,53.64765167236328,54.402001076600925,53.60327877542607,54.2067596529902,26643200
2022-01-24,53.2127799987793,53.558893274928344,51.97919539489037,53.15953388579295,30185100
2022-01-25,53.08854293823242,53.29266096959449,52.085699231597054,52.680306875508286,19027100
2022-01-26,52.89330291748047,53.55890657861706,52.54718955535909,53.06192467831366,19190200
2022-01-27,52.93767166137695,54.07363399787386,52.804549593941,53.14178968212657,18893800
2022-01-28,53.99375534057617,54.03812822956848,52.307558475393165,52.70692124719277,19101500
2022-01-31,54.144630432128906,54.26000266590255,53.38140784641245,53.51452652959603,22045300
2022-02-01,53.74527359008789,54.260005283680385,53.39028364693548,54.05588725127,20841700
2022-02-02,54.295501708984375,54.37537427214668,53.74527037688564,53.79851649537065,20225600
2022-02-03,54.677120208740234,54.82798874025469,53.77189886334807,54.08251253731027,19440500
2022-02-04,54.10026550292969,54.739246109679634,53.754152136085246,54.57062773198077,17403700
2022-02-07,54.66823196411133,54.77473096003635,54.0115050830791,54.47299057578429,17846400
2022-02-08,55.023223876953125,55.31609104840355,54.79248281480226,54.87235537197651,18771700
2022-02-09,54.171260833740234,55.307223263297175,54.047015366186834,55.174101184955624,23595600
2022-02-10,54.47299575805664,55.28946782521682,53.425779229874856,53.567774519182485,23561500
2022-02-11,53.50565719604492,55.00548280243647,53.38141172853066,54.819114601165076,22781400
2022-02-14,53.851768493652344,53.94939089597636,52.609307094785805,53.39028292794291,23641300
2022-02-15,54.05588912963867,54.82798838957431,53.80739819205826,54.10026202771587,13408700
2022-02-16,54.04701232910156,54.49074805139161,53.74527190252694,54.011512658813984,15484700
2022-02-17,55.129730224609375,55.27172553329378,53.61215472827563,53.73640020019509,21468700
2022-02-18,55.50246047973633,55.750951380836405,55.0143519016749,55.129720742651585,21975000
2022-02-22,55.27172088623047,55.591211150267505,54.77473904033722,55.404842958057536,21731400
2022-02-23,54.65936279296875,55.31609310812565,54.43749494649387,55.236220547977304,19248500
2022-02-24,53.70089340209961,53.79851579863755,52.55605785884623,53.221661414767034,27207400
2022-02-25,55.77758026123047,55.82195654286039,54.06476006171261,54.08250989727758,21487800
2022-02-28,55.236228942871094,55.32497474077491,54.499625955615706,54.71262061019413,25879100
2022-03-01,54.99660110473633,55.68882768021105,54.58836170737742,55.147469610494845,15871100
2022-03-02,55.40484619140625,55.80420904475881,54.82798836040421,55.22735121375677,17319100
2022-03-03,55.440345764160156,55.92845441274068,55.28060062310688,55.56459123266046,21262800
2022-03-04,55.52908706665039,55.54683690149055,54.31325215629574,54.54399323834811,17163000
2022-03-07,54.20676040649414,55.08535528854294,53.887270127409096,55.03210578021708,29151400
2022-03-08,52.05907440185547,54.61499309044115,51.99695167204912,54.53512052562801,30242100
2022-03-09,52.325313568115234,53.106289357538756,52.05907282196294,53.08853952307064,23022700
2022-03-10,51.366851806640625,52.059078499213626,51.02961168583847,51.899333357014456,20887300
2022-03-11,51.402339935302734,52.22768857718532,51.349093819977796,51.43783960247576,19855600
2022-03-14,52.35027313232422,52.797405625607446,51.84054236288936,51.84054236288936,17799400
2022-03-15,53.31607437133789,53.55752631270525,52.74374535980787,52.83317389995318,18607200
2022-03-16,53.17299270629883,53.6022394696918,52.41286886908524,53.45915721522748,17347300
2022-03-17,53.73637771606445,53.78109027857699,52.96730935998945,53.17298987662698,15586200
2022-03-18,53.74531936645508,53.92417302952703,53.396556599707196,53.92417302952703,30197800
2022-03-21,54.174564361572266,54.63957906537113,53.879455333913825,54.10302153861886,17440100
2022-03-22,54.37130355834961,54.5054446537463,53.7095494631453,54.48755894693676,17559500
2022-03-23,54.01359558105469,54.53226739400027,53.65588829455121,54.326586898233096,15529200
2022-03-24,54.53227615356445,54.568047570230696,54.067257970953484,54.22822593460151,13151300
2022-03-25,55.02412033081055,55.095663163022,54.59487357159182,54.65747184410184,12259800
2022-03-28,55.37288284301758,55.390768550984376,54.73795556127112,55.02412006603994,11485200
2022-03-29,55.58750915527344,55.9183862315938,55.21191951372331,55.63222172050321,14720600
2022-03-30,55.632225036621094,55.632225036621094,55.0509548312857,55.45337135369087,13641000
2022-03-31,55.444419860839844,56.016748810361605,55.444419860839844,55.64115921649406,16822900
2022-04-01,56.222434997558594,56.29397782915672,55.52490944622678,55.73953452967117,12644900
2022-04-04,55.92732238769531,56.1508885916007,55.194025511793605,55.980976093368895,11505800
2022-04-05,55.8647346496582,56.55331909679324,55.77530610443601,55.80213637367776,15721200
2022-04-06,56.4281120300293,56.57119427302271,55.71270081506224,56.13300639632091,19267400
2022-04-07,56.73216247558594,56.93784298759604,56.07934952581045,56.45494254743525,13960800
2022-04-08,57.080936431884766,57.268731262648906,56.48177710961553,56.76794163592762,12703500
2022-04-11,57.06304168701172,57.501232967426894,56.91101488759636,57.15246680806803,12720100
2022-04-12,57.73374557495117,57.95731182246595,57.13458966905968,57.57277760383252,18089900
2022-04-13,57.88576889038086,58.01096542821042,57.43863644878969,57.62643125553403,11883000
2022-04-14,58.145103454589844,58.636951901158604,57.96625319549214,58.091449741400545,16388400
2022-04-18,57.62643051147461,58.288184606129235,57.39391973449344,57.92153273386278,11679400
2022-04-19,58.18981170654297,58.350779647443886,57.62642732473934,57.6800810308066,11993800
2022-04-20,58.9857063293457,59.23609938570444,58.484920216628225,58.5206916279222,14827100
2022-04-21,59.20927429199219,59.91574433496418,58.77108643034601,59.0035971993151,15120400
2022-04-22,58.35078048706055,59.325525882370215,58.288182221514965,59.093021937600476,14902200
2022-04-25,58.96783447265625,60.09460342571444,57.93048382961187,59.915753160286236,25082000
2022-04-26,58.171932220458984,59.352361569820346,58.16298766144958,58.59223097610854,21982600
2022-04-27,58.628013610839844,59.27188552876475,58.12722737365415,58.12722737365415,16971000
2022-04-28,59.191402435302734,59.2718830102733,57.680092404539785,57.82317807919922,22010600
2022-04-29,57.77845001220703,59.048304406987626,57.67113577866395,58.905225584962594,20137100
2022-05-02,56.73216247558594,58.404436837650536,55.96309754816329,58.37760998301654,24970300
2022-05-03,56.41022872924805,57.179293639537825,56.043576863552744,56.9825576910217,21686300
2022-05-04,58.1540412902832,58.23452867346084,56.28502764347704,56.338684761812246,19780200
2022-05-05,57.689022064208984,58.154036741341116,57.24188968044016,57.84998999527371,20155200
2022-05-06,57.894710540771484,58.40444128573717,57.29555466598201,57.41180665248293,18984000
2022-05-09,57.77845001220703,58.44914862077835,57.26871934260078,57.65325348442297,20055300
2022-05-10,57.24189758300781,58.41338240694864,57.09881192555262,57.680085469239934,21322200
2022-05-11,57.51017761230469,58.30607288390519,57.19718623965846,57.5280667322846,19648400
2022-05-12,57.689022064208984,57.7069043575723,56.52647513733056,57.37603076011055,22574700
2022-05-13,58.771087646484375,58.84263047267826,57.34026523610393,57.95730334960272,16167000
2022-05-16,58.9857063293457,59.361295913883815,58.5206916279222,58.5206916279222,13223200
2022-05-17,58.824745178222656,59.11090967889863,58.13616419377417,59.11090967889863,21300600
2022-05-18,54.7290153503418,58.592236230888815,54.51439026241416,58.50281110087316,31437300
2022-05-19,53.6558952331543,54.514388738160775,53.35184502371242,54.514388738160775,31493900
2022-05-20,54.53227615356445,54.764786950544966,53.351846694378935,54.09408823912819,29133800
2022-05-23,56.2134895324707,56.42811118808364,55.077772753190644,55.131429872768734,19406900
2022-05-24,57.25083923339844,57.402869460512704,56.11512574618092,56.23138114513589,16154200
2022-05-25,57.29555130004883,57.653258621029885,56.87524570959856,57.232953030579615,15360500
2022-05-26,57.50123596191406,58.21664379032014,57.19718234724917,57.295552032343714,16159800
2022-05-27,57.84104919433594,57.97519028271953,57.35814536977451,57.46545960502122,17709000
2022-05-31,56.678504943847656,57.51911264206901,56.383395917377136,57.304490996771854,43159000
2022-06-01,56.401283264160156,56.946785363133095,55.56067554147951,56.714274594054636,15408300
2022-06-02,56.99150085449219,57.0004454137205,55.54279269234009,56.49965584877973,14586000
2022-06-03,56.31186294555664,56.90207765464164,56.16878069521331,56.84842053150666,13539900
2022-06-06,56.222434997558594,57.02727479628759,56.03464018163849,56.63379945654784,15112800
2022-06-07,56.5622444152832,56.66955522816603,55.64115283106133,55.78423505202152,17886300
2022-06-08,56.24032211303711,56.526486623891756,55.94521645368391,56.32975065477297,10211500
2022-06-09,55.26556396484375,56.65167372275227,55.24767825947951,56.22242702805896,13382200
2022-06-10,54.91680908203125,55.34605583803113,54.067256718315875,54.55910174635636,14967600
2022-06-13,54.85420608520508,55.70375837574553,54.25504686125982,54.32658968677256,23064200
2022-06-14,53.34999084472656,54.84519559478792,52.83657739317514,54.70107959849272,24620000
2022-06-15,53.74631118774414,54.62001638399357,53.1158058254987,54.04355237508544,19684700
2022-06-16,53.205875396728516,53.611202714234615,52.46728047860469,52.81856300844451,15053800
2022-06-17,53.5301399230957,54.16064873335999,53.25992284326718,53.77333632574035,34781900
2022-06-21,54.674068450927734,54.83619940451377,53.151839324036274,53.58419082426369,17705000
2022-06-22,55.07938766479492,55.34960473535718,54.33178355237632,54.583985693434904,15207100
2022-06-23,55.7369270324707,55.76394771352875,55.15145374556776,55.21450429203458,17190900
2022-06-24,56.78175735473633,56.79977228372154,55.944082054904364,55.944082054904364,18147100
2022-06-27,56.66466522216797,57.0069420201499,56.41246307417948,56.72771575916509,12142100
2022-06-28,56.09720993041992,57.43028389710335,55.94408817129936,56.81779342462437,13150100
2022-06-29,56.50253677368164,56.84481358672008,56.23231968380781,56.33140008516078,11795500
2022-06-30,56.66466522216797,56.84481108615828,55.98912080920174,56.13323681319467,15514200
2022-07-01,57.988731384277344,58.05178192285014,56.58360116923033,56.853818253970395,15143200
2022-07-05,56.9979248046875,57.808579360403655,56.22330010389119,57.808579360403655,15921200
2022-07-06,57.11502456665039,57.7275149680441,56.916863785142915,57.28616123686371,13450500
2022-07-07,56.66466522216797,57.26815335113602,56.4755136111766,56.979917907153585,14828400
2022-07-08,56.8718376159668,57.124039789909986,56.637650373876255,56.77275720877571,11311500
2022-07-11,56.691688537597656,57.16006643137213,56.376435837940186,56.73672758268877,12702100
2022-07-12,56.44849395751953,57.15106253898385,56.268351515294825,56.7457351719846,14731100
2022-07-13,56.18728256225586,56.74573165776112,55.826990828125396,56.14224695448871,13145300
2022-07-14,56.00713348388672,56.070184018344904,55.214493775845575,55.24151788775367,14433000
2022-07-15,56.295372009277344,56.7187143063061,55.90805957497377,56.52055349731445,21968400
2022-07-18,55.529754638671875,56.349415092805216,55.40365012296183,56.313385231173775,10780800
2022-07-19,56.322383880615234,56.430473451887686,55.781949768238114,55.9260657606051,10998200
2022-07-20,55.3946418762207,56.36742748039854,55.07938919116116,56.2052965463689,11010500
2022-07-21,55.2685432434082,55.73692113618246,54.755129741635734,55.17846858941505,11959600
2022-07-22,55.4757080078125,55.727910158881414,55.23251160385464,55.28655639451081,11644700
2022-07-25,56.01614761352539,56.115228021357794,55.22351122286004,55.439683534497156,14941700
2022-07-26,56.934879302978516,57.46630768397626,56.322385459252416,56.5205462428098,20118000
2022-07-27,56.754737854003906,56.91686879204586,55.65585458460434,56.63764596008211,12142900
2022-07-28,57.70048904418945,57.87162913483186,56.64664157147917,56.67366224431912,10837000
2022-07-29,57.79957580566406,57.907665380946504,57.31318646087877,57.38524274173731,13734200
2022-08-01,58.114837646484375,58.58321900795168,57.6734838370968,57.72752519726845,12831500
2022-08-02,57.32219314575195,58.18688914618651,57.13304153990623,58.177879963433966,15241900
2022-08-03,57.574405670166016,57.73653662898665,57.02496568304843,57.24113800414454,11317000
2022-08-04,57.34921646118164,57.403261252194575,56.67367203550479,57.322195783673486,11795600
2022-08-05,57.08800506591797,57.31318652735627,56.4484871040759,57.31318652735627,10445400
2022-08-08,56.718711853027344,57.475321757545935,56.520551052606834,57.19609548749855,9165200
2022-08-09,56.790767669677734,57.02495832932813,56.610621801330495,56.90786299950293,7910900
2022-08-10,57.33120346069336,57.45730453374745,56.8358014794144,57.31318853082898,8857300
2022-08-11,56.94388961791992,57.63744893816687,56.81778854805619,57.36722843303436,8507800
2022-08-12,57.3762321472168,57.43027349429546,56.82678887860953,57.133035777374424,9489300
2022-08-15,58.09681701660156,58.26795712623081,57.259141705668526,57.32219223995411,9863300
2022-08-16,58.57419967651367,58.75434896586657,57.94369434376036,58.15986661899111,9569600
2022-08-17,58.439090728759766,58.7453410914826,58.33100802473408,58.39405855941336,8144000
2022-08-18,58.74535369873047,58.862445610551504,58.285981492057516,58.511163003094055,6532000
2022-08-19,58.7003059387207,58.97052646067132,58.5111543221526,58.73633579978034,8921100
2022-08-22,57.82659912109375,58.475122858405825,57.63745094570649,58.40306313826156,9087900
2022-08-23,57.889652252197266,57.97973034241048,57.358227254305305,57.48432833421165,8443800
2022-08-24,57.97071838378906,58.16887917758214,57.69149555907687,57.862628803903796,6844700
2022-08-25,58.249942779541016,58.28597264047452,57.556386854552684,57.97071994729801,7913900
2022-08-26,56.84481430053711,58.367043329535655,56.72771896692259,58.30399278897324,10089500
2022-08-29,56.50253677368164,56.77275386355547,56.214304753016656,56.46650691209934,9115900
2022-08-30,55.98012161254883,56.66467185261675,55.83600559169259,56.66467185261675,8456800
2022-08-31,55.58379364013672,56.32238859230473,55.57478789310878,56.18728177090615,14633600
2022-09-01,55.845001220703125,55.88103107838786,55.20548670878259,55.466698023002415,14939700
2022-09-02,55.07938766479492,56.538562594628296,54.854206199993634,56.196285806051314,11809800
2022-09-06,55.10641098022461,55.817985267714775,54.93527429573823,55.205491379241806,12181800
2022-09-07,56.124237060546875,56.286368011854904,55.23251682835271,55.23251682835271,13290700
2022-09-08,55.953102111816406,56.11523307815307,55.25053688168906,55.91707568062834,17193500
2022-09-09,56.13323974609375,56.63764750442205,55.71890664246519,55.99812948204252,11855900
2022-09-12,56.295372009277344,56.57459829140222,56.08820545260282,56.2323214675067,13026900
2022-09-13,54.466896057128906,56.04316637589553,54.295755937767844,56.025151445647175,18532800
2022-09-14,54.755123138427734,55.016334449511966,54.439867041465156,54.62001289173001,12881600
2022-09-15,54.011138916015625,54.80048613870193,53.85690080234768,54.80048613870193,11451900
2022-09-16,54.02021789550781,54.256112517034886,53.63008168752074,54.129092069978185,20493500
2022-09-19,54.42851257324219,54.52831190326013,53.73896790462853,53.884134656802715,12596200
2022-09-20,54.34684753417969,54.46479312234993,53.820615976935805,54.147241983356444,11984600
2022-09-21,53.89320755004883,55.072687800858006,53.88413268153089,54.56460245634945,14165300
2022-09-22,53.76617431640625,54.192603075721046,53.71173895890915,54.02929008113443,11657600
2022-09-23,53.16736602783203,53.62101250745875,52.62299163669916,53.49399204693094,14824000
2022-09-26,52.50503921508789,53.140144938037494,52.34172621601377,53.067563305697746,18670100
2022-09-27,51.153175354003906,52.95868631092129,51.089665127039844,52.695573996804946,23829300
2022-09-28,51.69755554199219,51.942525071190836,50.72675229352802,51.40722205428598,21480100
2022-09-29,51.32555389404297,51.978805823622814,50.8083972701414,51.79734656973426,14570700
2022-09-30,50.82654571533203,51.83364132948891,50.80839944306238,51.59774325103093,16124600
2022-10-03,51.39814758300781,51.57960340622094,50.86284459801396,51.135031793881616,16277600
2022-10-04,51.516090393066406,52.45060444516326,51.22575693835121,51.67033198772324,18861400
2022-10-05,51.02615737915039,51.398147352747564,50.36383047540736,51.26205202489945,14324900
2022-10-06,49.928321838378906,50.89912486064336,49.78315512835003,50.808396964768086,17192800
2022-10-07,49.456539154052734,49.982770747342784,49.22064450050593,49.89204283314357,11479800
2022-10-10,49.347660064697266,49.86481673858611,49.01196266223645,49.53819074222521,10239100
2022-10-11,49.429317474365234,50.100715752702975,49.21156911347847,49.41117120078337,14303900
2022-10-12,50.02812957763672,50.84469456594162,49.937401672735156,50.10978607646721,18377400
2022-10-13,50.690452575683594,50.88098671215471,49.22971047534193,49.42931601781277,16220700
2022-10-14,49.88296890258789,51.234837000270666,49.8466763518069,51.07152398280434,15997900
2022-10-17,50.527137756347656,51.00800532212849,50.41826358304056,50.47270240021789,13721400
2022-10-18,51.20760726928711,51.51608697709808,50.89912756147615,51.089661690600245,11823100
2022-10-19,50.77211380004883,51.29834538425763,50.563436832153336,51.089668416362144,10182300
2022-10-20,49.973697662353516,50.735820422552166,49.8648200157126,50.59972855582296,16905100
2022-10-21,50.77211380004883,50.908209130047105,49.892041972150125,49.90111337899427,15034100
2022-10-24,52.232852935791016,52.37801966401626,51.32556001912131,51.389070246404366,17416700
2022-10-25,53.48492431640625,53.6300910614227,52.396171998258765,53.56658082679352,28829900
2022-10-26,53.88413619995117,54.2379799521937,53.403271968549646,53.53936385577067,15831400
2022-10-27,54.011138916015625,54.29240092811564,53.87504707355227,54.22889070942327,16026100
2022-10-28,55.12711715698242,55.26321248152627,53.95671190230642,54.04743981130373,12888900
2022-10-31,54.30147933959961,54.954731343062946,54.138166338733775,54.900292522425076,14016400
2022-11-01,54.1109504699707,54.700692266285074,53.8659809604731,54.464794163340166,10659500
2022-11-02,53.3578987121582,54.64625301756118,53.321606164134714,54.110950047882284,14549200
2022-11-03,53.3306770324707,53.53028258353785,52.71371756648847,52.72279243392671,9194000
2022-11-04,53.76617431640625,54.06558262683093,53.1310720719557,53.802466862102754,9725900
2022-11-07,53.974857330322266,54.22889824037125,53.7480341003363,53.76617691301309,8849700
2022-11-08,54.07466125488281,54.247049139441316,53.475848015104276,54.21075658889762,10081600
2022-11-09,53.32160568237305,54.11094955898888,53.303459408525256,54.065585604893315,10115200
2022-11-10,55.23599624633789,55.38116298116074,54.14724400464254,54.66440071376444,16804800
2022-11-11,55.635196685791016,55.753145724113736,54.62810107937225,55.680560635592826,18972100
2022-11-14,55.09990310668945,55.99812469355185,55.08175683148487,55.63520611155635,16361000
2022-11-15,55.00917434692383,55.7531543136458,54.437578800425904,55.46282083692738,13295800
2022-11-16,54.90937042236328,55.372088309673835,54.70069345663123,55.154339937191686,14199500
2022-11-17,55.08175277709961,55.108973918426884,54.555524679092954,54.6099600396518,11212600
2022-11-18,55.47188186645508,55.68055879749267,55.16340217251963,55.335790021542245,10415600
2022-11-21,56.32474899291992,56.44269458655026,55.52633021371336,55.71686090592974,15399400
2022-11-22,56.56970977783203,56.705805094477846,56.29752260558807,56.678587415567755,12319600
2022-11-23,56.823753356933594,56.968920077537746,56.52434504884825,56.696732909035916,8990400
2022-11-25,56.878196716308594,56.98707436786563,56.596938102406526,56.91448926682761,5165500
2022-11-28,56.887271881103516,57.250187005041745,56.76025141467273,56.87819701290238,12267500
2022-11-29,56.687660217285156,56.76931671707366,56.23401376535965,56.723952764090654,10969600
2022-11-30,58.12221145629883,58.18617210753938,56.422677613406435,56.6602452486436,30433900
2022-12-01,58.28668975830078,58.579082338129545,57.9577472345948,58.12221849644779,12001400
2022-12-02,58.79838180541992,58.95371385640495,57.93034319467789,58.12222519375172,13643500
2022-12-05,57.99428939819336,58.29581768074237,57.80240396137778,57.939464489732615,9185100
2022-12-06,57.966880798339844,58.36892319468435,57.77499882859052,58.03998068334588,10099500
2022-12-07,58.058258056640625,58.22272931911452,57.79327619092217,57.97602242540367,12307600
2022-12-08,58.304962158203125,58.34150861487365,57.884644793345764,58.11307670410971,9946200
2022-12-09,57.69276428222656,58.332374345641696,57.647078596038575,58.12221740070141,13914900
2022-12-12,58.45115661621094,58.48770655733434,57.57397545722048,57.838957301973785,11647900
2022-12-13,58.469425201416016,59.11816741473996,58.29581474283671,59.01765683042433,17521600
2022-12-14,58.469425201416016,59.07248522171594,58.08565783271942,58.652171401481354,12826700
2022-12-15,57.66534423828125,58.37805058717353,57.098834152894916,58.103933028799105,12212300
2022-12-16,57.336402893066406,57.692756074467724,56.95263900097081,57.336402893066406,33631500
2022-12-19,57.418643951416016,57.939468417521304,57.08056570697444,57.40950820885025,10919700
2022-12-20,57.372955322265625,57.7018978072558,57.33640538269026,57.40036603415011,10286500
2022-12-21,58.29582214355469,58.52425753683187,57.62880139139196,57.62880139139196,10411300
2022-12-22,57.87550354003906,58.10393542905317,57.245032781173954,57.948599932014695,9666700
2022-12-23,58.314090728759766,58.359776408174675,57.74758063570825,58.021698197791636,6463300
2022-12-27,58.67045211791992,58.743552003687945,58.213588288652964,58.41460948892063,7320700
2022-12-28,58.085655212402344,59.07248255688184,58.012558827029984,58.89887210613432,7159400
2022-12-29,58.432884216308594,58.615630444370986,58.2044523026292,58.295823673863204,7169300
2022-12-30,58.12221145629883,58.40546477305151,57.720169093536455,58.40546477305151,7650200
2023-01-03,57.5191535949707,58.076527993296274,56.81558291885435,58.076527993296274,12180500
2023-01-04,57.491737365722656,57.866369017772044,57.11710919926735,57.701897775367854,13387900
2023-01-05,56.83385467529297,57.382089814606886,56.72420834454899,57.19934360630425,9814700
2023-01-06,57.93033218383789,58.17703557255901,57.181075818403535,57.482604118837244,9990000
2023-01-09,57.20848846435547,58.222726708943924,57.181077750370164,57.838959285177914,9442600
2023-01-10,56.769901275634766,57.318136484966935,56.5780158153335,57.19935091156033,10134600
2023-01-11,56.66025161743164,57.16280462737313,56.11201640643389,56.99833336695491,10823000
2023-01-12,55.92926788330078,56.815584807517105,55.70997520212198,56.7516241517071,13907300
2023-01-13,56.130279541015625,56.15769025010658,55.36274831612514,55.463258896916976,13986400
2023-01-17,56.35871124267578,56.99832117576534,56.24906492104702,56.404396919554955,18327800
2023-01-18,54.65005111694336,56.27648519223351,54.531265548399176,56.20338530833114,19679400
2023-01-19,54.567813873291016,55.40844159969121,54.558674645276895,54.57694961571092,14894500
2023-01-20,54.89675521850586,54.905890960734155,54.27542017915756,54.56781272878098,14237700
2023-01-23,55.0338134765625,55.34448100307316,54.869342228080725,55.079499159897615,12613400
2023-01-24,55.32620620727539,56.51405140570919,54.640910498302716,54.89675659985659,10103300
2023-01-25,55.67341995239258,55.68255569423977,54.723142462961675,55.006399258540306,11265800
2023-01-26,55.563777923583984,55.82875628479288,55.344481760741374,55.563777923583984,11884800
2023-01-27,55.27138137817383,55.70083095915061,55.16173156186171,55.591184628432494,14087000
2023-01-30,55.4084358215332,55.89271028795371,55.243964590372684,55.31706446448574,15632000
2023-01-31,56.02977752685547,56.04805249757482,55.28965689789575,55.719109995814954,14344400
2023-02-01,56.038917541503906,56.267349450310434,55.390168271441674,55.86530706003058,12535400
2023-02-02,55.07949447631836,55.75565438320238,54.74141626567331,55.554633210908285,16947200
2023-02-03,54.66831970214844,55.20741559778252,54.12008109370304,55.14345494963631,15404400
2023-02-06,54.97898483276367,55.13432032827061,54.56781022506747,54.63177087451328,11330900
2023-02-07,54.88761901855469,55.0429545297579,54.40334448507483,54.52212656856598,14922700
2023-02-08,54.567813873291016,54.75055660644291,54.44902830826691,54.75055660644291,11012000
2023-02-09,54.476436614990234,55.116046609554026,54.458161645363376,54.960714596116816,12515300
2023-02-10,54.476436614990234,54.732282704172185,53.80028016676678,54.56781146312452,14420700
2023-02-13,55.37189483642578,55.51809112269353,54.57695274769457,54.73228826250091,16191800
2023-02-14,54.449031829833984,55.646016328723114,54.421621115207216,55.01554200755196,20505700
2023-02-15,54.449031829833984,54.759699376116956,54.12008931193502,54.73228866149019,13171400
2023-02-16,54.1109504699707,54.65918564467506,53.86424359567547,54.120086212458276,16538300
2023-02-17,54.93330383300781,55.03381442944187,54.25714734251477,54.36679368153635,16814700
2023-02-21,54.64091110229492,55.03381425862988,54.567814705038835,54.814521581267364,14278300
2023-02-22,54.805381774902344,55.152599243589734,54.5952248423162,54.686596209320875,12409600
2023-02-23,54.90589141845703,55.207419712822436,54.650048806802246,54.83279153764472,12222800
2023-02-24,54.677459716796875,54.741420369941586,54.266281599727876,54.53126344023836,9736200
2023-02-27,54.65918731689453,55.09777616719486,54.58609091797498,54.988129826018366,8849800
2023-02-28,54.37592315673828,54.54953361623918,54.03784495045876,54.54953361623918,16082200
2023-03-01,53.78200912475586,54.07440168895044,53.33428105018611,54.02871600434397,13275800
2023-03-02,54.567813873291016,54.6226352989989,53.72718266129662,53.76373260216467,11758300
2023-03-03,54.31196975708008,54.53126592470616,54.101812817802006,54.41248035534227,13101800
2023-03-06,55.1525993347168,55.17087430526677,54.110950412527764,54.147496868033485,16282700
2023-03-07,54.832794189453125,55.344482923103016,54.595226536512236,55.27138652434979,13961200
2023-03-08,54.86020278930664,55.125184614628374,54.57694599476335,54.86020278930664,10851600
2023-03-09,54.33024597167969,55.31707352019185,54.165774713594324,55.31707352019185,13900900
2023-03-10,54.101810455322266,54.95157740367553,53.900792753170116,54.54953851377705,13745800
2023-03-13,54.65005111694336,55.61860017948948,54.13836238640975,54.17491232836093,21956000
2023-03-14,54.85105895996094,55.243962051275545,54.22972400093289,54.8236482512253,19496900
2023-03-15,55.216556549072266,55.26224222980405,54.12922201104203,54.302828992060434,21089900
2023-03-16,55.5203971862793,55.55722748057436,54.967956821174106,55.3270434097255,15658300
2023-03-17,55.26259994506836,55.566441135030686,54.912719124578715,55.529614347871785,27351200
2023-03-20,55.79662322998047,55.79662322998047,55.2165618393866,55.391500487169274,12904100
2023-03-21,55.538818359375,55.93473528517834,55.13369561516415,55.76900245519877,13716500
2023-03-22,55.29021453857422,56.045218029405504,55.271799390952694,55.61247435345555,10494200
2023-03-23,55.1705207824707,55.603267993868776,54.986376321078765,55.327047789450404,15479000
2023-03-24,56.07284927368164,56.18333666041378,55.161318674232135,55.474369196915426,12975600
2023-03-27,56.4871711730957,56.60686787676242,56.11887875675775,56.293817391093505,12777400
2023-03-28,56.5516242980957,56.846263158141795,56.41351595453982,56.52400333185061,10925700
2023-03-29,56.95675277709961,57.039619191426674,56.70815353411842,56.827850246442075,9441000
2023-03-30,56.94754409790039,57.168522376077334,56.77260544891113,56.97516857787912,9870700
2023-03-31,57.1132698059082,57.31583290961474,56.965952142938946,57.14089428244191,14440900
2023-04-03,57.453956604003906,57.56444399593409,56.95675807182176,57.361880850453026,12300700
2023-04-04,57.27901077270508,57.767003454552416,57.15931756922441,57.444743606188226,11433400
2023-04-05,57.82223892211914,58.02480203201082,57.54601873465882,57.57363969970578,12789600
2023-04-06,57.859073638916016,58.04322161540638,57.43553575161954,57.8774887877981,9644200
2023-04-10,57.7209587097168,57.7209587097168,57.104067060451364,57.53681425534703,7952600
2023-04-11,57.61968231201172,57.739375508307866,57.453949488476596,57.684133575349776,9913000
2023-04-12,57.7209587097168,58.034009199407855,57.371081436549986,57.52760492523035,9593700
2023-04-13,58.14450454711914,58.15371036561168,57.52760933820105,57.78541440395934,9871400
2023-04-14,58.052425384521484,58.14450112568179,57.80382615188424,58.052425384521484,8946000
2023-04-17,58.429927825927734,58.49437908932866,58.135292475429075,58.301025299125875,9452400
2023-04-18,58.522003173828125,58.558829958144486,58.181328198341134,58.47596354685446,9035700
2023-04-19,58.63249206542969,58.77060392525615,58.40230797393926,58.678528181261676,9769500
2023-04-20,58.89029312133789,58.92712341643242,58.411509822099745,58.58645196763364,10706400
2023-04-21,58.97316360473633,59.17571969270015,58.742976014362036,58.92712397926329,12931100
2023-04-24,58.8810920715332,59.83865523521641,58.57724738089536,59.61768047141665,15532300
2023-04-25,58.78900909423828,59.08364441794623,58.58644950439539,59.08364441794623,12818900
2023-04-26,58.51279830932617,58.71536144401305,58.3654806238259,58.522007640355945,13179600
2023-04-27,58.63249206542969,58.70614914829477,58.10767261781794,58.49438020560323,13795800
2023-04-28,59.065242767333984,59.0744520984422,58.44834753931938,58.568044257411294,13687600
2023-05-01,59.203346252441406,59.56243284354175,58.982364485102416,59.06523440401964,9091500
2023-05-02,58.93634033203125,59.05603353799873,58.25499383440775,59.05603353799873,10948400
2023-05-03,58.6048698425293,59.09285898208594,58.54041857927957,58.945537794851795,11084600
2023-05-04,58.66931915283203,58.86267293614498,58.47596185718877,58.687734300623305,11938300
2023-05-05,58.94554138183594,59.12048354615695,58.586458259258066,58.59566407785518,9039000
2023-05-08,58.85346221923828,58.98236473840941,58.56803621602514,58.752184177268276,7240700
2023-05-09,58.365482330322266,58.69694801047197,58.264200760017545,58.59566644016726,9067700
2023-05-10,58.466758728027344,58.59566125616351,57.99718473091269,58.301025902615,10134000
2023-05-11,58.7982177734375,58.8626690302651,58.01558984972651,58.540412746127096,9581500
2023-05-12,59.028404235839844,59.102064825110546,58.65090249665304,58.798220162864226,8740800
2023-05-15,58.87187957763672,59.15730910389991,58.660110643569325,59.129688137991664,8150000
2023-05-16,58.20895004272461,58.8350510080636,58.15370460025461,58.8350510080636,9129600
2023-05-17,58.14450454711914,58.39310028205429,57.75779343615112,58.374688645069206,11583000
2023-05-18,57.82223892211914,58.04321717948554,57.610469994655226,58.015592702108336,13595100
2023-05-19,57.8498649597168,58.09846067650458,57.64730184436196,58.04321874492078,14251400
2023-05-22,56.634490966796875,57.886692956450155,56.570039703711515,57.81303587535135,15055400
2023-05-23,56.53321075439453,56.78180646687214,56.32143831256056,56.63448879798565,13932700
2023-05-24,56.05442810058594,56.560832373718156,55.90711042999602,56.51479626022074,11090100
2023-05-25,55.62167739868164,55.916312721279674,55.38228751619453,55.676922838792564,14463600
2023-05-26,55.48357391357422,55.833454728995264,55.34546556098504,55.65851607745005,12570300
2023-05-30,55.0416145324707,55.42832560237012,54.80222464145123,55.327044048055264,15634200
2023-05-31,54.93113327026367,55.50198885259503,54.66411887234087,55.17052318790888,59432200
2023-06-01,55.24419021606445,55.40071373575774,55.03242124171592,55.18894476140922,13402700
2023-06-02,56.312232971191406,56.45955064132392,55.317839575879496,55.49277821155864,15259800
2023-06-05,55.93473434448242,56.57004117383262,55.750586368454236,56.16491843643502,12915600
2023-06-06,55.52961349487305,56.15571452725553,55.3546713311502,56.11888422833171,10943500
2023-06-07,55.446746826171875,55.57564935948811,55.078450863270675,55.253389513866914,16817900
2023-06-08,55.5848503112793,55.62168060681086,55.2257637106723,55.36387556275051,15585900
2023-06-09,55.67692947387695,55.861073938197855,55.40070575273456,55.49278149722553,12581500
2023-06-12,55.43753433227539,55.84266057081796,55.26259569166045,55.78741512583568,14208900
2023-06-13,55.658512115478516,55.86107172065652,55.28101035887769,55.437533849802975,13397800
2023-06-14,56.03601837158203,56.23858150535555,55.79662493851685,55.916321655049444,14099700
2023-06-15,56.8060417175293,56.87098383110315,55.9803460971648,56.23083862341242,15271400
2023-06-16,57.21425247192383,57.678126755778884,57.03798151812768,57.14931035531052,26738000
2023-06-20,56.8338737487793,57.483298431688006,56.81532189245259,57.14003246436704,13971800
2023-06-21,56.99159622192383,57.260644162663134,56.57410864820421,56.8802673819586,13948700
2023-06-22,57.381248474121094,57.61318561999722,57.14003539960512,57.3441412204817,15193400
2023-06-23,56.77821731567383,57.492584191148595,56.75966191823654,57.464749325452566,25112100
2023-06-26,56.79676818847656,56.861710304793455,56.026735182033526,56.78748872095706,12856100
2023-06-27,56.67615509033203,56.92664760597211,56.57410219072908,56.79676338432457,9068500
2023-06-28,56.14734649658203,56.629776200144484,56.03601765393842,56.48133656359297,11173200
2023-06-29,55.68346405029297,55.989619207579864,55.451526930892754,55.869014453629056,17142300
2023-06-30,55.8690185546875,55.989623317491294,55.54430444024385,55.664912742127484,19739200
2023-07-03,56.203006744384766,56.24939346232454,55.692742229808104,55.850461317699,9694500
2023-07-05,56.62049102783203,56.68543314108815,55.813350806591934,55.9246796380196,14716600
2023-07-06,56.1844596862793,56.611223217177724,56.12879349304375,56.342175258492965,12603900
2023-07-07,55.44225311279297,56.12878861335815,55.4144217881349,55.952517658723814,14574000
2023-07-10,55.02477264404297,55.80408163657192,54.86705353626393,55.637086599667136,15480600
2023-07-11,55.2195930480957,55.25670383875402,54.58872376322342,55.16392686210823,15967700
2023-07-12,55.5164794921875,55.71130585978069,55.154658084062945,55.43298197192181,14241300
2023-07-13,55.989627838134766,56.091680752654604,55.646361839451785,55.77624608008426,11269800
2023-07-14,56.4998893737793,56.629773607430295,55.74841175741004,55.79479847813111,11634200
2023-07-17,56.41639709472656,56.685441515500656,56.11951780767356,56.37000683062181,10014300
2023-07-18,56.19373321533203,56.82460255540003,56.04529357879134,56.55555460820748,11152900
2023-07-19,57.18642044067383,57.325584139742496,56.29578267605804,56.379280187683264,12936000
2023-07-20,57.88223648071289,57.90079187800933,57.21425633436183,57.22353580255013,11563000
2023-07-21,57.92862319946289,58.151284427920935,57.74307630467471,57.94717859675774,12815100
2023-07-24,57.94717025756836,58.271884354878324,57.89150761277439,57.910059468319275,10251100
2023-07-25,57.75234603881836,57.88223026686976,57.56679562485359,57.798732757539604,13422700
2023-07-26,58.494544982910156,58.605873817231675,56.95448254165645,57.39052548977883,17145500
2023-07-27,57.92862319946289,58.69865626133846,57.8729605466585,58.494550430175266,11517100
2023-07-28,57.96573257446289,58.234780520028956,57.72451949369751,58.0677854875452,9721800
2023-07-31,57.455474853515625,57.93790458188042,57.26992441351682,57.93790458188042,15577900
2023-08-01,57.30702590942383,57.854397672097484,57.167862217238444,57.603905149611606,9281600
2023-08-02,57.483306884765625,58.06778953924122,57.112209539303905,57.112209539303905,11059400
2023-08-03,57.18642044067383,57.63173932298173,57.08436753323413,57.39980218392054,8037400
2023-08-04,56.32361602783203,57.418359646736874,56.24011851320099,57.2235332922911,9359300
2023-08-07,56.76893615722656,56.898823935420424,56.35145211409804,56.397838836770084,6982600
2023-08-08,56.51844024658203,56.91737240818013,56.2401163880224,56.76893278100967,7956100
2023-08-09,56.64833450317383,57.17715095670954,56.36073114425359,56.5091707884201,7904100
2023-08-10,56.51844024658203,57.26991784986493,56.39783548262345,56.91737240818013,7870300
2023-08-11,56.7503776550293,56.77821251837351,56.30505877140079,56.44422247088215,8483900
2023-08-14,56.48133850097656,57.037986272368464,56.360730186178905,56.88954663072528,7176300
2023-08-15,56.100955963134766,56.49988812284741,56.0081789846668,56.30505823760459,7187400
2023-08-16,56.110233306884766,56.425667963473344,56.03601526131801,56.165899495369786,8372300
2023-08-17,56.2308464050293,56.611223211063816,56.082406762164126,56.20301507795465,12873500
2023-08-18,56.54627990722656,56.67616414963522,56.00818400115621,56.16590310913828,11083800
2023-08-21,56.063846588134766,56.5277208749543,55.96179367878168,56.46277875792596,8648500
2023-08-22,55.72058868408203,56.203018436996906,55.64636708867337,55.980357189851404,9411500
2023-08-23,55.91541290283203,56.07312847836059,55.81335998262869,55.85047077889906,7749500
2023-08-24,55.7669677734375,56.48133460553905,55.74841237712681,55.915407404843016,8955100
2023-08-25,56.026729583740234,56.19372459160577,55.674184173904145,56.04528497784525,7629200
2023-08-28,56.1844596862793,56.342175258492965,56.00818517724019,56.17518021786658,6254300
2023-08-29,56.1287956237793,56.24940394416133,55.80408499861273,56.18446181912802,8189600
2023-08-30,56.100955963134766,56.35144849637851,55.93396094097228,56.258671517910535,9447900
2023-08-31,55.507205963134766,56.10096455999741,55.48865056459776,55.94324544197305,14663500
2023-09-01,55.02477264404297,55.78552623924026,54.84849813893227,55.664917926124545,11262300
2023-09-05,54.57017135620117,55.03404564759294,54.431007653151646,54.96910352992449,12474600
2023-09-06,54.53306198120117,54.57945224281034,54.199071916463595,54.384622345660034,13923500
2023-09-07,54.115577697753906,54.88560719772314,54.08774283309666,54.69078084052274,17628600
2023-09-08,54.115577697753906,54.18979574565308,53.81869488891703,54.08774283309666,14312300
2023-09-11,54.62583541870117,54.72788832508733,54.02279744773562,54.180516540990546,14767400
2023-09-12,54.087745666503906,54.737170430272336,53.9856927486014,54.72789450095404,12292700
2023-09-13,54.217628479003906,54.44028970664301,54.12485503195104,54.180521223630855,12641400
2023-09-14,54.666473388671875,54.78803856215659,54.41399352089187,54.460751826418374,12311600
2023-09-15,54.18022155761719,54.83479866023171,54.00255210758737,54.61972398898776,55727500
2023-09-18,54.51686477661133,54.563619522433534,53.89034333484518,54.21763012275907,13617400
2023-09-19,54.40465545654297,54.60102753933768,54.161525058375446,54.47946234025392,11998900
2023-09-20,54.64777755737305,55.01247312305716,54.311141259074226,54.51686284684156,14766600
2023-09-21,53.806182861328125,54.629076368131955,53.69396719181617,54.58232162274785,15941800
2023-09-22,53.862281799316406,54.20827472867172,53.76877231780085,54.096059070263365,14644100
2023-09-25,53.30121994018555,53.7594249793964,53.05809313807817,53.67526501575189,12358800
2023-09-26,52.86172103881836,53.20771400530997,52.74015941323223,53.04874358908114,11194700
2023-09-27,52.31935501098633,52.86171643564554,52.06687512519117,52.758853863600315,13766300
2023-09-28,52.188438415527344,52.66534247108065,52.08557584721087,52.58118251219971,12484800
2023-09-29,52.347412109375,52.61859463101386,52.010772229707236,52.49702943732084,12271600
2023-10-02,51.87984848022461,52.37545512390695,51.50580700906811,52.28194564790729,11792500
2023-10-03,51.318790435791016,51.833099747693595,51.225277381798925,51.58061985265234,13604200
2023-10-04,51.46840286254883,51.692827036480054,51.15981516444597,51.32813507847336,12100500
2023-10-05,48.981021881103516,51.384252288123136,48.85010716121273,51.187880208286956,29878100
2023-10-06,49.69169998168945,49.83196778196012,48.20487628088548,48.663081336899076,30298900
2023-10-09,49.44857406616211,49.701053970926615,48.728539574905945,49.5233809450784,15704700
2023-10-10,50.52394485473633,50.80448044581008,50.08444599189333,50.61745790748032,20909700
2023-10-11,50.22471618652344,50.75772816542752,49.57949209815498,50.701623894274654,21138900
2023-10-12,49.38311004638672,50.33692170219523,49.02776760979345,50.27146078713301,19330400
2023-10-13,49.45792770385742,49.95353446528854,49.22415039115841,49.31766345653324,14494600
2023-10-16,49.9628791809082,50.08444436194006,49.41116467272748,49.57948459503062,12816800
2023-10-17,50.56134796142578,50.58940009249677,49.757153577248886,49.85066662608229,16457200
2023-10-18,50.54265213012695,50.991504123250316,50.42108693391899,50.58940687723508,12809500
2023-10-19,50.82318115234375,51.206575763244814,50.364979663957726,50.64551169705342,16202200
2023-10-20,51.028907775878906,51.449707621206564,50.907342583415705,50.991502552481236,15686400
2023-10-23,50.57070541381836,51.32814155536144,50.542649713168274,50.851237450210554,21212700
2023-10-24,52.02947235107422,52.525079057329144,51.71153509851336,52.038825440149765,25290800
2023-10-25,52.47832489013672,52.57183794612834,51.95466604521701,52.141685022883564,16701000
2023-10-26,52.1603889465332,52.95523389024921,52.104284678684884,52.712103505711724,16228400
2023-10-27,51.655433654785156,52.49702979248991,51.524515370683154,51.945315223114775,13626500
2023-10-30,52.50638198852539,52.62794361381363,51.823749146665264,51.83310223609263,15014300
2023-10-31,52.82431411743164,53.039388780291645,52.506376883821616,52.8991209897856,16639400
2023-11-01,52.777557373046875,53.189007668238936,52.60923744631525,53.11419722651013,14110800
2023-11-02,53.385379791259766,53.441487622623875,52.70275056187509,52.833665267899796,13087200
2023-11-03,53.0580940246582,53.8529353645704,53.0206888030449,53.67526591264462,13958700
2023-11-06,53.273170471191406,53.56305203044643,53.05809579049438,53.09549744619418,12673200
2023-11-07,53.469539642333984,53.67526478974506,53.04873982588324,53.226409274092134,10449300
2023-11-08,53.385379791259766,53.74072225558268,53.22640938597391,53.60045446075153,13744000
2023-11-09,52.98328399658203,53.43213595798383,52.71210148849814,53.329273381320405,12021100
2023-11-10,53.03939437866211,53.2357664523714,52.42222245617685,53.17965861681512,11678900
2023-11-13,53.23576354980469,53.39473039114246,52.927175821807914,52.945878432640285,12798200
2023-11-14,53.39472961425781,53.5256478881796,53.12355067902967,53.31992273917501,12697100
2023-11-15,53.497596740722656,53.619161936128855,53.06744736271124,53.58175671182563,10201900
2023-11-16,53.44148635864258,53.79682524740293,53.12354912274882,53.53499584154623,16010400
2023-11-17,53.54434585571289,53.61915629645074,53.02068703918054,53.478888503646345,14475800
2023-11-20,53.67526626586914,53.84358619707841,53.263815959731694,53.34797592533633,13051000
2023-11-21,54.264381408691406,54.273734497554564,53.60980787459914,53.731369492554435,13891600
2023-11-22,54.62907409667969,54.74128976152577,54.35789515786401,54.47945677737652,11320600
2023-11-24,54.769344329833984,54.93766426743028,54.554269646718375,54.66648174939643,4816000
2023-11-27,54.666473388671875,54.88154803889383,54.48880395600797,54.741283823787974,16246500
2023-11-28,54.77869415283203,55.01247143364714,54.57296900422411,54.6103742252725,13739600
2023-11-29,54.45140838623047,54.8628551507961,54.32984319120665,54.77869874711636,11263600
2023-11-30,55.08292007446289,55.10177160838379,54.29117362759715,54.63049404704853,22727500
2023-12-01,55.271427154541016,55.31855418758567,54.89440729462161,54.92268279533597,15371200
2023-12-04,55.205448150634766,55.57304403925006,55.0829149892423,55.224299682815314,14942200
2023-12-05,55.29027557373047,55.45051179173471,55.06406079406622,55.18659394953277,11891500
2023-12-06,55.233726501464844,55.356259669180645,54.866130593879745,55.196027030720394,14868500
2023-12-07,55.365692138671875,55.50707325650444,55.035795672603996,55.299709969008205,11587900
2023-12-08,55.24315643310547,55.37511357527144,55.01694162113347,55.36568960607207,11178700
2023-12-11,55.64845275878906,55.695579793653444,55.139472152904226,55.45051705502127,14524800
2023-12-12,56.006622314453125,56.006622314453125,55.51649682656268,55.79926263744174,12899000
2023-12-13,56.48732376098633,56.572153858297895,55.85581001531974,56.034897773845344,16196800
2023-12-14,55.64845275878906,56.591007838325886,55.39396245584664,56.52502927040329,22478300
2023-12-15,55.233726501464844,55.770982611868035,54.479683153141266,55.450517334947534,65177400
2023-12-18,55.629600524902344,56.07260255728359,55.25257705961249,55.4222372594367,16717700
2023-12-19,55.45051193237305,55.79925627282641,55.27142418264573,55.61074455522174,14612200
2023-12-20,54.30059814453125,55.29970421732377,54.262895078805656,55.13947158133337,17701000
2023-12-21,54.65877151489258,54.734174052764004,54.16864243426008,54.526810781383475,11725100
2023-12-22,54.96980285644531,55.10175997045881,54.687037098478996,54.78129115261387,9029400
2023-12-26,55.19602584838867,55.33740695066708,54.724748316336196,54.724748316336196,6422500
2023-12-27,55.337406158447266,55.39396075588632,55.04521639391759,55.27142759254946,8560100
2023-12-28,55.3751106262207,55.48821622840193,55.16774735925323,55.280856556996724,8400100
2023-12-29,55.54476547241211,55.59189250248076,55.26199969643829,55.36568131992647,9244300
