Date,Close,High,Low,Open,Volume
2012-05-18,37.995765686035156,44.72428659023635,37.76717534286625,41.792360377722574,573576400
2012-05-21,33.821495056152344,36.43538195928824,32.797807137508464,36.3061774150545,168192700
2012-05-22,30.8100643157959,33.38419564738151,30.750432464034663,32.41020052074436,101786600
2012-05-23,31.803937911987305,32.300874441862106,31.167859760359534,31.17779871843652,73600000
2012-05-24,32.82762908935547,33.00652656052296,31.57535058250828,32.748121208461704,50237200
2012-05-25,31.714487075805664,32.74811589912241,30.919389439148397,32.69842300770469,37149800
2012-05-29,28.663297653198242,31.495836100271205,28.47446125121676,31.287121783204867,78063400
2012-05-30,28.017284393310547,29.3689505768756,27.689306332399436,28.52415992302091,57267900
2012-05-31,29.418642044067383,29.48821285280686,26.66561329816687,28.375074225988154,111639200
2012-06-01,27.550159454345703,28.971398177406417,27.222181433305717,28.712990964516983,41855500
2012-06-04,26.735185623168945,27.480590437359506,26.27800491371672,27.033348686242654,35230300
2012-06-05,25.711496353149414,27.5899157902568,25.592230754377372,26.536410899697024,42473400
2012-06-06,26.645736694335938,27.00353160908085,25.36364140927077,25.910270843986645,61489200
2012-06-07,26.1487979888916,27.182426814448583,25.989778461215497,26.83457088678374,26159500
2012-06-08,26.933961868286133,27.589917974302555,26.27800576226971,26.387330516164095,38034000
2012-06-11,26.844512939453125,27.898017905694353,26.675554434858185,27.013471444048065,28219600
2012-06-12,27.232120513916016,27.599854367366138,26.79481585200131,27.31163028011302,15816800
2012-06-13,27.102920532226562,27.927835148887485,26.93396202540866,27.49053044377129,17102800
2012-06-14,28.116670608520508,28.146485587977967,27.212244353173865,27.480590542265865,16855000
2012-06-15,29.82613182067871,29.915580550918445,28.176302633954148,28.335322177566454,43563800
2012-06-18,31.217552185058594,31.883449096553747,29.229806095487657,29.776435511854707,42978900
2012-06-19,31.714487075805664,31.982833239050855,30.511901663403762,31.34675512972504,30849000
2012-06-20,31.406389236450195,31.734367272108344,30.959145598887975,31.724428313977803,15553600
2012-06-21,31.64491844177246,32.30087451095737,31.316940407180006,31.47595994542711,21875300
2012-06-22,32.847503662109375,33.24505440006592,31.863571462220392,32.21142551443876,74834000
2012-06-25,31.86357307434082,32.8176903441198,31.356695668234792,32.65867079915664,24352900
2012-06-26,32.897193908691406,33.23511087135874,32.30087164107823,32.489706141180015,24858700
2012-06-27,32.032527923583984,32.698424838095654,31.704549893145536,32.26111826996118,28568000
2012-06-28,31.16786003112793,31.99277270639755,30.710677433926914,31.764182355628257,17713300
2012-06-29,30.909452438354492,31.793998852086812,30.571535447468847,31.724428041433136,19526900
2012-07-02,30.581472396850586,31.535589558567917,30.36281912554365,31.05853097770925,14122000
2012-07-03,31.008840560913086,31.24736987037704,30.611289816144055,30.720616460521782,8763600
2012-07-05,31.277185440063477,31.43620498270982,30.82994368724406,31.128104855790337,10032100
2012-07-06,31.53558921813965,31.704547700660964,31.068469599715907,31.24736703952227,10945600
2012-07-09,31.972896575927734,32.67854937530161,31.794001005982825,31.903325760560957,17785200
2012-07-10,31.277185440063477,32.280997487807575,30.969085313143992,32.23130459160402,14269500
2012-07-11,30.780248641967773,31.366633911521955,30.362821872042126,31.28712414085338,13030300
2012-07-12,30.62122917175293,31.207614442669076,30.412516734136574,30.511904421618752,11300700
2012-07-13,30.53177833557129,30.879634269921965,30.37275880483881,30.849819292698587,8108300
2012-07-16,28.076913833618164,30.313128209747045,28.037158001457914,30.313128209747045,24672100
2012-07-17,27.91789436340332,28.41483089262636,26.983653157678532,28.30550424958532,30438600
2012-07-18,28.931644439697266,29.110541887969074,27.977525347468404,28.136544880229486,16841800
2012-07-19,28.82231903076172,29.31925556577485,28.454585160760526,29.229806837819492,13685100
2012-07-20,28.58378791809082,29.289436843372282,28.544032087879984,28.822317212368876,11869100
2012-07-23,28.573848724365234,28.822316974142325,27.83838293250453,27.947709569018386,12390700
2012-07-24,28.27569007873535,29.269563165570865,27.927834119210427,28.643422059293506,11539800
2012-07-25,29.160236358642578,29.30931694171351,27.907956048654327,28.216056173089246,17230200
2012-07-26,26.68549346923828,28.05703753139802,26.566227861559707,27.579978892008764,64597400
2012-07-27,23.564729690551758,24.389646162365352,22.14349278612746,23.04791713242585,123102300
2012-07-30,23.008159637451172,23.89270789906135,22.888895938676928,23.85295206902839,29285900
2012-07-31,21.576984405517578,23.22681551956962,21.477598610599255,23.22681551956962,56179400
2012-08-01,20.7520694732666,21.447781400839585,20.712315535050646,21.36827162874517,44604400
2012-08-02,19.917217254638672,20.71231495324877,19.698563965774063,20.642744141578195,56374500
2012-08-03,20.960783004760742,22.024226876553154,19.778073531576105,20.235256125306794,80647000
2012-08-06,21.78569793701172,22.01428828990276,21.169495794802774,21.25894452344056,27778900
2012-08-07,20.593050003051758,22.312451911221387,20.374398602922312,22.063983635575994,36782900
2012-08-08,20.593050003051758,21.020415740467836,20.09611345176097,20.583111044546442,29537400
2012-08-09,20.881271362304688,21.0402908861192,20.483722552768405,20.62286416219054,15610700
2012-08-10,21.676372528076172,21.68631148689858,21.00053849345306,21.278823653492744,25794700
2012-08-13,21.4676570892334,22.312449514828163,21.268881731800878,22.01428647867938,24973100
2012-08-14,20.2551326751709,21.467659054307546,20.12593000797661,21.27882263702746,39308800
2012-08-15,21.070106506347656,21.278818908085366,20.27500703883404,20.513536310389483,47861100
2012-08-16,19.748258590698242,20.354519869918054,19.56936113609939,20.31476593315299,157565300
2012-08-17,18.93328094482422,19.956970874201367,18.88358805032517,19.887400063637735,129293400
2012-08-20,19.887399673461914,20.006663376184733,18.63511942089808,18.933280573367497,101186600
2012-08-21,19.042604446411133,19.857579914003555,18.973033647323305,19.46003113660019,70640600
2012-08-22,19.320890426635742,19.410339142621357,18.8438299761584,19.241380667499882,49892200
2012-08-23,19.320890426635742,19.609112592629913,19.241380667499882,19.380522272072092,32813700
2012-08-24,19.29107666015625,19.559422851291885,19.13205711629717,19.400403307432804,29622200
2012-08-27,19.032670974731445,19.410343843846565,18.98297807410913,19.370588006818597,20704000
2012-08-28,19.221506118774414,19.261260057470693,18.833896212088728,18.982976799609183,25417000
2012-08-29,18.982975006103516,19.26125823767291,18.953158133151504,19.20162638743123,16124700
2012-08-30,18.973037719726562,19.33083264401832,18.94322084414808,19.151935181872442,30647500
2012-08-31,17.949344635009766,18.585424601031747,17.91952966025051,18.56554668741746,58764200
2012-09-04,17.621368408203125,18.158060755577775,17.44247095907824,17.969224348650133,46622400
2012-09-05,18.466161727905273,18.635120227124368,18.06861287552578,18.158061604268973,60781800
2012-09-06,18.84383201599121,19.141995066773287,18.605302712762988,18.62518062861427,46066500
2012-09-07,18.863710403442383,19.301015084791437,18.664936926947313,18.982976005869375,36371700
2012-09-10,18.694751739501953,19.082363522194726,18.436344516260913,18.943220004657288,24797800
2012-09-11,19.31095314025879,19.460033714576802,18.73450686274341,18.804077671047658,50508200
2012-09-12,20.801759719848633,21.030350027708884,20.155742725796493,20.63280125411234,121584000
2012-09-13,20.583110809326172,21.348393544527468,20.483725016733782,20.831579082132112,65041600
2012-09-14,21.865203857421875,21.944713613804197,20.771943285418356,21.000533598059768,72819800
2012-09-17,21.388147354125977,22.610610685690048,21.36826943922356,22.531100921742684,50667600
2012-09-18,21.736005783081055,21.84533053629798,21.239069227319977,21.467659588011067,36760500
2012-09-19,23.147302627563477,23.22681239018317,21.636615242127018,21.85526661541561,78782800
2012-09-20,22.45159149169922,23.09760857033701,22.40189859936644,22.878957190145513,57248900
2012-09-21,22.719938278198242,23.097609198927564,22.46153106057823,22.829263023438045,51218100
2012-09-24,20.662620544433594,21.845328047525644,20.235254851861548,21.646554585264386,79106500
2012-09-25,20.15574836730957,21.080048813756232,20.096114612832277,21.070111750339297,46291700
2012-09-26,20.493663787841797,20.65268332933138,19.678686268129592,20.026542226011482,38271900
2012-09-27,20.19550132751465,20.871335346812682,20.036481781287172,20.86139638821565,30215900
2012-09-28,21.527292251586914,21.815516374660064,20.3743995506195,20.443970367730234,65486000
2012-10-01,21.855266571044922,22.4515907373131,21.596859369139967,21.94471529076826,51262700
2012-10-02,22.13355255126953,22.352203932647356,21.68630893519859,21.944716147188206,29341400
2012-10-03,21.69624900817871,22.352205081694905,21.66643213368709,22.163368667906173,32000100
2012-10-04,21.815515518188477,22.262757280197143,21.278823128983056,22.18324750724032,46892100
2012-10-05,20.781888961791992,21.497477000619806,20.752072082633973,21.358335355874527,40529300
2012-10-08,20.275009155273438,20.62286509014326,20.03647985881873,20.275009155273438,32236700
2012-10-09,20.106050491333008,20.42408955049928,19.847643281844835,20.265070020916145,27161800
2012-10-10,19.51966667175293,19.81782973295435,19.33083215155407,19.80789077468139,39321800
2012-10-11,19.628992080688477,19.837704504286734,19.489850464956305,19.75819473877373,21817300
2012-10-12,19.400402069091797,19.678685305250934,19.36064623783342,19.628992411840336,18809400
2012-10-15,19.400402069091797,19.75819507210531,19.370585195648015,19.55942160280055,20189700
2012-10-16,19.360647201538086,19.56936153470887,19.18174974329526,19.55942257639955,21834700
2012-10-17,19.758193969726562,20.354518135694565,19.251320419099137,19.38052307215544,44074500
2012-10-18,18.863710403442383,19.668748954584096,18.774261675537748,19.57930022667946,52157400
2012-10-19,18.883588790893555,18.943220645763514,18.68481341377705,18.883588790893555,34835000
2012-10-22,19.201627731323242,19.310954377469873,18.933281542961044,19.082364022492804,32447300
2012-10-23,19.380523681640625,19.678684826170166,18.98297485704713,19.1320554293119,78381200
2012-10-24,23.08766746520996,24.101418298066953,22.709996589888302,23.982152713634655,228949900
2012-10-25,22.421775817871094,23.167180616696115,22.332327090359097,23.147304596097563,76142000
2012-10-26,21.805574417114258,22.739813683648002,21.745940671509043,22.26275509278026,73175800
2012-10-31,20.98065948486328,21.368269345447843,20.602986686024014,20.692435407030036,99378200
2012-11-01,21.080045700073242,21.308637933812825,20.881272234830462,20.950843042448554,37713900
2012-11-02,21.05023193359375,21.55710742695836,20.94090528924184,21.12974170339629,38344400
2012-11-05,21.119802474975586,21.348392823275166,20.79182444177893,20.970721895461182,31806700
2012-11-06,21.040292739868164,21.23906810998048,20.861395285899565,21.10986355070875,29062700
2012-11-07,20.344581604003906,20.8216421310529,20.245195810878588,20.72225444226509,33396800
2012-11-08,19.867521286010742,20.602987087544907,19.857582328409457,20.394274664904902,34254600
2012-11-09,19.092300415039062,19.877461035874042,19.012790646722063,19.83770520388434,42295500
2012-11-12,19.947031021118164,20.046418701319013,18.754384545694986,19.032667775462563,67349200
2012-11-13,19.738317489624023,19.986785728332634,19.440154465776356,19.489849250915412,71775100
2012-11-14,22.223003387451172,22.362145016497372,19.80789142236345,19.97684992720349,229751000
2012-11-15,22.03416633605957,22.362144377773753,21.517351877703142,22.203124836073695,78857700
2012-11-16,23.415647506713867,23.78338135327875,22.044103591579947,22.113674398741928,107182200
2012-11-19,22.779571533203125,23.972220011749624,22.680183844047164,23.81319857170259,85021300
2012-11-20,22.958467483520508,23.75356515311315,22.560918648724186,22.590733626544925,46655300
2012-11-21,24.170991897583008,24.37970622058841,22.908772688712485,23.077731180416905,89862400
2012-11-23,23.852954864501953,24.528788888968847,23.733689256087928,24.429401197900916,29520900
2012-11-26,25.78106689453125,25.93014746969954,24.657989310561224,24.787193865859475,123865000
2012-11-27,25.989782333374023,26.337638312865135,25.304009333310123,25.880457576597593,85760600
2012-11-28,26.19849395751953,26.327696618709492,25.592230796125563,25.781067204630016,49205600
2012-11-29,27.15261459350586,27.351389984983296,25.999721872527033,26.337638900641096,88759700
2012-11-30,27.828445434570312,27.828445434570312,26.59604307851883,27.092979604136154,127049600
2012-12-03,26.87432861328125,28.703053310624934,26.81469486444713,27.828445846677955,123526100
2012-12-04,27.2917537689209,27.589916829248146,26.516533982527452,26.894204917480355,72869200
2012-12-05,27.54022216796875,27.729058584167394,27.09298041886139,27.579978001131607,58976300
2012-12-06,26.80475616455078,27.579977845901077,26.65567558235408,27.510407033920114,46001500
2012-12-07,27.321569442749023,27.60979353216373,26.67555235059563,26.904142693168584,51751900
2012-12-10,27.669424057006836,27.99740206626536,26.933958275507795,27.003529081159257,50608500
2012-12-11,27.808565139770508,28.066972338466194,27.490526093887283,27.898013858382946,77099100
2012-12-12,27.4110164642334,27.96758479720553,27.202304050242194,27.828443187878058,46704200
2012-12-13,28.066974639892578,28.57385012170492,27.261938002031755,27.4209575380126,81051600
2012-12-14,26.645736694335938,28.15642422807839,26.59604379869357,28.007343645488827,91631600
2012-12-17,26.586101531982422,26.83456977059908,26.158735858255813,26.605979446030688,57742500
2012-12-18,27.54022216796875,27.738997542458108,26.735185503045532,26.794817357127354,60512900
2012-12-19,27.2420597076416,28.047096334317963,26.784879021963935,27.659486457707562,61390300
2012-12-20,27.192365646362305,27.430894936775378,26.963773417678606,27.32156830112936,35574800
2012-12-21,26.09910774230957,26.844512564705706,25.95996611540762,26.496656601788345,54555200
2012-12-24,26.76500129699707,26.794816275002656,26.03947443203794,26.337635586068096,28230100
2012-12-26,26.347576141357422,27.013471195014862,26.218371576625195,26.864390608961333,33175400
2012-12-27,25.89039421081543,26.635799056374367,25.363642666511147,26.387330774521388,43481700
2012-12-28,25.751251220703125,25.950026593961205,24.99590745624985,25.323885495161967,56574800
2012-12-31,26.45690155029297,26.824633518962234,25.950026064914802,26.03947479149109,60374500
2013-01-02,27.828445434570312,28.007342887098535,27.25199914068071,27.27187705666438,69846400
2013-01-03,27.599855422973633,28.29556542989055,27.420957968272518,27.709180170886867,63140600
2013-01-04,28.58378791809082,28.752746405162235,27.6594857179744,27.83838316259852,72715400
2013-01-07,29.239748001098633,29.607481898832276,28.474465224506048,28.514221060223235,83781800
2013-01-08,28.88195037841797,29.418642736751956,28.683176905290956,29.329194010362958,45871300
2013-01-09,30.402578353881836,30.412517312385273,29.309317562116064,29.488215023852963,104787700
2013-01-10,31.108226776123047,31.257309255277885,30.094477670977458,30.412516754604503,95316400
2013-01-11,31.525653839111328,31.764183154039518,30.909453582795784,31.08835104290755,89598000
2013-01-14,30.760372161865234,32.01265055728605,30.432394125795508,31.88344978841417,98892800
2013-01-15,29.91558074951172,31.515715154690806,29.69692745384641,30.452271238850432,173242600
2013-01-16,29.667110443115234,30.16404696009987,29.34907137555105,30.02490344629376,75332700
2013-01-17,29.955333709716797,30.233618851630126,29.84600896111642,29.895701856329097,40256700
2013-01-18,29.478273391723633,30.253495023718166,29.09066352355753,30.12429047055458,49631500
2013-01-22,30.541715621948242,30.700735143979127,29.5577816185088,29.56772057559351,55243300
2013-01-23,30.631168365478516,31.307002370756397,30.611290448696817,30.909453513434844,48899800
2013-01-24,30.88957405090332,31.297061846224565,30.62122787476619,31.078410459554895,43845100
2013-01-25,31.346757888793945,31.7343677838231,30.939268181520717,31.21755332667592,54363600
2013-01-28,32.271060943603516,32.31081298641009,31.615102950069815,31.684673764137592,59682500
2013-01-29,30.60135269165039,31.87350900621524,30.52184102632765,31.80393819472028,72976500
2013-01-30,31.048593521118164,31.29706178095009,30.690798620348225,30.790186303413474,87682100
2013-01-31,30.790185928344727,31.277183484203487,28.563910574849377,28.97139836435696,190744900
2013-02-01,29.5478458404541,30.829943007387975,29.448458154576194,30.82000404923394,85856700
2013-02-04,27.937772750854492,29.021094554489856,27.838385064200686,28.881951034909545,92362200
2013-02-05,28.464523315429688,28.782562385554336,27.86820100677716,28.08685239357226,47948200
2013-02-06,28.872011184692383,29.11054238355721,28.484401303946232,28.563911071680373,38375900
2013-02-07,28.474462509155273,28.971399034256283,28.096791584169967,28.93164509799265,34540100
2013-02-08,28.375076293945312,28.991278451062048,28.33532235562367,28.712993300160537,37708800
2013-02-11,28.086851119995117,28.504277854521415,27.868199743114598,28.434707048044082,37361800
2013-02-12,27.202306747436523,27.98746548662967,26.93396056370139,27.500467910033933,93498700
2013-02-13,27.738998413085938,28.146486237482485,27.142674166563847,27.19236895957716,50164000
2013-02-14,28.325382232666016,28.45458489647794,27.83838466035581,27.848323618443253,35615800
2013-02-15,28.146486282348633,28.573852024631737,27.917895921110585,28.34526166339369,33109300
2013-02-19,28.752748489379883,28.90182907215237,27.94771182587848,28.057036575558325,49396400
2013-02-20,28.285627365112305,28.872012642635575,28.156424696893403,28.74280997441667,42098200
2013-02-21,27.11286163330078,28.375079159151202,26.983657055468232,28.10673483531186,49642300
2013-02-22,26.963773727416992,27.460710228734875,26.65567362738535,27.450773166891352,36350200
2013-02-25,27.102920532226562,27.470652526342704,26.983654923317587,26.993593882031877,34652000
2013-02-26,27.222179412841797,27.291750215828717,26.536408444260278,27.19236443765438,31611700
2013-02-27,26.705371856689453,27.172491545691983,26.46684063713225,27.172491545691983,44319700
2013-02-28,27.08304214477539,27.132735041821903,26.178617769758826,26.675554322873975,83027800
2013-03-01,27.60979461669922,27.947711612760013,26.64573652384124,26.88426583359078,54064800
2013-03-04,27.550159454345703,27.888076433073245,27.271876221743504,27.58991528509593,32400700
2013-03-05,27.351383209228516,28.007339184676486,27.043281239198294,27.70917617132422,40622200
2013-03-06,27.281814575195312,27.957646622019766,27.182426896183323,27.92783164527978,33532600
2013-03-07,28.404890060424805,28.50427773884436,27.301690431726133,27.401078110145686,74540200
2013-03-08,27.7886905670166,28.29556606821701,27.560100212258323,28.255812130532405,44198900
2013-03-11,27.967588424682617,28.464524974634546,27.65948829449792,27.838385755786614,35642100
2013-03-12,27.659486770629883,28.146484335272696,27.43089642520492,27.927832947778697,27569600
2013-03-13,26.914081573486328,27.48058889721537,26.755062040357558,27.4507739195427,39619500
2013-03-14,26.87432861328125,27.26193850239086,26.6656142836867,26.933960466452938,27646400
2013-03-15,26.48671531677246,26.894203098902626,26.397266594289025,26.8643881218497,31597400
2013-03-18,26.327695846557617,26.625858887398245,25.62204691832656,26.208432146751232,26653700
2013-03-19,26.3873291015625,26.735185053235085,26.04941210801341,26.367453080977942,25254200
2013-03-20,25.701557159423828,26.526471698401426,25.622047392859567,26.5165327406231,44006500
2013-03-21,25.582294464111328,25.9500283609802,25.403396995129853,25.502784688526514,24336100
2013-03-22,25.57235336303711,25.8506385021036,25.472965677966048,25.641924173888125,18456300
2013-03-25,24.976030349731445,25.64192540737893,24.926337452636673,25.59223251028416,39199000
2013-03-26,25.0555362701416,25.323882422784628,24.87664073070847,24.926333620162858,26957200
2013-03-27,25.93014907836914,26.118985496317382,24.56854211052521,24.846827258256173,52297400
2013-03-28,25.42327117919922,26.00965639889228,25.36363933018398,25.930146634984524,28585700
2013-04-01,25.373577117919922,25.73137009117958,25.12510888020467,25.472962896476254,22249300
2013-04-02,25.264251708984375,25.959963566510137,25.144986115019677,25.612107637747258,35153300
2013-04-03,26.089168548583984,26.228310174231108,25.542539108688167,25.67174177598014,48195200
2013-04-04,26.904142379760742,27.063161911494923,25.950025189355653,26.45690065763174,82016800
2013-04-05,27.222179412841797,27.629667169475642,26.44695972737361,26.695427964133867,64566600
2013-04-08,26.68549346923828,27.033349437999725,26.466840171104646,27.02341047938797,27256000
2013-04-09,26.42708396911621,26.725245119284473,26.258125478510898,26.41714501135562,21311100
2013-04-10,27.401079177856445,27.669425351346927,26.735184170859156,26.844510810946915,45949400
2013-04-11,27.848325729370117,27.927835504434153,27.083042959589665,27.31163332594095,33368500
2013-04-12,27.232120513916016,27.828444708224733,27.073100981522007,27.828444708224733,28697400
2013-04-15,26.357513427734375,27.311630634477986,26.198493893277107,26.99359156556345,30275400
2013-04-16,26.755064010620117,26.943900430989974,26.238249542061833,26.645737362669806,27365900
2013-04-17,26.466838836669922,27.033348075002102,26.228309529001734,26.486716752891212,26440600
2013-04-18,25.5325984954834,26.65567417755034,24.995906153065008,26.65567417755034,39059000
2013-04-19,25.57235336303711,25.800943711736856,25.174804518415282,25.46302861555512,20380900
2013-04-22,25.810882568359375,26.198494349046747,25.542538284083392,25.651863031135676,25687600
2013-04-23,25.820819854736328,26.168675780766144,25.61210743651581,26.059349145129325,25191500
2013-04-24,25.950027465820312,26.23824968149941,25.641925437352548,25.77113000301,19729900
2013-04-25,25.979841232299805,26.23824845588171,25.840699610241252,25.91027042127053,17150000
2013-04-26,26.68549346923828,27.450776221380956,26.437025190931898,26.437025190931898,33018000
2013-04-29,26.814695358276367,27.242061087812576,26.69543164973659,26.9935928167485,29201100
2013-04-30,27.599855422973633,27.679365192211634,26.84451166738139,26.96377537340718,36245700
2013-05-01,27.26193618774414,27.748933721233488,27.14267059586446,27.679362915829618,64567600
2013-05-02,28.792503356933594,28.842198149904753,27.80856920405485,27.838386079837548,104257000
2013-05-03,28.136545181274414,28.891888917802486,27.977525646811912,28.862073939879753,58506400
2013-05-06,27.401079177856445,28.28562556936689,27.31163045335962,28.156422909350564,43939400
2013-05-07,26.725248336791992,27.679367544391052,26.685494396625934,27.381204462663963,41259100
2013-05-08,26.953840255737305,27.132735827683707,26.486718669055538,26.7153090351503,34654900
2013-05-09,26.87432861328125,27.38120220873423,26.68549219996474,26.914082550174896,33457200
2013-05-10,26.51653289794922,27.13273311856265,26.407206257401324,26.973713584490646,30847100
2013-05-13,26.65567398071289,27.16254944625537,26.367451791872462,26.437022599673174,29068800
2013-05-14,26.904142379760742,27.11285669995082,26.65567412446829,26.725244932644202,24930300
2013-05-15,26.437023162841797,26.82463304065264,26.238247797180534,26.755062231369912,30299800
2013-05-16,25.96990394592285,26.38733073463133,25.741313581922686,26.317759919123674,35499100
2013-05-17,26.089168548583984,26.437024508364267,26.03947565247072,26.238249132586255,29462700
2013-05-20,25.602169036865234,26.029534735669493,25.532598229276136,26.019595778062147,42402900
2013-05-21,25.502784729003906,25.920211525402348,25.433213912214597,25.711499075034418,26261300
2013-05-22,25.00584602355957,25.69161896535048,24.7673167167763,25.49284359519988,45314500
2013-05-23,24.906457901000977,25.373579443951147,24.618235704573905,24.6480506826091,37663100
2013-05-24,24.16105079650879,24.817006789488236,23.932460473792784,24.817006789488236,58727900
2013-05-28,23.952342987060547,24.389647698239774,23.77344551904802,24.389647698239774,50079700
2013-05-29,23.1771183013916,23.664115849053708,23.11748645154747,23.644239829547217,64237800
2013-05-30,24.39958381652832,24.62817606994882,23.783383556862177,23.982157039218595,60733200
2013-05-31,24.200807571411133,24.7971317417291,24.121297808412887,24.479090794073844,35925000
2013-06-03,23.703874588012695,24.170994277824644,23.56473106041946,24.121301379467276,35733800
2013-06-04,23.37589454650879,23.783382344580943,23.17711917862181,23.743626512738587,34760800
2013-06-05,22.75969696044922,23.564733759142296,22.650372192410213,23.206940679535805,53819700
2013-06-06,22.82926368713379,22.948529289372786,22.531102525029947,22.849141603450693,31260700
2013-06-07,23.147302627563477,23.256627366376637,22.71993694260927,22.888895425133903,38699200
2013-06-10,24.18092918395996,24.44927533970568,23.843012223908815,23.912583028214243,58393000
2013-06-11,23.88277244567871,24.200811549956416,23.8529555687792,23.88277244567871,29885900
2013-06-12,23.62436294555664,24.11136051447567,23.435526534535004,24.011972829955738,26445800
2013-06-13,23.58460807800293,23.683995766587437,23.12742736444168,23.574669119578232,31189300
2013-06-14,23.485218048095703,23.743625254388917,23.117486101354732,23.415647241721047,30677100
2013-06-17,23.872831344604492,24.101421693334874,23.604485163575394,23.76350470144543,33664500
2013-06-18,24.06166648864746,24.53872701036339,23.932463821631412,23.942402779965335,36709100
2013-06-19,24.16105079650879,25.035660050922854,23.95233838767997,24.051726061453685,31790600
2013-06-20,23.753564834594727,24.598357281997828,23.50509657922101,24.13123764433369,42765600
2013-06-21,24.379709243774414,24.548667756430394,23.90264868731701,24.43934110245811,45833900
2013-06-24,23.793323516845703,23.96228202657489,23.2367531932304,23.803262475731252,40626000
2013-06-25,24.101423263549805,24.280320729224428,23.892710817371107,23.992096613268078,24713200
2013-06-26,24.011972427368164,24.498969988122138,23.843013935215776,24.35982836952454,29890300
2013-06-27,24.5089111328125,24.68780859877884,24.06166746789665,24.09148434411189,34694100
2013-06-28,24.72756004333496,24.826947725029438,24.27037936146768,24.52878657560837,96778900
2013-07-01,24.657989501953125,24.906457761049644,24.46915498991668,24.817009036121906,20582200
2013-07-02,24.260438919067383,24.6182337930066,24.15111228632768,24.54866298877669,18394100
2013-07-03,24.369768142700195,24.55860266121112,24.002034272537585,24.07160508416397,10404400
2013-07-05,24.220685958862305,24.50890814448366,24.051727472235196,24.498969186957087,20229500
2013-07-08,24.558603286743164,24.886583228185717,24.270381074712194,24.32007397123607,27064600
2013-07-09,25.323883056640625,25.333822013912716,24.87664135337002,24.916395286796124,30387900
2013-07-10,25.641921997070312,25.671738868759114,25.313943991142516,25.423270625005866,26721800
2013-07-11,25.65186309814453,25.840699509964363,25.29407008628778,25.80094367772338,26777400
2013-07-12,25.751251220703125,25.771129137161424,25.39345630710356,25.58229272213249,16537900
2013-07-15,26.11898422241211,26.26806479955802,25.49284314447194,25.77112827863006,24234000
2013-07-16,26.158737182617188,26.586102877980412,25.850637081919498,26.22830798964612,30817600
2013-07-17,26.48671531677246,26.615919869542896,26.138859384410473,26.20843208741273,21518500
2013-07-18,26.019596099853516,26.605981336302648,25.959964249134284,26.586103420842118,24806900
2013-07-19,25.721435546875,25.950027805492837,25.443152286116387,25.661803690378516,46539700
2013-07-22,25.89039421081543,25.96990398518188,25.562416154596,25.830762353956228,27526300
2013-07-23,25.96990394592285,26.138862453153962,25.81088439743034,25.940088965369597,28221600
2013-07-24,26.347576141357422,26.367454058341227,25.890393529042427,26.158739721336282,82635600
2013-07-25,34.149478912353516,34.66629335796982,32.54934268082175,33.334503307315266,365457900
2013-07-26,33.80162048339844,34.517210286717585,33.35438064764874,33.56309307650857,136028900
2013-07-29,35.21291732788086,35.41169266714811,33.80161583127522,33.86124957045267,124718800
2013-07-30,37.399444580078125,37.727420720763185,35.10359642998322,35.43157636199315,173582800
2013-07-31,36.57452392578125,38.07527420851287,36.10740621579758,37.72741640003842,154828700
2013-08-01,37.26030731201172,38.05540510042745,36.69379610948236,37.07146898072683,106066500
2013-08-02,37.81686782836914,38.25417438564794,37.27023842309535,37.429257955380905,73058500
2013-08-05,38.949886322021484,39.07909088957099,38.01564695136178,38.19454441679184,79994800
2013-08-06,38.31380844116211,39.00952039111582,37.70754522464995,38.8703787593901,63950800
2013-08-07,38.63184356689453,38.701414375602766,37.46901394306421,38.373438247596035,68854800
2013-08-08,38.30386734008789,38.94988253233018,38.19454070059273,38.89025257720534,41301000
2013-08-09,38.26411056518555,38.50264175377473,37.77711112617308,38.353559286990915,43532300
2013-08-12,37.9858283996582,38.26411163468656,37.86656090636772,37.96595048410979,31161000
2013-08-13,36.79318618774414,38.0852205848713,36.544717888630245,38.00571270064405,65379200
2013-08-14,36.425453186035156,37.31993676397,36.39563441284298,36.604350659887174,48423900
2013-08-15,36.336002349853516,36.84287596893357,35.79930995930402,36.1372269691324,56521100
2013-08-16,36.85281753540039,37.260305367657345,36.67392006842659,36.74349088432472,45840800
2013-08-19,37.57834243774414,38.045460206224725,36.91244550410705,37.20066960659661,57609600
2013-08-20,38.174659729003906,38.343620101422346,37.459069994195275,38.11502598732838,57995200
2013-08-21,38.085208892822266,38.611960312008435,37.91625232113017,38.144842631179344,46116900
2013-08-22,38.31380844116211,38.5125838256239,38.10509599357353,38.13491097427901,21931200
2013-08-23,40.30155563354492,40.38106730569532,38.69148218575143,38.76105300322043,86442300
2013-08-26,41.08671188354492,41.6830341947638,40.371122077022434,40.64940910807273,94162400
2013-08-27,39.39712905883789,40.947572458984865,39.17847576371685,40.43075799226921,72695100
2013-08-28,40.30155563354492,40.5997168214585,39.635662440248765,39.71517032107396,57918200
2013-08-29,41.02708435058594,41.5240209489848,40.550025671082075,40.63947441044689,58303400
2013-08-30,41.037017822265625,42.00107207160435,40.808427483089446,41.76254467043124,67735100
2013-09-03,41.61346435546875,41.90168845552146,41.25566944386192,41.583649376609806,48774900
2013-09-04,41.52402114868164,41.91163109068478,41.186104108492295,41.7526115300854,42581900
2013-09-05,42.398624420166016,42.50795106294536,41.51407800687834,41.53395592295866,50035400
2013-09-06,43.68072509765625,44.33668121594632,42.14022249469133,42.82599359384567,117535700
2013-09-09,43.77016830444336,44.51557306252452,43.43225132912691,44.088207364585344,75794700
2013-09-10,43.332862854003906,43.988818906125054,42.96513089224691,43.96894478177041,54540300
2013-09-11,44.76404571533203,44.81373861249044,42.84587031268213,43.12415356982926,72328300
2013-09-12,44.47581481933594,45.34048323023039,44.37642904018005,45.251034512460315,68072300
2013-09-13,44.03851318359375,44.80379583445457,43.66084038898039,44.764040005269045,52765300
2013-09-16,42.249542236328125,44.664654082517245,42.17003436278386,44.57520535520191,70424200
2013-09-17,44.793861389160156,45.16159338341812,42.17003694877615,42.239607764140494,91934600
2013-09-18,44.952877044677734,45.19140824193232,44.12796439479366,44.56526716654819,79317000
2013-09-19,45.69828796386719,45.7678587825559,44.95288308535219,45.23116636010703,63972400
2013-09-20,47.199031829833984,47.308354678344664,45.459754028551835,46.03619841405934,115508400
2013-09-23,46.90087127685547,47.2586662074985,46.00638774157297,46.990320009516225,75177000
2013-09-24,48.153141021728516,49.35572627731725,47.864916981234785,48.21277096712439,136716100
2013-09-25,49.156959533691406,49.23647119654162,48.16308649601228,48.92836918998418,87879700
2013-09-26,50.08126449584961,50.28997693523737,49.196718050641984,49.7035916593444,98220100
2013-09-27,50.926055908203125,50.96580794813904,49.554510060308466,49.98187576804865,81410500
2013-09-30,49.92224884033203,51.28385402073883,49.49488307421543,49.832800103439595,100095000
2013-10-01,50.1110725402832,50.71733564907029,49.14701835262985,49.663832743869264,98114000
2013-10-02,49.9719352722168,50.78691086226924,49.64395914028095,49.82285659090951,62834000
2013-10-03,48.87868118286133,50.40924672381871,48.759417467987745,50.16077843955908,82045000
2013-10-04,50.72727966308594,50.846543363473884,49.26628511586602,49.46506047739572,74447000
2013-10-07,50.21046447753906,50.975747143451834,50.09120077896131,50.419176897881286,57204000
2013-10-08,46.851173400878906,50.28997312876154,46.791543446324376,50.28997312876154,136081000
2013-10-09,46.48344039916992,47.54688419978326,44.98269005460932,47.08970353231529,147297000
2013-10-10,48.74947738647461,49.37561853430837,47.536954718162235,47.576706762867005,99774000
2013-10-11,48.809104919433594,49.56444675110298,48.49106585438073,48.878675727956114,58428000
2013-10-14,49.2066535949707,49.32592109207621,47.61645821347911,48.01400895451444,68781000
2013-10-15,49.19671630859375,50.68752589370265,48.87867723374317,49.683715774578914,81167000
2013-10-16,50.8266716003418,50.92606118879928,49.594271034070054,49.7334126665854,64678000
2013-10-17,51.890113830566406,51.90005468474471,50.637835388176526,50.8067919959575,71522000
2013-10-18,53.887794494628906,54.494057622481286,53.27159051377837,53.84803866528541,88260000
2013-10-21,53.52006149291992,54.47418248925843,53.18214450889529,54.34497793295717,58235000
2013-10-22,52.35723114013672,54.424485055903155,51.88017254419062,53.99712314415276,83204000
2013-10-23,51.58201217651367,51.92986622320138,50.81672948247594,51.43292970431907,57207000
2013-10-24,52.12864303588867,52.516252924763315,51.273911593075425,52.05907222462014,46775000
2013-10-25,51.631710052490234,52.91380730484427,51.56213923643925,52.85417355194694,45085000
2013-10-28,49.92224884033203,51.38324361246668,49.306048536920414,51.224224057027385,73472000
2013-10-29,49.09733581542969,50.47881890670167,48.94825332430779,50.41918515198786,102143000
2013-10-30,48.709716796875,49.902365222107306,48.45131147054833,49.69365279030598,127073000
2013-10-31,49.90237045288086,51.681404319170355,46.215101939258105,46.87105807319456,248809000
2013-11-01,49.44518280029297,51.770845821346676,49.41536782288353,50.53844160698565,95033000
2013-11-04,47.924564361572266,49.44518906325847,47.7257889739072,49.06751620582736,80371000
2013-11-05,49.802982330322266,49.872553144969956,47.218909960104234,47.49719701002005,76835000
2013-11-06,48.81904220581055,50.140895156461106,48.411554414881564,49.95205685418261,67889000
2013-11-07,47.26860427856445,49.564448629463435,47.01019515883803,48.93831132903181,97128000
2013-11-08,47.23878479003906,48.3519253343028,46.960501549635524,47.517071821767395,70731000
2013-11-11,45.916934967041016,47.238784131865394,45.449813427450756,46.75178846794448,80910000
2013-11-12,46.32442092895508,47.079762737386304,45.54920120565401,45.71815779506082,68196000
2013-11-13,48.411556243896484,48.4413750140445,45.77779488786389,45.946751489628205,79245000
2013-11-14,48.68983840942383,49.26628275983588,47.73571747797452,48.401614338555554,75117000
2013-11-15,48.709716796875,49.17683834632782,48.41155563839813,48.80910637725051,42453000
2013-11-18,45.5492057800293,48.540762128869694,45.519387009067614,48.17303014515874,85910000
2013-11-19,46.075950622558594,46.71202870469142,45.43987254042577,45.976561052647575,75602000
2013-11-20,46.14552688598633,47.25866366143026,46.026263179305694,46.32442434166971,53933000
2013-11-21,46.413875579833984,47.169217484764275,46.40393472546676,46.702099695282094,34886000
2013-11-22,45.94675064086914,46.9803795226595,45.67840446244329,46.751789176146694,40545000
2013-11-25,44.545387268066406,46.364176666117544,43.770167546313246,46.07595258806716,82565000
2013-11-26,45.60883712768555,45.88712038963265,43.28317386210235,44.38637363814279,82016000
2013-11-27,46.20515823364258,46.38405188870373,45.25103725580989,45.68834380978624,44993000
2013-11-29,46.72197723388672,46.92075263117357,46.21510357256433,46.46357187134156,22953900
2013-12-02,46.771671295166016,47.248729947018276,45.97656975075377,46.6126517445486,50774000
2013-12-03,46.44368362426758,46.91080513531373,46.006380880544796,46.46356153870832,32086000
2013-12-04,48.32210159301758,48.471184051509255,45.976560832871556,46.175336180418995,60890000
2013-12-05,48.0438232421875,48.4016181457087,47.57670169688762,47.85498872814011,43855000
2013-12-06,47.646270751953125,49.08738737524524,47.417680414528455,48.679899592649164,42938000
2013-12-09,48.5407600402832,48.66996459869121,47.4475011989611,47.79535525083864,36056000
2013-12-10,49.94211959838867,50.45893402730111,48.24259763242114,48.341983418574614,68479000
2013-12-11,49.077449798583984,50.45893266188797,48.70971405885265,50.2402793886774,65776000
2013-12-12,51.51244354248047,51.750970958474824,50.349610067702024,50.737219962186536,92723000
2013-12-13,52.99330520629883,53.172202639982295,51.025437227105144,51.34347626669254,82641000
2013-12-16,53.480308532714844,54.16607955114605,52.585821298826595,52.92373827703719,85119000
2013-12-17,54.52387237548828,54.841911426284405,53.907672188486366,54.42448280253665,78751000
2013-12-18,55.22952651977539,55.54756560073044,53.42067782509671,54.52387754586418,76003000
2013-12-19,54.712711334228516,54.85185295637129,53.619452481971116,53.99712530730498,89753200
2013-12-20,54.78227615356445,54.81209492027998,53.89772983126725,54.59344165721346,239824000
2013-12-23,57.416046142578125,57.96267555790137,55.11026098638477,55.1599538802642,98297000
2013-12-24,57.604881286621094,58.221085309712684,56.56131533842702,57.91298329816689,46617800
2013-12-26,57.37628936767578,58.02230835146208,57.018494471506436,57.96267460499229,55101000
2013-12-27,55.100318908691406,57.326596143483094,54.91148439961487,57.12782078105665,60466000
2013-12-30,53.38092041015625,54.84191500153154,53.10263717039898,54.59344673994117,68307000
2013-12-31,54.31516647338867,54.52387891463152,53.57969871063887,53.788411151881725,43076200
2014-01-02,54.374794006347656,54.881671388259356,53.85797956205477,54.4940615028709,43195500
2014-01-03,54.22572326660156,55.30904520844665,54.195904492439965,54.682904029608565,38246200
2014-01-06,56.84954071044922,56.90917066856651,53.71883900424478,54.086570980826046,68852600
2014-01-07,57.56512451171875,58.19126558690984,56.869416418533945,57.34647502157128,77207400
2014-01-08,57.873226165771484,58.052123614736594,56.879353134331836,57.24708509439358,56682400
2014-01-09,56.86941909790039,58.59875614147176,56.302911743145124,58.29065791178114,92253300
2014-01-10,57.58500671386719,57.94280164060947,56.710401105525,56.779971920022106,42449500
2014-01-13,55.56744384765625,57.89310701054845,55.04069232756537,57.55519001110856,63010900
2014-01-14,57.386234283447266,57.425986325916455,55.75627921981094,56.11407414130855,37503600
2014-01-15,57.24708938598633,58.2111475119784,56.919113232513006,57.62476222781699,33663400
2014-01-16,56.839595794677734,57.66451220871587,56.48180469756774,56.90916660172618,34541800
2014-01-17,55.955047607421875,57.46573498095709,55.72645727864889,56.94892058016942,40849200
2014-01-21,58.15150833129883,58.22108293023811,56.1538252430476,56.25321102783286,48669200
2014-01-22,57.15763473510742,58.94660917359092,56.75014695552499,58.48942471079812,61352900
2014-01-23,56.28303909301758,56.33273199361835,55.34879587989166,56.024629943773064,47951800
2014-01-24,54.116390228271484,56.07431762732227,54.06669733229404,55.8059752307791,55200700
2014-01-27,53.221900939941406,54.603383869473355,51.53231600078101,54.394671439398344,73924100
2014-01-28,54.80215835571289,54.941299973524686,53.6691437063029,53.68902162189383,48191200
2014-01-29,53.2020263671875,54.61332815493253,52.864109358121084,54.275411145866116,92995600
2014-01-30,60.705772399902344,62.1170704200089,60.08956833158179,61.73939757028422,150178900
2014-01-31,62.1866340637207,62.98173171513488,59.801337318153536,60.09950225484293,87794600
2014-02-03,61.10331344604492,63.379283595281315,60.32809369565818,62.64381588469858,74866600
2014-02-04,62.36553192138672,62.753141792055104,61.44122971071995,61.66982005005452,45985500
2014-02-05,61.80896759033203,62.77302572406663,60.8946061453539,62.35560083605271,51685100
2014-02-06,61.77914810180664,62.39534832590406,61.08343621456128,61.08343621456128,42086500
2014-02-07,63.9259147644043,64.17438302881548,61.838782859880254,61.88847575449753,60704300
2014-02-10,63.1606330871582,64.0948724117336,63.08112521273631,63.90604168389722,43666100
2014-02-11,64.45266723632812,64.60174971373593,62.961857627549605,63.35940837308716,45675600
2014-02-12,64.05511474609375,64.66137791042928,63.65757159403403,64.52223629067846,47282100
2014-02-13,66.91747283935547,66.91747283935547,63.65757051858228,63.78677128255398,61911700
2014-02-14,66.67893981933594,67.16594307724755,66.31121164078392,67.08643141277426,36694900
2014-02-18,66.88766479492188,67.12619222338229,65.66519750659306,66.52986986090613,43809900
2014-02-19,67.64299011230469,68.6567447610201,66.58948721857779,66.63918389881535,62087100
2014-02-20,69.20338439941406,69.68044684567539,65.32728519763607,67.31503148886596,130928900
2014-02-21,68.16974639892578,69.53135515802607,68.0306047835607,69.26301278057896,70932400
2014-02-24,70.3463363647461,71.00229624631494,68.12006275781387,68.31883434351052,76620300
2014-02-25,69.42203521728516,70.56499081032035,69.02448445675333,70.5152941217601,52077000
2014-02-26,68.83564758300781,70.78363779496885,68.42815600457571,69.75994979618493,55322700
2014-02-27,68.51761627197266,69.58106022185363,68.4480454559113,68.9151594593803,41653700
2014-02-28,68.0405502319336,69.45184818746178,66.96716548435589,69.04436416713033,66783700
2014-03-03,66.99697875976562,67.63305683698194,66.10249159410243,66.54973138560963,56824100
2014-03-04,68.37847137451172,68.47785716661757,67.20570082930291,68.23932974903354,42013500
2014-03-05,71.1314926147461,71.52904334417553,69.19344323492058,69.26301404387202,74567700
2014-03-06,70.40596771240234,71.44953751451486,69.81958621517823,71.439596660239,46026500
2014-03-07,69.3723373413086,70.74387932997016,69.04435743663439,70.64449354806409,38927000
2014-03-10,71.58867645263672,71.70794395151329,70.07799271344928,70.33639425370713,59871600
2014-03-11,69.6705093383789,72.14525146671636,69.53136769791982,72.05580651898582,59408300
2014-03-12,70.44570922851562,70.9128307100857,68.57723088488386,69.43196219527836,46340500
2014-03-13,68.40827941894531,70.91283600630128,67.73244548542877,70.85320605361277,57091000
2014-03-14,67.30508422851562,69.00460623584735,67.04667511210769,68.07036314143765,48227000
2014-03-17,68.31884002685547,68.52755248399441,66.2118337456524,67.76227347448493,52197000
2014-03-18,68.76608276367188,69.17356679494246,67.881536304232,68.33871702395878,40827000
2014-03-19,67.8218994140625,68.86546922048224,67.05662044996478,68.74620171662994,43981000
2014-03-20,66.5596694946289,67.81195147493892,66.41058704272201,67.59329822316195,44439000
2014-03-21,66.82801818847656,67.50385212967517,65.77451523820932,67.11624226749574,59999900
2014-03-24,63.70725631713867,66.94728434570567,62.971792437208414,66.77832775943031,85696000
2014-03-25,64.49241638183594,65.78445427519732,63.3892167791202,64.49241638183594,68786000
2014-03-26,60.019996643066406,64.55205560854641,60.0001187258621,64.34334316488878,97503900
2014-03-27,60.59644317626953,61.52074544817701,57.62476098537857,60.13925867598443,112650000
2014-03-28,59.64231872558594,61.57043482581999,58.97642561684615,60.96417167229586,67052000
2014-03-31,59.87091827392578,61.14307465126203,59.5031824906504,60.40760687603635,53011000
2014-04-01,62.236331939697266,62.276087773282626,59.87091671124271,60.08956621331227,59291000
2014-04-02,62.33572006225586,63.518427648755626,61.82884267423819,62.82271574262199,66277000
2014-04-03,59.12550735473633,62.78295656341483,58.76771246257791,62.16675635543349,83859000
2014-04-04,56.40229797363281,59.83116089945786,55.97493224074687,59.57275177238382,125214400
2014-04-07,56.601070404052734,57.64463633811574,55.10031999003923,55.55750446998973,108488000
2014-04-08,57.833473205566406,58.3502876625297,56.81972220821435,57.32659960255284,78836000
2014-04-09,62.02762222290039,62.077315121400744,58.82734951398556,59.26465611996903,100215000
2014-04-10,58.79752731323242,62.792897281525384,58.32046872182315,62.69351149672853,114988000
2014-04-11,58.171390533447266,59.94048720533048,56.95886794614692,57.24708825979437,91452000
2014-04-14,58.52919006347656,60.07963356530964,57.42599024403046,59.72183861940007,72325000
2014-04-15,58.727962493896484,59.31434778316878,55.53763070591974,58.92673787508329,108623000
2014-04-16,59.354095458984375,59.82121318054055,57.386227417516565,59.42366626413794,78774000
2014-04-17,58.578880310058594,60.208835411074574,58.36023080182632,58.93667523976149,88040000
2014-04-21,60.864784240722656,60.864784240722656,58.78758951727659,59.09568772109479,60364000
2014-04-22,62.643821716308594,63.051309545,61.83878691329573,62.266152659401975,60631000
2014-04-23,60.98405456542969,63.091064494613136,60.88466497975002,63.06124951457175,95908700
2014-04-24,60.49705123901367,63.2600208845636,59.403792405114096,63.21032419921152,138769000
2014-04-25,57.356414794921875,59.642322130940926,57.21727316970788,59.602570088969024,92502000
2014-04-28,55.79603576660156,57.952742385933,54.32510401934546,57.69433325429373,107758000
2014-04-29,57.79372024536133,57.92292101405537,55.49787210037087,55.74634036661692,75557000
2014-04-30,59.41373062133789,59.48330143259228,56.80978425222046,57.22721291107165,76093000
2014-05-01,60.775333404541016,61.89840712668359,59.84109038979031,60.0597436555957,82429000
2014-05-02,60.08956527709961,61.510804079370786,59.81128202898773,60.92441881276012,54189000
2014-05-05,60.844905853271484,60.97410661262602,58.81740403734742,59.304399680844384,46057000
2014-05-06,58.171390533447266,60.77534074955487,58.13163849139844,60.60638035337883,55901000
2014-05-07,57.03837585449219,58.93667329894843,55.91529820464716,58.40992177607927,78587000
2014-05-08,56.412235260009766,58.45961520261891,56.15382992323627,56.879356828347404,61251000
2014-05-09,56.88928985595703,57.296777617598735,56.03455850438555,56.501676217134914,52584000
2014-05-12,59.46342849731445,59.532999309960715,57.62476101520986,57.62476101520986,48575000
2014-05-13,59.46342849731445,60.51693154100066,59.14538562208519,59.29446810137001,48525000
2014-05-14,58.867095947265625,60.079622191904534,58.58881272704995,59.16525708197163,47429000
2014-05-15,57.56512451171875,59.01618202786434,57.16757757151668,58.89691453361144,56814000
2014-05-16,57.664512634277344,58.091878332914355,56.95886370539285,57.952736717790614,47933000
2014-05-19,58.84722137451172,59.19507921085952,57.21727020698984,57.535309274246565,43034000
2014-05-20,58.20120620727539,59.82121652214435,57.82353339297032,59.13544549389873,53931000
2014-05-21,60.119388580322266,60.12932564365053,57.893111053597416,58.201213095326246,58992000
2014-05-22,60.149200439453125,61.10331770509882,60.02993672907866,60.566625321426244,54200000
2014-05-23,60.97411346435547,61.07350304963277,59.78146877162799,60.03987411069894,38294000
2014-05-27,63.09105682373047,63.12087180014682,61.19275956828993,61.24245245942537,55682000
2014-05-28,63.120872497558594,63.747013548492056,62.236326135071025,63.0016087992509,47795000
2014-05-29,63.43891525268555,63.90603677475227,63.120872405454755,63.4488523144781,42700000
2014-05-30,62.91216278076172,63.776831265461766,62.17669885305241,63.55818177439064,45253500
2014-06-02,62.69351577758789,63.2003893807818,61.669823925921875,62.84259446496261,35996000
2014-06-03,62.48480224609375,63.031431706044344,61.938172786143156,62.23633396508665,32217000
2014-06-04,62.95191955566406,63.20038781980998,61.68970031884379,62.06737314191655,36514000
2014-06-05,62.80283737182617,63.965670824909374,62.43510540075621,63.26995892381022,47352000
2014-06-06,62.117069244384766,63.091064435177714,61.76921517314622,62.9817377866956,42442000
2014-06-09,62.49474334716797,62.95192407610769,61.411421486047715,62.01768470071021,37617000
2014-06-10,65.36701965332031,65.41671633317142,63.1109314253466,63.14074640019777,69338000
2014-06-11,65.37696838378906,65.39685009118476,64.5023628246197,64.91978768813351,44242000
2014-06-12,63.89610290527344,66.0627465800194,63.66750875448944,65.446542524443,55730000
2014-06-13,64.10481262207031,64.57193417533105,63.43891948908784,64.30358420179203,29419000
2014-06-16,63.796714782714844,64.4824820447374,63.35940820551512,63.76689980384209,31046000
2014-06-17,64.00542449951172,64.48247930651733,63.53830296327536,63.70725955814613,27715000
2014-06-18,65.19806671142578,65.34714917664759,63.65756812453157,64.09486708449326,35570000
2014-06-19,63.94579315185547,65.17820128499577,63.81659237550293,65.05893378037408,34245000
2014-06-20,64.10481262207031,64.4129108454339,62.96185708204609,64.06505678959603,46466000
2014-06-23,64.96949768066406,65.25772183573692,63.8265419161065,63.925927725491675,34560000
2014-06-24,65.31734466552734,66.75845770072404,64.87009719820223,64.95954972472741,57335000
2014-06-25,67.02679443359375,67.06655026166533,65.16824928015446,65.17819013283457,44308000
2014-06-26,66.71868896484375,67.58336116836914,66.49010243070472,67.58336116836914,47714000
2014-06-27,67.18582153320312,67.28520732887684,66.4304758373126,66.89759741789423,46461000
2014-06-30,66.87771606445312,67.50385333391704,66.71869274244045,67.0466726571046,27102800
2014-07-01,67.64299011230469,68.02066668375305,66.97709705995462,67.1659353456788,33243000
2014-07-02,66.0428695678711,67.88154101114314,65.38691721413586,67.62313186202293,41895000
2014-07-03,65.88385009765625,66.58949910361233,65.35709855677707,66.45035747329142,25203200
2014-07-07,64.88997650146484,66.16213287373907,64.72101989197688,65.89379046941407,28745000
2014-07-08,62.3754768371582,65.1583208815534,61.82884736632926,64.66138430964978,68926000
2014-07-09,64.57193756103516,64.72102004496816,62.76308879318499,63.02149413516713,51432000
2014-07-10,64.47254943847656,64.9396634167168,62.66369694460169,62.92210606858021,44422000
2014-07-11,65.93353271484375,66.18200097062652,64.39303407858023,64.88002973677263,39212000
2014-07-14,67.48397827148438,67.75232064533724,66.49010527067503,66.71869181457761,38537000
2014-07-15,66.75846099853516,67.67282252234796,65.85404032986077,67.54362173615182,44213200
2014-07-16,67.2454605102539,67.52374377713276,66.65907141277317,67.12619300331284,29541600
2014-07-17,66.00312042236328,67.43429262148508,65.63538462214389,66.6193169307871,38188000
2014-07-18,68.00080108642578,68.04055692350332,65.75465316142454,66.3907313893639,42456000
2014-07-21,68.97479248046875,69.53135897246183,68.08030520215861,68.38840342699054,49539000
2014-07-22,68.84558868408203,69.34252525128608,68.18963635835082,69.33259197945017,40398000
2014-07-23,70.85320281982422,70.89295864735178,69.18349597691044,69.31269672938843,78435000
2014-07-24,74.52061462402344,76.26982596721273,74.05349301462437,75.49460609742306,124168000
2014-07-25,74.72931671142578,75.20637152694265,74.20256521057819,74.53053755275245,45917000
2014-07-28,74.46097564697266,75.03742390208305,73.39753166451405,74.70944393803916,41725000
2014-07-29,73.25838470458984,74.46097023604419,72.97016059797932,74.26219865069551,41324000
2014-07-30,74.22244262695312,74.72932002573864,73.67580939466973,73.75532106166548,36853000
2014-07-31,72.20487213134766,73.7155556956638,71.99615971946082,73.54659911213382,43992000
2014-08-01,71.91666412353516,72.7713956674683,71.11162927180884,71.77752248453679,43535000
2014-08-04,73.05961608886719,73.42734429497413,71.91666047003018,71.91666047003018,30777000
2014-08-05,72.24464416503906,73.1391239644397,71.73776671810157,72.75151402932592,34986000
2014-08-06,72.02597045898438,73.26831158713672,71.35013658196355,71.57872310326044,30986000
2014-08-07,72.7216796875,73.5465960303791,72.25455820219138,72.55272311104966,38141000
2014-08-08,72.61235809326172,72.98009382865861,72.11542159914927,72.95027885223573,27202000
2014-08-11,72.99004364013672,73.45716521515857,72.61236700536156,73.00991776597485,24591000
2014-08-12,72.38377380371094,72.8807103132803,71.77751065542435,72.64217532917945,27419000
2014-08-13,73.3180160522461,73.79507848182799,72.60243378184838,72.67200459630301,29266000
2014-08-14,73.84477233886719,73.92427642187387,73.23850915787374,73.51679240502159,22207000
2014-08-15,73.17887878417969,74.19263366395865,72.5527414167754,73.8646536979919,38846600
2014-08-18,74.13298797607422,74.26219632689262,73.50685067743395,73.54660650978964,23974000
2014-08-19,74.82870483398438,75.1169289360657,74.05348504759655,74.35164242093427,26679000
2014-08-20,74.35164642333984,74.71938221116666,74.16281568485599,74.51066976380015,22917000
2014-08-21,74.11312866210938,74.72933281279123,73.95411288355835,74.46098278642526,20102000
2014-08-22,74.11312866210938,74.27215202331162,73.11925540254903,73.88453447604397,20897000
2014-08-25,74.56035614013672,74.81876526759609,74.33176957490915,74.4808520554684,19734000
2014-08-26,75.49459075927734,75.5244057354963,74.27213123840562,74.5404736070253,23993000
2014-08-27,74.17274475097656,75.02747620086107,74.00378814830515,74.8088229114511,36323000
2014-08-28,73.40746307373047,73.9739704011618,73.27826230875473,73.54660469221189,21947000
2014-08-29,74.3615951538086,74.3615951538086,73.55656025975087,73.84478440787485,26241000
2014-09-02,76.2101821899414,76.23005631364006,74.36157779734691,74.5504160944058,34979000
2014-09-03,75.36540222167969,77.0052944234668,75.13680806252013,76.66737361201142,32389000
2014-09-04,75.48464965820312,76.45864851316566,75.06722482721165,75.42501970596122,26676000
2014-09-05,76.78662872314453,76.9058886281057,75.13679593312344,75.63373242419257,29476000
2014-09-08,77.41276550292969,77.69104872301784,76.53816001370278,76.78662825773135,28183000
2014-09-09,76.20025634765625,77.69106614615943,75.73313473090114,77.11461787090202,28882000
2014-09-10,76.9555892944336,77.47239993553633,76.04122792336365,76.05116119419196,29909000
2014-09-11,77.44258880615234,77.87989538911255,76.57792407685358,76.65742816067826,32219000
2014-09-12,77.00529479980469,77.82027047739723,76.6276181508823,77.54197962668849,26676800
2014-09-15,74.12305450439453,76.7766937500959,72.98009897087287,76.67730796080048,49679000
2014-09-16,75.61386108398438,75.76294355332212,72.62230117449808,73.06954099986193,37742000
2014-09-17,75.96171569824219,76.77669127644671,75.10698428907044,75.49459416268908,28693000
2014-09-18,76.5282211303711,76.85620104076564,76.05115875319272,76.29962700361601,23031000
2014-09-19,77.43265533447266,77.82026522922087,75.9716606930449,76.92577794032123,76671000
2014-09-22,76.32945251464844,77.05497558765585,75.48465436442268,76.5282240896136,31961000
2014-09-23,77.81033325195312,78.14824649817032,75.57411856591942,75.8623427020374,36814000
2014-09-24,78.05879974365234,78.13831141715156,77.03511159096419,77.6214931220572,30680000
2014-09-25,76.74687194824219,78.45633466967934,76.65741943797447,78.11841391693875,37533000
2014-09-26,78.30725860595703,78.35694770892218,76.8562048612714,77.11460639504924,28872000
2014-09-29,78.5159683227539,78.7147398930429,77.43265037417494,77.6413627977732,34031000
2014-09-30,78.55573272705078,79.22162590110997,78.11842612550736,78.86383096941992,35899000
2014-10-01,76.08098602294922,78.33707454010455,75.4349670153229,78.29731870765758,55090000
2014-10-02,76.60773468017578,77.00528540719004,75.1765550959842,76.10085731366637,36488000
2014-10-03,76.96553802490234,77.58173451589876,76.78664055724042,77.28357712489573,23340000
2014-10-06,77.08479309082031,77.41277302464155,76.37914411913358,76.7170649068236,25729000
2014-10-07,75.82257843017578,77.4724038053736,75.77288174295391,76.57792409657893,25317000
2014-10-08,77.04503631591797,77.23387462386657,74.63986532927136,75.71325005447966,32976000
2014-10-09,75.44490051269531,77.28356398384955,75.38526297851507,76.80650162365247,32487000
2014-10-10,72.4632797241211,76.03127994048006,72.31419726653158,75.12685192504607,52146000
2014-10-13,72.54278564453125,74.3218191630823,72.0756641374205,72.78132061581056,43938000
2014-10-14,73.13911437988281,73.72550342452575,71.60855654996313,73.54660597155922,50299000
2014-10-15,72.7614517211914,73.3478408171863,69.88915895116217,71.25076788368395,61528000
2014-10-16,72.18499755859375,72.90058737442834,70.14756233686163,70.35627476937177,53529000
2014-10-17,75.48464965820312,75.53434634017076,73.29813213931044,73.7751945051929,76342000
2014-10-20,76.47853088378906,76.61767250912456,74.91815044311257,75.13680373511116,34701000
2014-10-21,78.20787048339844,78.2575595848807,76.6773051204661,77.08478911627796,32252000
2014-10-22,77.88983917236328,79.36076714421192,77.53204424242169,78.3370790434652,41862000
2014-10-23,79.54959869384766,80.13598014528682,78.52591068021691,78.89363885056028,35056000
2014-10-24,80.17573547363281,80.32481794459459,78.83400840027572,79.70861393652233,32248000
2014-10-27,79.78812408447266,80.30494229631185,79.27131345528278,80.24530475946929,30169000
2014-10-28,80.2751235961914,80.6627410650321,79.08247895908823,79.68874213136642,74212000
2014-10-29,75.39521026611328,76.40895744191053,74.32182555104588,74.98771867547396,106120000
2014-10-30,73.65592956542969,74.88832997782875,72.45334413018273,74.59017262365846,83270000
2014-10-31,74.53053283691406,75.23618174459371,73.99384051642903,74.47090288440987,44544000
2014-11-03,73.4273452758789,75.05729662824412,73.24844780634368,75.00760752054843,40727000
2014-11-04,75.29582977294922,75.30576304465148,73.19875688094791,73.77520511098574,39326000
2014-11-05,74.37151336669922,76.32944425715569,73.96402182465961,76.04122019678228,35913000
2014-11-06,74.79888916015625,75.1368023633303,73.85470519673218,74.43115339554059,21383000
2014-11-07,75.13680267333984,75.39521179501837,74.56035447215304,74.92809023828596,20774000
2014-11-10,74.54048156738281,75.01754398578002,74.15287166984442,74.89827648551824,21575100
2014-11-11,74.15287780761719,74.52061361020843,73.57642954927975,74.49079104568709,18715700
2014-11-12,74.26219940185547,74.67962428489989,73.0894288380759,73.82489281048512,26536600
2014-11-13,73.7950668334961,74.77899893480102,73.18880372495242,74.28206245780778,26448500
2014-11-14,74.42121887207031,74.47091556271717,73.58636906428615,73.81495564290069,19476900
2014-11-17,73.78514099121094,75.19644663579226,73.4273460483763,74.42121920455023,28701200
2014-11-18,73.884521484375,74.34170977611498,73.44722248326482,73.99384813031502,20690500
2014-11-19,72.88072204589844,74.08330768273524,72.66206873326436,73.55655611101712,25441200
2014-11-20,73.1490478515625,73.5366576967652,72.06572997205977,72.35395403845517,19154900
2014-11-21,73.29814147949219,74.04354630809719,73.04967320329051,74.04354630809719,23060400
2014-11-24,73.55654907226562,73.89446228116417,72.90058919713331,73.08942750954714,22103800
2014-11-25,75.16661071777344,75.27593735214191,73.67580124836591,73.7553129065701,32250200
2014-11-26,77.1444320678711,77.30344781948342,75.04735923884958,75.0672333643074,32695300
2014-11-28,77.22393035888672,77.79043767505834,76.75681641049732,77.1941153816118,15992000
2014-12-01,74.63986206054688,76.83632051821004,74.34170470503499,76.7866314169494,31789900
2014-12-02,74.9976577758789,75.44490518802633,74.58023292399419,74.86845701200491,16773900
2014-12-03,74.42121887207031,75.26601711716432,73.94416400552232,74.9181554479372,16689900
2014-12-04,74.77900695800781,75.08711276300222,74.2025663456612,74.37152294613091,14362800
2014-12-05,75.89215087890625,76.28970163730266,74.89827777424027,75.33558436674132,24306400
2014-12-08,76.05116271972656,76.77669338516908,74.93802975266908,75.71324952119829,25733900
2014-12-09,76.36920166015625,76.4586541777955,74.3218255999091,74.73925046182654,25358600
2014-12-10,75.71324920654297,77.07485801397384,75.60392256449708,76.18037075298456,32210500
2014-12-11,77.2537612915039,78.03891438700228,76.01141988607586,76.0511681383174,33462100
2014-12-12,77.35314178466797,78.39670394409877,76.54809945293601,76.68724865684312,28091600
2014-12-15,76.51828002929688,78.09854203984659,76.0909143366475,77.9792745502761,29396500
2014-12-16,74.23238372802734,76.91583804553993,74.13299035262693,75.72319336723432,31554600
2014-12-17,75.6436767578125,75.94184169923334,74.4410913040075,74.55041794368518,29203900
2014-12-18,77.9196548461914,77.9196548461914,76.04123523860623,76.41890429795001,34222100
2014-12-19,79.39056396484375,79.50983144175981,77.8500655302487,78.26749032548233,43335000
2014-12-22,80.95096588134766,81.38827249837087,79.5098528318309,79.58936450449885,31395800
2014-12-23,80.11610412597656,81.66654359867539,79.90739170331705,81.51746113030451,19865800
2014-12-24,80.2751235961914,80.93108345445292,80.25524947138787,80.5335327145353,7685500
2014-12-26,80.28506469726562,80.78200122803122,80.01672230701807,80.5235921088912,10647400
2014-12-29,79.52971649169922,80.46395956596486,79.2216182789731,79.99683802883204,14134700
2014-12-30,78.73463439941406,80.09623580081053,78.61536688826193,79.3607717719989,14370800
2014-12-31,77.54197692871094,79.31107743902187,77.38296117363193,79.05266830653711,19935400
2015-01-02,77.9693374633789,78.44639986205563,77.22393267851811,78.09854581231718,18177500
2015-01-05,76.7170639038086,78.76443998031914,76.38908397427544,77.50222453088053,26452200
2015-01-06,75.68342590332031,77.11459778082865,74.89826537074238,76.75681049843814,27399300
2015-01-07,75.68342590332031,76.88601125089447,75.35544601325951,76.2896890033786,22045300
2015-01-08,77.70100402832031,77.75070071942923,75.61387190680321,76.26982425006837,23961000
2015-01-09,77.26368713378906,78.13830025200629,76.72699478833289,77.7208678171074,21157000
2015-01-12,76.24993896484375,77.5220952115009,75.74306160378057,77.36307188934407,19190200
2015-01-13,75.98158264160156,77.6016003741527,75.38526039874874,76.7568098982238,25179600
2015-01-14,75.81262969970703,76.72699102145354,75.56416145471185,75.95177131029241,25918600
2015-01-15,73.59630584716797,76.10086271460418,73.08942844468505,75.93190610799319,34134000
2015-01-16,74.71937561035156,74.85851722963726,73.38758179092473,73.58636094893969,21791500
2015-01-20,75.77287292480469,75.842443729229,74.36157513068342,75.25606231803106,22821600
2015-01-21,76.26982116699219,76.82639527084187,75.38527469609286,75.69338051974273,25096700
2015-01-22,77.17425537109375,77.27364117440206,76.21019715543657,76.69719289950282,19519500
2015-01-23,77.35314178466797,77.71093669151557,76.56798116034403,77.17424433124417,16746500
2015-01-26,77.02516174316406,77.989219819496,76.81644931158442,77.50222414581015,19260800
2015-01-27,75.3156967163086,76.40895552865817,75.16661424584059,76.23999893403085,20110000
2015-01-28,75.77287292480469,77.16429659594,75.53434553572832,76.42883272307594,53306400
2015-01-29,77.5220947265625,77.5419688503831,73.7553151113411,76.3791392493205,61293500
2015-01-30,75.44490051269531,77.68111468690562,75.2858771984133,77.52209137262359,42649500
2015-02-02,74.53053283691406,75.6734882833554,73.29813246171645,75.6436733071033,41955300
2015-02-03,74.93801879882812,75.11691622561966,73.40745361020022,74.72930639801275,26957700
2015-02-04,75.16661071777344,75.8822004763129,74.55041432331375,74.62991839886884,20277400
2015-02-05,75.14673614501953,75.51447187502725,74.74918543902585,75.24612192585569,15062600
2015-02-06,74.01372528076172,75.2361848535068,73.79507200234568,75.21631072940053,21211000
2015-02-09,73.98391723632812,74.37152714524343,72.99997739125071,73.59630732741282,16194300
2015-02-10,74.72931671142578,74.87839160211882,74.04354188363952,74.3913959330059,15811300
2015-02-11,76.04122161865234,76.27974900379614,74.57028631452634,74.62991626515009,20877400
2015-02-12,75.76294708251953,76.39902523751766,75.4250262974363,76.38908438372557,17235000
2015-02-13,75.27593994140625,76.01141143111928,75.03741254123817,75.99152972455984,18621900
2015-02-17,75.13680267333984,76.43878155293758,74.61999201263257,74.83864530154133,25254400
2015-02-18,76.23999786376953,76.4288361625547,74.98771574512718,75.47471898066269,22426400
2015-02-19,78.93339538574219,79.35082024465652,76.47852775224908,76.51828358395277,45851200
2015-02-20,79.41046142578125,79.84776042927982,78.7147457130314,79.06260736073129,36931700
2015-02-23,78.35694885253906,79.6986835572241,77.89976815227924,79.47008941576932,24139100
2015-02-24,77.9693374633789,78.99303307068004,77.62148341364045,78.0190341487628,18897100
2015-02-25,79.0725326538086,79.70861076076334,78.01902971091154,78.01902971091154,25593800
2015-02-26,79.9173355102539,80.87145272738182,79.23156067999182,79.390576424855,31111900
2015-02-27,78.48615264892578,80.73230776997421,78.13829861268249,80.18567458255669,30739200
2015-03-02,79.26136779785156,79.37069442901223,78.03890073244084,78.51596308501911,21662500
2015-03-03,79.11229705810547,79.2116828513426,78.03891229278447,79.12223791222418,18635000
2015-03-04,80.40432739257812,80.65279564312216,78.36688470505737,78.81413210562619,28126700
2015-03-05,80.71243286132812,81.48765265957529,80.55341710964534,80.73231456944468,27825700
2015-03-06,79.51978302001953,80.83169511246257,79.34088557183868,80.40432940751107,24488600
2015-03-09,78.9532699584961,79.4203914604921,78.14822770887895,79.19179734451467,18925100
2015-03-10,77.07485961914062,78.77438165908981,77.07485961914062,78.01903600267357,23067100
2015-03-11,77.09473419189453,77.94946564375432,76.78663596482292,77.32332833571044,20215700
2015-03-12,78.44640350341797,78.56567100428576,77.43265628531651,77.62148701671143,16093300
2015-03-13,77.5718002319336,78.8936457218357,77.20406444691261,78.11842589963216,18557300
2015-03-16,77.59165954589844,77.64135622558865,76.88601067366008,77.48233291669897,19305400
2015-03-17,78.87377166748047,79.29119655940809,77.8600168354846,77.87989854423364,22170000
2015-03-18,80.41427612304688,80.74224848307942,78.68493147034802,78.76444313814682,36912400
2015-03-19,82.24299621582031,82.49146448233337,80.50371835022895,80.62298584790912,42099500
2015-03-20,83.28656005859375,84.08165390542938,82.56102943549016,82.87906849075425,44466300
2015-03-23,83.9126968383789,84.43944830978833,82.78962308957483,83.40581949040134,27357300
2015-03-24,84.78730773925781,85.54265338280689,84.00214711733766,84.19098542388734,32576500
2015-03-25,82.41195678710938,84.99602536679328,82.41195678710938,84.97615124088075,37436100
2015-03-26,82.50140380859375,83.25674186530028,81.63673152738413,82.21317971485722,32794800
2015-03-27,82.78962707519531,83.43563848359416,82.37219463653898,82.86913115539933,18372600
2015-03-30,82.69023895263672,83.82325368092489,81.90508587574492,83.29650215073039,24527700
2015-03-31,81.71624755859375,82.98840391435628,81.70630670444405,82.39208157042384,19734300
2015-04-01,81.16960144042969,82.21317106370934,80.37450763556552,81.99451780301084,22058200
2015-04-02,81.0602798461914,82.05415285100553,80.94101993850924,81.74605464596091,19664100
2015-04-06,81.93489074707031,82.3026188960991,80.30493966947772,80.30493966947772,19062900
2015-04-07,81.81563568115234,82.9088946065915,81.71624988477609,82.14361563357916,17467000
2015-04-08,81.77587890625,82.59085455940934,81.33857230804006,82.1237329808942,18966700
2015-04-09,81.66654205322266,82.29268689200138,81.20936138614644,81.99452196090208,15927300
2015-04-10,81.53734588623047,82.10385322110706,81.40814511955672,81.70630248479989,12529700
2015-04-13,82.50140380859375,83.42570604621453,81.41807824367713,81.42801909729552,26883100
2015-04-14,83.0082778930664,83.17724208271234,81.93490070894808,82.66042382494241,19634200
2015-04-15,82.2032470703125,83.14743110945922,81.76594045922769,83.03810445668802,22390900
2015-04-16,81.8056869506836,82.56103257919078,81.64667120832127,81.96471027569542,13769700
2015-04-17,80.28506469726562,81.60691768893804,79.87758068501569,80.98078038992728,24215000
2015-04-20,82.58091735839844,82.64055490429728,80.74225352595235,81.04041850749516,28796800
2015-04-21,83.107666015625,83.9723307042111,83.02815435289423,83.48533503962184,27171900
2015-04-22,84.1114730834961,84.22079972507743,83.13748174550732,83.80337486593938,45548000
2015-04-23,81.90507507324219,85.06558383756806,81.90507507324219,83.58471523584605,73728100
2015-04-24,81.03047180175781,82.43183649810982,80.98078269685557,82.2628723100224,29660400
2015-04-27,81.40814971923828,82.42189695058265,81.1298588802447,81.36839388509634,25446000
2015-04-28,80.18568420410156,81.39821063248388,79.73844432993113,81.32863981688737,23775300
2015-04-29,79.97696685791016,80.89132825906479,79.03278289534092,79.51978615733285,26430300
2015-04-30,78.2873764038086,80.463960798404,77.84013656670112,79.51978443888841,28999000
2015-05-01,78.50604248046875,79.27132909597438,77.63143678825598,78.75451078216393,24136400
2015-05-04,78.32713317871094,79.20174632157678,78.14823572518381,78.84395141452251,14692000
2015-05-05,77.08479309082031,78.31720116045467,76.7468798857801,78.068732892284,22311300
2015-05-06,77.6214828491211,78.32713179707271,76.57792070749527,77.49228208377205,28663000
2015-05-07,77.949462890625,78.45634026455781,77.08479061540429,77.52209717978941,19749400
2015-05-08,78.02897644042969,78.74456626030818,77.55191403296078,78.61535790898861,19943600
2015-05-11,77.53204345703125,78.5457906931632,77.45253178837187,77.99916503209256,18874100
2015-05-12,76.98540496826172,77.41277067987673,76.3195118495696,77.39289655539095,21285300
2015-05-13,77.95939636230469,78.04884128783247,77.17423582452697,77.24380662748707,21512300
2015-05-14,80.87145233154297,81.3485071464471,78.18799056277133,78.45634053097328,49438000
2015-05-15,79.92726135253906,81.02052008830489,79.68873396608899,80.91120103911231,27069900
2015-05-18,80.38445281982422,80.88138936501201,79.73844137720002,79.8378271697076,21613700
2015-05-19,80.13597869873047,81.18948925384304,80.05647462011675,80.75218269954539,17955400
2015-05-20,80.05647277832031,80.6030983759672,78.97314727081965,79.97696111888648,23056900
2015-05-21,79.9869155883789,80.42421462440926,79.58936480618274,79.69869146085296,13402700
2015-05-22,80.04653930664062,80.8118182469754,79.75831520160159,79.85770099373404,19567900
2015-05-26,78.84395599365234,80.1061715127098,78.59548771502567,79.93721490307969,16321300
2015-05-27,80.05647277832031,80.16579941437952,78.94333229419426,79.11228888350425,14160900
2015-05-28,79.65892028808594,80.57328160324495,79.50983782563307,79.75830606883818,11982000
2015-05-29,78.7048110961914,79.57941667088721,78.39670528728567,79.46014917234469,16134600
2015-06-01,79.79806518554688,79.88751011711454,78.17805490285481,78.81413302505595,18119000
2015-06-02,79.94715118408203,80.85157172356874,79.0725380404513,79.27131720157178,18923300
2015-06-03,81.93489074707031,82.02433567543437,80.75217947659615,80.85156525788369,31775000
2015-06-04,81.54727935791016,82.44175895531772,81.01058704987626,81.63672428459135,20863900
2015-06-05,81.63673400878906,81.95477309039819,81.01059669949134,81.36839161413285,16143100
2015-06-08,80.17573547363281,81.49758842276475,79.63904312776009,81.3186909741405,16915500
2015-06-09,80.17573547363281,80.69255369528038,78.83400840027572,80.10616466487058,16497500
2015-06-10,81.6566162109375,82.0939152116411,80.31488148158478,80.33476318954624,21531200
2015-06-11,81.3286361694336,82.39208006451534,80.86151460738509,81.80569100280024,18656800
2015-06-12,81.03047180175781,81.58703830562249,80.70249186227332,80.87145605036073,11417900
2015-06-15,80.21549987792969,80.43415318102272,79.57942167765009,80.05648411918493,18805100
2015-06-16,80.56334686279297,81.01059428408466,79.95708369676282,80.3248194543605,13693700
2015-06-17,81.28888702392578,81.71625278791187,80.84163955036797,81.25907204221869,18350300
2015-06-18,82.40201568603516,82.68029891826997,81.07022189693365,81.13979270499235,26782600
2015-06-19,82.00447082519531,82.47159239098221,81.61686092648915,82.32250991086832,23353200
2015-06-22,84.2208023071289,84.44939645089347,82.79956350564865,82.89895687933313,29383100
2015-06-23,87.34156036376953,87.43101288069379,84.24068131985376,84.43945289556392,50667900
2015-06-24,88.31555938720703,88.70316926815339,86.91419475405517,87.12291476624127,41370200
2015-06-25,87.44096374511719,88.85226180912316,87.30181452700985,88.71312017366625,27302000
2015-06-26,87.47075653076172,87.79872882674347,86.29798619903865,87.58008315697181,38214600
2015-06-29,85.27432250976562,86.96390389524149,85.20475168995546,86.07935736509052,35957900
2015-06-30,85.24449920654297,86.16880156610299,85.04572760384966,86.06941576475633,23016500
2015-07-01,86.37751770019531,87.4111390866386,85.96008522117562,86.23836848542192,25260000
2015-07-02,86.75518035888672,86.90426283448808,85.81099640184449,86.86450700215107,16908800
2015-07-06,87.01358795166016,87.64966609259707,85.86069158205603,85.96007736983063,24635900
2015-07-07,86.68560791015625,87.31174519667239,84.70780268031835,87.2620560941772,33059900
2015-07-08,85.1252212524414,86.21848000105466,84.92644210918964,85.76129934554908,24399300
2015-07-09,85.35381317138672,87.06327599790782,85.12522662054347,86.19861131384502,23307400
2015-07-10,87.41114044189453,87.67949043847138,86.23836982249476,86.8148180688854,23245900
2015-07-13,89.54795837402344,89.66722586722749,87.87825138241413,88.11678636882222,29976700
2015-07-14,89.13052368164062,90.24366408070428,89.10070870729359,89.90574334525785,26627800
2015-07-15,89.21003723144531,90.43249670155252,88.87211648881528,89.44856461394083,30886600
2015-07-16,90.29337310791016,90.30331396243632,89.21998829859258,89.72686572232315,21804100
2015-07-17,94.38813018798828,94.80555507310542,91.97301823459618,91.9829590888085,54001600
2015-07-20,97.31011199951172,97.99587923395751,94.77573274014622,95.26272840166705,54860500
2015-07-21,97.78716278076172,98.63195330487899,96.544821544516,98.34372922815209,39453300
2015-07-22,96.4454345703125,96.98212688765632,95.33229410663837,96.14726964423848,28299500
2015-07-23,94.8552474975586,96.85292689338328,94.22910261537946,96.36593121597151,29418800
2015-07-24,96.35598754882812,97.16102986203163,95.292543706465,96.75353827869228,33444900
2015-07-27,93.593017578125,96.0180700983502,93.25510440145055,95.98825512189647,38585400
2015-07-28,94.70616149902344,94.97450387951211,92.73828957239188,94.25891408800973,35236000
2015-07-29,96.39574432373047,96.68396841613726,94.15952997683426,95.72985120471283,64648300
2015-07-30,94.62665557861328,95.22297791349722,91.23755229938881,94.32849820249625,86211300
2015-07-31,93.43400573730469,95.73979086517474,93.37436819926229,94.36824122994162,46509000
2015-08-03,93.56321716308594,94.49746034482952,92.23143078989008,92.95695393867578,29343100
2015-08-04,93.48370361328125,94.14960436914895,92.75818047907414,93.21536120617797,20136000
2015-08-05,95.84912872314453,96.49514020257436,94.59684643478222,94.66641725176622,29813200
2015-08-06,94.5372085571289,98.13502419514033,93.8414928628885,96.58458464208125,42271300
2015-08-07,93.72223663330078,94.81549552992311,93.0364617658754,94.79561382158178,23199100
2015-08-10,93.57315063476562,95.31242849941685,93.05633239441399,95.0937752117796,21624200
2015-08-11,93.04639434814453,94.17940897807355,92.33080456447371,93.15572098635253,22491000
2015-08-12,93.6129150390625,93.86138332819249,90.63129556950264,92.13203857633947,27050500
2015-08-13,92.85755920410156,94.14959719992534,92.77804754040326,93.47376322378898,17451800
2015-08-14,93.84149169921875,94.13965664771725,92.63890621686753,92.96688614368594,15929700
2015-08-17,93.3544921875,93.88124366988585,92.8177998518665,93.84148783954456,18313500
2015-08-18,94.58690643310547,95.26274048246592,93.4638324966221,93.50358833277865,22278800
2015-08-19,94.72603607177734,95.51119667546925,93.58308815328922,94.05020210800768,23251300
2015-08-20,90.00513458251953,94.18933891562011,89.90574880111542,92.96687939731625,44598200
2015-08-21,85.53271484375,88.63360158329964,85.08547499078172,86.9837686307236,62778700
2015-08-24,81.5870361328125,81.5870361328125,71.55886056302685,76.55804085858102,83710700
2015-08-25,82.49146270751953,87.13284800628745,82.49146270751953,86.4172582009019,52021200
2015-08-26,86.65579223632812,86.92413461906624,82.74987091051005,85.42338421501006,45124300
2015-08-27,89.18023681640625,89.50820917739046,86.65579822634446,88.5540919089864,42431400
2015-08-28,90.452392578125,90.91951414640714,89.23986618794156,89.32931112689774,33215900
2015-08-31,88.88207244873047,90.49214961520133,88.34538005990684,90.04490216652329,32850700
2015-09-01,86.695556640625,88.84231866276437,85.97002591789975,86.31787999756929,36097400
2015-09-02,89.33924102783203,89.33924102783203,87.09308598341048,88.26585639605723,27190500
2015-09-03,87.60991668701172,89.2696829708025,87.19249179815118,89.21005301029389,27048200
2015-09-04,87.71923828125,87.84843904912306,86.1687911535249,86.66572768285928,27328700
2015-09-08,88.98145294189453,89.68710189738631,88.28574484004336,89.140476269546,27012500
2015-09-09,89.88587951660156,91.41644489709488,89.61752955145074,90.2237927080958,32551100
2015-09-10,91.41644287109375,91.49594694914543,89.08083522955997,89.51814178076617,26437400
2015-09-11,91.48601531982422,91.51583029745966,90.57164637065732,91.1182795694718,21185000
2015-09-14,91.7444076538086,92.05251341801403,91.03875878410362,91.7444076538086,20127900
2015-09-15,92.33080291748047,92.67865694982396,91.22760328444167,91.80405144241044,18859400
2015-09-16,92.87744140625,93.02652389298761,92.06246573908801,92.33081573174577,16321200
2015-09-17,93.76197052001953,94.92480763503573,92.33079862735542,92.79792012736166,27841800
2015-09-18,93.82160949707031,94.60677005004567,92.4798825096411,92.62895738840626,62300000
2015-09-21,94.9645767211914,95.89881226898574,93.94088106972701,94.04027444478271,28790000
2015-09-22,92.39044189453125,94.09990482918008,91.35681296700754,93.1954766741031,36888900
2015-09-23,93.39424896240234,93.74210300309512,92.23141934809391,92.82774164394571,21701400
2015-09-24,93.83155059814453,94.18933789077656,91.67484049363141,92.48981602451619,29106000
2015-09-25,92.20159912109375,95.26272992194696,91.49595016850446,95.20309996564774,28961600
2015-09-28,88.66341400146484,91.72454481947427,87.6397259717931,91.51583238860766,41199900
2015-09-29,86.13898468017578,89.50821407512184,85.19480821427425,88.55409675451017,42281800
2015-09-30,89.34918975830078,89.46844967280222,87.47077027840612,87.8981359982189,36169100
2015-10-01,90.39274597167969,90.39274597167969,87.81861855118335,89.49826634121558,29283700
2015-10-02,91.50589752197266,91.63509829734825,87.82857002441979,88.35532156287816,37881700
2015-10-05,93.43400573730469,93.6924072657737,92.0922786624175,92.3705618977838,27292500
2015-10-06,92.23141479492188,93.59301591307985,91.77422655526772,93.50357098530992,22172800
2015-10-07,91.83386993408203,93.0861520810996,90.8101819214393,92.5395188788877,24129300
2015-10-08,91.9034423828125,92.64884717222735,89.91569627770622,91.32699419249576,27290500
2015-10-09,92.6687240600586,93.16566060115255,91.67485097787069,92.33081085178664,20012900
2015-10-12,93.68247985839844,94.02039307030707,92.10221769773473,92.7482367246394,18449600
2015-10-13,93.54334259033203,94.78568401431974,92.97683520429966,93.08616185622259,19480300
2015-10-14,93.49363708496094,94.61671089659905,93.03645639395826,93.50357793855761,19253400
2015-10-15,95.3720474243164,95.70996817047889,94.31854452318704,94.40798944906459,27557500
2015-10-16,96.9423828125,96.99207191777089,94.76579830314597,95.59071479367239,25412900
2015-10-19,97.86668395996094,97.96606975199879,96.3261776440997,96.58458676951801,23729900
2015-10-20,96.40569305419922,98.97982080638667,95.96838645307231,98.12509689555256,30881800
2015-10-21,96.51500701904297,97.57845081893235,95.87892890972496,96.77341612053128,21917800
2015-10-22,99.05933380126953,99.11897134572563,96.95232760252787,97.1908550324014,26392100
2015-10-23,101.56389617919922,102.21984849296659,99.54633496637288,101.28561291986456,42809700
2015-10-26,103.13420104980469,103.17395688094693,100.92780929128094,101.57382069505643,25961200
2015-10-27,103.06463623046875,103.46218698234503,101.7726057651832,102.3092981428187,23795500
2015-10-28,103.56157684326172,103.83986768836323,102.28942045339849,103.26341945462826,24081500
2015-10-29,104.2374038696289,104.47593886368905,102.88573590055354,103.32304247368077,20316700
2015-10-30,101.3452377319336,104.07838866285888,101.02719865418646,103.86967622896074,33487100
2015-11-02,102.6770248413086,102.83604817280937,100.56007792359063,101.09677029343106,24003900
2015-11-03,101.95149993896484,103.01494380594028,101.77260248551806,102.58757808840905,21242300
2015-11-04,103.30316162109375,103.50193318721561,101.85210795698642,102.55775687416298,43469300
2015-11-05,108.09363555908203,109.97205502597068,107.28859322852287,108.13339139119049,63232900
2015-11-06,106.44380187988281,108.07375307131116,105.26109810945773,107.3780449710611,35084300
2015-11-09,105.83753967285156,107.58675837558731,105.21140237695538,106.34441705485305,26383500
2015-11-10,107.24884033203125,107.48736773169702,104.5951936279834,105.31078340963005,25031700
2015-11-11,108.34210205078125,109.19683347050916,106.4537417610882,107.60663054277848,25057100
2015-11-12,107.35816192626953,108.71977071425155,107.33828780193124,107.8153501951945,20924700
2015-11-13,103.31310272216797,107.58675996155284,103.19384280651522,107.05006759316615,30278400
2015-11-16,103.40254974365234,103.53175050628982,99.85442337129096,102.68695995718461,49309200
2015-11-17,104.48587036132812,105.54931421485138,103.50193817114202,103.97900056851533,26807200
2015-11-18,107.10969543457031,107.21902207685828,104.74428030151608,105.15177189234392,23836500
2015-11-19,105.60894775390625,107.06994228613281,105.30084196580623,106.7022065441131,25520600
2015-11-20,106.66246032714844,107.20909356284307,105.96675219321887,106.18539790484677,22129600
2015-11-23,106.29472351074219,106.81154176172717,105.43005877884983,106.53325851088135,19897200
2015-11-24,105.09212493896484,105.83752966089202,103.75039795602571,105.35053403237464,23577300
2015-11-25,104.76415252685547,105.94685619501382,104.4560467525437,105.67851383173473,15150800
2015-11-27,104.80390930175781,105.31078667659013,104.21752784633674,105.1318892256287,5913100
2015-11-30,103.60133361816406,105.44993825853308,103.11433790445618,105.1915291199196,20383200
2015-12-01,106.46369171142578,106.49350669190461,103.85974139828878,104.18772134885626,22781900
2015-12-02,105.42012023925781,107.25878397212672,105.14183698230252,106.34442253280218,24429100
2015-12-03,103.74046325683594,106.1953308332221,102.71677525789096,105.6188826609028,23236500
2015-12-04,105.5294418334961,107.06994810983903,103.47212490222407,104.16783301129202,21224700
2015-12-07,104.96292877197266,106.1754550525362,104.01875244931706,105.8276010169604,15474900
2015-12-08,105.83753967285156,106.25497211943201,103.31310119920158,103.36279788509081,20401800
2015-12-09,103.9591293334961,105.7878598612166,102.9155670820105,105.52945072066527,23517300
2015-12-10,104.77409362792969,105.74809253950711,103.77028732114779,104.4063654575312,17454300
2015-12-11,101.49430847167969,103.70070005316609,101.28559606191675,103.51186934870373,26427700
2015-12-14,104.01875305175781,104.09825712988612,100.83835486449695,101.66327128410377,24648100
2015-12-15,103.90943145751953,105.151772782537,103.64108148503195,104.65483625253,21764300
2015-12-16,106.13571166992188,106.43386905710489,103.55164306775156,104.7244136556985,22680500
2015-12-17,105.56919860839844,107.08982319083083,105.47974608920549,106.83141406973422,21675700
2015-12-18,103.40254974365234,105.93692139096798,103.33297893567072,105.43005161109447,35994200
2015-12-21,104.12808990478516,104.5057665667074,102.96526010209438,104.2672391262543,16138800
2015-12-22,104.86355590820312,105.01263839400394,104.16784016868273,104.57533179102828,14597100
2015-12-23,103.98894500732422,105.45988060643411,103.22366601780345,105.2412273000995,19599700
2015-12-24,104.37654876708984,104.67471372769731,103.85973809570685,104.09826551460284,6501800
2015-12-28,105.28096771240234,105.33066439570707,103.88954398901197,104.37653963827135,13069700
2015-12-29,106.60282135009766,107.0798761493943,105.59900748521405,105.76796407735455,17179900
2015-12-30,105.56919860839844,106.59288665630261,105.41017527767752,106.3444183890385,13115000
2015-12-31,104.01875305175781,105.51949584002644,103.97899722136901,105.350539247861,18391100
2016-01-04,101.59370422363281,101.61357834823556,99.13883658078933,101.32535425427322,37912400
2016-01-05,102.10057830810547,103.0745696178649,101.0470677545512,102.25959404774709,23258200
2016-01-06,102.33911895751953,103.13421292395765,100.28180185060225,100.5103884276762,25096200
2016-01-07,97.32005310058594,100.80854983944161,96.70385662535023,99.88424754393797,45172900
2016-01-08,96.73365783691406,99.88423332699445,96.43549291332613,99.26802935681557,35402300
2016-01-11,96.91256713867188,97.99588516720756,94.80555345790853,97.31011789124136,29932400
2016-01-12,98.76116180419922,99.34754322897285,96.95231326464022,98.39342606792901,28395400
2016-01-13,94.8552474975586,99.96375443144859,94.6266533568512,99.96375443144859,33410600
2016-01-14,97.76730346679688,98.26424003656938,91.88356871787617,95.26273890885928,48658600
2016-01-15,94.38813018798828,95.78948732592441,92.9668913416275,93.4041979351693,46132800
2016-01-19,94.67634582519531,96.82310760126482,93.34455203799392,95.9385612217879,30998300
2016-01-20,93.77191925048828,94.417938239181,88.82243578697071,92.26123557502716,59051400
2016-01-21,93.58308410644531,95.4018659100529,92.0525187963699,94.32848884678175,30518900
2016-01-22,97.33992767333984,97.46912843840015,94.90493418302229,95.81930313990514,30495400
2016-01-25,96.4156265258789,98.87049416807676,96.33611486218959,98.11514852832751,32482000
2016-01-26,96.74359893798828,97.28029129429966,95.07389949521901,97.1610313813302,26877100
2016-01-27,93.8713150024414,97.2504851936216,93.652669281155,97.1908552316935,58699400
2016-01-28,108.44149780273438,109.66395750614534,104.16784031139066,106.54319648508047,107475300
2016-01-29,111.52249908447266,112.1486364045936,108.1731440244353,108.32222650522122,62739500
2016-02-01,114.38483428955078,115.01097910156857,111.32371136332051,111.58211287107025,46132700
2016-02-02,113.90779113769531,116.86952858744702,112.50642649419461,114.09662944409176,59778600
2016-02-03,111.99956512451172,114.63332284532801,109.07757570425491,114.5637520297338,56919300
2016-02-04,109.81302642822266,111.25414683806635,108.58062602259541,111.11500522368824,38890200
2016-02-05,103.432373046875,108.90861594218474,102.54782659591362,108.83904512860295,76894700
2016-02-08,99.13884735107422,102.05089600263736,96.86287691299617,99.79480727397157,71229700
2016-02-09,98.93013000488281,101.7726076982097,96.22679393995794,96.54483303096968,62709000
2016-02-10,100.38118743896484,102.61740201062494,99.62584172717311,100.927820700653,45179400
2016-02-11,101.28560638427734,104.46599711809746,98.2741646668372,98.98975447760913,43670600
2016-02-12,101.38499450683594,103.6013272178664,100.47062551499553,103.10439068035197,36176800
2016-02-16,100.98743438720703,103.29321940395795,99.62582567104045,103.16401864594982,45687200
2016-02-17,104.55543518066406,105.07225338009525,99.78484939350568,101.39491877926264,44073400
2016-02-18,102.83604431152344,105.35054188092924,102.39873774896607,105.15177030666653,29593500
2016-02-19,103.9293212890625,104.37656120059971,101.43469740827615,101.92170074079097,32404500
2016-02-22,106.5034408569336,107.58675885375685,104.69458460656136,104.843667082242,35709700
2016-02-23,104.8138427734375,106.81152957137104,104.47592960244774,106.19532559864679,25319300
2016-02-24,106.22515106201172,106.29472187365168,102.11051715610583,103.57151178319484,34412400
2016-02-25,107.40786743164062,107.40786743164062,104.96294047417668,106.45375014940957,29906300
2016-02-26,107.25878143310547,108.77940603879365,106.50344334857857,108.03400122560141,26686200
2016-02-29,106.26490020751953,108.24271295317028,106.09594361597628,106.94073415634179,32779000
2016-03-01,109.14714050292969,109.14714050292969,106.94074106907338,107.16933521208138,26817300
2016-03-02,109.27633666992188,109.87266655433875,108.10356619063118,109.00799428805385,25670200
2016-03-03,108.90860748291016,109.62419727139792,107.87497863094444,109.57450058727818,21353100
2016-03-04,107.72589874267578,109.3757316370742,107.26871805188635,109.3757316370742,24938900
2016-03-07,105.08219146728516,107.40785055556555,104.07837765387363,107.40785055556555,31436400
2016-03-08,105.28096771240234,106.71214726590664,103.76034322812866,104.13801224023706,25617000
2016-03-09,106.8512954711914,106.8512954711914,104.84366763116688,106.0462531313609,20493300
2016-03-10,106.66246032714844,107.99425421836355,105.12195399575445,107.24884939658904,24854300
2016-03-11,108.73966217041016,108.74959544214514,107.25878575568039,107.81535986149602,20697600
2016-03-14,109.21670532226562,109.65401187655678,108.10356481254695,108.61044217477993,17249400
2016-03-15,109.99193572998047,110.1509590679264,108.1731461111369,108.44149609825814,17618500
2016-03-16,111.49268341064453,111.81072249577095,109.42542556599786,109.81303546403787,24744800
2016-03-17,110.33977508544922,111.99954872760347,110.05155859350445,111.46285640759929,24241200
2016-03-18,110.76714324951172,111.73120127650047,109.59437280162581,110.87646988655061,36256900
2016-03-21,111.16471099853516,111.68152928601594,110.34973531380047,110.97588025506948,18448000
2016-03-22,111.56224822998047,112.18838551256418,110.48886353185168,110.67770183503623,19001100
2016-03-23,111.85047149658203,112.4964904814017,111.3137791514695,111.32372000489273,18562000
2016-03-24,112.35735321044922,112.39710146038084,110.99574437947442,111.44298422637759,17839100
2016-03-28,112.9934310913086,113.88791078293686,112.25795956431908,112.62569532781383,21351800
2016-03-29,115.42842864990234,115.60732612271217,112.94374574012718,113.13258406771826,29825300
2016-03-30,113.99724578857422,116.27321618237667,113.65933256164342,116.01481462624734,33235200
2016-03-31,113.40090942382812,114.30533750658242,113.07292950924804,113.99723171592414,21207500
2016-04-01,115.34891510009766,115.45824175296093,112.65551977964401,113.05307055526953,24760500
2016-04-04,111.86041259765625,113.84815865833322,110.92616952269024,113.371096267405,48487900
2016-04-05,111.5324478149414,112.62570678016046,111.21440870537495,111.42312116015445,22962400
2016-04-06,113.01329803466797,113.11268381823889,111.73120095345013,111.7808976365602,20814600
2016-04-07,112.94374084472656,114.18608224576646,112.37723346915837,113.09282332938137,20714500
2016-04-08,109.9521713256836,113.6295061112411,109.22664825514124,113.54999444846538,48497800
2016-04-11,108.32222747802734,110.23046960045458,108.103574181931,110.02174957588987,39762300
2016-04-12,109.93229675292969,110.47892995397136,108.32221971021109,108.6700737551242,26248100
2016-04-13,109.8329086303711,111.9597962684924,105.8673498547488,111.54237142347404,88227400
2016-04-14,110.160888671875,111.35354091881113,109.5844480476382,109.94224296345406,28473300
2016-04-15,108.9682388305664,110.29009178549393,108.53093226920103,110.11119433608532,20922800
2016-04-18,109.77326965332031,110.13106453939895,108.53092840517205,109.06762073429,21167200
2016-04-19,111.60198974609375,111.76100546839204,108.49117027389487,110.41927855915955,30210500
2016-04-20,111.731201171875,112.57599170785319,110.87646978272551,111.7411420250463,21027900
2016-04-21,112.74496459960938,113.34128693096284,111.62188316653301,111.86041816519426,20875200
2016-04-22,109.88260650634766,111.06531791099775,108.34210776500207,110.52862553197964,38458200
2016-04-25,109.42542266845703,109.99193001079539,108.40173462727103,109.19683611035806,21017900
2016-04-26,108.09363555908203,109.82297255122641,107.4873723890651,109.81303169753689,22521500
2016-04-27,108.22283172607422,108.27252840975967,105.65863753395139,107.27865539724533,52213100
2016-04-28,116.01481628417969,120.04993885189008,115.5178797085444,118.84735324877073,87110100
2016-04-29,116.85960388183594,117.11800543488198,115.13025918446525,116.10425818353553,37140600
2016-05-02,117.84351348876953,118.00253679789131,115.85576762063972,117.10804964070314,28095200
2016-05-03,116.71051788330078,117.43604857922902,116.3030262745596,116.79996282220498,24117500
2016-05-04,117.3366470336914,117.57518201946051,115.85577834795974,115.89553417892125,23448400
2016-05-05,117.08819580078125,118.25103317318617,116.53162925169892,117.31678996638323,22056700
2016-05-06,118.75788879394531,118.9069712681919,116.39247366126159,116.44217034689366,26395600
2016-05-09,118.5094223022461,119.5430512011141,118.1715090993766,118.80758725519541,21138100
2016-05-10,119.76170349121094,119.76170349121094,118.27089390418341,118.88709792990868,23220000
2016-05-11,118.7876968383789,120.33814386433104,118.68831105556576,119.6722507785688,22038400
2016-05-12,119.54304504394531,120.0996115059579,118.17150301285028,119.24488768900257,22035500
2016-05-13,119.075927734375,119.90084418599025,118.9467269675851,119.64243506976085,18124300
2016-05-16,117.94290924072266,118.8771523042053,116.63099716010736,118.64855817367147,31247800
2016-05-17,116.6310043334961,118.28083728472356,116.48192185507858,118.09199897321805,21328600
2016-05-18,116.92916870117188,117.54536515430641,116.01480729270463,116.08437810459561,21642300
2016-05-19,116.09431457519531,116.77014858761113,115.17001228737148,116.33284957909501,20544100
2016-05-20,116.6310043334961,117.26708249760432,116.233453585266,116.24339443920046,18944800
2016-05-23,115.25946044921875,116.87947081383987,115.22964547052169,116.7005733590078,20441000
2016-05-24,116.9788589477539,117.00868150969828,115.40854523792817,115.52780515510615,20183600
2016-05-25,117.16769409179688,117.94291386309035,116.66081670954742,117.40622150235264,20019800
2016-05-26,118.73800659179688,119.02623066702644,117.1975004337955,117.51553948531621,18481300
2016-05-27,118.64856719970703,119.11568876698402,118.28083900792298,118.82746465988438,13493600
2016-05-31,118.08206176757812,119.36415898934104,117.39629447790963,118.72808080558038,23547600
2016-06-01,118.05223846435547,118.35040340938089,117.0981212559835,117.7739552264115,15029500
2016-06-02,118.2013168334961,118.70819418938318,117.49566790959213,117.96278943534598,13228300
2016-06-03,117.744140625,118.25101800010444,117.13787746211908,118.25101800010444,14135100
2016-06-06,118.06217956542969,118.69825770567796,117.634813854077,117.89322296813083,12744700
2016-06-07,117.03849792480469,118.56906340278111,116.94904540317394,118.50942586081062,17103000
2016-06-08,117.66461944580078,117.873331858047,116.55147899783867,117.03848220906212,14505600
2016-06-09,117.83358764648438,117.95285514351855,116.98879706144554,117.40622192709066,13859200
2016-06-10,115.90547943115234,117.38634817308574,115.54768452156915,116.81984083002064,18510800
2016-06-13,113.2518310546875,114.77246319115358,112.61575290907342,114.29540079061822,31718200
2016-06-14,114.23577880859375,114.24571208028297,112.88411075914445,113.37110646467173,17618500
2016-06-15,113.8978500366211,114.73270734176859,113.37109853323797,114.59356572135228,19819400
2016-06-16,113.68914031982422,113.79846696456809,112.24802739569091,113.17232965774842,19236300
2016-06-17,112.3275375366211,113.72890228610484,111.87035680787717,113.71896143168752,24644300
2016-06-20,112.67538452148438,114.0171115523554,112.05918053292434,113.07292765459489,20785400
2016-06-21,113.67919158935547,114.50410800339361,113.27170760025724,113.42079006754656,19166300
2016-06-22,113.21206665039062,114.03697540165813,112.91390174477203,113.94753047956166,14846300
2016-06-23,114.37491607666016,114.38484934797054,112.84435062072627,113.66926709847989,16176900
2016-06-24,111.39330291748047,112.98349841876117,110.31991811062213,110.32985896512552,40643100
2016-06-27,108.30235290527344,110.88642144838673,107.56688893451697,110.88642144838673,36130400
2016-06-28,112.00949096679688,112.05918765291791,109.87266995128671,109.9521740333708,26813800
2016-06-29,113.4605484008789,113.5499933336363,112.34740788089603,112.67538779963867,20968300
2016-06-30,113.57980346679688,114.47429066946617,112.97354033957932,113.96741332417872,23192700
2016-07-01,113.49037170410156,114.42460726180616,113.11269507324332,113.50030497559257,14980000
2016-07-05,113.50030517578125,113.50030517578125,112.27784550703133,113.24190362885932,14207000
2016-07-06,115.98499298095703,116.07444550697943,112.27785039663038,112.66546031654336,24337600
2016-07-07,115.14019775390625,116.25333836180346,114.65320205536061,115.91541756296054,16630200
2016-07-08,116.52169036865234,116.78009952052079,115.14020724476633,115.71665551329951,18142600
2016-07-11,117.14781951904297,117.97272839044584,116.78008375957809,116.98879619084747,17711600
2016-07-12,117.20745849609375,117.99261917852346,116.84966356276755,117.90316665386679,15217700
2016-07-13,116.06449127197266,117.67456831090628,115.96510548546676,117.66462745746085,16207700
2016-07-14,116.57138061523438,116.9192346950626,115.98499152410946,116.7800930631313,14579700
2016-07-15,116.14401245117188,117.55531045008715,115.86572919309282,117.01861805979892,16646000
2016-07-18,118.63863372802734,118.8771611469779,116.17382512337187,116.60119085626032,20868400
2016-07-19,119.87104034423828,120.10956777533738,117.93299074908872,118.2609631233561,21541300
2016-07-20,121.17301177978516,121.45129504661273,119.82134369863667,120.50711859378342,20046500
2016-07-21,119.87104034423828,121.35190920367693,119.51324540626446,121.17301173469002,17801700
2016-07-22,120.25863647460938,120.26857732803838,118.57898862963188,119.16537765955191,18422400
2016-07-25,120.88478088378906,121.10343417622853,117.05837101404805,120.64625346596868,18487400
2016-07-26,120.477294921875,121.32208551598977,120.01017336511808,121.25251470430149,17612000
2016-07-27,122.58429718017578,124.23413006713916,120.76551527880652,121.66993580271753,52654200
2016-07-28,124.23413848876953,127.54373775794636,122.8725296011786,126.7386953843371,78955800
2016-07-29,123.18063354492188,125.0689863550735,122.95203939721776,123.88628253087379,35058800
2016-08-01,123.5483627319336,123.8167127154291,122.1072497688577,123.09118201549124,25006900
2016-08-02,122.33582305908203,124.03535254970971,121.32207594266735,123.29988107544013,23968400
2016-08-03,121.75939178466797,123.16074886873075,121.56061262131348,122.33583240177158,18525300
2016-08-04,123.5980453491211,124.02541103711087,121.75938183852288,122.18674752651266,21066000
2016-08-05,124.38321685791016,125.06898412348659,123.85646534136241,124.21426025498914,20184000
2016-08-08,124.49254608154297,124.68137681351037,123.78689709356487,124.4826052274447,15233900
2016-08-09,124.29376220703125,125.3174502435473,123.7670106995152,124.5720454500473,19621000
2016-08-10,124.1148681640625,124.71119808136986,123.77695495472821,124.30370647671982,10670100
2016-08-11,124.13475036621094,124.61180520277604,123.98566788629063,124.43290774340166,11729500
2016-08-12,124.1148681640625,124.23413566405395,123.41916003740374,123.93597070540027,12159000
2016-08-15,123.14087677001953,124.15462398053462,122.94209760339412,124.14469070919075,19295100
2016-08-16,122.54454803466797,123.16074446239676,122.02772981108632,122.74331960826123,14222400
2016-08-17,123.60798645019531,123.61791972058424,122.09729525967225,122.902337537475,13794200
2016-08-18,123.15081024169922,123.49866428412913,122.88246027850369,123.25019602772927,12400800
2016-08-19,122.8029556274414,123.39928554296509,122.52467237761027,122.84271146065298,11688300
2016-08-22,123.38934326171875,124.06517725319814,122.3557143581238,122.57436764693328,14386400
2016-08-23,123.60798645019531,124.32356863330455,123.48871896168586,123.74712806213176,13309500
2016-08-24,122.72344207763672,123.92602750459068,122.33582462938449,123.70737423011737,12243700
2016-08-25,123.13093566894531,123.60799808523915,122.34577502331265,122.36565673126024,10730800
2016-08-26,124.19437408447266,124.42296821988383,123.15081194276827,123.28995356166219,17504800
2016-08-29,125.76470184326172,125.953540156997,123.58811734755483,123.58811734755483,15925900
2016-08-30,125.06897735595703,125.8243229752581,124.38321012748773,125.8243229752581,17804300
2016-08-31,125.34727478027344,125.4466605711099,124.33351999885215,124.83045653568422,14200600
2016-09-01,125.39696502685547,125.85414573498835,124.83045767301147,125.60567746430853,13536100
2016-09-02,125.73489379882812,126.08274788332952,125.22801637132591,126.07280702872939,12118800
2016-09-06,128.9351348876953,129.14385488208006,125.69511449676878,125.89388605576036,26278400
2016-09-07,130.2470703125,131.17136499858827,129.15380385715935,129.2432487947873,27990800
2016-09-08,129.47181701660156,130.2768515775186,129.01462884487435,130.11782828602256,15676600
2016-09-09,126.3212661743164,129.1538029183601,126.3212661743164,128.91528308641932,27100700
2016-09-12,127.90153503417969,127.97109826705588,124.97954561677093,125.1882580633501,21252800
2016-09-13,126.43059539794922,127.56361770132754,125.88396974575217,127.24557103185296,18016200
2016-09-14,126.98715209960938,128.0108476769792,126.11254657403201,126.11254657403201,15691100
2016-09-15,127.5636215209961,128.3090263639346,126.88777991077566,127.19588573539237,15077200
2016-09-16,128.27920532226562,128.3885168020433,127.41452543290873,127.41452543290873,24119200
2016-09-19,127.86176300048828,129.14386773942923,127.47415311401066,129.11405276087706,14958800
2016-09-20,127.8518295288086,128.37858103613635,127.24556635703333,127.86176279987728,11083800
2016-09-21,129.1438751220703,129.2134383542356,127.60336875917946,128.33884032454225,14068300
2016-09-22,129.28302001953125,129.92903149515303,128.76620173985347,129.70044491897463,15538300
2016-09-23,127.1760025024414,127.81208827016368,126.52005019149513,126.77845174110877,28326300
2016-09-26,126.52997589111328,127.37477405188326,126.02310609383085,126.58961343046681,15064900
2016-09-27,127.90153503417969,128.21956654860017,126.64925277205448,126.82815023807237,15637100
2016-09-28,128.43820190429688,128.6767368807596,127.6132855049905,128.41833536356535,12047600
2016-09-29,127.30519104003906,128.49783562674395,126.7685062838764,128.38850898832024,14532200
2016-09-30,127.48409271240234,127.80212418334406,126.669109581011,127.24555773522232,18402900
2016-10-03,127.9810562133789,128.29908775142982,127.01699799613148,127.5934462719816,13156900
2016-10-04,127.40459442138672,128.48791245481314,126.76851624746386,128.3785858077967,14307500
2016-10-05,127.682861328125,128.01084122718484,127.04678323563567,127.4642080620851,12386800
2016-10-06,127.95123291015625,128.2692644275261,127.29527300112396,127.6431194993316,11682700
2016-10-07,128.19967651367188,128.45807801962007,127.54371673092153,128.24935802863672,12804400
2016-10-10,129.44203186035156,129.89920497208672,128.40839539283866,128.88545021191425,15138700
2016-10-11,128.09039306640625,129.83960457815562,127.44436633579397,129.4321128940421,17537900
2016-10-12,128.2593231201172,128.86558630133672,127.67294164664408,128.21955970462434,11073000
2016-10-13,127.03685760498047,127.46422333545407,125.97341370579963,127.42447508472851,17139300
2016-10-14,127.09648895263672,128.15993286343894,126.79833157303749,127.7027597312501,13345300
2016-10-17,126.75857543945312,127.6828777210598,126.53992214534081,127.41452773914014,11351700
2016-10-18,127.78226470947266,128.59723272063698,127.22568306527118,127.89157618576496,13504000
2016-10-19,129.31280517578125,129.67060003068227,127.81206253829762,127.95120413935373,16752300
2016-10-20,129.20350646972656,129.8594663730142,128.70656990638147,129.27308486793908,13167500
2016-10-21,131.2608184814453,131.32044843685654,128.90532908560914,128.98484074792378,19088800
2016-10-24,132.46339416503906,132.5926025098252,131.34031280571014,131.90682770334288,17470200
2016-10-25,131.47946166992188,132.68205475655202,131.409898441024,132.68205475655202,13336800
2016-10-26,130.23712158203125,131.44964795147325,130.13774337332433,130.83345149547145,13084700
2016-10-27,128.89540100097656,130.99247378734222,128.47797613100371,130.93284382953175,16741400
2016-10-28,130.48558044433594,132.15529498240997,129.13391254791355,129.70042744136862,24545500
2016-10-31,130.1874237060547,131.31048983169023,130.07809707450104,131.20116320013656,15669000
2016-11-01,128.70655822753906,131.13161086306178,127.86176008038927,130.60485936693746,22077800
2016-11-02,126.39083099365234,129.4320800291002,125.50628460644498,129.4320800291002,39640900
2016-11-03,119.2647705078125,122.52467302180206,118.76783396402995,121.25251668294271,63766300
2016-11-04,120.01016235351562,121.18293277340253,118.5193528832856,118.8572660568662,30545500
2016-11-07,121.40160369873047,122.45510678446524,120.60650216590977,122.07743772683301,23008900
2016-11-08,123.45890808105469,123.84651795325817,120.79532807717081,121.28232373510478,19460800
2016-11-09,122.42527770996094,123.05141497668545,119.77163859234126,120.75557074937959,31916000
2016-11-10,120.05986785888672,123.41915604892834,114.56374350529859,123.17068778562987,67846700
2016-11-11,118.290771484375,119.9604785739257,117.42610675153706,118.79764888191268,32840100
2016-11-14,114.37491607666016,118.40009750847568,112.85429147468652,118.40009750847568,51377000
2016-11-15,116.48191833496094,117.76401547836649,115.12031711043187,116.01480437125547,34681400
2016-11-16,115.62718963623047,117.15775507807976,113.5102427211703,113.7785926970785,32397900
2016-11-17,117.06830596923828,117.06830596923828,115.29921317613237,116.09430705635383,18597800
2016-11-18,116.30301666259766,118.40008932695882,116.12411921692446,117.66462542036868,22879300
2016-11-21,121.02391815185547,121.20281560444191,117.07824850659578,117.4757916610993,35415400
2016-11-22,120.72576141357422,122.22651185237044,120.15925407454712,121.65006365963418,26089200
2016-11-23,120.09962463378906,120.56674621517368,119.20514488853783,120.48724212808814,15672100
2016-11-25,119.6424331665039,120.39777879588564,119.33433495224864,120.26857803115107,8658600
2016-11-28,119.67225646972656,120.94441274859192,119.0858674327389,119.38403237800713,18101300
2016-11-29,120.12944030761719,121.3518999334337,119.66231875302154,119.8312753545328,18891000
2016-11-30,117.69444274902344,121.0437976000157,117.22732121028555,119.58280302826937,30188900
2016-12-01,114.39478302001953,117.7242561185847,113.30152421517491,117.65468531053048,43277000
2016-12-02,114.69294738769531,115.76633206317118,113.59968858829554,114.40472330357775,25070400
2016-12-05,116.71051788330078,116.8496595100295,114.36497677180257,115.23958236590447,20201500
2016-12-06,116.59123992919922,117.0782431617377,115.61724862942081,116.96891652444533,19131200
2016-12-07,117.22732543945312,117.22732543945312,115.85578333417466,116.28314905709219,21913700
2016-12-08,118.18144989013672,118.76783135926793,116.91922685032759,117.25714763566656,22442800
2016-12-09,118.94672393798828,119.20513304763594,118.22119329335617,118.48954325639589,17464700
2016-12-12,117.04843139648438,118.50942606353608,116.92917147763931,118.48955193794524,17805500
2016-12-13,119.57286071777344,120.77544616314192,116.88940659440898,117.13787484963345,29768000
2016-12-14,119.47347259521484,120.9444079737367,118.12180470662153,119.2647601748268,25913100
2016-12-15,119.8312759399414,121.74945127144237,118.89703282618608,119.34428025799757,20139600
2016-12-16,119.13556671142578,120.75557707327216,118.53923680790714,120.15925475240323,25324300
2016-12-19,118.5094223022461,119.62256286625389,117.78389921013232,119.11568547929993,15918100
2016-12-20,118.36034393310547,119.03617794494693,118.07212740660911,118.76783554410032,13684400
2016-12-21,118.31065368652344,118.46966943813769,117.75408718189867,118.19138618582531,10767600
2016-12-22,116.68070220947266,118.26095678191125,116.21358064424115,118.13175601004612,16258600
2016-12-23,116.55149841308594,116.8397225301954,115.58744784811313,116.28315600482551,10890000
2016-12-27,117.2869644165039,117.95285756096378,116.14400885677958,116.24339464835346,12051500
2016-12-28,116.20364379882812,117.52549687313581,115.93530139180523,117.46586691216409,12087400
2016-12-29,115.63712310791016,116.80989356211289,115.34889902531421,116.28314208044247,9934900
2016-12-30,114.34510040283203,116.11419326451632,114.06680957218467,115.88559912071842,18684100
2017-01-03,116.14401245117188,117.11800385444857,114.80228526677638,115.31909594854461,20663900
2017-01-04,117.9627914428711,118.92684948772303,116.5713676951255,116.82977680406455,19630900
2017-01-05,119.9306640625,120.20894731473598,117.59506381534813,118.13175619436748,19492200
2017-01-06,122.65386962890625,123.1209835658981,119.29457406177683,120.2387579541244,28545300
2017-01-09,124.13475036621094,124.66150189029945,122.28614581355886,122.79302321222796,22880400
2017-01-10,123.58811950683594,124.73107509796884,123.51854869255742,124.0552410809846,17324600
2017-01-11,125.31745147705078,125.34727403851005,123.29989036267582,123.58811446225079,18356500
2017-01-12,125.84420776367188,125.95353440529988,124.0353591239852,124.84039386447363,18653900
2017-01-13,127.55365753173828,128.47796731023993,126.58960708850768,126.70886699594072,24884300
2017-01-17,127.08655548095703,127.55366946652492,126.61943391273917,127.25550450474545,15294500
2017-01-18,127.13624572753906,127.64311555140473,126.06286095467644,127.62324900832769,13145900
2017-01-19,126.76852416992188,127.56362572834065,126.66913078813171,127.44435063713227,12195500
2017-01-20,126.26163482666016,127.69280688110153,126.00322570715211,127.31514542958541,19097200
2017-01-23,128.14002990722656,128.4580765249677,126.17216574716991,126.52996060947997,16593600
2017-01-24,128.5773468017578,129.1040982852717,127.59342222496329,128.58729523767607,15162700
2017-01-25,130.6744384765625,130.93285520325512,128.97492387013443,129.203510450031,18731300
2017-01-26,131.9664764404297,132.32427138320165,130.63469005106214,130.82352837715024,20020100
2017-01-27,131.37014770507812,132.13543428861468,130.27689632246975,131.86708428770947,19539500
2017-01-30,130.177490234375,130.77382014145064,128.80595571258024,130.77382014145064,18956100
2017-01-31,129.52154541015625,129.85945861336708,128.72644392325466,129.37245535088124,19790500
2017-02-01,132.41371154785156,132.67212826487602,129.87933205847503,131.43972013641402,50139800
2017-02-02,130.03834533691406,134.6598640871263,129.60103877144377,132.40376803270397,54366400
2017-02-03,130.177490234375,132.03604318442436,129.9588369461339,130.4359069379142,24804900
2017-02-06,131.25086975097656,131.25086975097656,129.50165867987485,130.17748506008496,17058500
2017-02-07,131.0322265625,132.1851230043149,130.8533366828908,131.42978490379826,14596400
2017-02-08,133.3777618408203,133.6162968351249,131.6285507118182,131.7875740413546,22390600
2017-02-09,133.31813049316406,133.67592539823974,132.49321404075909,133.66599212723457,16470600
2017-02-10,133.36781311035156,134.11321782018783,132.8609282018724,133.27836818484263,15061900
2017-02-13,133.22869873046875,133.87471021155707,132.88083706200536,133.87471021155707,13526200
2017-02-14,133.0299072265625,133.4075686544731,131.73786929243013,133.2783754767688,14364900
2017-02-15,132.62242126464844,132.88082279628233,131.84720150444764,132.63235453556928,13226500
2017-02-16,133.01995849609375,133.04977347282858,132.20499052317768,132.25468720616854,12831100
2017-02-17,132.7118682861328,133.2684347724359,132.35407337846664,132.68205330760225,12276500
2017-02-21,132.9007110595703,133.0895493734757,132.08572784488385,132.6820577661325,14759100
2017-02-22,135.28598022460938,135.95187327695945,132.64228972036366,132.78143132585026,27360100
2017-02-23,134.53067016601562,135.28600830036925,133.50698203492686,135.05742172219527,18422500
2017-02-24,134.61016845703125,134.78905832687178,133.33801216494547,133.33801216494547,12625700
2017-02-27,135.57421875,136.3394900363583,134.19273589496427,134.4312557077312,14306700
2017-02-28,134.70953369140625,135.97175659094663,133.9243807294341,135.95187488555686,16112100
2017-03-01,136.57803344726562,136.63766340413912,135.46490047816204,135.63385707773674,16257000
2017-03-02,135.92208862304688,136.97560691708767,135.47484873173482,136.25006858742265,12294800
2017-03-03,136.32957458496094,136.48859792445637,135.24625651958652,135.79288977078932,11160600
2017-03-06,136.57803344726562,136.98552503963367,135.6736053272193,136.04134867010475,12748200
2017-03-07,136.45877075195312,137.52220701355202,136.15067253752073,136.19042078619307,13527100
2017-03-08,136.87620544433594,137.14455542938268,136.21031228279782,136.30969049427063,10184500
2017-03-09,137.39303588867188,137.72101586274434,136.55817087953224,136.87621758116666,15535300
2017-03-10,137.9396209716797,138.6353441735273,137.37312127238118,138.05889603887238,16314100
2017-03-13,138.7446746826172,138.82417117590347,137.82036492120838,137.86012833314973,10955500
2017-03-14,138.46641540527344,138.60555704053357,137.67131384722947,138.60555704053357,12944000
2017-03-15,138.8639373779297,139.24161397246985,137.64147782888986,138.43656410011343,19344800
2017-03-16,139.13230895996094,139.3907105217407,138.8738922328803,139.3410138307405,13612900
2017-03-17,138.98321533203125,139.4801518987207,138.8440736999702,139.4801518987207,20592800
2017-03-20,139.08261108398438,139.3310793715675,138.39683618380678,138.8540245056921,12099500
2017-03-21,137.66136169433594,141.43808261913387,137.5520350434894,140.2851861493523,29894800
2017-03-22,138.7347412109375,138.93351279618918,136.75694346452858,137.08490823927892,17055400
2017-03-23,138.67510986328125,139.52984132007452,138.23780328092658,138.625413176141,13022800
2017-03-24,139.4801483154297,140.15598991472098,138.903700093043,139.22174676689778,16664700
2017-03-27,139.4602813720703,139.78824615125419,137.91977502626995,138.1980582824442,12800500
2017-03-28,140.89141845703125,141.08025673664005,139.15214086212478,139.50000244722492,14679400
2017-03-29,141.77597045898438,141.984690451521,140.56344424498505,141.12002583665011,16527600
2017-03-30,141.53746032714844,142.07414508487298,140.980893862753,141.5275118911636,12404000
2017-03-31,141.1796875,141.7561357611654,141.02066415237482,141.43808906591505,11478300
2017-04-03,141.40826416015625,141.5971024765462,139.95721791948606,141.06040250730103,13564000
2017-04-04,140.8616180419922,141.21941293367982,140.40444494807383,140.99082638672064,12948600
2017-04-05,140.98089599609375,142.56115048112176,140.4243143579773,141.3883724145715,17158100
2017-04-06,140.30503845214844,141.34860805236508,140.0466369521689,141.23928142443197,15103400
2017-04-07,139.91746520996094,140.68275180562625,139.3807803649458,140.33489012615078,11818300
2017-04-10,140.17584228515625,140.56345215141425,139.76836587776606,140.13609403759327,9039400
2017-04-11,139.06272888183594,140.1659286814072,137.95952908226468,139.93734210392506,16638100
2017-04-12,138.72482299804688,139.5397911356331,138.58568135673696,138.8639646393568,11612500
2017-04-13,138.5359649658203,139.71867633144026,138.47633500878052,138.7645515229059,10965600
2017-04-17,140.55352783203125,140.68273618411212,138.89376162387526,138.90369489507398,11519700
2017-04-18,140.09634399414062,141.04052030596844,139.74848237990483,140.4044421960246,14807500
2017-04-19,141.3983154296875,142.16358671782257,140.40444243338888,140.48395409292857,15563900
2017-04-20,142.9189453125,143.36618514470965,141.81574563822338,142.0741471675381,15968200
2017-04-21,142.7996826171875,143.28668590554653,141.3983330434692,143.0183359168344,12382000
2017-04-24,144.5787353515625,144.77750695813697,143.45565378472966,144.0718654800024,14407200
2017-04-25,145.59246826171875,146.24841294777448,144.8967449958761,144.8967449958761,17767500
2017-04-26,145.6620330810547,146.68572111846345,145.19491153016338,146.1887845890301,12395000
2017-04-27,146.7950439453125,146.84474063002375,145.2446044402352,145.77135593451663,11275100
2017-04-28,149.3294219970703,150.6015782557682,148.15665910698584,148.58401722836615,30652200
2017-05-01,151.52589416503906,151.63522080880279,150.49225768485496,150.81030434500374,25218300
2017-05-02,151.8439178466797,152.49987767550923,150.73078492403468,152.4004843080022,21870400
2017-05-03,150.86990356445312,152.65887775005856,150.41271537496092,152.65887775005856,29782500
2017-05-04,149.92575073242188,150.5916438342063,147.80879635258412,149.2499091946728,36225500
2017-05-05,149.31948852539062,150.7009714215847,148.8722335325309,150.52206639138106,17148500
2017-05-08,150.13442993164062,150.15431163487548,148.8225256587658,149.78658353415915,15827500
2017-05-09,149.55801391601562,151.65508668053863,149.28967910866342,150.5618354130348,17453900
2017-05-10,149.36917114257812,149.59777285870243,147.94793998772178,149.30954118717142,12080700
2017-05-11,149.12071228027344,149.72697547393778,148.49458254375446,149.38906226181007,11841900
2017-05-12,149.40895080566406,149.5381591666302,148.71324264142436,149.47851403943773,9598200
2017-05-15,149.26980590820312,150.5518955567405,148.8523810187886,149.2499241995738,15064700
2017-05-16,148.86231994628906,149.28969328890585,148.11691508002096,149.1902999072831,14550800
2017-05-17,143.9625244140625,147.7591117651734,143.5351510956618,147.09321860887462,28300100
2017-05-18,146.75531005859375,147.24229818664455,143.62460059899357,143.8333206290871,23031600
2017-05-19,147.15284729003906,148.47470031967464,147.05346908021147,147.54045718855627,16187900
2017-05-22,147.33175659179688,147.67960308419995,146.78512334339172,147.17273325311533,12586700
2017-05-23,147.16278076171875,147.89823706779356,146.34779763138923,147.61002057371257,12817800
2017-05-24,149.12071228027344,149.3095505944918,147.51064272165334,147.60008766039894,17862400
2017-05-25,151.02894592285156,151.65507559286235,149.03125151126477,149.37911312316945,19891400
2017-05-26,151.1979217529297,151.31718167376664,150.22391518176056,151.29729996519376,14996200
2017-05-30,151.44639587402344,151.96319899445422,150.71092428145548,151.03890424171007,13226000
2017-05-31,150.531982421875,152.41040142549613,150.16423916990462,151.7643750000482,18023900
2017-06-01,150.60159301757812,151.35693113106154,149.37913332336274,150.82024631772074,14530600
2017-06-02,152.66885375976562,152.68873546886513,150.37300923104294,150.91964249152466,16854400
2017-06-05,152.68873596191406,153.76212077724412,152.47008265701533,152.69866923384558,12520400
2017-06-06,151.87374877929688,153.57327848430322,151.54576883042546,152.4700787163904,13457100
2017-06-07,152.1818389892578,152.80798387363586,151.40661921112283,152.3309290483142,12066700
2017-06-08,153.76210021972656,153.7819667609335,152.1619640652466,153.13595536983917,17799400
2017-06-09,148.6834259033203,154.63671622977958,145.71173979332266,153.8217481513875,35577700
2017-06-12,147.530517578125,148.28585563461888,143.67428530143172,147.2621676090512,33170200
2017-06-13,149.75677490234375,150.25371139750465,147.98768219279484,149.2300234306971,20483400
2017-06-14,149.3294219970703,151.46624293456944,148.1367774002034,150.33322829275102,20808800
2017-06-15,148.8822021484375,149.1207220006402,145.4732093294654,146.76524746833326,18994200
2017-06-16,149.717041015625,149.90587932834637,147.68954659363197,148.6734712426331,22882400
2017-06-19,151.93338012695312,152.62910344834694,150.78049882484135,150.78049882484135,19026500
2017-06-20,151.3171844482422,152.89743908950737,151.2774361956678,151.94332937471728,14743900
2017-06-21,152.96701049804688,153.1359671030431,150.94944934415696,151.42650417975216,15039800
2017-06-22,152.4601287841797,153.60309195818274,151.97314066678632,152.07251887846041,13005500
2017-06-23,154.11988830566406,154.24908147899964,151.71470237953702,151.78428076658523,18027000
2017-06-26,152.64895629882812,155.5411304796877,152.26134642053862,155.29266222013547,18049700
2017-06-27,149.65740966796875,152.37067892032613,149.46857135699997,151.9035573611822,19360800
2017-06-28,152.30111694335938,152.52970350653305,148.941821064521,149.9953241077473,16719100
2017-06-29,150.1145782470703,151.56563956746422,148.0075722417167,151.34698628404462,23973500
2017-06-30,150.05496215820312,150.9892053345533,149.14060069090098,150.96932362550527,17666000
2017-07-03,147.52056884765625,151.217777789725,146.89443914146497,150.7904196595516,13862700
2017-07-05,149.41885375976562,149.92573866359857,147.22240306081463,148.08706766340373,14334300
2017-07-06,147.90821838378906,149.12072974784795,147.093235072287,148.11692326530917,14951800
2017-07-07,150.5121307373047,151.05876392468934,148.27591646961167,148.33554642363572,13615900
2017-07-10,152.5595245361328,153.03657938937536,150.58171155983703,150.76061660811573,13378700
2017-07-11,154.3186492919922,154.46772416074077,151.97310864346704,152.43028168449402,13667700
2017-07-12,157.92642211914062,158.18483881881616,155.24296790802046,155.53119958607408,22739400
2017-07-13,158.28421020507812,158.80102841686207,157.4493605158646,157.7674071585928,13929200
2017-07-14,158.9898681640625,159.3377297870539,158.35379003810874,159.14889148687564,16371200
2017-07-17,158.7513427734375,159.79491254017745,157.83698135995382,159.26816102116294,12858800
2017-07-18,161.8621826171875,162.72684740907326,158.44325653780814,158.6817915544977,23722900
2017-07-19,163.1343231201172,164.68476266402203,162.17026504071237,162.58768990520218,26273600
2017-07-20,163.52194213867188,163.98906371520587,161.81247917035603,163.7902921255808,18523100
2017-07-21,163.42254638671875,164.03875802049328,162.7467199587531,163.15421156900885,14744000
2017-07-24,164.98292541503906,165.15188201279688,163.30327754310073,163.6312574676774,17367000
2017-07-25,164.267333984375,164.52573551392456,162.85603609474458,163.99898401868572,15383200
2017-07-26,164.59532165527344,164.99286482180534,163.09457876152078,164.99286482180534,35236900
2017-07-27,169.39572143554688,174.41478326346672,166.47373230476467,173.62961507823806,68910700
2017-07-28,171.39340209960938,172.36739342902885,168.01423984186076,168.03412154887312,24557600
2017-07-31,168.21302795410156,171.66176894281,167.51731979325993,170.9461790730013,25478900
2017-08-01,168.8192596435547,169.42552274876857,168.01422498169475,168.77951139834454,14385000
2017-08-02,168.2626953125,169.50503651361814,165.88733954257404,169.2565682733945,17433800
2017-08-03,167.55706787109375,168.66026765545624,167.21915464550898,168.26272446833303,10793800
2017-08-04,168.5807342529297,169.01804080157154,167.65643963763546,167.93472286580783,10777700
2017-08-07,170.92628479003906,171.00579645475756,168.62050717439996,168.90872368936758,12787800
2017-08-08,170.18087768554688,171.98973391142982,169.57461451992995,170.8269042656333,14393500
2017-08-09,170.1311798095703,170.3995297768145,168.52111033670343,168.9385351939171,10815000
2017-08-10,166.37432861328125,169.54478580452752,165.82771061365779,169.01803434522998,20832700
2017-08-11,167.0501708984375,167.78564235698195,165.8277113895646,166.9209625592248,13791200
2017-08-14,169.70382690429688,170.03180683762284,168.25276554763963,169.04786703764498,12954200
2017-08-15,169.95228576660156,170.44922227469104,168.96834602107685,170.4392890040368,8729200
2017-08-16,168.9584197998047,170.32996947225183,168.20308173550157,170.2007611218621,15779900
2017-08-17,165.88735961914062,168.81928217555665,165.8277296607179,168.30246392706002,17216000
2017-08-18,166.38430786132812,167.63658257217577,165.19166311309692,165.81779288587035,15093600
2017-08-21,166.75201416015625,166.97066743788213,164.80403153261494,166.13581774036444,11907500
2017-08-22,168.6006317138672,168.82921828009034,166.12588224069503,167.24896369416953,11391000
2017-08-23,167.67633056640625,168.32234198905948,167.16944560019277,167.80552375175728,9856500
2017-08-24,166.71226501464844,168.25275605583545,165.3904120847116,167.8452796452659,14030400
2017-08-25,165.30096435546875,167.348340305505,165.1618075770212,166.83152210010897,12614500
2017-08-28,166.21533203125,166.6725051353281,165.310903928649,165.88735210947274,8553700
2017-08-29,167.0203857421875,167.3980472264475,163.9890696043202,164.2375378915995,11121000
2017-08-30,168.87889099121094,169.13729250045887,166.60292859298332,167.13961331689754,11138300
2017-08-31,170.91635131835938,171.09524118979152,169.0180501343437,169.35596333502625,17226500
2017-09-01,170.96603393554688,171.86051354969933,170.26037744837913,171.34369535481443,11677600
2017-09-05,169.6740264892578,171.33379284076062,168.5111967160002,170.22065975838768,13210900
2017-09-06,171.0355987548828,171.42320861334076,168.5310497457537,169.86283590914275,13906300
2017-09-07,172.1487579345703,172.24813614054742,169.22676873651685,170.88653491279703,18049500
2017-09-08,169.90261840820312,172.42706479758854,169.75354349616518,172.0295064233185,10998500
2017-09-11,172.44691467285156,172.82459130057487,171.14494334923677,171.34371493450698,12372000
2017-09-12,171.90028381347656,172.9339050791492,170.69769078933263,172.69537009539457,11186300
2017-09-13,171.98974609375,172.10900601500754,171.0058062474746,171.949982676464,9119300
2017-09-14,169.91253662109375,171.22444110956428,169.45534836333516,171.2045594030621,15615700
2017-09-15,170.58839416503906,171.28410236677342,169.21684430640457,169.83305599819906,15660500
2017-09-18,168.96836853027344,171.01575995519715,168.30247534056213,170.9362482834748,12954000
2017-09-19,171.46298217773438,171.50273042685097,169.3162127582577,169.57461429076355,13168600
2017-09-20,171.11514282226562,171.98975606968514,169.65414804091765,171.44312279004794,12264100
2017-09-21,170.06161499023438,171.21451134619974,168.96834858969845,170.63806316821706,11161400
2017-09-22,169.49510192871094,170.67781327526973,168.18319739908125,169.16713717027784,12097100
2017-09-25,161.8721160888672,168.26272836885283,160.57014468076193,168.20309840593214,41251600
2017-09-26,163.20391845703125,164.48600816211837,161.78267195070117,163.49213500101797,23363300
2017-09-27,166.65261840820312,167.30857823199798,164.55556092370796,164.88352567030682,19242500
2017-09-28,167.69619750976562,168.03412587648282,166.13582468833675,166.91104446349493,12178700
2017-09-29,169.8230743408203,170.60824250192513,167.77569839108116,167.7955800973277,15340400
2017-10-02,168.43167114257812,170.81696045517103,167.71608131574033,170.33990562571236,13392300
2017-10-03,168.9186553955078,169.68392665769207,168.16330223814438,168.2626956005231,8190300
2017-10-04,167.38807678222656,169.62429087113904,167.25886844863868,168.78944125094975,12127900
2017-10-05,170.1908416748047,170.26040490853464,167.56701719610732,168.14345027090016,14580600
2017-10-06,171.17474365234375,171.31388526663298,168.70994284266382,169.20687934588227,13124500
2017-10-09,171.44309997558594,173.80852267162308,170.94616345391756,171.64187155119347,14570400
2017-10-10,170.53866577148438,172.13880192068015,169.75351276804105,171.94003035217665,11341100
2017-10-11,171.681640625,171.72138887531216,170.34983917739845,170.89647240231332,11283700
2017-10-12,171.49281311035156,172.78485122368104,171.2343963885053,171.55244307222358,10351000
2017-10-13,172.67552185058594,173.57993486689324,172.13882187159447,172.387290152346,13658300
2017-10-16,173.4507293701172,173.9277841890376,172.99354109323147,173.42091439176585,11498800
2017-10-17,175.03099060058594,175.05087230868284,173.29171269195237,173.63957433979903,15990100
2017-10-18,174.95147705078125,175.65713361027926,174.67319380161857,175.5676735074558,12752400
2017-10-19,173.490478515625,174.9514731235834,171.57231079371869,173.85820669405695,14048400
2017-10-20,173.9079132080078,174.80240810961598,173.5600667173548,174.42473147347252,12602200
2017-10-23,170.22064208984375,174.26569753093483,170.2007603824934,174.12655591008084,13852700
2017-10-24,170.74740600585938,172.1785857331272,170.44924103512852,171.24434256864402,12267900
2017-10-25,169.5547332763672,171.19461759651364,167.85520383968816,170.8467559939139,15868200
2017-10-26,169.58457946777344,171.2343973617118,169.34604445362902,170.3299843260115,11833100
2017-10-27,176.7901153564453,177.11809523152138,172.8344903166528,173.0829585403198,30285300
2017-10-30,178.7679443359375,179.58292753308217,176.52179665614048,178.16168115632732,24353200
2017-10-31,178.956787109375,179.69225865938895,177.8436540955592,179.4636720937589,20174200
2017-11-01,181.54086303710938,181.77938287393974,179.46367190977904,181.24269807577156,40918300
2017-11-02,177.82376098632812,180.82526178791372,176.25343977663232,179.523290543022,35529900
2017-11-03,177.82376098632812,178.75800406243945,175.62731007915474,178.1914891551085,17822100
2017-11-06,179.06610107421875,179.34438430796345,177.21749664131528,177.46596489753728,13312700
2017-11-07,179.14561462402344,179.6425511417045,177.86352508113785,179.39408288286396,12928200
2017-11-08,178.45986938476562,179.245037705419,178.01262947777778,178.6884559745058,10494100
2017-11-09,178.20143127441406,178.30080947486766,176.00496527980104,177.21749154854334,12610300
2017-11-10,177.36659240722656,178.00267055703102,176.86965587877623,177.2572657643555,11070200
2017-11-13,177.67469787597656,177.9430326932699,176.21370320951294,176.41247479594134,9523400
2017-11-14,176.97897338867188,177.87345302760326,176.0944118549906,177.03860334256083,9585900
2017-11-15,176.85971069335938,177.47592231236823,175.31920439378666,175.5776210991225,10253700
2017-11-16,178.4896697998047,178.72820480787047,177.40635173977728,177.66475329120667,15607600
2017-11-17,177.90325927734375,178.8772505287799,177.80386591553895,178.2014241974603,13018000
2017-11-20,177.64488220214844,178.4002202937449,177.008804028883,177.7740753919071,10052400
2017-11-21,180.74574279785156,180.7755577743656,177.89333216581986,178.05234031879533,14504000
2017-11-22,179.7618408203125,180.61657237887326,179.33448262368287,180.18921418224363,10376300
2017-11-24,181.66014099121094,182.02786921969997,179.18539128129734,179.2947179391321,9426300
2017-11-27,181.90859985351562,182.60430801942132,180.87497845921294,181.44147826384307,12344500
2017-11-28,181.30233764648438,183.12112732523596,180.97435768815535,182.38565573698594,14379700
2017-11-29,174.05697631835938,180.8550637243327,172.9338950207888,180.77555206770577,41933500
2017-11-30,176.09442138671875,177.18768781818827,174.12655697537303,175.76645662257727,25307600
2017-12-01,174.0271759033203,176.3925834333643,171.28407659872434,174.9514705540087,20182500
2017-12-04,170.41943359375,175.4881928245096,169.74359195250824,175.20989438496227,24459400
2017-12-05,171.77108764648438,174.30546705435168,167.97448517037026,169.40566484376825,20184900
2017-12-06,174.9812774658203,175.68693396658475,170.84676215767297,171.44309202213017,20255800
2017-12-07,179.03628540039062,179.28475365564628,174.72288012882447,174.72288012882447,20404500
2017-12-08,177.90325927734375,181.1631613626098,177.64485776806822,180.41775664496728,19883800
2017-12-11,177.94302368164062,179.11580176318466,177.70450385612597,178.2014403796804,13168600
2017-12-12,175.8757781982422,178.08216237448224,175.51798330055212,177.5057293620972,16854100
2017-12-13,177.20755004882812,178.06228139258843,176.1639804180874,176.21367709865555,14615700
2017-12-14,177.29701232910156,179.25494344581423,176.591355792676,177.19761895823626,13591000
2017-12-15,179.07603454589844,179.38414792281043,177.26719352452815,177.92315336136195,28463100
2017-12-18,179.71214294433594,180.1891977906257,178.6486914377961,179.9009660962943,17265400
2017-12-19,178.41015625,178.97667120119755,177.12806661274783,178.84746284419455,14920600
2017-12-20,176.8000946044922,178.70832923867442,176.27334304655494,178.70832923867442,11860500
2017-12-21,176.36276245117188,177.585222006216,175.9652193136075,176.84976568519204,11600700
2017-12-22,176.11431884765625,176.44229880643496,175.15026068057048,176.0546888852057,8509500
2017-12-26,174.91172790527344,175.9155342513808,173.59980816710578,175.54780606657604,8897300
2017-12-27,176.53170776367188,177.3466908584949,175.18003995089776,175.4682715977196,9496100
2017-12-28,176.82989501953125,177.84364979850483,176.59136002291996,176.85970999844523,12220800
2017-12-29,175.37884521484375,177.75420119961592,175.37884521484375,176.90940304032614,10261500
2018-01-02,180.30844116210938,180.4674644847108,176.46215743414217,176.59135061411942,18151900
2018-01-03,183.5385284423828,183.64785508099155,180.21899620142523,180.76562939446885,16886600
2018-01-04,183.2006072998047,185.06909334568192,182.97202076184038,183.76710700959418,13880900
2018-01-05,185.7052001953125,185.7548817195156,183.79695044241944,184.45291034714515,13574500
2018-01-08,187.12643432617188,187.7426308225131,185.18838472856586,186.05304951088993,17994700
2018-01-09,186.7189178466797,187.64322763347388,185.95364654672056,187.54383426618895,12393100
2018-01-10,186.68910217285156,186.73879885630856,184.49265131785873,185.79462253181987,10529900
2018-01-11,186.61952209472656,187.24565172078385,186.23191226324454,187.24565172078385,9588600
2018-01-12,178.27102661132812,180.3680996179486,176.31309524264591,176.9690551780554,77551300
2018-01-16,177.29701232910156,180.6364263751664,176.94915069637221,180.38795811330235,36183800
2018-01-17,176.51187133789062,178.22133430937728,174.7228966973464,178.16168918360896,27992400
2018-01-18,178.69837951660156,179.87114244999745,175.9950435757067,177.03861332349246,23304900
2018-01-19,180.17919921875,181.2525836982071,179.06606649870378,179.74190791108606,26826500
2018-01-22,184.2342529296875,184.25413463810483,179.30465081319468,179.6922607181822,21059500
2018-01-23,188.18988037109375,188.38865196101227,184.41315950144062,184.9100960588871,25678800
2018-01-24,185.40701293945312,189.49183161476125,185.37719796239455,188.726545151228,24334500
2018-01-25,186.33131408691406,187.46432875073012,185.45671612039058,186.7984356309285,17377700
2018-01-26,188.8358917236328,188.8358917236328,185.66543406245643,186.59967721637926,17759200
2018-01-29,184.8404998779297,187.68297731965964,184.49265342036372,187.59353238759687,20453200
2018-01-30,185.9735107421875,187.0270136948055,180.72586252006485,186.47044724174683,20858600
2018-01-31,185.7449188232422,188.66690778253684,184.08515278258324,187.2158465730858,43275100
2018-02-01,191.90695190429688,194.1232998208945,186.73881485330983,187.06679479386418,54211300
2018-02-02,189.11416625976562,193.0200953049018,188.8160013061576,190.8633774008068,26677500
2018-02-05,180.14942932128906,189.4421487008838,179.50341788433315,185.7846878744373,33128200
2018-02-06,184.1746063232422,184.6317945837177,176.65099547175672,177.4759118955656,37758500
2018-02-07,179.07603454589844,183.94602147249302,178.8474479962014,183.0217116723547,27601900
2018-02-08,170.52874755859375,180.72588005968524,170.42935418291628,179.900963570522,38478300
2018-02-09,175.03099060058594,175.81614366946573,166.15569601514568,173.68925586209153,39887600
2018-02-12,175.32916259765625,176.4621773598561,170.78715511175918,175.97517406638494,32092100
2018-02-13,172.08912658691406,174.89185609601026,172.03944506259853,174.54399443399888,21809400
2018-02-14,178.42007446289062,178.70829094280464,172.14873863696081,172.38725843680757,28929700
2018-02-15,178.857421875,179.39410671265446,175.75652728035996,179.39410671265446,20922100
2018-02-16,176.27333068847656,178.77789510507117,175.21982764646052,177.89334866740677,20645300
2018-02-20,174.9315948486328,176.85971104474038,174.03711514532293,174.69307501590998,21204900
2018-02-21,176.81997680664062,180.15939121709175,175.3192186354323,175.6273320526154,23200800
2018-02-22,177.89334106445312,179.10586738767222,176.3230198398694,177.60510939000153,18464200
2018-02-23,182.1669921875,182.26638556272584,178.41015311652038,178.79776301542145,19007300
2018-02-26,183.79693603515625,184.52247428137434,182.0974216105779,183.4490895664989,17599700
2018-02-27,180.3482208251953,183.568359988873,180.3482208251953,183.31989171190773,15849800
2018-02-28,177.22744750976562,181.75950613900827,177.04854247687499,181.18305795682576,18783000
2018-03-01,174.8620147705078,179.01639655333457,173.34139032221972,177.91319693739047,23201600
2018-03-02,175.537841796875,176.02484501914074,171.93009317292478,172.22824293625257,20025900
2018-03-05,179.29469299316406,180.04009778415332,174.8123309761897,175.12042919668406,16189300
2018-03-06,178.67848205566406,181.2625578542291,178.01258898290803,180.6662280036993,15086800
2018-03-07,182.5844268798828,182.69375352330707,176.97898341720986,177.644876548867,19097300
2018-03-08,181.22279357910156,183.2701694693736,180.33824724305302,182.43531981484873,17225900
2018-03-09,184.09510803222656,184.37339128392716,182.08749531142928,182.7832034406808,18526300
2018-03-12,183.62796020507812,184.95976147951654,183.0912754864967,184.09508170333308,15301200
2018-03-13,180.765625,184.8504436119154,180.00033854834328,184.47276702130333,18067500
2018-03-14,183.06146240234375,183.1210923533246,180.73580332230406,181.48120804016023,16821700
2018-03-15,182.7335205078125,182.8726621441362,181.0737541440578,182.11732399913618,15614300
2018-03-16,183.95596313476562,184.1944981313952,182.28626365425714,183.35964839114098,24403400
2018-03-19,171.5027313232422,176.08448669681098,169.01804869474066,175.92546336891508,88140100
2018-03-20,167.1197509765625,169.15719380705028,160.95774096374294,166.44392456700336,129851800
2018-03-21,168.35214233398438,172.33756749725168,162.29945956649945,163.7902690263902,106598800
2018-03-22,163.87973022460938,169.22677220451092,162.71690055028236,165.11213829331555,73743000
2018-03-23,158.41343688964844,165.57926879826766,158.0457086860566,164.42637233284952,53609700
2018-03-26,159.07933044433594,160.11296699004433,148.10697778373404,159.83468372742294,126116600
2018-03-27,151.287353515625,161.85222865478082,149.8263589514319,155.35229055994236,79117000
2018-03-28,152.09239196777344,154.92493623271588,149.87605930760998,150.72084230281612,60029200
2018-03-29,158.8109588623047,160.4309766936225,153.1955825185551,154.19938878187384,59434300
2018-04-02,154.43792724609375,158.2245810080674,153.1657709996905,156.84309812336548,36796000
2018-04-03,155.15350341796875,156.4256595527594,149.88597386578692,155.5908099327963,42543900
2018-04-04,154.14971923828125,154.60689235795846,149.5878303209049,151.09852163373736,49885600
2018-04-05,158.36373901367188,160.58008698626506,155.6902178992767,160.57013854929093,41449600
2018-04-06,156.23683166503906,160.43097691405157,155.84922180388853,156.76358313877444,41644800
2018-04-09,156.9623565673828,159.54643244925282,155.0839371925453,156.85304509540305,34915200
2018-04-10,164.02880859375,164.96305172760523,156.04800887029288,156.96237029600442,57889300
2018-04-11,165.30096435546875,167.6166750960293,162.24976697136537,164.34683960437596,56144600
2018-04-12,162.86598205566406,166.4240496174458,162.10071067822818,165.9569280414524,38263000
2018-04-13,163.51199340820312,164.6847562918251,162.7665886436065,163.57162336292305,19990600
2018-04-16,163.8201141357422,164.76429060095364,162.3889343645455,164.70466063803724,18119400
2018-04-17,167.62664794921875,167.96456117818911,164.64502852002013,164.81398513450532,22743000
2018-04-18,165.34071350097656,167.08992452796875,164.75433206846935,165.8575317091805,20969600
2018-04-19,167.070068359375,167.29865491813248,164.1878273705437,165.1817004359408,22235000
2018-04-20,165.26123046875,167.39805173072818,164.79410886287178,166.76197350478995,19119400
2018-04-23,164.82391357421875,167.41792300818395,164.07850873877243,166.24516001309252,23088100
2018-04-24,158.7115936279297,165.0823236725205,157.22078401679423,164.41641536741633,35079900
2018-04-25,158.7115936279297,160.07319488653755,155.2330378686136,159.1588334782104,41083600
2018-04-26,173.09295654296875,175.19002955786027,169.75354205397798,172.15871332799793,77556900
2018-04-27,172.5264129638672,176.01491695088666,171.54248838520934,175.72668528408687,29804700
2018-04-30,170.94618225097656,174.6433915919543,170.65796570944855,172.7252085214375,20750500
2018-05-01,172.79476928710938,172.95379261497214,169.1870052583813,170.94616480527756,26025900
2018-05-02,174.99124145507812,176.98892089755932,173.13268847266448,173.18238516000278,30424500
2018-05-03,172.95379638671875,175.04092074056115,171.0654284490904,174.05699610421388,24026100
2018-05-04,175.52792358398438,175.89565176716593,171.9996711507225,172.01955285841595,17677800
2018-05-07,176.87960815429688,178.4002328815113,176.08450659028844,176.2634116457083,18697200
2018-05-08,177.82376098632812,177.9430208972193,176.02485322565795,177.15786787502086,15577200
2018-05-09,181.54086303710938,181.88870952092026,177.6846305784866,178.56917702576555,23282800
2018-05-10,184.3932647705078,184.98959466344922,181.38183065828193,182.02784207121914,21071400
2018-05-11,185.84434509277344,187.16619819723567,183.05154881271824,183.7174571662276,21207800
2018-05-14,185.4964599609375,186.7089862593115,185.05915340541918,186.55991137233877,15646700
2018-05-15,183.19070434570312,184.15474733890852,182.0775561170969,183.74727087735593,15429400
2018-05-16,182.07757568359375,183.1907240318216,181.54089080334094,182.5745123067287,16975500
2018-05-17,182.6341094970703,182.93227445049902,181.10355164524216,181.56072476390665,14840700
2018-05-18,181.56072998046875,183.0614880619029,181.49116674967308,182.36577992744665,13130500
2018-05-21,183.35964965820312,184.1646844251041,182.0079816652275,182.644059828669,13532900
2018-05-22,182.67388916015625,184.28395882045854,182.3061457799224,183.7969555143655,12731400
2018-05-23,185.7548828125,185.7648312496395,181.0638004034114,181.3818470858651,16628100
2018-05-24,184.79083251953125,185.6555124959226,183.89635272635527,184.74115099292237,12354700
2018-05-25,183.78700256347656,185.1883672034754,183.31988101681029,184.88026898446128,10965100
2018-05-29,184.60198974609375,185.66542604656334,182.5844286243238,183.21055834691822,16398900
2018-05-30,186.52017211914062,186.84815207826304,184.11500091754377,185.39709060747612,13736900
2018-05-31,190.60498046875,191.53922360215935,186.33132313788792,186.71893303735564,30782600
2018-06-01,192.8014373779297,193.35800385644762,190.89320295216854,191.88707599675033,17307200
2018-06-04,192.0957794189453,192.7914875119333,190.296871648041,190.66459981891342,18939800
2018-06-05,191.75787353515625,193.80524964340273,191.43982687178223,193.10954152389658,15544300
2018-06-06,190.16766357421875,191.3503749166514,187.95133094432933,189.85956535868738,22558900
2018-06-07,187.0270233154297,189.7999376181759,185.62567384021415,189.58128433389845,21503200
2018-06-08,187.94140625,188.31906770951514,185.28775177026358,186.38101822878045,12677100
2018-06-11,190.36643981933594,191.41995800499538,187.64323733243535,187.65317060355784,12928900
2018-06-12,191.22117614746094,192.09578931817367,190.38632639285325,190.9925895834064,11562700
2018-06-13,191.2311248779297,193.30831599626384,190.73418833295213,191.55910481745084,15853800
2018-06-14,195.60414123535156,196.07126275506923,191.72804263056486,191.9168809255952,19120900
2018-06-15,194.65003967285156,195.86256598691904,193.44744662961122,194.59039455199172,21860900
2018-06-18,197.09494018554688,198.35716306486552,192.94055857820655,193.60645162776743,16826000
2018-06-19,196.27999877929688,196.7471203371474,192.6026562744651,195.03765743720493,19994000
2018-06-20,200.7623748779297,202.30288128257789,197.591917125439,197.8801488294658,28230900
2018-06-21,200.26544189453125,202.14386156176866,198.8640770981777,201.51771661758923,19045700
2018-06-22,200.50393676757812,201.0008732484646,198.088817584515,199.92748862991408,17420200
2018-06-25,195.14698791503906,198.77461863908238,191.92683363357798,198.77461863908238,25275100
2018-06-26,197.78073120117188,197.88012456940254,195.0276986864096,196.38931503773543,17897600
2018-06-27,194.64010620117188,199.52002681040346,194.60035794950832,197.9596387485322,18734400
2018-06-28,195.0277099609375,196.13090968475896,192.07590570436926,193.9841401953821,18172400
2018-06-29,193.12940979003906,196.3893120362382,192.77161490129532,196.11102880780402,15811600
2018-07-02,196.15077209472656,196.24021702332584,191.0422655800935,192.18521344187926,13961600
2018-07-03,191.54916381835938,194.20280325174076,191.34045895393297,193.35802019165703,13489500
2018-07-05,197.2340850830078,197.4328566411461,192.84116843737104,193.54682490885443,19684200
2018-07-06,201.9848175048828,202.39230909868533,196.48870070263683,197.23410549677834,19740100
2018-07-09,203.48558044433594,204.53908348571997,200.88162265483803,203.67440359122764,18149400
2018-07-10,202.2929229736328,203.65453942544679,201.02076662594817,203.24704781704625,13190100
2018-07-11,201.29904174804688,203.2470396072342,200.51388870787042,200.981010256622,12927400
2018-07-12,205.65223693847656,205.8112602872216,201.9450942170028,202.18361407481913,15454700
2018-07-13,206.04977416992188,207.1529587297396,205.185094278149,206.53676227320005,11486800
2018-07-16,205.96031188964844,207.44118822230465,205.57270199926185,206.22866186462363,11078200
2018-07-17,208.70339965820312,209.17052118798205,203.58494453719774,203.64457449158675,15349900
2018-07-18,208.0772705078125,209.69728849568628,207.1629090858205,208.5344588014584,15334900
2018-07-19,206.81504821777344,208.70341619306055,206.4870682773504,207.4908898067572,11350400
2018-07-20,208.65371704101562,210.20415662084912,207.2225373780002,207.57039902245245,16163900
2018-07-23,209.61778259277344,210.323424012759,207.52070971082577,209.28980264456737,16732000
2018-07-24,213.354736328125,214.8753609562686,211.29742689928952,213.79204291810353,28468700
2018-07-25,216.1674041748047,217.2805372192685,212.95719823495259,214.39831122972456,58954200
2018-07-26,175.18003845214844,179.02633703153194,172.68542283927238,173.81843738107355,169803700
2018-07-27,173.81845092773438,178.82756424890258,171.94003153663397,178.7679342944706,60073700
2018-07-30,170.01193237304688,174.22595983389866,165.53950336218676,174.22595983389866,65280800
2018-07-31,171.52261352539062,173.17244643514718,168.9584192255435,169.6243123520671,40356500
2018-08-01,170.59829711914062,174.00728944975336,169.8528923571893,172.86432638224875,34042100
2018-08-02,175.28936767578125,175.70679249574846,169.22675176829816,169.6342281529557,32400000
2018-08-03,176.6907501220703,177.75420156796116,175.0707321930325,176.60130518698583,24763400
2018-08-06,184.5522918701172,184.65167007743958,177.28708219126474,177.873463659955,49716200
2018-08-07,182.6837921142578,187.1462873049429,182.59434718470757,185.35731288744674,33398600
2018-08-08,184.04541015625,185.70519154965328,182.63411219879606,183.6180520100765,22205200
2018-08-09,181.96820068359375,185.4268895808976,181.36193755779897,184.71129982044152,19732100
2018-08-10,179.15554809570312,180.9842860084467,178.32069838473484,180.92464088740695,21500400
2018-08-13,178.94686889648438,181.49118180805544,177.80390564155283,178.9965655884903,17423300
2018-08-14,180.00035095214844,180.8749641000256,177.5256015670684,179.60280779327667,19102000
2018-08-15,178.43003845214844,179.76182478157125,173.70914117364055,178.2412001345601,33020200
2018-08-16,173.62962341308594,179.39409028923487,172.94384856392568,179.31457862328733,31351800
2018-08-17,172.7351531982422,175.14032435538968,170.9859267819164,173.43086135687156,24893200
2018-08-20,171.44309997558594,173.50042445463654,169.86284547635233,172.9736577895929,21518000
2018-08-21,171.56239318847656,173.10289973772356,170.33993335417435,171.7512315298123,19578500
2018-08-22,172.57611083984375,173.17244071883977,171.0753680369455,171.1548796984982,16894100
2018-08-23,171.84063720703125,174.47440978032174,171.7710739823496,172.02947550520776,18053600
2018-08-24,173.57992553710938,173.7488973044026,171.86052937300911,172.63574915406238,14631600
2018-08-27,176.37271118164062,177.57528903222553,174.7129299080257,174.9117166424385,17921900
2018-08-28,175.18003845214844,177.14791778682743,174.75268036849332,177.00877618223072,15910700
2018-08-29,174.82228088378906,175.7068273799935,173.67933282829256,175.21983924266232,18494100
2018-08-30,176.5515899658203,178.68841073898705,174.62347401927295,174.8222455759144,24216500
2018-08-31,174.6533203125,176.5317399153918,173.90791546745882,176.0646183326086,18065200
2018-09-04,170.11129760742188,172.82456651217825,167.7657568409368,172.4369566686416,29809000
2018-09-05,166.15570068359375,170.08151163419504,165.6488308526299,168.45156032634827,31226700
2018-09-06,161.53419494628906,165.95692724153665,159.0196971975764,165.95692724153665,41514800
2018-09-07,162.0410614013672,163.62133113502875,159.1787172237477,159.32779212064983,24300600
2018-09-10,163.174072265625,163.9989887280625,161.16645959662233,162.50817913299943,20197700
2018-09-11,164.92330932617188,166.1656507364687,162.7169097682607,162.93556306969697,20457100
2018-09-12,161.00741577148438,163.4821648437754,160.80864421717166,162.24975694256065,24078100
2018-09-13,160.37136840820312,162.319366410206,159.87443184461367,161.00744660298562,25453800
2018-09-14,161.32546997070312,161.8422730031393,159.35759054424082,160.72914011444823,21770400
2018-09-17,159.59613037109375,161.06705818519038,158.79109565638748,160.92791656987447,21005300
2018-09-18,159.31784057617188,160.76888662392278,157.89659433908372,158.41341253123377,22465200
2018-09-19,162.06094360351562,162.4386202305523,158.50287612203812,159.09920604206445,19629000
2018-09-20,165.0028076171875,165.43016574833354,163.4623013602697,163.49211633847528,18936000
2018-09-21,161.93173217773438,166.22527112377293,161.81247226211093,165.6190079438545,45994800
2018-09-24,164.3965301513672,164.68474663738343,159.8942868503659,160.04336172842636,19222800
2018-09-25,163.89959716796875,164.57542351666055,160.16262504833765,160.9974898791839,27622800
2018-09-26,165.92709350585938,168.2627011105619,163.20389120496188,163.29333613485304,25252200
2018-09-27,167.80552673339844,170.7175827358734,166.1855239297864,166.5234371364,27266900
2018-09-28,163.45236206054688,167.7558188526813,161.56399424048206,167.29864576019202,34265600
2018-10-01,161.44476318359375,164.86368937884632,160.27198493508206,162.0311447251989,26407700
2018-10-02,158.35379028320312,161.28571266260136,157.69783044955776,160.59000458084057,36031000
2018-10-03,161.4347686767578,162.65724326889858,158.55254331843108,159.019664796996,23109500
2018-10-04,157.87672424316406,160.47073325041865,156.38591481750737,160.47073325041865,25739600
2018-10-05,156.3660430908203,159.91416186435407,155.24296173226014,158.23452920977735,25744000
2018-10-08,156.28652954101562,157.3698474733612,153.44405214911083,154.58700003511967,24046000
2018-10-09,156.93255615234375,159.60607721316583,156.4555013114532,156.72385129427286,18844400
2018-10-10,150.4525146484375,156.72385147955237,150.38293625213163,155.85918673592226,30610000
2018-10-11,152.4104461669922,153.86149240247943,148.24611544564587,149.21017356723536,35338900
2018-10-12,152.79806518554688,155.92875957563194,150.3730122469904,155.7697362302477,25293500
2018-10-15,152.5793914794922,154.61683421961345,151.61533342926847,152.380619906985,15433500
2018-10-16,157.80715942382812,158.48300097418212,154.0602538322762,154.4478637096575,19180100
2018-10-17,158.44322204589844,159.5066733695038,156.98222761298683,158.58236365068538,17592000
2018-10-18,153.97080993652344,157.68790057527707,152.34085875330564,157.53881051971075,21675100
2018-10-19,153.10617065429688,156.38595527223276,152.60923405052785,154.90507873349247,19761300
2018-10-22,153.8316650390625,156.3759775473986,153.5136335581699,153.81178333235084,15424700
2018-10-23,153.44407653808594,153.82175319171404,149.92577222505352,150.29350044129083,19095000
2018-10-24,145.1452178955078,153.70246571885866,144.70792647926487,153.33473753224314,27744600
2018-10-25,150.025146484375,151.2774363385076,146.0993506397016,146.82487378094797,22105700
2018-10-26,144.4793243408203,148.08708846298214,142.91895149599168,144.92657935767977,31303300
2018-10-29,141.21942138671875,147.91813136222262,138.17817220798156,147.590151428102,31336800
2018-10-30,145.32411193847656,145.7415367805516,138.8838191152783,139.08259068312853,50528300
2018-10-31,150.86000061035156,155.44175649448528,148.04735290692562,154.05034013359256,60101300
2018-11-01,150.8202362060547,151.81410926177827,148.4349469384378,150.59164964952208,25640800
2018-11-02,149.42880249023438,153.18564098757363,148.04731971121595,150.86991521916335,24708700
2018-11-05,147.76904296875,149.26980103259015,146.5366500493896,149.18035609463007,15971200
2018-11-06,149.02134704589844,150.04503520814475,147.09323065011762,148.39520208955898,16667100
2018-11-07,150.60159301757812,152.07252099238283,148.91201174263077,150.6413564350406,21877400
2018-11-08,146.96400451660156,150.01520208988154,145.8409382713022,149.56796224598006,24145800
2018-11-09,144.07183837890625,146.854670678078,143.1872920055341,145.85086439625522,17326900
2018-11-12,140.6827392578125,144.15134664438642,139.62923620634993,143.59478013910808,18542100
2018-11-13,141.28900146484375,143.99233747044582,140.752301506142,141.1299781315025,15141700
2018-11-14,143.33636474609375,144.68803262773483,140.68272566568854,142.81954654171082,22068400
2018-11-15,142.96865844726562,143.95258315827772,139.9671572931534,141.45796701558456,30320300
2018-11-16,138.67510986328125,140.9013910255869,136.92589869916233,140.20568290152255,37250600
2018-11-19,130.74400329589844,136.90601319806927,130.40609009718665,136.76687157711152,44362700
2018-11-20,131.61859130859375,133.33800248100366,126.07278584947329,126.25168328897067,41939500
2018-11-21,133.99395751953125,136.3494315426874,133.30818276208134,133.5765175378071,25469700
2018-11-23,130.92288208007812,133.67591445301474,130.45576057099618,132.83111636247128,11886100
2018-11-26,135.54440307617188,136.1605994763812,131.96645425008927,132.18510752086644,24263600
2018-11-27,134.17286682128906,135.77300309888088,132.890777211062,134.91827163696288,20750300
2018-11-28,135.92208862304688,135.95190360478094,131.04218290719166,135.44503375000073,29847500
2018-11-29,137.83030700683594,139.13229343846845,134.82882132111916,135.08722285407183,24238700
2018-11-30,139.7484893798828,140.10628428247927,136.5184019855785,137.41288165942004,25732600
2018-12-03,140.2255401611328,142.79966763241217,139.89756024607925,142.12384126100392,24819200
2018-12-04,137.0848846435547,142.51143746214944,136.319613413793,139.86773185398027,30307400
2018-12-06,138.77450561523438,138.8440688461828,132.85101527464064,133.00010533861578,28218100
2018-12-07,136.57803344726562,140.00689245518598,135.82269538470237,138.3968229584041,21195500
2018-12-10,140.98089599609375,142.1735406043168,138.15828505276383,138.74468166868846,26422200
2018-12-11,141.20947265625,142.99844702591955,140.23548139704576,142.99844702591955,20300300
2018-12-12,143.6146697998047,146.2881909927682,141.63685677696347,142.20337175032782,23696900
2018-12-13,144.1215362548828,144.95640120468934,142.31269505511946,144.6781179431873,18148600
2018-12-14,143.17735290527344,145.1154023704563,141.63684660437949,142.46176307731366,21785800
2018-12-17,139.3310546875,144.03206960945093,137.5718952767821,142.20334697649005,24334000
2018-12-18,142.77980041503906,145.03588123123276,138.97326496267044,140.2156062265519,24709100
2018-12-19,132.42364501953125,144.02214120078727,131.6881735342476,140.3448141049661,57404900
2018-12-20,132.58262634277344,134.73934367869296,129.20346486623623,129.8991727978415,40297900
2018-12-21,124.18444061279297,134.07347490887454,122.6638159854555,132.5727319897892,56901500
2018-12-24,123.29988861083984,128.9450954415947,122.26625972511357,122.34577138924243,22066000
2018-12-26,133.35787963867188,133.41752476100135,125.11867866085694,125.22800530384528,39723400
2018-12-27,133.69580078125,134.16292230648276,128.8755106444007,131.62854311252383,31202500
2018-12-28,132.38388061523438,135.08721638944445,131.39000761487182,134.51076822939834,22627600
2018-12-31,130.2867889404297,133.81504060923046,129.1537744921837,133.62620234030675,24625300
2019-01-02,134.8487091064453,136.66749889050612,127.77233674334222,128.1997101072316,28146200
2019-01-03,130.932861328125,136.32958554541443,130.3166496293639,133.86478424627478,22717900
2019-01-04,137.1047821044922,137.15447878928725,132.93051839179108,133.18891992130673,29002100
2019-01-07,137.20416259765625,138.01913052367522,135.0772751096051,136.71715939684776,20089300
2019-01-08,141.65673828125,142.26300150690102,138.68505211530467,139.03291378251288,26263800
2019-01-09,143.3463134765625,143.81343504844793,140.40445758266705,142.07415711726176,22205900
2019-01-10,143.3164825439453,143.6742774280033,139.97706868117015,142.20334964478639,16125000
2019-01-11,142.9189453125,144.46938481898627,141.6964857270472,142.27291874126473,12908000
2019-01-14,144.49920654296875,145.67198466371724,140.40445430489365,141.12997740725265,20520300
2019-01-15,148.0373992919922,149.7567955560964,145.09554332747982,145.11540987101137,24069000
2019-01-16,146.6360321044922,148.73310497503223,146.09934729735642,148.08709351908917,18025700
2019-01-17,147.39137268066406,148.0870807652936,145.6023982021175,146.04963803042943,15787900
2019-01-18,149.12071228027344,151.4960683671944,147.639851076708,148.83249575588215,31029600
2019-01-22,146.66586303710938,150.60159208469676,145.47320316542812,148.28586590411265,22378700
2019-01-23,143.4158935546875,147.88832257303346,142.18348543234632,147.37150430685165,20098400
2019-01-24,144.93653869628906,145.54280198886863,141.64682064642216,143.75382709557627,20955500
2019-01-25,148.09703063964844,148.9120138910839,145.64216277878384,146.57640595372672,22237200
2019-01-28,146.5664825439453,148.04735907677573,145.31420776695353,147.1429308218531,15508500
2019-01-29,143.3065643310547,147.19261178130307,142.5512110712888,147.1826633445378,17632100
2019-01-30,149.4983673095703,150.02511875981267,144.80728577264753,145.32410395289773,44613200
2019-01-31,165.66871643066406,170.62813370238104,163.98906839459858,164.58539834579008,77233600
2019-02-01,164.69471740722656,168.0639465959796,164.6450207193677,164.82391059729974,30806500
2019-02-04,168.21302795410156,168.26272464386895,162.61751735596704,164.68477529482544,20036000
2019-02-05,170.11129760742188,170.9262655397281,167.65643020992403,168.11360327394277,22557000
2019-02-06,169.4454345703125,171.41329911187162,168.23290814437698,170.15107599661738,13281200
2019-02-07,165.36061096191406,168.2030886299024,164.23752950784493,167.16945211501576,17517600
2019-02-08,166.30479431152344,166.3445425643853,163.20391496807667,163.46231652493037,12561400
2019-02-11,164.77418518066406,167.2688159224156,164.06854389811798,166.87125765415973,12811200
2019-02-12,164.02880859375,167.30859283366522,163.49212379626928,165.83766490232927,16292300
2019-02-13,163.06475830078125,165.20157928833433,162.7268299387591,164.36672956750144,14205100
2019-02-14,162.9454803466797,163.85984171506803,161.255899227586,162.19014230287164,12755200
2019-02-15,161.50437927246094,163.69089706647424,159.8744279898001,163.50205875041536,15504400
2019-02-19,161.295654296875,163.14425881872185,159.34767156693718,159.51662816946143,14345400
2019-02-20,161.5640106201172,162.7169070694227,160.2620392701688,161.2559123819218,11770700
2019-02-21,159.05943298339844,161.2459657807431,158.6121931531412,160.93785240271805,15607800
2019-02-22,160.8981170654297,161.4149353285737,159.32779573282681,159.5961457186343,15858500
2019-02-25,163.6113739013672,165.05250193200075,161.90191107073753,162.07088283187446,18737100
2019-02-26,163.1243896484375,165.2214624046784,162.79640971989184,163.33309449777607,13784100
2019-02-27,161.81248474121094,162.9256178136742,159.42719525298946,161.90192968482657,12697500
2019-02-28,160.4608154296875,162.4982583998714,159.87443391672403,161.375176898707,11114200
2019-03-01,161.2857208251953,162.13051900206605,160.69933935269893,161.60376748741004,11097800
2019-03-04,166.3445281982422,166.47373654816042,162.82622425974708,162.8957874875728,18894700
2019-03-05,170.21070861816406,170.82692027780752,165.52957461799716,166.3445427074215,28187900
2019-03-06,171.45303344726562,172.5065516132874,170.2206405778765,171.84064332800884,21531700
2019-03-07,168.09376525878906,170.68777470274148,166.5830738735175,170.4492396949722,18306500
2019-03-08,168.56085205078125,168.58071859002024,164.95308852498331,165.18167504860855,13184800
2019-03-11,171.0157470703125,173.23207977837197,170.52874380469333,170.54862551245114,18884000
2019-03-12,170.8666534423828,172.73513963481423,170.17094533838153,171.03561004154747,12155300
2019-03-13,172.30776977539062,172.96372964309893,171.0654284344126,171.26421518120875,11973300
2019-03-14,169.12738037109375,170.1013717441735,167.1297009378252,168.71988876821868,18037400
2019-03-15,164.96304321289062,166.55324614570912,161.51430254501352,166.13582128803657,37135400
2019-03-18,159.48681640625,162.89579383502647,158.30410499943372,162.56782905988402,37524200
2019-03-19,160.580078125,162.81629251754023,159.83467332748657,160.4906180236708,25611500
2019-03-20,164.42636108398438,165.10218748384236,160.25209727491628,160.5104988103974,20211500
2019-03-21,165.06243896484375,165.3705371857643,162.7467129244643,163.8797276017234,16223000
2019-03-22,163.3330841064453,166.3942147461548,163.08461585807893,164.63505530143735,16389200
2019-03-25,165.27113342285156,165.51960167123627,161.00742495330098,162.00129794683988,12631200
2019-03-26,166.65261840820312,168.41177787554443,165.33078065535696,166.32465366160423,15437900
2019-03-27,164.85372924804688,167.90492699998939,163.7803444606518,166.8216089409213,10620300
2019-03-28,164.5356903076172,165.69851998346974,162.32929087180477,163.5616989421278,10443000
2019-03-29,165.66871643066406,166.1656530015568,163.80023007121122,165.3705514550683,13455500
2019-04-01,167.6663818359375,167.86515341445914,166.25508391354475,166.80171712845376,10381500
2019-04-02,173.13267517089844,173.82838324428403,168.5111717442027,169.09755317996348,23946500
2019-04-03,172.47671508789062,176.86964712749852,171.89033365300446,173.43083984803815,27391100
2019-04-04,174.94151306152344,176.909377168008,174.4545098783518,174.94151306152344,17847700
2019-04-05,174.6433868408203,175.91554322834364,174.02719035585443,175.7962833061697,9594100
2019-04-08,173.85821533203125,174.42473028237788,173.1625071901758,174.13651375407352,7297400
2019-04-09,176.49197387695312,178.09211005633205,174.47441284625347,174.54397607215748,19751000
2019-04-10,176.73048400878906,177.69452675690482,175.45831276162164,177.0882636893495,11701500
2019-04-11,176.42239379882812,177.30694017739967,175.91552401963503,177.14793202029708,8071000
2019-04-12,178.002685546875,178.52943709816685,176.85972233600916,176.90941902609907,12329800
2019-04-15,178.54930114746094,179.3940993712852,175.78633506842917,177.40635311786377,10834800
2019-04-16,177.77407836914062,179.06611644546476,177.20757858228092,177.9032867263631,11215200
2019-04-17,177.68463134765625,179.63262929356938,177.26720646609627,178.4996145678209,9973700
2019-04-18,177.1876983642578,177.78402830151597,176.2534552063602,177.70451663219487,11655600
2019-04-22,180.32833862304688,180.55692519094507,177.15788099120232,177.15788099120232,13389900
2019-04-23,182.6540069580078,183.09131357204623,180.36809567163482,181.62038555098133,19954800
2019-04-24,181.4613494873047,184.00566215576703,180.53703963327595,183.35965071731985,37289900
2019-04-25,192.07589721679688,197.26391567088962,190.94288256390874,195.77310611891582,54148800
2019-04-26,190.31674194335938,191.71809131617258,187.93143769790004,191.32054819124508,22075000
2019-04-29,193.5865936279297,194.2127385093188,189.48189303268884,189.78005798407887,19641300
2019-04-30,192.2150115966797,196.18056990248732,191.1018788085078,193.0001796753556,23494700
2019-05-01,191.84730529785156,194.97799920329038,191.82742359143109,193.58658305982837,15996600
2019-05-02,191.35037231445312,192.81136687461355,188.58740651782432,191.81749384948668,13209500
2019-05-03,194.27236938476562,194.9581442266142,192.5231582484689,193.18905138271765,14575400
2019-05-06,192.69212341308594,193.08966659095225,189.38252413706346,190.06829900938794,13994900
2019-05-07,188.60728454589844,191.71809674146715,186.69905019471008,191.36030185278818,16253000
2019-05-08,188.37867736816406,189.55145536685654,187.39475282682767,188.22960248774888,12505700
2019-05-09,187.49415588378906,188.60730407789947,185.11879976068846,186.05304290928285,12967000
2019-05-10,187.18603515625,188.83586795808168,183.45901144655102,187.09659022688882,12578500
2019-05-13,180.42770385742188,184.29386935173696,179.73199576692153,182.37570167612182,16833300
2019-05-14,179.62266540527344,182.36576462712887,177.00878969331092,181.4017065912302,17628100
2019-05-15,185.12875366210938,186.13256007198422,178.9170465495904,179.3145897386714,16746900
2019-05-16,185.84434509277344,187.42459975577464,183.91622876243457,183.91622876243457,12953100
2019-05-17,184.1646728515625,186.43070211424896,183.15091812921372,183.70748459158602,10485400
2019-05-20,181.60049438476562,183.1012373090636,180.25875963113697,180.76564461887668,10352000
2019-05-21,183.68760681152344,184.56220469946896,182.76329707747354,183.4391385727882,7502800
2019-05-22,184.18455505371094,185.59585292003743,182.48502551947416,183.59815844721365,9213800
2019-05-23,179.7618408203125,182.77327540290761,178.5691960134444,181.30234731328034,12768800
2019-05-24,179.95065307617188,182.50491410919793,179.72206651959695,181.21287610345826,8807700
2019-05-28,183.18075561523438,183.5783139695646,180.33827783430075,180.42772277703733,14843300
2019-05-29,181.07373046875,183.4292047061461,180.23888075996393,182.37570171668284,12797700
2019-05-30,181.88870239257812,182.35582394179727,179.781696368219,181.95828078579342,8581500
2019-05-31,176.38265991210938,179.43384243695849,176.0745616781829,179.17544089099113,15226500
2019-06-03,163.14425659179688,173.97748203560818,160.02349579270762,173.9277853495913,56059600
2019-06-04,166.47372436523438,167.2489440774128,159.85452667020485,162.70695243889548,46044300
2019-06-05,167.13963317871094,167.6862664029417,163.62132916645223,166.4538583306123,19758300
2019-06-06,167.2986602783203,168.66026156864373,166.20539380523584,167.2688452986271,12446400
2019-06-07,172.2878875732422,172.80469060509972,167.80551071661705,169.12736360310686,16917300
2019-06-10,173.74891662597656,176.77028442077497,172.7351617359812,173.67933822402435,14767900
2019-06-11,177.00880432128906,178.87727542786163,175.70681782772476,177.38646578506123,15266600
2019-06-12,173.96754455566406,178.17163877961696,171.82079013834593,177.28709230788533,17699800
2019-06-13,176.38265991210938,176.93922642053136,173.54018224526854,174.45454367557608,12253600
2019-06-14,180.21900939941406,180.72587921628391,178.89715636863207,179.40402618550192,16773700
2019-06-17,187.8519287109375,188.33893193640182,183.28012204807192,183.8764367439422,29459900
2019-06-18,187.31529235839844,193.33816181787228,186.13258076623268,192.81141020939037,37571400
2019-06-19,186.33131408691406,186.94752568674323,183.4192733466488,185.85425927196496,21417100
2019-06-20,188.36875915527344,189.98877709000666,186.49033968539905,189.78005707544315,14635700
2019-06-21,189.9689178466797,190.82364938281893,187.59356156774518,187.59356156774518,22751200
2019-06-24,191.4199676513672,192.79150223505673,190.39627955808652,191.24106260505104,15509000
2019-06-25,187.6829833984375,191.95664055278453,186.97734202446696,191.6982390189121,16750300
2019-06-26,186.5102081298828,189.59120528627062,186.16234651878017,188.3786790305334,12808600
2019-06-27,188.3389434814453,197.66147756840945,187.1164838729419,188.71662009435664,11159000
2019-06-28,191.8175048828125,192.01627646621145,188.7762556774397,189.38251886425127,16378900
2019-07-01,191.8175048828125,194.08353429721967,190.75405340541369,194.01397106741493,14181800
2019-07-02,193.80523681640625,193.80523681640625,191.5292742978065,191.81749079777646,9050000
2019-07-03,195.99176025390625,196.19053182864255,192.97039288813693,192.97039288813693,10246100
2019-07-05,195.19667053222656,195.86257885386615,192.98033776825437,194.97801723727326,11164100
2019-07-08,194.56057739257812,195.47493875328945,192.45357143812586,193.99407765580318,9723900
2019-07-09,197.9894561767578,198.23792443827082,193.6959173384694,193.77542900198947,14698600
2019-07-10,201.4878692626953,201.71647097195867,198.44662030583783,198.77460021603008,20571700
2019-07-11,199.99705505371094,202.55131588571012,198.98331553548465,202.0146159851921,13678500
2019-07-12,203.61477661132812,204.04214992916584,197.93976971774526,198.456572809377,15366300
2019-07-15,202.66065979003906,204.07195771878594,200.583468729332,202.9985729915772,16030300
2019-07-16,202.591064453125,204.2110822622177,201.8556081542618,202.64076113514773,12132700
2019-07-17,200.56358337402344,203.1078959409991,200.35486336198755,202.92899090706845,12083700
2019-07-18,199.54983520507812,201.22948313180962,198.15841896327078,198.923690313615,11937900
2019-07-19,197.14468383789062,201.09036156063365,196.85646728952477,200.94127148502275,12098300
2019-07-22,201.08042907714844,201.3288973721734,197.59192450920514,198.68519107343548,13589000
2019-07-23,201.12014770507812,202.9886338613199,199.7287315240251,201.59720251496788,14583700
2019-07-24,203.4060516357422,203.555126519488,196.0116340959808,196.41912566528399,32532500
2019-07-25,199.4802703857422,207.3815582525798,197.0452692340373,205.4335603642758,39889900
2019-07-26,198.526123046875,201.63695025339592,195.0475676993703,198.9634295741518,24434000
2019-07-29,194.73947143554688,198.40686510749612,194.10339334375203,197.7807202858566,16530800
2019-07-30,195.8327178955078,197.49249905475855,192.3144143521833,194.19283360668575,11903600
2019-07-31,193.0399627685547,197.5422065770947,191.4994564719773,195.74329874098353,14593500
2019-08-01,191.54916381835938,197.25400103572076,189.7105076297298,192.98034354991347,17777000
2019-08-02,187.86187744140625,191.43981111813687,186.91770113082308,189.92913508732317,15297000
2019-08-05,180.61654663085938,184.532408906842,178.2411906282358,183.55841755603342,23086700
2019-08-06,183.37950134277344,184.65165756658234,181.968203505901,182.56453337062948,18035700
2019-08-07,184.0155792236328,185.22810549250613,180.10966562699048,182.47508821139886,15833200
2019-08-08,188.99490356445312,189.17379343480687,182.92233859866775,185.47658446116967,14828900
2019-08-09,186.69906616210938,189.8098786237297,185.97352788685143,188.83588724108594,11058800
2019-08-12,184.2342529296875,186.4406524397089,183.32983992824995,185.7051960465685,10930900
2019-08-13,187.29537963867188,190.2074356606223,184.23424872024776,184.38333878202118,13577000
2019-08-14,178.60894775390625,184.85046982814407,178.21138940074746,184.66163150605624,18903700
2019-08-15,181.47128295898438,182.07754614747478,178.9269702877131,179.84133170611997,12925900
2019-08-16,182.57449340820312,183.96592490813347,181.24270703572887,182.6241900984329,12654600
2019-08-19,185.0293426513672,186.3511956187924,183.71743812016643,184.87031932476737,9691200
2019-08-20,182.6837921142578,184.86037639176993,181.27249428637148,184.31374321346578,10083400
2019-08-21,182.42539978027344,184.7609923283615,182.0179081936316,183.86651265722975,8398200
2019-08-22,180.92465209960938,182.9819766919546,178.807712713128,182.30613509931223,10821400
2019-08-23,176.66094970703125,182.00799202504035,175.57763162979387,179.73201405382733,17323400
2019-08-26,179.2549285888672,179.3940701973668,177.1479227557879,178.30080386965702,8773600
2019-08-27,180.189208984375,182.91241176786306,179.900977272138,180.81533876987058,14399600
2019-08-28,180.64637756347656,180.83521588767096,177.82378146841458,179.42391784013998,9386100
2019-08-29,184.43304443359375,184.93991427154026,182.34590478971893,182.64406976245826,10128700
2019-08-30,184.5323944091797,185.6554757296724,182.33594361556084,185.63559402378542,10774500
2019-09-03,181.2725067138672,184.53240913577218,180.99422347043378,182.8726429462589,9779400
2019-09-04,185.993408203125,186.59967139055317,182.76332068238307,183.51865876618712,11308000
2019-09-05,189.73036193847656,190.18755022085793,186.7885061602553,187.37488762861233,13876700
2019-09-06,186.34127807617188,189.04461419534996,185.20826331778844,189.04461419534996,15226800
2019-09-09,187.60348510742188,187.82213840755375,184.71132584713274,186.57979700466828,14722400
2019-09-10,185.0293426513672,186.94752551089218,183.41927317411654,186.29156566264223,15455900
2019-09-11,187.33514404296875,188.27932044464956,184.93990625832285,185.3175828851151,11761700
2019-09-12,186.32139587402344,189.76018839242428,186.0828608646215,188.6967520351039,11419800
2019-09-13,186.04312133789062,186.81834119817967,185.39709467744902,186.18226297524248,11441100
2019-09-16,185.07904052734375,186.6394133294086,184.63180068804104,185.78468190005933,8444800
2019-09-17,186.92764282226562,187.16617781091293,184.40319681297032,185.51634492802532,9671100
2019-09-18,186.98727416992188,187.92151725912058,184.87031973015456,186.93757748458808,9681900
2019-09-19,188.97503662109375,189.92916150008764,186.99722362985563,187.50410863272447,10392700
2019-09-20,188.7662811279297,191.9168717084311,186.9673735242759,189.4918192966534,19934200
2019-09-23,185.6753692626953,188.93527163209313,184.07523305607694,188.1799184132552,13327600
2019-09-24,180.1693115234375,186.8878881143479,179.28476508495004,186.82825815573298,18546600
2019-09-25,181.68002319335938,182.2962197217506,176.78022045297004,180.3382883131447,18068300
2019-09-26,179.00648498535156,180.28857461403854,176.58143219032812,180.2190113828633,16083300
2019-09-27,176.01490783691406,179.6524713563532,174.58372834355535,179.3841365753219,14656200
2019-09-30,176.98890686035156,177.57528829465735,175.76644730834317,176.7801868562045,10740000
2019-10-01,174.7328338623047,178.738141392859,173.80853912385396,178.05236650159526,17073000
2019-10-02,173.53024291992188,175.44841065276506,172.0294848885332,173.76876274932445,16151700
2019-10-03,178.28094482421875,178.73811791480915,172.56617503474888,174.49429109451344,16086300
2019-10-04,179.34439086914062,179.8711423783781,177.00879827438746,178.44991118013718,10430200
2019-10-07,178.5791015625,180.0699111309704,176.99884705959315,178.89714821645063,9178300
2019-10-08,176.66094970703125,179.264892467257,176.6311347262119,177.16781954626052,9466900
2019-10-09,178.74807739257812,179.612742109068,176.84977619253073,178.0623025490312,7556900
2019-10-10,178.92698669433594,180.49730813253538,178.07225515620968,179.2152184079966,8605000
2019-10-11,183.06146240234375,185.34737323682882,181.02401980714407,181.03395307720828,14930500
2019-10-14,182.1570587158203,183.48884501670335,181.45141731451207,183.07142013875344,7006000
2019-10-15,187.73268127441406,189.21355758999005,182.53472942859258,182.67387105006756,15039100
2019-10-16,188.38865661621094,188.5377315210085,185.75488369748243,187.16619690096897,10516900
2019-10-17,189.22348022460938,189.67072004240345,187.61341081443132,189.13403529411028,9603000
2019-10-18,184.71133422851562,190.31677828607312,182.7931511294656,189.06448838934898,16874200
2019-10-21,188.59735107421875,188.74644113608863,185.60579854908016,185.89401507088232,8122600
2019-10-22,181.22279357910156,189.48187552738244,180.3879439245767,188.83586416346873,19537600
2019-10-23,185.00946044921875,185.23806216758155,180.88489339667785,180.8948266675766,12300400
2019-10-24,185.23806762695312,185.58591410224986,181.68000021675812,183.48884131807986,11413500
2019-10-25,186.73880004882812,187.84199970130487,183.95595257574905,184.69142406583313,8061200
2019-10-28,188.23956298828125,188.3687713468641,183.94603899295433,186.05304515587306,13657900
2019-10-29,188.1501007080078,191.35037307485777,187.31525100325536,190.5155233701053,13574900
2019-10-30,187.0966033935547,189.28312109072493,184.84050730289707,188.3985746746529,28734600
2019-10-31,190.47576904296875,196.8763140820049,187.0966066490265,195.4948311122974,42286500
2019-11-01,192.43370056152344,192.92070382938306,188.74643993371373,191.66842921027217,21711800
2019-11-04,193.5269775390625,196.16073527359697,192.62254934897692,193.35802092640373,16371300
2019-11-05,193.12940979003906,194.55064090916372,192.41382001255158,194.17296431401795,9942000
2019-11-06,190.3763885498047,193.17910270591227,190.17761696995228,192.84118950363325,10973000
2019-11-07,189.25331115722656,192.25481212229386,188.30913475888116,190.73418751441235,13473000
2019-11-08,189.6707305908203,191.16154017657664,188.53771591225745,188.8358808624686,10760800
2019-11-11,188.44825744628906,188.91537896284422,187.38480607212782,188.76628891579358,8631200
2019-11-12,193.27850341796875,193.86488490865514,188.57748789036248,188.8358894374531,17615500
2019-11-13,192.00633239746094,194.5009482342277,191.55909256863885,193.5070752078236,10860700
2019-11-14,191.96658325195312,192.84119643309091,190.277002014546,191.74792995666868,9040500
2019-11-15,193.90464782714844,194.10341941403823,192.19518488235616,193.0697828977313,11524300
2019-11-18,196.19053649902344,197.41301128508627,191.86719777571892,193.3679406407976,16167200
2019-11-19,198.09878540039062,198.77461180117092,195.6538510025045,196.19053578163593,19056800
2019-11-20,196.2998809814453,198.36713895943637,194.23262300345428,197.36333253445594,12355400
2019-11-21,196.71726989746094,197.87016618364936,195.65383370430118,196.21040014168923,12131000
2019-11-22,197.6018524169922,198.07890724759227,196.40919259254255,197.16454583673394,9959800
2019-11-25,198.56588745117188,199.73866552115163,198.02920268375675,198.29755265011383,15272300
2019-11-26,197.7509002685547,198.92366305950029,196.8265905475421,198.77458818448096,11735500
2019-11-27,200.7623748779297,201.8953896542921,198.1981803492567,198.67523521159333,12736600
2019-11-29,200.4045867919922,202.5513564938594,199.97722860525164,200.36483853764702,7985200
2019-12-02,198.47647094726562,200.94127218656573,196.83658626692875,200.89159065982312,11503400
2019-12-03,197.6018524169922,197.7111638967571,193.88476165009672,196.38932605002145,11595300
2019-12-04,197.4925079345703,198.8044123915553,196.83654812342868,198.7745974151669,8456300
2019-12-05,198.13853454589844,200.056702279109,196.99558658899363,198.63547107764825,9740400
2019-12-06,199.8181915283203,200.3350097911054,198.83425169124297,199.27155828549957,12270600
2019-12-09,200.10641479492188,201.89538948379936,198.98334845672986,199.42063990041046,11954800
2019-12-10,199.63926696777344,200.81204500730263,198.92367718626718,200.42443513942828,9475700
2019-12-11,201.020751953125,201.38849528363693,199.05288761601594,199.05288761601594,8036800
2019-12-12,195.54454040527344,202.41220744621847,192.91078264890842,201.11023605853234,23734800
2019-12-13,192.9207000732422,195.5942210281803,191.9864569714111,195.19666270543337,18798000
2019-12-16,196.7073516845703,197.89999630816615,193.61640590112577,194.0735941755754,14911500
2019-12-17,197.1744842529297,197.78074745223446,194.9283365001661,197.62172411611846,10175700
2019-12-18,201.25927734375,203.0482517309763,198.8640398354442,198.8640398354442,23274400
2019-12-19,204.79747009277344,205.03600507477253,201.26921787285923,201.53756783194586,16514600
2019-12-20,205.03602600097656,206.43739072831104,202.18359985765667,206.20878899357695,27306900
2019-12-23,204.91676330566406,207.31200128964647,204.41982671970757,205.4335816013431,13348900
2019-12-24,203.8632354736328,205.5230016498251,203.7439755603469,205.0360135603748,6046300
2019-12-26,206.51687622070312,206.5467063645433,204.0520752810987,204.31049198218503,9350700
2019-12-27,206.82498168945312,207.64988295123368,205.32422372229124,207.39148142533966,10284200
2019-12-30,203.15757751464844,206.6261844754771,202.6506925939649,206.5864362293931,10524300
2019-12-31,203.99244689941406,204.3005451235816,202.35256240580654,202.75010556628732,8953500
2020-01-02,208.49468994140625,208.5046232125284,205.0062009498093,205.483255773762,12077100
2020-01-03,207.39149475097656,209.11089094111142,205.68203183218017,205.94044853997713,11188400
2020-01-06,211.2974090576172,211.47629892097592,205.25465930650992,205.43354916986866,17058900
2020-01-07,211.7545928955078,213.26528420125555,210.45262160623358,211.51607306559464,14912400
2020-01-08,213.90135192871094,214.91510665231917,211.30734274776844,211.6949526177806,13475000
2020-01-09,216.96250915527344,217.04202082618497,214.95488116933342,216.207155864264,12642800
2020-01-10,216.7239532470703,218.5328094639806,216.08787510640607,217.8569679090441,12119400
2020-01-13,220.5503692626953,220.6099992184627,217.86691509606982,218.25452497385686,14463400
2020-01-14,217.7178192138672,221.0174848874671,217.2904610987737,220.25219842323844,13288900
2020-01-15,219.7950439453125,220.32179550851194,218.791237510127,219.25835910999078,10036500
2020-01-16,220.41123962402344,221.2659710888437,219.03968990563044,221.20634112983532,10015300
2020-01-17,220.77896118164062,220.9280360746828,219.17882494669027,220.66963453830988,15905900
2020-01-21,220.08326721191406,221.00756193875884,217.77747428272215,220.79885707509084,14275800
2020-01-22,219.9639892578125,221.3852204306161,219.9242258435066,220.94791386504602,12212800
2020-01-23,218.4135284423828,220.13293967833576,217.92654037054416,219.39746818730566,11195000
2020-01-24,216.60470581054688,220.42117487434803,214.78591621796195,219.4471834827665,11905800
2020-01-27,213.55349731445312,214.73620866992388,211.19802303979912,211.79435293567823,13810700
2020-01-28,216.4556121826172,217.39980374418147,212.21178503509026,214.81572766096295,13413800
2020-01-29,221.8622589111328,222.82631690553612,217.11154732637945,220.0832329670482,33181300
2020-01-30,208.24620056152344,210.13455312362944,203.49548901531762,205.2645816748521,48775500
2020-01-31,200.6728973388672,207.41135494036547,199.82809923845386,207.1529382593788,31359900
2020-02-03,202.93894958496094,203.88312599164132,201.25930162886954,202.19354476411328,15495600
2020-02-04,208.5443878173828,209.30967432653713,203.94275065657752,205.35404859424295,19628900
2020-02-05,208.8226776123047,211.42662028096842,207.43126133865994,211.20796698578138,12538200
2020-02-06,209.55813598632812,209.89604917934724,208.05737799417432,209.1804593792485,10567500
2020-02-07,211.02908325195312,211.51608654455947,208.64377864372054,209.0115220137704,12242500
2020-02-10,211.7545928955078,212.49006442343884,209.3693036045794,210.22403504746697,11856400
2020-02-11,205.92056274414062,209.5680750725065,205.24472117404943,208.90218193885602,25030800
2020-02-12,209.4686737060547,209.92586197119536,206.12925972880177,206.57651472318028,13813700
2020-02-13,211.8341064453125,213.016817830153,207.89836239843402,208.23629076931672,15396600
2020-02-14,212.8677215576172,213.6131263415733,211.34709701157064,212.68883168881132,10741700
2020-02-18,216.46556091308594,216.6444507890148,212.0925102405722,212.24160030247936,15609200
2020-02-19,216.15744018554688,216.98235657994982,214.78589061831087,216.65437667624997,12135100
2020-02-20,213.26528930664062,217.429619976959,211.64527131830107,215.1934055261933,13109200
2020-02-21,208.89224243164062,212.92737998649136,207.55052283584575,212.1720267190838,14092300
2020-02-24,199.49021911621094,202.40226015519937,196.95583956036972,200.56360393393078,23080100
2020-02-25,195.56442260742188,202.25318461397327,194.74943935076328,201.01084318514052,21433500
2020-02-26,195.99176025390625,199.97720084600968,194.29224584981696,195.9818269830241,16524500
2020-02-27,188.58740234375,194.67984870582703,188.33893409296772,190.64472673957056,21682600
2020-02-28,191.2907257080078,191.55907564771655,180.7059849779017,181.58058285147854,32568900
2020-03-02,195.23641967773438,195.3656280240258,187.6929270491447,192.8411820451101,24949000
2020-03-03,184.7510528564453,196.03151756372725,182.8428185008598,195.01776284925106,27984100
2020-03-04,190.5850830078125,190.65466139788128,185.24798979505562,188.01095555064248,23062500
2020-03-05,184.0354766845703,187.8320791353071,182.7633203534532,185.63561295242383,19333400
2020-03-06,179.98045349121094,182.6539742217178,175.1800451997745,177.23736953837502,24559600
2020-03-09,168.46148681640625,173.92778874850202,164.17789627424824,168.56088019038242,29949000
2020-03-10,177.09823608398438,177.19761428693064,168.46147710282534,173.59979880288097,24517800
2020-03-11,169.19696044921875,174.80240407511363,166.63276605493814,172.9438510827828,20373900
2020-03-12,153.52354431152344,165.5792271457893,153.39433598479684,158.56247190500457,43266300
2020-03-13,169.2366943359375,169.74356410975204,156.63439189268647,162.5280515419697,35028600
2020-03-16,145.11538696289062,158.15501064822567,142.22322814436825,151.38673814558268,39120400
2020-03-17,148.50450134277344,152.99681153401076,139.14221953396662,149.81642097772263,34255600
2020-03-18,146.05958557128906,147.27209670261269,136.25999699557138,138.89375443027646,37553100
2020-03-19,152.19178771972656,158.9501124482879,143.91282324540947,145.72166434278574,39862300
2020-03-20,148.8126220703125,158.2941803862986,147.09322577209852,155.06409265819508,32568400
2020-03-23,147.19261169433594,151.37680893907242,141.3784480122466,148.7430512988131,29830800
2020-03-24,159.99365234375,160.32163221473922,151.6351929293694,154.25901673198652,30440400
2020-03-25,155.2529296875,161.99138835546233,152.12222020104278,157.9463174011286,35184300
2020-03-26,162.33920288085938,162.9951626629549,156.05793376663195,157.2803932403208,26556800
2020-03-27,155.829345703125,159.10912973523017,153.80185139462847,157.23071031511614,24879900
2020-03-30,164.9332275390625,165.72832900211748,157.09156987984713,158.20470282894468,22515200
2020-03-31,165.77804565429688,169.88273148113515,163.19396937945223,164.46612580744628,23676300
2020-04-01,158.62213134765625,163.1442412080933,157.07167678274584,160.62974381879653,19507600
2020-04-02,157.2207794189453,160.36142188089596,154.9646833604549,158.12520752958983,20886300
2020-04-03,153.23533630371094,156.94249362021475,149.90587075635227,156.1871404125223,25983300
2020-04-06,164.5356903076172,165.1817017391021,157.53881537945364,159.16876661295203,28453600
2020-04-07,167.79559326171875,172.32765206239267,164.99286390770746,170.73744907447568,31411900
2020-04-08,173.21218872070312,173.92777850836143,166.7122658423221,170.20075468318225,21664200
2020-04-09,174.11660766601562,175.995026968661,170.51879237525418,174.82224898063006,23534300
2020-04-13,173.7190704345703,173.92779045584925,168.41179178261808,172.60593742854883,19355400
2020-04-14,177.078369140625,180.11961841277392,175.5378627961842,177.88340392851148,21011800
2020-04-15,175.8856964111328,177.09822261809256,171.7611297526583,174.11660378103699,17423000
2020-04-16,175.17013549804688,176.9591101276827,171.453044610098,176.85971675064178,23593200
2020-04-17,178.14181518554688,179.17543650944015,175.57762083562176,178.10205177003198,20974800
2020-04-20,177.14791870117188,179.39406609134025,175.68692426271664,176.3230023391987,16110700
2020-04-21,169.75352478027344,174.30546529801478,167.30859033530422,174.17625694496,24850500
2020-04-22,181.16319274902344,183.6478755716349,177.04855860139085,177.3566568449466,33242000
2020-04-23,183.9957275390625,185.90396202645627,182.0278479282161,182.9521577754863,21426600
2020-04-24,188.90545654296875,189.2433697378823,179.72206416708343,182.107353403919,28792000
2020-04-27,186.3511962890625,192.56290283203126,186.26175135451555,191.4795848506093,29197800
2020-04-28,181.78932189941406,188.04077666593554,181.44146026831214,187.50409189555162,21731000
2020-04-29,193.00021362304688,195.70354958293518,188.8358830390535,189.76017771353247,45954500
2020-04-30,203.45578002929688,208.40526408996243,200.33501893233014,205.65223120708166,46230100
2020-05-01,201.0307159423828,206.01001470790797,197.83044335099382,200.3648227860168,30415600
2020-05-04,204.00238037109375,204.64840696413435,197.54220543248462,198.97338507610132,19250700
2020-05-05,205.80130004882812,209.0910174227714,205.2347851301422,205.7516033631944,21071200
2020-05-06,207.1927032470703,210.30353055579124,205.3937955632803,206.84484163477242,21857000
2020-05-07,209.9656219482422,210.30355032191804,207.75922249188082,209.86624373917257,15152000
2020-05-08,211.04893493652344,211.90366631228324,209.5581254554516,210.9396083012996,12506000
2020-05-11,211.87384033203125,213.68269648393624,209.08105960908432,209.59787781895696,12911900
2020-05-12,208.81272888183594,213.96098387848207,208.71333551309112,211.98317109673138,14704600
2020-05-13,203.8433837890625,209.4885758537764,200.87169768893224,208.14684107031852,20684600
2020-05-14,205.54287719726562,205.66213710697744,199.46037915718156,201.31891685491863,17178900
2020-05-15,209.58795166015625,210.04512476627684,202.8693601997315,204.0123232956311,19383200
2020-05-18,211.88381958007812,213.32493261659332,209.6476049893578,210.8501830100212,20151900
2020-05-19,215.55117797851562,219.13906006328824,211.52598935361365,211.963295893743,31843200
2020-05-20,228.56100463867188,229.92260597220383,221.82254603877013,222.13064428224374,50162900
2020-05-21,229.9722900390625,235.7466901738807,229.7834517285112,233.2818891960785,47782600
2020-05-22,233.47073364257812,234.5441184107907,227.33853843326284,230.09155600221266,33925600
2020-05-26,230.77731323242188,239.42400551163468,230.25056174271424,238.30093930646683,33178300
2020-05-27,227.736083984375,229.14738198176514,219.77516582699468,227.6665207525805,34697600
2020-05-28,224.07862854003906,230.21082354855974,222.62756718831204,222.9257321417134,29377200
2020-05-29,223.71087646484375,226.0961808336967,221.51442556325333,223.82020310464907,23241500
2020-06-01,230.4890899658203,231.01584144007373,222.13061443617886,223.21393236131902,18223800
2020-06-02,231.2941436767578,231.5724269250747,225.17188188318693,229.52505081304344,20919000
2020-06-03,228.7498321533203,231.22456642128145,227.12981417704393,230.68788162982594,15380300
2020-06-04,224.90353393554688,230.21082773987993,223.233834430579,228.15350317272333,17041500
2020-06-05,229.35609436035156,229.93254256518625,223.92954068401087,225.3209720918083,16750400
2020-06-08,229.98220825195312,230.1312983025053,226.01666465122258,227.62673407315538,15466500
2020-06-09,237.20770263671875,238.30096916666866,228.9983158860157,230.10151568794666,27462900
2020-06-10,235.27957153320312,239.73213387997254,233.83845859076249,239.4836656083345,20720700
2020-06-11,223.05491638183594,231.46308887096265,222.18031842964962,228.5311664715915,26708200
2020-06-12,227.17950439453125,230.24063521922352,223.1245005163142,228.49140893922834,22091400
2020-06-15,231.0754852294922,232.33770825530914,223.42266574097317,223.71088225411913,15340300
2020-06-16,234.20619201660156,236.99898819111016,231.57243434446906,235.68706840818368,15236700
2020-06-17,234.0869140625,236.13429008239865,230.31019350705344,233.56016256865416,19578100
2020-06-18,234.49441528320312,234.69318686475435,230.72762784375436,233.55023889686015,15782500
2020-06-19,237.32693481445312,239.3544442938033,234.1067958941777,236.33306178171648,30081300
2020-06-22,237.7543182373047,239.2252461421605,235.45847386028458,237.0983583680705,18917800
2020-06-23,240.75579833984375,243.68772062463825,238.3903757728829,239.8016735975735,24017900
2020-06-24,232.586181640625,241.72981091261565,231.25438019230512,239.72218305152717,20834900
2020-06-25,234.2360076904297,235.8460924438175,231.31403348082998,233.1825046184563,18704300
2020-06-26,214.756103515625,231.6618796640648,214.08026191459516,231.21463979744365,76343900
2020-06-29,219.2881317138672,219.39745834728862,205.84103162951996,208.46485566633655,58514300
2020-06-30,225.6787872314453,226.106145413762,217.13147193210136,219.2384781925113,33927100
2020-07-01,236.09457397460938,237.5356870344359,226.1657755716951,227.10001877560086,43399700
2020-07-02,231.98983764648438,238.52952391361862,231.1848029297237,237.53565089731185,30633600
2020-07-06,238.80783081054688,238.92709073142663,230.8469126205194,232.32777385577694,26206200
2020-07-07,239.38426208496094,246.1326533838227,237.35676774708128,237.9431492036157,27887800
2020-07-08,242.08763122558594,245.476742412157,235.14045223152542,236.65114371279105,29791300
2020-07-09,243.00196838378906,245.01952952565338,237.77420143553118,243.4989049244512,22174900
2020-07-10,243.56846618652344,243.98589103148137,237.85369637089408,242.1969165778768,22982700
2020-07-13,237.53565979003906,248.61733827060945,236.95921159916458,245.49657748918494,24674900
2020-07-14,238.2611846923828,238.85751459516547,230.6083651549353,235.30938048767743,23378100
2020-07-15,238.80783081054688,243.32002324429993,236.5914980108304,240.07005391262496,19133600
2020-07-16,239.4538116455078,240.27872804512873,234.88200500129943,236.54177107091078,18880700
2020-07-17,240.5470733642578,242.66402764015874,236.4026249052517,239.52338541987803,18152400
2020-07-20,243.91632080078125,244.54246567181318,234.196243637224,238.5891606747882,20872200
2020-07-21,240.26881408691406,245.397202755287,238.60904788389522,244.71142791221044,19364200
2020-07-22,238.40032958984375,240.41789071838306,236.66105170901332,238.78793948238825,15427900
2020-07-23,231.1748809814453,240.93470659363444,230.33008281008895,238.16180741506028,21771800
2020-07-24,229.29647827148438,232.05944438106616,225.50980887799517,228.77965999359625,18325800
2020-07-27,232.0693817138672,233.5104947556897,229.41574220960896,230.0418871502129,13163100
2020-07-28,228.71006774902344,233.52042496991143,228.4218512292707,233.19244503448954,14170100
2020-07-29,231.8606414794922,232.26813307725234,228.8989039816223,229.72382044831986,13588300
2020-07-30,233.06324768066406,233.4508575925828,227.59694549625615,228.80947192129432,20615300
2020-07-31,252.1157684326172,254.28241951307862,247.4743832256901,254.25260453555245,53005100
2020-08-03,250.416259765625,253.83517031078523,248.79624184501446,251.10201942967134,23124900
2020-08-04,248.29930114746094,251.25110526267036,245.91399677394983,250.01869724475802,17183500
2020-08-05,247.59364318847656,250.72435231708073,246.25192370361665,248.65709460479925,13050100
2020-08-06,263.6546630859375,264.96658289873653,247.14642976668574,247.5141579724095,45241600
2020-08-07,266.7952575683594,277.18124204537844,261.8159443747839,262.46195572723974,72766400
2020-08-10,261.3886413574219,272.1820893277885,258.0989236207785,266.39777058170677,30248800
2020-08-11,254.56069946289062,264.29072474471275,253.56682645070933,258.5958214658989,28238300
2020-08-12,258.2977294921875,262.2831405380194,256.5286060172655,257.3833527709134,21415700
2020-08-13,259.6990051269531,263.5353707137143,257.97962423291574,259.9474733792103,17374000
2020-08-14,259.639404296875,261.0407690364696,257.0950915348112,260.7028558151674,14792700
2020-08-17,259.5599060058594,262.48189538649865,257.8106796200072,260.8916923385058,13351100
2020-08-18,260.732666015625,263.52544700661764,257.6715502060295,259.35119817535104,18690400
2020-08-19,260.9811096191406,266.2685213028287,259.74871679459574,259.7884802074964,23291500
2020-08-20,267.36181640625,267.978012884733,259.85805618867687,259.8978196058501,20299700
2020-08-21,265.37408447265625,268.83274368804626,264.7877029428126,267.04378411667915,15538600
2020-08-24,269.7272033691406,275.55128448984294,267.1232306764229,269.4091567352916,23685600
2020-08-25,279.09942626953125,281.355507085819,268.6041296982709,270.74095060611666,42127200
2020-08-26,302.0479736328125,302.8033268850319,282.25995682291443,282.25995682291443,69015200
2020-08-27,291.4234313964844,299.38436353515107,290.230771708759,298.3209121854988,30301300
2020-08-28,291.86077880859375,295.4089130625106,289.19720617425287,293.1925651257642,17157400
2020-08-31,291.40362548828125,295.0610714734328,289.7637104937946,292.14903036555626,17345100
2020-09-01,293.6298522949219,299.6427720327892,290.9165679865858,292.9043140593483,17295900
2020-09-02,300.6465759277344,301.73984226995447,291.25446415081126,297.0487605992797,24341400
2020-09-03,289.3363037109375,295.7766116878448,281.8922046260474,294.1764603814889,32294100
2020-09-04,280.99774169921875,287.229314878077,269.47875655191166,285.49003701981877,30333700
2020-09-08,269.49859619140625,277.5887063354543,267.7692669421887,269.6178560940287,24864000
2020-09-09,272.0429382324219,276.7737837566097,269.6874639068306,274.08036589592007,22918800
2020-09-10,266.4474182128906,277.44959998553065,265.39391522263617,273.8219694752697,24814700
2020-09-11,264.9764709472656,269.72721309385213,261.03082418054396,268.4053449938947,18913900
2020-09-14,264.5193176269531,274.9450669969811,264.072092933478,269.2899266715529,24093800
2020-09-15,270.75091552734375,272.83802471335247,267.65000606605827,269.01163765193706,18478500
2020-09-16,261.90545654296875,270.770818893295,260.1860753067511,265.65237794427736,29183400
2020-09-17,253.2587432861328,259.89780812249955,248.65710611351545,256.697535619966,31281400
2020-09-18,250.9827423095703,257.6118884285528,248.51794156659895,256.81677184656445,28130800
2020-09-21,246.6295928955078,248.4185674302035,242.63423412753664,246.0233297244526,24709400
2020-09-22,253.18914794921875,253.75566284124528,246.6991584417031,251.7579683959923,30293100
2020-09-23,247.49429321289062,256.4093213137836,246.62961326993067,253.6960518917727,19641300
2020-09-24,248.0011444091797,250.694547084944,244.11509708985568,244.98971023893918,20006800
2020-09-25,253.2587432861328,254.1830379630182,245.09903869873287,247.87193789468853,18351300
2020-09-28,255.2465057373047,258.00947183859324,253.25875946787116,257.8106850794095,18826300
2020-09-29,260.18603515625,261.71657782053796,255.32598136617338,256.23040948448823,20200200
2020-09-30,260.29534912109375,264.44973124489076,258.50638974001913,260.37487595126527,20142500
2020-10-01,264.99639892578125,266.68596505748064,263.1775941029918,263.7242425257836,20009800
2020-10-02,258.34735107421875,263.5254209322513,257.59199788542276,259.60955887022527,16367600
2020-10-05,263.02850341796875,263.2471567078468,259.2418494259985,260.59353258086253,12822300
2020-10-06,257.0752258300781,264.0621526768501,256.6577857726368,260.17610512329685,18696900
2020-10-07,256.5384826660156,258.5858585298553,253.2587140419684,257.62180054887483,23133400
2020-10-08,262.1439514160156,262.99866763481924,257.5621811275594,258.1585109919277,16312800
2020-10-09,262.82977294921875,263.12792276912415,260.5637433261308,262.8993210201285,14107800
2020-10-12,274.06048583984375,278.46333604833535,266.22876157292103,268.5445026995129,31019300
2020-10-13,274.4481201171875,277.38997586903633,271.7149692144357,275.87926941302317,18063300
2020-10-14,270.1546325683594,277.0421668726096,269.83658585081076,275.91908525355666,15577800
2020-10-15,265.0858154296875,267.39160813562887,262.0545148243733,265.9604285478444,15416100
2020-10-16,264.3006591796875,269.70733112644956,263.6745142904317,265.74178726862857,16622700
2020-10-19,259.79840087890625,266.9045868925761,258.28772481032973,263.90310129677107,13587000
2020-10-20,265.9206848144531,268.04758781197927,261.26936597521654,261.44825585427947,18763200
2020-10-21,277.02227783203125,281.31578684787894,274.6767213938293,277.84717921242225,28998600
2020-10-22,276.4160461425781,280.7195346537155,273.3549296265967,278.15532447294663,16720000
2020-10-23,283.04510498046875,283.4923296397231,275.12393582241333,277.0917849843274,17535200
2020-10-26,275.4121398925781,283.48241434774144,272.57962603073065,281.4250899029614,21322900
2020-10-27,281.5543212890625,282.76684769418074,274.6170760754383,277.05207732254803,16287200
2020-10-28,266.0299987792969,277.0818616666197,265.6225072103546,277.0818616666197,23121800
2020-10-29,279.109375,281.8624229545354,272.1025816348378,274.85559925877266,32368100
2020-10-30,261.4979248046875,275.00468630595316,257.51251448104284,272.8181534538649,47247800
2020-11-02,259.7586669921875,268.81286698865034,255.76330792408064,262.9788365618417,27165700
2020-11-03,263.67449951171875,268.3953963466558,259.28159775781717,261.54762702536306,17961900
2020-11-04,285.6192321777344,287.1696716561747,276.9128948521868,279.2783174830528,35364400
2020-11-05,292.8745422363281,295.558011962204,287.1796683103109,290.11157600129116,23823600
2020-11-06,291.6123046875,292.79501608176406,286.29507763161877,292.149004644455,13891000
2020-11-09,277.06195068359375,290.78733366350986,276.8234308819601,288.093946468079,25117700
2020-11-10,270.76080322265625,272.3211910492522,262.38246144891457,271.42671145134096,29067700
2020-11-11,274.78607177734375,276.6942913259445,270.8105789987221,271.79450375563806,14957000
2020-11-12,273.39459228515625,278.03599289357976,272.7485808521489,275.48173180999464,12899500
2020-11-13,275.25311279296875,276.0581474184627,271.42669604786886,276.0183840097511,10391200
2020-11-16,277.25079345703125,277.69804842292785,272.9473368697369,273.36474652935095,12970400
2020-11-17,273.3150939941406,275.9786665399034,271.6155795385993,275.9786665399034,15040300
2020-11-18,270.30364990234375,275.69045508475585,270.17444155520394,272.8380140033555,12152900
2020-11-19,271.2677307128906,271.7944822511571,267.5407065278164,269.3594809846684,12963700
2020-11-20,268.04754638671875,271.32731498506934,267.7593147390397,270.8900084612099,18114700
2020-11-23,266.78533935546875,269.289918888945,262.9092404710399,269.2302889315383,20990800
2020-11-24,275.22332763671875,276.117807280776,266.2287586860281,266.8449551001431,16930400
2020-11-25,273.9014587402344,278.4633322090346,270.97946966914446,276.43585310996593,12467000
2020-11-27,276.10791015625,277.41983005432394,273.1362390059821,275.6905003990647,7808400
2020-11-30,275.2730407714844,275.9985790720854,269.3495654363195,274.3387976071053,16693300
2020-12-01,284.7943115234375,287.5274624222444,277.2508186824023,277.4496054254641,20738900
2020-12-02,285.75836181640625,289.992270617401,279.10934883904036,283.6115924383215,17361600
2020-12-03,280.1231384277344,284.8937171606204,279.3479186253754,284.4961739879799,12921700
2020-12-04,277.9862976074219,281.72323956175984,277.5887241323964,278.5825971587646,10880300
2020-12-07,283.8302917480469,286.72246636545617,276.495533096647,277.4794578471977,13007700
2020-12-08,281.66357421875,284.6750078970688,279.8249032848577,284.2575982635717,10747700
2020-12-09,276.2172546386719,285.8677549722293,270.0850436148131,281.9220771328753,25189700
2020-12-10,275.422119140625,277.0222706646651,270.1943367291242,273.851812928101,20065100
2020-12-11,271.8739318847656,274.7860026639281,268.59416329956224,272.84793828956555,14391400
2020-12-14,272.5100402832031,275.52147425983287,269.89614944043467,271.6950571438995,16376900
2020-12-15,273.8616638183594,274.38841523897275,265.8311841800397,273.1460741214324,23979500
2020-12-16,273.98101806640625,276.15757230880143,270.840375347697,273.0765898818216,15885000
2020-12-17,272.7983093261719,278.721784724986,271.9336142200269,275.3724371090971,16377800
2020-12-18,274.7065124511719,276.2967154406914,269.478760690303,274.0803675596874,26693200
2020-12-21,271.11859130859375,272.9870771750674,266.14922691077805,271.3074295821582,16553700
2020-12-22,265.45355224609375,269.8365360851599,263.008633008387,269.8365360851599,17312900
2020-12-23,266.46728515625,270.50243758705955,264.59882932604114,265.25478916955404,14329000
2020-12-24,265.7616271972656,268.74324611944274,264.5689978267525,267.2325701178876,6702000
2020-12-28,275.3028259277344,275.6009757008323,264.03230954567135,267.0934250950006,23299700
2020-12-29,275.08416748046875,278.79132468616433,274.5872309809137,275.2531392357801,16383000
2020-12-30,270.2042236328125,276.37616592148805,270.0452003272799,276.2469879206749,11803800
2020-12-31,271.4863586425781,275.39227234420343,268.1568779489153,270.3334622960556,12900400
2021-01-04,267.292236328125,273.3151049414783,263.575160606713,273.0964516443011,15106100
2021-01-05,269.30975341796875,270.73098445154903,266.566654380942,266.64618120176334,9871600
2021-01-06,261.69671630859375,266.10951517719576,258.4169473013946,260.3947450099917,24354100
2021-01-07,267.0934753417969,269.94588658656573,263.15774594351046,264.2708790799468,15789800
2021-01-08,265.9306335449219,267.3021832804523,261.56751606249094,266.666089935615,18528300
2021-01-11,255.266357421875,261.855740774374,254.33211430317564,258.88406998034475,30412300
2021-01-12,249.5515899658203,258.1287195660793,248.76643689922236,255.05765536457494,26383500
2021-01-13,250.0982208251953,252.39406520969743,247.67316808761396,250.00877588781722,19528900
2021-01-14,244.13497924804688,253.46744672820924,243.11129120361616,251.84742877824823,29739400
2021-01-15,249.81993103027344,252.3046136609989,245.6456672437145,246.38112359661773,24942900
2021-01-19,259.5002746582031,260.5935411435162,251.17161315727316,255.3259954708625,28028500
2021-01-20,265.84112548828125,268.6637207919955,261.98489390991625,267.28222294763987,25199900
2021-01-21,271.1981201171875,271.9236583247579,265.8510785349372,267.61025315301697,20838700
2021-01-22,272.8181457519531,276.76382288005954,270.33346318590617,270.34341162196165,21954000
2021-01-25,276.3066711425781,278.38386228871553,269.84649597140043,276.4358794988977,19087000
2021-01-26,280.3218688964844,283.6414314237365,276.1078570615494,276.43585213829687,19373600
2021-01-27,270.4725646972656,281.713263902579,266.47717653593656,280.7988875596634,35346200
2021-01-28,263.3763732910156,285.0328767798525,263.07822349122813,275.48174045199073,37758800
2021-01-29,256.7472229003906,264.92680937897524,253.28856394656756,263.67451957536355,30389500
2021-02-01,260.4046630859375,262.55143231204124,253.34815902737898,257.9298987989953,22914300
2021-02-02,265.4435729980469,267.2027475235563,261.6569195012926,262.3824576706842,17320800
2021-02-03,265.0162353515625,267.5506297569906,262.22345458512194,263.9925473517348,14223400
2021-02-04,264.8572082519531,266.5169895211257,262.38247416730263,265.3740416278043,16060000
2021-02-05,266.4573974609375,267.5208490103022,264.0422929868712,265.1653441681594,12454400
2021-02-08,264.9466857910156,268.2065884459274,263.37637959024386,267.10340382972845,13755200
2021-02-09,267.7991027832031,271.71496498758677,264.12176040264853,264.8075352267552,14613400
2021-02-10,270.2042236328125,272.1223910729219,266.07965711565373,270.7806869066925,14687200
2021-02-11,268.73333740234375,271.9037643961982,266.84495442118657,270.2241469155117,12828600
2021-02-12,268.8426818847656,269.51850833437385,266.69591228253864,268.8625484283655,9097600
2021-02-16,272.2914123535156,274.90530343957204,268.3954164856225,269.14082130496485,15417200
2021-02-17,271.8938903808594,272.2914335827165,267.92831580797434,269.5781489097532,12763200
2021-02-18,267.739501953125,270.28381478607685,264.4000724032498,267.9183918404572,15249100
2021-02-19,259.9573974609375,268.61402206601264,258.5560330098225,268.20653053081514,25622600
2021-02-22,258.7349853515625,261.4582184237648,255.95215264705107,256.3695927180286,17434900
2021-02-23,264.2311096191406,265.82131277652917,253.39791316629868,257.91009074003927,21924600
2021-02-24,262.6905822753906,264.7479067592774,256.80687083014135,260.7227027259426,15736100
2021-02-25,253.12953186035156,265.3044768348905,252.48350527272703,260.6928912817655,19053100
2021-02-26,256.04156494140625,263.92297078398195,254.89861702389317,254.89861702389317,26619500
2021-03-01,263.28692626953125,265.016255755827,256.31986614044337,259.22198893469823,22157300
2021-03-02,257.4131164550781,265.0758690739727,257.0652548261814,264.1515744293655,15191700
2021-03-03,253.84510803222656,259.3909060587166,253.53700982689918,258.69521315306645,15513500
2021-03-04,256.0614318847656,264.8571829010533,251.94678346592679,254.89858723099988,31626500
2021-03-05,262.6607666015625,263.8236114073833,254.04388913823584,259.0728994748729,26820100
2021-03-08,253.74574279785156,263.9528087792841,253.4873412472217,263.9229937990307,18391800
2021-03-09,264.11181640625,266.88473072726873,258.21815645881406,259.57975769372405,22039700
2021-03-10,263.2769470214844,267.32201733996135,261.25938608005424,266.99405260116964,14210300
2021-03-11,272.2019348144531,276.19729324860583,266.1790670219471,266.4672683462111,21834000
2021-03-12,266.7555236816406,268.08730994458426,262.40235481870315,267.4910103720713,20600200
2021-03-15,272.07275390625,274.2692049064048,266.8549202696918,267.4313533069336,16844800
2021-03-16,277.56884765625,280.41134018183647,273.1162857384696,274.3884419534645,22437700
2021-03-17,282.2698974609375,284.47629686724065,273.7225830792857,274.02073286502986,21315000
2021-03-18,276.9128723144531,283.44262477716205,276.57495915620297,278.1552134832823,18728300
2021-03-19,288.3324890136719,291.00600988005505,279.47710704295326,279.49697358445803,38930500
2021-03-22,291.7414855957031,297.8736649508509,284.99307950985985,288.67042170029026,28273100
2021-03-23,288.849365234375,296.17420566934123,288.0343819528531,291.3539147122936,23000900
2021-03-24,280.411376953125,289.932668108046,279.43737037540546,289.2170782476114,18675000
2021-03-25,277.0321350097656,286.29503813738637,276.04821049991284,279.2584310315814,24505600
2021-03-26,281.28594970703125,282.75689279241885,276.06811600875284,276.59486753078363,17629200
2021-03-29,289.0382080078125,291.38373417438004,282.95570894605993,284.0191302066768,21718800
2021-03-30,286.2354431152344,290.6780569351427,284.94342026118994,288.05421748123223,17474500
2021-03-31,292.7254638671875,294.683395227454,286.84172134888433,288.2132711778815,19498200
2021-04-01,296.83013916015625,300.5472147916932,294.78276303181883,296.57172245230413,17616000
2021-04-05,307.01727294921875,308.8658619349832,298.83768828245485,299.0464234238874,28237000
2021-04-06,304.3835754394531,309.4423857147043,303.37975393521896,306.9477546088229,17335200
2021-04-07,311.1717224121094,312.3246188373065,303.6282292913194,304.46307904806224,22855200
2021-04-08,311.1021423339844,313.9446351306983,308.15033805654275,312.92094706575926,20894100
2021-04-09,310.5455627441406,312.8115920705688,308.42860830814885,309.492059744259,15988600
2021-04-12,309.6311950683594,310.23744302431413,306.0432978573449,309.1441766858916,10881900
2021-04-13,307.8621520996094,312.5035226563734,307.4248454936246,310.29712308275975,14036900
2021-04-14,300.9646911621094,306.14276206663845,300.1000263268148,305.4172237081047,17421400
2021-04-15,305.93402099609375,308.23981383785355,302.23681189830637,304.4630779079505,14558300
2021-04-16,304.3040466308594,307.057094422256,302.74365864526766,306.28187464766245,13059200
2021-04-19,300.38818359375,305.8147523329705,298.71848413426613,303.1412313782809,14553500
2021-04-20,300.795654296875,303.2306552541238,295.3889828059148,300.13969448393533,16796400
2021-04-21,299.6229553222656,300.12984036091297,295.5679660048959,300.10002537808685,14863500
2021-04-22,294.7032470703125,301.0640593124394,294.2262073835734,299.4837743583143,16375400
2021-04-23,299.2850341796875,300.73608052329297,295.329408022333,296.9295596067396,17536800
2021-04-26,301.1833190917969,303.9263882810522,299.71237595364505,301.4814688958679,16172600
2021-04-27,301.71002197265625,303.46916619416015,299.265072651195,302.4156632822183,15309300
2021-04-28,305.2184143066406,309.0150165696337,303.499003041627,305.47680067025,33907200
2021-04-29,327.4911193847656,329.7770152743211,319.63949800194774,328.09736738838046,56526800
2021-04-30,323.0882568359375,327.79923599605956,322.5118237783463,324.1417902353287,26332400
2021-05-03,320.60357666015625,326.5370003804593,319.8681202595433,324.17160784026623,18719500
2021-05-04,316.4093933105469,320.2159438807395,311.20150850309886,318.05922612807666,24032600
2021-05-05,313.0898742675781,319.0928759241575,312.5631227693904,316.2404651511072,15577600
2021-05-06,318.05926513671875,318.27791843647566,311.3506215726408,312.592962973396,19012200
2021-05-07,317.125,320.96136575158243,316.797035238393,320.40479926906244,15916700
2021-05-10,304.0953674316406,312.65260065260543,302.9623374874926,312.4240292408081,24239200
2021-05-11,304.6518859863281,304.9599841863504,297.85379838388656,298.9073013253687,18920100
2021-05-12,300.6962890625,303.09152683166894,296.363016980272,299.28500627008975,24645500
2021-05-13,303.3897399902344,306.9676592133496,300.9149751198363,304.2046929555957,18079200
2021-05-14,314.0042419433594,314.9086700242553,307.1862573068352,307.64346073053906,19245700
2021-05-17,313.5271911621094,313.7458444514255,309.6709587854065,311.62888995272834,15401300
2021-05-18,308.0609130859375,314.560851979601,307.9118381795556,313.6564237734156,14522400
2021-05-19,311.6686706542969,312.73212218088923,301.7100728280548,302.32626931468565,19106200
2021-05-20,316.65789794921875,317.2939913001767,311.241307682157,311.6587174044478,17320200
2021-05-21,314.2925109863281,317.96982337092635,313.87507092604136,317.3337603393,13600900
2021-05-24,322.6410217285156,323.95294146904854,316.08145335645025,316.26034323090494,16445400
2021-05-25,325.7816467285156,327.1631144586884,322.809945764695,325.07597504409733,16437000
2021-05-26,325.6524353027344,327.8091227572899,323.82371259723107,326.3382101086228,9686900
2021-05-27,330.7112121582031,331.7349000464758,324.7579231086886,325.99031581635046,20477700
2021-05-28,326.7159118652344,330.8305306868107,326.3183383646688,328.97199286100545,12037400
2021-06-01,327.1134338378906,329.38941155956394,324.63869970941386,328.1271734052021,11765900
2021-06-02,327.13330078125,329.8366366279992,325.11573974960027,328.3557755235138,11654300
2021-06-03,324.0423583984375,325.37414456637805,321.49804596855154,323.78394171505016,12610800
2021-06-04,328.32598876953125,330.4230464781481,323.1876514326137,323.9032412868138,13289400
2021-06-07,334.51776123046875,335.62097603315726,326.9146388412258,327.4612871899695,20136700
2021-06-08,331.63555908203125,336.2272478175721,330.20437943321343,334.63707516830704,14580500
2021-06-09,328.2265930175781,334.73644972489944,327.97812474125897,333.6829466597543,13727900
2021-06-10,330.4230651855469,331.89400839429356,326.53701745611517,328.7633139788942,13240200
2021-06-11,329.2303771972656,330.79073474421784,326.91463613963515,330.5422664960959,13587900
2021-06-14,334.7066345214844,334.7563463750751,327.7892862059463,329.8664773549154,12250800
2021-06-15,334.6867980957031,337.83738946630086,332.9773349887162,334.92531795648176,15795200
2021-06-16,329.0514831542969,335.48184313988236,326.7059572643333,334.63707529361864,17232200
2021-06-17,334.4482421875,335.9092368385063,328.1271935827343,328.46510679261746,17794100
2021-06-18,327.6402282714844,334.0904553486211,326.9842683488024,332.48038568867526,23039500
2021-06-21,330.2540588378906,330.880203664055,325.6424736824297,329.06139913752077,11337500
2021-06-22,336.9527893066406,337.83735090707296,330.5621926776497,330.65163761523286,15345300
2021-06-23,338.503173828125,341.31585117390813,336.12783332372527,337.27078111440767,14817800
2021-06-24,341.07733154296875,342.7867943296362,339.695863834015,339.7554937880361,12329100
2021-06-25,339.2784423828125,342.01159330380204,337.5987944812838,340.49096873189364,14594400
2021-06-28,353.4609680175781,355.9456502345594,339.6759256000673,340.36170031840163,29156100
2021-06-29,349.7340087890625,354.5542689089571,346.91138258233707,354.08714735332995,21417300
2021-06-30,345.57958984375,350.75769027409115,345.0429202345932,350.0122854863306,15107500
2021-07-01,352.21868896484375,352.4969722089514,344.3770159477784,344.6950626069295,17137000
2021-07-02,352.5267639160156,354.25609322376783,350.4594910985999,352.92430704841195,11521300
2021-07-06,350.6185607910156,356.59174799452734,347.0406114650302,354.31577003943374,13488500
2021-07-07,348.3424987792969,354.3057361067828,347.8555107700088,353.08329186622797,14218900
2021-07-08,343.5322265625,346.19579915714627,340.46116236238475,343.61175339462056,14406500
2021-07-09,348.2730407714844,348.56124214546423,343.1545698109129,343.20428166651726,13018700
2021-07-12,350.9962158203125,352.01990386562875,347.4977935450936,349.07804808122654,10018600
2021-07-13,349.9327697753906,356.29355143359237,346.6629188432887,349.3463882967267,11456000
2021-07-14,345.5000915527344,353.02371778417586,344.60561187818195,352.38762447656626,13894200
2021-07-15,342.3494873046875,347.0902809569737,338.13547546318614,347.0902809569737,14781600
2021-07-16,339.0697021484375,343.87009519234505,338.0559626498211,342.79672574266857,11026100
2021-07-19,334.88555908203125,337.70815509612805,332.4903212291258,335.5017555620002,14372300
2021-07-20,339.56671142578125,341.3457528953947,332.4505758779297,336.72421838328256,11024300
2021-07-21,344.1086730957031,344.3968744388851,339.1591744441404,339.4076427038064,9279700
2021-07-22,349.038330078125,349.38619176279417,343.094957447906,344.55595225903426,12385400
2021-07-23,367.5243225097656,373.03035735162143,355.00151605256804,358.69872500030067,33694300
2021-07-26,370.1779479980469,372.1458275575913,365.9639359685642,367.31558875892716,14925200
2021-07-27,365.55645751953125,370.8637361617753,362.3164215517457,369.6313432403058,15705400
2021-07-28,370.992919921875,375.23674680088516,364.6818201748514,372.2650761750381,29676900
2021-07-29,356.12457275390625,363.28043999710036,354.5542364635429,358.78814505558523,33413200
2021-07-30,354.11700439453125,358.51988566418277,350.77760504491306,351.8311081966809,15976200
2021-08-02,349.7936706542969,357.19800749497347,348.5910622931447,355.90598451973113,13180400
2021-08-03,349.0880126953125,351.6025106754456,345.56972340904446,350.56890438656615,12406100
2021-08-04,356.720947265625,358.27138687895035,349.3563439370296,350.26077209990274,14180600
2021-08-05,360.7461242675781,361.67041898134795,354.7133072052219,357.436540153828,10247200
2021-08-06,361.2828063964844,362.9127424459059,359.1857184641995,359.1857184641995,8925000
2021-08-09,359.39447021484375,363.5389347688088,358.53975382885443,361.53132184102253,7798900
2021-08-10,358.9173889160156,361.869193166006,356.84019782611114,359.61308187110274,7469900
2021-08-11,357.7544860839844,360.1397750144866,355.6176653822969,359.8813886813235,8400300
2021-08-12,360.4280700683594,360.7759317160237,354.9220046564891,356.25382128818666,7170700
2021-08-13,360.954833984375,362.4257771272756,359.265267871517,360.74612912085155,7195700
2021-08-16,364.3141174316406,364.7017424954154,355.1903697450929,360.2988616556084,11222100
2021-08-17,356.2537841796875,362.4356753695751,352.89448863207764,360.7560275957702,12328700
2021-08-18,353.2721862792969,357.6551397205648,352.9740061671831,354.0672725837368,10042400
2021-08-19,352.9441833496094,355.37918439009394,348.8494313445575,349.1972929689978,12004500
2021-08-20,357.16815185546875,357.7843482913817,351.1452836203347,352.42738834284296,8697700
2021-08-23,361.1237487792969,363.4494078833954,356.89978866774874,357.2377018370011,10942000
2021-08-24,363.2705383300781,365.70550903798613,359.6230109903301,361.4318671714716,9235100
2021-08-25,366.1329345703125,368.58777206828563,363.16123330587004,363.360020062835,9684500
2021-08-26,362.1474609375,367.1764560624768,361.8989926790304,366.12295307301355,7888700
2021-08-27,370.3469543457031,371.45013897639006,361.8493207697198,362.8630907877578,11219100
2021-08-30,378.32769775390625,379.1525989939394,368.24981103024754,370.277320431744,13547300
2021-08-31,377.0555725097656,380.4148683602898,376.47910914042166,377.62208744255565,12345400
2021-09-01,379.70916748046875,381.97519670702235,376.489028666576,377.26424839327603,11567200
2021-09-02,372.9806823730469,379.41104231256367,371.76815602132564,379.16257404647814,14832900
2021-09-03,373.9546813964844,374.8491610703361,370.823957042106,372.45392339362985,7509600
2021-09-07,379.8384094238281,380.613629219104,370.86373665403454,373.5770211027999,10793800
2021-09-08,375.25665283203125,378.53642174787274,372.4936869805083,377.83078037858047,11067200
2021-09-09,375.68402099609375,377.50279537132553,374.2627897833095,375.32624124907073,9098900
2021-09-10,376.36981201171875,381.43857095983964,375.9424538519922,379.02343624127707,11549600
2021-09-13,374.2031555175781,379.4110406460639,372.05638606835686,379.3414622525218,13026300
2021-09-14,374.2230529785156,376.27042922477614,372.81173977128105,375.08771775923907,8711600
2021-09-15,371.6290283203125,375.2467104904969,365.41732168896675,374.6901440027762,17940300
2021-09-16,370.7742919921875,371.2712285364681,367.4448110793876,370.5059571772918,11934200
2021-09-17,362.4853820800781,369.13439524901133,359.3745545629104,369.13439524901133,26299000
2021-09-20,353.5206298828125,358.8179595022379,347.65675505682754,357.0985483338319,19822800
2021-09-21,355.2897644042969,357.83407709735854,353.01378652748,356.30350404071055,11751900
2021-09-22,341.107177734375,347.6965612320792,338.6026284445046,345.10256700299203,43692900
2021-09-23,343.84033203125,347.52762310082153,340.8984761234524,343.244002100191,21806300
2021-09-24,350.7974548339844,352.17895305661193,340.2723419260925,341.1370067045826,18801900
2021-09-27,351.41363525390625,352.97402329093165,344.95346014248616,347.66674460829853,15205800
2021-09-28,338.5628356933594,347.45801128882255,336.84345479305586,345.83799342530625,21710300
2021-09-29,337.5292053222656,343.11479723125944,336.80369742159866,341.0475243427285,14452200
2021-09-30,337.310546875,340.6996268613466,336.0781238220975,338.3640497499912,16547100
2021-10-01,340.9084167480469,342.90608102500573,336.5651962175002,339.5169701639289,14905300
2021-10-04,324.231201171875,333.88169955284883,320.7228306792699,333.4742079813387,42885000
2021-10-05,330.91998291015625,333.1263824322283,324.1616578801591,326.5668138262897,35377900
2021-10-06,331.5958557128906,332.3313121456129,323.80386344634377,327.71972612380364,26443000
2021-10-07,327.202880859375,336.7639345758128,326.96436103744907,334.9352118363189,28307500
2021-10-08,328.02783203125,331.35731326158106,326.69604560523806,329.4789087169696,15946100
2021-10-11,323.45599365234375,328.43527696797554,323.3168368677761,325.62262960456826,14708200
2021-10-12,321.7862854003906,322.39256376845077,315.4255035724989,321.0508290059376,31658700
2021-10-13,322.5516052246094,324.99652471614394,320.6831188228863,324.9667097344399,14761500
2021-10-14,326.51715087890625,328.4949487787001,325.09591952710065,326.3481790947732,14302200
2021-10-15,322.77020263671875,327.05379280644144,320.5339884043792,326.6661677808162,21596400
2021-10-18,333.28533935546875,333.8319876565489,325.4933793490439,326.9345072066438,21585000
2021-10-19,337.9068908691406,340.36175853261335,335.21350337783207,337.568977669507,18786300
2021-10-20,338.6920471191406,341.8724529207956,337.3702093457525,341.3457014325225,13639500
2021-10-21,339.7852783203125,340.2126363960388,335.73025982661795,338.19507558416944,16354400
2021-10-22,322.62109375,327.61035552537084,319.14253831707924,324.35045336145754,35224500
2021-10-25,326.6761169433594,327.540781595559,317.76107497070655,318.33750796197404,38409000
2021-10-26,313.87506103515625,328.18682759766455,307.7031175816283,326.24879325256444,65654000
2021-10-27,310.3070068359375,317.29393230751185,310.1479835277643,312.2649377175898,29971800
2021-10-28,314.9783020019531,323.52558709770653,306.22225136946474,311.072357347704,50806800
2021-10-29,321.5875244140625,324.00262875395816,317.64184701631945,318.2282285023065,37059400
2021-11-01,327.958251953125,331.406992775987,324.0026261504321,324.042389566454,31518900
2021-11-02,326.06988525390625,332.7387958373724,321.8161094432175,329.34968480248006,28353000
2021-11-03,329.5881652832031,330.1149167693705,321.2197714591406,325.48346486712654,20786500
2021-11-04,333.79229736328125,335.2035802252252,330.61189120945113,331.9635744405393,22495300
2021-11-05,339.0399169921875,344.665242071511,337.5590558596254,338.2249338152265,26872800
2021-11-08,336.5452880859375,342.67749816352716,336.26700484454307,342.30976998710577,18342500
2021-11-09,333.3151550292969,339.2187625775508,332.4206754708996,337.91679148386936,17556700
2021-11-10,325.6325988769531,331.1485824807843,323.5156443091325,330.45285917462536,21872600
2021-11-11,325.7319641113281,330.42304641449175,324.99650771403645,327.799237169997,12376600
2021-11-12,338.80145263671875,339.765480531677,327.759505517312,328.1570487346294,25414300
2021-11-15,345.4305114746094,351.4831946506167,341.09723957740795,342.23023907148615,25076600
2021-11-16,340.8586730957031,344.52606686534165,338.78148218055935,341.7233377464868,18181100
2021-11-17,338.6820983886719,345.17208800145727,338.01622044985146,342.1308389841702,13602800
2021-11-18,336.6148681640625,340.3617586706303,333.2456239415217,337.638556199738,17487200
2021-11-19,343.18438720703125,349.9427428380798,337.81747825307605,340.10340470072845,26488500
2021-11-22,338.920654296875,351.6620835891227,338.42371777801765,346.9113716820704,27116800
2021-11-23,335.1837158203125,339.30828327725914,331.456691552481,336.85341541295674,17225000
2021-11-24,338.9703674316406,339.6859572987608,330.7709141057471,333.94137181820736,13566200
2021-11-26,331.0789794921875,335.68061648220413,329.86645318019737,333.7425519380026,14750700
2021-11-29,335.95892333984375,338.58276288690587,333.2555872901131,334.82592377586695,16650900
2021-11-30,322.4720458984375,333.7525112425512,321.4483578555968,332.9474764870453,25390000
2021-12-01,308.697021484375,328.4750920661078,308.388923219324,328.2663871870159,30329600
2021-12-02,308.4882507324219,312.6724475115821,305.31779348012856,309.4920418236363,24396200
2021-12-03,304.9599914550781,311.8276576097567,297.664967184453,311.8077910685257,27471000
2021-12-06,315.9224548339844,318.13880288799874,304.46309857343067,306.24214001292563,21758300
2021-12-07,320.83221435546875,324.5393724155182,319.03330623894976,319.5998212583452,18794000
2021-12-08,328.53466796875,330.7112523414874,321.090568643624,323.00873632151286,19937700
2021-12-09,327.7991943359375,334.07053042846104,325.9903382286185,327.5209111140881,16879200
2021-12-10,327.7296447753906,332.97729337085224,324.3703489464802,330.52242567515606,14528000
2021-12-13,332.4405822753906,339.00015038245556,327.5706104626266,328.92229356418693,22948700
2021-12-14,331.6951599121094,333.64317279841316,325.642477080357,326.0400202077631,20461000
2021-12-15,339.56671142578125,340.01393615461,321.99504103241486,330.45288109735486,24681300
2021-12-16,332.8481140136719,342.3495389624486,331.6952175125707,336.90313347693825,22635000
2021-12-17,331.7449035644531,335.0445391358006,328.72352091142955,330.76094859133923,40012600
2021-12-20,323.45599365234375,327.8787104909013,320.55387102422975,327.75945057875657,17901800
2021-12-21,332.1523742675781,333.9413335651525,321.76638911225626,324.41009497598543,16116800
2021-12-22,328.4253234863281,332.4604451757759,326.24873933234096,331.7547735539333,16764600
2021-12-23,333.1860046386719,334.60726620714684,326.3481529337001,328.0775127333061,13987700
2021-12-27,344.0589294433594,345.73857714989646,335.93900445314904,336.77385408878837,17795000
2021-12-28,344.0987243652344,350.5489506748567,343.08498478567924,344.50621595040997,16637600
2021-12-29,340.8388671875,347.54751108187537,339.5468441993426,344.78454488378634,10747000
2021-12-30,342.2500915527344,345.1025325390308,341.1170921052028,341.8923118315971,10593300
2021-12-31,334.2892150878906,341.3357715551441,334.20968825669667,340.91833151787387,12870500
2022-01-03,336.4658203125,338.9902362425969,335.12408551135024,336.2272701347971,14537900
2022-01-04,334.46807861328125,340.98788305000136,329.83662680556665,337.86713760996855,15998000
2022-01-05,322.1838684082031,333.70285443499347,321.8558732876107,330.9796214127639,20564500
2022-01-06,330.4230651855469,337.09197598580187,320.74275022784667,320.8421436108407,27962800
2022-01-07,329.7572021484375,334.9352731005386,326.8650274561759,330.7013635033262,14722000
2022-01-10,326.0599365234375,326.32827132605445,313.49736670018683,323.3168372187382,24942400
2022-01-11,332.32135009765625,332.5797668145055,323.2870470815263,324.7778567607015,16226800
2022-01-12,331.2181396484375,334.3090702500505,328.00791880409434,333.1263589037451,14104900
2022-01-13,324.4797058105469,333.57363875526204,323.7641159538473,332.92762729602225,14797100
2022-01-14,329.866455078125,330.6913866843799,319.24194988086674,319.8184132277481,16868500
2022-01-18,316.2007751464844,322.2236447431332,315.69392040301545,321.309298318825,22645600
2022-01-19,317.63189697265625,325.09589357916025,317.37348026364396,317.6219485359713,20814700
2022-01-20,314.6204528808594,325.811473222108,314.0440198525604,321.91547748845704,16925000
2022-01-21,301.3125305175781,316.35975395134494,301.1833221576319,312.8811979923042,28710700
2022-01-24,306.81854248046875,307.63352566534803,287.23926148486333,296.0151472197404,38878100
2022-01-25,298.3110046386719,304.3537700665369,295.7567434945559,298.1122482172052,25108500
2022-01-26,292.8247985839844,305.62588731583446,289.06795996316714,305.12895082985017,28348800
2022-01-27,292.83477783203125,299.86143743195197,292.4571012100481,295.92570854139984,21629900
2022-01-28,299.8614196777344,300.0502579775452,291.2346091634408,293.8087366396124,21871600
2022-01-31,311.3406677246094,311.86741920483496,297.48607558743464,298.83772831759944,21579500
2022-02-01,317.04547119140625,317.7014309783703,310.2076204394612,312.63267286499047,18023800
2022-02-02,321.0210266113281,325.9903923483456,314.9285793648485,325.8115024611573,58458300
2022-02-03,236.30325317382812,246.48051876290083,234.30557378368496,243.15103794736285,188119900
2022-02-04,235.63734436035156,241.12352753008244,228.70011511285568,233.5303384672854,89342200
2022-02-07,223.53199768066406,236.83995759252116,222.6375028110121,236.24362767941986,88613800
2022-02-08,218.83096313476562,224.38672506740048,214.8256559150308,219.49687143062172,94729700
2022-02-09,230.57855224609375,231.94015349913388,220.84854156326838,222.82633926682897,86563300
2022-02-10,226.67262268066406,233.56015530017268,225.31100635651114,226.87139424785983,49310400
2022-02-11,218.204833984375,229.0082293247873,217.42961420856673,227.06024661414577,46156900
2022-02-14,216.3661651611328,219.64594933815616,213.4640576050981,217.96630141676937,38184000
2022-02-15,219.64593505859375,219.79500994387155,213.74232695681545,219.11918357688074,42685500
2022-02-16,215.2132568359375,216.12763335877167,211.0588748963549,211.10857158035873,45817500
2022-02-17,206.43736267089844,216.16737244042838,205.89072950063314,212.708698727665,38747500
2022-02-18,204.89688110351562,209.4587549743163,203.9228745504554,208.10708695719387,37128400
2022-02-22,200.84185791015625,206.20876605072593,198.83423020137045,201.10025943097085,39852400
2022-02-23,197.2340850830078,205.67207193886378,196.8365419667312,202.90910633443747,44481400
2022-02-24,206.3280487060547,207.07345348437815,189.05453045680989,189.8893801688604,49957200
2022-02-25,209.1903839111328,210.02524875323732,201.93510800868344,203.6843341870944,37627600
2022-02-28,209.73703002929688,211.84403605748028,205.56276622248285,206.40754922184917,34239800
2022-03-01,202.2432403564453,210.45262661274012,200.98101728702946,208.58414035237334,27094900
2022-03-02,206.8349151611328,207.868536431012,200.78223209840178,203.5253161788994,29452100
2022-03-03,201.72642517089844,207.79899044411826,200.18591882634217,207.7393604843148,27263500
2022-03-04,198.83424377441406,204.62852558700732,197.57202073039406,201.13008813754922,32130900
2022-03-07,186.32139587402344,199.6591713857494,186.13255755390946,199.5597780071735,38560600
2022-03-08,189.12408447265625,195.4948139741279,184.96970265647303,186.69904711746747,37508100
2022-03-09,197.28378295898438,197.88011280230953,192.73184297314285,194.54069904334403,31894700
2022-03-10,194.01397705078125,195.07741339567661,189.8993429697998,193.64623368658738,24853000
2022-03-11,186.46054077148438,192.37408293314195,185.52629759158506,191.45972146236622,34694500
2022-03-14,185.48654174804688,191.11185197576268,184.6815069624439,185.88408492244588,31010500
2022-03-15,190.85345458984375,191.10192287058513,184.77095593019092,189.63099489488027,31721700
2022-03-16,202.3824005126953,202.48177873152264,193.3282152355496,193.50710512861951,40640300
2022-03-17,206.56655883789062,206.76533040305802,199.87779785383353,200.46417927893177,29499700
2022-03-18,215.16357421875,215.47167242658261,204.73784084439905,205.43354892100476,52128000
2022-03-21,210.1942138671875,213.39448625669743,206.35786334117677,213.185766246382,30142300
2022-03-22,215.32260131835938,218.1153974717066,208.8922411400877,210.07495255701588,31998800
2022-03-23,212.1521453857422,215.4716776933273,210.86010740315126,212.02293703789337,23717300
2022-03-24,218.22470092773438,219.31795212373788,213.4739740565939,213.6826940584055,31502300
2022-03-25,220.46092224121094,224.11836770309765,217.54886638465652,219.15893583632416,40039000
2022-03-28,222.22006225585938,222.66730207647373,218.19487353973287,220.7690161565062,26224100
2022-03-29,228.45166015625,229.47534818576568,223.90965303290636,224.6848879649204,31417900
2022-03-30,226.4539794921875,229.73374841022698,225.32096482688496,227.50748249401101,25588000
2022-03-31,220.99758911132812,227.09003512960345,220.89819575050467,227.050271719155,24192300
2022-04-01,223.4723663330078,225.88747061892326,221.3355301287633,223.17420137831095,19544800
2022-04-04,232.45697021484375,232.9141584967844,224.4761707281819,224.5954306429058,28054800
2022-04-05,230.41952514648438,235.40877212269618,229.60455712834818,232.64580624643807,29727200
2022-04-06,221.93185424804688,227.5869943073352,220.0534347973533,225.51973655141703,28995100
2022-04-07,221.58399963378906,224.13826072274853,217.22089742942342,222.5579910036232,21037200
2022-04-08,220.96780395507812,223.7506516153979,218.68189283534048,221.0175006421963,18375700
2022-04-11,215.13377380371094,219.25834102408078,213.90136572366154,217.08175655006357,20516600
2022-04-12,212.82798767089844,220.66964592068672,211.82418128693826,218.89061972232165,20128800
2022-04-13,213.67276000976562,215.2828294039115,210.035181219371,210.5221844449588,19231800
2022-04-14,208.89224243164062,213.672784817033,208.71335255165468,213.57339144017408,18379500
2022-04-18,209.4786376953125,212.07264709493094,207.0237699231897,208.71335116143658,16580800
2022-04-19,215.9785614013672,217.0916944228771,207.71947834896403,209.23016971051322,20089900
2022-04-20,199.19204711914062,212.8478691260069,197.70123745239846,212.30123588180808,43036500
2022-04-21,186.917724609375,201.72642800365506,184.44297508567922,200.36482668468886,49954100
2022-04-22,182.98199462890625,191.5392434487167,182.14714478436412,189.20363537318656,36426800
2022-04-25,185.84434509277344,186.0331682517246,180.54699940296942,181.61043578359198,29281100
2022-04-26,179.84130859375,186.0430813069256,178.40019583869753,185.48651487727477,31747400
2022-04-27,173.87808227539062,180.09973710282176,167.96454082382462,173.36126405734134,71062900
2022-04-28,204.4695281982422,207.25237617780846,191.71813328423755,201.67674694623264,100890600
2022-04-29,199.24172973632812,211.17813949886104,198.67521482363207,203.20728862930306,49193400
2022-05-02,209.83644104003906,210.58184589553264,199.75856800037803,199.9374578863522,49915300
2022-05-03,210.73089599609375,213.5833067211387,206.8150338563756,209.16057479885507,41556300
2022-05-04,222.04116821289062,222.92571456688998,205.69196056948346,209.3593391617066,41375900
2022-05-05,207.00389099121094,218.82104171123007,204.89688484221818,217.3998104374133,41129200
2022-05-06,202.5215301513672,208.09715896786054,199.78837906809204,206.0696493080628,34747200
2022-05-09,195.00784301757812,201.32887639088509,194.3816981264719,198.61559197295782,36303200
2022-05-10,196.4390106201172,201.71648947889784,193.00021821344717,198.28761517834263,34452500
2022-05-11,187.58360290527344,199.4405009853025,187.11648136355788,195.1270956342218,31153400
2022-05-12,190.0682830810547,196.83655596627145,183.64785665599524,185.91388594359296,38262200
2022-05-13,197.403076171875,198.66529929290215,190.10805103941027,191.40008914110496,24549800
2022-05-16,198.81436157226562,204.11170683714172,194.7295426618797,195.84269080888842,27112600
2022-05-17,201.3785400390625,204.2011508514978,197.14464656835696,200.88160354490606,24872700
2022-05-18,191.0621795654297,199.76850288852583,190.45591633811117,198.77462973982668,23960000
2022-05-19,190.11798095703125,194.09347340576906,188.43834813629167,190.0285360166067,24446900
2022-05-20,192.35418701171875,196.6974226336246,186.71892853295577,193.77543338568094,31465600
2022-05-23,195.0277099609375,195.7830632064403,190.06829300467948,193.99408863195958,25059200
2022-05-24,180.1693115234375,182.554600859833,175.03098949702158,179.443788418123,50406300
2022-05-25,182.70367431640625,184.31374371387494,178.22131257273935,179.2946820608529,28030200
2022-05-26,190.4558868408203,191.64853140148557,181.1432865674152,181.75949813657598,23056500
2022-05-27,193.93446350097656,194.13323508857775,188.6371180405201,190.1875576552293,22562700
2022-05-31,192.45358276367188,196.38932683645706,190.83356478903687,193.6959241146988,26131100
2022-06-01,187.48422241210938,198.3074999473224,183.866524907037,195.30599891606946,36623500
2022-06-02,197.64158630371094,199.70884397313927,186.57977490948628,187.29536468603064,31951600
2022-06-03,189.61111450195312,195.40539666888782,188.61724137209058,194.77925174417828,19465000
2022-06-06,193.0598602294922,195.71349973172943,187.24569621051458,192.8014586688735,30574200
2022-06-07,194.45126342773438,195.32587659729063,190.31676291096798,190.7540543304463,18828700
2022-06-08,195.4351806640625,200.79215537808184,193.21884818214414,193.47724969543168,22267200
2022-06-09,182.87265014648438,198.22798648713731,182.55460347558127,193.08966438709655,23501600
2022-06-10,174.49429321289062,181.97815583220992,173.94766001941935,181.91851071222317,27450800
2022-06-13,163.2535858154297,171.5226170775294,163.02499925449797,169.5448041990691,31749300
2022-06-14,162.72682189941406,165.72832260303596,160.37134774439835,165.01273283044665,27244300
2022-06-15,168.3124237060547,171.10520482592023,162.97531458806148,166.17558733834247,30008300
2022-06-16,159.8843536376953,164.06856587545087,158.63207904686337,162.7168979129167,26944100
2022-06-17,162.7367706298828,164.88352478623966,158.9202867807294,160.68937950914022,31374200
2022-06-21,156.08775329589844,166.73212433414977,155.01436866623226,164.9133349754347,50724900
2022-06-22,154.89512634277344,159.8048466431688,154.48763473830567,157.4096240342651,47267800
2022-06-23,157.77735900878906,158.77123213640348,153.30492993452418,155.3125578985894,40499200
2022-06-24,169.11744689941406,169.20689183692465,160.31173080572336,160.73908895069596,68736000
2022-06-27,168.4515380859375,170.69768557784752,166.98059514564056,170.27032747262896,29174600
2022-06-28,159.69552612304688,170.25046900162855,159.6259628903936,168.85903753025923,27744500
2022-06-29,162.93556213378906,165.31091829002042,159.3377462831316,162.56783393134958,28595200
2022-06-30,160.26205444335938,164.2176655563591,157.51896985472115,161.156534262504,35250600
2022-07-01,159.04949951171875,159.63588095876648,154.05031939240212,159.3277827464295,31423900
2022-07-05,167.15951538085938,167.21914533907915,156.0579549217205,157.1710879159555,28618600
2022-07-06,168.72984313964844,170.5386843247056,164.44625243638922,167.1694550682764,23085900
2022-07-07,171.135009765625,171.66176129001508,166.75202579976818,168.4117920399614,24083400
2022-07-08,169.8330535888672,171.34372990111598,167.11976889264292,168.93855862906864,19249200
2022-07-11,161.88204956054688,166.46380499342524,160.91799147498486,166.04638012626944,21885600
2022-07-12,162.26963806152344,164.89346199874834,161.10680854943146,163.79026243620507,16639700
2022-07-13,162.48831176757812,163.96917291871372,158.6320794483216,159.1787126634687,16555100
2022-07-14,157.08164978027344,161.59382707611041,156.31636323095012,160.23222575346915,23765200
2022-07-15,163.69088745117188,163.96917069050158,158.84079730478325,159.55637194498883,23342800
2022-07-18,166.2053985595703,170.63807937279228,164.6251439294265,165.72834370553264,23574300
2022-07-19,174.7030029296875,175.40865946555184,168.47141468080926,169.32614610755383,25933700
2022-07-20,181.96820068359375,182.47508561034078,175.61735293351956,176.40252108207747,24784300
2022-07-21,182.04771423339844,182.72355575431672,177.77405733218947,179.52328350494386,27195800
2022-07-22,168.23291015625,174.52412893366912,167.37817865176729,172.00963111013408,42583900
2022-07-25,165.62893676757812,169.5249324467233,163.80021400572573,167.96454448781833,26166300
2022-07-26,158.17489624023438,164.98293297426838,156.98225156504662,164.923303015304,28468400
2022-07-27,168.54100036621094,169.82308997915436,161.02732223474763,161.59382200990407,43846600
2022-07-28,159.7352752685547,160.52042829283477,153.9012454107436,160.0731884605082,73214300
2022-07-29,158.12518310546875,159.15880423990927,154.21925475587742,156.72381868876744,42065400
2022-08-01,158.95010375976562,164.17788551623966,154.27890362966764,156.28653136309566,40596700
2022-08-02,159.20852661132812,161.245969400796,157.04187547221665,157.3400404208484,27374500
2022-08-03,167.7657470703125,168.50120330402234,160.58005031310424,161.69318309837115,31721900
2022-08-04,169.52493286132812,171.0952389297098,165.77802722884468,167.26883679895064,23938200
2022-08-05,166.0861358642578,170.5585648550986,164.7841645178166,165.96687594406475,25832700
2022-08-08,169.20687866210938,176.42239120017555,166.10599974745259,166.970664406663,27299100
2022-08-09,167.4974365234375,168.49130964832128,165.579268671756,167.91486141605264,18655100
2022-08-10,177.24732971191406,179.37421759567098,172.88422729389077,174.91173696419384,30262100
2022-08-11,176.4025421142578,181.9781708161605,175.2893939289972,178.60894161117974,24079100
2022-08-12,179.3940887451172,180.34821356297536,177.8138342069235,179.70218696969965,21274000
2022-08-15,179.78167724609375,180.32831040143196,177.10815658522864,177.8635097327133,15878700
2022-08-16,178.3704071044922,179.88109846814805,175.95528757694825,178.34059212461017,21156700
2022-08-17,173.77870178222656,177.04853731084486,173.10286024979172,175.6769877047996,20118100
2022-08-18,173.58987426757812,174.68312554679468,170.80702663496402,173.27182760542814,18844500
2022-08-19,166.930908203125,171.26419489376,166.02648017435698,169.15717391664904,26240800
2022-08-22,162.05099487304688,164.476047407373,161.2658267144044,164.476047407373,19499700
2022-08-23,160.12289428710938,164.03875669184026,159.71540268015417,161.48449556879405,18111800
2022-08-24,162.2597198486328,164.4462528413282,158.79111237124837,159.61602887934706,20891500
2022-08-25,167.74586486816406,167.84525822310928,163.01503537952888,164.1679164042909,15550500
2022-08-26,160.78878784179688,169.8727873091303,160.67946119490765,167.4477345347144,24023600
2022-08-29,158.1947784423828,162.05101089732318,158.03575510778117,159.6756548109233,20052700
2022-08-30,156.19711303710938,160.66954235938263,154.95477155870012,159.36757091645794,19567900
2022-08-31,161.93173217773438,166.8116525959876,161.1465791243808,166.04638125033776,40953000
2022-09-01,164.3468475341797,166.33459362667566,159.36754903198496,162.5777547250822,30145700
2022-09-02,159.33773803710938,166.90109754944598,158.2444715927863,166.42404272160482,22634200
2022-09-06,157.56863403320312,160.69934338609633,156.72385100042874,159.11908880246543,19339800
2022-09-07,159.40728759765625,159.97380247894736,155.84922048839294,156.7933967919132,16831200
2022-09-08,161.0670623779297,161.23601897483294,156.7735387326319,157.73759679430853,22530800
2022-09-09,168.11361694335938,168.5012268184128,162.021185582407,162.2497721330029,22086800
2022-09-12,167.92478942871094,170.33989354908965,166.2550748960343,166.36440153308635,23220400
2022-09-13,152.19178771972656,160.63970879572776,151.73459943582296,160.55024869400128,44444100
2022-09-14,150.54196166992188,152.5992711282938,148.1367905558092,152.3905662670895,43064200
2022-09-15,148.6337127685547,153.2552162328267,147.78891463773996,148.8821810228768,34606300
2022-09-16,145.39369201660156,147.66966995341454,143.40594577708643,147.14291841316705,40122800
2022-09-19,147.11309814453125,147.66966464514056,144.2109905589971,144.35013218414943,22169500
2022-09-20,145.1949005126953,147.92805121718575,144.33023586998831,144.88680231427318,23217400
2022-09-21,141.2492218017578,148.6834025447015,141.12996189811955,145.49306363469597,38338600
2022-09-22,141.94497680664062,143.69418816808187,140.0069119466427,140.68275360433,34418500
2022-09-23,139.54971313476562,141.74616399683237,138.03902191153918,140.55351941651617,31710700
2022-09-26,135.53448486328125,141.36853092133398,135.35559496473567,139.2615094026643,30497000
2022-09-27,133.57650756835938,138.56575361854922,133.29822437817793,137.074944314593,30826500
2022-09-28,140.74237060546875,141.15979548854583,133.44734567518378,133.79519216176465,32658500
2022-09-29,135.57421875,138.9831958400463,134.37162575453945,138.5061410492141,38985400
2022-09-30,134.8487091064453,140.1261885611635,134.6698192089811,135.21645250451328,33166400
2022-10-03,137.76072692871094,138.7645331248227,135.26611134306634,136.29973251374494,27723100
2022-10-04,139.42051696777344,141.51758981106852,138.4862738292486,139.62923699107577,34670700
2022-10-05,138.1284637451172,139.35093844042655,133.95420022497578,137.39300743915362,27979300
2022-10-06,138.21792602539062,140.58333346387275,135.76305849087,136.8761914030969,36231100
2022-10-07,132.63233947753906,137.4426808191438,131.62853327773024,135.92205644944352,33214800
2022-10-10,132.97027587890625,135.27606875896632,131.06204133952897,132.73175603979664,24024000
2022-10-11,127.75244140625,131.84720888440322,126.21194265319161,130.8135723694131,38481400
2022-10-12,126.71881103515625,128.87551368548736,125.47646975049786,127.53379419723562,34605200
2022-10-13,129.49171447753906,130.33651264572137,121.77926498174635,122.77313804299642,34325700
2022-10-14,125.98335266113281,130.98252541469182,125.7448176644751,130.19737236097194,23559400
2022-10-17,133.21871948242188,133.96412417218883,129.38236940580933,129.50164446857414,29612200
2022-10-18,131.98635864257812,136.99547269478526,130.59492711980326,136.2500678250026,25445000
2022-10-19,132.41371154785156,136.16061745700355,131.4099051560343,132.07579832668145,30691000
2022-10-20,130.72413635253906,135.93203720355203,130.5054830427251,132.1155527192634,26356300
2022-10-21,129.21340942382812,129.3227360487245,124.67141818650857,125.53608275095458,46348600
2022-10-24,128.9252166748047,132.66217398229915,123.80676881517311,126.4703489630446,63563400
2022-10-25,136.66746520996094,137.50233002161997,129.78986614962272,130.0780978004627,38433200
2022-10-26,129.0246124267578,134.71950101281618,127.74250764209185,130.8732018241182,82791500
2022-10-27,97.33992767333984,101.87198629575688,95.7894805793686,97.37968350473905,232316600
2022-10-28,98.59220123291016,100.2320932437833,96.91256097369354,98.96987783601818,95928300
2022-10-31,92.5892105102539,98.71146412763262,92.03263648492923,97.61820536552739,121361400
2022-11-01,94.6167221069336,96.89269256066032,92.97683745371585,93.75205730781525,110189600
2022-11-02,89.98526763916016,94.61671214944352,89.92563768208967,93.63277994453209,71821100
2022-11-03,88.36524200439453,89.90574042933392,87.86830556099827,89.52807146210617,60664000
2022-11-04,90.2337417602539,90.83006411761089,87.55027977817227,89.79643515962205,55638100
2022-11-07,96.12739562988281,96.28641136335965,92.52957272034931,94.19927962642603,81987300
2022-11-08,95.87893676757812,97.2007897772896,94.20922969811359,95.3323035432163,52088300
2022-11-09,100.84830474853516,104.25728978748832,100.12277404860576,101.0967730237281,107677300
2022-11-10,111.18458557128906,112.05919116280576,103.96906479766398,106.46368838261209,80671000
2022-11-11,112.3275375366211,114.19602386926609,108.14333257965471,108.56076505602978,59961700
2022-11-14,113.52017211914062,115.5576071629423,110.12112837341664,110.30995908196863,53395000
2022-11-15,116.36266326904297,118.01248865648596,113.70902393693684,115.35884932437982,50670500
2022-11-16,112.5362548828125,115.36879171219235,111.96974751693652,113.79847038830808,33287800
2022-11-17,110.76714324951172,111.6417563458228,109.12725885922697,109.73352199820651,35093800
2022-11-18,111.36348724365234,113.61957591226657,109.94224836452173,113.10276522106008,33357700
2022-11-21,109.18690490722656,111.68152863781945,108.52101171630886,110.83673039387718,24351100
2022-11-22,110.75721740722656,110.93611486322943,107.65633069739341,109.18689613594024,29029000
2022-11-23,111.55230712890625,111.97967283650999,110.05156430820547,111.03549648798172,21343100
2022-11-25,110.72740936279297,112.03932159475777,110.3397918649702,110.61808271157506,12007600
2022-11-28,108.11351776123047,111.3535462849675,107.71596699309367,110.10126401926419,23309400
2022-11-29,108.78933715820312,110.2602725276477,107.87497582234123,108.86884881766483,23899200
2022-11-30,117.37640380859375,117.43604134684036,108.70982973817189,108.83903808549826,43348600
2022-12-01,119.70207214355469,120.45741019936582,117.67457021883354,118.4696641064215,36551400
2022-12-02,122.7333755493164,123.28000873639549,116.88940499609943,117.10805827093105,39950500
2022-12-05,121.67987823486328,123.90615175140682,120.6064935173219,121.00404425522422,35474900
2022-12-06,113.42079162597656,119.8113954396463,113.04311502596771,119.17531731427803,43689200
2022-12-07,113.2319564819336,115.17000588939271,112.18838675013279,113.06299988387809,29461100
2022-12-08,114.62337493896484,116.62105420996505,113.88790345927049,115.67687789278482,30619400
2022-12-09,115.18988037109375,116.81983145836867,113.1723194266406,114.59355809717717,26033400
2022-12-12,114.0071792602539,115.0109931868295,112.44679883941056,114.47430081764996,24747100
2022-12-13,119.41385650634766,122.5445583409628,117.91310597675847,121.38172103143137,44701100
2022-12-14,120.84502410888672,123.37940349492655,118.65850636682676,118.65850636682676,36922000
2022-12-15,115.4383544921875,117.90315537185842,113.31146680462894,117.60499801105038,34531000
2022-12-16,118.6982650756836,122.55448998820393,118.09200187582744,119.49336659168677,67064000
2022-12-19,113.77857971191406,117.07823763333576,113.62949725149599,116.11417964963428,29769900
2022-12-20,116.37259674072266,116.61113174238874,111.7709670530095,112.56606855992989,28742500
2022-12-21,119.02623748779297,119.60267808863577,114.91160370554675,115.98498082678306,20392800
2022-12-22,116.40241241455078,117.89322196481713,113.67919484322327,116.48191649441804,23618100
2022-12-23,117.3167724609375,117.45591407744604,114.83208990521445,115.31908556299433,17796600
2022-12-27,116.16388702392578,117.87334999601642,115.33897810077517,117.20745682838695,21392300
2022-12-28,114.91161346435547,117.42611125786506,114.80228681397243,115.53775080347184,19612500
2022-12-29,119.5231704711914,120.28844935358504,115.0606751906067,115.686820040669,22366200
2022-12-30,119.6026840209961,119.68219568803877,117.01861550330855,117.43604796395763,19583800
2023-01-03,123.97572326660156,125.59574120579911,121.53079645118066,122.06748881300227,35528500
2023-01-04,126.5896224975586,128.25932964870879,125.07893110322502,126.59955576928763,32397100
2023-01-05,126.16224670410156,127.73256793435728,123.77694988060482,125.35720438179855,25447100
2023-01-06,129.22340393066406,129.53150221104664,125.26778506788754,128.17983398736982,27584500
2023-01-09,128.67674255371094,132.13541645576194,128.48790425134828,130.3563904027696,26649100
2023-01-10,132.1751708984375,132.62241069903098,126.37094884760718,126.49020875035266,28684400
2023-01-11,132.07579040527344,133.0299152160999,129.54141106789942,130.1576226778225,25423000
2023-01-12,135.87240600585938,136.83644901635395,130.9527217450328,132.62243653523657,30757700
2023-01-13,136.14071655273438,136.5482081142018,134.0138289821679,134.143037322462,22423800
2023-01-17,134.53067016601562,135.912153237651,133.4274703631053,135.34563826291023,21147600
2023-01-18,132.20497131347656,136.4090492405076,131.98631807232636,134.97786990399587,20215500
2023-01-19,135.31581115722656,136.60784916928276,131.33038564306105,131.67824728044906,28625200
2023-01-20,138.5160675048828,139.08258236292937,133.78523774574157,135.05739390223835,28688600
2023-01-23,142.39219665527344,142.87918474581332,137.810441270931,138.4365709823822,27470100
2023-01-24,142.2629852294922,144.11158967608705,140.4938924453131,140.8218723657911,21970200
2023-01-25,140.63304138183594,142.2928076122308,139.450329985463,140.35475813154815,26622000
2023-01-26,146.39749145507812,146.60619628612716,142.4219995766798,143.51525074406055,25482100
2023-01-27,150.810302734375,152.25141563019716,146.4869488816092,147.33174704397013,35771900
2023-01-30,146.15896606445312,150.19408815910592,146.04963942401824,148.49457376224427,28040100
2023-01-31,148.05726623535156,148.96169433075355,146.6161533774126,147.04351150022737,29842100
2023-02-01,152.1818389892578,152.63902727227818,146.15897063668632,147.12302872377973,55661000
2023-02-02,187.61341857910156,195.95201280351327,179.05617107199924,182.25644348378054,150475700
2023-02-03,185.38714599609375,195.5644118824682,181.76944856034302,182.3458967715445,76809700
2023-02-06,184.92002868652344,189.53159931695424,184.38334387908242,185.38715026212031,42483800
2023-02-07,190.4459686279297,192.5927382769881,183.27020325370177,184.44298145960062,47080700
2023-02-08,182.30612182617188,189.66079131558624,181.79925204256867,188.8358748844132,36139100
2023-02-09,176.82989501953125,185.50640268538584,176.18388358932918,184.98959960734402,37118800
2023-02-10,173.0829620361328,177.79392511151502,172.28787583657726,175.26949458080207,33433600
2023-02-13,178.33062744140625,179.8910153511435,174.7427604232,177.1280495882559,31463200
2023-02-14,178.3803253173828,180.39788633401318,174.80239154588455,176.07454779779044,24034600
2023-02-15,176.0745391845703,177.09822713149123,174.25574982777832,175.3390677265124,25308900
2023-02-16,171.3834686279297,174.77257931786272,170.7374420558266,171.6915668424147,25827500
2023-02-17,171.82078552246094,172.11893531873136,168.66026119429526,169.17707944999717,24171300
2023-02-21,171.0256805419922,177.07836392822645,170.82690896007983,173.24201325264931,34592600
2023-02-22,170.07156372070312,171.70151503356692,168.6503324361141,170.0218821968618,22433200
2023-02-23,170.98590087890625,172.6258003957799,168.34221027661286,170.9461526324206,20017800
2023-02-24,169.3460235595703,169.67400347656468,166.63275445663348,167.60674577160847,19791300
2023-02-27,168.501220703125,172.0592878409127,168.0241659123647,170.82689503434042,19277000
2023-02-28,173.8681640625,176.4621734828201,170.81696633944566,170.84678131948266,46051100
2023-03-01,172.35748291015625,176.76034892870342,171.98975469103033,173.5203126964445,30998400
2023-03-02,173.46067810058594,173.93773296202326,170.37966529709786,171.32385691337043,17352000
2023-03-03,184.114990234375,185.4765915170855,175.96523391562997,177.82377174418224,45877700
2023-03-06,183.76712036132812,188.49796577179592,183.5087188285636,186.84813287377062,33209400
2023-03-07,183.37950134277344,189.1936644453317,182.8825648439325,187.84199656187243,36701500
2023-03-08,183.8367156982422,184.12493223576377,180.2289513514788,181.74957604062854,19432400
2023-03-09,180.57679748535156,187.77242868564437,179.19531454783962,185.20824955352518,26582800
2023-03-10,178.41015625,183.63793850658038,177.7045148355225,179.90096591277234,25665000
2023-03-13,179.79165649414062,182.65401617386718,173.7489207607426,176.8696820139383,24728000
2023-03-14,192.8312530517578,193.12941799926793,185.41695343969602,186.43070819511073,41642600
2023-03-15,196.53839111328125,196.56820609087097,189.6707248561998,191.76779755003815,42123600
2023-03-16,203.6743927001953,204.4993091346948,194.88855875718457,197.04526141183072,50447100
2023-03-17,194.41152954101562,200.66298504811758,194.2326244861609,199.33119865265817,50141100
2023-03-20,196.59800720214844,198.1385133185927,192.45355879120086,197.26390026351768,25186300
2023-03-21,200.92138671875,202.30286970176957,196.73717435368076,201.9550080555266,31827000
2023-03-22,198.5857696533203,206.09944740765945,198.44662803436213,201.2592905567942,28477800
2023-03-23,203.0283966064453,206.60634584933646,200.91144204062635,201.59721690928885,27389700
2023-03-24,204.74777221679688,206.30816011335196,202.3028531180641,203.92285580314848,27716400
2023-03-27,201.59719848632812,204.5986992343891,200.12627067213808,203.55512953680412,18527200
2023-03-28,199.45045471191406,199.7983163774809,196.68748859239096,198.92370316026185,19127300
2023-03-29,204.0918426513672,204.45957083736363,201.2990465630899,202.31280134902292,18851100
2023-03-30,206.56655883789062,206.81502708567444,201.57732734140617,202.1338937899942,22608300
2023-03-31,210.6414337158203,210.87002024615563,205.5031124264456,205.9702339223249,25440300
2023-04-03,211.76455688476562,212.18198178307043,206.92438438820392,207.5604625901875,17924600
2023-04-04,213.4044189453125,214.91511020236734,211.23776784654058,212.0825659910519,21026400
2023-04-05,210.1842498779297,213.87152524179388,208.6536921883036,212.8378888681547,19396600
2023-04-06,214.77598571777344,215.61083549275847,207.3716188960154,207.96794882974766,26104400
2023-04-10,213.43423461914062,214.33866272215778,209.36929753894145,213.39448637040647,16106100
2023-04-11,212.53976440429688,214.69646716988922,212.1024578222782,214.1597672136664,16710100
2023-04-12,212.68881225585938,215.51140780687314,211.2775144803525,213.5236618979399,18972200
2023-04-13,218.9999237060547,219.7950099814035,214.36847184218473,214.40822008983272,23310400
2023-04-14,220.13296508789062,220.74916157577553,216.21710252809194,216.54508248092435,21591200
2023-04-17,217.51905822753906,219.62606425902763,215.79966208232054,218.4433528927602,15481900
2023-04-18,216.55499267578125,219.08937192101277,214.88529327416447,218.56262043131468,12281000
2023-04-19,214.37841796875,215.99843592425572,211.62538532109843,212.1620852709725,15898100
2023-04-20,211.76455688476562,215.4220027548462,211.46639191017633,212.17203334589377,16475400
2023-04-21,211.5856170654297,212.10243525877246,208.2958999442497,208.92204477146694,17717200
2023-04-24,211.4862518310547,212.60933329520725,209.4190091133209,212.3707982899456,15750900
2023-04-25,206.27835083007812,209.96561128632757,205.86092597646305,209.52831989108722,19198200
2023-04-26,208.1170196533203,212.79816859509984,207.60021656386388,211.19803230841,41992700
2023-04-27,237.09835815429688,240.20918572943341,235.31933202421376,238.42021116281657,71196500
2023-04-28,238.84759521484375,238.95690669923516,234.30558778209902,237.5456086902246,39554000
2023-05-01,241.69004821777344,242.50503142238927,235.01123507493745,237.1579894012456,29143900
2023-05-02,237.77420043945312,243.41939223838253,237.5257321701629,241.6900476246149,24350100
2023-05-03,235.57772827148438,240.26881028953395,231.3239528227054,238.00278094449465,34463900
2023-05-04,232.0892333984375,236.74055188319167,231.5028367871656,234.61366421305814,17889400
2023-05-05,231.35379028320312,233.24214319913975,228.441749237586,230.8171054557719,27000500
2023-05-08,231.8407745361328,234.17636714390704,228.85915533576608,230.00210329645353,16400500
2023-05-09,231.94015502929688,234.43478615731217,229.66419235665347,230.0418689786509,16865600
2023-05-10,231.6519317626953,235.29944402768135,229.30639076366379,234.7229958402169,19119000
2023-05-11,234.3453369140625,236.75052321631054,230.87672942184838,231.6221342638268,20449000
2023-05-12,232.37744140625,235.50815042447863,230.03190054282626,235.28949715341636,16161400
2023-05-15,237.3965301513672,238.7879464303977,233.8881593086045,235.46841390378202,20653200
2023-05-16,237.3567657470703,238.17173375066986,234.07698169506946,234.3453164957857,18163800
2023-05-17,241.0042724609375,242.34599192974844,236.6809187868498,236.98901699453307,21193100
2023-05-18,245.3376007080078,245.5761205655695,239.7122748658924,239.82160152237526,22943300
2023-05-19,244.13497924804688,247.1662951314435,241.91864655785506,245.95376877808485,21733600
2023-05-22,246.79855346679688,252.0163867765751,243.6181476981217,243.90637936399096,27738500
2023-05-23,245.22824096679688,250.06839785063008,245.13878086697943,245.29780419410025,17748100
2023-05-24,247.68312072753906,248.06078219131115,243.44921163619486,243.77719157744687,17724300
2023-05-25,251.14178466796875,254.05382543946865,247.6433472684531,251.8474260443769,22371400
2023-05-26,260.4344787597656,260.7028135397748,251.16164222922555,251.3802803282078,25727200
2023-05-30,260.9115905761719,267.0040383559522,259.68914590944416,263.62487542510655,23816500
2023-05-31,263.09808349609375,263.3763667458465,256.8665101905946,258.40700133554753,25473700
2023-06-01,270.9397277832031,272.3212259333044,264.2609297536013,264.2708478596671,25609500
2023-06-02,270.9397277832031,273.6629606673439,269.4588665888467,270.9894396359303,19416900
2023-06-05,269.7272033691406,273.8815851580303,267.9083988254263,268.6438551269302,20742900
2023-06-06,269.4588317871094,274.87545154581574,268.03760073510387,268.4848556988853,19419000
2023-06-07,261.9849548339844,272.5696972670213,261.1898381568145,270.0055180183233,26163600
2023-06-08,262.95892333984375,266.01012094205356,257.29386504297963,259.02319447783515,20899400
2023-06-09,263.32666015625,266.3082791185902,260.0965729470481,260.87179266403274,16949800
2023-06-12,269.3892822265625,270.0850055045359,263.7043270796276,265.53308021076936,15442500
2023-06-13,269.65765380859375,274.0306893344269,267.44130590092897,273.1958395792714,16164000
2023-06-14,271.6751708984375,273.30510672822936,266.6759912844926,270.2241249163189,19175100
2023-06-15,280.1032409667969,282.2500104912735,269.75704874068026,270.6316315864153,25973500
2023-06-16,279.2783508300781,286.0863878683906,278.41368605584915,283.0053750849279,43127700
2023-06-20,282.5879211425781,283.05504270613227,274.5276249753558,277.02225612652796,20701600
2023-06-21,279.9144592285156,282.259985393519,276.65452605447956,281.79286378193234,20556200
2023-06-22,283.134521484375,283.5121980457788,276.0879661416074,277.3700403666748,17563100
2023-06-23,286.9610290527344,287.89527231680154,277.24095006179635,279.78526310801215,51092000
2023-06-26,276.76385498046875,288.01450622377763,275.89919020009205,286.9311881390044,24232700
2023-06-27,285.2912902832031,287.577216844413,278.93050786139884,280.28219118699644,26108300
2023-06-28,283.54205322265625,287.77593182512726,282.31957844224354,283.07493167215046,16722100
2023-06-29,279.8050537109375,284.81418193077235,278.970204062731,282.75685762058714,15395700
2023-06-30,285.2217102050781,287.2790044495299,282.6773975218588,283.0153107326895,19694900
2023-07-03,284.26751708984375,287.6268123583389,283.10470277726864,284.9433737158313,8629300
2023-07-05,292.56640625,296.2934302050085,284.6054733763103,285.8875781094008,33865500
2023-07-06,290.20098876953125,296.29343555760886,289.5251623594911,294.077118017242,47600500
2023-07-07,288.7499694824219,294.38524367476765,286.89143151632925,290.3898541389388,25586000
2023-07-10,292.2980651855469,296.30337229687683,285.2912421018023,293.7391628856008,37058300
2023-07-11,296.4623718261719,298.3407759365932,290.11150909389073,292.09925500111933,27585900
2023-07-12,307.4446716308594,307.55401343328566,298.261294773323,299.90117916494063,36677100
2023-07-13,311.48974609375,314.3023933881679,308.38886713165334,311.6984509348841,30281000
2023-07-14,306.9775390625,312.95072531159866,305.4767811736153,309.8796614772566,23054100
2023-07-17,308.71685791015625,309.8001759510319,302.8430642410926,305.65574210324695,25323100
2023-07-18,310.1380920410156,312.27494349335836,305.73524144025225,308.97527748671035,20731900
2023-07-19,314.0738220214844,316.7274459935439,308.6174385296386,311.11206950979573,21763700
2023-07-20,300.66644287109375,313.60668847713265,300.36829310945075,311.57917910617147,23836900
2023-07-21,292.45709228515625,303.58845220441054,289.4158431901848,302.7039209651899,42139300
2023-07-24,289.82330322265625,295.6970965406235,286.53358588004187,293.9677671533127,24915700
2023-07-25,292.665771484375,296.4722915723306,290.07174728917016,293.38136122816303,19585600
2023-07-26,296.7406921386719,299.9210677894929,290.1115453638224,299.3446347497926,47256900
2023-07-27,309.8001708984375,323.3566143393983,307.94163308198955,323.12801261078397,64229200
2023-07-28,323.4858093261719,324.20139913117765,312.3246041214481,314.9384950804358,39220300
2023-07-31,316.6479797363281,323.6647214847441,315.6441581868232,321.7067902397238,25799600
2023-08-01,320.7327575683594,322.1540190549493,312.7320917953881,315.5944509795889,22817900
2023-08-02,312.38421630859375,316.4392350831681,308.7466375342772,316.05161005931467,20461100
2023-08-03,311.2711181640625,314.01421762187664,308.03108215696903,308.03108215696903,15180200
2023-08-04,308.826171875,316.4591093262651,308.29942039197095,313.0302353033232,17612800
2023-08-07,314.6204528808594,315.1273378463386,308.5578211596519,311.31086894247983,16236500
2023-08-08,310.7244873046875,315.94232085738867,308.2099593514396,312.47368326135734,15183500
2023-08-09,303.3399963378906,311.7084210744375,300.9944704116668,310.96301625931727,19955800
2023-08-10,303.86676025390625,310.4263289606165,302.0082223586352,306.05329326634325,14358900
2023-08-11,299.7918701171875,302.85298565091904,298.5196835435255,300.7161647396788,14046300
2023-08-14,304.31396484375,304.33383138398744,296.42261109428927,299.1358952011911,15641900
2023-08-15,300.1000061035156,305.3476550580953,298.19175633339523,304.2643369775201,11623600
2023-08-16,292.4869079589844,299.2352841208073,292.4769595227071,298.36070131576014,18547700
2023-08-17,283.3432922363281,294.2361334501716,283.20416576746555,291.2545140049859,23950100
2023-08-18,281.5145263671875,283.9395789060304,272.69887773772837,277.3203811071162,35347900
2023-08-21,288.12384033203125,288.72017032998673,280.1231730454899,281.71337626316995,20181500
2023-08-22,285.837890625,291.1054055726011,284.9930924800381,290.75754394460523,12980200
2023-08-23,292.43719482421875,295.577837283612,285.90747197497666,286.7323732562124,18287000
2023-08-24,284.99310302734375,297.6252212635556,284.88379154825276,296.67111160823754,18360900
2023-08-25,283.7507629394531,286.62307068516355,274.3387837050851,284.3769078296585,23701400
2023-08-28,288.4815979003906,289.66430924281576,284.0489023100417,286.235435127281,14239300
2023-08-29,296.1642150878906,297.31711144463566,286.41432307081345,286.81186621747776,20844500
2023-08-30,293.2919616699219,296.4624193263805,291.63218022598824,295.3492862928779,17717000
2023-08-31,294.0771484375,299.2552191889363,293.84854668813364,293.98767316078107,17229900
2023-09-01,294.56414794921875,299.89129381632125,292.665846471251,297.53581915258957,12842300
2023-09-05,298.3110046386719,299.5434279064048,293.6994492306064,295.20017698548935,14956000
2023-09-06,297.3370056152344,301.44167572223057,293.84850159896115,299.8614212554446,15418100
2023-09-07,296.8400573730469,305.1686874983564,290.4295644962477,296.17414912853707,33748700
2023-09-08,296.0648498535156,303.37974075580405,294.961635024311,297.38668763075606,17548000
2023-09-11,305.6755676269531,307.1465105386814,299.43404660082416,299.563254939566,19489300
2023-09-12,299.811767578125,306.7688793846926,298.3905363026989,304.45313804108457,13480400
2023-09-13,303.19091796875,305.29792403579717,299.4738423723781,300.5074485328093,13210900
2023-09-14,309.81011962890625,310.95306761186254,303.1611062560932,304.86062074084737,19343100
2023-09-15,298.47003173828125,310.088410840117,296.9195921105287,309.7007857678787,28131100
2023-09-18,300.6962890625,301.73987399777747,295.9753919193005,296.363016980272,14234200
2023-09-19,303.2008972167969,304.2941637770046,297.9731146029142,300.6267693294819,15924400
2023-09-20,297.83392333984375,306.1725017043269,297.5953732045817,303.1809343882213,19379500
2023-09-21,293.9181213378906,298.4203655519059,291.4731715195021,293.8883063562323,21319600
2023-09-22,297.24755859375,303.5089774314611,296.44252379513864,297.4662118927926,25369600
2023-09-25,298.98681640625,299.10610665000064,291.9005270346035,293.8286431788266,18987000
2023-09-26,297.1283264160156,298.4601128779538,294.196418644414,295.83630337505264,19417200
2023-09-27,295.91571044921875,299.45389558155347,285.03282028559045,298.60912787272406,36429800
2023-09-28,302.09765625,304.45313062279126,294.8821582340951,297.1084242521594,22167100
2023-09-29,298.3706359863281,308.7367555097699,297.5258377820146,305.49671948573,25373700
2023-10-02,304.94012451171875,305.2979042369889,299.7819211582257,300.8851056417394,16265600
2023-10-03,299.0961608886719,304.8904274788593,297.8041380438366,302.3958267248528,17362300
2023-10-04,303.7077331542969,305.019652945519,296.67112484514263,296.89972658062237,16880500
2023-10-05,302.9225769042969,304.3338596571605,297.6649799511563,302.76355357583645,19130000
2023-10-06,313.49737548828125,314.37198864360715,299.06634941720114,299.59310093157706,21803900
2023-10-09,316.4093933105469,318.36732433122893,309.9094857370149,310.5853120967943,22503700
2023-10-10,319.8680725097656,322.670801559993,316.21062726540146,317.16473682249733,19038000
2023-10-11,325.8114318847656,326.82517135650716,320.9712755582684,321.03090550774766,22036300
2023-10-12,322.1739196777344,328.5148351436699,320.7129249533555,325.99038888352794,20530500
2023-10-13,312.76190185546875,323.0584117433315,310.45610917882857,321.54773567791074,21341000
2023-10-16,319.18231201171875,319.84822027579327,313.5868020964591,316.68771137426313,16536100
2023-10-17,322.01483154296875,322.4123746515941,315.35587073376195,316.23048377109484,16387800
2023-10-18,315.0279541015625,323.94299691938124,313.6265894069877,319.4208864985658,16851000
2023-10-19,310.8934326171875,319.91781707841454,309.839929589378,317.92012250181403,18709200
2023-10-20,306.7589111328125,313.36816085601043,304.59227516092113,312.21529480774785,22312300
2023-10-23,312.0860900878906,315.415540583069,305.3774469154465,307.6037128698438,17796800
2023-10-24,310.6349792480469,316.3994605723221,308.72676016391097,314.83907275717036,19525500
2023-10-25,297.69476318359375,308.97522722021284,297.00898842237564,308.100614172248,42192500
2023-10-26,286.5832824707031,293.19253178204343,277.688107086094,293.19253178204343,66684100
2023-10-27,294.9119567871094,297.47613587362036,291.1749844672782,292.6757424568994,29596300
2023-10-30,300.8056335449219,307.50432847654946,297.21773591231505,297.25749932854717,28435100
2023-10-31,299.4241638183594,301.81940183622095,295.0411794285565,301.4516736103082,19434200
2023-11-01,309.9393310546875,310.82386233821836,300.0006000946565,300.0006000946565,20434600
2023-11-02,308.9653015136719,316.8666041712566,306.4408555450822,315.3558977661489,21631800
2023-11-03,312.6724853515625,313.61664660431865,309.1144026453778,310.6350272850042,16764300
2023-11-06,313.8651123046875,316.37961003011276,312.523407886489,314.0440325136339,12887700
2023-11-07,316.86663818359375,319.03327432489834,313.1892954750228,315.1174117712226,14055600
2023-11-08,317.8207702636719,319.36126158939925,312.95079765621443,316.1908339897348,13609700
2023-11-09,318.58599853515625,322.1937626103969,316.84672067314426,317.46294745053154,16103100
2023-11-10,326.7556457519531,327.0836408576639,317.5026896858175,317.979759689306,19096200
2023-11-13,327.173095703125,330.2938415366344,323.7044882105345,324.2014247719074,16908900
2023-11-14,334.24945068359375,336.0284919764558,331.28769800766355,332.49030626377095,17179400
2023-11-15,330.6714782714844,336.3266180839063,327.9979574674847,335.85949655936287,14531200
2023-11-16,332.1424255371094,332.5300202413146,324.38027971108323,327.3519503221803,18932600
2023-11-17,332.98724365234375,333.44441677442944,327.33210342724755,328.236531565473,14494400
2023-11-20,337.88702392578125,339.7753766653028,332.14243887763337,332.8381621487933,16960500
2023-11-21,334.91534423828125,337.8174364978858,333.8419443818045,336.2570485629804,12027900
2023-11-22,339.3977355957031,340.8189972653128,336.5055610613419,337.13170600484096,10702700
2023-11-24,336.1577453613281,339.7654796211539,334.7066686426334,338.0460983864779,5467500
2023-11-27,332.6493225097656,337.8174441798354,332.1523859839552,334.12023521458156,15684500
2023-11-28,336.91302490234375,337.3006499613328,331.35727803769555,331.35727803769555,12637200
2023-11-29,330.1646728515625,337.8174779149077,328.75335963186114,337.60877304579327,16024500
2023-11-30,325.14556884765625,331.4566689095043,320.42467176423753,329.8565478251804,23146400
2023-12-01,322.8298645019531,324.8573437683303,318.7947421813911,323.4858243812868,15276400
2023-12-04,318.05926513671875,318.89411491835415,311.73824664836474,315.3460109290539,19037100
2023-12-05,316.3398742675781,319.90787502054275,313.45764837307246,317.025649126037,16952100
2023-12-06,315.5050048828125,320.2755832851544,315.0975133016453,319.9575366368389,11294300
2023-12-07,324.5889587402344,326.22884301958476,315.82299215965526,315.82299215965526,15905100
2023-12-08,330.7112121582031,331.1286521275758,321.0209512459793,321.11039616857465,14087400
2023-12-11,323.2870178222656,327.86878826016766,318.03936943973395,327.38176985090655,25802500
2023-12-12,332.1722717285156,332.4207400057845,322.57145385517197,322.6112172721031,18485500
2023-12-13,332.6890563964844,336.29682043546865,330.60194724752364,331.884021649177,16353300
2023-12-14,331.1286926269531,332.64931715824605,326.6264489887644,331.8045190118393,19607300
2023-12-15,332.8679504394531,336.5850256635905,329.1906082963232,329.9558795687644,31776900
2023-12-18,342.508544921875,345.43053427983546,334.9551032504846,335.4123067172568,18993900
2023-12-19,348.21337890625,351.433548505903,343.00549335643024,343.46266650843853,17729400
2023-12-20,347.1399841308594,352.7851758802444,345.6591229646782,346.5138392448475,16369900
2023-12-21,351.9205017089844,354.2262944451578,347.0703964124121,350.8173171913434,15289600
2023-12-22,351.2248229980469,355.01147701392597,349.06810506469606,353.401377143422,11772800
2023-12-26,352.6559753417969,354.7928267507616,351.2844559546684,352.81499867594215,9898600
2023-12-27,355.6375427246094,356.8003874162468,353.13299382109176,353.88834696542364,13207900
2023-12-28,356.12457275390625,359.68262466965996,355.6176878293389,357.49612231643243,11798800
2023-12-29,351.79132080078125,357.7943229336812,349.6644480974767,356.79050137743616,14987100
