Date,Close,High,Low,Open,Volume
1990-01-02,0.3764820396900177,0.3764820396900177,0.3653467444934085,0.37011938316322307,53035200
1990-01-03,0.37860366702079773,0.38284545168768347,0.37542173686046887,0.3796641404949114,113774400
1990-01-04,0.3897389769554138,0.39026921370712003,0.3764821843261835,0.3786036774808677,125740800
1990-01-05,0.38019445538520813,0.3902693205236859,0.3796642548982435,0.38814840934622574,69566400
1990-01-08,0.38602665066719055,0.3860266506671905,0.3754215923203736,0.3796639943214599,58982400
1990-01-09,0.3849664628505707,0.3902693049353548,0.38284555175782503,0.38602690019201064,70300800
1990-01-10,0.3743610680103302,0.3870876533041987,0.3738308679598368,0.3817848153730072,103766400
1990-01-11,0.36693766713142395,0.3796642631796686,0.36057500627999245,0.376482295581262,95774400
1990-01-12,0.36534690856933594,0.37011954938252567,0.3563325191065586,0.36110512350988866,148910400
1990-01-15,0.36534690856933594,0.3690590758102691,0.36163536029601695,0.36375623462081075,62467200
1990-01-16,0.3764820396900177,0.37860353202967095,0.3584538514186129,0.3626956345730904,80092800
1990-01-17,0.3711799383163452,0.38390587439892065,0.3690590278572683,0.37330081236556717,97588800
1990-01-18,0.4029949903488159,0.402994990348816,0.37966399999459555,0.38019420012558763,292363200
1990-01-19,0.39928361773490906,0.4072375698207331,0.3966325066955002,0.40405563945176026,99259200
1990-01-22,0.3849664628505707,0.3987534954543245,0.38390598909926493,0.3987534954543245,167688000
1990-01-23,0.3807245194911957,0.38708779628362816,0.37860360927630515,0.3860267404136458,139348800
1990-01-24,0.3849664628505707,0.3849664628505707,0.3695893749974427,0.37330092389741537,180345600
1990-01-25,0.3849664628505707,0.39239017961823464,0.38390598909926493,0.38814839384260913,112752000
1990-01-26,0.3849664628505707,0.3870879565011692,0.3817851144163851,0.38390598909926493,68083200
1990-01-29,0.38814836740493774,0.39132971562243446,0.38284552568134234,0.38814836740493774,55080000
1990-01-30,0.38708797097206116,0.39239019428734484,0.38178512868903564,0.38920888214409494,73108800
1990-01-31,0.3923899233341217,0.39238992333412176,0.3870877036801285,0.3902690500364613,112939200
1990-02-01,0.3976929187774658,0.3998138293213058,0.3923900780650919,0.3923900780650919,89193600
1990-02-02,0.3976929187774658,0.4051160510661213,0.3945109886089319,0.3945109886089319,71395200
1990-02-05,0.3998139798641205,0.3998139798641205,0.39557157462133646,0.3971628679934839,59731200
1990-02-06,0.39875328540802,0.39981372219086686,0.39132953614100624,0.39875328540802,81964800
1990-02-07,0.39557138085365295,0.4019346579119945,0.39451094390681946,0.3966324367679747,134150400
1990-02-08,0.3998139798641205,0.4029952922629623,0.39557157462133646,0.3971628679934839,95227200
1990-02-09,0.4008743464946747,0.4019347837735728,0.3987534719368785,0.3998139092157766,62380800
1990-02-12,0.40193480253219604,0.4051161509272301,0.3987534905470273,0.4008743652038065,56088000
1990-02-13,0.40193480253219604,0.4040557135988405,0.4008743652038065,0.4029952398605856,58752000
1990-02-14,0.4029949903488159,0.40405546343048576,0.40087411700516196,0.40405546343048576,35870400
1990-02-15,0.4114794135093689,0.41572181802764624,0.4029952234405,0.4029952234405,89496000
1990-02-16,0.4157216548919678,0.4189030019089671,0.414660599055475,0.41678209176101766,70876800
1990-02-20,0.4252663850784302,0.4263268222132409,0.41147935516111883,0.4146607029754097,132652800
1990-02-21,0.40776753425598145,0.4242050452537017,0.40617686141273046,0.418902826716088,103348800
1990-02-22,0.4088282287120819,0.4167821805057961,0.408298028369587,0.41041890255928126,60811200
1990-02-23,0.4136003851890564,0.41466082262986675,0.4051161938750585,0.40617725028364543,56851200
1990-02-26,0.42102381587028503,0.42420516243559814,0.4125396303353247,0.41360010346365866,69220800
1990-02-27,0.4157216548919678,0.42208431251611683,0.4157216548919678,0.42208431251611683,62020800
1990-02-28,0.41890329122543335,0.4231450780410819,0.4157219420112283,0.4157219420112283,39312000
1990-03-01,0.42420539259910583,0.4316291090336598,0.41784273242609965,0.41784273242609965,76867200
1990-03-02,0.4401134252548218,0.4427645374538821,0.4247363336864789,0.4252665706902408,100209600
1990-03-05,0.4464765787124634,0.4485974531291208,0.4337499850476534,0.43905282646679905,75528000
1990-03-06,0.443294495344162,0.44541598817156364,0.4348109270847659,0.44435555124160203,68630400
1990-03-07,0.43587160110473633,0.4475371418767554,0.43587160110473633,0.4443557929465413,47606400
1990-03-08,0.4507182836532593,0.45496068745093615,0.43162903218759374,0.43693190950018795,88977600
1990-03-09,0.45177870988845825,0.4581419872303223,0.4464764885081925,0.44965779949043966,75744000
1990-03-12,0.45920228958129883,0.46132319935744365,0.44965766764592074,0.45071810432907156,68875200
1990-03-13,0.4507182836532593,0.46238382000606904,0.4507182836532593,0.46026290938609205,85204800
1990-03-14,0.45761170983314514,0.4613232935971448,0.449657759502572,0.45496059937877437,130968000
1990-03-15,0.47086817026138306,0.47405010163635436,0.45708175496620723,0.4576119554958018,81676800
1990-03-16,0.483594685792923,0.4888969090563189,0.4740500576691013,0.4751105314496739,118900800
1990-03-19,0.4941995441913605,0.4963204178877582,0.4793520447423191,0.4825340106641954,81172800
1990-03-20,0.47935208678245544,0.49526002447485357,0.4772312129000528,0.4941995875336523,92145600
1990-03-21,0.48041269183158875,0.489957318706109,0.47617090649410826,0.4788220177788008,69840000
1990-03-22,0.47192829847335815,0.48253397696932204,0.46768651496691327,0.4814729212277849,92419200
1990-03-23,0.46768641471862793,0.48041238147754706,0.46238357660730595,0.4751101623334799,53596800
1990-03-26,0.47298938035964966,0.47723116410056143,0.46821677743985735,0.46874697765131607,55929600
1990-03-27,0.4772312045097351,0.47935207835485016,0.4698074542646555,0.47139812785341745,52516800
1990-03-28,0.47086817026138306,0.47617101298434333,0.4602630673733854,0.47617101298434333,99532800
1990-03-29,0.46874719858169556,0.47829182636228995,0.4666263239165512,0.46821699812034223,64785600
1990-03-30,0.469807505607605,0.4708679790559078,0.4634448469670647,0.46662619449226256,36691200
1990-04-02,0.47298938035964966,0.47670092747925435,0.4634447570776384,0.46556566715301845,74059200
1990-04-03,0.4920788109302521,0.4931392481595549,0.47723134255512045,0.4782917797844233,84643200
1990-04-04,0.4963203966617584,0.5037441460687896,0.48995712046742207,0.49207861304052125,79646400
1990-04-05,0.485715389251709,0.49685068687505607,0.48571538925170904,0.4957902135479431,66369600
1990-04-06,0.4846550226211548,0.48889677090535777,0.48041261895953447,0.4867758967632563,72878400
1990-04-09,0.485715389251709,0.48889670000349417,0.48253404209007267,0.48253404209007267,31176000
1990-04-10,0.5005623698234558,0.5005623698234558,0.4857155207648109,0.48624572116207404,45187200
1990-04-11,0.5132888555526733,0.5132888555526733,0.5016233205591717,0.5026837575406656,70372800
1990-04-12,0.5122287273406982,0.5175309522310707,0.5090467952844759,0.5164705145349718,48254400
1990-04-16,0.5154099464416504,0.5238941376516474,0.5101071039249561,0.517530821297273,39470400
1990-04-17,0.5260149240493774,0.5344991138326212,0.5069256699839267,0.5143494225176887,66780000
1990-04-18,0.5143494009971619,0.5238940276305374,0.498441459345749,0.5228335904254247,97797600
1990-04-19,0.5048047304153442,0.5196515781915735,0.5026838197799048,0.5090465152763651,58003200
1990-04-20,0.5026837587356567,0.5132888567728751,0.49844135542223406,0.5090464534594524,44661600
1990-04-23,0.5005623698234558,0.504804774018505,0.4857155207648109,0.49950193261906844,64879200
1990-04-24,0.4920788109302521,0.5069256603377306,0.4793522170137261,0.5069256603377306,47916000
1990-04-25,0.4920788109302521,0.4984414707159309,0.4835946213084525,0.4941997217987197,53870400
1990-04-26,0.48677587509155273,0.49844137414102613,0.4857154380677136,0.4963205000933479,46296000
1990-04-27,0.4772312045097351,0.48571539167737227,0.47192836451962195,0.48465495475481474,57124800
1990-04-30,0.4920788109302521,0.4920788109302521,0.47298955722804725,0.47723134255512045,51451200
1990-05-01,0.4846550226211548,0.4984413963320883,0.4814730560305852,0.4984413963320883,52473600
1990-05-02,0.4941995441913605,0.4963204178877582,0.4857153576186409,0.4857153576186409,33264000
1990-05-03,0.5005623698234558,0.5069256484272796,0.49419971018727055,0.4963205845960453,45892800
1990-05-04,0.5238940715789795,0.5238940715789795,0.5005624121570308,0.5048048167108686,47815200
1990-05-07,0.5429830551147461,0.5599513905056582,0.5217728998474892,0.5260146833139879,97351200
1990-05-08,0.5323781967163086,0.5387408561137248,0.5281357926804625,0.5323781967163086,50824800
1990-05-09,0.5323781967163086,0.5366199453746795,0.5260148819414172,0.5334386338809013,35164800
1990-05-10,0.5472249388694763,0.5514673420808489,0.5323780932533364,0.5366198410873613,48801600
1990-05-11,0.5557092428207397,0.5599516471994287,0.5366199887407342,0.5514674938195788,49168800
1990-05-14,0.5578299760818481,0.5641932529346364,0.5557090658468408,0.5620723791094802,47232000
1990-05-15,0.5493465662002563,0.557830136764268,0.5451041619506041,0.5557092259183343,54122400
1990-05-16,0.5493465662002563,0.5493465662002563,0.5387408832648796,0.5472250727965378,38556000
1990-05-17,0.5493465662002563,0.5535883514822622,0.5451041619506041,0.5493465662002563,41731200
1990-05-18,0.5790408253669739,0.5875250140444062,0.5472250176994934,0.5482854548107599,101822400
1990-05-21,0.59600830078125,0.6129766336700264,0.5832823332909324,0.5832823332909324,159595200
1990-05-22,0.6066139340400696,0.6129765896396303,0.5854032008665705,0.6023715325365038,142437600
1990-05-23,0.643731951713562,0.644793081066141,0.6097958742713208,0.6108563118363036,141184800
1990-05-24,0.6490344405174255,0.668123688767938,0.6447926928116137,0.6511553143703315,146649600
1990-05-25,0.6299453973770142,0.646913777299522,0.627824522833552,0.6299453973770142,104688000
1990-05-29,0.6384294033050537,0.6405503501778185,0.6278243776623896,0.6299452517154445,61480800
1990-05-30,0.640550434589386,0.6490345872970346,0.634187083394561,0.6458532393883601,65073600
1990-05-31,0.6193402409553528,0.6405504408835919,0.6150978368711034,0.634187089626239,69436800
1990-06-01,0.6373692154884338,0.638429616459145,0.6193403600337841,0.621461307614675,69069600
1990-06-04,0.6490344405174255,0.6553977174534713,0.6278243184140071,0.6352480686863574,59162400
1990-06-05,0.6225215196609497,0.657518673339043,0.617219297957323,0.6553977992215347,80258400
1990-06-06,0.6193402409553528,0.6320662152728557,0.6150978368711034,0.6214611881284564,86292000
1990-06-07,0.6108558773994446,0.6257033763249495,0.6023716911258852,0.6214609737044654,90122400
1990-06-08,0.6235818862915039,0.6257034154229411,0.606614131651539,0.6108559155696683,63770400
1990-06-11,0.6352477669715881,0.6405499854953839,0.6193398006461679,0.6193398006461679,58240800
1990-06-12,0.643731951713562,0.644793081066141,0.632066446711154,0.6405506754284868,46656000
1990-06-13,0.6490344405174255,0.6596395379789863,0.6373689425392634,0.6437315640979812,80265600
1990-06-14,0.640550434589386,0.6511554616295777,0.6299453347294748,0.6490345872970346,58204800
1990-06-15,0.6447929739952087,0.6532764731063467,0.6320663417535394,0.6320663417535394,51552000
1990-06-18,0.6352477669715881,0.6469132594091542,0.6320657659163604,0.6426708583409684,52790400
1990-06-19,0.6363086104393005,0.6405504319063388,0.6257035834435297,0.6341870807381677,41716800
1990-06-20,0.6585791707038879,0.6596396442109769,0.6363085716775854,0.6394899193791376,39564000
1990-06-21,0.6532761454582214,0.6596394947974104,0.6447926506019475,0.6575185482636435,34308000
1990-06-22,0.6426709294319153,0.6596392976472999,0.6405500563517241,0.655397478667241,34034400
1990-06-25,0.6320659518241882,0.6490343231534272,0.629945078354797,0.6416105742235034,68983200
1990-06-26,0.6341869235038757,0.6416106735834428,0.6320660497060456,0.638429326476847,50198400
1990-06-27,0.6469135880470276,0.649034461970035,0.6320660870115709,0.6341869609345783,35762400
1990-06-28,0.6490344405174255,0.6553977174534713,0.645853093328215,0.6500949138537301,30052800
1990-06-29,0.6447929739952087,0.6490347235507777,0.6384296214645067,0.6490347235507777,34956000
1990-07-02,0.6257036328315735,0.6447928868259281,0.6246425037986537,0.6447928868259281,35474400
1990-07-03,0.6108558773994446,0.6235818473260792,0.6066140937463693,0.6225213741054247,79257600
1990-07-05,0.6129770874977112,0.61509796228352,0.6002511469953745,0.6066144267304172,61855200
1990-07-06,0.6214611530303955,0.6278244311086513,0.6087351794316133,0.6119165271918765,41803200
1990-07-09,0.6299453973770142,0.6341871464639388,0.6214612438256237,0.623582118369086,37317600
1990-07-10,0.6257036328315735,0.6363086606644205,0.623582102962984,0.6299453818137022,29700000
1990-07-11,0.640550434589386,0.6426713089219291,0.6214611820218262,0.6278244603969316,28922400
1990-07-12,0.6575186848640442,0.6596396318384407,0.6384294338973415,0.6384294338973415,89042400
1990-07-13,0.6649424433708191,0.6829712938646598,0.6575186919620107,0.659639638959303,93628800
1990-07-16,0.6723654270172119,0.685092053530012,0.6660028055479817,0.6681236793710584,48729600
1990-07-17,0.6596398949623108,0.6744873307224303,0.6532765417628481,0.6734269296319619,54475200
1990-07-18,0.6447929739952087,0.6596398256370489,0.640550569062026,0.655398003261745,41853600
1990-07-19,0.6511555910110474,0.6511555910110474,0.6257037103886925,0.6394900880768453,63136800
1990-07-20,0.6214611530303955,0.6638820602291239,0.6193402059770758,0.6532763054864995,87724800
1990-07-23,0.6108558773994446,0.6278242499465634,0.6044926011573466,0.6214609737044654,74203200
1990-07-24,0.5896456241607666,0.615097485434087,0.5663139806519568,0.615097485434087,137102400
1990-07-25,0.6066139340400696,0.6087348435131484,0.5832822913934916,0.5938873484966182,60148800
1990-07-26,0.583282470703125,0.6278242776586024,0.55995143985149,0.6044926278395312,303321600
1990-07-27,0.5854036211967468,0.5938877749185673,0.5747985200691317,0.5811618356147498,51019200
1990-07-30,0.5769191384315491,0.5854033242597586,0.5578298932648447,0.581161540829342,87955200
1990-07-31,0.5641934275627136,0.5822222442311282,0.5599516421896406,0.5790408960988579,42307200
1990-08-01,0.5663142800331116,0.5705566839361974,0.5408623324849804,0.5620724950976217,111117600
1990-08-02,0.5599514245986938,0.5663141183907621,0.5451039618321099,0.5557090219065118,91771200
1990-08-03,0.536620020866394,0.5578301871266249,0.5122285426648379,0.5557092760892098,117180000
1990-08-06,0.5132888555526733,0.5260147911178154,0.49632048027434034,0.5217730067819863,113184000
1990-08-07,0.5196516513824463,0.5281358412670376,0.5090465869735566,0.5196516513824463,91065600
1990-08-08,0.5387408137321472,0.5429832174342525,0.5260148405609646,0.5302572442630699,86263200
1990-08-09,0.5525278449058533,0.5578300667403114,0.5366199050574839,0.5429832193542882,77054400
1990-08-10,0.5472249388694763,0.5578300002417388,0.5323780932533364,0.552527779039355,73188000
1990-08-13,0.5514673590660095,0.5557091070306799,0.5366198576152197,0.5408622609572581,53942400
1990-08-14,0.5451040267944336,0.5588910543753467,0.5408622425641597,0.5535882142224744,33710400
1990-08-15,0.5451040267944336,0.5578299984527483,0.5451040267944336,0.5493464299922005,51408000
1990-08-16,0.5238940715789795,0.5472251120332373,0.5238940715789795,0.5429833264470905,53330400
1990-08-17,0.5111680030822754,0.5238939764988026,0.5090465099114674,0.517530662101821,95227200
1990-08-20,0.47086817026138306,0.5132890915515561,0.47086817026138306,0.5111681802035671,113601600
1990-08-21,0.4602627754211426,0.4645051779840178,0.43056846976046514,0.4602627754211426,165650400
1990-08-22,0.45602118968963623,0.47086803829279555,0.4528392227965938,0.4666262531955185,79236000
1990-08-23,0.4390527307987213,0.45602110600935686,0.43268945355778315,0.44541600803965953,107445600
1990-08-24,0.485715389251709,0.48995717333060707,0.4432944900352246,0.4432944900352246,95443200
1990-08-27,0.5154099464416504,0.5196517325627644,0.5005624752871477,0.5005624752871477,110116800
1990-08-28,0.5334384441375732,0.5366197544997637,0.5090463590760268,0.5111678516182157,79826400
1990-08-29,0.5132888555526733,0.5408622560233072,0.5090464522493359,0.5302571944211529,77954400
1990-08-30,0.5090466737747192,0.5291963687662169,0.5090466737747192,0.5154099538101974,65383200
1990-08-31,0.5217730402946472,0.5260148249029194,0.5026837898272539,0.50904648494459,40737600
1990-09-04,0.5281357169151306,0.5302572099075862,0.5154097445684667,0.5175306185933956,47376000
1990-09-05,0.5005623698234558,0.5344990911034334,0.4963205845960453,0.5302573058760228,54676800
1990-09-06,0.4878362715244293,0.49632045879644904,0.47723121038120103,0.49207867464418004,115617600
1990-09-07,0.4899572730064392,0.5005623361237005,0.47935217347931924,0.48359457738875367,53704800
1990-09-10,0.47298938035964966,0.5090463808547411,0.4729893803596496,0.49844128433011564,74246400
1990-09-11,0.47086817026138306,0.4793523253915215,0.4623839787213744,0.4751105755152839,78868800
1990-09-12,0.48677587509155273,0.489957222572925,0.4729894655845462,0.4772312500897576,75016800
1990-09-13,0.4878362715244293,0.49632045879644904,0.4835944873721603,0.49207867464418004,49867200
1990-09-14,0.5069254636764526,0.5111678663253427,0.4782915942316293,0.4835944336984267,67672800
1990-09-17,0.5154099464416504,0.5238941376516474,0.5026839691105394,0.5048048803760308,70394400
1990-09-18,0.5238940715789795,0.5291962944591971,0.50692569129901,0.514349444144924,60638400
1990-09-19,0.5260149240493774,0.5366199883315845,0.5238940495504141,0.5344991138326212,52696800
1990-09-20,0.5069254636764526,0.5260147099730015,0.5069254636764526,0.5217729262915245,52444800
1990-09-21,0.5132888555526733,0.5154097295156611,0.49632048027434034,0.5069255418764946,79891200
1990-09-24,0.4963203966617584,0.5090463664928743,0.4878362104518798,0.5048045828716371,81439200
1990-09-25,0.5122287273406982,0.5132892014466751,0.4984416901259273,0.5058654457863012,53308800
1990-09-26,0.5111680030822754,0.5154097878985916,0.5048047250951512,0.5132889136953622,39268800
1990-09-27,0.5026837587356567,0.5217730080223569,0.4941996074861749,0.5175306047089342,65728800
1990-09-28,0.5344991683959961,0.5387409542368005,0.4920788705269063,0.49419978165224165,97984800
1990-10-01,0.5694960355758667,0.5726773824033659,0.5472248601106967,0.5493463526898705,131623200
1990-10-02,0.5588910579681396,0.5811616541527654,0.555709091705023,0.5790407438190681,83469600
1990-10-03,0.5578299760818481,0.571617003109854,0.5535881920216844,0.5557090658468408,57600000
1990-10-04,0.5440437197685242,0.5578301316744322,0.5429832825601639,0.5535883464311299,69292800
1990-10-05,0.5493465662002563,0.557830136764268,0.5281358192971494,0.5344990979828739,82101600
1990-10-08,0.5599514245986938,0.5641932083234565,0.5472248718994153,0.5599514245986938,38678400
1990-10-09,0.5344991683959961,0.5599517039341403,0.5302573825551917,0.5535884244101388,66376800
1990-10-10,0.5048047304153442,0.5281357668812003,0.5005623265867382,0.5260148562457609,115596000
1990-10-11,0.4920788109302521,0.5111680646324569,0.4835946213084525,0.5069256603377306,83815200
1990-10-12,0.483594685792923,0.4984415371801406,0.45814214994344216,0.49632066243872897,109252800
1990-10-15,0.47935208678245544,0.49207867724139753,0.4708679358755078,0.4899571843915099,130334400
1990-10-16,0.4634448289871216,0.4888967369067816,0.45814198862321764,0.4814730225482648,300888000
1990-10-17,0.47935208678245544,0.4814729970747102,0.4539001802093933,0.4645052414085957,135820800
1990-10-18,0.5185912251472473,0.5217731559690252,0.48147315303318244,0.4835946465702629,123739200
1990-10-19,0.5260149240493774,0.5366199883315845,0.513288985268207,0.5260149240493774,170337600
1990-10-22,0.5429830551147461,0.5493463310769529,0.5238938097856616,0.5260146833139879,80294400
1990-10-23,0.5451040267944336,0.5578299984527483,0.5366198393663928,0.5408622425641597,71884800
1990-10-24,0.554648756980896,0.5557091941382876,0.5366199417305805,0.538740852455223,54734400
1990-10-25,0.5493465662002563,0.5620725410139202,0.542983287514532,0.5557092259183343,51501600
1990-10-26,0.5376802086830139,0.5472248312191474,0.5366197355232719,0.540862137900077,59126400
1990-10-29,0.5302571058273315,0.5451039492847473,0.5260147032328024,0.5408621656576232,67881600
1990-10-30,0.5419228672981262,0.545104179052041,0.5260149249537696,0.5302573293365179,52567200
1990-10-31,0.5408622026443481,0.5535881733633877,0.5408622026443481,0.5472248967250691,61200000
1990-11-01,0.5387408137321472,0.5451040915965935,0.5323781548352676,0.5344990289976086,49442400
1990-11-02,0.5514673590660095,0.5578300174228689,0.5366198576152197,0.5387407680074087,74764800
1990-11-05,0.5567694902420044,0.5599514196675885,0.549346359686578,0.5535881433739862,50702400
1990-11-06,0.5451040267944336,0.5641932755607258,0.538740749686456,0.5578299984527483,59212800
1990-11-07,0.5408622026443481,0.5493463894461904,0.538740709923227,0.5408622026443481,63100800
1990-11-08,0.5387408137321472,0.5493464952986987,0.5344990289976086,0.5387408137321472,43466400
1990-11-09,0.5493465662002563,0.5557092259183343,0.5472250727965378,0.5493465662002563,43344000
1990-11-12,0.5843427777290344,0.5875247429721807,0.5599513154391814,0.5599513154391814,87660000
1990-11-13,0.5822221040725708,0.5896458547584517,0.5747983533866899,0.5832825410580941,67658400
1990-11-14,0.5896456241607666,0.5938873704440042,0.5790405302558859,0.581161439807344,59724000
1990-11-15,0.5758587718009949,0.5875248882826378,0.5705565509697633,0.5854033955466335,63129600
1990-11-16,0.5769191384315491,0.5832824143396275,0.5705564814908471,0.5726773550011326,67075200
1990-11-19,0.5896456241607666,0.5917664973023854,0.5769190381469983,0.5769190381469983,45554400
1990-11-20,0.5790408253669739,0.5981300769443716,0.5779803882557073,0.5875250140444062,68868000
1990-11-21,0.583282470703125,0.585403380828203,0.5684356264995397,0.5769191941801532,60739200
1990-11-23,0.583282470703125,0.5960084411914814,0.5811615969878962,0.5875248735108679,22060800
1990-11-26,0.59600830078125,0.5981297929641246,0.5747981486416238,0.5811614600753481,47577600
1990-11-27,0.6097955703735352,0.6129768814830453,0.5917667571784748,0.5981300347748911,63417600
1990-11-28,0.5970696806907654,0.6172193707582792,0.5960086245393063,0.6129769666454619,77623200
1990-11-29,0.6044927835464478,0.6044927835464478,0.5917668097801,0.5960085947130174,65865600
1990-11-30,0.6129770874977112,0.6299454693591493,0.5981302357996982,0.6044929329768597,72165600
1990-12-03,0.6267639398574829,0.6320661617014058,0.6172193142888802,0.621461135455847,68241600
1990-12-04,0.6320659518241882,0.6384292276095715,0.6193399828109413,0.6235818025694138,54547200
1990-12-05,0.6384294033050537,0.6426712242308733,0.6299452517154445,0.6320661257684993,68630400
1990-12-06,0.6341869235038757,0.65115529746084,0.6278243021103853,0.6469135498651797,108201600
1990-12-07,0.6299453973770142,0.6384295509284047,0.6129770174545064,0.6299453973770142,81921600
1990-12-10,0.627824068069458,0.6394895613960103,0.6172189748366731,0.6214607936707649,55526400
1990-12-11,0.6119164824485779,0.6320661333592181,0.6108560089994598,0.6214611075891944,61768800
1990-12-12,0.6150979399681091,0.6172194700545662,0.5981302140998669,0.6087353158415151,71560800
1990-12-13,0.6172194480895996,0.623582144809497,0.6087352941784738,0.6193403227229888,50709600
1990-12-14,0.6246423721313477,0.6299452490286117,0.6150977471460656,0.6193401506114705,48636000
1990-12-17,0.627824068069458,0.6299449410766669,0.6150974464523977,0.619339847843882,27288000
1990-12-18,0.6384294033050537,0.6426712242308733,0.6299452517154445,0.6320661257684993,51876000
1990-12-19,0.6352477669715881,0.6426708583409684,0.634186638761945,0.6394895126627573,34264800
1990-12-20,0.640550434589386,0.6447928386319484,0.6278244603969316,0.6299453347294748,46994400
1990-12-21,0.6426709294319153,0.6447924578891957,0.6384291104518564,0.6426709294319153,33472800
1990-12-24,0.6384294033050537,0.6405503501778185,0.6341869998215541,0.6405503501778185,13550400
1990-12-26,0.6363086104393005,0.6426713062299982,0.6320662064145082,0.63842948476296,16214400
1990-12-27,0.6341869235038757,0.638429326476847,0.6320660497060456,0.6363084526790168,22629600
1990-12-28,0.6363086104393005,0.63842948476296,0.6299453320908487,0.6320662064145082,20268000
1990-12-31,0.6384294033050537,0.6384294033050537,0.6320661257684993,0.6363085292519988,23702400
1991-01-02,0.6341869235038757,0.638429326476847,0.6341869235038757,0.6363084526790168,38109600
1991-01-03,0.6384294033050537,0.6447927536613179,0.6341869998215541,0.6341869998215541,52826400
1991-01-04,0.643731951713562,0.6490348313260726,0.6363088523488082,0.6363088523488082,58485600
1991-01-07,0.6352477669715881,0.6596392246793468,0.634186638761945,0.6384290398301308,87552000
1991-01-08,0.6235818862915039,0.6384293133250768,0.6193400659635246,0.6341869104394999,76442400
1991-01-09,0.627824068069458,0.6426709073166605,0.6235816666779738,0.627824068069458,115624800
1991-01-10,0.6638817191123962,0.6681234654001024,0.6299449816629537,0.6299449816629537,123890400
1991-01-11,0.6617602705955505,0.6702444195737708,0.6511551753973847,0.6660026727732546,62006400
1991-01-14,0.6511555910110474,0.6575188706505058,0.6405505618636876,0.6553979958965551,58658400
1991-01-15,0.6649424433708191,0.6744870689572054,0.6511554140518485,0.6511554140518485,83440800
1991-01-16,0.6978182792663574,0.7031210847262597,0.6638821739440904,0.6660030485409739,139917600
1991-01-17,0.7126654386520386,0.7317546862716682,0.7105439094919195,0.729633157111549,163526400
1991-01-18,0.723270833492279,0.7253917081481346,0.697818298669554,0.6999391733254096,103032000
1991-01-21,0.7593282461166382,0.7635699941788596,0.7179677435737916,0.7179677435737916,154512000
1991-01-22,0.7540254592895508,0.7720542378714227,0.7412994853861901,0.7603887375201027,113716800
1991-01-23,0.755085825920105,0.7656908512176939,0.7487224757708967,0.7487224757708967,77083200
1991-01-24,0.7678120136260986,0.7709940175846892,0.7529651619635758,0.7572069843447888,86083200
1991-01-25,0.7593282461166382,0.7720541456806853,0.7550858426770338,0.7699332716495747,86889600
1991-01-28,0.7826591730117798,0.7975066734567097,0.7550857741576005,0.7550857741576005,130989600
1991-01-29,0.7847798466682434,0.8006877435648518,0.763569730117642,0.782658973370583,146980800
1991-01-30,0.8165960311889648,0.8187169053122998,0.7762960003191192,0.7847801521898703,148586400
1991-01-31,0.8325031995773315,0.8441686979314105,0.8144744240821524,0.8187168273020022,111420000
1991-02-01,0.8462901711463928,0.8568952682468999,0.8250793943877737,0.8399268944269866,117878400
1991-02-04,0.8409873843193054,0.8547744113303267,0.8314427603306896,0.8484110616656754,88236000
1991-02-05,0.8590163588523865,0.8653796371779511,0.8314429537918486,0.8420479807494757,88740000
1991-02-06,0.8971948623657227,0.9035581406818931,0.8526530792680321,0.8568954832713025,106351200
1991-02-07,0.8738638758659363,0.9247682827479597,0.8675005246243379,0.9014366259663399,133466400
1991-02-08,0.8823472261428833,0.8887105763235071,0.8632579766177996,0.8738637301648245,74232000
1991-02-11,0.8844683170318604,0.8865891899749337,0.8674999499135079,0.8834079169701596,152337600
1991-02-12,0.8759843707084656,0.8887103394811477,0.8696210950433703,0.8759843707084656,96206400
1991-02-13,0.8950738906860352,0.8961342913172746,0.8632580123041697,0.8696213627478491,95493600
1991-02-14,0.8547744154930115,0.8950737854662727,0.839926915088561,0.8929529116334006,133704000
1991-02-15,0.8759843707084656,0.8844685198028603,0.8590159996999875,0.8611368731292869,115452000
1991-02-19,0.8696210980415344,0.8781052471651797,0.8611368760982002,0.8675001517852341,66564000
1991-02-20,0.8717427253723145,0.8823477571039373,0.86113762082094,0.8632584960917113,52552800
1991-02-21,0.8484112024307251,0.8781055526444649,0.8484112024307251,0.8738638042956035,68277600
1991-02-22,0.8675006031990051,0.8865898576359059,0.8462904742218718,0.8462904742218718,105343200
1991-02-25,0.8738638758659363,0.882347373258466,0.8611372462024596,0.8759847502140687,88524000
1991-02-26,0.8632578253746033,0.8696211744403652,0.8526528018826633,0.8611369517516667,55540800
1991-02-27,0.8929531574249268,0.8971949062582416,0.8590163996089547,0.8675005526530865,87674400
1991-02-28,0.8802268505096436,0.9014369860378625,0.8759851001190466,0.899316110842564,55008000
1991-03-01,0.8971948623657227,0.901436610991523,0.865379635900373,0.8738638613491624,77724000
1991-03-04,0.9078001976013184,0.9120426027050244,0.8865899925762333,0.8971950950887758,47023200
1991-03-05,0.9459781646728516,0.9544623145912716,0.9077996720892008,0.9099205457244905,76356000
1991-03-06,0.9099206328392029,0.9587041536470394,0.9056788123428208,0.9544624059703599,101088000
1991-03-07,0.8823472261428833,0.9120422292149921,0.878105478153854,0.8844687555147698,165391200
1991-03-08,0.8696210980415344,0.899315365105382,0.8632577495348117,0.8865893962888249,134697600
1991-03-11,0.8420476317405701,0.8696210981922746,0.8293216629218071,0.863257749684449,160970400
1991-03-12,0.8123539090156555,0.8388668472851913,0.8112934351767167,0.8335640411720714,152884800
1991-03-13,0.8526529669761658,0.8579557710276631,0.8144744672226407,0.8144744672226407,110268000
1991-03-14,0.8314430713653564,0.8611373549409634,0.8229588447042958,0.8611373549409634,100216800
1991-03-15,0.8197773098945618,0.8378061600137401,0.8165960351041628,0.8335637563693183,76932000
1991-03-18,0.8420476317405701,0.8462900339917278,0.8144742381085543,0.816595766922733,66218400
1991-03-19,0.8399272561073303,0.8568956372339833,0.8208380002867092,0.833563976647838,92505600
1991-03-20,0.8399272561073303,0.8568956372339833,0.8378063814133622,0.8399272561073303,83217600
1991-03-21,0.8038696050643921,0.8547747475517413,0.7975069810940546,0.8441689906929623,119188800
1991-03-22,0.7953851819038391,0.8102326102321222,0.789022487266887,0.8017484590984396,95688000
1991-03-25,0.8335636258125305,0.8378060287924863,0.7975066594187186,0.7975066594187186,59824800
1991-03-26,0.8918920159339905,0.8929531449148164,0.8378062601301413,0.8378062601301413,89928000
1991-03-27,0.9141634106636047,0.9268893871078102,0.8908317499251479,0.8908317499251479,91936800
1991-03-28,0.9003760814666748,0.9184048577125202,0.8993156080520418,0.909920706296914,30492000
1991-04-01,0.9056787490844727,0.9141629720422657,0.8865895022983795,0.8993154726365815,59205600
1991-04-02,0.9523422122001648,0.9544630875530228,0.9056794590890653,0.9120428133451857,96256800
1991-04-03,0.9650679230690002,0.9905204591501076,0.9565836958288083,0.9565836958288083,91778400
1991-04-04,0.9650679230690002,0.9905204591501076,0.9565836958288083,0.9671887978297126,73850400
1991-04-05,0.9332523345947266,0.9693099589495181,0.924768110584498,0.9671884296188684,108914400
1991-04-08,0.9449178576469421,0.9608257598740255,0.9290099554198585,0.9332523588138951,46526400
1991-04-09,0.9353728294372559,0.9608253455125104,0.9311310832498729,0.9459779231024835,60768000
1991-04-10,0.9120423793792725,0.9353733807347455,0.895074001054925,0.9311316320473285,74340000
1991-04-11,0.9417368769645691,0.9459786994528282,0.916284340000804,0.9205260896693266,47937600
1991-04-12,0.9099206328392029,0.933252284012613,0.8802262873310709,0.92900988095861,176731200
1991-04-15,0.9650679230690002,0.9693103279680333,0.8908317721442649,0.8993159265647226,88819200
1991-04-16,0.9523422122001648,0.9714314739512252,0.9332529504491043,0.9650681925148594,81331200
1991-04-17,0.9459781646728516,0.9968825544455021,0.9427968178100691,0.9671882845999669,128383200
1991-04-18,0.9332523345947266,0.9502207097954769,0.916283959393976,0.9438573597385391,88084800
1991-04-19,0.9099206328392029,0.92900988095861,0.8908313847197957,0.9014364092888179,96588000
1991-04-22,0.8664398789405823,0.9014363711542113,0.8632578765305102,0.8993154974055936,139708800
1991-04-23,0.8621973395347595,0.8738634904692315,0.8526527173902511,0.8675001420340366,103910400
1991-04-24,0.8738638758659363,0.8887107245000644,0.8526530934324489,0.8611372462024596,82130400
1991-04-25,0.8547744154930115,0.8802262850618222,0.8526528862828177,0.8696212605201401,65707200
1991-04-26,0.8547744154930115,0.8675003138675657,0.8378060412556889,0.8505320124499456,88372800
1991-04-29,0.8293223977088928,0.8611376392231451,0.8293223977088928,0.8590167639070514,71258400
1991-04-30,0.8399272561073303,0.8420481308012985,0.8144747208272168,0.8293221544401697,115178400
1991-05-01,0.8547744154930115,0.8547744154930115,0.8229585408512385,0.8356851674228168,111628800
1991-05-02,0.8526529669761658,0.8696213428193409,0.8505320929425784,0.8590162444543114,66888000
1991-05-03,0.8590163588523865,0.8590163588523864,0.8462903847590092,0.8526530805268218,23047200
1991-05-06,0.8717427253723145,0.8759851312916233,0.8505325890893172,0.8526534643600886,44755200
1991-05-07,0.8590163588523865,0.8802264855873595,0.8590163588523864,0.8759847369552971,50904000
1991-05-08,0.8738638758659363,0.8759847502140687,0.8505322190843165,0.8568954975061948,57592800
1991-05-09,0.8971948623657227,0.8993157366786229,0.8717423316587922,0.8759847356620625,76298400
1991-05-10,0.8717427253723145,0.9078003721259952,0.8653800267402487,0.9014370181161633,52070400
1991-05-13,0.87492436170578,0.8802265845015472,0.8590164553831166,0.8759848353928243,68745600
1991-05-14,0.8590163588523865,0.8759847369552971,0.854774610220324,0.8706818593778886,58816800
1991-05-15,0.8314430713653564,0.852653201099632,0.8197774963705182,0.8505323264836901,111160800
1991-05-16,0.8431087136268616,0.848411520015501,0.8356856148278182,0.8420482397328233,70243200
1991-05-17,0.8420476317405701,0.8441685051775493,0.831442609178475,0.839926758303591,44812800
1991-05-20,0.8409873843193054,0.8484110616656754,0.829321813688444,0.8441686586432697,65937600
1991-05-21,0.8653793931007385,0.8759844898869543,0.8441686169707191,0.8462901460658515,83570400
1991-05-22,0.9056787490844727,0.9056787490844727,0.8675002555122864,0.8717420757123928,88783200
1991-05-23,0.9290099143981934,0.9311314436902207,0.907799791676991,0.907799791676991,67752000
1991-05-24,0.9332523345947266,0.9544624577020584,0.929009931310786,0.9332523345947265,67932000
1991-05-28,0.93961501121521,0.9480992357198976,0.9332523889845251,0.937494137138315,43941600
1991-05-29,0.9353728294372559,0.9502203246669598,0.9311310832498729,0.9438569771891151,64202400
1991-05-30,0.9353728294372559,0.948098796196175,0.9247677357720282,0.9343123564805716,61833600
1991-05-31,0.931131899356842,0.9417369294973583,0.9162843911137778,0.9374945242145513,81784800
1991-06-03,0.9502205848693848,0.952341458543843,0.9247679890046745,0.9290098091732879,46951200
1991-06-04,0.9587041735649109,0.9629465767070533,0.9374940511665062,0.9502206780353003,35035200
1991-06-05,0.9502205848693848,0.9693098315137508,0.9502205848693849,0.9544623322183011,41385600
1991-06-06,0.9427968263626099,0.9587040705586939,0.9374939504391719,0.9565831969041646,32680800
1991-06-07,0.9353728294372559,0.9353728294372559,0.9226468626783367,0.9311310832498729,51984000
1991-06-10,0.9374943971633911,0.941736801871259,0.9311317731679579,0.9353735224982468,29498400
1991-06-11,0.9385543465614319,0.9587039917882769,0.9374938734114513,0.941736275749206,41846400
1991-06-12,0.9427968263626099,0.9523414495951061,0.9353730767846427,0.9396148240937012,51069600
1991-06-13,0.9417368769645691,0.952341979333243,0.9374944719184154,0.941736876964569,38001600
1991-06-14,0.9629459977149963,0.9650669431418389,0.9417358880696276,0.9438567606768098,46360800
1991-06-17,0.9629459977149963,0.9735510889475109,0.9544618519093243,0.9650669431418389,29419200
1991-06-18,0.9459781646728516,0.9629464645096916,0.9311313210288665,0.9608255908744018,46850400
1991-06-19,0.8770451545715332,0.931131637804409,0.8738638794461608,0.931131637804409,157039200
1991-06-20,0.8547744154930115,0.8632579108244998,0.839926915088561,0.8568952893258835,187999200
1991-06-21,0.8675006031990051,0.87386395501697,0.8590164496605345,0.8590164496605345,67680000
1991-06-24,0.8325031995773315,0.8611370728758171,0.8272009783643529,0.8568953250333163,79696800
1991-06-25,0.8378065824508667,0.8505325618656827,0.831443301464461,0.8420483328566406,97228800
1991-06-26,0.8547744154930115,0.8611370369916277,0.833563638212623,0.839926915088561,96638400
1991-06-27,0.8653793931007385,0.8685607400873571,0.84947149305247,0.8621974635565322,56510400
1991-06-28,0.8669702410697937,0.8749241926946422,0.8335637607569711,0.8621976370718026,61526400
1991-07-01,0.9083300828933716,0.9115120130514635,0.8621976298991898,0.8749241854161572,72388800
1991-07-02,0.8669702410697937,0.9194653897014656,0.865379567256365,0.9067394166363311,43920000
1991-07-03,0.81447434425354,0.8272008972883801,0.7858404737615299,0.8208376207709601,191630400
1991-07-05,0.7858407497406006,0.8112932821913579,0.7826594016434276,0.8112932821913579,78758400
1991-07-08,0.8526529669761658,0.8558348969940758,0.7699332725486446,0.7731146200088802,109185600
1991-07-09,0.8637886643409729,0.8749239606392732,0.8462900919189794,0.8590160616088154,76948800
1991-07-10,0.8303821682929993,0.8749239347244452,0.8272008216041579,0.8685606587892292,67310400
1991-07-11,0.8431087136268616,0.8494719939095393,0.827201386757064,0.8367460159021151,51148800
1991-07-12,0.8653793931007385,0.8717420870739756,0.8399268695350266,0.8526528400390887,35174400
1991-07-15,0.889240562915802,0.8940131654289578,0.8717419912967707,0.8749239204913823,36763200
1991-07-16,0.8590163588523865,0.8908315853647056,0.8590163588523864,0.8908315853647056,42734400
1991-07-17,0.8621973395347595,0.8621973395347594,0.8272007800432312,0.8367454021877396,40526400
1991-07-18,0.8526529669761658,0.8812868417913094,0.8494716195159301,0.865379521932457,25656000
1991-07-19,0.8621973395347595,0.8653792686212649,0.8399267487167411,0.8590159930057579,24441600
1991-07-22,0.8590163588523865,0.874924263387422,0.8462903847590092,0.8494717326429154,35136000
1991-07-23,0.8462901711463928,0.8685607658279066,0.8462901711463928,0.8653794187470061,35596800
1991-07-24,0.8335636258125305,0.8558348032681976,0.8272009315888633,0.8526528735987534,54321600
1991-07-25,0.8399272561073303,0.8653797913874438,0.8383365818819212,0.8526532324684591,90211200
1991-07-26,0.903558075428009,0.9131027009340876,0.849471670040994,0.8526530176904505,149294400
1991-07-29,0.8940130472183228,0.906739014641511,0.8749238048048174,0.9035576684250756,136468800
1991-07-30,0.9258288145065308,0.9290101626384901,0.8876503066918284,0.8971949336455041,78038400
1991-07-31,0.9353728294372559,0.9417361040954236,0.9258282087287124,0.9290095547790882,111628800
1991-08-01,0.9321920275688171,0.9417366538491881,0.9290100971035227,0.9385547233838936,53942400
1991-08-02,0.9321920275688171,0.9512812801295591,0.9321920275688172,0.9385547233838936,81369600
1991-08-05,0.9194652438163757,0.9321917974199824,0.9131025495721848,0.9321917974199824,28252800
1991-08-06,0.9480991363525391,0.9544624132937055,0.9194652639537279,0.9194652639537279,53097600
1991-08-07,0.9671889543533325,0.9735522350428701,0.948099694842688,0.9512816264664411,69235200
1991-08-08,1.0053670406341553,1.008548970888309,0.9671885380460516,0.9671885380460516,91852800
1991-08-09,1.02763831615448,1.043545638649019,0.99582250604986,1.0021857845823383,114806400
1991-08-12,1.0562719106674194,1.0658165346115298,1.014911485204532,1.014911485204532,56899200
1991-08-13,1.0499083995819092,1.0658162967917055,1.0467270531629436,1.0658162967917055,94497600
1991-08-14,1.0499083995819092,1.0626343678152559,1.043545124186494,1.053089746000875,67008000
1991-08-15,1.0371828079223633,1.0594534060559595,1.0308195302166094,1.0499087807761762,45460800
1991-08-16,1.0403642654418945,1.0483182177752355,1.021275012864979,1.0276382912432032,52075200
1991-08-19,1.0212750434875488,1.034001018067824,0.9799151891833237,0.9862778851945742,85425600
1991-08-20,1.0244566202163696,1.0419552032696422,1.0180939227845647,1.0260478771322252,57326400
1991-08-21,1.0689983367919922,1.0753616163159936,1.040364452770778,1.0435458012538479,73214400
1991-08-22,1.0689983367919922,1.084906244323065,1.0594537087849207,1.072179685275062,43627200
1991-08-23,1.0849061012268066,1.1008134241018837,1.0689981957939447,1.0689981957939447,43161600
1991-08-26,1.0849061012268066,1.0849061012268066,1.0626349171092428,1.0785428225421048,44136000
1991-08-27,1.0785425901412964,1.0817239375192484,1.0689979654497803,1.0785425901412964,34204800
1991-08-28,1.0896779298782349,1.1039951587377188,1.0753612835764323,1.0785426310751258,41558400
1991-08-29,1.09126877784729,1.1008134044248399,1.08172415126974,1.0944507084116564,27974400
1991-08-30,1.0849061012268066,1.0976320760384253,1.0753614744786464,1.0912687973537236,22032000
1991-09-03,1.057862401008606,1.081723665457271,1.0499084520065467,1.081723665457271,33494400
1991-09-04,1.051499605178833,1.0626349058406392,1.0308196778700816,1.0594535578109172,38467200
1991-09-05,1.0244566202163696,1.056272437607012,1.0180939227845647,1.056272437607012,58459200
1991-09-06,1.02763831615448,1.0467275691941436,1.021275037622002,1.0308196641418337,50788800
1991-09-09,1.02763831615448,1.0371829426743118,1.021275037622002,1.02763831615448,31915200
1991-09-10,1.018093466758728,1.0499086873407482,1.018093466758728,1.0435454102012869,65937600
1991-09-11,1.0435454845428467,1.046727414618078,1.024456234322199,1.024456234322199,64032000
1991-09-12,1.0896779298782349,1.0912686036275816,1.056272033468908,1.056272033468908,53808000
1991-09-13,1.0562719106674194,1.091268476757415,1.0499086338521413,1.0880871296285828,51360000
1991-09-16,1.0562719106674194,1.0626346049250839,1.046727286723309,1.0562719106674194,21686400
1991-09-17,1.0753611326217651,1.0785424796738747,1.0435453318702717,1.0530899555841997,23366400
1991-09-18,1.0785425901412964,1.0880872148328122,1.0658166180718283,1.0689979654497803,26942400
1991-09-19,1.0976321697235107,1.1103581456213167,1.0785429145978844,1.0817242629328772,51364800
1991-09-20,1.100813388824463,1.1071766673052426,1.0944506929014493,1.1039953193437357,30316800
1991-09-23,1.080133318901062,1.1008132430274395,1.0753612975908315,1.097631895487286,49771200
1991-09-24,1.1199023723602295,1.1230843021142136,1.0849058055274146,1.0849058055274146,47625600
1991-09-25,1.1167207956314087,1.1246747445450629,1.1008128978041,1.1199021421738677,25766400
1991-09-26,1.1358102560043335,1.1453548800043698,1.1103577311516972,1.1135396608567876,48000000
1991-09-27,1.1230846643447876,1.1389919880148216,1.1167213853420856,1.1389919880148216,33273600
1991-09-30,1.1326290369033813,1.138991731917646,1.107176509173274,1.1230844118243015,27700800
1991-10-01,1.1310386657714844,1.1358106883089891,1.1199027814016285,1.1326293399506526,19627200
1991-10-02,1.1071759462356567,1.1517177014769098,1.0976313260094872,1.1262651866879956,67219200
1991-10-03,1.113539695739746,1.1230843200387792,1.0976317943888123,1.1008131416359448,34632000
1991-10-04,1.121493935585022,1.132629236378785,1.1135399828586807,1.1199026789935251,26457600
1991-10-07,1.126265525817871,1.131038128646728,1.1039949327700385,1.1103576264650978,27187200
1991-10-08,1.1358102560043335,1.1389916031518066,1.1199023551517338,1.1199023551517338,37708800
1991-10-09,1.1389917135238647,1.1612628933871787,1.1358103660681087,1.1389917135238647,60931200
1991-10-10,1.1421737670898438,1.1517183930472583,1.1262658629749074,1.1517183930472583,42048000
1991-10-11,1.1405826807022095,1.1580806698312698,1.1167208331593577,1.1548993231818998,69921600
1991-10-14,1.173988699913025,1.173988699913025,1.145354829183439,1.145354829183439,50625600
1991-10-15,1.1628539562225342,1.173989258601385,1.1549000023639642,1.173989258601385,57854400
1991-10-16,1.1549001932144165,1.1644448229104034,1.143764888995426,1.1644448229104034,100200000
1991-10-17,1.1358102560043335,1.1548995040044063,1.126265632004297,1.1548995040044063,95563200
1991-10-18,1.1453555822372437,1.1612634928431969,1.1421742331392428,1.1453555822372437,37843200
1991-10-21,1.1580809354782104,1.1644442127941195,1.1421736160249272,1.145354963404052,28704000
1991-10-22,1.1628539562225342,1.1803525381998148,1.161263281962394,1.1644446304826745,32496000
1991-10-23,1.1485363245010376,1.1708075040938914,1.1421736296667937,1.167625574119103,36724800
1991-10-24,1.1485363245010376,1.1517182544758262,1.135810352274883,1.1517182544758262,26942400
1991-10-25,1.1389917135238647,1.154899615917993,1.1358103660681087,1.148536338448807,28080000
1991-10-28,1.1485363245010376,1.1485363245010376,1.1167211026568178,1.138991699692005,37953600
1991-10-29,1.1549001932144165,1.1549001932144165,1.1421742144724223,1.148536912564437,36523200
1991-10-30,1.2026232481002808,1.2058045968987,1.1549001033343966,1.1549001033343966,65592000
1991-10-31,1.1946687698364258,1.212167345672676,1.1867148187692516,1.2026227209036,41092800
1991-11-01,1.1787619590759277,1.1930786111305363,1.1708080045754048,1.1898972623534934,34296000
1991-11-04,1.1580809354782104,1.177170184868278,1.1548995880990858,1.1739888374891532,28838400
1991-11-05,1.1930781602859497,1.2026227855682372,1.1580810067316634,1.1612629368642229,51739200
1991-11-06,1.212167501449585,1.2153488492622273,1.1867149712752292,1.1962595972708951,38308800
1991-11-07,1.2058041095733643,1.2185306647394467,1.2026227620606857,1.215348734669084,20894400
1991-11-08,1.212167501449585,1.231256753440917,1.2089861536369426,1.2089861536369426,36494400
1991-11-11,1.2408008575439453,1.2471641330505148,1.2169395938699241,1.2217116135817307,40564800
1991-11-12,1.2710260152816772,1.2821613159191554,1.247164739995335,1.2503460880181065,80035200
1991-11-13,1.2853424549102783,1.2948870756582325,1.2567085926664163,1.2662532134143705,57523200
1991-11-14,1.2630715370178223,1.2917054049796182,1.2567088436202243,1.2917054049796182,44371200
1991-11-15,1.2089861631393433,1.278979893471785,1.2058042327439527,1.2598906413304152,71592000
1991-11-18,1.2376203536987305,1.2439830509798255,1.208986468260132,1.2121678169006793,72432000
1991-11-19,1.2248930931091309,1.239210318914734,1.1994411534331477,1.2248930931091309,71976000
1991-11-20,1.2280750274658203,1.2408009973554073,1.221711751242247,1.234437721131834,36441600
1991-11-21,1.2376203536987305,1.2376203536987305,1.2185310967396648,1.2248937940207596,35558400
1991-11-22,1.2217117547988892,1.2408010009676218,1.2121671317145228,1.2344377247255238,38102400
1991-11-25,1.2169400453567505,1.2344380400159878,1.2121674413168055,1.218530719184162,33724800
1991-11-26,1.2026232481002808,1.2248938548050536,1.180352641395508,1.223303180405844,58809600
1991-11-27,1.212167501449585,1.2153488492622273,1.1962595972708951,1.1994415276412767,15009600
1991-11-29,1.2376203536987305,1.2439830509798255,1.2058045370616939,1.2058045370616939,20524800
1991-12-02,1.2885246276855469,1.2917059757901976,1.2217122395833333,1.224893587687984,55852800
1991-12-03,1.2901149988174438,1.3076135743999233,1.266253728519631,1.2853429777809435,64996800
1991-12-04,1.298068881034851,1.3107948523493178,1.2726163558482928,1.2948875338456407,36297600
1991-12-05,1.2948877811431885,1.3012504767367565,1.2821612248405803,1.2948877811431885,24892800
1991-12-06,1.3267033100128174,1.3394292866663124,1.2853434489705564,1.2917061460183692,51580800
1991-12-09,1.298068881034851,1.3203394764745742,1.288524256909595,1.3139767820961532,57720000
1991-12-10,1.2948877811431885,1.2980691289399724,1.2726165988924922,1.2980691289399724,46252800
1991-12-11,1.2821608781814575,1.3076134013473133,1.2662535609406789,1.2996594514481348,39134400
1991-12-12,1.298068881034851,1.3139767820961532,1.2789796327843386,1.2853429097203843,36979200
1991-12-13,1.298068881034851,1.3076135051601074,1.2917056040988053,1.3012502282240617,26193600
1991-12-16,1.2996606826782227,1.3012513576534643,1.2821620928343027,1.298070007702981,27225600
1991-12-17,1.296478271484375,1.3171581943510506,1.2757983486176994,1.298068945157557,27480000
1991-12-18,1.3092045783996582,1.3139771831979739,1.2885246502418306,1.298069277280659,33561600
1991-12-19,1.307613492012024,1.3139767688840869,1.2885242439534543,1.302841471276191,38116800
1991-12-20,1.313977837562561,1.3362484508913866,1.301251273467724,1.3235224693546424,35356800
1991-12-23,1.3585189580917358,1.3585189580917358,1.3044331038672292,1.3139777349136772,46113600
1991-12-24,1.3521549701690674,1.3680622850442676,1.3489730411480336,1.3585176630961506,23995200
1991-12-26,1.3728355169296265,1.3776075388135627,1.3457923119140438,1.3521555903170512,24326400
1991-12-27,1.4046509265899658,1.418968159220125,1.3712450213826528,1.377607718055759,36657600
1991-12-30,1.409422755241394,1.4157854484094723,1.3935148572061706,1.4062408260998411,35524800
1991-12-31,1.4157859086990356,1.425330534111743,1.3839706848425786,1.4094232134623663,40512000
1992-01-02,1.4507824182510376,1.4603270394237418,1.3935146912148124,1.4094225873551343,74265600
1992-01-03,1.4380571842193604,1.4539645059142743,1.4221492799667048,1.4507831580868398,38246400
1992-01-06,1.4825979471206665,1.4985058466853487,1.4301028106493279,1.4412381073215774,63057600
1992-01-07,1.5271410942077637,1.530322443967998,1.4730546529352069,1.4825992847740055,64363200
1992-01-08,1.5812262296676636,1.6003154775809247,1.51123193228063,1.5144138619712497,90763200
1992-01-09,1.6194044351577759,1.641675026211239,1.5780440170559742,1.5812259461761191,88348800
1992-01-10,1.5939520597457886,1.6257672759341015,1.5780441603728503,1.6162226528218513,64641600
1992-01-13,1.617814302444458,1.6400849009393021,1.5621372236496427,1.578044544335515,52804800
1992-01-14,1.632130742073059,1.635312089294732,1.6034968694051106,1.6225861178504095,44006400
1992-01-15,1.6734910011291504,1.695762184875916,1.632131146761661,1.638494425340419,65294400
1992-01-16,1.6257668733596802,1.6798532517886826,1.6225855272958867,1.6703086310398834,58761600
1992-01-17,1.6098594665527344,1.64803794732033,1.5748623316633104,1.625766778500976,85027200
1992-01-20,1.558955430984497,1.6194051191078402,1.5589554309844968,1.6194051191078402,58862400
1992-01-21,1.5191855430603027,1.565317978964152,1.4762350361357601,1.5557733571412,120019200
1992-01-22,1.597133994102478,1.597133994102478,1.514414285072938,1.5271402597179957,56131200
1992-01-23,1.590770959854126,1.6464480337454568,1.574863058011559,1.59713365454503,75590400
1992-01-24,1.5859984159469604,1.5971337146326297,1.5780444647264322,1.5844077422143898,37756800
1992-01-27,1.535093903541565,1.5971336728342336,1.5335032298506237,1.587589048130926,46233600
1992-01-28,1.5366849899291992,1.549410965432115,1.4762358780930784,1.539866338165474,95539200
1992-01-29,1.5844073295593262,1.6003152278572088,1.5494101863269938,1.5589548087942187,97344000
1992-01-30,1.5716818571090698,1.5875891778761633,1.5462293283009299,1.584407830234286,41923200
1992-01-31,1.5303215980529785,1.5748633828653993,1.5239589020496138,1.5716820348637168,49948800
1992-02-03,1.590770959854126,1.59713365454503,1.4953247139140315,1.504869338508041,80265600
1992-02-04,1.5844073295593262,1.603496574493776,1.5589548087942187,1.593951952026551,58440000
1992-02-05,1.6194044351577759,1.6353117505284593,1.5716813239307048,1.5875886393013885,71212800
1992-02-06,1.6066784858703613,1.6416756414040312,1.6003157903607694,1.609860416182886,62356800
1992-02-07,1.600315809249878,1.6225864089117747,1.5780446270302457,1.606678504834571,36499200
1992-02-10,1.5844073295593262,1.603496574493776,1.5525921155210847,1.5987245545389253,41371200
1992-02-11,1.558955430984497,1.5875893098141576,1.5462294568016777,1.581226614001626,41078400
1992-02-12,1.600315809249878,1.6130417829769996,1.5096415715906464,1.5096415715906464,83342400
1992-02-13,1.558955430984497,1.6098604928312867,1.5462294568016777,1.5971339360907113,97358400
1992-02-14,1.5080509185791016,1.5589553967502876,1.5016876403485495,1.5557740489138832,82632000
1992-02-18,1.5048691034317017,1.55577356579539,1.501687174025647,1.5175950733832333,73694400
1992-02-19,1.4651007652282715,1.5016880223267002,1.444420251357997,1.5016880223267002,145372800
1992-02-20,1.4953250885009766,1.5175956906133525,1.4730539038308013,1.4762358345309974,74323200
1992-02-21,1.4571460485458374,1.5080505130275725,1.4476014250456628,1.4889612660272236,91118400
1992-02-24,1.4619187116622925,1.4825986412437673,1.438057433701465,1.457146689093264,59049600
1992-02-25,1.473054051399231,1.4825986793403876,1.441238819114661,1.463509423458074,57388800
1992-02-26,1.5525927543640137,1.5525927543640134,1.476235743207714,1.476235743207714,100670400
1992-02-27,1.5891802310943604,1.5939522519471219,1.5621370319224783,1.5621370319224783,79579200
1992-02-28,1.5716818571090698,1.6098603590424263,1.555773953784269,1.590771108075748,58276800
1992-03-02,1.5653183460235596,1.6003154951002039,1.549410445069154,1.5748629700846788,34876800
1992-03-03,1.5684995651245117,1.5939520880618563,1.5589549418427042,1.5716814945901632,27734400
1992-03-04,1.558955430984497,1.581226614001626,1.5494108047079433,1.5685000572610506,33086400
1992-03-05,1.543047308921814,1.568499244092215,1.517594791193959,1.5589546227639512,55689600
1992-03-06,1.5048691034317017,1.5525922189468977,1.4857798572256233,1.5366843195893116,61867200
1992-03-09,1.5144137144088745,1.5335029604621058,1.5048690913822587,1.5112317850282975,30427200
1992-03-10,1.5494104623794556,1.562137016308212,1.5175952426728194,1.520776589876195,45480000
1992-03-11,1.5303215980529785,1.568500104304261,1.5175956234884755,1.555774129739758,39532800
1992-03-12,1.5414575338363647,1.5462295560019186,1.5080510484463154,1.530321650334486,50025600
1992-03-13,1.53986656665802,1.5653191039984338,1.5335038692413439,1.5589558240238546,36763200
1992-03-16,1.5812262296676636,1.5812262296676636,1.5335031098845109,1.5398658041505215,55132800
1992-03-17,1.6289492845535278,1.6384939081299008,1.5875888606841837,1.5955428107574265,94473600
1992-03-18,1.608269214630127,1.6416751027681522,1.603496612006102,1.6353118267886315,69230400
1992-03-19,1.6225862503051758,1.6575834028309842,1.6066783477829578,1.616222972784753,111576000
1992-03-20,1.6353124380111694,1.6416757163690607,1.6225864638531415,1.6225864638531415,35774400
1992-03-23,1.6353124380111694,1.644857064269129,1.6257678117532097,1.6353124380111694,37843200
1992-03-24,1.6225862503051758,1.6528107990512475,1.6098602778220084,1.6416755003087662,70228800
1992-03-25,1.6353124380111694,1.644857064269129,1.61622318549525,1.6225864638531415,36739200
1992-03-26,1.590770959854126,1.6416754301696252,1.5812263352601166,1.6384940828241732,60403200
1992-03-27,1.543047308921814,1.5907704155631335,1.5207761374508957,1.5844071404918063,89971200
1992-03-30,1.5271410942077637,1.552593639963925,1.5271410942077637,1.5462303578853607,40713600
1992-03-31,1.5080509185791016,1.552592701077479,1.498506292512145,1.5335034489435662,86702400
1992-04-01,1.533503770828247,1.5366851193324211,1.4889619789804827,1.4921433274846567,74203200
1992-04-02,1.488961935043335,1.5462297017757711,1.485780586633038,1.5335037255767348,56918400
1992-04-03,1.4953250885009766,1.5175956906133525,1.4857804615159869,1.4953250885009766,59534400
1992-04-06,1.543047308921814,1.547819328307219,1.4985055485374312,1.4985055485374312,40123200
1992-04-07,1.4762355089187622,1.5589552028380478,1.4730535789204022,1.5525925079566694,72758400
1992-04-08,1.492142677307129,1.495324606982693,1.4412382106318309,1.4730534294841906,105388800
1992-04-09,1.5271410942077637,1.530322443967998,1.4841905422122181,1.5048704807699325,70008000
1992-04-10,1.4762355089187622,1.5525925079566694,1.4507829817202362,1.543047883076931,126446400
1992-04-13,1.4953250885009766,1.5032790414147679,1.4539646498608219,1.4857804615159869,45552000
1992-04-14,1.488961935043335,1.5303217946085894,1.4825986556648927,1.5048698422105167,72806400
1992-04-15,1.6400846242904663,1.644856644923974,1.609860079272098,1.638493950745964,223305600
1992-04-16,1.6241767406463623,1.641675314933355,1.616222790283401,1.641675314933355,66393600
1992-04-20,1.5032787322998047,1.5907710312451153,1.469872253442721,1.584407753710985,226118400
1992-04-21,1.4778258800506592,1.5080504222216704,1.469871930519856,1.5048690754323697,99244800
1992-04-22,1.496915340423584,1.5080506383394807,1.4571461696278238,1.4825981127048347,61790400
1992-04-23,1.473054051399231,1.514414494182815,1.4285128427124048,1.508051214702758,115334400
1992-04-24,1.4285122156143188,1.4857799581214728,1.4253302859921866,1.4762353343702803,90393600
1992-04-27,1.4412384033203125,1.482598251613807,1.4316937781327608,1.4316937781327608,99585600
1992-04-28,1.3871517181396484,1.457146010344301,1.3616997778448396,1.447601387094355,199876800
1992-04-29,1.4173771142959595,1.4189677880481495,1.3776073577027976,1.3935152603400625,137308800
1992-04-30,1.403059959411621,1.434875183806479,1.396696681509564,1.4253305582322502,95870400
1992-05-01,1.4476016759872437,1.4507830235195924,1.4030598977459217,1.4062412452782704,62083200
1992-05-04,1.4507824182510376,1.4762349355640636,1.431693175905629,1.44441914328342,73920000
1992-05-05,1.4825979471206665,1.4953244997954402,1.4412381073215774,1.447601383658964,59246400
1992-05-06,1.4762355089187622,1.492142828679879,1.469872231479713,1.4889614812391898,50016000
1992-05-07,1.4635090827941895,1.4825983342330602,1.4539644570747539,1.476235638791918,40579200
1992-05-08,1.4571460485458374,1.4889612660272236,1.441238148526351,1.4762352955461864,59822400
1992-05-11,1.4507824182510376,1.4666903143913594,1.4412377970783334,1.4603270394237418,41112000
1992-05-12,1.4539642333984375,1.4666907874383266,1.4348749848962363,1.460327510418382,49905600
1992-05-13,1.434875249862671,1.4539645018899248,1.412604650016788,1.4476018062526668,64320000
1992-05-14,1.409422755241394,1.4380566221702882,1.3903335106221315,1.434874693028735,72307200
1992-05-15,1.3998786211013794,1.4189678723774997,1.393515343156767,1.403059968794827,40814400
1992-05-18,1.434875249862671,1.4444198758762978,1.4062413718217899,1.409423302198159,37526400
1992-05-19,1.4571460485458374,1.4571460485458374,1.441238148526351,1.441238148526351,51240000
1992-05-20,1.4857807159423828,1.4889620646295565,1.457146830084122,1.457146830084122,58800000
1992-05-21,1.4841889142990112,1.4889609337052356,1.4666903446946087,1.4889609337052356,48566400
1992-05-22,1.473054051399231,1.4889619588204446,1.463509423458074,1.4889619588204446,36969600
1992-05-26,1.469872236251831,1.4889614860732834,1.4635089587921226,1.4762355137115393,38217600
1992-05-27,1.4635090827941895,1.479416986512489,1.4603277350736181,1.4730537085136248,31166400
1992-05-28,1.5144137144088745,1.520776408054913,1.4571459762491803,1.4603273230721996,62702400
1992-05-29,1.53986656665802,1.5557744753155165,1.5207773092921855,1.5239592405584266,89918400
1992-06-01,1.5812262296676636,1.5812262296676636,1.5271398330608856,1.5335031098845109,68529600
1992-06-02,1.5637273788452148,1.5844072966686542,1.5557734298613894,1.5812259500981287,42585600
1992-06-03,1.5653183460235596,1.5812262469779654,1.5589550691302732,1.5589550691302732,28190400
1992-06-04,1.5605462789535522,1.5716815762680834,1.5589550228592446,1.568499646637072,41755200
1992-06-05,1.53986656665802,1.5653191039984338,1.536685217949682,1.5589558240238546,40939200
1992-06-08,1.5048691034317017,1.5398656664378039,1.5048691034317017,1.5366843195893116,40228800
1992-06-09,1.4635090827941895,1.5144141416696597,1.4507831093541828,1.5080508636707952,84604800
1992-06-10,1.4316941499710083,1.469872660636902,1.425330870674079,1.4666913122673577,65457600
1992-06-11,1.3744257688522339,1.4666906558545634,1.368062492403169,1.431693509221077,130732800
1992-06-12,1.4316941499710083,1.4380574292679376,1.3855616858234134,1.4030602669715881,138028800
1992-06-15,1.4460111856460571,1.4889617130117458,1.4316939548189864,1.4316939548189864,54940800
1992-06-16,1.3887430429458618,1.4603274295880442,1.3839704398056627,1.441238182142449,57376000
1992-06-17,1.381584644317627,1.398287884068876,1.364881404566378,1.3839706549798938,70032000
1992-06-18,1.379198670387268,1.4269217976920576,1.3553368154560204,1.3935153172998518,53356800
1992-06-19,1.403059959411621,1.4173771890518208,1.3887433123291346,1.403059959411621,43110400
1992-06-22,1.4173771142959595,1.4221491355525295,1.3648813851275954,1.3982878641543148,54080000
1992-06-23,1.403059959411621,1.4460110657745069,1.3887433123291346,1.4269218146260494,57420800
1992-06-24,1.379198670387268,1.4078325467701418,1.3696540449263104,1.4078325467701418,34096000
1992-06-25,1.3362473249435425,1.3791984230955288,1.2694349586963654,1.3791984230955288,165340800
1992-06-26,1.2742078304290771,1.3314755849976263,1.2551185789062276,1.3267029808380515,140982400
1992-06-29,1.379198670387268,1.388743295848226,1.302841666699605,1.3076136881512308,90963200
1992-06-30,1.3362473249435425,1.393515067441123,1.3267027011939458,1.3887430468451254,74048000
1992-07-01,1.3768119812011719,1.3887431991145736,1.326702846660948,1.3410200751339638,45136000
1992-07-02,1.3338618278503418,1.3935156035977765,1.3123865617905177,1.3887435811657383,80563200
1992-07-06,1.3267033100128174,1.3410205434861349,1.2932974028381918,1.336247938142406,36224000
1992-07-07,1.298068881034851,1.3314753567520605,1.2837522361257792,1.3314753567520605,54396800
1992-07-08,1.3099998235702515,1.3171584389867939,1.2503460544005074,1.2980691862478548,93417600
1992-07-09,1.3171583414077759,1.3505648225049482,1.3028416941930723,1.3171583414077759,61174400
1992-07-10,1.3267033100128174,1.336247938142406,1.2909108088873926,1.3219312872269575,28905600
1992-07-13,1.3362473249435425,1.3601091755963353,1.3076134536947523,1.3314753043475451,35113600
1992-07-14,1.3577229976654053,1.3648816133047001,1.341020337917424,1.3457923599717674,41116800
1992-07-15,1.3648815155029297,1.3982879977206817,1.3553368895203919,1.3696541197730678,80172800
1992-07-16,1.379198670387268,1.379198670387268,1.3505647940043946,1.3553368154560204,42291200
1992-07-17,1.3410205841064453,1.3744264922929554,1.3314759556877442,1.3696544693625485,59865600
1992-07-20,1.321931004524231,1.3410202567010592,1.3076137741127374,1.3267030262895656,48707200
1992-07-21,1.3696541786193848,1.3887434314046183,1.3267030685737278,1.3362476949663447,45907200
1992-07-22,1.3362473249435425,1.3696537993459321,1.3267027011939458,1.3696537993459321,59008000
1992-07-23,1.3553370237350464,1.3791988823332233,1.312386493839242,1.3314757476946653,68441600
1992-07-24,1.3887430429458618,1.407832290391457,1.3553365686372698,1.3577225789285692,76259200
1992-07-27,1.3935147523880005,1.4030593739796993,1.3791981112791878,1.3887427328708863,30512000
1992-07-28,1.4126040935516357,1.4221487158053632,1.388742829196073,1.4030594712979085,45363200
1992-07-29,1.4126040935516357,1.4269213182109821,1.3744256045367267,1.4221487158053632,145273600
1992-07-30,1.395901083946228,1.422148945013735,1.3935150736376196,1.403059697429658,32035200
1992-07-31,1.3887430429458618,1.4030596872512582,1.3791984192230642,1.4030596872512582,35312000
1992-08-03,1.407832145690918,1.4173767684326952,1.3744256748159271,1.3887429002073632,31516800
1992-08-04,1.4102190732955933,1.4221497138460975,1.4030604559421231,1.4126050848941103,31430400
1992-08-05,1.3744257688522339,1.4078322420128493,1.3601091250388133,1.4078322420128493,60150400
1992-08-06,1.3648815155029297,1.3744261414854677,1.341020241825454,1.3648815155029297,3705600
1992-08-07,1.3505642414093018,1.4078319707434601,1.3457916393527214,1.3648808824641074,55008000
1992-08-10,1.3529506921768188,1.3839705767049286,1.3505646816495007,1.355336702704137,42067200
1992-08-11,1.3624951839447021,1.372039807680641,1.3362473230314693,1.3601091736501176,33436800
1992-08-12,1.3553370237350464,1.3839709045181812,1.3505650015500885,1.3696542554055116,30441600
1992-08-13,1.3529506921768188,1.3696539309833617,1.3457920780372064,1.3601093063164311,28227200
1992-08-14,1.3553370237350464,1.3696542554055116,1.3505650015500885,1.3553370237350464,33942400
1992-08-17,1.3267033100128174,1.355337194401583,1.3267033100128174,1.3505651716157234,63318400
1992-08-18,1.3267033100128174,1.3505651716157234,1.2980694256240515,1.3171586818832286,66313600
1992-08-19,1.321931004524231,1.3457922784663938,1.3123863784358167,1.3267030262895656,27433600
1992-08-20,1.3434065580368042,1.3505651747902896,1.3171586849792714,1.326703313131295,36534400
1992-08-21,1.3314752578735352,1.3529505149211518,1.3171580314700697,1.345791901719419,52710400
1992-08-24,1.3171583414077759,1.3362475927325261,1.3123863198554475,1.329088977846315,42800000
1992-08-25,1.3434065580368042,1.3505651747902896,1.3076140568272476,1.312386662182195,37123200
1992-08-26,1.367267370223999,1.3791985882579894,1.3410200886876322,1.3410200886876322,50016000
1992-08-27,1.4054458141326904,1.4126044281580388,1.3744259300997133,1.3744259300997133,88028800
1992-08-28,1.419763207435608,1.422149218202559,1.403059966951518,1.403059966951518,49468800
1992-08-31,1.422149419784546,1.4316940467629657,1.4030601658277064,1.4173773975742354,25651200
1992-09-01,1.422149419784546,1.4245354308897011,1.398288143617396,1.412604792806126,30825600
1992-09-02,1.4388519525527954,1.446010564893235,1.4078320758209055,1.4221487179442733,61955200
1992-09-03,1.462713360786438,1.4746445767129819,1.441238104210769,1.4460107070929002,85296000
1992-09-04,1.4507824182510376,1.4603270394237418,1.4412377970783334,1.455555020116112,28585600
1992-09-08,1.4651007652282715,1.4674867767124946,1.43646687974392,1.45078353120715,49376000
1992-09-09,1.4913471937179565,1.4961197964826773,1.4603273146987124,1.4650999174634332,60982400
1992-09-10,1.5080509185791016,1.5080509185791016,1.4794170403782325,1.4937342707575387,53302400
1992-09-11,1.5032787322998047,1.51282335732216,1.4889615034874317,1.4985061285097871,30796800
1992-09-14,1.5605462789535522,1.565318299563664,1.5223677838422434,1.5223677838422434,95100800
1992-09-15,1.5510016679763794,1.56054629183298,1.527139817056074,1.5557736886258755,44614400
1992-09-16,1.534298300743103,1.5605461597668486,1.517595064768214,1.522367667571422,35708800
1992-09-17,1.5486156940460205,1.5557743104390347,1.5319130325394426,1.5366850550962243,23590400
1992-09-18,1.5247539281845093,1.5557738125499252,1.496120054333897,1.5510017915203174,71683200
1992-09-21,1.51043701171875,1.51759562729828,1.4937343521102135,1.5032789786969951,31811200
1992-09-22,1.4841889142990112,1.5104361861481583,1.47941631233533,1.5080501764450462,30777600
1992-09-23,1.51043701171875,1.5223682318705585,1.4794171209511535,1.484189725523432,37654400
1992-09-24,1.5319119691848755,1.5366839884292292,1.512822727092587,1.512822727092587,36953600
1992-09-25,1.5032787322998047,1.5342986179830396,1.4507830033980105,1.5319126073668705,41817600
1992-09-28,1.469872236251831,1.4937340898074827,1.455555590164578,1.4603276113411048,52854400
1992-09-29,1.5032787322998047,1.5080507535321426,1.469872253442721,1.469872253442721,39392000
1992-09-30,1.5366849899291992,1.5366849899291992,1.503279085774864,1.522368340308146,59843200
1992-10-01,1.5199811458587646,1.5462290061080195,1.5175951356245376,1.5271397591190317,47804800
1992-10-02,1.5032787322998047,1.5223679823445153,1.4889615034874317,1.51282335732216,36803200
1992-10-05,1.5605462789535522,1.5605462789535522,1.4460107936196256,1.4985059331188735,71347200
1992-10-06,1.5748622417449951,1.5939514810388737,1.5510009839063224,1.5700902232002012,74316800
1992-10-07,1.5486156940460205,1.6082700539106836,1.5462296827676296,1.5748635657818448,58153600
1992-10-08,1.5915663242340088,1.613041584302766,1.560546439406064,1.570091064165252,59532800
1992-10-09,1.572476863861084,1.5939521210502086,1.5557736271328382,1.5939521210502086,40182400
1992-10-12,1.6011114120483398,1.603497423288776,1.5796361457687518,1.5844081682496238,34700800
1992-10-13,1.608269214630127,1.629744470044396,1.589179969249102,1.6178138373206394,86643200
1992-10-14,1.5939520597457886,1.622585929082539,1.5844074366335383,1.6106552958316172,47456000
1992-10-15,1.6130419969558716,1.617814601835239,1.5796360930315498,1.5891807202324721,35942400
1992-10-16,1.6297446489334106,1.632130659228555,1.5987247674237302,1.6178140149000875,47644800
1992-10-19,1.677467942237854,1.6846265564260536,1.6225862043910928,1.6225862043910928,83280000
1992-10-20,1.677467942237854,1.7132604306211907,1.660764703317942,1.6846265564260536,84150400
1992-10-21,1.718032717704773,1.7180327177047727,1.6750821910410296,1.6846268172505006,60396800
1992-10-22,1.7132607698440552,1.722805396465588,1.6846268899794563,1.718032791875933,49174400
1992-10-23,1.6917837858200073,1.7228042384065538,1.6846257575837758,1.7228042384065538,46006400
1992-10-26,1.718032717704773,1.7228053220883843,1.6750821910410296,1.68939883907636,40121600
1992-10-27,1.6798545122146606,1.722805629089986,1.67030988430435,1.718033023855903,49116800
1992-10-28,1.6893986463546753,1.6941712501938422,1.6655373748318985,1.6846266250731943,36172800
1992-10-29,1.718032717704773,1.7180327177047727,1.68939883907636,1.6941714434599715,32774400
1992-10-30,1.6941709518432617,1.7180322191639699,1.6893983488445703,1.7156462089434157,24998400
1992-11-02,1.710874080657959,1.718032695863493,1.675082169745778,1.6989434436872322,31091200
1992-11-03,1.6846271753311157,1.7132610600458835,1.6726959531148888,1.7084884546478176,35267200
1992-11-04,1.6893986463546753,1.7132605004351378,1.6798540212340274,1.6846266250731943,23657600
1992-11-05,1.7538254261016846,1.7609840422736394,1.6846270232603178,1.6989436730464038,90361600
1992-11-06,1.7705278396606445,1.7800724625629727,1.74189397095366,1.7514385938559882,61155200
1992-11-09,1.7538254261016846,1.7705286696503044,1.7275775551763994,1.7705286696503044,54796800
1992-11-10,1.7729146480560303,1.7800732640955501,1.7466667776163316,1.7562114048164208,38710400
1992-11-11,1.7896171808242798,1.8134784480727624,1.760983310591552,1.7705279340024613,60748800
1992-11-12,1.7848454713821411,1.7991627049448915,1.7562115868145132,1.7896180767556822,46960000
1992-11-13,1.780072808265686,1.7896174330216477,1.7657555798529119,1.7848448293648351,25811200
1992-11-16,1.7705278396606445,1.7848444827353616,1.7609832167583164,1.7752998598330334,19312000
1992-11-17,1.718032717704773,1.7943897273805405,1.7037160696694424,1.772914464048669,56649600
1992-11-18,1.7562109231948853,1.7657555477774662,1.7156464143583297,1.7275770494471425,33273600
1992-11-19,1.7943897247314453,1.8134789771222055,1.7609838243264908,1.7609838243264908,46857600
1992-11-20,1.8134788274765015,1.8134788274765017,1.7896175552359255,1.7943895766609594,41113600
1992-11-23,1.6893986463546753,1.7514390009177294,1.6655373748318985,1.7228051255557857,309884800
1992-11-24,1.7466670274734497,1.7705288901659695,1.7037164902079687,1.7418950044696835,145513600
1992-11-25,1.7395075559616089,1.7657554172630294,1.7228049010948956,1.756210793385932,53152000
1992-11-27,1.751438856124878,1.7657555013434385,1.7371216283486801,1.7466662526802663,17593600
1992-11-30,1.7776864767074585,1.7800730701658334,1.751439191685078,1.7657558396465811,35251200
1992-12-01,1.7776864767074585,1.7848450919670846,1.7562112134863292,1.7705284440055815,33593600
1992-12-02,1.7323495149612427,1.7848446547031194,1.7275769117714685,1.7753000308811777,49881600
1992-12-03,1.7490520477294922,1.765755283892188,1.727576791267492,1.732349394124362,26048000
1992-12-04,1.751438856124878,1.7657555013434385,1.741894231793292,1.7466662526802663,23548800
1992-12-07,1.7824594974517822,1.7848455089097839,1.7371223669603244,1.7562116237401082,46422400
1992-12-08,1.7657556533813477,1.7943895288415856,1.7466664030745223,1.789617507543723,26908800
1992-12-09,1.7562109231948853,1.780072775930164,1.7418942775998403,1.7514389021824213,26048000
1992-12-10,1.698943018913269,1.7514387405517482,1.6893983952115093,1.718032266316789,89296000
1992-12-11,1.648834228515625,1.6989433675945746,1.63690359207925,1.689398741933931,112934400
1992-12-14,1.6631505489349365,1.6846263893698814,1.6512199148428144,1.6559925180142256,51286400
1992-12-15,1.648834228515625,1.6750820947218248,1.632130987970069,1.665537469061181,45289600
1992-12-16,1.6607643365859985,1.6846261844249089,1.6273584486805641,1.6512197139619411,73792000
1992-12-17,1.718032717704773,1.7228053220883843,1.660764960447947,1.6655375648315587,51859200
1992-12-18,1.718032717704773,1.7228053220883843,1.68939883907636,1.6989434652858308,74387200
1992-12-21,1.7275770902633667,1.7562109646876214,1.7037158195219877,1.7132604443300727,64928000
1992-12-22,1.6750820875167847,1.7466664883848466,1.6607648578085425,1.7371218627652572,56928000
1992-12-23,1.6655369997024536,1.6846262456442722,1.6416751509964032,1.6798536428800404,59974400
1992-12-24,1.6655369997024536,1.6655369997024536,1.6416751509964032,1.6655369997024536,32723200
1992-12-28,1.670309066772461,1.6750816696705964,1.6416751970563617,1.6655370464318966,45731200
1992-12-29,1.6512203216552734,1.6703095739287448,1.6464482998657792,1.6655375521392506,60035200
1992-12-30,1.6392898559570312,1.6607651213697745,1.627359217678597,1.6559930990815241,50860800
1992-12-31,1.6297446489334106,1.6464478861146234,1.6273586386382661,1.6416752829667336,30851200
1993-01-04,1.6249732971191406,1.6369045228978738,1.6130426538984575,1.622587284986614,72646400
1993-01-05,1.6512203216552734,1.655992926002515,1.6178144214555723,1.6225864432450663,71529600
1993-01-06,1.698943018913269,1.7037156220429486,1.655992503534149,1.6607645241062294,87440000
1993-01-07,1.6655369997024536,1.715646124660339,1.6607643969382218,1.6989428888218592,58748800
1993-01-08,1.6631505489349365,1.6846263893698814,1.646447894229007,1.6655371417994442,43977600
1993-01-11,1.7013294696807861,1.7037160631423245,1.6464483061048976,1.6655375584507066,58348800
1993-01-12,1.7132607698440552,1.741894649708654,1.6941715166009892,1.698943538632867,85129600
1993-01-13,1.741894245147705,1.760983493957227,1.684626498719139,1.7084877684522206,83696000
1993-01-14,1.741894245147705,1.7943893880950696,1.7275770172617426,1.760983493957227,121264000
1993-01-15,1.7132607698440552,1.7371220451189988,1.6607650321467353,1.6703096587682682,181958400
1993-01-18,1.7037153244018555,1.7132599464361586,1.6846260803332493,1.7084873441402586,50611200
1993-01-19,1.687012791633606,1.7037160327779337,1.684626780772342,1.698943428497666,52960000
1993-01-20,1.687012791633606,1.698943428497666,1.675082154769546,1.6893988024948703,47968000
1993-01-21,1.7084872722625732,1.718031893895325,1.6559921445611745,1.6750813878266781,73363200
1993-01-22,1.7061020135879517,1.7228052544380688,1.6941713769340376,1.7132606286033918,49088000
1993-01-25,1.6893986463546753,1.7228051255557857,1.6750819999525464,1.7037158753144899,49609600
1993-01-26,1.6798545122146606,1.718033023855903,1.67030988430435,1.6893991401249713,42345600
1993-01-27,1.6464482545852661,1.6750821322079863,1.6321310244950404,1.6703095279920004,64192000
1993-01-28,1.6607643365859985,1.6631503466026296,1.6178138260565065,1.646447693928679,77030400
1993-01-29,1.6512203216552734,1.6798542000654804,1.6369036737290437,1.6703095739287448,39424000
1993-02-01,1.670309066772461,1.6798536900111607,1.632130573817662,1.6464477999544969,42854400
1993-02-02,1.698943018913269,1.708487642615029,1.6655371272359087,1.667923137521949,70371200
1993-02-03,1.687012791633606,1.7228052847835256,1.6798541764920742,1.708488054500462,71728000
1993-02-04,1.6225862503051758,1.6750819790938882,1.6130416253033806,1.6750819790938882,124214400
1993-02-05,1.698943018913269,1.708487642615029,1.5700908902183095,1.6178140087271091,177216000
1993-02-08,1.6369036436080933,1.6989434210763967,1.6225864133875698,1.6893987951152933,92665600
1993-02-09,1.6011114120483398,1.6655377934449362,1.5939527957692,1.6559931659253602,64550400
1993-02-10,1.632130742073059,1.6464479696858487,1.6034968694051106,1.6130414936277602,39193600
1993-02-11,1.62735915184021,1.6512204274317182,1.6178145250920497,1.6464484053365305,31635200
1993-02-12,1.5963388681411743,1.6273593456860949,1.5891808341457507,1.6273593456860949,34752000
1993-02-16,1.5295252799987793,1.598724215112626,1.5223672515862297,1.5820209837018768,91180800
1993-02-17,1.5319119691848755,1.551001211277164,1.4746442429080098,1.5462286094753734,121913600
1993-02-18,1.5581601858139038,1.5796360331198118,1.5080510405490322,1.5510021526030582,138553600
1993-02-19,1.52236807346344,1.5653185973559345,1.5175954693877658,1.5629325865969548,97094400
1993-02-22,1.4651007652282715,1.5462298161549888,1.4651007652282717,1.522368536196975,76256000
1993-02-23,1.5175955295562744,1.5366847815003786,1.465100377988857,1.4889616516401183,105974400
1993-02-24,1.6011114120483398,1.603497423288776,1.5032791256121434,1.5080511480930154,77548800
1993-02-25,1.6106555461883545,1.622586181293748,1.5748630583145202,1.5748630583145202,60806400
1993-02-26,1.5915663242340088,1.6225862090619538,1.584407710025202,1.6082695632020036,29833600
1993-03-01,1.5557740926742554,1.5987252024625471,1.5510020707854228,1.5987252024625471,26432000
1993-03-02,1.6154279708862305,1.617814564549817,1.5510021756831716,1.560546802664121,38380800
1993-03-03,1.617814302444458,1.6321309493175136,1.5939524475790923,1.617814302444458,42352000
1993-03-04,1.5987251996994019,1.6178144523372586,1.5605466944236879,1.6178144523372586,56659200
1993-03-05,1.5796353816986084,1.6225858934826083,1.574862778968414,1.5939520247740917,35724800
1993-03-08,1.5963388681411743,1.6130421125795387,1.5653189731541084,1.5772496123710025,48022400
1993-03-09,1.608269214630127,1.6225858573871272,1.5987245919396145,1.603496612006102,41312000
1993-03-10,1.6225862503051758,1.6369034790867076,1.5939523752997904,1.6130416253033806,26592000
1993-03-11,1.6512203216552734,1.6750821782759864,1.6225864432450663,1.6273590475923079,57779200
1993-03-12,1.698943018913269,1.7037156220429486,1.6273586324288691,1.6416752767027094,73580800
1993-03-15,1.6726957559585571,1.7037162309949925,1.6607651177064395,1.7037162309949925,35347200
1993-03-16,1.6750820875167847,1.6941713387559634,1.6607648578085425,1.684626713136374,36336000
1993-03-17,1.6297446489334106,1.6703091541812696,1.6273586386382661,1.655992509852802,39644800
1993-03-18,1.62735915184021,1.6559930320846907,1.6225865471872374,1.6369037785883702,34406400
1993-03-19,1.608269214630127,1.6369030827016646,1.603496612006102,1.6369030827016646,45404800
1993-03-22,1.5915663242340088,1.603496959543578,1.5748630852660142,1.5891803136836278,34083200
1993-03-23,1.5867936611175537,1.6225861482627604,1.5844076506565776,1.5939522750581234,34409600
1993-03-24,1.6464482545852661,1.6559928804595063,1.5844078951238405,1.5891804993398262,50576000
1993-03-25,1.6679238080978394,1.6846270519307294,1.648834553019632,1.6512205642649496,43833600
1993-03-26,1.6536059379577637,1.684626402418197,1.6416753037732326,1.6798537992098193,28380800
1993-03-29,1.6607643365859985,1.689398204458171,1.6559923165527364,1.6559923165527364,48262400
1993-03-30,1.7371219396591187,1.7418945439590312,1.6655375356223667,1.6893988094487034,140777600
1993-03-31,1.7657556533813477,1.7991621326971359,1.732349756623247,1.7418943817766597,179660800
1993-04-01,1.7752997875213623,1.8087062575975705,1.7657551650078065,1.7657551650078065,100412800
1993-04-02,1.7132607698440552,1.7562112983620648,1.7132607698440552,1.751439276330187,73251200
1993-04-05,1.7466670274734497,1.760984261600541,1.6798546275154491,1.69417186164254,61187200
1993-04-06,1.7132607698440552,1.7753005516051308,1.703716143222522,1.751439276330187,55699200
1993-04-07,1.7228055000305176,1.7275775223492613,1.703716245639918,1.7180328951539616,39417600
1993-04-08,1.698943018913269,1.7228048694464684,1.6846263746394288,1.718032266316789,40185600
1993-04-12,1.7204184532165527,1.7418942956683663,1.6893985686408113,1.6941711722604338,48976000
1993-04-13,1.696556568145752,1.7609829070448504,1.6941705584791977,1.7228044221501917,53337600
1993-04-14,1.698943018913269,1.7228048694464684,1.6750817509376688,1.698943018913269,38592000
1993-04-15,1.6631505489349365,1.7156462710324407,1.6416752910575958,1.67985378619847,109152000
1993-04-16,1.6607643365859985,1.6750815618008514,1.632130468713826,1.6655369391767938,49600000
1993-04-19,1.6607643365859985,1.6655369391767938,1.6225858460897686,1.6607643365859985,45673600
1993-04-20,1.655992865562439,1.6703095129661425,1.6225863840242527,1.6559928655624387,46009600
1993-04-21,1.620200276374817,1.6559927665812957,1.608269640491888,1.6559927665812957,92528000
1993-04-22,1.5891802310943604,1.6225861247365911,1.5820216172575847,1.6130415004734346,79872000
1993-04-23,1.5533878803253174,1.589180370081925,1.541457244592343,1.5844077662541247,89296000
1993-04-26,1.534298300743103,1.574862803061354,1.522367667571422,1.5557735569636408,65376000
1993-04-27,1.5748622417449951,1.5796348428471405,1.5319117446124437,1.5366837631572376,58208000
1993-04-28,1.6416749954223633,1.6416749954223633,1.5796352432694538,1.5844072630239088,55372800
1993-04-29,1.632130742073059,1.6369033454631992,1.6034968694051106,1.6369033454631992,49660800
1993-04-30,1.632130742073059,1.655992593908498,1.6225861178504095,1.6225861178504095,46825600
1993-05-03,1.6440608501434326,1.6607640828226768,1.6225855981600865,1.632130219325734,38096000
1993-05-04,1.6798545122146606,1.6893991401249713,1.651220628483729,1.655993233717812,49664000
1993-05-05,1.7037153244018555,1.7180319661745616,1.6703088560030461,1.679853478037349,51868800
1993-05-06,1.6655369997024536,1.7132601145570003,1.6559923767315443,1.6989428888218592,47244800
1993-05-07,1.6607643365859985,1.6750815618008514,1.6512197139619411,1.6655369391767938,31798400
1993-05-10,1.7013294696807861,1.7180327111228062,1.6798542064311883,1.689398832604093,69091200
1993-05-11,1.6750820875167847,1.6941713387559634,1.6655374618971952,1.684626713136374,38220800
1993-05-12,1.6464482545852661,1.6798541538662404,1.6369036287110261,1.6703095279920004,48272000
1993-05-13,1.6369036436080933,1.6416756653097766,1.6130417874264666,1.6369036436080935,43708800
1993-05-14,1.632130742073059,1.655992593908498,1.6178140970179002,1.6416753662957084,49116800
1993-05-17,1.6512203216552734,1.6536063325500203,1.6273590475923079,1.6369036737290437,27763200
1993-05-18,1.6893986463546753,1.6941712501938422,1.6512201458720839,1.6559927497112505,84185600
1993-05-19,1.7657556533813477,1.7753002785347602,1.7084879024608715,1.732349756623247,181017600
1993-05-20,1.7967755794525146,1.818251423443602,1.7562110672877391,1.7609836712494367,150256000
1993-05-21,1.7657556533813477,1.7991621326971359,1.7562110282279348,1.784844903688173,75500800
1993-05-24,1.758596658706665,1.7943891409338313,1.756210648573537,1.7609832513973547,64252800
1993-05-25,1.741894245147705,1.7562108904760256,1.7180323928569816,1.751438869552466,36716800
1993-05-26,1.8182505369186401,1.8182505369186404,1.7418935712224752,1.7466655902997772,87484800
1993-05-27,1.7967755794525146,1.8230234448475988,1.7753003180191276,1.8134788194819045,95052800
1993-05-28,1.7681419849395752,1.7896178323507828,1.7514393248079159,1.7848452276290279,35136000
1993-06-01,1.8373401165008545,1.8707460038624941,1.770527759220051,1.7752997791756322,173088000
1993-06-02,1.8277961015701294,1.8612020000354976,1.8182514759289217,1.8277961015701294,70710400
1993-06-03,1.8063210248947144,1.832568902206433,1.8039350131094576,1.8277968786359198,23936000
1993-06-04,1.7943897247314453,1.8039343509268253,1.7848450985360653,1.7943897247314453,32652800
1993-06-07,1.780072808265686,1.8277959320454944,1.7753002046088735,1.7991620577776093,52761600
1993-06-08,1.760982632637024,1.780071872109743,1.732348773427945,1.7752992709628848,48131200
1993-06-09,1.7371219396591187,1.7753004438274511,1.7323499179169481,1.7705284220852804,62480000
1993-06-10,1.7395075559616089,1.7657554172630294,1.7084876740004447,1.7418941488490904,56544000
1993-06-11,1.7061020135879517,1.7657557794152507,1.6989433985725115,1.7514391319420999,67542400
1993-06-14,1.760982632637024,1.760982632637024,1.7228041536915855,1.7371207920174463,40489600
1993-06-15,1.7657556533813477,1.7753002785347602,1.7466664030745223,1.7753002785347602,42345600
1993-06-16,1.741894245147705,1.780072742766749,1.703715747528661,1.770528118361988,66966400
1993-06-17,1.7347360849380493,1.751439327654651,1.7275774691226782,1.7466667229251387,28083200
1993-06-18,1.670309066772461,1.7418940323414946,1.6607644435337612,1.7275768062046597,75910400
1993-06-21,1.6917837858200073,1.7037149979951647,1.6607639157908465,1.69417037778947,68102400
1993-06-22,1.6798545122146606,1.7132610011796756,1.6655378616281227,1.703716373269365,41062400
1993-06-23,1.6917837858200073,1.7037149979951647,1.6750811373780812,1.6798531562022356,33129600
1993-06-24,1.6893986463546753,1.7084878965959711,1.6655373748318985,1.6846266250731943,35782400
1993-06-25,1.6893986463546753,1.7037158753144899,1.6559927497112505,1.6893986463546753,45484800
1993-06-28,1.7228055000305176,1.7228055000305176,1.6893990135680623,1.6941716184446183,52224000
1993-06-29,1.698943018913269,1.7514387405517482,1.6893983952115093,1.7228048694464684,42361600
1993-06-30,1.6798545122146606,1.722805629089986,1.6655378616281227,1.703716373269365,56422400
1993-07-01,1.6631505489349365,1.6893984099836885,1.6512199148428144,1.6846263893698814,57907200
1993-07-02,1.6655369997024536,1.670309019909131,1.6512197739673125,1.6655369997024536,25404800
1993-07-06,1.6416749954223633,1.6750814639335447,1.6273583536014993,1.6559922198007266,47721600
1993-07-07,1.5915663242340088,1.6082695632020036,1.5510018146468758,1.5677044710572072,182569600
1993-07-08,1.620200276374817,1.632130912257746,1.6034970366041015,1.6034970366041015,70105600
1993-07-09,1.6154279708862305,1.6225865867613922,1.593952705818544,1.6225865867613922,50000000
1993-07-12,1.5987251996994019,1.6178144523372586,1.593952595261058,1.6178144523372586,26540800
1993-07-13,1.5796353816986084,1.6034966476769306,1.574862778968414,1.6034966476769306,36476800
1993-07-14,1.608269214630127,1.6321304800776397,1.5748627439345646,1.584407366625077,43491200
1993-07-15,1.5939520597457886,1.6082692856929452,1.5796354163561945,1.6082692856929452,34432000
1993-07-16,1.5486156940460205,1.5891807985678732,1.5414576602108476,1.5891807985678732,86217600
1993-07-19,1.5032787322998047,1.5319126073668705,1.4889615034874317,1.5175953785544978,122435200
1993-07-20,1.5366849899291992,1.5366849899291992,1.4889618535959943,1.512823713041505,74822400
1993-07-21,1.5080509185791016,1.5080509185791016,1.4651003925566697,1.498506292512145,178963200
1993-07-22,1.481803297996521,1.560546913079132,1.465100636516428,1.5414576577665913,147584000
1993-07-23,1.481803297996521,1.4937345194852392,1.465100636516428,1.469872659065643,92790400
1993-07-26,1.4937348365783691,1.5128240959432175,1.484190206895945,1.4937348365783691,65801600
1993-07-27,1.4412384033203125,1.5032787583182436,1.4412384033203125,1.498506154445623,112220800
1993-07-28,1.4937348365783691,1.5175961195054477,1.4269224288013997,1.4507837117284783,113459200
1993-07-29,1.5080509185791016,1.5414574010923203,1.4794170403782325,1.4889616664451888,96534400
1993-07-30,1.4126040935516357,1.4173766959572547,1.3744256045367267,1.3935148490441813,287936000
1993-08-02,1.3887430429458618,1.4460107852826478,1.3791984192230642,1.4269215378370526,148208000
1993-08-03,1.3935147523880005,1.398287354462585,1.3744255092046034,1.3935147523880005,85136000
1993-08-04,1.3935147523880005,1.4078319760542837,1.369653489687489,1.398287354462585,94416000
1993-08-05,1.4269219636917114,1.4316939856984858,1.3982880839777416,1.4030601059845162,67910400
1993-08-06,1.3982882499694824,1.4483973997779769,1.38874362226511,1.4269221330825996,71760000
1993-08-09,1.3935147523880005,1.4126039955713978,1.3791981112791878,1.398287354462585,70876800
1993-08-10,1.3553370237350464,1.3982881361886463,1.3434063857148557,1.3935155314458927,192028800
1993-08-11,1.381584644317627,1.3935152801866517,1.357722790021887,1.3601093832418445,95974400
1993-08-12,1.4126040935516357,1.4221487158053632,1.3791982069423456,1.3839702267904541,77366400
1993-08-13,1.4364663362503052,1.4460109611338365,1.3935152329955784,1.4126044827626412,61900800
1993-08-16,1.4841889142990112,1.4937335356689165,1.4412378268557087,1.4460104288193898,78451200
1993-08-17,1.4746439456939697,1.498505202221383,1.450782106609237,1.4889605830989538,54272000
1993-08-18,1.4746439456939697,1.5128224221836866,1.460326725731666,1.4841885648163988,66012800
1993-08-19,1.4173771142959595,1.486575500420001,1.4078324892251373,1.4746448647208936,114742400
1993-08-20,1.45555579662323,1.465100422887783,1.3982880390359111,1.40306006088931,73683200
1993-08-23,1.469872236251831,1.4937340898074827,1.4412383615196525,1.4412383615196525,59472000
1993-08-24,1.4483973979949951,1.4698726646639362,1.4460113867113,1.4603280369713132,39417600
1993-08-25,1.4173771142959595,1.4507830107649966,1.3911292497117775,1.4316937606233517,68800000
1993-08-26,1.3768119812011719,1.4078324487068175,1.3648813458454359,1.4030598450299234,136256000
1993-08-27,1.372040033340454,1.3839706693332128,1.3601093973476956,1.3791986479591882,67763200
1993-08-30,1.3863569498062134,1.3982881706784924,1.369654289189081,1.3839709386548817,54012800
1993-08-31,1.4340800046920776,1.441238620299899,1.4030601138018886,1.4078327183930286,93020800
1993-09-01,1.4651007652282715,1.4746453937230555,1.4316942742175822,1.43646687974392,86035200
1993-09-02,1.462713360786438,1.498505843450932,1.4531687375797442,1.4746445767129819,55497600
1993-09-03,1.4460111856460571,1.4651004383769768,1.4364665592805972,1.460327833915366,26800000
1993-09-07,1.4269219636917114,1.455555843405681,1.4173773371203882,1.4460112168343577,38659200
1993-09-08,1.422149419784546,1.4269220245526553,1.398288143617396,1.412604792806126,54777600
1993-09-09,1.45555579662323,1.4603278184766288,1.4221493134184164,1.4316939396829695,29856000
1993-09-10,1.488961935043335,1.4937345402166289,1.4555560290616716,1.4698726794658563,56540800
1993-09-13,1.4579415321350098,1.4985060404570145,1.4555555216590437,1.4985060404570145,33481600
1993-09-14,1.4364663362503052,1.455555586017368,1.4173770864832425,1.4507829822967666,57756800
1993-09-15,1.4603272676467896,1.4650998702577365,1.4197627669626516,1.4460106249290203,60428800
1993-09-16,1.4507824182510376,1.4746442624615204,1.4460103989434077,1.4650996412888162,25641600
1993-09-17,1.4507824182510376,1.4603270394237418,1.4364657777707035,1.4412377970783334,25286400
1993-09-20,1.4436243772506714,1.484189470184021,1.4316937417091804,1.4555555953498374,34691200
1993-09-21,1.4507824182510376,1.4770302721153352,1.4269211565979993,1.4412377970783334,57846400
1993-09-22,1.4746439456939697,1.4889605830989538,1.4364654692042529,1.450782106609237,72051200
1993-09-23,1.5032787322998047,1.51282335732216,1.4651002322103832,1.4746448572327386,72214400
1993-09-24,1.5271410942077637,1.5414583332450094,1.498507198691368,1.498507198691368,91481600
1993-09-27,1.570090889930725,1.5748629105019316,1.5510016425307018,1.5605462662307135,73472000
1993-09-28,1.6034973859786987,1.6082699909063543,1.5700914817163851,1.5700914817163851,84012800
1993-09-29,1.5844073295593262,1.603496574493776,1.5414568197355762,1.5987245545389253,87529600
1993-09-30,1.5748622417449951,1.5891794624940798,1.5700902232002012,1.5796348428471405,38400000
1993-10-01,1.5653183460235596,1.5891801974551683,1.5653183460235596,1.5748629700846788,46048000
1993-10-04,1.5772490501403809,1.6034969131074441,1.574863039659097,1.574863039659097,40505600
1993-10-05,1.5891802310943604,1.6178141038838296,1.574863003420809,1.5796356068312039,86931200
1993-10-06,1.620200276374817,1.632130912257746,1.5844077861683383,1.5891803900561248,77321600
1993-10-07,1.605883002281189,1.6369034702885508,1.598724970486575,1.6225862415839722,41596800
1993-10-08,1.6130419969558716,1.617814601835239,1.5700914658306273,1.6082699746343168,38086400
1993-10-11,1.6034973859786987,1.6178146182038464,1.5700914817163851,1.6130420132761911,36457600
1993-10-12,1.608269214630127,1.6273584600111521,1.570090723868077,1.608269214630127,79296000
1993-10-13,1.5891802310943604,1.6082694796206731,1.5510017340417346,1.5987248553575166,62409600
1993-10-14,1.5677049160003662,1.6034974146452987,1.5653189047727918,1.5987253921901499,63257600
1993-10-15,1.5414575338363647,1.5844080635575213,1.5319129069474642,1.570091414503067,126425600
1993-10-18,1.5844073295593262,1.5891799320717004,1.5414568197355762,1.546228839690427,67750400
1993-10-19,1.5319119691848755,1.6034963357522392,1.5175947463369406,1.565317851567662,91392000
1993-10-20,1.5462294816970825,1.5605467126213088,1.5128235804701642,1.5366848552668537,81590400
1993-10-21,1.5175955295562744,1.5271401555283264,1.4889616516401183,1.5032788818770653,127142400
1993-10-22,1.534298300743103,1.5414569136691352,1.5128230445225652,1.5128230445225652,47625600
1993-10-25,1.5366849899291992,1.551002222108069,1.5080511081292762,1.5366849899291992,48553600
1993-10-26,1.5175955295562744,1.5414573857652734,1.5128235078491172,1.5366847815003786,66944000
1993-10-27,1.5247539281845093,1.5366845633161839,1.5175953140824425,1.5175953140824425,45564800
1993-10-28,1.5080509185791016,1.5366847967799706,1.503278896824495,1.5223681489584078,56009600
1993-10-29,1.5295252799987793,1.531911872027029,1.51282263114543,1.5175946500871298,39843200
1993-11-01,1.5438430309295654,1.5557736649291931,1.5223677732187157,1.5319123969299377,30163200
1993-11-02,1.5319119691848755,1.5557732305215177,1.5175947463369406,1.551001211277164,42422400
1993-11-03,1.4985065460205078,1.536685056747145,1.48418989577694,1.5271404290654857,56796800
1993-11-04,1.4603272676467896,1.5080503809685801,1.4603272676467898,1.503278360915169,63177600
1993-11-05,1.5032787322998047,1.5080507535321426,1.4507830033980105,1.455555607188028,56432000
1993-11-08,1.4985065460205078,1.5175958013838264,1.48418989577694,1.5080511737021671,28819200
1993-11-09,1.4937348365783691,1.527140749187872,1.488962230458175,1.5080514898230235,36320000
1993-11-10,1.5533878803253174,1.5581599015954335,1.5080507654707933,1.5271400156666262,57177600
1993-11-11,1.5581601858139038,1.5748634284214578,1.546229547904704,1.5510021526030582,31158400
1993-11-12,1.5629316568374634,1.5748622860927637,1.560545647497877,1.560545647497877,34339200
1993-11-15,1.5366849899291992,1.5653188717291222,1.5366849899291992,1.5653188717291222,29244800
1993-11-16,1.570090889930725,1.579635513630737,1.5366844157018849,1.5462290394018965,47664000
1993-11-17,1.5414575338363647,1.5844080635575213,1.541457533836365,1.579636041391968,72217600
1993-11-18,1.5319119691848755,1.5557732305215177,1.5271393673830849,1.5414565902310198,48438400
1993-11-19,1.5295252799987793,1.531911872027029,1.5175946500871298,1.5223672515862297,38403200
1993-11-22,1.469872236251831,1.5223679645396613,1.4603276113411048,1.5223679645396613,80355200
1993-11-23,1.4770305156707764,1.4985057712111691,1.4746445056235196,1.4841891283700874,98256000
1993-11-24,1.5032787322998047,1.5223679823445153,1.4794168784650765,1.4794168784650765,32467200
1993-11-26,1.5080509185791016,1.5128235228914513,1.503278896824495,1.5080509185791016,6403200
1993-11-29,1.5175955295562744,1.5271401555283264,1.5080509035842224,1.5080509035842224,32105600
1993-11-30,1.5271410942077637,1.5366857260465623,1.4937351740510167,1.498507198691368,44153600
1993-12-01,1.5557740926742554,1.5700913234562726,1.5366848400034057,1.5366848400034057,58886400
1993-12-02,1.5820220708847046,1.5844080819952475,1.5605468057742191,1.5653188279953048,51936000
1993-12-03,1.6369036436080933,1.65122029127088,1.5939525355042599,1.59872513976368,114502400
1993-12-06,1.620200276374817,1.632130912257746,1.6034970366041015,1.6225862870398644,59337600
1993-12-07,1.632130742073059,1.6416753662957084,1.6225861178504095,1.6225861178504095,32780800
1993-12-08,1.5939520597457886,1.598724662580695,1.5700907932439443,1.5844074366335383,105900800
1993-12-09,1.5486156940460205,1.5939528211246552,1.5366850550962243,1.5939528211246552,61465600
1993-12-10,1.5629316568374634,1.5700902674135908,1.5414564076664496,1.5510010275821633,19916800
1993-12-13,1.5533878803253174,1.5653185160582919,1.541457244592343,1.5557738909603755,20112000
1993-12-14,1.5271410942077637,1.5557749897241593,1.5128244377286137,1.5462303578853607,47414400
1993-12-15,1.52236807346344,1.5462293461686671,1.52236807346344,1.5271400949813996,35219200
1993-12-16,1.5271410942077637,1.5462303578853607,1.5223690695674124,1.5271410942077637,29113600
1993-12-17,1.5366849899291992,1.5366849899291992,1.522368340308146,1.5366849899291992,26112000
1993-12-20,1.5653183460235596,1.5653183460235596,1.5366844738402017,1.5462290979013211,35462400
1993-12-21,1.5748622417449951,1.5748622417449951,1.5557730024511163,1.5653176220980556,31008000
1993-12-22,1.5486156940460205,1.5748635657818448,1.5462296827676296,1.570091543225063,24169600
1993-12-23,1.5438430309295654,1.570090891774826,1.5414570206411597,1.5462290412179711,31820800
1993-12-27,1.5366849899291992,1.551002222108069,1.522368340308146,1.541457594841428,24537600
1993-12-28,1.5796353816986084,1.5844074018712528,1.5366842873570585,1.5366842873570585,27776000
1993-12-29,1.5557740926742554,1.5939525980159548,1.5366848400034057,1.5796359497916974,48988800
1993-12-30,1.5510016679763794,1.5700909156895804,1.541457044119779,1.56054629183298,25328000
1993-12-31,1.5390706062316895,1.5557738453022654,1.5319125745365858,1.54622922048446,22995200
1994-01-03,1.5295252799987793,1.5414564924678287,1.51282263114543,1.5366838909687288,36646400
1994-01-04,1.5366849899291992,1.541457594841428,1.512823713041505,1.531912967574787,45302400
1994-01-05,1.570090889930725,1.5748629105019316,1.527139792001873,1.5319123951306783,53974400
1994-01-06,1.6154279708862305,1.617814564549817,1.5748634518566453,1.577249462962433,82006400
1994-01-07,1.62735915184021,1.6369037785883702,1.5891806448475692,1.6082698983438894,70832000
1994-01-10,1.6369036436080933,1.65122029127088,1.6225864133875698,1.6225864133875698,74185600
1994-01-11,1.62735915184021,1.641675800683558,1.6106559093914834,1.6225865471872374,35360000
1994-01-12,1.632130742073059,1.6369033454631992,1.5987248485726013,1.6225861178504095,39488000
1994-01-13,1.6297446489334106,1.632130659228555,1.6034967880140187,1.6178140149000875,40755200
1994-01-14,1.6345164775848389,1.6416750901872479,1.617813824922595,1.6321304675698802,45216000
1994-01-17,1.617814302444458,1.6416755747521188,1.613041698448303,1.6273589278790632,30755200
1994-01-18,1.6154279708862305,1.6321312137423416,1.6034973327994935,1.6273591915307664,43686400
1994-01-19,1.5891802310943604,1.6082694796206731,1.574863003420809,1.5987248553575166,76563200
1994-01-20,1.6464482545852661,1.6488342654143933,1.5891804993398262,1.5891804993398262,145004800
1994-01-21,1.6464482545852661,1.6607649021177604,1.6225863986208005,1.6464482545852663,99078400
1994-01-24,1.62735915184021,1.6607650541798782,1.6225865471872374,1.641675800683558,38374400
1994-01-25,1.6249732971191406,1.629745903942244,1.6034980228103008,1.6273598918097172,70361600
1994-01-26,1.608269214630127,1.6225858573871272,1.603496612006102,1.6225858573871272,50489600
1994-01-27,1.608269214630127,1.6178138373206394,1.589179969249102,1.603496612006102,51129600
1994-01-28,1.620200276374817,1.632130912257746,1.608269640491888,1.613041661821983,41875200
1994-01-31,1.6249732971191406,1.6392905350304003,1.6178152607215606,1.6273598918097172,62566400
1994-02-01,1.6249732971191406,1.6369045228978738,1.6130426538984575,1.622587284986614,44003200
1994-02-02,1.6034973859786987,1.6321312678711755,1.6034973859786987,1.6178146182038464,40924800
1994-02-03,1.6130419969558716,1.6130419969558716,1.593952742554027,1.6082699746343168,31792000
1994-02-04,1.5510016679763794,1.6130414317654782,1.5510016679763794,1.6034968079088778,78217600
1994-02-07,1.5414575338363647,1.5510021607252655,1.5175956753352162,1.5223682800585634,118851200
1994-02-08,1.5032787322998047,1.5366846285992084,1.4889615034874317,1.5366846285992084,149875200
1994-02-09,1.5199811458587646,1.5319123621450719,1.488961265141056,1.4985058886355498,98585600
1994-02-10,1.515209674835205,1.541457544602455,1.508051058979083,1.5223682906913274,66620800
1994-02-11,1.5032787322998047,1.5175953785544978,1.4889615034874317,1.51282335732216,53747200
1994-02-14,1.51043701171875,1.51759562729828,1.5032789786969951,1.5080510007114984,55270400
1994-02-15,1.52236807346344,1.5319126990570737,1.5128234478698062,1.52236807346344,28876800
1994-02-16,1.5032787322998047,1.5319126073668705,1.5032787322998047,1.5319126073668705,43731200
1994-02-17,1.5008918046951294,1.5175950404018326,1.4889611717150055,1.5080504175062235,85017600
1994-02-18,1.5271410942077637,1.5414583332450094,1.498507198691368,1.498507198691368,79465600
1994-02-22,1.5175955295562744,1.5319127597932214,1.4985062776121705,1.5271401555283264,63235200
1994-02-23,1.5462294816970825,1.5653187345575403,1.4937343276097064,1.5223682069003932,139462400
1994-02-24,1.5247539281845093,1.5414571669034467,1.5128232930528345,1.5271399386993132,82553600
1994-02-25,1.5462294816970825,1.5510020861910798,1.5223682069003932,1.531912833330622,52995200
1994-02-28,1.5748622417449951,1.5844068613919344,1.546228382804177,1.5510009839063224,55494400
1994-03-01,1.5891802310943604,1.5891802310943604,1.5700909825680474,1.5844076276839654,48070400
1994-03-02,1.5796353816986084,1.5844074018712528,1.5462289102598974,1.5605461358929307,68499200
1994-03-03,1.5462294816970825,1.5891805919119955,1.5366848552668537,1.5844079874179982,31564800
1994-03-04,1.5462294816970825,1.5557741081273115,1.5366848552668537,1.5462294816970825,25705600
1994-03-07,1.5510016679763794,1.5700909156895804,1.541457044119779,1.5510016679763794,30540800
1994-03-08,1.5462294816970825,1.5510020861910798,1.5223682069003932,1.5510020861910798,24723200
1994-03-09,1.5438430309295654,1.560546268063604,1.527139793795527,1.5510016443523817,37024000
1994-03-10,1.5438430309295654,1.570090891774826,1.536684417506749,1.5557736649291931,46588800
1994-03-11,1.5605462789535522,1.5700909027313794,1.5414570313978977,1.5462290520080095,34857600
1994-03-14,1.6011114120483398,1.60827002832748,1.5700915182491757,1.5748635407300478,69203200
1994-03-15,1.620200276374817,1.627358890927651,1.5939524113862198,1.6034970366041015,62934400
1994-03-16,1.617814302444458,1.6273589278790632,1.613041698448303,1.6225863238829081,41286400
1994-03-17,1.6130419969558716,1.6273592290361614,1.6130419969558716,1.617814601835239,30992000
1994-03-18,1.617814302444458,1.6225863238829081,1.5939524475790923,1.613041698448303,36857600
1994-03-21,1.5891802310943604,1.6297447385733668,1.5844076276839654,1.6225861247365911,65078400
1994-03-22,1.617814302444458,1.6369035533136687,1.5700911752714313,1.5700911752714313,89024000
1994-03-23,1.6464482545852661,1.6703095279920004,1.6225863986208005,1.6273590028367861,116441600
1994-03-24,1.6655369997024536,1.6655369997024536,1.6225859050545846,1.6369031307897257,60166400
1994-03-25,1.670309066772461,1.7037155393866956,1.6607644435337612,1.6607644435337612,102051200
1994-03-28,1.648834228515625,1.6798541162732874,1.5987250894366754,1.6703094906126437,118403200
1994-03-29,1.5748622417449951,1.65121919892051,1.5748622417449951,1.65121919892051,78339200
1994-03-30,1.5963388681411743,1.6225867404646246,1.5748636010391945,1.5796362062606646,86860800
1994-03-31,1.617814302444458,1.6369035533136687,1.5748631967098814,1.5939524475790923,72297600
1994-04-04,1.6130419969558716,1.6369038562370837,1.56531886095126,1.5748634881521824,73996800
1994-04-05,1.6750820875167847,1.6750820875167847,1.6225863553301854,1.627358959418838,101878400
1994-04-06,1.698943018913269,1.7037156220429486,1.6655371272359087,1.6703091478079892,80780800
1994-04-07,1.7132607698440552,1.7204188028918719,1.6941715166009892,1.703716143222522,76630400
1994-04-08,1.6607643365859985,1.7180320723303433,1.6559923165527364,1.7132600522970811,118710400
1994-04-11,1.6607643365859985,1.6655369391767938,1.6416750913378837,1.6607643365859985,40400000
1994-04-12,1.617814302444458,1.6559928041828793,1.6034970730136975,1.6559928041828793,84969600
1994-04-13,1.620200276374817,1.632130912257746,1.5844077861683383,1.6178142657097694,69644800
1994-04-14,1.605883002281189,1.6273588453380567,1.598724970486575,1.6130416166334782,53088000
1994-04-15,1.620200276374817,1.627358890927651,1.5939524113862198,1.5939524113862198,35241600
1994-04-18,1.5844073295593262,1.6369030444078247,1.5700906871372509,1.617813799473375,78006400
1994-04-19,1.6822397708892822,1.7084876315383484,1.636903245518053,1.660764513338953,291273600
1994-04-20,1.7084872722625732,1.710873282031393,1.6607641640988142,1.6893980289970696,104732800
1994-04-21,1.7466670274734497,1.751439633035112,1.7037164902079687,1.7084885132117351,141980800
1994-04-22,1.751438856124878,1.7705281047880503,1.7323496074617057,1.7562108770118523,66060800
1994-04-25,1.7896171808242798,1.7991618042351891,1.7466660841963975,1.7562107076073068,142745600
1994-04-26,1.8122860193252563,1.8182515562539805,1.7943896998179554,1.803934325880817,113193600
1994-04-28,1.758596658706665,1.818250989937796,1.751438628307281,1.818250989937796,141382400
1994-04-29,1.7657556533813477,1.784844903688173,1.7418943817766597,1.7562110282279348,56803200
1994-05-02,1.8230226039886475,1.824215535969701,1.756210257245608,1.770527479969261,79260800
1994-05-03,1.7848454713821411,1.8230239841389784,1.7800734485664729,1.8182519613233101,41929600
1994-05-04,1.8158645629882812,1.8182511558968046,1.770528036090558,1.7896172840130566,68889600
1994-05-05,1.801547646522522,1.837340126616536,1.794389033992214,1.8182508815740654,56374400
1994-05-06,1.7657556533813477,1.7991621326971359,1.7347357672721784,1.7800728823903105,96403200
1994-05-09,1.760982632637024,1.787229899993995,1.7490514210485566,1.7514380129006644,47600000
1994-05-10,1.7943897247314453,1.8039343509268253,1.7705284505218708,1.7753004723406853,65305600
1994-05-11,1.7848454713821411,1.7991627049448915,1.7705288203772636,1.7943900995713504,57433600
1994-05-12,1.8039350509643555,1.8191466592268424,1.7800737674951383,1.784845791165791,58998400
1994-05-13,1.8421133756637573,1.8612026334426566,1.8039348601059593,1.8612026334426566,179920000
1994-05-16,1.8134788274765015,1.8468853076825518,1.8087068060514677,1.8373406822747809,56633600
1994-05-17,1.8063210248947144,1.818252248936928,1.784845753711474,1.8134796428084494,122464000
1994-05-18,1.8528497219085693,1.8612014123469454,1.808706279174901,1.8182509018023212,96953600
1994-05-19,1.8779048919677734,1.8898355261652733,1.851657030687187,1.8564296339007522,89651200
1994-05-20,1.8659747838974,1.8946086635795256,1.8564301573366915,1.8707468058988677,78140800
1994-05-23,1.9304004907608032,1.9471037321416511,1.8516574707621585,1.870746723038057,74947200
1994-05-24,1.9518762826919556,1.9805101603165973,1.9184698008510075,1.95664830435053,85144000
1994-05-25,2.0043723583221436,2.013916988599868,1.918470685822623,1.9471045766557966,86003200
1994-05-26,1.9852815866470337,2.013915455685212,1.9566477176088555,2.013915455685212,64296000
1994-05-27,1.999599575996399,2.0139162247035536,1.9566484647593765,1.975737718074102,47544000
1994-05-31,2.0520944595336914,2.052691289899616,1.980510060363693,1.9948267071746117,76000000
1994-06-01,2.0234601497650146,2.042549396460911,1.999598882673933,2.042549396460911,100764800
1994-06-02,1.9948265552520752,2.0377776575291544,1.9852819305857972,2.0330050539171864,60291200
1994-06-03,2.018688440322876,2.0425497110894804,1.9948265869986046,2.00437121181678,86841600
1994-06-06,2.080728530883789,2.085501135306896,1.9757376417107537,2.009144124999234,764504000
1994-06-07,2.0473227500915527,2.071184025931686,2.0425501453888515,2.0616393990840742,166171200
1994-06-08,1.9852815866470337,2.047321927508532,1.9709649434067231,2.047321927508532,203835200
1994-06-09,1.9948265552520752,2.006757190445508,1.9757373059195193,1.9805099095314873,79356800
1994-06-10,2.0067567825317383,2.02346001794187,1.9805095069530054,1.994826149763447,53726400
1994-06-13,2.018688440322876,2.0377776899592264,1.9805099410501756,2.009143815504701,56628800
1994-06-14,2.044935703277588,2.0664115458437373,2.0234604432691,2.028233046914132,59249600
1994-06-15,2.071183443069458,2.085500670590687,2.0330049464230164,2.0473221739442455,58860800
1994-06-16,2.044935703277588,2.071183566931107,2.042549692733903,2.071183566931107,48478400
1994-06-17,2.0234601497650146,2.0473219994136738,2.0186881293698296,2.042549396460911,47622400
1994-06-20,2.0425500869750977,2.0425500869750977,1.99959955866806,2.004371580676498,45668800
1994-06-21,2.009143590927124,2.0377774621810194,1.985281740270077,1.9900543434245273,86995200
1994-06-22,1.9661929607391357,2.0234607168771688,1.95664833471613,2.0139160908541633,82924800
1994-06-23,1.913697600364685,1.9948266214411068,1.9089249965943607,1.9661927464921913,85979200
1994-06-24,1.8898357152938843,1.9232421934592259,1.8802910904691676,1.9089249649433173,81454400
1994-06-27,1.9805102348327637,1.990054861066758,1.885063972492817,1.8993806205649324,76161600
1994-06-28,1.9590342044830322,2.0139159458018923,1.9160836817518885,1.9852820697952303,99417600
1994-06-29,1.9614205360412598,1.9805097841654684,1.942331287917051,1.9614205360412595,53435200
1994-06-30,1.9709663391113281,1.9900555986544983,1.9471044734033802,1.975738362718136,40827200
1994-07-01,1.918468713760376,1.975736436559193,1.9035552442815171,1.970964417604659,66622400
1994-07-05,1.875519037246704,1.9471034309284811,1.8707464336371682,1.9232421605537746,40430400
1994-07-06,1.844498634338379,1.8707464987096944,1.8230233737426105,1.8540432593317957,89254400
1994-07-07,1.9232425689697266,1.928014591034982,1.8301823131194344,1.8516575775286461,89667200
1994-07-08,1.8898357152938843,1.9423314431086591,1.875519069335643,1.9041529438097928,48945600
1994-07-11,1.84688401222229,1.894607105786725,1.823022174161425,1.894607105786725,85406400
1994-07-12,1.8325682878494263,1.8421129143486419,1.7896177598818401,1.8421129143486419,83752000
1994-07-13,1.8898357152938843,1.889835715293884,1.82779594521206,1.8421125911703011,82956800
1994-07-14,1.8612020015716553,1.894608482622313,1.846885354376886,1.8850638569732276,81446400
1994-07-15,1.8564298152923584,1.8850636896987367,1.83256796200821,1.8612018364145884,45520000
1994-07-18,1.9280142784118652,1.9757374041151292,1.889835777849254,1.9661927789744764,150499200
1994-07-19,1.913697600364685,1.9327868503306287,1.8946083503987414,1.9327868503306287,70126400
1994-07-20,1.84688401222229,1.9089237425774084,1.8277947747965158,1.9089237425774084,112604800
1994-07-21,1.8230226039886475,1.8659736896021744,1.813477983025356,1.8564290686388831,85740800
1994-07-22,1.9304004907608032,1.9375591060037018,1.8039343400724122,1.8516574707621585,152916800
1994-07-25,1.954262375831604,1.9709656174555914,1.918469881653847,1.9327871123480522,51513600
1994-07-26,1.9232425689697266,1.956648471099858,1.899380710970106,1.9518764490346026,54308800
1994-07-27,1.8898357152938843,1.9232421934592259,1.889835715293884,1.9232421934592259,29291200
1994-07-28,1.8898357152938843,1.918469589768034,1.8802910904691676,1.889835715293884,39899200
1994-07-29,1.9661929607391357,1.9709655650295088,1.8946085568454647,1.9041531828684701,67064000
1994-08-01,2.0377774238586426,2.047322047430445,1.9661924557913277,1.9709650588560246,83934400
1994-08-02,2.0163025856018066,2.085501577793586,2.0091445512850408,2.0520950874171575,95249600
1994-08-03,2.0377774238586426,2.0616386915093536,2.02823280028684,2.052094067937551,58771200
1994-08-04,2.0139150619506836,2.047321527242805,2.0139150619506836,2.042548925390741,40192000
1994-08-05,2.0043723583221436,2.0186895950177304,1.994827728044419,2.0091449647400057,31204800
1994-08-08,2.0234601497650146,2.0234601497650146,1.985281656373222,1.999598882673933,34537600
1994-08-09,2.0425500869750977,2.05686731811596,2.013916207251148,2.0234608338257978,40198400
1994-08-10,2.0664114952087402,2.0759561197072616,2.033005018185091,2.0425496426836123,48646400
1994-08-11,2.1093618869781494,2.1379957587470835,2.0568667466805763,2.0568667466805763,81428800
1994-08-12,2.1093618869781494,2.1236791141414226,2.0950452423724886,2.114134490218445,38088000
1994-08-15,2.0783419609069824,2.1189064660822194,2.0759559506161094,2.1189064660822194,36113600
1994-08-16,2.095045328140259,2.104589952453978,2.061638851763422,2.095045328140259,56779200
1994-08-17,2.1332242488861084,2.1475408969200327,2.104590370260508,2.1141349964690415,79790400
1994-08-18,2.118906021118164,2.1523124884055225,2.114134001538529,2.133223244972026,61276800
1994-08-19,2.095045328140259,2.1379958462731783,2.090272724704581,2.1332238253951368,74761600
1994-08-22,2.085500717163086,2.0998173624464007,2.080728113696888,2.0998173624464007,62835200
1994-08-23,2.118906021118164,2.1523124884055225,2.08072753425117,2.085500136388283,58363200
1994-08-24,2.128451347351074,2.137995972227088,2.1189067224750606,2.1189067224750606,35246400
1994-08-25,2.1451549530029297,2.1666302170033886,2.128451710976897,2.1332243155090937,55174400
1994-08-26,2.171402931213379,2.20480883439501,2.147541072462672,2.152313677235933,60961600
1994-08-29,2.178561210632324,2.2191263168350828,2.1761751992550633,2.1904924326343584,56625600
1994-08-30,2.228670120239258,2.2334421412280143,2.1618577484931207,2.1761743940170395,39851200
1994-08-31,2.219125986099243,2.262076514720103,2.204808754853771,2.228670612743632,60968000
1994-09-01,2.1427688598632812,2.1761747600768144,2.1284516293733757,2.1761747600768144,115568000
1994-09-02,2.1379966735839844,2.157085929598127,2.128452045576913,2.157085929598127,46964800
1994-09-06,2.1379966735839844,2.1475413015910556,2.1260660342146105,2.1332246508593795,28804800
1994-09-07,2.171402931213379,2.2071948455027406,2.1427690502472103,2.147541072462672,43588800
1994-09-08,2.2119674682617188,2.2143534793888504,2.176174971123525,2.176174971123525,28377600
1994-09-09,2.171402931213379,2.209581439168271,2.133224423258487,2.1427690502472103,60800000
1994-09-12,2.1427688598632812,2.180947364426032,2.1332242337225935,2.180947364426032,36238400
1994-09-13,2.1976490020751953,2.209580216125304,2.1523124858916995,2.1523124858916995,41134400
1994-09-14,2.2000372409820557,2.2191264986801302,2.1952646352785807,2.204809264127618,29968000
1994-09-15,2.2238974571228027,2.2238974571228027,2.19049156342338,2.200036187702877,40640000
1994-09-16,2.171402931213379,2.219126066156994,2.1666303264401177,2.2143534613837326,52921600
1994-09-19,2.171402931213379,2.185719580417564,2.161858304224656,2.180947558202102,48350400
1994-09-20,2.1379966735839844,2.180947790894736,2.1356106622216817,2.171403162887665,40276800
1994-09-21,2.1857194900512695,2.190492094627212,2.099817850704276,2.1499269946839115,82948800
1994-09-22,2.1761748790740967,2.1952641323993083,2.161858230359078,2.1857195057367025,44320000
1994-09-23,2.1379966735839844,2.1952644416264127,2.1379966735839844,2.171403162887665,48371200
1994-09-26,2.121293544769287,2.137996790333239,2.109362904748419,2.137996790333239,29921600
1994-09-27,2.1570851802825928,2.1570851802825928,2.095045411066569,2.118906681516529,50585600
1994-09-28,2.1761748790740967,2.1952641323993083,2.1570856257488855,2.161858230359078,33355200
1994-09-29,2.1570851802825928,2.1857190543571403,2.152313159215664,2.1714024085986963,27105600
1994-09-30,2.1427688598632812,2.19526401235819,2.1427688598632812,2.157085507795439,34608000
1994-10-03,2.1332242488861084,2.1523135013031753,2.1189070182944323,2.142768875094642,28833600
1994-10-04,2.0998167991638184,2.142767888607275,2.0950447795353697,2.1379952864213423,42622400
1994-10-05,2.118906021118164,2.133223244972026,2.0664108929547864,2.0950447581050318,50985600
1994-10-06,2.080728530883789,2.133224266749185,2.071183904595331,2.11890703603762,40790400
1994-10-07,2.0759568214416504,2.0950460768914225,2.0568675659918783,2.0855014491665362,51518400
1994-10-10,2.090273141860962,2.1141349986861964,2.0759564938120234,2.0759564938120234,39480000
1994-10-11,2.1308376789093018,2.161858151347367,2.104590393464758,2.104590393464758,55692800
1994-10-12,2.1475415229797363,2.1570861519707574,2.1284522649976942,2.1332248707721657,27912000
1994-10-13,2.1857194900512695,2.20480874323949,2.161858214844881,2.161858214844881,63033600
1994-10-14,2.1356093883514404,2.1904911122951516,2.1069755214100496,2.185718509859496,99878400
1994-10-17,2.10459041595459,2.1475409435466406,2.099817811467826,2.137996317130878,31160000
1994-10-18,2.1618571281433105,2.1666291477627246,2.1022028049982513,2.1093614169848554,52686400
1994-10-19,2.2000372409820557,2.2143538929766553,2.147541491033394,2.1618587255859065,59488000
1994-10-20,2.2763936519622803,2.285938278212525,2.2095812682105658,2.223897916307056,136558400
1994-10-21,2.266848564147949,2.2763931884547666,2.2286700669206794,2.2620759607157224,67099200
1994-10-24,2.247760057449341,2.271621334813425,2.228670802534942,2.271621334813425,57145600
1994-10-25,2.2787790298461914,2.2811650401064862,2.228669901592037,2.2429865457113984,44780800
1994-10-26,2.328888416290283,2.333661019897576,2.2811652930056465,2.2859378966129387,97904000
1994-10-27,2.352750539779663,2.352750539779663,2.319344058359816,2.333661288270529,41238400
1994-10-28,2.371840238571167,2.381384866125663,2.343206355907679,2.352750983462175,58414400
1994-10-31,2.4052464962005615,2.4338803830600924,2.3670679803878545,2.376612609341031,59932800
1994-11-01,2.395700454711914,2.4004730576534747,2.3718391876768385,2.395700454711914,39624000
1994-11-02,2.4052464962005615,2.4481976177688174,2.3861572382942082,2.395701867247385,61408000
1994-11-03,2.3909287452697754,2.414790015408025,2.3813841207029456,2.405245390841195,63441600
1994-11-04,2.34797739982605,2.410017744352282,2.3408187865042556,2.3909284971992246,46947200
1994-11-07,2.3622944355010986,2.367066455624796,2.3241159442813437,2.3479772100149185,47094400
1994-11-08,2.429108142852783,2.4386527709532695,2.355137129434545,2.3622957461493765,43328000
1994-11-09,2.4338796138763428,2.4672860959339054,2.4100183403132855,2.4529688657498827,60206400
1994-11-10,2.4314944744110107,2.457742350783065,2.424335856753552,2.424335856753552,24689600
1994-11-11,2.376612663269043,2.393315909955598,2.319344888250512,2.376612663269043,132899200
1994-11-14,2.4625132083892822,2.4625132083892822,2.395700834518255,2.395700834518255,48934400
1994-11-15,2.4648993015289307,2.486375291962035,2.4529688106548013,2.4625134363771934,52544000
1994-11-16,2.4672865867614746,2.476831214596997,2.4625139815647876,2.47205860940031,30196800
1994-11-17,2.4529693126678467,2.472058568019347,2.438652662433142,2.467286545460393,33232000
1994-11-18,2.4481964111328125,2.472057680476355,2.4434238077295247,2.4481964111328125,25694400
1994-11-21,2.42433500289917,2.4720581328774998,2.4195629811802064,2.462513506881834,35560000
1994-11-22,2.3670668601989746,2.4386518347499426,2.3622948392596532,2.4147899823804053,56358400
1994-11-23,2.34797739982605,2.3694526572338415,2.331274162927727,2.35275000289311,87507200
1994-11-25,2.376612663269043,2.381385269132887,2.3527513816236216,2.3575234049295326,12563200
1994-11-28,2.419562578201294,2.424334599125476,2.3766114770954467,2.3861561015014527,43449600
1994-11-29,2.4481964111328125,2.457741035381756,2.424334559231638,2.4291071626349257,37673600
1994-11-30,2.4004743099212646,2.452969474318399,2.3957017044899542,2.452969474318399,40934400
1994-12-01,2.388542890548706,2.4207564453377497,2.3861568793088552,2.390929484346389,43096000
1994-12-02,2.4147896766662598,2.4147896766662598,2.3670665605266104,2.3957004302104,37715200
1994-12-05,2.417175769805908,2.4529682537786517,2.4100177390574316,2.4195623626129907,38166400
1994-12-06,2.419562578201294,2.4481964514193115,2.4052453503134643,2.41478997471947,38830400
1994-12-07,2.4052464962005615,2.4386529888156403,2.4052464962005615,2.4243357541069153,36744000
1994-12-08,2.3861563205718994,2.433879446983337,2.3766116952896117,2.410018175056466,41934400
1994-12-09,2.410017251968384,2.4147892715028942,2.37661078499692,2.386155406623413,79956800
1994-12-12,2.410017251968384,2.424333893129388,2.3527495222094217,2.410017251968384,65313600
1994-12-13,2.395700454711914,2.4243343246885507,2.3766112080608233,2.419562304304566,30219200
1994-12-14,2.4147896766662598,2.4291069027869394,2.38615580698247,2.38615580698247,33641600
1994-12-15,2.42433500289917,2.4481968591672043,2.405245750907838,2.4195629811802064,28854400
1994-12-16,2.419562578201294,2.4529684723434935,2.4130002120039333,2.4291072026072995,54020800
1994-12-19,2.3909287452697754,2.429107243537096,2.3861561417075348,2.419562618970266,31507200
1994-12-20,2.285937786102295,2.3957006730717896,2.2429866859437073,2.3909286522528514,253456000
1994-12-21,2.34797739982605,2.35275000289311,2.295482261433938,2.3002542819434066,69395200
1994-12-22,2.3145720958709717,2.3670672475828507,2.300254865594625,2.347977995586215,57355200
1994-12-23,2.3241164684295654,2.3432057183445614,2.30502721851457,2.3145718434720677,19486400
1994-12-27,2.3193442821502686,2.3527507667934633,2.314572260091401,2.328888908825784,20566400
1994-12-28,2.328888416290283,2.328888416290283,2.2907099176625736,2.319343791633356,34961600
1994-12-29,2.359908103942871,2.362294696826277,2.3145715775222877,2.3241162013830854,23446400
1994-12-30,2.3336610794067383,2.362294954107694,2.3336610794067383,2.362294954107694,20686400
1995-01-03,2.2978689670562744,2.3479781103573862,2.2954829560794994,2.3479781103573862,39545600
1995-01-04,2.3145720958709717,2.3193441175912612,2.2716209875996713,2.300254865594625,51611200
1995-01-05,2.2763936519622803,2.3288888050597496,2.2668490257120353,2.3241167832135043,39824000
1995-01-06,2.3145720958709717,2.338433369587897,2.2811656135979894,2.285938217876018,46681600
1995-01-09,2.3002541065216064,2.3288879750675187,2.281164860824332,2.3241159549219734,46000000
1995-01-10,2.328888416290283,2.3479776656041382,2.3097991669764286,2.3145717705837208,42184000
1995-01-11,2.343205690383911,2.3575223363704847,2.319343836996064,2.333661065540306,31512000
1995-01-12,2.338433265686035,2.3718397464746923,2.3288886401118063,2.338433265686035,26996800
1995-01-13,2.395700454711914,2.4052450780374595,2.362294564351293,2.367066584735278,41307200
1995-01-16,2.4481964111328125,2.4625130562274116,2.405245310733751,2.4147899349826942,74648000
1995-01-17,2.4672865867614746,2.4863758424325195,2.457741958925952,2.47205860940031,73932800
1995-01-18,2.4839890003204346,2.4911477621803257,2.45296925241511,2.4768311122972837,50504000
1995-01-19,2.42433500289917,2.4816027588731657,2.421948992039688,2.462513506881834,67108800
1995-01-20,2.352750539779663,2.424334941660055,2.3384333098689503,2.400473668552499,82388800
1995-01-23,2.3980865478515625,2.4052451612327257,2.3097989246758717,2.3288881719872423,53843200
1995-01-24,2.367663621902466,2.410017891611279,2.3670667916136687,2.405245288252599,36739200
1995-01-25,2.357522964477539,2.3766122192506365,2.3288890823178927,2.3527509420631767,52459200
1995-01-26,2.285937786102295,2.3288883037032537,2.281165182725728,2.3241162828843156,80836800
1995-01-27,2.285937786102295,2.300254431116738,2.281165182725728,2.2954824102978004,58376000
1995-01-30,2.252531051635742,2.2954821468652047,2.2477590313644478,2.2954821468652047,55164800
1995-01-31,2.266848564147949,2.281165209329357,2.223897463488453,2.257303939841132,59945600
1995-02-01,2.2573046684265137,2.3193444551664575,2.251935232963212,2.26684929581403,66705600
1995-02-02,2.252531051635742,2.2668482775647507,2.228669785164145,2.2429864285355907,46312000
1995-02-03,2.295482635498047,2.3097992819170368,2.2620761562575935,2.2716207813894824,60332800
1995-02-06,2.3241164684295654,2.333661093387063,2.295482593557072,2.295482593557072,48345600
1995-02-07,2.328888416290283,2.333661019897576,2.3145717705837208,2.319343791633356,33152000
1995-02-08,2.3622944355010986,2.367066455624796,2.328887964405041,2.33843258720998,49150400
1995-02-09,2.3622944355010986,2.386155701234673,2.3575218328198573,2.3718390583060374,42398400
1995-02-10,2.3670668601989746,2.390928712568512,2.347977611326402,2.3670668601989746,49862400
1995-02-13,2.3670668601989746,2.395700733507833,2.352750214823367,2.3670668601989746,38160000
1995-02-14,2.3622944355010986,2.3766110784297347,2.3479772100149185,2.3718390583060374,31121600
1995-02-15,2.3193442821502686,2.343206140117948,2.276393753389339,2.29548300674037,147001600
1995-02-16,2.3241164684295654,2.333661093387063,2.300254614756983,2.3241164684295654,56744000
1995-02-17,2.305027723312378,2.3241169774078934,2.3002551185095976,2.3193443726051126,37824000
1995-02-21,2.2811646461486816,2.3193431339503334,2.2716200241982687,2.3097985119999205,55392000
1995-02-22,2.34797739982605,2.3670666469791075,2.2763930142808806,2.2811650347903494,60902400
1995-02-23,2.352750539779663,2.3718397912887976,2.328888684114383,2.3384333098689503,59939200
1995-02-24,2.338433265686035,2.3622951209004635,2.338433265686035,2.343205869752006,34177600
1995-02-27,2.357522964477539,2.3670675918640876,2.3336616872900793,2.3432063146766278,28592000
1995-02-28,2.4052464962005615,2.4147911251537386,2.3575233514346774,2.362295957190226,52544000
1995-03-01,2.4147896766662598,2.4434235463500493,2.3957004302104,2.4100176563310796,52032000
1995-03-02,2.4338796138763428,2.4338796138763428,2.4100183403132855,2.414790362002803,26038400
1995-03-03,2.429108142852783,2.4386527709532695,2.4100188866518097,2.429108142852783,31776000
1995-03-06,2.4553542137145996,2.457740952253741,2.4004732086970435,2.4147898533074117,45156800
1995-03-07,2.4947257041931152,2.5203774626964983,2.4529682671880684,2.4577408702707326,91750400
1995-03-08,2.615226984024048,2.6199995873175,2.510236119701915,2.510236119701915,140096000
1995-03-09,2.5913660526275635,2.624771949800725,2.5531875515395526,2.6152273245287225,58238400
1995-03-10,2.617612361907959,2.624771119877289,2.5388695195903956,2.5913652332666968,44324800
1995-03-13,2.6343166828155518,2.6605646946659425,2.605682805828426,2.620000035600848,34550400
1995-03-14,2.7393078804016113,2.7488525071625927,2.6438616127917993,2.6486342174511828,78643200
1995-03-15,2.6915833950042725,2.7440791071075705,2.6868113752989693,2.739306504844774,57294400
1995-03-16,2.677267551422119,2.6915841973633032,2.658178301795429,2.672494947736613,47510400
1995-03-17,2.670109748840332,2.739308004718961,2.6677235920417965,2.6915848687482473,59868800
1995-03-20,2.7154462337493896,2.729762880655794,2.6724951279147637,2.677267731922036,37772800
1995-03-21,2.6891982555389404,2.7297626185568515,2.6868120994038382,2.720217994016443,74772800
1995-03-22,2.7082865238189697,2.7106723878112104,2.66772188421264,2.6915831456435257,52464000
1995-03-23,2.7774858474731445,2.7965750972839563,2.7202180980407085,2.724990701772248,105286400
1995-03-24,2.8204381465911865,2.829982775543174,2.791804259735225,2.796576282932259,65683200
1995-03-27,2.787029504776001,2.8204359716256815,2.7727128636671883,2.7774848831843024,61008000
1995-03-28,2.810892105102539,2.8252087500571235,2.782258232635744,2.782258232635744,47603200
1995-03-29,2.758397102355957,2.825209488918212,2.7512383410882544,2.8108928402194757,65763200
1995-03-30,2.753624677658081,2.7774859495194355,2.6868123008655176,2.767941324263355,75011200
1995-03-31,2.7154462337493896,2.7536247355767434,2.6915843788284404,2.739307506112633,63080000
1995-04-03,2.672494649887085,2.724990371788668,2.6534054023878917,2.710673144885472,65617600
1995-04-04,2.6677236557006836,2.7297634426641375,2.6629510507108196,2.6820403055546245,66689600
1995-04-05,2.6963562965393066,2.6963562965393066,2.624771332554496,2.667722427456894,65792000
1995-04-06,2.672494649887085,2.7059011242894746,2.6510195377292933,2.6963565005398777,35414400
1995-04-07,2.6581790447235107,2.7011295771088712,2.6534064397041206,2.682040322146971,43148800
1995-04-10,2.7082865238189697,2.7202170088950526,2.648632642044955,2.6534046613081568,43169600
1995-04-11,2.753624677658081,2.7542209254577394,2.715446176633759,2.73453542714592,43624000
1995-04-12,2.7345354557037354,2.7965752292373174,2.7011289756797296,2.753624706415253,40430400
1995-04-13,2.7679409980773926,2.7679409980773926,2.7154458566340476,2.739307125683488,32814400
1995-04-17,2.9540610313415527,2.9826948995812566,2.8824760694635225,2.8824760694635225,187913600
1995-04-18,2.9302005767822266,2.9588344586400335,2.9015666949244197,2.9540624362759744,75609600
1995-04-19,2.906339168548584,2.939745071261294,2.882477310132827,2.925428422258073,59163200
1995-04-20,2.8729324340820312,2.9349727945354305,2.825209303947778,2.9206555642162844,83913600
1995-04-21,2.8633882999420166,2.896794788053594,2.8586162773877004,2.8872501603871203,53555200
1995-04-24,2.968376874923706,2.9689737049634357,2.868158654348061,2.8777032745246642,68089600
1995-04-25,3.0542821884155273,3.0590547956139744,2.963608477225989,2.963608477225989,69371200
1995-04-26,3.0399625301361084,3.0638237948923353,3.0208732853081184,3.0447345500643452,44305600
1995-04-27,3.001784086227417,3.073368464144566,2.9158824831923202,3.0399625764652374,128844800
1995-04-28,3.1210920810699463,3.135409308500455,3.0017845710846163,3.0113291951857475,92104000
1995-05-01,3.1354103088378906,3.1974500940099246,3.1210930768395384,3.125865681691592,65550400
1995-05-02,3.0375759601593018,3.1401809480695295,3.035190095702463,3.1354089278770756,78099200
1995-05-03,3.087686061859131,3.0924580824359422,3.063824211302276,3.063824211302276,61566400
1995-05-04,3.1115481853485107,3.1783605696964847,3.092458932677661,3.1115481853485107,66524800
1995-05-05,3.0542821884155273,3.1163225866467656,3.049510163775176,3.106777954807967,43707200
1995-05-08,3.0495078563690186,3.06859710560276,3.020873982518406,3.0495078563690186,43988800
1995-05-09,3.0471205711364746,3.068596555230233,3.020873440705327,3.0542793295939856,36748800
1995-05-10,3.025646686553955,3.0685977983044346,3.011330037675653,3.059053171532971,38688000
1995-05-11,3.1067757606506348,3.111547781920751,3.0161015309415866,3.0208741347693873,38673600
1995-05-12,3.0829145908355713,3.140182354132827,3.0685979412901645,3.1067764501550013,36192000
1995-05-15,3.1043896675109863,3.1306376832685125,3.0495086443407615,3.0781425255901684,35232000
1995-05-16,3.240400552749634,3.2457694044346925,3.111547821029387,3.111547821029387,86708800
1995-05-17,3.2833499908447266,3.3167564593559082,3.2499441048910445,3.2547161246454994,66515200
1995-05-18,3.230856418609619,3.3119854540140707,3.230856418609619,3.269034925284133,58326400
1995-05-19,3.2594892978668213,3.26426131845711,3.2069935760280375,3.2165381997662164,45190400
1995-05-22,3.3310739994049072,3.3406186240450357,3.2069938790832344,3.25948960588277,91382400
1995-05-23,3.3787972927093506,3.3787972927093506,3.284544119642953,3.340618792226759,55516800
1995-05-24,3.340618133544922,3.4169751194545204,3.3215288870675224,3.402658475875256,68684800
1995-05-25,3.4074299335479736,3.4122025356580106,3.3263009406946162,3.354934805682414,43440000
1995-05-26,3.340618133544922,3.4074304962158206,3.3215288870675224,3.4050446316849308,52934400
1995-05-30,3.1688146591186523,3.374024333442749,3.154498016696577,3.35970710846315,99612800
1995-05-31,3.2332417964935303,3.2356276613071198,3.0924582957625573,3.178359915089295,119756800
1995-06-01,3.211766242980957,3.2690339865477114,3.2022216190531645,3.245172135449424,61153600
1995-06-02,3.1735880374908447,3.211766536693395,3.1544987878895694,3.1974493082136055,55556800
1995-06-05,3.235628128051758,3.2594899836967834,3.1210926190941737,3.154499100485664,55852800
1995-06-06,3.1735880374908447,3.2839477617482173,3.1735880374908447,3.240400411095308,49036800
1995-06-07,3.2069947719573975,3.2356286538498744,3.1354103585051147,3.1640442403975917,64590400
1995-06-08,3.211766242980957,3.2308554908365417,3.192676995125372,3.2117662429809566,29320000
1995-06-09,3.240400552749634,3.27857905362116,3.1544989257887,3.197449447990321,81214400
1995-06-12,3.1974494457244873,3.235627946568959,3.1783601953022513,3.2308559252422455,45832000
1995-06-13,3.2022228240966797,3.23562872913628,3.1831335690575275,3.211767451616256,37691200
1995-06-14,3.1998350620269775,3.211766425171148,3.159270699311618,3.1831325517634896,43096000
1995-06-15,3.240400552749634,3.245172574079729,3.202222051878108,3.206994073208203,43912000
1995-06-16,3.321528673171997,3.340617918420112,3.240399672146275,3.2451716921795373,92278400
1995-06-19,3.428907632827759,3.4318906206308175,3.3167588260794694,3.331075478116198,78982400
1995-06-20,3.488560199737549,3.488560199737549,3.426519855367148,3.4503817055273296,56670400
1995-06-21,3.4551541805267334,3.5267391578662033,3.4360649309105638,3.5076499082500336,57224000
1995-06-22,3.507650852203369,3.51242287461279,3.459927715320043,3.459927715320043,46296000
1995-06-23,3.479016065597534,3.519580721402347,3.4456095871853223,3.4646988369758227,46356800
1995-06-26,3.4265215396881104,3.4790172863104596,3.4169769114438537,3.474244680909393,41048000
1995-06-27,3.316758394241333,3.4551552036615645,3.311985789145201,3.4169766931238676,66004800
1995-06-28,3.354935884475708,3.3978864044895825,3.24040038769516,3.311984781904172,107286400
1995-06-29,3.4122040271759033,3.4265206746490544,3.359708293806315,3.359708293806315,57643200
1995-06-30,3.4503836631774902,3.4742449443182983,3.421749776273768,3.421749776273768,53342400
1995-07-03,3.471856117248535,3.4790145828690915,3.450380720386866,3.469469962041683,16763200
1995-07-05,3.462313413619995,3.5124224094322067,3.4503826309792607,3.4981057615421984,48547200
1995-07-06,3.5410547256469727,3.5505993475489857,3.4503811088565897,3.459925730758603,47070400
1995-07-07,3.650818347930908,3.650818347930908,3.5410548993933264,3.545827501857252,66699200
1995-07-10,3.774900436401367,3.808306341096989,3.6555923023562578,3.665136929777553,111982400
1995-07-11,3.6842267513275146,3.7844456459456928,3.684226751327515,3.77967304022201,78227200
1995-07-12,3.8130788803100586,3.8178509026594747,3.6937707483230415,3.6937707483230415,94675200
1995-07-13,3.8226208686828613,3.8751159910763713,3.7462639033414553,3.8226208686828613,84811200
1995-07-14,3.956247329711914,3.956247329711914,3.7414929772394836,3.7510376021814213,89905600
1995-07-17,4.161457061767578,4.171001688056036,4.066010798883001,4.11373393032529,155830400
1995-07-18,3.889436721801758,4.089873936626245,3.865574857329397,4.085101330708597,289624000
1995-07-19,3.607870101928711,3.77012881021651,3.3787989843459356,3.703316400921534,305092800
1995-07-20,3.6699092388153076,3.7176323720732585,3.5887796209979017,3.6365027542558526,177848000
1995-07-21,3.5124218463897705,3.665135839711065,3.5028772218071897,3.588778843050418,169257600
1995-07-24,3.5744621753692627,3.579234196352241,3.5171944282276266,3.5362836772748385,94811200
1995-07-25,3.6794543266296387,3.727177465868947,3.6269585821874726,3.6460478378831964,109422400
1995-07-26,3.6651365756988525,3.746266192221071,3.622186047731266,3.7271769392226397,77470400
1995-07-27,3.6842267513275146,3.7271778726089955,3.6746821224380652,3.684226751327515,52916800
1995-07-28,3.5362846851348877,3.6651368616483033,3.5124228257462904,3.6651368616483033,158468800
1995-07-31,3.4551541805267334,3.569689678223752,3.4360649309105638,3.555373032290458,101435200
1995-08-01,3.4169745445251465,3.4700665023573283,3.354934795190996,3.4646976526889053,166144000
1995-08-02,3.397886037826538,3.536283372780857,3.3597075430194985,3.4742430274406177,129804800
1995-08-03,3.479016065597534,3.488560690492784,3.34061871333757,3.3597079631280704,113536000
1995-08-04,3.5840067863464355,3.5840067863464355,3.4837879379485446,3.4885605414711334,77705600
1995-08-07,3.5744621753692627,3.646046568017483,3.502877200163393,3.6078680699230588,64273600
1995-08-08,3.5696909427642822,3.62218668908387,3.564918919948614,3.593552804516242,43913600
1995-08-09,3.6842267513275146,3.7462671303878947,3.665137493548616,3.7319498957747625,144384000
1995-08-10,3.5935521125793457,3.7080876287960933,3.58400748622795,3.7033150243415154,71883200
1995-08-11,3.6842267513275146,3.6889993570511974,3.517196037041106,3.6174143491013684,97195200
1995-08-14,3.770127296447754,3.7892165485816665,3.6555917836442777,3.6985428922244528,88872000
1995-08-15,3.755809783935547,3.7939882794136333,3.6985420407184177,3.789215676200068,63267200
1995-08-16,3.770127296447754,3.7748999007601034,3.7080875182914093,3.755810648626191,38118400
1995-08-17,3.7844438552856445,3.8464836224331656,3.765950854283588,3.774899230912361,74564800
1995-08-18,3.7080860137939453,3.808304255556143,3.703313411418004,3.8059183912863026,77502400
1995-08-21,3.607870101928711,3.7510395504179455,3.6030980782580584,3.7224056607200984,110491200
1995-08-22,3.79160213470459,3.7939888736033747,3.6030963663166062,3.631730242409622,94320000
1995-08-23,3.7367212772369385,3.8369395564626987,3.7224040473145585,3.8178503049380086,111188800
1995-08-24,3.6699092388153076,3.746266252028029,3.6460473809074427,3.746266252028029,95275200
1995-08-25,3.603095293045044,3.693768915718015,3.6030952930450444,3.6794522732149257,73489600
1995-08-28,3.438450813293457,3.603096174626621,3.4312929272087134,3.603096174626621,112622400
1995-08-29,3.507650852203369,3.507650852203369,3.3215303270794863,3.4408384605667126,163929600
1995-08-30,3.5601449012756348,3.57923415007604,3.4933325304742153,3.545828255954151,79499200
1995-08-31,3.5315113067626953,3.5887790576831713,3.4933328061490445,3.5649177860784835,38764800
1995-09-01,3.4265215396881104,3.5124231938864194,3.4122048886006633,3.502878565642163,80262400
1995-09-05,3.626957654953003,3.63173025893574,3.445609772205353,3.469471627003632,92052800
1995-09-06,3.5696909427642822,3.684226481034794,3.5506016863858636,3.6365033400887476,100265600
1995-09-07,3.612642526626587,3.6889995619839997,3.5601467735393912,3.5983252912180976,93932800
1995-09-08,3.646045207977295,3.6508178097376565,3.5601436193076728,3.5792328612342557,64417600
1995-09-11,3.7271761894226074,3.7367208140017207,3.6269573400630906,3.6412745682105867,77408000
1995-09-12,3.6746792793273926,3.731947008355871,3.6508180168442586,3.731947008355871,71155200
1995-09-13,3.6699092388153076,3.7033151408169838,3.631730732208947,3.6699092388153076,61208000
1995-09-14,3.6221864223480225,3.68422620973037,3.6174138173259336,3.669909559779763,54230400
1995-09-15,3.5673041343688965,3.641274983289158,3.5315114968382977,3.6174131278424726,88316800
1995-09-18,3.5124218463897705,3.5649175728727918,3.469471327046983,3.560144969302675,76827200
1995-09-19,3.5625312328338623,3.6078684959534053,3.4933329881453608,3.5124222394467015,58011200
1995-09-20,3.5553739070892334,3.6126416700284603,3.5362846527761578,3.5696905565451353,44652800
1995-09-21,3.4599273204803467,3.55298684422525,3.4551547160577423,3.483788594920099,83836800
1995-09-22,3.4265215396881104,3.4647000526651364,3.3978876549553405,3.4312941450891765,99899200
1995-09-25,3.445011615753174,3.4599256697696656,3.3787960937538974,3.455153067624042,57878400
1995-09-26,3.3692538738250732,3.507651278901368,3.3644818508351464,3.450383507674879,76548800
1995-09-27,3.383568048477173,3.3883400671522246,3.183131030420281,3.3597062074298116,140756800
1995-09-28,3.4933340549468994,3.4933340549469,3.3931157462888466,3.3978877692926126,105510400
1995-09-29,3.4551541805267334,3.5410558037994977,3.438450795833752,3.498105283441949,95158400
1995-10-02,3.3692538738250732,3.4694727647503756,3.3644818508351464,3.4551555306648063,67731200
1995-10-03,3.393113136291504,3.4074297768482773,3.33107280705896,3.3644792726205104,80736000
1995-10-04,3.2881221771240234,3.3644791439941613,3.2642603336983926,3.3644791439941613,73473600
1995-10-05,3.340618133544922,3.340618133544922,3.2451719011579243,3.2833503941127233,101289600
1995-10-06,3.2785797119140625,3.3978872598140213,3.2642624799336946,3.340619497008167,76616000
1995-10-09,3.1735880374908447,3.273806306618707,3.1592708090110553,3.240400411095308,108614400
1995-10-10,3.1974494457244873,3.2117666748200095,3.0685972966532415,3.1020031936133083,157644800
1995-10-11,3.3072123527526855,3.335846223414797,3.2451720083726485,3.2785784820905737,107009600
1995-10-12,3.3453924655914307,3.3644817219355816,3.3072139529031284,3.3215306038823056,78700800
1995-10-13,3.2928965091705322,3.3883427847986636,3.283351881607719,3.3787981572358503,68644800
1995-10-16,3.3119852542877197,3.3358471107992127,3.264262123822479,3.273806749915527,61067200
1995-10-17,3.479016065597534,3.4933327116615733,3.3119848386518194,3.33107408844232,123140800
1995-10-18,3.650818347930908,3.765353816374897,3.622184480819911,3.7510365915406396,294329600
1995-10-19,3.693767547607422,3.703312166593488,3.6174105957188964,3.636499833691028,95840000
1995-10-20,3.646045207977295,3.6985409145541133,3.6221839468477826,3.6842236918304603,79984000
1995-10-23,3.6794543266296387,3.7080882101732238,3.607869326491749,3.6269585821874726,93473600
1995-10-24,3.7224040031433105,3.746265858544883,3.679453479001285,3.679453479001285,68681600
1995-10-25,3.660365104675293,3.731949522915198,3.660365104675293,3.727177500226204,60211200
1995-10-26,3.7414913177490234,3.7462639193820033,3.6412730915880256,3.6555897313721326,82841600
1995-10-27,3.817849636077881,3.8232184871286155,3.717631374409648,3.7224033951759337,130683200
1995-10-30,3.9228405952453613,3.9467024473225094,3.760581981816721,3.7892158547747163,125464000
1995-10-31,3.817849636077881,3.9467023525743206,3.8083050119876862,3.9323851251602173,91958400
1995-11-01,3.755809783935547,3.856028043286719,3.7510371807219816,3.8226221510221983,72819200
1995-11-02,3.817849636077881,3.832166863491984,3.751037267446518,3.7653544948606212,63504000
1995-11-03,3.7987611293792725,3.822622985541176,3.7701272515196296,3.8178503812857008,40635200
1995-11-06,3.717633008956909,3.774900778677237,3.698543752383466,3.7033157752478876,87729600
1995-11-07,3.5505995750427246,3.7176307603087126,3.54582755506471,3.6842242902325046,115921600
1995-11-08,3.636500597000122,3.646045217989624,3.564916230857577,3.58400547283658,71280000
1995-11-09,3.7796714305877686,3.7802682609181466,3.665135932691169,3.6842251823406023,99814400
1995-11-10,3.6985411643981934,3.7796701567878848,3.6883997126609045,3.7605809135717845,60819200
1995-11-13,3.677064895629883,3.7128575151393735,3.667520274768342,3.6889962542642345,59003200
1995-11-14,3.5887794494628906,3.665136459025931,3.5840074276440763,3.6603644372071167,75657600
1995-11-15,3.5887794494628906,3.6126413062302163,3.507650418081036,3.6030966800348363,108686400
1995-11-16,3.4312944412231445,3.506457812575678,3.4217498121551495,3.4551557226141685,195126400
1995-11-17,3.3358476161956787,3.4599277742040275,3.3358476161956787,3.4360659140773517,143803200
1995-11-20,3.2833499908447266,3.412202680019999,3.2738053687783175,3.3740241917543625,115296000
1995-11-21,3.3597090244293213,3.388342908160253,3.2165396057746625,3.278579978470609,130163200
1995-11-22,3.3358476161956787,3.416976658999144,3.3310750111472105,3.374026126352094,65428800
1995-11-24,3.3597090244293213,3.3692536523396317,3.335847745932473,3.3453923738427833,15014400
1995-11-27,3.3310739994049072,3.416975621166065,3.3268982261248508,3.383569726204443,79100800
1995-11-28,3.4933340549468994,3.4933340549469,3.302441483638326,3.3215307407691834,86537600
1995-11-29,3.4265215396881104,3.5315124503749327,3.407432283199597,3.5076511710432294,91067200
1995-11-30,3.3263020515441895,3.4265203211915707,3.3167574266940734,3.4169756963414546,93512000
1995-12-01,3.2928965091705322,3.3549368796077346,3.2785798591052298,3.326302996919295,96124800
1995-12-04,3.354935884475708,3.4217482575976943,3.2547170335138977,3.2881235113537217,130436800
1995-12-05,3.2833499908447266,3.3644795696879535,3.2499441048910445,3.3549349476215444,104528000
1995-12-06,3.4599273204803467,3.474243968632647,3.2833514428836,3.288124047306205,145272000
1995-12-07,3.4551541805267334,3.512421929375243,3.3925175802236764,3.479016033825779,132876800
1995-12-08,3.607870101928711,3.6126427081573405,3.521371602187476,3.536285668963082,147041600
1995-12-11,3.5553739070892334,3.6174136923278244,3.5506013022320597,3.6078690651712866,61924800
1995-12-12,3.488560199737549,3.555372564605432,3.479015576184994,3.5505999615503594,44739200
1995-12-13,3.5028772354125977,3.5171944636209047,3.4551541123143337,3.479015965142293,39577600
1995-12-14,3.3883416652679443,3.569689529042848,3.3835696443421623,3.521966406996821,92822400
1995-12-15,3.374025583267212,3.4265207350037197,3.331074474975761,3.4026594612756,115470400
1995-12-18,3.321528673171997,3.397885654164457,3.25948891739439,3.37402438888308,99460800
1995-12-19,3.4694721698760986,3.474841022508041,3.335847393258875,3.335847393258875,84340800
1995-12-20,3.3263020515441895,3.4885606739961577,3.321529447840297,3.479016049146042,84980800
1995-12-21,3.436065435409546,3.4360654354095455,3.3358471514889767,3.350163799524307,60593600
1995-12-22,3.4551541805267334,3.469471409017694,3.4026590353610997,3.4408375345934394,36057600
1995-12-26,3.445610284805298,3.48378879211616,3.431293635842619,3.445610284805298,34707200
1995-12-27,3.393113136291504,3.459925484857157,3.374023893844175,3.450380863633492,40539200
1995-12-28,3.3358476161956787,3.378798148842729,3.3310750111472105,3.369253521303625,49777600
1995-12-29,3.350163221359253,3.388341719608361,3.2928954739855905,3.331073972234699,52342400
1996-01-02,3.4265215396881104,3.4265215396881104,3.335847862646611,3.354937119135124,57779200
1996-01-03,3.316758394241333,3.4408385534888475,3.311985789145201,3.4026600429511507,62857600
1996-01-04,3.3358476161956787,3.3406196386863143,3.2404013408046413,3.3310750111472105,102353600
1996-01-05,3.29766845703125,3.3453915853344682,3.2881238313706063,3.292895852922069,62083200
1996-01-08,3.2928965091705322,3.3453922520449217,3.2881244866680426,3.302441136733345,11377600
1996-01-09,3.0614383220672607,3.2833505302922252,3.0495075425240477,3.2833505302922252,177424000
1996-01-10,3.144953727722168,3.1783596186210743,3.072771930102055,3.0733687603483064,181571200
1996-01-11,3.3072123527526855,3.316756976306723,3.173587622996165,3.187904267048425,116617600
1996-01-12,3.2738072872161865,3.3167584029629573,3.2022228710486886,3.3024411701947534,80544000
1996-01-15,3.1497244834899902,3.2785771400023473,3.1258632256513175,3.2785771400023473,84572800
1996-01-16,3.29766845703125,3.3018436482000633,3.1783603449943447,3.1926775747641694,122006400
1996-01-17,3.240400552749634,3.3406188262585443,3.2308559275317523,3.2356279488618473,143078400
1996-01-18,3.3453924655914307,3.3931156064518087,3.245173578505701,3.2642628348498524,121331200
1996-01-19,3.507650852203369,3.560146011496116,3.4217492058133825,3.4456104829761336,227440000
1996-01-22,3.5124218463897705,3.5410557201375132,3.469471327046983,3.4981052007947255,82643200
1996-01-23,3.4169745445251465,3.5028761392199126,3.4074299228923945,3.488559498049521,66473600
1996-01-24,3.483787775039673,3.5315108952456957,3.4169754067512406,3.4312926340918573,92217600
1996-01-25,3.4122040271759033,3.4981056596879965,3.397886797145023,3.4885610338533195,59881600
1996-01-26,3.4551541805267334,3.469471409017694,3.397886431678224,3.4026590353610997,50881600
1996-01-29,3.4503836631774902,3.483789573286206,3.411608316716406,3.4647003153503912,39587200
1996-01-30,3.467083215713501,3.4885591950795467,3.4599253326680484,3.469469953471881,45120000
1996-01-31,3.5315113067626953,3.5362839106182453,3.4408376590841185,3.4646989306888063,68774400
1996-02-01,3.5935521125793457,3.598324134476163,3.5124224973136022,3.521967123664998,78587200
1996-02-02,3.5505995750427246,3.5935506676324884,3.517193687524043,3.5887780650969474,44686400
1996-02-05,3.7080860137939453,3.71285803361238,3.541054834113607,3.541054834113607,126480000
1996-02-06,3.6842267513275146,3.722405266885313,3.6508208414933994,3.684226751327515,98158400
1996-02-07,3.6985411643981934,3.7080857860062437,3.645448624145943,3.665134697491282,65555200
1996-02-08,3.774900436401367,3.7987617136756935,3.646047674934962,3.688998789609706,103924800
1996-02-09,3.8226208686828613,3.8273928877379926,3.760580543064262,3.7701251637319375,122832000
1996-02-12,3.7987611293792725,3.860801489354033,3.784444481728319,3.8083057553324866,87779200
1996-02-13,3.8035333156585693,3.827394586640585,3.7224037126928384,3.7319483375971787,114513600
1996-02-14,3.770127296447754,3.8226230310948854,3.755810648626191,3.8226230310948854,80212800
1996-02-15,3.7605819702148438,3.7844438222183747,3.7319480973451875,3.7605819702148438,52195200
1996-02-16,3.7367212772369385,3.7892164276509734,3.7367212772369385,3.7701271761262833,62206400
1996-02-20,3.7319486141204834,3.7605824909551675,3.698542715758877,3.712859362897361,64182400
1996-02-21,3.8130788803100586,3.822623507566707,3.7224046300929876,3.7319492573496365,80046400
1996-02-22,3.913296699523926,3.918069303850998,3.817850438559928,3.817850438559928,106500800
1996-02-23,3.951474905014038,3.9562475089801037,3.889435131359093,3.9180690074823836,102640000
1996-02-26,3.8417115211486816,3.9419297836925598,3.8369389177830726,3.93238515951897,63696000
1996-02-27,3.8226208686828613,3.848867992961556,3.807706816332204,3.846482129073344,60958400
1996-02-28,3.8226208686828613,3.894205232411723,3.813076248015186,3.846482129073344,60051200
1996-02-29,3.767742872238159,3.822624493113435,3.762969974821473,3.779673368105975,61723200
1996-03-01,3.646045207977295,3.7653532612971525,3.612639325884491,3.7558086403338615,157652800
1996-03-04,3.6746792793273926,3.7176303673774838,3.6460454148131527,3.665134657822646,72564800
1996-03-05,3.746267318725586,3.7516361727458123,3.6555930484383516,3.6651376778076425,57369600
1996-03-06,3.703315258026123,3.7749002514575887,3.703315258026123,3.751038392794501,44256000
1996-03-07,3.7152466773986816,3.7271780466254674,3.6889995292851703,3.708088787955319,44291200
1996-03-08,3.6317293643951416,3.722402992156061,3.6174121385311464,3.6460460077015777,108524800
1996-03-11,3.6842267513275146,3.6889993570511974,3.6317315837145,3.6317315837145,74592000
1996-03-12,3.6555917263031006,3.6889982082923094,3.617413222634139,3.6746809781375815,76888000
1996-03-13,3.8512558937072754,3.856027914203485,3.7319478080533726,3.7504402249027193,156710400
1996-03-14,3.8035333156585693,3.8894349397976353,3.80353331565857,3.860801065084613,60640000
1996-03-15,3.908524751663208,3.9371586304938626,3.803533862617475,3.8178505107539245,121721600
1996-03-18,4.01828670501709,4.042148556301938,3.908523820268116,3.908523820268116,119472000
1996-03-19,4.080327987670898,4.087485874755941,3.999198373773702,4.061238735290117,92491200
1996-03-20,3.99442720413208,4.070784229945283,3.9604238835167633,4.056466996326369,92944000
1996-03-21,3.846484661102295,3.984882043165271,3.836940034151669,3.9801094384110596,66313600
1996-03-22,3.8608014583587646,3.8727322407045,3.8083057247586645,3.860801458358765,48046400
1996-03-25,3.8130788803100586,3.9085251528765452,3.7725136319114854,3.875118666199367,63379200
1996-03-26,3.9228405952453613,3.927613198683846,3.7701266061360528,3.793988458213201,79899200
1996-03-27,3.913296699523926,3.970564456102325,3.8608015472725996,3.9419305778131255,52729600
1996-03-28,3.9037516117095947,3.95147473654712,3.8608010906346597,3.8894349655371747,54955200
1996-03-29,3.9371588230133057,3.9753373299877,3.898980316038911,3.9085249427825097,53508800
1996-04-01,3.9228405952453613,3.9514744682033567,3.8989793257258505,3.9377540707443175,31692800
1996-04-02,3.99442720413208,4.008743855193118,3.918070178318878,3.9228422011532658,54396800
1996-04-03,3.9896531105041504,4.0135149634486735,3.946702590784729,3.9753364647835623,46072000
1996-04-04,3.984881639480591,4.0039708914480245,3.9514751572587135,3.9944262654643077,28961600
1996-04-08,3.961019515991211,3.965792119939929,3.889435117222026,3.913296389292521,73753600
1996-04-09,3.8798892498016357,3.9705628702226763,3.875116647380785,3.9705628702226763,66942400
1996-04-10,3.8798892498016357,3.93238438108592,3.865572025096596,3.875116647380785,51910400
1996-04-11,3.8608014583587646,3.9085245877417054,3.803533703099236,3.8751181058947815,62465600
1996-04-12,3.8608014583587646,3.8798907101119413,3.8369396023884286,3.860801458358765,33737600
1996-04-15,3.95207142829895,3.9562472015758017,3.8560283516525393,3.8560283516525393,50102400
1996-04-16,4.01828670501709,4.027831329019506,3.9705635850050105,3.980108209007426,80116800
1996-04-17,4.044535160064697,4.046921025050627,3.982494514622985,4.018287149873382,62630400
1996-04-18,4.161457061767578,4.171001688056036,4.02783229372917,4.046921546306085,133958400
1996-04-19,4.190090656280518,4.280764891146313,4.180546030639787,4.261675639864852,169492800
1996-04-22,4.304624557495117,4.328486403970625,4.209178336708086,4.218722958786789,92758400
1996-04-23,4.299854278564453,4.323715552142886,4.252131148849852,4.304626300257045,57139200
1996-04-24,4.256902694702148,4.318943047675074,4.247358069826134,4.314170443958231,69251200
1996-04-25,4.304624557495117,4.34280304580993,4.209178336708086,4.256901447101601,63896000
1996-04-26,4.333258152008057,4.34757537550708,4.290307646625916,4.304624287567474,54296000
1996-04-29,4.299854278564453,4.333260178085806,4.275992422428285,4.328488156393214,34267200
1996-04-30,4.323713302612305,4.323713302612305,4.271218178517141,4.299852041448348,28441600
1996-05-01,4.395298004150391,4.400070023091964,4.299851799744925,4.309396420185472,65014400
1996-05-02,4.261675834655762,4.400072621493273,4.242586582501779,4.395300599733649,87340800
1996-05-03,4.233040809631348,4.3714375589751295,4.204406939157711,4.295080571045433,75300800
1996-05-06,4.266448020935059,4.290309878326553,4.18531898743106,4.237814141599924,75852800
1996-05-07,4.318943023681641,4.333259669637291,4.261675274743704,4.261675274743704,47366400
1996-05-08,4.361893177032471,4.366665780321162,4.228268440755764,4.309398036202573,77851200
1996-05-09,4.333258152008057,4.395298482908049,4.323713530527862,4.361892016448638,47776000
1996-05-10,4.385756015777588,4.395896889802914,4.357122137271612,4.3666667634402705,43913600
1996-05-13,4.52892541885376,4.538470045044645,4.390528047807053,4.390528047807053,95606400
1996-05-14,4.543241024017334,4.581419520017479,4.5140103217384135,4.55278564801737,76832000
1996-05-15,4.490747928619385,4.571876978291334,4.481203300272221,4.543243093249843,56323200
1996-05-16,4.471657752990723,4.481202379376447,4.414389994676377,4.428706642976081,67092800
1996-05-17,4.466883182525635,4.50506167126517,4.443021918342178,4.500289651451482,35392000
1996-05-20,4.457339763641357,4.50029086634714,4.452567742539417,4.481201616824051,38457600
1996-05-21,4.395298004150391,4.4621103472342165,4.395298004150391,4.457337745735243,42113600
1996-05-22,4.462111473083496,4.4764281160778925,4.376209867444475,4.390526510438871,45646400
1996-05-23,4.524153232574463,4.54801509153572,4.462113447879243,4.462113447879243,51976000
1996-05-24,4.524153232574463,4.543242486720346,4.514608605501521,4.524153232574463,26443200
1996-05-28,4.4764275550842285,4.548608756332255,4.47165553553665,4.533695285000018,43376000
1996-05-29,4.471657752990723,4.5146082804476,4.452568500219274,4.481202379376447,33569600
1996-05-30,4.514608860015869,4.514608860015869,4.4525690718231115,4.476430349571761,33824000
1996-05-31,4.53369665145874,4.557558504061032,4.50506277787058,4.526537891782875,40259200
1996-06-03,4.51938009262085,4.562330612548015,4.509835467908406,4.5336967384106845,31684800
1996-06-04,4.50029182434082,4.5384703315141985,4.438251458905188,4.528925704720854,65852800
1996-06-05,4.6148271560668945,4.629143804389217,4.500291639257265,4.5050636611787835,50968000
1996-06-06,4.574260711669922,4.695954957643764,4.571874846974315,4.648231838155515,88136000
1996-06-07,4.629144191741943,4.629144191741943,4.490747388628565,4.490747388628565,70198400
1996-06-10,4.605281829833984,4.62914310093108,4.580823145840977,4.619598475980707,45819200
1996-06-11,4.662548542022705,4.7054990534631695,4.605280805063721,4.6100528251981965,65259200
1996-06-12,4.772312641143799,4.7866298703460775,4.68641101360321,4.691183617523202,88844800
1996-06-13,4.757994651794434,4.8057177647384215,4.724588181454876,4.777083896972028,62577600
1996-06-14,4.6959547996521,4.77231178826433,4.691182779142632,4.7627671646878005,55944000
1996-06-17,4.757994651794434,4.772311294398865,4.672093048495253,4.7007269162616465,57499200
1996-06-18,4.672095775604248,4.753224823685405,4.657778542085296,4.753224823685405,74585600
1996-06-19,4.648232460021973,4.7007281897610245,4.633915813538942,4.676866335545722,73409600
1996-06-20,4.648232460021973,4.676269505193466,4.543241583101558,4.657777085196556,102228800
1996-06-21,4.729359149932861,4.738903769223787,4.638684975390392,4.6720914341873,56806400
1996-06-24,4.738907814025879,4.777086323776107,4.69595669927796,4.734135209028187,48102400
1996-06-25,4.657776832580566,4.743678454492914,4.6339155622170765,4.743678454492914,41145600
1996-06-26,4.600508213043213,4.657775950135037,4.5432404759513885,4.653003929989492,71457600
1996-06-27,4.579033851623535,4.619598214084089,4.543241218809972,4.6005089652655595,77582400
1996-06-28,4.586192607879639,4.6195985041306695,4.548014107845501,4.600509254113601,52000000
1996-07-01,4.669707775115967,4.676866535581938,4.586192883824003,4.5909649053365555,47862400
1996-07-02,4.643461227416992,4.681639734600039,4.629143995944456,4.672095107804277,38548800
1996-07-03,4.62437105178833,4.691183426037178,4.605281802002946,4.643460301573715,44243200
1996-07-05,4.51938009262085,4.5861924656079545,4.51938009262085,4.5861924656079545,35331200
1996-07-08,4.593351364135742,4.610054752343417,4.509836462049629,4.524153110995403,64432000
1996-07-09,4.581422328948975,4.6339180844138355,4.581422328948975,4.614828824709882,35571200
1996-07-10,4.562329292297363,4.581418536198189,4.509834162848838,4.581418536198189,77980800
1996-07-11,4.371438980102539,4.519380983590136,4.3428051003202075,4.514608379014194,140915200
1996-07-12,4.290309906005859,4.3976869542053665,4.218128085491754,4.3976869542053665,139478400
1996-07-15,4.223495006561279,4.342802475601284,4.194861144084788,4.290307352339761,111832000
1996-07-16,4.404843807220459,4.414388430223583,4.104187891343278,4.209178744377641,182100800
1996-07-17,4.471657752990723,4.50983625853362,4.414389994676377,4.495519027676152,126208000
1996-07-18,4.576648235321045,4.5814202568097,4.423934226760722,4.476429375924478,98537600
1996-07-19,4.6190009117126465,4.643459591819325,4.495517637316734,4.495517637316734,99208000
1996-07-22,4.571875095367432,4.638687466280944,4.500290703524634,4.620195047753346,144475200
1996-07-23,4.280765533447266,4.581420994962797,4.20918053912207,4.581420994962797,257678400
1996-07-24,4.380982875823975,4.419161375831155,4.180545750786276,4.180545750786276,192225600
1996-07-25,4.524153232574463,4.533697859647405,4.395301058368649,4.428706961845044,100920000
1996-07-26,4.548014163970947,4.562330810381586,4.51460768474998,4.562330810381586,59304000
1996-07-29,4.462111473083496,4.576646947268857,4.457338870380332,4.552785098868134,56748800
1996-07-30,4.52892541885376,4.533697440670327,4.433479156944911,4.500291540281105,66976000
1996-07-31,4.50029182434082,4.567104211894232,4.490747197547476,4.543242353631977,56320000
1996-08-01,4.605281829833984,4.614826454784358,4.481201705479131,4.500290955379877,96025600
1996-08-02,4.71027135848999,4.729360602936642,4.605280514033407,4.662548247373362,109289600
1996-08-05,4.648232460021973,4.7245894614186374,4.629143209672806,4.715044836244054,55072000
1996-08-06,4.734133720397949,4.738906323894914,4.614826206223194,4.643460079532052,67388800
1996-08-07,4.7627668380737305,4.777084063735494,4.691182457437571,4.748450194969519,76790400
1996-08-08,4.781856536865234,4.805718387709233,4.724588793908764,4.738906020926685,54379200
1996-08-09,4.753225326538086,4.791403843217107,4.729364044892664,4.762769955707841,44313600
1996-08-12,4.781856536865234,4.815263011535312,4.734133417734843,4.743678041560921,66187200
1996-08-13,4.715045928955078,4.805720180406203,4.710273906540715,4.772313693274371,72508800
1996-08-14,4.767539024353027,4.777083646441263,4.724587933677211,4.72936053600008,52032000
1996-08-15,4.77708625793457,4.800947534920674,4.748452376016554,4.762769025696653,35556800
1996-08-16,4.743679523468018,4.781858030699149,4.7245902698524525,4.777086008574152,47598400
1996-08-19,4.715045928955078,4.738907788700362,4.667322792022334,4.729363161313813,43131200
1996-08-20,4.71027135848999,4.738905225159967,4.705498756099573,4.724588000546224,25678400
1996-08-21,4.715045928955078,4.715045928955078,4.6482335372492365,4.676867419408883,49345600
1996-08-22,4.772312641143799,4.77708524506379,4.715044889450073,4.738906743934639,50236800
1996-08-23,4.705500602722168,4.772312984505241,4.705500602722168,4.767540962799605,44006400
1996-08-26,4.691183090209961,4.724588983664125,4.686410486826435,4.710272338628806,31944000
1996-08-27,4.7627668380737305,4.7627668380737305,4.69595447761979,4.700727080359562,28038400
1996-08-28,4.796173572540283,4.8009455929841405,4.767539702204394,4.772311722648251,32070400
1996-08-29,4.738907814025879,4.781858346215971,4.719818559150766,4.781858346215971,34182400
1996-08-30,4.67686653137207,4.7436789103916706,4.67686653137207,4.7436789103916706,28088000
1996-09-03,4.71027135848999,4.71027135848999,4.605280514033407,4.657775644982944,48524800
1996-09-04,4.71027135848999,4.719815980713316,4.6935682695991705,4.71027135848999,27126400
1996-09-05,4.638688564300537,4.686411697678115,4.638688564300537,4.686411697678115,40372800
1996-09-06,4.67686653137207,4.686411156946298,4.643460633141126,4.657777280223613,41921600
1996-09-09,4.767539024353027,4.772311044118395,4.66732020114779,4.676864823236027,41747200
1996-09-10,4.74845027923584,4.777084148509953,4.7198164099617275,4.762766922594116,38904000
1996-09-11,4.77708625793457,4.7914029076146685,4.719818494098538,4.731749278231045,36387200
1996-09-12,4.910710334777832,4.944115941010744,4.779471444678716,4.791401935110798,95944000
1996-09-13,5.001383304595947,5.01570082409424,4.920254577823324,4.948888451704599,80137600
1996-09-16,5.020474433898926,5.082515099765437,5.001385177496268,5.006158074154807,62409600
1996-09-17,5.111147403717041,5.139781279465833,5.049106757036966,5.072968902718652,75624000
1996-09-18,5.211364269256592,5.263860279434877,5.087284167607625,5.1159180372189255,86049600
1996-09-19,5.259090423583984,5.278179681019861,5.182733393840478,5.211367279994293,75912000
1996-09-20,5.273403644561768,5.292492886415177,5.187502056221425,5.230452267834167,104849600
1996-09-23,5.259090423583984,5.273407949218797,5.201822651276355,5.25431869178292,46385600
1996-09-24,5.225683212280273,5.282950967126547,5.197049334857136,5.249544194241826,72520000
1996-09-25,5.177960395812988,5.263862033267913,5.1684157694291075,5.24954451113433,44067200
1996-09-26,5.039563179016113,5.197050110918181,5.030018551783129,5.182732587510889,92604800
1996-09-27,5.1302337646484375,5.163639351648874,5.01092543367035,5.058648533038639,98372800
1996-09-30,5.0347900390625,5.149325533807634,5.030017144223801,5.096829516158462,89574400
1996-10-01,5.044334411621094,5.11114678021796,4.9966112911947596,5.030016892935571,69124800
1996-10-02,5.14455509185791,5.182733608309546,5.053881697843204,5.072970956069023,68760000
1996-10-03,5.115921497344971,5.158872913369449,5.101605135414095,5.144555386322648,58294400
1996-10-04,5.206593990325928,5.216138616188014,5.125464087940462,5.139781609291322,45166400
1996-10-07,5.249543190002441,5.2734053325146135,5.1875037166782105,5.206592964641855,42432000
1996-10-08,5.168415069580078,5.259088425391209,5.154097549385213,5.259088425391209,48465600
1996-10-09,5.135006427764893,5.197047050806512,5.087283319700163,5.192274157442568,64955200
1996-10-10,5.106374263763428,5.197048781845864,5.092057909132971,5.106374263763428,51739200
1996-10-11,5.235226154327393,5.239997883138831,5.125462410283338,5.139779926947814,36523200
1996-10-14,5.21613883972168,5.273406597348365,5.206594213450566,5.244772718535023,36091200
1996-10-15,5.30203914642334,5.311583770300686,5.244771403159263,5.297266251927057,61206400
1996-10-16,5.2686333656311035,5.30442571186501,5.230454862981603,5.297267242618228,36427200
1996-10-17,5.173186302185059,5.306811040617883,5.173186302185059,5.278177168096564,49097600
1996-10-18,5.14455509185791,5.1540997209708195,5.099218103571593,5.115921204519183,69646400
1996-10-21,5.115921497344971,5.192278534618777,5.096832238026519,5.144555386322648,71401600
1996-10-22,5.058650493621826,5.092057258684467,5.010927375757469,5.082512635111596,113806400
1996-10-23,5.135006427764893,5.144551049377839,5.030015590022487,5.06342234822527,67443200
1996-10-24,5.21613883972168,5.244772718535023,5.111147950739423,5.14932645582388,81417600
1996-10-25,5.208977222442627,5.263859379034077,5.197047028036187,5.216136271178441,53084800
1996-10-28,5.21613883972168,5.254317344806137,5.201821317757253,5.218524413731703,51240000
1996-10-29,5.168415069580078,5.244772070311711,5.14932581939717,5.225682820128803,66756800
1996-10-30,5.201821327209473,5.230455206074846,5.149326465180712,5.168415717757627,60526400
1996-10-31,5.240000247955322,5.244773144035853,5.197050008808573,5.206594635854029,37028800
1996-11-01,5.244770526885986,5.297265366883172,5.2113637663391215,5.239997633187138,56531200
1996-11-04,5.2686333656311035,5.282950886682385,5.220910237319227,5.239999488643978,36006400
1996-11-05,5.402256011962891,5.40225601196289,5.280562082364786,5.287720548811733,86417600
1996-11-06,5.516794204711914,5.516794204711914,5.383169431587404,5.397486954122809,71438400
1996-11-07,5.478615760803223,5.578834924351312,5.464299403219536,5.526338894608129,76742400
1996-11-08,5.478615760803223,5.478615760803223,5.402258746715373,5.473844029980518,67369600
1996-11-11,5.483387470245361,5.526337698818415,5.459525325948417,5.4738428455496475,38593600
1996-11-12,5.411802291870117,5.569289184508663,5.40225766701673,5.497703915550595,81156800
1996-11-13,5.535881996154785,5.564515868548689,5.46429789772765,5.483387145990252,90409600
1996-11-14,5.712459087371826,5.712459087371826,5.545427554380942,5.545427554380942,114969600
1996-11-15,5.688597679138184,5.760182964034131,5.626558186336254,5.755410067987122,104041600
1996-11-18,5.741092205047607,5.79358705710957,5.674279833713559,5.702913707142437,98585600
1996-11-19,5.951076030731201,5.9510760307312,5.736321322136622,5.745865949960476,104739200
1996-11-20,5.850854396820068,6.032202249250054,5.850854396820068,5.955845258753218,123857600
1996-11-21,5.741092205047607,5.90335082114458,5.7267746857755215,5.898577926348787,130718400
1996-11-22,5.7458648681640625,5.822221876378867,5.702914633600976,5.755409494190913,94424000
1996-11-25,5.860401153564453,5.865174049765239,5.7458656261332255,5.769727776905882,75129600
1996-11-26,5.869945049285889,5.931985701470233,5.817450188313435,5.879489675382288,108238400
1996-11-27,5.936753749847412,5.9462983700240155,5.869941408611187,5.884258921433476,44446400
1996-11-29,5.989251613616943,5.99879623677401,5.93675560369551,5.93675560369551,17152000
1996-12-02,6.02265739440918,6.02265739440918,5.927211159949446,6.013112770963207,64502400
1996-12-03,5.905735969543457,6.089469977484809,5.903350396153772,6.0465197529911885,77563200
1996-12-04,5.850854396820068,5.927211387316905,5.807904172223203,5.922439657968458,102542400
1996-12-05,5.841309070587158,5.931983568456096,5.798358851155083,5.855626587141232,74950400
1996-12-06,5.836539268493652,5.898578753734099,5.66055964746995,5.6885969858018175,110238400
1996-12-09,6.242184162139893,6.251728786241023,5.9558454391059525,5.984479311409347,94718400
1996-12-10,6.251725673675537,6.456935572239014,6.242181054326414,6.442618060657996,125725600
1996-12-11,6.366264820098877,6.385354069934256,6.118104572238951,6.184916946662777,113558400
1996-12-12,6.18491792678833,6.509435225416113,6.18491792678833,6.490345972555655,78272800
1996-12-13,6.108564376831055,6.261278486251832,6.050103506818414,6.194466063380242,74532000
1996-12-16,5.860401153564453,6.165829226714392,5.841311898992582,6.127650717570649,64883200
1996-12-17,6.099015712738037,6.11810496379512,5.831766197938874,5.850855448995958,68944800
1996-12-18,6.30899715423584,6.3185417792800695,6.108560028307016,6.213550903793543,61796800
1996-12-19,6.480800151824951,6.499889401167587,6.3376307817551805,6.4139877791257245,94609600
1996-12-20,6.385356426239014,6.53807048127612,6.366267169359375,6.5285258528363,90414400
1996-12-23,6.394898891448975,6.471255893137918,6.328086514971149,6.423532767082328,36892800
1996-12-24,6.480800151824951,6.499889401167587,6.347175406426499,6.423532403797043,16246400
1996-12-26,6.528522968292236,6.576246089405483,6.499889095624288,6.509433719846937,27905600
1996-12-27,6.433076858520508,6.547612351550547,6.415180687734565,6.528523102712207,19079200
1996-12-30,6.375808238983154,6.538066831891408,6.375808238983153,6.518977585666907,27279200
1996-12-31,6.30899715423584,6.433077279810827,6.29945252919161,6.4139880297223675,34367200
1997-01-02,6.232640743255615,6.3471762546171275,6.1658283616280665,6.3471762546171275,54480800
1997-01-03,6.461711883544922,6.4712565096653725,6.261274735015464,6.280363987256364,44131200
1997-01-06,6.442622184753418,6.5094345629656765,6.347175930164479,6.461711435671207,55948000
1997-01-07,6.490345001220703,6.499889626222498,6.366264876197366,6.452166501213522,36880800
1997-01-08,6.366264820098877,6.508241115749508,6.347175570263499,6.49034494402884,50593600
1997-01-09,6.2899065017700195,6.394897353848123,6.280361878853828,6.394897353848123,47763200
1997-01-10,6.433076858520508,6.4426214829396775,6.2326397457179405,6.26127361897545,66556800
1997-01-13,6.394898891448975,6.528523644404625,6.375809641026739,6.499889768771271,50361600
1997-01-14,6.518978595733643,6.614424841644823,6.43307697441358,6.43307697441358,63728000
1997-01-15,6.461711883544922,6.585792023110777,6.442622631304022,6.538068892508525,53058400
1997-01-16,6.566699981689453,6.652601580287135,6.490343005158181,6.490343005158181,58688000
1997-01-17,6.6526031494140625,6.700326271002399,6.528523033284388,6.538067657602055,65368800
1997-01-20,6.929396629333496,7.091655228091994,6.614424055272883,6.6430579256420295,146220800
1997-01-21,7.253915309906006,7.258688205167595,6.843496417371851,6.919853420634019,114592000
1997-01-22,7.435265064239502,7.521166714532384,7.2252832524124555,7.263461763653737,129236800
1997-01-23,7.23482608795166,7.616611105785521,7.215736837059967,7.492530974989516,105048000
1997-01-24,7.325498104095459,7.4638945431174974,7.206189744314208,7.263457477381605,89817600
1997-01-27,7.339818000793457,7.436457347032772,7.292094866848116,7.368451881160661,53263200
1997-01-28,7.3016357421875,7.540251289317811,7.234823388991013,7.511617423662173,64656800
1997-01-29,7.425718307495117,7.435262932569019,7.311182806608303,7.387539807199513,48933600
1997-01-30,7.721601963043213,7.731146588461066,7.482986327596883,7.50207557843259,79937600
1997-01-31,7.788414001464844,7.883860251482796,7.702512376448688,7.7788693764630485,86516000
1997-02-03,7.8170485496521,7.894598634470077,7.721602291414589,7.836137801299602,60804800
1997-02-04,7.874316692352295,7.883861318646055,7.673879540183327,7.8170489345897325,56464000
1997-02-05,7.511618614196777,7.902948173513255,7.397083133421223,7.874314303319366,110099200
1997-02-06,7.416172027587891,7.511618257029176,7.3302704210907335,7.502073634085048,102122400
1997-02-07,7.664331912994385,7.673876535551041,7.444805594191308,7.511617952087897,62448000
1997-02-10,7.463897228240967,7.750235996587807,7.454352602629406,7.69296824291844,66804800
1997-02-11,7.5211639404296875,7.530708564719572,7.263459084602782,7.502074691849916,88834400
1997-02-12,7.626156806945801,7.635701433737974,7.444808897894524,7.511621285439731,72001600
1997-02-13,7.635699272155762,7.721600888967514,7.587976151704789,7.67387776851654,58292000
1997-02-14,7.4734416007995605,7.6738787318554875,7.4543523502228055,7.587977104260091,57395200
1997-02-18,7.435265064239502,7.473443575480783,7.3493634139466195,7.454354319860142,52545600
1997-02-19,7.444808006286621,7.492531134532048,7.368451001093938,7.435263380637536,56383200
1997-02-20,7.273001194000244,7.444804371811275,7.263456573010743,7.397081266863766,75395200
1997-02-21,7.253915309906006,7.2825491861293195,7.177558306643838,7.244370684498235,61131200
1997-02-24,7.645240783691406,7.654785403895765,7.177554393677825,7.196643634086542,68599200
1997-02-25,7.597522258758545,7.713250848441267,7.549799128992473,7.6357007625714015,63941600
1997-02-26,7.654789447784424,7.664334073031037,7.511620069085214,7.59752169630474,48849600
1997-02-27,7.339818000793457,7.654790684832708,7.330273374004388,7.654790684832708,56628800
1997-02-28,7.444808006286621,7.511620385830219,7.28732226563443,7.339817124146681,78412000
1997-03-03,7.597522258758545,7.645245388524615,7.377995861834616,7.406629739694259,53874400
1997-03-04,7.568886756896973,7.645243748139313,7.5307082612758025,7.578431380802265,63920800
1997-03-05,7.702511787414551,7.71205641168644,7.578431671879992,7.59752092042377,46393600
1997-03-06,7.463897228240967,7.70251286853,7.462704150039522,7.69296824291844,57018400
1997-03-07,7.387535095214844,7.5975167129082894,7.368445857242713,7.5116151420336985,46032000
1997-03-10,7.635699272155762,7.645243896245956,7.325499571782057,7.416172918081283,45997600
1997-03-11,7.511618614196777,7.678650106218708,7.511618614196777,7.607064848176406,47577600
1997-03-12,7.540254592895508,7.597522349297246,7.463897584359857,7.463897584359857,43234400
1997-03-13,7.607065677642822,7.645244175397617,7.48298555993974,7.502074808817138,45505600
1997-03-14,7.559342861175537,7.654789109422702,7.54979823635082,7.6166106101238364,61327200
1997-03-17,7.673874855041504,7.6929640959744425,7.482982445712112,7.5211609275779905,83958400
1997-03-18,7.607065677642822,7.697740192368104,7.549797931010631,7.683422673152412,59012000
1997-03-19,7.387535095214844,7.5020705230476326,7.249138702474203,7.46389204710337,111560000
1997-03-20,7.330273151397705,7.4638979223867254,7.282550018901626,7.377996283893784,81410400
1997-03-21,7.177558898925781,7.416174553810282,7.091657263167361,7.368451422833382,85829600
1997-03-24,6.881674289703369,7.1393791521471845,6.690781799004247,7.110745278542317,186269600
1997-03-25,6.895993232727051,6.977121975465391,6.7862294453568985,6.919854216432843,89701600
1997-03-26,7.196649074554443,7.225282956813944,6.9198548793792725,6.929399506799106,81270400
1997-03-27,7.158467769622803,7.339815619786581,6.948486048380534,7.263458630243938,93919200
1997-03-31,7.00098180770874,7.215735250462549,6.967575043436058,7.110744393643649,93825600
1997-04-01,7.1202898025512695,7.15846830015208,6.853040319345592,6.8816741925462,86680800
1997-04-02,7.024843692779541,7.148923812353093,6.948486696118894,7.091656064857608,63331200
1997-04-03,7.263458728790283,7.282547976434936,6.919852271186538,6.9484861426535165,92252800
1997-04-04,7.191877365112305,7.387541645251711,7.158470586484217,7.158470586484217,94964000
1997-04-07,7.3207292556762695,7.454354040004128,7.25391686351234,7.30164000077229,76511200
1997-04-08,7.502074241638184,7.502074241638184,7.292092519862051,7.377994133315924,53339200
1997-04-09,7.482982635498047,7.578428842583481,7.46389339408096,7.568884221874938,73762400
1997-04-10,7.387535095214844,7.46389204710337,7.292088905354188,7.46389204710337,67913600
1997-04-11,7.253915309906006,7.425718567245886,7.249143579759824,7.29209381153709,60033600
1997-04-14,7.435265064239502,7.435265064239502,7.129836974309253,7.234827880222776,59107200
1997-04-15,7.416172027587891,7.559341371749819,7.320725798146605,7.473439765252662,84440000
1997-04-16,7.502074241638184,7.521163489072378,7.349360262164633,7.377994133315924,42710400
1997-04-17,7.492534637451172,7.635704089122214,7.444811486894158,7.521168527785381,71720800
1997-04-18,8.21792221069336,8.21792221069336,7.864771082010835,7.941128082807056,231764000
1997-04-21,8.21792221069336,8.542439464077303,8.103386709499027,8.170199085195721,155695200
1997-04-22,8.446990013122559,8.461307527905653,8.208374476028702,8.217919097512455,82300000
1997-04-23,8.790596008300781,8.838319113666149,8.427900407523985,8.446989649670131,102814400
1997-04-24,8.714244842529297,9.000583665394442,8.609253940812076,8.905137391106061,118163200
1997-04-25,8.676065444946289,8.809690215275495,8.647431565590031,8.666520818494202,58566400
1997-04-28,8.77151107788086,8.785828599085832,8.52335080799522,8.685609445997368,67224000
1997-04-29,9.086482048034668,9.096026672034704,8.89558956803394,8.962401936034194,73953600
1997-04-30,9.277377128601074,9.363278768680713,9.038761461713186,9.057850715064218,90204000
1997-05-01,9.239201545715332,9.411004880243096,9.105576729971515,9.315558583283227,72325600
1997-05-02,9.220109939575195,9.430091739441297,9.081713426766717,9.315556212241605,96192000
1997-05-05,9.177157402038574,9.220107631428553,8.819233386583832,9.134206007533255,111063200
1997-05-06,8.95763111114502,9.143750715382712,8.886045841358355,9.115116840491115,74770400
1997-05-07,8.819232940673828,9.08648242372455,8.790599067489822,8.886045311436508,70532800
1997-05-08,8.88604736328125,9.01967213566142,8.790601097295415,8.800145723894,53834400
1997-05-09,8.914679527282715,9.04830427394434,8.838322529190357,9.01012577489816,58392000
1997-05-12,9.019672393798828,9.048306274414061,8.933770751953125,8.971949259440104,42976000
1997-05-13,8.99103832244873,9.105573842479926,8.924225935763868,9.038761455795061,49813600
1997-05-14,8.847868919372559,9.057850706024336,8.82877966604058,9.038761452692356,60744800
1997-05-15,8.943314552307129,9.000582308245063,8.847868292410576,8.85741291840023,41861600
1997-05-16,8.814462661743164,8.933769903754802,8.771511262340452,8.886046773927053,59913600
1997-05-19,8.790596008300781,8.94330994546996,8.790596008300781,8.86695297688537,45632000
1997-05-20,9.096027374267578,9.10557199900448,8.800144007423619,8.847867131108128,64876800
1997-05-21,9.191474914550781,9.387140331738111,9.143751784153322,9.210564166709766,76620000
1997-05-22,9.210563659667969,9.28692066410045,9.143751280789548,9.239197536330149,33655200
1997-05-23,9.382366180419922,9.391910805221977,9.229652183587044,9.267830682795264,28904800
1997-05-27,9.66870403289795,9.725971776429427,9.344186819552904,9.372820691318644,69036000
1997-05-28,9.611438751220703,9.716429641253898,9.53508174028747,9.716429641253898,52241600
1997-05-29,9.611438751220703,9.854826723570383,9.544626366654125,9.716429641253898,51111200
1997-05-30,9.468267440795898,9.592347558467619,8.971946970109016,8.971946970109016,83337600
1997-06-02,9.49690055847168,9.582802171563383,9.401454321703119,9.54462367685596,38939200
1997-06-03,9.220109939575195,9.430091739441297,9.210565312308555,9.420547112174656,41995200
1997-06-04,9.100799560546875,9.334642265834812,9.029214298036537,9.210562153916763,54639200
1997-06-05,9.205790519714355,9.277374617850018,9.124660632371006,9.183121454937192,35892000
1997-06-06,9.473044395446777,9.492133652500458,9.2392004139813,9.26783429956182,35964000
1997-06-09,9.55417251586914,9.63052953897299,9.353735330221536,9.535083260093177,48200000
1997-06-10,9.530308723449707,9.702111974862882,9.44917882772469,9.554169703588299,53135200
1997-06-11,9.69734001159668,9.725973889583678,9.434863379273603,9.530309639230262,49056800
1997-06-12,9.69734001159668,9.783241645557673,9.57325987365302,9.678250759605348,44614400
1997-06-13,9.897775650024414,9.931181835921313,9.663932931303762,9.678249285559069,50116000
1997-06-16,10.031403541564941,10.031403541564941,9.840510990821556,9.897778756044572,40612800
1997-06-17,10.246153831481934,10.303421575300183,9.993221296284661,10.040944416133202,53191200
1997-06-18,9.940729141235352,10.19366175980735,9.931184514119426,10.174572505575501,55657600
1997-06-19,9.873916625976562,9.983679836415162,9.773698042532624,9.802331923516606,65519200
1997-06-20,9.916866302490234,10.031401813202345,9.8118754176708,9.87868779891953,64240000
1997-06-23,9.778464317321777,10.040941397581756,9.773692006771595,9.916861323277038,35724800
1997-06-24,10.083897590637207,10.0886699037421,9.802331117448567,9.888232753336625,39319200
1997-06-25,9.95981216430664,10.174566140058342,9.91208905858404,10.145932276624782,49576000
1997-06-26,9.792784690856934,9.988449492184971,9.764150817491855,9.935954057682327,37312000
1997-06-27,9.735518455505371,9.92641097424077,9.716429203631831,9.859598592683382,38198400
1997-06-30,9.649614334106445,9.83096218014801,9.635297981450222,9.764149815816907,38286400
1997-07-01,9.5398530960083,9.687794198251519,9.411000078301475,9.654388593918663,59377600
1997-07-02,9.802330017089844,9.811874642228199,9.473041032374308,9.59234826404605,53237600
1997-07-03,9.893003463745117,9.931181962399224,9.811874154105142,9.931181962399224,28764000
1997-07-07,9.888230323791504,10.06003355335545,9.87868569992684,9.974131938573477,39320000
1997-07-08,10.021855354309082,10.026627666382563,9.845279807590302,9.878685992104666,36007200
1997-07-09,9.983674049377441,10.12684337130924,9.888227834756243,10.117298749847121,48266400
1997-07-10,9.916866302490234,10.021857187309669,9.840509295348827,9.964589431953614,43780800
1997-07-11,9.907319068908691,10.007537614403432,9.80710052341395,9.945497562430498,38094400
1997-07-14,10.379779815673828,10.384552128232759,9.964588623046875,9.988450185841527,57424000
1997-07-15,10.573057174682617,10.632711074336662,10.432273971499075,10.542037146862516,75503200
1997-07-16,11.33424186706543,11.415371177271794,10.689979697779606,10.871327567652653,111217600
1997-07-17,11.415371894836426,11.510818148137734,11.186300886913285,11.491728897477472,131668000
1997-07-18,10.728161811828613,11.253116348884284,10.689983300042748,11.071768417901417,158927200
1997-07-21,10.379779815673828,10.766337132947198,10.212748876111261,10.756792507829337,127223200
1997-07-22,11.004948616027832,11.057444034404373,10.44181594617038,10.451360567693387,101384000
1997-07-23,10.7997465133667,11.214937828728123,10.766340315578999,11.090857665516664,95556000
1997-07-24,10.537266731262207,10.718614618847335,10.355918843677077,10.565900608249333,141855200
1997-07-25,10.575444221496582,10.861782963955877,10.479997974010152,10.575444221496582,90308800
1997-07-28,10.460907936096191,10.642255792652604,10.365461695803344,10.63271116862332,56404000
1997-07-29,10.685211181640625,10.694755809761785,10.394100023945189,10.441823164550998,79061600
1997-07-30,10.77587890625,10.842691264393268,10.661343435147254,10.747245038474315,78324000
1997-07-31,10.794967651367188,10.852235384265686,10.756789162768188,10.842690762115936,42240800
1997-08-01,10.737701416015625,10.828375339084202,10.627938245985243,10.794969156901042,58912800
1997-08-04,10.809289932250977,10.842696126302084,10.647031275431315,10.709071350097656,46312800
1997-08-05,10.942911148071289,11.0240404500849,10.842692598525062,10.861781846057676,59333600
1997-08-06,10.952459335327148,11.043133290608724,10.861785380045573,10.942914708455403,43410400
1997-08-07,10.99063491821289,11.024041103374632,10.842693241068037,11.01926879120867,43947200
1997-08-08,10.68997859954834,10.928594193288259,10.68997859954834,10.904732633914266,66815200
1997-08-11,10.556350708007812,10.709064642300872,10.413181394608067,10.68997540051424,72696000
1997-08-12,10.384551048278809,10.670889772036496,10.370234112090925,10.642255899660729,60887200
1997-08-13,10.389323234558105,10.55635415472785,10.289104682456259,10.54680953071815,66731200
1997-08-14,10.403642654418945,10.441821159572775,10.241384007515164,10.38455340184203,45900800
1997-08-15,10.14593505859375,10.384550652634054,10.136390434832137,10.346372157587606,51078400
1997-08-18,10.222294807434082,10.222294807434082,10.002768401672192,10.155482423071769,69969600
1997-08-19,10.599308967590332,10.613625909014361,10.279563942453658,10.28910857006968,91013600
1997-08-20,10.732933044433594,10.742477671418417,10.460911175366135,10.613625207123304,51433600
1997-08-21,10.527719497680664,10.871325936408228,10.4990856277867,10.814058196620302,64412000
1997-08-22,10.480000495910645,10.499089750001556,10.241384819774245,10.327286463183349,72161600
1997-08-25,10.422728538513184,10.613621002588516,10.355916176086817,10.527719393754616,38856800
1997-08-26,10.308197021484375,10.451366424560547,10.289107767740886,10.384554036458333,34327200
1997-08-27,10.27479076385498,10.332058524731087,10.155482928696422,10.327286211324745,49371200
1997-08-28,10.083897590637207,10.212750044469296,10.079125277532315,10.193660792049727,43641600
1997-08-29,10.0934419631958,10.22229441378979,10.060035772301063,10.083897337225874,37857600
1997-09-02,10.475220680236816,10.499082230761273,10.155475903209087,10.16502052341887,50112800
1997-09-03,10.427504539489746,10.604080131233966,10.39887065974744,10.508633865426278,42872800
1997-09-04,10.551584243774414,10.575445809228448,10.365464033232938,10.384553285596166,44476000
1997-09-05,10.484766960144043,10.666114772836565,10.40363767551844,10.61839166423327,48398400
1997-09-08,10.637481689453125,10.675660179141605,10.51817390917662,10.51817390917662,42416000
1997-09-09,10.651800155639648,10.709067898411904,10.565898541481264,10.632710908048896,39465600
1997-09-10,10.317732810974121,10.623160609263827,10.312960501625845,10.60407137187072,53294400
1997-09-11,10.446588516235352,10.489539314155005,10.14593293079779,10.308191500716473,61779200
1997-09-12,10.53249454498291,10.56590073520261,10.355918968107348,10.451365225877922,48576000
1997-09-15,9.978904724121094,10.479997500798623,9.97413241196226,10.355917384668949,129003200
1997-09-16,10.413187026977539,10.460910157256997,10.002768106574209,10.060035862909556,102538400
1997-09-17,10.169795989990234,10.441817750398231,10.126845185715286,10.43227312722602,61609600
1997-09-18,10.098214149475098,10.317740544028904,10.03617408144902,10.250928163077745,61077600
1997-09-19,10.322513580322266,10.327285893581777,10.079125604087206,10.09821485712525,77435200
1997-09-22,10.179340362548828,10.37500513276191,10.169795739611605,10.308192772201345,43251200
1997-09-23,10.346372604370117,10.346372604370117,10.165024745068427,10.198430929676633,39946400
1997-09-24,10.112530708312988,10.38932484756837,10.088669144584076,10.355918658347893,60040000
1997-09-25,10.136391639709473,10.241382513567103,10.083896202780656,10.14593626460562,39272000
1997-09-26,10.184117317199707,10.212751199066247,10.050492535155849,10.2032065717774,36652000
1997-09-29,10.270012855529785,10.289102098755677,10.145932774561489,10.193655882626217,27505600
1997-09-30,10.102986335754395,10.365463543343669,10.098214022889136,10.26524497317322,43892800
1997-10-01,10.222294807434082,10.27001793912145,10.031402280684613,10.117303917721875,61466400
1997-10-02,10.169795989990234,10.279559156470654,10.136389808887497,10.21274679426518,28831200
1997-10-03,10.303420066833496,10.403638603842992,10.184112284679333,10.303420066833496,60284800
1997-10-06,10.317732810974121,10.403634379243101,10.250920480098248,10.375000523153442,41776800
1997-10-07,10.427504539489746,10.513406178716663,10.279562827487831,10.308196707230136,54548800
1997-10-08,10.613626480102539,10.618398794167332,10.403644661251588,10.432278545640354,71196800
1997-10-09,10.608854293823242,10.661349749168297,10.546814210233633,10.575448094967298,34672800
1997-10-10,10.422728538513184,10.594531756180983,10.40363929210565,10.5611255749678,24893600
1997-10-13,10.441817283630371,10.52771888834031,10.427500349512048,10.460906529121468,19051200
1997-10-14,10.437047004699707,10.489542440022843,10.33682844635554,10.47045319081443,33361600
1997-10-15,10.365462303161621,10.384551552338714,10.298649931041794,10.365462303161621,45003200
1997-10-16,10.224682807922363,10.4322784681999,10.098216486144095,10.39409995596495,47327200
1997-10-17,10.098214149475098,10.27956204062824,9.955044761722615,10.165026530426255,87720000
1997-10-20,10.126846313476562,10.327283422414364,9.735516719836092,10.155480186181961,154052800
1997-10-21,10.575444221496582,10.63151889189486,10.332056290406182,10.394096351272363,115682400
1997-10-22,10.360692024230957,10.57544611962036,10.336830458076578,10.565901493158607,55775200
1997-10-23,10.355920791625977,10.480000948576334,10.079126595352102,10.079126595352102,66413600
1997-10-24,10.33682918548584,10.479998564786198,10.174570555612101,10.451364688926127,70030400
1997-10-27,9.840510368347168,10.403643357418442,9.821421114480346,10.298652461150917,96795200
1997-10-28,10.184117317199707,10.308197471954717,9.430091761380798,10.098215671600084,160057600
1997-10-29,9.993223190307617,10.312968153894346,9.935955435635368,10.212749583217908,85532800
1997-10-30,9.821418762207031,10.031400504450525,9.8118741375596,9.888231134739053,72097600
1997-10-31,9.926406860351562,10.040942324124849,9.89777299440824,10.00276383620042,46808800
1997-11-03,10.241381645202637,10.250926269289499,10.026627603248249,10.050489163465404,67714400
1997-11-04,10.250929832458496,10.303425283183376,10.169800499520044,10.231840577649448,49134400
1997-11-05,10.198431968688965,10.27956128243146,10.117302654946469,10.270016657285284,42512800
1997-11-06,10.083897590637207,10.193660792049727,10.060036025112746,10.174571539630158,40266400
1997-11-07,10.045719146728516,10.07912533866538,9.916866692114896,9.931183631516408,63628800
1997-11-10,9.940729141235352,10.117304742879954,9.907322946329616,10.050492353068483,36764800
1997-11-11,9.974129676818848,10.03616971787083,9.878683459815797,9.95981274426839,37013600
1997-11-12,9.864371299743652,10.002768381355924,9.85005436026652,9.93595599712931,45784000
1997-11-13,10.045719146728516,10.050491459862354,9.86437124764268,9.931183631516408,60094400
1997-11-14,10.179340362548828,10.222291165766334,10.031398707021864,10.050487952896312,46663200
1997-11-17,10.298651695251465,10.370236391928374,10.188888493680203,10.270017816580701,60094400
1997-11-18,10.231842994689941,10.346378550600651,10.212753735371491,10.303427717134134,36683200
1997-11-19,10.312968254089355,10.317740567025075,10.184115804824936,10.203205056567812,31720800
1997-11-20,10.451364517211914,10.470453767471662,10.298650515133932,10.327284390523554,53680800
1997-11-21,10.527719497680664,10.537264120978652,10.41318401810481,10.52294718603167,68220800
1997-11-24,10.346372604370117,10.546809712019353,10.346372604370117,10.470452718629168,39084000
1997-11-25,10.613626480102539,10.632715736361716,10.365466148733235,10.375010776862823,56463200
1997-11-26,10.809289932250977,10.833151499430338,10.55635732014974,10.613625081380208,63053600
1997-11-28,10.804512023925781,10.861779755501358,10.77587815813799,10.785422780067254,17392800
1997-12-01,10.981090545654297,10.995407482480443,10.814059616015923,10.837921177392833,49006400
1997-12-02,10.861783981323242,11.06222111981866,10.842694730037964,10.962002550570952,50167200
1997-12-03,11.047904014587402,11.076537891083094,10.766337562379775,10.818833002621876,57712000
1997-12-04,10.885645866394043,11.138578453381717,10.861784301583885,11.052676820065148,62630400
1997-12-05,10.928598403930664,11.05267856048184,10.852241384514553,10.852241384514553,48136000
1997-12-08,11.157665252685547,11.19584374798986,10.928594280859667,10.957228152337903,49952800
1997-12-09,11.019268035888672,11.100397337149003,10.95722798198371,11.071763466115945,51782400
1997-12-10,10.861783981323242,10.938140986464354,10.766337724896852,10.861783981323242,66434400
1997-12-11,10.618395805358887,10.766337499725685,10.604078867194358,10.71861437251059,70189600
1997-12-12,10.441817283630371,10.575442002068053,10.384549547157079,10.51817426559476,54308000
1997-12-15,10.394098281860352,10.46091066751051,10.155482618824072,10.41795984816398,84305600
1997-12-16,10.618395805358887,10.71861437251059,10.308195478460762,10.375007856561897,65401600
1997-12-17,10.355920791625977,10.718616635019329,10.346376164168257,10.68043812518845,51472000
1997-12-18,9.993223190307617,10.289106589447576,9.955044687192784,10.27001733789016,98774400
1997-12-19,9.826191902160645,9.940727407576796,9.640071705859398,9.830964214886317,138065600
1997-12-22,9.69734001159668,9.926411035492663,9.611438377635684,9.859598653523001,59063200
1997-12-23,9.41577434539795,9.792786498402474,9.39191219729828,9.702113131900944,67195200
1997-12-24,9.081709861755371,9.45872190823437,9.010124602798431,9.449177284714455,88411200
1997-12-26,9.220109939575195,9.220109939575195,9.06739590330894,9.07694053057558,32388800
1997-12-29,9.644843101501465,9.678248702829356,9.325097616039724,9.344186863974299,67815200
1997-12-30,9.945497512817383,10.002765252814411,9.640069566166561,9.654387083723394,77864800
1997-12-31,9.869144439697266,10.040947727815787,9.850055185461875,10.002769219345005,46147200
1998-01-02,10.012314796447754,10.040948680517673,9.88823463214478,9.897779260168086,39748000
1998-01-05,9.955041885375977,10.203202085778447,9.764149423527924,10.021854247022794,80377600
1998-01-06,10.012314796447754,10.15548421679734,9.869145376098167,9.90732388819139,67834400
1998-01-07,9.893003463745117,10.01708358437096,9.735517156796933,9.916865025403933,61492800
1998-01-08,9.964587211608887,10.088667320565703,9.735516241227074,9.821417855120254,77619200
1998-01-09,9.69734001159668,10.040946547440656,9.611438377635684,9.931183348490498,87534400
1998-01-12,9.888230323791504,9.926408819250158,9.496900745340296,9.515989993069622,78393600
1998-01-13,10.088666915893555,10.098211539276614,9.783238967635661,9.888229824849313,66945600
1998-01-14,10.012314796447754,10.117305704704117,9.869145376098167,10.0886718206342,54774400
1998-01-15,10.102986335754395,10.15548177727225,9.916866134009274,9.95504463693135,50622400
1998-01-16,10.327285766601562,10.336830393003227,10.102987046162434,10.107759359363266,72943200
1998-01-20,10.522947311401367,10.537264246518921,10.23183629734446,10.24138092075616,64956000
1998-01-21,10.460907936096191,10.570671112432969,10.355917071774059,10.479997184154762,85567200
1998-01-22,10.584990501403809,10.680436763815024,10.332057906014088,10.35114715849633,159139200
1998-01-23,10.556350708007812,10.647024606494316,10.438236024453023,10.594529191581078,63312000
1998-01-26,10.823604583740234,10.833149208593621,10.571865103232167,10.680435210939438,74277600
1998-01-27,11.086080551147461,11.138575982082727,10.809286460761516,10.871326515503194,97540800
1998-01-28,11.377195358276367,11.415373866190047,11.109945802880613,11.167213564751131,79387200
1998-01-29,11.319927215576172,11.463096615435905,11.26265945563228,11.372422662191408,73571200
1998-01-30,11.391508102416992,11.453548154922824,11.272200309136547,11.348557296836033,50071200
1998-02-02,11.825788497924805,11.84487774489482,11.491726675949527,11.587172910799605,98397600
1998-02-03,11.90215015411377,11.921239408571049,11.744663804841213,11.844882390741931,61374400
1998-02-04,11.973731994628906,12.064405931614937,11.840107245386337,11.902147307534673,61940800
1998-02-05,11.868738174438477,12.121670672727674,11.816242750265246,12.073947559842921,67014400
1998-02-06,12.073953628540039,12.083498255914378,11.84488257155588,11.86397182630456,50070400
1998-02-09,12.002361297607422,12.131213685295455,11.883053531229615,12.12166906398523,54681600
1998-02-10,12.159849166870117,12.178938412030039,11.9689567152709,12.007135205590744,48099200
1998-02-11,12.135995864868164,12.22189752651489,11.992826428790284,12.169402066619668,76460000
1998-02-12,12.121675491333008,12.1359924308897,11.945099903467133,12.069180046291802,76658400
1998-02-13,12.026227951049805,12.121674204629565,12.016683325691828,12.112129579271588,42203200
1998-02-17,11.787609100341797,12.102581651201133,11.749430609328543,12.102581651201133,85673600
1998-02-18,11.806703567504883,11.911694464224814,11.73989117868311,11.806703567504883,76608800
1998-02-19,11.825788497924805,11.91646242103238,11.778065380499765,11.873511615349843,73773600
1998-02-20,11.844879150390625,11.892602273478419,11.673075907274564,11.873513024243302,86092000
1998-02-23,12.46528148651123,12.474826112458024,12.121674952426694,12.360290601096512,120803600
1998-02-24,12.54163932800293,12.971147524167414,12.503460821677198,12.732531859631589,118302000
1998-02-25,12.971139907836914,12.980684528813983,12.68480127852484,12.742069004387254,94944400
1998-02-26,13.057045936584473,13.08567980925242,12.894787324799431,13.057045936584473,61388000
1998-02-27,12.942512512207031,13.13340502713634,12.913878634967636,13.066592646911081,47532400
1998-03-02,12.72298812866211,13.114317846047816,12.68480961964887,13.114317846047816,50093600
1998-03-03,12.904335975646973,12.913880602847895,12.608452532418381,12.617997159619303,50753600
1998-03-04,12.570269584655762,12.799340556585706,12.455734098690789,12.58935883231659,71513600
1998-03-05,12.226667404174805,12.436649201904583,12.102587250970846,12.102587250970846,92255600
1998-03-06,12.637080192565918,12.637080192565918,12.255295292488398,12.264839914990336,51404800
1998-03-09,12.155082702636719,12.598907866101664,12.140765761879784,12.598907866101664,52256000
1998-03-10,12.446192741394043,12.446192741394043,12.20757708300842,12.39846960971692,47406400
1998-03-11,12.322110176086426,12.522547289717576,12.178940809207033,12.522547289717576,39838800
1998-03-12,12.503451347351074,12.61798677954055,12.341192818415983,12.598897540842303,47962000
1998-03-13,12.579813003540039,12.67525923270195,12.455732905629553,12.589357626456229,32542400
1998-03-16,12.522546768188477,12.637082256921907,12.427100527577284,12.589359136616311,27979600
1998-03-17,12.274384498596191,12.474821570501728,12.169393651407578,12.474821570501728,53842400
1998-03-18,12.484368324279785,12.493912948380917,12.198029601245844,12.22666347354924,33887600
1998-03-19,12.522546768188477,12.570269888494073,12.408011279455046,12.446189775699523,30299200
1998-03-20,12.493910789489746,12.67525861607516,12.293473718000607,12.541633901749066,56310000
1998-03-23,12.808890342712402,12.923425874837998,12.379382097241422,12.398471352595687,55050000
1998-03-24,12.971139907836914,12.990229149791052,12.742069004387254,12.856604456112084,32281600
1998-03-25,13.562914848327637,13.887432163488185,13.324299175415469,13.820619775072778,124244800
1998-03-26,13.477015495300293,13.677452694593004,13.362479952847316,13.515194009451285,45441200
1998-03-27,13.410195350646973,13.64881092628126,13.372016858545487,13.64881092628126,38924000
1998-03-30,13.429290771484375,13.534281673038269,13.305210615102501,13.448380026312355,27463200
1998-03-31,13.667898178100586,13.706076664631592,13.515184231976557,13.53427347524206,38177200
1998-04-01,13.801532745361328,13.839711259179756,13.515193891723127,13.715631089269868,36835600
1998-04-02,13.944701194763184,14.040147472619195,13.72517475569436,13.849254916907173,41414800
1998-04-03,14.202398300170898,14.211942922684454,13.97332735984556,14.049684339954007,40987600
1998-04-06,13.73471450805664,14.145133357150758,13.601089766491114,14.145133357150758,74232000
1998-04-07,13.324295997619629,13.839705728186576,13.247939000498599,13.639268610743875,62630800
1998-04-08,13.581995964050293,13.591540585247799,13.228844979742592,13.247934222137602,36793200
1998-04-09,13.591544151306152,13.686990388323752,13.362473182463914,13.429285548376233,33619200
1998-04-13,13.534270286560059,13.591538002864262,13.247931705039042,13.56290414471216,33156400
1998-04-14,13.505642890930176,13.677446122051549,13.362473531662365,13.543821386734926,28476800
1998-04-15,13.954240798950195,13.954240798950194,13.572455824970708,13.62972357106763,40498400
1998-04-16,14.001961708068848,14.059229445116165,13.772890759879582,13.801524628403241,39695600
1998-04-17,14.06877326965332,14.087862514252578,13.791979222964075,13.973327046657028,37402800
1998-04-20,14.450568199157715,14.507835972734298,14.078327670909927,14.106961557698218,45535200
1998-04-21,14.488744735717773,14.507833990969047,14.221495162199922,14.46011085284086,51938400
1998-04-22,15.099599838256836,15.137778346065323,14.603279236746499,14.660546998459228,80154000
1998-04-23,14.431480407714844,14.87053338308183,14.37659878579397,14.851444123283265,64215200
1998-04-24,14.06877326965332,14.469647406237742,14.030594780454802,14.278754960245159,51436000
1998-04-27,13.791984558105469,13.825390749076659,13.515190404344184,13.66790442021248,58752000
1998-04-28,13.725175857543945,14.087871742513812,13.593937214956163,14.068782485410136,56668000
1998-04-29,13.820616722106934,13.973330719036293,13.686991974793745,13.75380434845034,50061600
1998-04-30,13.763348579406738,13.992419568245685,13.696536207662046,13.973330319175775,54473600
1998-05-01,13.686994552612305,13.82061932509248,13.45792351407486,13.772896192063847,35996000
1998-05-04,13.448379516601562,13.725173701116429,13.429290262497089,13.620182803541825,37899600
1998-05-05,13.400652885437012,13.677446997743047,13.286117390689686,13.381563636312457,50828000
1998-05-06,13.190672874450684,13.362476139096207,13.133405119568843,13.362476139096207,48110800
1998-05-07,12.732529640197754,13.17158238641147,12.703895765444686,13.16203776149378,78022000
1998-05-08,13.095229148864746,13.15249691482188,12.503462233974355,12.503462233974355,96274800
1998-05-11,12.866153717041016,13.162037074035283,12.837519843783506,13.152492449616112,51474400
1998-05-12,13.085676193237305,13.095220814822452,12.71343595141655,12.71343595141655,64147200
1998-05-13,13.276572227478027,13.553366328554132,13.20975985825276,13.543821704379093,80680400
1998-05-14,13.581995964050293,13.896968463567974,13.10476490417502,13.114309525372525,94774400
1998-05-15,13.658355712890625,13.772891190566856,13.55336485835408,13.76334656742717,48150800
1998-05-18,13.14294719696045,13.20975956470099,12.904331597887094,12.904331597887094,80395600
1998-05-19,13.209762573242188,13.276574956199337,13.066593181191152,13.104771685738093,52234400
1998-05-20,13.095229148864746,13.267032446736149,13.03796138290761,13.15249691482188,35698800
1998-05-21,13.190672874450684,13.343386887468926,13.057048113059722,13.104771242127923,36680000
1998-05-22,13.0665922164917,13.247940099700863,13.047502965627578,13.22885084883674,36129200
1998-05-26,12.770712852478027,13.162042618510611,12.751623595598389,13.028417820353143,44473600
1998-05-27,13.133399963378906,13.152489207511724,12.656168860058452,12.656168860058452,58574400
1998-05-28,13.18112564086914,13.190670264794463,12.990233162362708,13.095224025541246,30746800
1998-05-29,12.952061653137207,13.20976663812962,12.942517024063415,13.190677379982034,34091200
1998-06-01,12.78979778289795,12.92103637955082,12.69435153078677,12.808887033320184,42436800
1998-06-02,13.057045936584473,13.123858306143019,12.808885706795586,12.837519579463535,38570800
1998-06-03,12.875702857971191,13.200220202056455,12.84706897466955,13.114318552151532,36010800
1998-06-04,13.14294719696045,13.152491820923384,12.770706862406016,12.932965469775898,33717600
1998-06-05,13.171586036682129,13.20976454693338,12.942514975174612,13.11431827130525,34431600
1998-06-08,13.085676193237305,13.18112240908878,12.980685355800683,13.076131571652157,18886400
1998-06-09,13.295666694641113,13.372023718013066,13.01887248491779,13.028417112839282,35690400
1998-06-10,13.133399963378906,13.496095601902452,13.114310719246088,13.228846184042997,33290400
1998-06-11,13.028413772583008,13.305207911341181,12.999779896159747,13.200217031122564,41271200
1998-06-12,13.095229148864746,13.15249691482188,12.827979574398118,12.961604361631432,41323600
1998-06-15,13.12385368347168,13.333835342407227,12.913872024536133,12.932961266257546,42846000
1998-06-16,13.725175857543945,13.734720486095783,13.05705185891524,13.181132030089143,61138400
1998-06-17,13.906516075134277,14.106953163382608,13.706078986885945,13.734712856635706,76147600
1998-06-18,13.925610542297363,14.011512183750876,13.801530393531177,13.868342781328353,39228400
1998-06-19,14.460113525390625,14.469658154780323,14.126051496751238,14.183319273089419,91226800
1998-06-22,14.631911277770996,14.651000529274937,14.307394002203994,14.469652639987494,48969600
1998-06-23,15.38593864440918,15.405027898310431,14.546011472754088,14.631913115309722,124675200
1998-06-24,16.025434494018555,16.054068385312217,15.261864059520947,15.52911371159511,105724800
1998-06-25,15.510021209716797,16.321314626840444,15.481387324406551,16.168600571852465,88969600
1998-06-26,15.949067115783691,15.97770098852298,15.576826770172941,15.61500526715866,55680400
1998-06-29,16.407215118408203,16.445393629445803,16.07315314682921,16.11133165786681,65906000
1998-06-30,16.550382614135742,16.579016494090993,15.977705015030699,16.073151281548206,77010000
1998-07-01,16.70310401916504,16.81763958958217,16.369041938781738,16.664925495692664,53470400
1998-07-02,16.378578186035156,16.664916965511296,16.359488934070082,16.617193835598606,27321200
1998-07-06,16.46448516845703,16.502663684789685,16.092244634213653,16.321315732209577,35307600
1998-07-07,16.483570098876953,16.57901636464926,16.264043687600655,16.46448084572249,32422800
1998-07-08,16.779443740844727,16.817622224896706,16.302212690194988,16.512194352480872,41553600
1998-07-09,16.951248168945312,17.10396211641329,16.760355734610343,16.798534221477336,43690000
1998-07-10,17.285320281982422,17.294864909415875,16.779455028009444,16.970347576678492,45396800
1998-07-13,17.95343589782715,18.058426751030815,17.352124647660688,17.428481631808808,69223200
1998-07-14,17.791179656982422,18.13478613104431,17.63846566851047,18.058429136808336,56972400
1998-07-15,17.9248104095459,18.02025668435711,17.6575608400745,17.714828604961227,48690000
1998-07-16,17.9248104095459,18.15388146909281,17.81027487977244,18.02980131183823,65125200
1998-07-17,18.010705947875977,18.268410802456078,17.70527797207734,17.943893578170027,83108400
1998-07-20,17.86753273010254,18.24931761749789,17.838898863547886,18.04888055161533,45794800
1998-07-21,17.228042602539062,18.172960174645084,17.180319492836738,17.84844302866928,74605200
1998-07-22,17.82935905456543,17.905716052657787,17.084878323164947,17.103967572688035,71654400
1998-07-23,17.256681442260742,17.943894420049887,17.256681442260742,17.762546550911082,51029600
1998-07-24,17.38076400756836,17.657558162548852,17.180326860858344,17.371219381534548,60366400
1998-07-27,17.82935905456543,17.82935905456543,16.9035304526956,17.275770818395838,58998000
1998-07-28,17.142148971557617,17.848451323392396,17.103970466053035,17.714826554126358,78378400
1998-07-29,16.903535842895508,17.447579627788247,16.80808956484415,17.294865582906077,59738000
1998-07-30,17.32349967956543,17.352133563333307,16.91308067889253,17.094428609422415,72746400
1998-07-31,16.788991928100586,17.33542159716469,16.788991928100586,17.247133834040795,53705200
1998-08-03,16.55992317199707,16.932163519955505,16.39766455878442,16.664914039369965,73566400
1998-08-04,15.958612442016602,16.741271664651386,15.91088931868521,16.58855766999094,91412000
1998-08-05,15.929975509643555,16.225858817491936,15.500467482121708,15.901341641142096,120208800
1998-08-06,16.32131004333496,16.3308546690913,15.824989504005476,15.844078755518149,68308000
1998-08-07,16.168588638305664,16.41674879450162,16.044508560207685,16.407204173109466,54972400
1998-08-10,15.949067115783691,16.235405843176576,15.949067115783691,16.159048849205142,46763200
1998-08-11,15.796351432800293,15.939520781133831,15.57682509868887,15.710449823800172,60976400
1998-08-12,16.044517517089844,16.06360677053076,15.729544835314732,15.929981996444349,53760000
1998-08-13,15.872715950012207,16.187688665797175,15.844082066759029,15.901349833265385,51193200
1998-08-14,15.92043399810791,16.044514119196283,15.805898501718646,15.98724637100165,29566400
1998-08-17,16.38811683654785,16.39766145905021,15.729537883885182,15.805894863904044,54073200
1998-08-18,16.989431381225586,17.07533300056886,16.397664670194132,16.474021665165935,70591200
1998-08-19,16.884437561035156,17.218499355628843,16.836714447521775,17.142142374007427,55709600
1998-08-20,17.18988037109375,17.21851426399396,16.750827346623836,16.817639763390996,49970400
1998-08-21,16.893980026245117,17.084872455920202,16.60764138173249,16.97033699811515,59523600
1998-08-24,16.855806350708008,17.10396658010688,16.798538605462117,16.84626172650036,26319200
1998-08-25,17.228042602539062,17.36166730970557,16.97033781014651,17.008516297908372,58026800
1998-08-26,17.18988037109375,17.371228359461757,16.932175334991843,16.989443120792266,44804400
1998-08-27,16.684003829956055,17.218502808490115,16.5694683345559,16.884440946906327,74874000
1998-08-28,16.07314682006836,16.741270500237473,15.996789828049032,16.531288772184322,72730000
1998-08-31,14.650996208190918,16.26403748453246,14.622362339380121,16.015877288172224,132690400
1998-09-01,15.462292671203613,15.538649672049063,14.43147315979004,14.546008661058213,140112400
1998-09-02,15.357312202453613,15.920445465315492,15.309589044583962,15.548204833932216,63438400
1998-09-03,15.156859397888184,15.385930320778181,15.023234692869018,15.080502423591517,67506800
1998-09-04,14.755989074707031,15.30957728061454,14.679632080788755,15.223675662456479,50890400
1998-09-08,15.572053909301758,15.586370845166883,15.12822889748286,15.271398256134116,60625600
1998-09-09,15.615006446838379,15.949068320701057,15.519560197163326,15.615006446838377,65480800
1998-09-10,15.38593864440918,15.443206406112935,15.07096595503852,15.271403121001667,60758000
1998-09-11,15.92043399810791,15.977701746302545,15.29048876796695,15.44320276315264,58989200
1998-09-14,16.187681198120117,16.349939795035237,16.015877977857052,16.025422601204998,45086800
1998-09-15,16.54083824157715,16.55992749517389,16.05406227486022,16.168597796440675,49367600
1998-09-16,16.52174949645996,16.56947263192056,16.20677680242,16.47402636099936,42886800
1998-09-17,16.025434494018555,16.26405025479906,16.006345233156114,16.082702276605875,45178400
1998-09-18,16.09223747253418,16.225862220230194,15.929978850331878,16.149505221546757,47361600
1998-09-21,16.474029541015625,16.502663427819243,15.634102194776126,15.653191452645205,45872000
1998-09-22,16.67446517944336,16.77945608784283,16.30222468602705,16.55992964300757,43082000
1998-09-23,17.352130889892578,17.39030939570092,16.569471520821516,16.741274796959065,65263600
1998-09-24,16.8176326751709,17.50484581513248,16.645829390180502,17.27577476847862,63521600
1998-09-25,17.266218185424805,17.27576280575948,16.58855014166297,16.664907104340358,47878400
1998-09-28,16.998979568481445,17.466666260708053,16.760363909182153,17.256684480524676,41405200
1998-09-29,17.237586975097656,17.40939016754049,17.008516051840544,17.075328404457203,48743200
1998-09-30,16.808076858520508,17.342575611545577,16.80330454822564,17.15168319975091,38875600
1998-10-01,15.891804695129395,16.72218728280282,15.882260067684872,16.502660851578813,65442400
1998-10-02,15.901347160339355,16.063605804832616,15.424115853006242,15.786811646579409,65889600
1998-10-05,15.452750205993652,15.710455119867543,14.736903223010623,15.6531873612289,114937600
1998-10-06,14.908702850341797,15.82498676431927,14.87052435392607,15.653183530448494,76550000
1998-10-07,14.37420654296875,15.233222870237798,14.259671032666208,14.870527087613088,90710400
1998-10-08,13.925610542297363,14.030601437407212,13.400656066748112,13.830164274015681,144719200
1998-10-09,14.794164657592773,14.81325390231225,14.087862602972216,14.231031938368275,72661600
1998-10-12,15.233216285705566,15.424108720363531,15.042323851047602,15.15685931184238,51502800
1998-10-13,14.727361679077148,15.233226986265151,14.622370766264543,15.195048472515113,47995600
1998-10-14,15.30003547668457,15.48138337066898,14.641456282741192,14.641456282741192,62403200
1998-10-15,16.101781845092773,16.130415719150438,15.214131749305205,15.290488746792308,66253600
1998-10-16,16.044517517089844,16.264043931660378,15.88225886284206,16.187686917896713,68620000
1998-10-19,15.720000267028809,15.910892802147556,15.443206091106626,15.901348175391618,60177600
1998-10-20,15.309578895568848,15.786810157899547,15.214132643102706,15.767720907406318,94368400
1998-10-21,16.254497528076172,16.321309907815767,15.739087741513568,16.015881886149042,125377200
1998-10-22,16.798534393310547,16.81762363693931,16.07314313541759,16.187678597190164,81910800
1998-10-23,16.244945526123047,16.798533564028535,16.216311662093453,16.645819622537363,59882000
1998-10-26,16.349945068359375,16.493114464754814,16.139963286979395,16.311766562653926,59678400
1998-10-27,16.101781845092773,16.4740222078424,16.034969472291557,16.45493295847062,65434800
1998-10-28,16.13995933532715,16.283128696669493,16.015879222163782,16.015879222163782,56808400
1998-10-29,16.283123016357422,16.41674770699576,16.101775221919677,16.101775221919677,52402800
1998-10-30,16.168588638305664,16.521739629815293,16.054053181599837,16.37857030893301,59322800
1998-11-02,16.159040451049805,16.321298978910317,16.034960400332942,16.24494202462302,48388400
1998-11-03,16.06360626220703,16.27358804341235,15.996793877278064,16.111329394299148,36546800
1998-11-04,16.11132049560547,16.388114508859356,16.01587428413861,16.159043601338897,67459600
1998-11-05,16.244945526123047,16.435837952987008,16.073142341945484,16.08268696328868,76727200
1998-11-06,16.693546295166016,16.760358658840207,16.178136632536532,16.19722587930059,74461200
1998-11-09,16.903535842895508,17.008526748752,16.617197008741435,16.67446477557225,68956800
1998-11-10,17.113521575927734,17.323503435755068,16.808093416178885,16.817638046171037,72075600
1998-11-11,16.96080780029297,17.523940979931282,16.932173909802884,17.3235037465007,63899200
1998-11-12,16.60765266418457,16.970348526965612,16.569474152312882,16.8367237354147,38526800
1998-11-13,16.798534393310547,16.874891367825594,16.550374226136643,16.55991884795102,28368800
1998-11-16,16.617189407348633,17.065786708982973,16.416752315129035,16.998974344909772,42620400
1998-11-17,17.084875106811523,17.16123209052912,16.636277827470664,16.64582245043536,58744000
1998-11-18,16.76036262512207,16.960799763577402,16.66491636871477,16.73172874819988,41691200
1998-11-19,17.065792083740234,17.180327601080773,16.655373146603303,16.655373146603303,45220800
1998-11-20,17.352130889892578,17.371220142796748,16.989435084713303,17.218506119563372,48405200
1998-11-23,18.20159912109375,18.35431311476837,17.18032428839473,17.18032428839473,110870400
1998-11-24,18.5833797454834,19.09878935321637,18.11569324957755,18.125237871942975,101114800
1998-11-25,18.97471809387207,18.993807347487635,18.44021899263624,18.7361024236775,41394000
1998-11-27,19.556928634643555,19.566473255743915,18.98425136862178,19.1083314429265,26335600
1998-11-30,18.631107330322266,19.893383941200913,18.62156270566534,19.7573730398397,70900000
1998-12-01,19.776460647583008,19.814639143041664,18.344767067883467,18.363856315612793,86330800
1998-12-02,19.35649871826172,19.814640699759035,19.165606225971167,19.728739078228287,65759600
1998-12-03,18.65019416809082,19.690558121172653,18.63110492124528,19.375585548221274,51426800
1998-12-04,19.451953887939453,19.451953887939453,18.93654392231201,19.079713357208522,44352000
1998-12-07,20.39686393737793,20.425497812816456,19.356499796444755,19.499669173637393,89809200
1998-12-08,20.034170150756836,20.501856828883128,19.814643750820004,20.291875055030506,77585200
1998-12-09,20.406410217285156,20.435044095045612,19.852821913916333,20.177339195201505,44781600
1998-12-10,20.09143829345703,20.55912498057313,20.062804414654003,20.33005395014892,57015600
1998-12-11,20.463685989379883,20.568676915631368,19.967365247100147,20.005543765737052,51728800
1998-12-14,19.537841796875,20.42549166844773,19.499663307775098,20.27277771204812,64077600
1998-12-15,20.13916015625,20.15824940758294,19.738285878258296,19.747830503924764,51719600
1998-12-16,20.42549705505371,20.635478800479497,19.719194820439704,20.234604559212087,60024000
1998-12-17,20.520933151245117,20.59729011180789,20.19641606885333,20.492299291034076,46963600
1998-12-18,21.045894622802734,21.11270698668465,20.48276184151232,20.61638656927615,59648000
1998-12-21,21.44676971435547,21.714019181201017,21.03635089027123,21.169975623694004,48112000
1998-12-22,21.141342163085938,21.456314755131913,20.979083555062253,21.456314755131913,41350000
1998-12-23,21.924009323120117,21.962187833042833,21.284519281914612,21.43723332160548,34940000
1998-12-24,21.64720916748047,21.99081566220238,21.60903066806692,21.933547913082062,13832400
1998-12-28,21.74265480041504,21.933547292078035,21.609030056250944,21.83810104624654,23636400
1998-12-29,21.456323623657227,21.77129634589063,21.322698832406694,21.77129634589063,29651600
1998-12-30,21.227252960205078,21.892990772243884,21.2081637039459,21.513591804092734,34942800
1998-12-31,21.179521560668945,21.37995867323048,21.07453069218433,21.255878555930483,23834400
1999-01-04,21.53266716003418,22.181701453865,21.284506988863573,21.32029932124395,69305200
1999-01-05,22.372608184814453,22.601679258379107,21.59949331153375,21.666305707990105,64281600
1999-01-06,23.097993850708008,23.136172352940584,22.410780810521654,22.83074433507998,69064800
1999-01-07,22.98345947265625,23.00254872470995,22.63985293568963,22.868923960334044,51150400
1999-01-08,22.888010025024414,23.28888426232676,22.44895728893137,23.241161138838386,50244800
1999-01-11,22.52530860900879,23.050262835066196,22.028988249827236,23.04071821277424,46463200
1999-01-12,21.714027404785156,22.620767010699264,21.532679483602337,22.620767010699264,57907200
1999-01-13,21.962181091308594,22.563492438006744,20.76910302246306,20.76910302246306,75346000
1999-01-14,21.64720916748047,22.229431283537043,21.60903066806692,22.18170815927011,59214000
1999-01-15,22.868919372558594,22.907097869006936,21.589939741539037,21.828555344341193,59344000
1999-01-19,23.766111373901367,24.186074787737375,23.04072002273008,23.1170770070639,102741600
1999-01-20,24.835121154785156,25.61778062238407,24.813645742564454,25.493700462886682,125481200
1999-01-21,24.17654037475586,24.94011054055944,24.090638731102956,24.701494863745822,80077200
1999-01-22,23.861557006835938,24.470026710510254,23.708843041992186,23.766110778808592,82160000
1999-01-25,24.720584869384766,24.94011129872679,24.300621265426106,24.691950987296675,103076400
1999-01-26,26.199996948242188,26.228630824688352,25.121454268769924,25.27416827648281,120203200
1999-01-27,25.751405715942383,26.63905609829325,25.732316460407954,26.34317263750963,98048000
1999-01-28,26.572229385375977,26.581774008000036,25.932739669564125,26.228622970909907,78838400
1999-01-29,26.724945068359375,26.744034314836775,26.09499993460519,26.686766575404576,79571600
1999-02-01,26.40998077392578,26.868122832887995,26.085463482160883,26.79176582306096,81729200
1999-02-02,25.598684310913086,26.352709687707318,25.388702560413424,26.34316506268461,91965600
1999-02-03,25.474607467651367,25.94229415401889,25.350527326370187,25.407795083884576,73749200
1999-02-04,24.29107093811035,25.713220081441765,24.262437062741263,25.675041580949646,89151600
1999-02-05,24.43425750732422,24.68241793513298,23.65159769654274,24.472436034679415,127945200
1999-02-08,25.23598861694336,25.28371174216451,24.682400364378037,24.825569740041484,109866800
1999-02-09,24.44379234313965,25.4650675406078,24.396069203071043,25.188273328209892,77293600
1999-02-10,24.529680252075195,25.102357612045825,24.22425232675753,24.41514478008107,73694000
1999-02-11,24.854204177856445,25.02600743254209,24.491508417964532,24.854204177856445,60366000
1999-02-12,24.09062957763672,24.997368805004186,23.995183343176986,24.69194085473304,62930400
1999-02-16,23.861557006835938,24.41514512939453,23.603852191162108,24.39605588378906,73666800
1999-02-17,22.907106399536133,23.537051825523378,22.67803533554077,23.355703899860384,101215600
1999-02-18,22.258066177368164,23.11708245351016,21.98843051291248,23.05027007647689,117035200
1999-02-19,22.56350326538086,22.79257436452178,22.25807513319296,22.5157801197265,73085600
1999-02-22,22.725749969482422,22.754383841766522,22.105349403326873,22.639848352630114,92514400
1999-02-23,23.737476348876953,23.766110216607803,22.98345116529783,23.355691445798914,95106800
1999-02-24,23.346153259277344,24.338794280930998,23.327064008860926,23.890196896145213,67696800
1999-02-25,23.441604614257812,23.479783123401553,22.849837722529806,23.269801323110972,70817200
1999-02-26,22.92619514465332,23.288890987907617,22.830748870112714,23.269801732999497,59273200
1999-03-01,23.174354553222656,23.298434705278627,22.830747978298433,22.840292605379663,58332000
1999-03-02,22.687578201293945,23.53704999764025,22.544408797415354,23.19344342833163,58569600
1999-03-03,22.849834442138672,23.01209308270524,22.458504779595778,22.754388182981867,76798400
1999-03-04,23.25071144104004,23.44160398160687,22.620766057169497,23.07890815452989,61696400
1999-03-05,23.66111946105957,23.72793181936026,23.384325405242414,23.632485593216416,47302800
1999-03-08,24.28152847290039,24.317320820295585,23.67067241068906,23.747029418465477,46726000
1999-03-09,24.711030960083008,25.15962827762797,24.39605837542378,24.415147622978886,90129600
1999-03-10,24.64422035217285,24.816023592428124,24.310158496120934,24.787389719052243,53114800
1999-03-11,24.65376853942871,25.130999831326285,24.329251260938356,24.586956158563048,62948400
1999-03-12,24.462879180908203,24.854208890786175,23.947469319117708,24.835119636645786,73395200
1999-03-15,25.331445693969727,25.350534952216876,24.109733166152044,24.520152218465796,60609600
1999-03-16,25.818208694458008,25.961378058752597,25.083272624412437,25.274165110138558,68554000
1999-03-17,25.522329330444336,25.87548048423134,25.465061575776176,25.818212729563175,44919600
1999-03-18,26.33363151550293,26.35272077357868,25.37916861171522,25.417347127866726,56231200
1999-03-19,26.142724990844727,26.591322316353928,25.942287887957637,26.55314382056591,91980400
1999-03-22,26.390893936157227,26.715411257614495,26.26681378383533,26.409983190360595,55719200
1999-03-23,25.436424255371094,26.591323818185316,25.388701132940756,26.371797455005755,69581200
1999-03-24,26.152267456054688,26.238169064486986,24.911466445365964,25.503233081232896,82634400
1999-03-25,27.478971481323242,27.498060728618363,26.343161267263685,26.42906288009172,109447600
1999-03-26,27.202180862426758,27.545787357531093,26.8394851175944,27.326260985658877,94687600
1999-03-29,28.213905334472656,28.29026231778652,26.83947963482311,27.526692484647885,79777000
1999-03-30,28.404796600341797,28.557510560558686,28.175725660016457,28.519332070504465,67502400
1999-03-31,27.37398910522461,28.901129362140907,27.22127507953298,28.862950855717997,58752600
1999-04-01,28.309364318847656,28.366632082135954,27.569655709707167,27.87031146697072,41106000
1999-04-05,28.996572494506836,29.020434058442405,28.557519718092312,28.80567998302226,39848600
1999-04-06,28.72932243347168,29.206553703130677,28.481162173249,29.07292894762616,39674800
1999-04-07,28.500253677368164,29.01566348935004,27.870308351612536,28.97748498475879,46910200
1999-04-08,28.88204574584961,28.90113500278672,27.793958100434256,28.481171350170268,38637000
1999-04-09,28.786596298217773,29.015667356293775,28.404811201424433,28.786596298217773,31816800
1999-04-12,28.404796600341797,28.59568905061291,27.9084762296369,27.984833209745343,37858800
1999-04-13,27.526697158813477,28.442981114169267,27.240358422764793,28.442981114169267,46746800
1999-04-14,26.228633880615234,27.83213114842577,26.22863388061523,27.736684882484667,52944000
1999-04-15,27.144901275634766,27.450329138089167,25.617761963362767,26.667670240549768,72594600
1999-04-16,26.457698822021484,27.221268773594975,26.228627836549435,27.202179524805636,44774000
1999-04-19,24.73967170715332,26.915846533245514,24.548779178548745,26.534061476036356,75389000
1999-04-20,25.388702392578125,25.65595189144737,24.43423989661654,25.12145289370888,108459400
1999-04-21,25.045093536376953,25.19780752135486,24.43423759646532,25.08327203262143,92732800
1999-04-22,25.942279815673828,26.037726025444517,25.46504876682037,25.961369057627966,55096400
1999-04-23,26.266799926757812,26.572227832882906,25.35051620838254,25.961372020632723,56592000
1999-04-26,26.87767219543457,27.164011032743886,26.495887079022147,26.629511869766496,48349800
1999-04-27,25.65595817565918,27.106741524878004,25.636868921064195,27.106741524878004,58665800
1999-04-28,25.08327865600586,26.419526377406477,24.95919851044723,26.056830567312023,55963400
1999-04-29,25.064189910888672,25.560510503183497,24.558324691818946,25.159636178637676,60880600
1999-04-30,24.835121154785156,25.57960211176949,24.39606828271747,25.27417402685284,58558600
1999-05-03,24.39606285095215,24.892383378436307,23.995188578753403,24.873294127379225,67180000
1999-05-04,23.842466354370117,24.98782102311488,23.747020131974722,24.586946889054214,66502200
1999-05-05,24.166996002197266,24.396067054350798,23.34615806531379,24.16699600219727,67028200
1999-05-06,23.80430030822754,24.777852285548793,23.67067552702658,24.64422750434784,74021000
1999-05-07,24.147907257080078,24.548781606802354,23.82338992635252,24.319710549818197,48011600
1999-05-10,24.33880043029785,24.586960748410693,23.89974755979052,24.396068196016202,46218000
1999-05-11,24.39606285095215,24.744441682743915,24.262438093552568,24.663312365751313,42786200
1999-05-12,24.586959838867188,24.739673875133445,24.205174748201546,24.663316857000314,60142600
1999-05-13,24.166996002197266,24.968744684734617,24.16699600219727,24.777852141273343,51737200
1999-05-14,23.479780197143555,24.415153554590738,23.403423188372358,24.090636267313144,84401000
1999-05-17,24.166996002197266,24.30062078262016,23.517961354428937,23.632496880505702,66850200
1999-05-18,24.03336524963379,24.510596489698006,23.80429425440297,24.376971742480023,63858400
1999-05-19,24.224246978759766,24.396050148821892,23.594302021865307,24.396050148821892,46510800
1999-05-20,23.957002639770508,24.434233768052792,23.937913394639217,24.30060905213375,42386200
1999-05-21,23.68975830078125,24.12881103318896,23.517955057665187,23.976097039308016,56568800
1999-05-24,23.594303131103516,23.785195551258074,23.23160753280985,23.785195551258074,38990000
1999-05-25,23.28888511657715,24.205169121163788,23.250706616386037,23.441599117341585,50791600
1999-05-26,23.976104736328125,23.97610473632813,23.059820478888835,23.57523037369844,52022800
1999-05-27,23.93792152404785,24.262438801487093,23.670672001450825,23.899743020819702,56702200
1999-05-28,24.64422035217285,24.701488098924607,23.861561146565503,24.052453635738026,41548000
1999-06-01,23.976104736328125,24.663317929407597,23.95701548096481,24.62513941868096,36046400
1999-06-02,23.957002639770508,24.014270375164383,23.288879060175315,23.84246716898276,42812600
1999-06-03,23.327062606811523,24.109721826843664,23.25070560973522,23.937918583421975,32934400
1999-06-04,24.30061149597168,24.338789990073757,23.441595378674958,23.498863119828073,35668200
1999-06-07,24.510583877563477,24.758743994703917,24.186066801302903,24.41513767866331,32392200
1999-06-08,24.243350982666016,25.08327810332531,24.128815466212476,24.39606500460407,41516400
1999-06-09,25.140539169311523,25.235985407615665,24.434237005860858,24.472415501182514,53310800
1999-06-10,24.39606285095215,25.14054364217839,24.14790258721007,25.006918884778806,35277400
1999-06-11,23.861557006835938,24.586948339843747,23.689753796386718,24.434234375,34543000
1999-06-14,23.68975830078125,24.338792774775257,23.651579802311012,24.052454036248488,28369800
1999-06-15,23.727941513061523,24.090637320582175,23.42251346462308,23.84247703122594,36981000
1999-06-16,24.73967170715332,24.9305642357579,24.109726362758213,24.14790486847913,48325200
1999-06-17,25.312349319458008,25.35052782521888,24.586957710001442,24.644225468642748,44475200
1999-06-18,25.961380004882812,25.961380004882812,25.08327450471766,25.14054225472843,69116200
1999-06-21,27.163991928100586,27.183081170495598,25.923191172424875,25.923191172424875,56194400
1999-06-22,26.419525146484375,27.011291966961984,26.34316813739049,27.011291966961984,38751000
1999-06-23,26.266799926757812,26.686763297679814,25.98046126476554,26.247710682624994,33942000
1999-06-24,25.846847534179688,26.343168092443108,25.65595501177068,26.190454074515902,33559000
1999-06-25,25.942279815673828,26.400421622573145,25.77047663808658,26.075904509352792,24933000
1999-06-28,26.495882034301758,26.514971286487857,25.942293720904964,26.11409699057983,31701000
1999-06-29,26.87767219543457,26.89676145125519,26.266816009174693,26.476797823201526,38973200
1999-06-30,27.54578399658203,27.56487324398091,26.4958753896437,26.80130334802576,57610200
1999-07-01,27.851221084594727,27.946667352876407,26.99220467005959,27.450346757811662,47737800
1999-07-02,28.099374771118164,28.13755326944849,27.583965043658797,27.75576828614525,32094800
1999-07-06,27.354900360107422,28.385720052672532,27.25945409227732,28.175738263446306,45419400
1999-07-07,28.194814682006836,28.19481468200684,27.45033413183875,27.507601866467063,33834600
1999-07-08,28.271177291870117,28.404802032614942,27.698499831535138,28.042106307736123,37790400
1999-07-09,28.481159210205078,28.500248459005483,28.175731229398586,28.213909726999397,33884200
1999-07-12,28.767505645751953,28.939308930962152,28.213917282296872,28.462077583156045,43847800
1999-07-13,28.595693588256836,28.72931832465056,28.347533363525635,28.442979603806865,30845000
1999-07-14,28.996572494506836,29.01566174565529,28.252091699716996,28.633876722686143,37985200
1999-07-15,28.82476234436035,29.09201179655972,28.63386987850366,29.015654810217043,40926200
1999-07-16,30.371000289916992,30.504625055491733,29.015663381944577,29.168377399744287,115369800
1999-07-19,30.04647445678711,30.771865835032287,29.874671235623776,30.542794873481178,81181600
1999-07-20,28.500253677368164,29.55016255362754,28.19482564063816,29.454716292149413,92287400
1999-07-21,28.92022705078125,29.111119638575186,28.404817063737624,28.59570965153156,54050800
1999-07-22,27.813032150268555,28.862940707759815,27.488514959771255,28.824762214760135,60904200
1999-07-23,27.564882278442383,28.023024366172727,27.3930789955435,27.965756605206433,68833200
1999-07-26,26.76313591003418,27.43125984502077,26.76313591003418,27.144921015740803,50885000
1999-07-27,27.125829696655273,27.412168504149875,26.87766939682662,27.125829696655273,65513000
1999-07-28,27.488523483276367,27.641237502627902,26.992202920383875,27.24036320183012,62215200
1999-07-29,26.553144454956055,27.12582190545834,26.36225197145529,27.087643408758186,57968200
1999-07-30,26.209552764892578,27.0685694250675,26.114106469317587,26.76314127922753,51127400
1999-08-02,25.904123306274414,26.553158083292345,25.77049849924131,26.17137292034062,48050600
1999-08-03,25.885025024414062,26.28589930576561,25.77048951545648,26.228631551286817,55051200
1999-08-04,25.942279815673828,26.6294925260228,25.88501208981141,25.99954754153624,75573400
1999-08-05,26.190458297729492,26.381350850919937,25.885030212624773,26.07592276581522,76634000
1999-08-06,25.999574661254883,26.400449160437226,25.942306875657405,26.28591358924227,67205800
1999-08-09,25.598684310913086,26.20954031236664,25.56050581082224,26.152272562230372,39333600
1999-08-10,25.331445693969727,25.675052342418446,24.93057127077955,25.52233827644124,62743000
1999-08-11,25.713218688964844,25.865932682663225,25.140541212595913,25.655950941327948,66105200
1999-08-12,24.96873664855957,25.713217328447815,24.930558152155044,25.63686033563876,61062000
1999-08-13,25.865930557250977,26.152269271906892,25.27416388029542,25.331431623226603,65099800
1999-08-16,25.751405715942383,26.23340941818667,25.14054953884071,25.98047678235551,57321800
1999-08-17,25.827760696411133,26.114099506792634,25.331440091749872,26.0950102527672,51749000
1999-08-18,25.961380004882812,26.32407575495103,25.675041254828958,25.7895767548505,58361200
1999-08-19,25.598684310913086,25.999558561866984,25.388702560413424,25.82775531145817,71478200
1999-08-20,25.465059280395508,25.894567401691535,25.369613031218613,25.655951778749298,46072800
1999-08-23,26.40043830871582,26.45770607077377,25.61777889392381,25.75140367205903,60447000
1999-08-24,28.156644821166992,28.557519086417503,26.59132626161737,26.59132626161737,120450000
1999-08-25,29.1110897064209,29.32107133709016,28.46205557526135,28.595680249323607,81877600
1999-08-26,28.90113639831543,29.435635618363538,28.614797530432515,29.13020749262176,61246000
1999-08-27,28.481159210205078,29.053836674217244,28.213909726999397,29.034747425416835,41948400
1999-08-30,28.17572021484375,28.53841580026518,27.96573856012608,28.36661262822345,33300800
1999-08-31,28.271177291870117,28.442980529970608,27.526696593434643,28.042106307736123,46882800
1999-09-01,28.213905334472656,28.53842251355658,27.984834384531066,28.194816088644192,36607200
1999-09-02,28.0421199798584,28.271191075677528,27.698513336129704,27.94667368993376,33340800
1999-09-03,29.282917022705078,29.4547203168409,28.557525336353844,28.633882355969764,52098000
1999-09-07,28.786596298217773,29.531077236964784,28.633882259500435,28.977488846614442,47028000
1999-09-08,28.17572021484375,28.92020062702458,28.11845249082984,28.614772765617058,42568200
1999-09-09,28.72932243347168,28.75318399695463,28.03733709246613,28.23300191302632,38475200
1999-09-10,29.015661239624023,29.111107493701738,28.71023322657535,29.034750490439567,34455000
1999-09-13,28.67205238342285,28.958391122271948,28.519338389370002,28.862944875988916,27870800
1999-09-14,29.03475570678711,29.187469740747858,28.59570285914996,28.614792113395055,40207800
1999-09-15,28.29027557373047,29.24473831238534,28.213918554638077,29.168381293292953,48413800
1999-09-16,28.710235595703125,28.729324848093885,27.679415966602082,28.366629052669445,45796000
1999-09-17,29.454723358154297,29.473812615029317,28.6529745694035,28.82477788127867,79773400
1999-09-20,29.798315048217773,29.893761284759147,29.015655908578484,29.32108386551089,48601800
1999-09-21,28.90113639831543,29.492903391940118,28.74842233544454,29.492903391940118,47082800
1999-09-22,29.34017562866211,29.511978869168264,28.614784168747235,28.939301400814415,48531600
1999-09-23,27.851221084594727,29.588343167321334,27.493297578538417,29.588343167321334,71073600
1999-09-24,27.774845123291016,27.908469807732967,27.144900182350398,27.545774235676245,70277000
1999-09-27,27.92757225036621,28.385714242169897,27.75576900343983,28.099375497292595,34132200
1999-09-28,28.13754653930664,28.30934974069996,27.202173553942984,27.870297114917022,46000600
1999-09-29,27.335796356201172,28.137544573352322,27.22126089660815,27.96574138396279,37484400
1999-09-30,27.660327911376953,28.003934469282257,27.125828821302036,27.4885246324243,47455400
1999-10-01,27.483749389648438,27.679414214266526,26.973111920523174,27.545789455990757,44239000
1999-10-04,28.271177291870117,28.290266540547947,27.56487509079031,27.64123208550164,29998000
1999-10-05,28.0421199798584,28.672065493361004,27.335817434416086,28.328458849632312,43397000
1999-10-06,28.614791870117188,28.71023814053119,28.118471263964388,28.19482828029559,35500200
1999-10-07,28.63387107849121,29.03474527359009,28.30935387293498,28.614781831105553,46036400
1999-10-08,28.996572494506836,29.072929499100663,28.13755619282625,28.557519718092312,35697000
1999-10-11,28.8056640625,29.01564570907886,28.748396340705767,28.90111026549039,19943800
1999-10-12,28.271177291870117,28.805676254849427,28.213909545836618,28.710230011460265,27668600
1999-10-13,27.813032150268555,28.442977284763312,27.583961192270458,28.09937084776617,38098400
1999-10-14,27.69850730895996,28.170966341280266,27.39307924766199,27.755775070453332,42737800
1999-10-15,26.896759033203125,27.431258148128382,26.667687983949445,27.335811877606016,73788000
1999-10-18,26.8394832611084,26.87766175792363,25.980467082765667,26.62950152862462,75312800
1999-10-19,26.36225128173828,27.259445930718513,26.037734068277345,26.95401796510822,69945600
1999-10-20,28.17572021484375,28.21389869751969,27.564864492028708,27.96573856012608,88090600
1999-10-21,28.423891067504883,28.442980316039133,27.641231877600447,27.6603211261347,60801200
1999-10-22,28.309364318847656,28.672060153006864,28.023025502406178,28.576613880859703,43650600
1999-10-25,28.23299217224121,28.57659856784658,27.832118044034946,28.099367462839123,30492200
1999-10-26,28.213905334472656,29.092010642582093,28.180499154272844,28.82476120098357,52467600
1999-10-27,27.755773544311523,27.98484457768961,27.393077741462886,27.946666072126597,54416600
1999-10-28,27.45035171508789,27.755779828746725,27.278548401154794,27.488530229295243,70570400
1999-10-29,28.271177291870117,28.710230011460265,27.87030306963563,27.927570815669128,79452600
1999-11-01,28.213905334472656,28.76749346349817,28.137548351158795,28.481154776071183,53261200
1999-11-02,28.271177291870117,28.862944000882926,28.08028480509179,28.328445037903613,46349000
1999-11-03,28.099374771118164,28.557516751082048,27.946660777796872,28.385713508595593,44517000
1999-11-04,28.02301788330078,28.328445871129674,27.58396515079675,28.194821126454535,54239400
1999-11-05,27.965747833251953,28.366622034274677,27.641230622900224,28.042104823922948,70167400
1999-11-08,27.46942901611328,27.71758925044926,25.770485873351586,25.904110614917112,243819200
1999-11-09,27.144901275634766,27.450329138089167,26.400420860902166,27.412150655282367,109769800
1999-11-10,26.61041259765625,27.221268553986953,26.40043086266757,26.9158405758216,69385400
1999-11-11,27.37398910522461,27.62214939697351,26.954025534572626,26.954025534572626,69274600
1999-11-12,27.24036407470703,27.488524364105206,26.59132947166566,27.412167351982692,49414200
1999-11-15,26.572229385375977,27.030371271330736,26.553140140127862,26.954014290338275,47080400
1999-11-16,26.667678833007812,26.801303565886162,26.228626139264662,26.553143347683513,59165200
1999-11-17,25.961380004882812,26.591325255001294,25.961380004882812,26.40043275496539,66819000
1999-11-18,25.942279815673828,26.20952920303176,25.80865512199486,25.942279815673828,64493200
1999-11-19,26.266799926757812,26.438603123953175,25.770479579304542,25.78956882343736,58226000
1999-11-22,27.431264877319336,27.603068206404842,27.011301183999205,27.3739971009575,90596600
1999-11-23,27.37398910522461,27.908488195145313,26.992204040995535,27.259453585955885,70787400
1999-11-24,28.003923416137695,28.175726627279644,27.335799817252337,27.354889062934777,53771000
1999-11-26,27.832124710083008,28.519337665887527,27.793946212538312,27.98483870026179,28514200
1999-11-29,27.54578399658203,28.118461418548392,27.335802275194364,27.526694749183154,51460200
1999-11-30,27.808269500732422,28.366630154857305,27.35489973883615,27.412167498233572,64145600
1999-12-01,28.462085723876953,28.691156836342763,27.75578312710737,27.81305090522382,48864200
1999-12-02,28.958396911621094,29.09202168313154,28.366630066360543,28.423897825579306,55473800
1999-12-03,29.359272003173828,29.66470006042401,29.239964168310475,29.263825735283145,64100600
1999-12-06,29.149274826049805,29.683773644078222,28.93929314753864,29.09200709554676,49098200
1999-12-07,28.404796600341797,28.97747395115514,28.366618110287572,28.939295461100915,56859200
1999-12-08,28.02301788330078,28.805677102112316,28.003928634061477,28.44298136656551,40955800
1999-12-09,28.32843780517578,28.50024099941202,27.927563685291215,28.09936687952746,46258200
1999-12-10,28.67205238342285,28.748409380449278,28.175731902751085,28.519338389370002,36836000
1999-12-13,29.511978149414062,29.60742439181191,28.32844474368077,28.590921910274847,52691600
1999-12-14,30.141939163208008,30.886420244503203,29.111119204491583,29.378368823418064,144116200
1999-12-15,33.11984634399414,33.21529258706041,30.084655814486897,30.10374506310015,155571600
1999-12-16,34.72335433959961,35.12422868876486,33.27257098071584,33.36801725432662,128660200
1999-12-17,35.20058822631836,35.77326590895912,34.70426756802971,35.62055186025491,105898800
1999-12-20,34.43699645996094,35.12420924962756,33.95976535602578,35.06694151715534,39433800
1999-12-21,35.391475677490234,35.62054671747399,33.78797839760395,34.32247749089938,57446000
1999-12-22,35.9068717956543,36.04049651791351,35.16239120021011,35.520314563404426,38565200
1999-12-23,35.86870574951172,36.42229407667289,35.65872397024369,35.81143799152953,31028400
1999-12-27,36.38410949707031,36.42228799601792,35.46782552232773,36.174127752858475,32202200
1999-12-28,35.88780212402344,36.28867650945136,35.7541773288808,36.26958725300241,24591000
1999-12-29,36.02141189575195,36.15503663516386,35.67780542297849,35.71598391995332,17449200
1999-12-30,35.92598342895508,36.63228597245738,35.773269365495125,36.00234046068506,22360000
1999-12-31,35.65871810913086,35.96414610150029,35.506004112946144,35.88778910340793,12517600
2000-01-03,35.60145568847656,36.23140101701261,34.20794026474531,35.849615969415005,53228400
2000-01-04,34.39883041381836,35.77325649028613,34.284294907446046,34.685169179749145,54119000
2000-01-05,34.76152801513672,35.54418734990915,33.40619111833567,33.94069017622904,64059600
2000-01-06,33.597068786621094,34.78060189160434,33.10074845227329,34.265192313627765,54976600
2000-01-07,34.0361213684082,34.28428153542408,32.77623128971222,33.17710540566094,62013600
2000-01-10,34.284297943115234,34.723350756417936,34.01704840458316,34.64699374540877,44963600
2000-01-11,33.40620803833008,34.89517045375279,33.196226159232005,34.05524293736049,46743600
2000-01-12,32.31808090209961,33.25345359211903,31.898117653519463,33.138918160688085,66532400
2000-01-13,32.92897033691406,33.177130693076315,31.000955262115035,31.879061137766076,83144000
2000-01-14,34.284297943115234,34.7997077674271,32.29901565687694,32.73806847017964,73416400
2000-01-18,35.21965789794922,35.58235356193894,34.131570905980055,34.150660151453195,81483600
2000-01-19,32.68080139160156,34.05522761835116,32.375373341212764,33.74979956796236,97568200
2000-01-20,32.375362396240234,33.50162795129812,32.337183902848444,32.69987959007047,56349800
2000-01-21,31.688156127929688,32.757154165980324,31.53544212249388,32.68079716326242,68416200
2000-01-24,30.924585342407227,32.27992210741396,30.79096059092769,31.702472288520248,63597600
2000-01-25,31.401819229125977,31.726336509913295,30.409178134952995,30.84823092660643,59823200
2000-01-26,30.3519287109375,31.611820091391508,30.27557165757665,31.2873026146079,49365000
2000-01-27,30.16101837158203,30.905499204804624,29.702876320368127,30.509397223025935,63654800
2000-01-28,30.008296966552734,30.619152884446937,29.70286900760563,29.970118471684348,58225400
2000-01-31,29.893766403198242,29.989212656082017,28.977482375514004,29.817409400891222,73194200
2000-02-01,31.440000534057617,31.53544680161699,29.836503239060143,30.084663534714515,70196600
2000-02-02,30.790945053100586,31.74540708202497,30.695498850208146,31.287265308141265,49915600
2000-02-03,31.649974822998047,31.8217780638949,30.580976879639852,31.172743598284566,49186000
2000-02-04,32.547157287597656,32.98620984924853,31.80744916742498,31.879033824215885,55365400
2000-02-07,32.566246032714844,32.64260299879389,31.84085485496387,32.62351375727413,40005800
2000-02-08,33.57798385620117,33.59707310228201,32.50898607567402,32.50898607567402,56229000
2000-02-09,31.76450538635254,33.42526979056689,31.726326894301636,33.42526979056689,55090000
2000-02-10,32.375362396240234,32.54716561650331,31.30636458127004,31.731100320253734,54527800
2000-02-11,30.523712158203125,32.03176297777664,30.27555189675432,32.03176297777664,115559000
2000-02-14,30.42826271057129,31.077297172402798,30.256459470674717,30.919810869164273,81028600
2000-02-15,30.103759765625,30.542812698161065,29.970134960070546,30.466455666415662,71027600
2000-02-16,29.817405700683594,30.60006487720602,29.664691715020684,30.31372615408806,65202600
2000-02-17,30.42826271057129,30.44735195944869,29.66946506769475,30.08465623077814,80343400
2000-02-18,29.03475570678711,30.561896046394583,28.97748794405183,30.54280679214949,79063000
2000-02-22,28.652956008911133,29.66468596791999,28.347528096757518,29.053830143612757,66296200
2000-02-23,28.786596298217773,29.244738414369778,28.118472378829427,28.557525240141768,75847200
2000-02-24,28.93930435180664,29.282910867857115,28.099377312572145,28.786590344673094,69733200
2000-02-25,27.889402389526367,28.924994504264085,27.64124206710074,28.920222190371284,65301400
2000-02-28,27.965747833251953,28.137551062261693,26.91583921152577,27.56487363222923,76131800
2000-02-29,27.29762840270996,28.02301992669806,27.144914397659836,28.02301992669806,58437400
2000-03-01,27.736669540405273,28.738854778444693,27.163992261525607,27.37397393044815,106889800
2000-03-02,28.51934814453125,29.13020432968855,27.832134936229295,28.042116749877113,106932600
2000-03-03,29.359272003173828,30.19919916061183,28.672058874360914,28.939308424454826,101435200
2000-03-06,27.679418563842773,29.74105801549451,27.52670453038709,29.32109442349138,93609400
2000-03-07,28.36663055419922,29.779235305888818,28.080291753181058,29.35927173106218,135061000
2000-03-08,29.187458038330078,29.3783505042446,27.793943037154087,28.652959133769425,94290000
2000-03-09,30.542797088623047,30.542797088623047,29.015657234191895,29.11110347509384,88198800
2000-03-10,30.848228454589844,31.306370461341178,30.39008644783851,30.409175698119814,85589000
2000-03-13,29.931930541992188,30.619143233007314,29.779216610655492,29.817395093489665,61831800
2000-03-14,29.053834915161133,30.3137252597082,29.053834915161133,30.122832783261675,73489200
2000-03-15,29.13018798828125,29.511972889831462,28.61477837118846,28.882027802273612,53208000
2000-03-16,29.13018798828125,29.53106213490897,28.481153655645887,29.301991193978846,77300800
2000-03-17,30.3519287109375,30.390107237617922,28.86296617040094,29.09203733048349,81161600
2000-03-20,29.741060256958008,30.466451970542348,29.47381067826904,30.1610238806121,47773000
2000-03-21,31.38272476196289,31.497260253794874,29.473799898096534,29.550156892651188,81648800
2000-03-22,31.53545379638672,32.2608455907346,30.88641903302283,31.40182899216474,93975800
2000-03-23,34.16975021362305,34.47517814849342,32.56625355555359,32.62352129334178,148224000
2000-03-24,34.11249542236328,35.124225840597894,33.46346081443919,34.39883421997685,112196800
2000-03-27,31.78360939025879,33.06258946782476,31.7454308804807,32.91464774243467,111434000
2000-03-28,31.85995101928711,32.81441330266899,31.268184403590343,31.649969316943093,81114400
2000-03-29,32.73807144165039,33.27257056722836,32.108126043647786,32.12721529813272,64363800
2000-03-30,31.5736083984375,33.177104834633845,31.306358992404775,32.43262434639983,64178400
2000-03-31,32.451717376708984,33.06257323321174,31.8026830291748,32.37536039464614,64281400
2000-04-03,27.755773544311523,29.473806294647176,27.488524005370422,28.843860952857437,260118200
2000-04-04,27.049468994140625,28.09937781183839,25.942292422750253,27.96575305322231,181244400
2000-04-05,26.381345748901367,27.0303803042289,26.228631735883127,26.954023297719775,82887600
2000-04-06,26.266799926757812,26.877655739007995,26.0425013081972,26.83947725074236,66421400
2000-04-07,27.202180862426758,27.29762711106685,25.961379630105537,26.572235621402136,82613600
2000-04-10,26.2858943939209,27.068553558881508,26.266805145995033,27.068553558881508,60685400
2000-04-11,25.617780685424805,26.285904622824113,25.50324515329921,25.999565792510122,71961800
2000-04-12,24.243350982666016,25.121456608809822,24.05245845524345,25.08327810332531,153003800
2000-04-13,24.20517349243164,25.121457662492144,24.12881647825993,24.701494084547747,94316200
2000-04-14,22.639854431152344,24.28153021621061,22.37260488474751,24.166994696322824,151217800
2000-04-17,23.174354553222656,23.21253306154757,22.296248861749643,22.67803394499878,119772200
2000-04-18,24.606035232543945,25.02599859570606,23.174341949036734,23.365234386837695,91794600
2000-04-19,24.03336524963379,24.892381481749375,23.861562003210675,24.873292232146806,53715400
2000-04-20,24.10972023010254,24.396058950175014,23.67066752599141,24.01427399007838,52387400
2000-04-24,20.349136352539062,20.769099766944187,19.85281595369665,20.5400288136323,313645800
2000-04-25,21.189071655273438,21.227250162760416,20.65457255045573,20.998179117838543,159517400
2000-04-26,20.769102096557617,21.723564509083243,20.578209614052493,21.379958040574017,107091200
2000-04-27,21.322696685791016,21.360875193733342,20.57821578091559,20.597305034886755,77669800
2000-04-28,21.303600311279297,21.68538526309434,20.845458369101248,21.60902827273133,78082600
2000-05-01,22.42986297607422,22.601666181848405,21.895364113665643,22.258059770300033,107811000
2000-05-02,21.341785430908203,22.448962134837252,21.227249909812098,22.238980346161053,97716200
2000-05-03,21.5517578125,21.628114793235167,21.017258947353852,21.49449007694863,55354800
2000-05-04,21.513582229614258,21.761742450541487,21.169975769868866,21.475403734086992,43317200
2000-05-05,21.723567962646484,21.93354972678454,21.34178293694092,21.456318444652588,36402200
2000-05-08,21.322696685791016,21.79992803507013,21.284518177848685,21.66630325727198,36187600
2000-05-09,20.711841583251953,21.513590289700417,20.616395308674754,21.437233270038657,60778400
2000-05-10,20.215518951416016,20.73092878303852,20.081894180254626,20.69275027699241,67740000
2000-05-11,20.730924606323242,20.807281603031615,20.08189013430207,20.349139622781376,58390800
2000-05-12,21.01726531982422,21.30360408439948,20.845462061079065,20.902729813994117,37886000
2000-05-15,21.189071655273438,21.208160909016925,20.769108072916666,21.0745361328125,33899600
2000-05-16,21.227252960205078,21.570859572870265,21.093628166390836,21.246342216464253,48410600
2000-05-17,20.67365837097168,21.112711134159444,20.540033616958013,21.03635413186592,53242000
2000-05-18,20.215518951416016,20.788196542107688,20.120072686300738,20.788196542107688,53640400
2000-05-19,19.87191390991211,20.139163472581437,19.700110619624684,19.967360182294012,66578000
2000-05-22,19.604660034179688,19.929177288883732,19.070161026431848,19.890998788330318,69955000
2000-05-23,19.29922866821289,20.024620052379152,19.261050174309403,19.50921038468207,57963200
2000-05-24,20.024629592895508,20.330057689641293,19.241970094984435,19.28014860707766,85482400
2000-05-25,18.7838191986084,19.77646005056738,18.669283715690057,19.71919230910821,94348800
2000-05-26,18.764732360839844,19.12742810331793,18.44021511756998,18.95562485688094,55822000
2000-05-30,19.35649871826172,19.585569709010375,18.936535235222507,19.070159979825892,68536400
2000-05-31,19.10834503173828,19.456723949649593,18.955630985530583,19.43763469387363,54968200
2000-06-01,19.719196319580078,20.15824909339454,19.49012530715514,19.661928566473843,94507200
2000-06-02,20.253692626953125,20.387317366244993,19.85281840907752,20.15824638460179,80463200
2000-06-05,20.42549705505371,20.883639045073608,20.158247560875438,20.163019873271477,64400000
2000-06-06,21.265430450439453,21.341787471805485,20.711842045535732,20.82637757758478,99019000
2000-06-07,21.53266716003418,21.609024135778984,20.501847987479355,21.15088228131017,76310600
2000-06-08,21.01726531982422,22.028995621323478,20.845462061079065,21.85719236257832,94765600
2000-06-09,21.01726531982422,21.2845148334278,20.864551312050747,21.265425582456114,35710200
2000-06-12,20.42549705505371,21.07453154091523,20.272783058380412,21.07453154091523,49260600
2000-06-13,20.730924606323242,20.769103104677427,20.196425629364633,20.387318121135564,44289200
2000-06-14,21.53266716003418,21.685381111523785,21.227239257054972,21.322685476735977,79992400
2000-06-15,22.105350494384766,22.20079674004273,21.57085151870016,21.628119266094938,65592600
2000-06-16,22.162616729736328,22.3344199601994,21.838099516639414,22.18170597756556,68710600
2000-06-19,22.506221771240234,22.544400264490854,21.99081211235687,22.162615331984657,46604800
2000-06-20,22.888010025024414,22.983456272001163,22.525314286512767,22.563492785303467,62275000
2000-06-21,24.64422035217285,25.10236232618691,23.498865417137708,23.51795466605496,160399600
2000-06-22,24.39606285095215,25.045097386892973,24.2242595914384,24.854204876322143,87315200
2000-06-23,23.727941513061523,24.453333128102827,23.517959729760094,24.41515462204802,49811600
2000-06-26,24.28152847290039,24.472420992341434,23.67067241068906,23.67067241068906,48287000
2000-06-27,24.071542739868164,24.472416964719258,23.93791799825113,24.205167481485194,31071200
2000-06-28,24.10972023010254,24.45332669418951,24.01427399007838,24.12880947810737,37459200
2000-06-29,23.575218200683594,24.10971707486913,23.537039709670342,23.89973537429624,38449000
2000-06-30,24.43425750732422,24.43425750732422,23.422526532411577,23.53706211447716,52356400
2000-07-03,24.43425750732422,24.453346771001815,24.24336487054825,24.338811188936234,15734800
2000-07-05,23.976104736328125,24.396068354321137,23.899747714874852,24.396068354321137,34824400
2000-07-06,24.720584869384766,24.949655926089488,23.976103935094415,24.090639463446774,47873200
2000-07-07,25.045093536376953,25.31234301008829,24.606040829565465,24.82079487094065,54153200
2000-07-10,24.26243782043457,24.835115345700533,24.243348569592374,24.644222837278548,52689800
2000-07-11,24.166996002197266,24.58695959781207,23.976103458735995,24.071549730466632,37164800
2000-07-12,24.529680252075195,24.739661950731094,23.575217985457485,23.899735156107507,58370200
2000-07-13,24.415145874023438,24.4342351202111,23.632486780329174,24.071539442645467,80843200
2000-07-14,24.10972023010254,24.35788045416535,23.957006246063884,24.281523462146026,51180600
2000-07-17,23.880657196044922,24.300620791818694,23.67067539815804,23.899746450398275,53992800
2000-07-18,23.976104736328125,24.281532822141223,23.65158739515171,23.70885516124167,70617200
2000-07-19,22.33441734313965,23.670664534609543,22.238971115177513,23.23161188598372,139924600
2000-07-20,22.849834442138672,22.983459204958194,22.334424642691936,22.429870901848737,54690600
2000-07-21,22.08626365661621,22.907101458893216,21.952638898106,22.83074445403024,56100600
2000-07-24,21.5517578125,22.028988942094774,21.37995460584588,22.009899696910985,56165600
2000-07-25,21.074533462524414,21.685389504916426,20.88364094927691,21.628121750942174,64188600
2000-07-26,20.711841583251953,21.227251465968823,20.540038289012998,21.093626681560746,85404600
2000-07-27,21.189071655273438,21.41814270019531,20.61639404296875,20.730929565429687,74337600
2000-07-28,21.284521102905273,21.933555827119424,21.265431846310737,21.66630623479595,75645600
2000-07-31,21.322696685791016,21.723571019185474,21.15089340005053,21.437232209618003,70283800
2000-08-01,20.979080200195312,21.39904358909822,20.826366240594254,21.360865099197955,47163600
2000-08-02,21.189071655273438,21.51358896891276,20.92182210286458,20.940911356608073,48269200
2000-08-03,21.456323623657227,21.494502135443096,20.807288923297488,20.826378179190424,54543400
2000-08-04,21.112701416015625,21.341772317455217,20.826362789216134,21.208147624948786,38107400
2000-08-07,21.37995719909668,21.723563654082163,21.303600209099905,21.43722494159426,52741800
2000-08-08,22.639854431152344,22.811657710984022,21.3799637123867,21.39905296570133,138038800
2000-08-09,22.678030014038086,22.86892252257376,22.334423498673875,22.525316007209547,63945600
2000-08-10,22.181713104248047,22.620765945382043,21.914463548775178,22.544408929532654,48986000
2000-08-11,22.12444496154785,22.20080197608296,21.87628466430875,22.12444496154785,35629600
2000-08-14,22.04808235168457,22.41077807868198,21.799922117423186,22.086260849263244,53427000
2000-08-15,21.876279830932617,22.296243318088393,21.838101332100276,21.990815327429647,40714200
2000-08-16,21.685392379760742,22.067177456869207,21.551767602772777,21.952641933736665,44976200
2000-08-17,21.857196807861328,21.990821591839516,21.551768730196887,21.723572023883136,36112800
2000-08-18,21.685392379760742,21.819017156748703,21.37996431807397,21.72357088747159,54438800
2000-08-21,21.57084846496582,21.628116204253338,21.39904524710326,21.58993771139499,34119600
2000-08-22,21.761737823486328,22.124433453877767,21.44676530235692,21.62811311755264,54428200
2000-08-23,21.609024047851562,21.723559511002716,21.494488584700402,21.628113291710086,36726800
2000-08-24,21.723567962646484,21.74265721393176,21.3608721882262,21.57085395236426,42405400
2000-08-25,21.57084846496582,21.895365654261767,21.551759218536645,21.58993771139499,52729400
2000-08-28,21.78084373474121,22.02900409280575,21.418147826800737,21.43723708511339,56421600
2000-08-29,21.666290283203125,22.21987831687087,21.647201040662857,21.742647253364193,59400200
2000-08-30,21.37995719909668,21.666295911584584,21.284510961600713,21.58993892158781,53498800
2000-08-31,21.322696685791016,21.99082057478178,21.284518177848685,21.647214003300814,72575400
2000-09-01,21.437231063842773,21.57085583449896,21.2845170402357,21.37996330499012,37629800
2000-09-05,21.418140411376953,21.589943676708856,21.32269415285923,21.379961907969864,50755200
2000-09-06,21.208154678344727,21.589939641051203,21.16997618207408,21.399047159697965,62960800
2000-09-07,21.399044036865234,22.009899888051397,21.20815158336956,21.37995479151567,111711200
2000-09-08,21.169981002807617,21.647212314863697,21.131802497843132,21.49449829500575,56709600
2000-09-11,21.01726531982422,21.2845148334278,20.788194308164012,21.112711574682642,48495200
2000-09-12,20.80728530883789,21.169981107799284,20.654571288222566,20.998177834607045,46781200
2000-09-13,20.845457077026367,20.998171048286633,20.5209398880983,20.6354753665435,40744800
2000-09-14,20.100980758666992,20.998175531371025,20.062802257700863,20.979086280887962,78503000
2000-09-15,19.604660034179688,20.043712790543985,19.337410530305768,19.98644503971386,99915200
2000-09-18,19.241971969604492,19.73829267516969,18.993811616821894,19.623757127731565,69037800
2000-09-19,19.852813720703125,20.081884648249698,19.356493377685545,19.432850353534405,79311200
2000-09-20,19.623754501342773,19.85282556556078,19.29923716036726,19.81464705485778,67791400
2000-09-21,19.604660034179688,19.890998788330318,19.413767531412603,19.547392283349563,48952200
2000-09-22,19.318317413330078,19.394674399153516,18.631104540919125,18.669283033830844,84476600
2000-09-25,18.70746612548828,19.39467916683275,18.459305860558334,19.318322162238918,53484200
2000-09-26,19.146514892578125,20.12006649728549,18.459301995137636,18.612015972346633,155704800
2000-09-27,18.516576766967773,19.41377172371776,18.26841645978161,19.37559321491989,106155600
2000-09-28,18.726551055908203,18.898354276604607,18.516569341723706,18.573837081955844,52360400
2000-09-29,18.421127319335938,18.72655533706586,17.905717539416695,18.63110908152526,74053600
2000-10-02,18.058435440063477,18.573845331058948,17.791185866954716,18.478399054948675,58562400
2000-10-03,17.275772094726562,18.268413143263338,17.25668284379316,18.19205613952974,85374000
2000-10-04,16.93216323852539,17.275769707852852,16.64582451408584,17.218501962964943,136453400
2000-10-05,16.9130859375,17.48576379091422,16.874907413939052,16.951264461060948,81099400
2000-10-06,16.97035026550293,17.333046165440564,16.722189912914022,17.046707297068746,61794000
2000-10-09,16.550382614135742,17.027613946723278,16.187686801369214,16.989435440116274,58323600
2000-10-10,16.664918899536133,16.970346966423392,16.43584784937069,16.474026357731596,62066200
2000-10-11,17.027610778808594,17.390306524097117,16.49311178575182,16.49311178575182,101205800
2000-10-12,16.60765266418457,17.371222901618342,16.43584936076197,17.199419598195743,90219600
2000-10-13,16.41675567626953,16.76036219042401,15.920435155824173,16.45493417784225,104521200
2000-10-16,15.38593864440918,16.435847608978044,15.137778343692903,16.340401339471782,119759000
2000-10-17,15.405023574829102,16.01587952823001,15.347755829197768,15.844076291336004,81276600
2000-10-18,15.805899620056152,16.264041638028793,14.794169330366568,15.15686509459491,110536400
2000-10-19,18.898351669311523,18.993797889863604,17.714818534465753,17.848443243238663,256993200
2000-10-20,19.910083770751953,20.196422463524033,18.669282768739606,18.726550507294025,160378600
2000-10-23,18.97471809387207,20.23460883249939,18.535665260714065,19.73828823849469,185170400
2000-10-24,18.7838191986084,19.222871883128718,18.382945008394195,19.12742564736343,94427400
2000-10-25,18.70746612548828,19.37558991568429,18.459305860558334,18.917447888121313,167603800
2000-10-26,19.681020736694336,19.871913275362566,18.57384401241861,18.631111774019082,114826600
2000-10-27,20.67365837097168,21.131800384732827,19.73828509287601,19.75737434344939,124292400
2000-10-30,21.09361457824707,21.418131725604717,20.578204991267278,20.616383479191708,110057600
2000-10-31,21.036361694335938,21.227254268694704,20.769112090233666,21.07454020920769,104474000
2000-11-01,21.265430450439453,21.39905523783001,20.90273459895081,20.921823854292317,81309400
2000-11-02,21.47540283203125,21.6376614312066,21.26542111545139,21.494492078993055,77985200
2000-11-03,20.845457077026367,21.2654204979921,20.788189337803768,21.150885019546898,68711000
2000-11-06,21.227252960205078,21.41814552279685,20.84546783502153,20.979092628835772,74851400
2000-11-07,21.53266716003418,21.952630526630593,21.227239257054972,21.303596232799777,104331200
2000-11-08,21.208154678344727,22.105349340704944,20.76910197123228,21.723564377998468,206149400
2000-11-09,21.64720916748047,21.780833915427877,20.902728428916326,20.9218176786231,91058600
2000-11-10,20.57822036743164,21.47541550404508,20.40641704339928,21.360879954690173,93744400
2000-11-13,20.2918701171875,20.807279800314557,19.671469572682707,20.368227107280397,83364800
2000-11-14,21.01726531982422,21.322693335371167,20.559123296503802,20.769105057192327,84218600
2000-11-15,21.399044036865234,21.647204226409613,20.97908063917475,21.093616111272155,60422200
2000-11-16,21.055438995361328,21.838098105796337,21.055438995361328,21.208152968129134,92128600
2000-11-17,21.09361457824707,21.379953237680287,20.707057388012224,21.208150042020357,106525600
2000-11-20,20.520933151245117,20.921807194199673,20.024612907587095,20.80727175335551,80157200
2000-11-21,20.692745208740234,21.150887169081347,20.578209718654957,20.578209718654957,59487600
2000-11-22,20.845457077026367,21.227242005177033,20.158244206355167,20.177333452762703,76343200
2000-11-24,21.36087417602539,21.51358820051887,20.92182135560664,21.07453538010012,34439200
2000-11-27,21.589935302734375,22.067166410221873,21.570846058434874,21.819006234328373,85307600
2000-11-28,20.463685989379883,21.303613399391743,20.40641821142453,21.189077843481037,127446200
2000-11-29,19.87191390991211,20.501859307632664,19.318325530097074,20.406413035250765,98280400
2000-11-30,17.5239315032959,18.95562525356517,17.409396003274356,18.93653600356158,197200800
2000-12-01,17.29485321044922,18.516564695514063,17.123050032861975,17.733905775394398,109809800
2000-12-04,17.237586975097656,18.02024596289279,16.85580210300247,17.48574714195953,80407200
2000-12-05,18.287500381469727,18.478392869794046,17.7911799118265,18.077518644312978,101734400
2000-12-06,17.313949584960938,18.34476907513502,17.123057086780555,18.325679825316982,90560800
2000-12-07,16.225858688354492,16.493108125574448,15.958609251134535,16.321304915933048,145308400
2000-12-08,16.626733779907227,17.06578645147768,16.32130583446691,16.684001519677285,120939800
2000-12-11,17.733911514282227,17.943893243730134,16.798538355832466,16.95125234088549,95576200
2000-12-12,17.82935905456543,18.32567954216575,17.333038566965108,17.657555808857627,63106000
2000-12-13,17.485755920410156,18.47839708619763,17.35213114809261,18.47839708619763,98360400
2000-12-14,16.951248168945312,17.93911651662878,16.91306968207832,17.695728662851693,71201400
2000-12-15,15.023237228393555,15.882253334210212,14.584184552087262,15.591142320572345,116899800
2000-12-18,14.603271484375,15.27139501633987,14.355111315359478,14.965967116013072,107187400
2000-12-19,13.686994552612305,14.660546466396443,13.591548286555035,14.48874318749336,120271800
2000-12-20,12.67525863647461,13.4388284338526,12.63708014660571,13.076132780098053,149037800
2000-12-21,13.267032623291016,13.782442523764193,12.312569844636986,12.44619463364855,163173000
2000-12-22,14.18331527709961,14.393297064512929,13.667905435266919,13.667905435266919,109551800
2000-12-26,14.316935539245605,14.832345218658448,14.011507581075033,14.316935539245607,66941600
2000-12-27,14.18331527709961,14.297850797506875,13.744262448871762,14.087869010093556,69003800
2000-12-28,13.610635757446289,14.126045526662349,13.400653999617525,13.782439013851643,77619200
2000-12-29,13.247941017150879,13.992421852408638,13.133405504034302,13.419744286825747,99977600
2001-01-02,13.247941017150879,13.744261573989386,13.095226999662108,13.477012043384036,82413200
2001-01-03,14.641458511352539,14.927797334912237,13.171585883746092,13.190675138650072,135962200
2001-01-04,14.794164657592773,15.424109733335435,14.31693353960591,14.603272210398028,112397000
2001-01-05,15.004148483276367,15.233219452486694,14.526917297421521,14.81325600893443,93414600
2001-01-08,14.946883201599121,15.195043459096937,14.259670180835943,14.946883201599121,79817600
2001-01-09,15.824987411499023,16.073147648350034,15.19504219487723,15.271399190831387,114965400
2001-01-10,16.149507522583008,16.435846308444408,15.500472941297167,15.576829950860207,90230200
2001-01-11,16.798534393310547,17.02760531685569,15.977696917273782,16.187678597190164,101854800
2001-01-12,16.34040069580078,16.798542771383982,16.034972645411983,16.760364265085382,73712000
2001-01-16,16.05405616760254,16.340394862625175,15.61500350190116,16.30221636995549,68462400
2001-01-17,16.168588638305664,16.760355164619096,16.054053181599837,16.37857030893301,72844200
2001-01-18,16.951248168945312,17.16122984671378,16.07314297100445,16.3976601093739,109788800
2001-01-19,18.631107330322266,18.76473207551925,17.982072853651204,18.32567934130059,209348800
2001-01-22,18.363859176635742,18.631108686482833,18.0202526639752,18.554751683669377,76673000
2001-01-23,18.497482299804688,18.612017793921126,18.001161825300123,18.249322062552405,70295200
2001-01-24,19.222877502441406,19.375591524307872,18.554753656775617,18.63111066770885,110455000
2001-01-25,18.8792667388916,19.54739043541456,18.802909745003262,19.16560546597287,85657400
2001-01-26,19.547388076782227,19.64283430762589,18.63110426068306,18.63110426068306,93080000
2001-01-29,19.700105667114258,19.738284166469132,19.39467767227528,19.413766921952714,84983800
2001-01-30,19.35649871826172,19.776462201300927,19.203784724429276,19.700105204384705,57276800
2001-01-31,18.65019416809082,19.471031782448964,18.63110492124528,19.241960820302506,81898800
2001-02-01,19.051067352294922,19.127424335670852,18.44021148528747,18.57383620619535,71792800
2001-02-02,18.57384490966797,19.356504356015744,18.554755654879,19.089254788970162,71100000
2001-02-05,18.917436599731445,18.95561507924654,18.40202712627761,18.554741044338005,51399200
2001-02-06,19.10834503173828,19.490130147257528,18.841095450874807,18.955630985530583,96442000
2001-02-07,19.757368087768555,19.871903554944023,18.879262839423284,18.93653057301102,126061800
2001-02-08,19.012901306152344,19.70011460637472,18.936544272794304,19.471043506300592,88041200
2001-02-09,18.058435440063477,18.8029163937236,17.867542887842934,18.726559372835382,100575200
2001-02-12,17.94390106201172,18.153882882950153,17.466669650788003,17.96299031846067,71289400
2001-02-13,17.7720947265625,18.650200373632185,17.753005473365334,18.211147550097344,76070600
2001-02-14,17.82935905456543,18.02025154979632,17.21850306982657,17.600288060288356,61728400
2001-02-15,17.96299171447754,18.382955388992425,17.676652845490118,18.020259488275023,65627800
2001-02-16,17.504838943481445,17.791177639394444,17.14214326199164,17.409392711510446,66958400
2001-02-20,17.065792083740234,17.791183693563642,16.913078060619515,17.523934153102388,60730800
2001-02-21,17.18033218383789,17.733920665317115,16.855814798143175,16.874904056125217,63947200
2001-02-22,16.855806350708008,17.35212680950575,16.454932133986755,17.19941282218337,100816400
2001-02-23,17.333032608032227,17.562103523556882,16.588552132577096,16.626730618497874,92620600
2001-02-26,18.192054748535156,18.306590245377983,17.52393101695202,17.600288014847237,87936800
2001-02-27,18.13478660583496,18.6883748285394,17.920032553923757,18.13478660583496,99148600
2001-02-28,18.020248413085938,18.349537910041164,17.772088212482,18.192051628888663,84608400
2001-03-01,18.13001823425293,18.17296905397082,17.18032788715729,17.886630255851536,81781600
2001-03-02,17.313949584960938,17.753002330775825,17.237592585688784,17.56210983259544,79800800
2001-03-05,17.54302215576172,17.905717934825343,17.275772634346414,17.485754401172724,49383600
2001-03-06,18.153873443603516,18.3256766623127,17.829356252708397,17.905713238801365,66781800
2001-03-07,18.535659790039062,18.669284525909582,18.115696334446007,18.28749956627953,59743600
2001-03-08,18.09661293029785,18.507031894434352,17.84845262640136,18.421130250777875,54626000
2001-03-09,17.313949584960938,17.772091580593862,16.76036134023782,17.69573458132171,103794400
2001-03-12,15.863175392150879,16.79854915173619,15.767729090152377,16.703102849737686,114376000
2001-03-13,16.550382614135742,16.722185893867255,15.882258748513191,15.939526508423697,91035600
2001-03-14,16.493118286132812,16.874903431645144,15.939529825139928,16.034976111518013,90686200
2001-03-15,16.39767074584961,17.127834780807405,16.34040297840194,16.893991397062752,71638400
2001-03-16,16.664918899536133,16.836722187160216,16.030201198036046,16.034973511581157,112848800
2001-03-19,16.58856201171875,16.951257843965767,16.225866179471733,16.64582977470512,61036400
2001-03-20,16.09223747253418,17.142146204431427,16.07314822286332,16.664914962659953,91822800
2001-03-21,15.290481567382812,16.26403282822741,15.195035365339224,15.95860498168793,124988600
2001-03-22,16.493118286132812,16.51220754340843,15.424119878698278,15.443209135973895,126363200
2001-03-23,17.275772094726562,17.409396851260357,16.607648312057577,16.779451570458175,99519600
2001-03-26,17.123062133789062,17.562115009014423,16.970348090232417,17.447579476346938,63118600
2001-03-27,17.791179656982422,17.886625899777393,17.06578821174065,17.12305595741763,95135600
2001-03-28,16.97035026550293,17.695742065378194,16.913082491828565,17.523938744355107,78681600
2001-03-29,16.9130859375,17.466674529133744,16.664925534353838,16.9130859375,86985000
2001-03-30,16.70310401916504,17.161246300833568,16.454943616594587,17.027621468680245,91201600
2001-04-02,17.046703338623047,17.390309900879725,16.684007522907663,16.741275283283777,75924000
2001-04-03,16.302217483520508,16.893984160322777,16.11132500713268,16.893984160322777,94187600
2001-04-04,15.863175392150879,16.79854915173619,15.595925746555075,16.302228381343983,104046600
2001-04-05,17.333032608032227,17.523925037636104,16.340391974092054,16.416748945933605,113364000
2001-04-06,17.161239624023438,17.466667692971576,16.817633046456784,17.218507386951213,92622000
2001-04-09,17.455209732055664,17.537674262341653,17.00012152375569,17.27806094227914,56295600
2001-04-10,18.227943420410156,18.353168855778602,17.647629745220545,17.699553111898638,109199400
2001-04-11,18.33789825439453,18.783822875552303,18.234052682949464,18.524209529497337,109879600
2001-04-12,18.99151039123535,19.031216351734948,18.12714871677559,18.19128947300269,87520000
2001-04-16,18.566967010498047,18.808255392073196,18.362329659948468,18.753278262977204,65857400
2001-04-17,18.7777099609375,18.97012989295168,18.337894138591675,18.484499412706953,85149200
2001-04-18,19.984146118164062,20.25292181148309,19.24195628262505,19.361072968432442,156696400
2001-04-19,20.781320571899414,21.074531160593036,20.08189020013032,20.100215133726604,159375600
2001-04-20,21.074533462524414,21.71593184098985,20.92181945192641,21.47159082217157,192919600
2001-04-23,20.845457077026367,20.912651597217728,20.433129820669702,20.802697351491915,92171200
2001-04-24,20.631664276123047,21.358582145734257,20.506437665812754,20.83019063064474,89176600
2001-04-25,21.285268783569336,21.315811104204265,20.540024042882692,20.63776086705228,76744000
2001-04-26,21.114234924316406,21.685386072431022,20.845459147090384,21.40133796447024,118737600
2001-04-27,20.500333786010742,21.28222893343335,20.2223931117505,21.236414254900946,121572400
2001-04-30,20.692745208740234,21.092855108431042,20.671365343800204,20.930978655280732,74368200
2001-05-01,21.431888580322266,21.47159572348945,20.646938479877324,20.66526574988964,83702800
2001-05-02,21.306655883789062,21.731200576549828,21.1814292973191,21.685385914908853,92864400
2001-05-03,20.93097686767578,21.43493344705682,20.811860154578667,21.150885362695167,66273400
2001-05-04,21.609024047851562,21.70065335046447,20.75687992237936,20.769097318076412,119538400
2001-05-07,21.801448822021484,22.036629676388795,21.593757698139594,21.633464827704017,109356200
2001-05-08,22.009143829345703,22.021361230580432,21.609033842390215,21.91446188256534,75084000
2001-05-09,21.50213050842285,21.77701615966981,21.33719911767468,21.75868889609962,76676600
2001-05-10,21.37995719909668,21.758687217016163,21.367739801069547,21.725089954999152,64334600
2001-05-11,21.196701049804688,21.3799573611398,20.96763007807819,21.36773996302007,51128800
2001-05-14,20.989009857177734,21.135613973559582,20.860730672786016,21.114234109494294,44968000
2001-05-15,20.851573944091797,21.166166823098457,20.769109388000047,20.995125514169395,61385600
2001-05-16,21.123403549194336,21.343309772108224,20.564469698323084,20.677476577411277,91893800
2001-05-17,20.821025848388672,21.422719371043076,20.631661982940948,21.10507397679093,106984800
2001-05-18,20.79659080505371,21.135616061749097,20.540032410922418,20.674421472742036,90605400
2001-05-21,21.01038932800293,21.376901942328146,20.692743974813574,20.78437329351006,103491600
2001-05-22,21.474641799926758,21.486859199477983,21.129509000969836,21.211973535152215,83455600
2001-05-23,21.288328170776367,21.868641768751438,21.230298442140167,21.49907421172958,93637400
2001-05-24,21.905292510986328,21.923617441948007,21.156992650237083,21.361631143640434,80781600
2001-05-25,21.657901763916016,21.960274847722022,21.489915422784435,21.88697277624226,52747600
2001-05-29,21.483806610107422,21.914461252891122,21.3952345316049,21.624305555154283,71210800
2001-05-30,21.132570266723633,21.55711512488178,20.96763881869918,21.245577168536233,86501800
2001-05-31,21.12950325012207,21.4960158159817,20.891269849290307,21.224185158085962,70682600
2001-06-01,21.483806610107422,21.593760887829603,20.982904825031245,21.257790519336695,57587600
2001-06-04,21.618194580078125,21.69149665138715,21.31887642959828,21.547947441390967,43736600
2001-06-05,22.1740779876709,22.320684490352622,21.532679490179888,21.612091442892126,89454200
2001-06-06,22.100765228271484,22.44284534917308,21.85336935034231,22.262641658532804,80022800
2001-06-07,22.503936767578125,22.519209100779577,22.015252398133118,22.027469798648106,66960000
2001-06-08,22.354272842407227,22.525311752071268,22.006085159030928,22.5100394221811,51867000
2001-06-11,22.0274658203125,22.250426931307505,21.841154574012307,22.250426931307505,47345600
2001-06-12,22.015249252319336,22.116041044492412,21.627354414646177,21.691494010511622,66714600
2001-06-13,21.590713500976562,22.082452936737802,21.575441163624863,22.00609591044235,55302400
2001-06-14,21.043991088867188,21.547947788986725,20.89127707854193,21.447155982916644,71972400
2001-06-15,20.775209426879883,20.860731215596783,20.280417608428305,20.619442840449818,108354400
2001-06-18,20.427024841308594,20.756887657361347,20.161303959125124,20.753832724741184,56846800
2001-06-19,20.561412811279297,21.028717277180757,20.417861278829943,20.833243544126955,63457400
2001-06-20,21.19974708557129,21.254721858694673,20.49420720417171,20.506424597164497,64108400
2001-06-21,21.33108901977539,21.54794493633165,21.050095837231996,21.120345297983125,69603800
2001-06-22,21.022619247436523,21.566280958937114,20.946262213119436,21.379969608784876,51092000
2001-06-25,21.028711318969727,21.32192183547306,20.69884861406721,21.105068297128824,49215600
2001-06-26,21.42272186279297,21.44410173170869,20.67747672304898,20.71412892557491,63077000
2001-06-27,21.728145599365234,21.847262321246706,21.18448418560252,21.337198170602406,69199800
2001-06-28,22.216827392578125,23.25833777192992,21.541831934241166,21.853369733615285,128975600
2001-06-29,22.296236038208008,22.42146259200144,21.807551878759014,22.17406441578829,94283800
2001-07-02,21.563213348388672,22.342055572645254,21.425771699510634,22.006085285208638,72810200
2001-07-03,21.52350616455078,21.62429793866717,21.35857480605946,21.471583976756328,28037400
2001-07-05,20.92487144470215,21.59986699708215,20.90349157943149,21.44715300794014,49242600
2001-07-06,20.17658233642578,20.891285401190732,20.057465547336925,20.860743053004423,67467800
2001-07-09,20.063570022583008,20.436192628908028,19.865041317383312,20.21933665553697,66476600
2001-07-10,19.694000244140625,20.23460682766881,19.654293109206463,20.127707484059385,66562600
2001-07-11,20.310962677001953,20.387319679547073,19.608477321494533,19.611532254060958,73822600
2001-07-12,21.868648529052734,22.006092553557274,21.48075591994417,21.59376281027481,128078000
2001-07-13,21.78921890258789,21.990802376213228,21.66704964245901,21.80754615579064,58934600
2001-07-16,21.74036407470703,22.039684525435128,21.42577362286083,21.822828605390455,55990800
2001-07-17,21.935834884643555,21.993866939782464,21.422715844583983,21.581539680680915,63241000
2001-07-18,21.554054260253906,21.838102398648353,21.340255588443355,21.56321672758425,57590800
2001-07-19,22.164905548095703,22.29623965571529,21.752578294481264,21.752578294481264,76549400
2001-07-20,21.12950325012207,21.19669776425002,20.750773288036445,20.77826068187239,124203600
2001-07-23,20.49116325378418,21.14783391509689,20.265147187877957,21.14783391509689,79999400
2001-07-24,20.255998611450195,20.766063158297904,20.066632284073073,20.463689885587844,67530200
2001-07-25,20.610288619995117,20.622503693039786,20.039137250553477,20.23766597588474,74065400
2001-07-26,20.338449478149414,20.561412944291327,20.005534075405322,20.50032827615337,77974000
2001-07-27,19.996366500854492,20.23459990806737,19.868087332390655,20.173515255531292,65396000
2001-07-30,20.0971622467041,20.427022697913973,20.017750318528304,20.051347583132273,42196400
2001-07-31,20.216285705566406,20.582798475723006,20.112438944875507,20.16130855701978,59031600
2001-08-01,20.30179786682129,20.40564225978882,20.084944284244518,20.40258965780544,55679000
2001-08-02,20.601118087768555,20.628607820048778,20.23766034491799,20.52781601873922,54198400
2001-08-03,20.430082321166992,20.573633879212004,20.158251539851126,20.555308941667914,43260400
2001-08-06,20.197952270507812,20.50032766033039,20.06051060621075,20.32012393334445,27831600
2001-08-07,20.265146255493164,20.478947242253632,20.1551919949262,20.170464326205728,31347800
2001-08-08,19.81006622314453,20.53698424283982,19.69705699028052,20.314023040726397,54996400
2001-08-09,19.855865478515625,20.020796799614764,19.6390119813935,19.84670301571505,45536200
2001-08-10,20.01163673400879,20.115483440816462,19.211417057325068,19.78256578896174,51756400
2001-08-13,20.106332778930664,20.155200064174394,19.77646986516729,19.926128984655083,32675400
2001-08-14,19.75813865661621,20.18573600522057,19.684834256657652,20.081891600625447,36481200
2001-08-15,19.30304718017578,19.86808960159035,19.30304718017578,19.76424288414219,39503000
2001-08-16,19.736764907836914,19.764252318669737,19.1503423426392,19.193102090755705,43905600
2001-08-17,18.89988899230957,19.587100973584946,18.783826001353393,19.480201616859258,52234200
2001-08-20,19.150331497192383,19.165602660711766,18.661646108766533,18.832686169482844,48371200
2001-08-21,18.563907623291016,19.30304375647278,18.54252776323057,19.15032980454675,47111800
2001-08-22,18.527265548706055,18.67692580652179,18.04468983342221,18.670817105680783,78107200
2001-08-23,18.056901931762695,18.792983320235347,18.02025090023179,18.530315069847422,51813200
2001-08-24,18.95180320739746,19.022051492906723,18.090496520558553,18.203504530715612,63399000
2001-08-27,19.03121566772461,19.35191477687294,18.80519847582937,18.905990256909924,44562800
2001-08-28,18.551694869995117,19.226690384403213,18.50282644282338,19.040379141712467,47422800
2001-08-29,18.40203285217285,18.722731946864048,18.185179300679433,18.64637496407495,48170000
2001-08-30,17.391071319580078,18.221835920203095,17.26279210836853,18.032470870984184,97632000
2001-08-31,17.42466926574707,17.733152235367893,17.195598238155878,17.363583425366322,57900800
2001-09-04,17.13451385498047,18.04469050731712,17.125351385934557,17.4674304899972,67189200
2001-09-05,17.635417938232422,17.833945492135452,16.91766124764732,17.158949711656955,89470600
2001-09-06,17.110076904296875,17.833940946715497,17.07342587009116,17.27500830589566,112356800
2001-09-07,16.92071533203125,17.51935406210261,16.893226759471055,17.137568979386344,89863800
2001-09-10,17.586545944213867,17.69955398533887,16.70691292071374,16.77410629280987,84471800
2001-09-17,16.16019630432129,16.82908324092827,16.126599036092166,16.49922158901093,127502000
2001-09-18,16.590845108032227,16.798536194187754,16.239602521562265,16.312905737605725,83182600
2001-09-19,16.453407287597656,16.706913106171406,15.454657511674204,16.633609867934588,126950200
2001-09-20,15.503521919250488,16.068564314517705,15.476033357695703,15.989152396641597,117983200
2001-09-21,15.182825088500977,15.45465581291806,14.507829510885355,14.6361087073052,184976600
2001-09-24,15.885303497314453,16.019692509944043,15.231688021719279,15.469922559964967,85580200
2001-09-25,15.668458938598633,16.18768686346886,15.32027114342553,15.964724523842495,84940600
2001-09-26,15.353859901428223,15.821164192113832,15.133951451639742,15.732589825936257,58524400
2001-09-27,15.25917911529541,15.47908759790695,14.660540651647427,15.301938839110967,81191200
2001-09-28,15.628756523132324,15.757036940886298,14.959869351985208,15.15534316464286,116641200
2001-10-01,15.818111419677734,16.03496495177896,15.396620586141635,15.558497002341845,69999600
2001-10-02,16.20295524597168,16.35566924671621,15.74786817621758,15.769248043112585,80860800
2001-10-03,17.174211502075195,17.388011275367138,16.004423194749258,16.028856822063034,97199200
2001-10-04,17.238351821899414,17.83699144574669,17.168103538334265,17.38495708739821,101778000
2001-10-05,17.629304885864258,17.714824354739875,16.78021423658275,17.152836776881443,80844400
2001-10-08,17.727041244506836,17.91335250929497,17.329985081004356,17.348310015170174,60605800
2001-10-09,16.664155960083008,17.583493940418396,16.551146735018722,17.56211406867448,99477600
2001-10-10,16.954307556152344,17.027610787889977,16.1876837983528,16.370940130023868,86349200
2001-10-11,17.201704025268555,17.360526717312652,16.673313750931705,17.030663934194454,83742600
2001-10-12,17.22002410888672,17.299434844613074,16.661090532209474,17.01233305838407,63307000
2001-10-15,17.733154296875,17.867542229243064,17.058157371615714,17.07342970732296,68437000
2001-10-16,17.85227394104004,17.992770597352152,17.473542557594538,17.675125071251514,66169000
2001-10-17,17.113122940063477,18.11187220058373,17.09785177980347,18.056895091555837,73710600
2001-10-18,17.333032608032227,17.58653831380134,16.951247748824468,17.20780722081668,78348000
2001-10-19,17.684276580810547,17.71787267245286,16.990955080366078,17.531562624724497,91219600
2001-10-22,18.37454605102539,18.380654750047203,17.552945256992384,17.684279373173357,72323600
2001-10-23,18.457015991210938,18.76549778961394,18.14242549237915,18.469233392068503,80325000
2001-10-24,18.728843688964844,18.82047185017943,18.20961588859515,18.47839283792451,79141400
2001-10-25,19.10757827758789,19.119794513492796,18.194347940834493,18.511993376671803,75318200
2001-10-26,18.997615814208984,19.43437780904352,18.96096479205304,19.034266836364928,64509400
2001-10-29,18.215713500976562,18.997609075342876,18.185171187533133,18.96706559678487,55129400
2001-10-30,17.98360824584961,18.185190760843945,17.772862094867463,17.995824485306972,57395600
2001-10-31,17.760629653930664,18.54863288822133,17.745357329587875,18.111870976634247,64700000
2001-11-01,18.887670516967773,19.0128959699241,18.20351117744738,18.350117665649673,109671200
2001-11-02,18.753284454345703,19.24807761444956,18.481452486241608,18.915160962840922,83360000
2001-11-05,19.324424743652344,19.556549451468246,18.860174162905476,18.8937714207072,66401600
2001-11-06,19.785625457763672,19.8344950562512,18.985404424376128,19.15033582392546,68612000
2001-11-07,19.623754501342773,19.86809790193453,19.556559949668472,19.61459203161107,58899000
2001-11-08,19.675668716430664,20.17657038676673,19.443543978390245,19.68788611451574,74227800
2001-11-09,19.916954040527344,20.05134306868629,19.519897984389154,19.65123091582126,48013600
2001-11-12,20.0941104888916,20.292639175579556,19.440494687351045,19.761192722556856,57752800
2001-11-13,20.738561630249023,20.753831632084236,20.341504298842104,20.402591296875087,60159600
2001-11-14,20.142976760864258,20.872949534054072,20.09410948993269,20.839354596043467,88625600
2001-11-15,20.194900512695312,20.478948650318415,19.990261978540055,20.18879064767117,77922000
2001-11-16,20.081897735595703,20.344566090114792,19.837554321549092,20.268209064504163,59249000
2001-11-19,20.323179244995117,20.454513377205064,20.066618515227233,20.234604846041364,56005000
2001-11-20,19.97498893737793,20.7080165032894,19.86197975393241,20.2956868954308,65921800
2001-11-21,19.562664031982422,19.73064803126696,19.388569002747076,19.657345964856084,50785200
2001-11-23,19.764253616333008,19.79479596267419,19.431336914704463,19.66346177619861,15754600
2001-11-26,19.895578384399414,20.06967223938433,19.66956233219088,19.84976372146011,41983600
2001-11-27,19.467987060546875,19.874205816291692,19.16561273737797,19.788686323527667,90819000
2001-11-28,19.180875778198242,19.584041759894237,19.15949591407011,19.29388379789197,54536600
2001-11-29,19.803958892822266,19.822286165237326,19.22670107684555,19.278623299852843,54034400
2001-11-30,19.611528396606445,19.877251552080605,19.52600894341393,19.74897237229184,48234200
2001-12-03,19.782569885253906,19.923068811244477,19.486305527258448,19.49546915923606,47211800
2001-12-04,20.158252716064453,20.1826875210364,19.577938914252712,19.852824644608933,51005800
2001-12-05,20.79964256286621,20.821022425780697,19.91390105740979,20.307903385602724,74243000
2001-12-06,20.96763801574707,21.07453737697532,20.631667596073434,20.763001762791376,56026200
2001-12-07,20.717172622680664,21.025653088274574,20.326225328685855,20.845451766604647,42334800
2001-12-10,20.482004165649414,20.906548966208852,20.420919488104737,20.62250078818704,38367400
2001-12-11,20.561412811279297,20.80880874493755,20.485055811485445,20.665259542718903,54334000
2001-12-12,20.753835678100586,20.76300047726527,20.234608909864455,20.51254956208072,47884200
2001-12-13,20.240711212158203,20.842404705680103,20.1796265482418,20.50337946141376,53227800
2001-12-14,20.59806251525879,20.753829098205937,20.136865639898758,20.164353037984576,43000600
2001-12-17,21.068422317504883,21.108127114574167,20.512543507382553,20.515596109305246,57079800
2001-12-18,21.156997680664062,21.19670481416245,20.952361468835345,21.05009834092002,47255200
2001-12-19,21.22418975830078,21.346361416810648,20.90654437826736,20.958468906039684,56996200
2001-12-20,20.390371322631836,21.150886292826346,20.347611594523258,21.120343962781707,78585000
2001-12-21,20.62860870361328,20.775212847951295,20.463677293559872,20.772160245524443,84307600
2001-12-24,20.5461368560791,20.77826274698344,20.52475699311622,20.6835808296093,11701600
2001-12-26,20.671369552612305,21.095914335883105,20.58279514261776,20.591957610853232,29328000
2001-12-27,20.72329330444336,20.98596162118788,20.543091868428316,20.763000443398724,32406600
2001-12-28,20.72939682006836,21.028714920790726,20.677472295051647,20.839351073868947,28787200
2001-12-31,20.234601974487305,20.915707337948767,20.234601974487305,20.720231303364425,43006200
2002-01-02,20.475894927978516,20.49727479636511,20.008590425935136,20.356778185505927,48124000
2002-01-03,21.1447811126709,21.150888647267532,20.491163059759003,20.49727292458631,67590800
2002-01-04,21.043991088867188,21.35247404218886,20.973741618815986,21.150890430048698,52731400
2002-01-07,20.940143585205078,21.38606819943799,20.876003982839123,21.303603662176272,58508800
2002-01-08,21.19059181213379,21.337198263674587,20.769102050578557,20.97984809647142,47736400
2002-01-09,20.985950469970703,21.56931887027022,20.937083218294312,21.294433297622017,76304000
2002-01-10,21.160058975219727,21.318882896503162,20.808816184544877,20.915717886660534,50296600
2002-01-11,20.95541763305664,21.477699292413785,20.799648682999994,21.233355932726138,72993200
2002-01-14,20.912649154663086,21.086742968356777,20.689685757363446,20.860726969754268,50997800
2002-01-15,21.242521286010742,21.26390115577453,20.921820909322868,20.970690514629265,60717400
2002-01-16,20.72939682006836,21.331087953627122,20.7232869558403,21.028714920790726,61955400
2002-01-17,21.337203979492188,21.379963720514727,20.891279301520612,20.930984109546937,78958000
2002-01-18,20.188798904418945,20.72329813132234,19.981107683041504,20.49422703407803,107140400
2002-01-22,19.687885284423828,20.350663373539504,19.62374569485428,20.344555839869685,76837200
2002-01-23,19.467987060546875,19.764251516957543,19.315273014830716,19.562670188332547,80403000
2002-01-24,19.73064613342285,19.907794912921073,19.486303993697057,19.577932150454828,83886000
2002-01-25,19.48630142211914,19.80700051100677,19.397727044059057,19.605419291811184,48981200
2002-01-28,19.49241065979004,19.669559420811815,19.21447128638165,19.617637231273427,41622000
2002-01-29,19.034278869628906,19.700112212821914,18.933488203702552,19.51685582107451,58666000
2002-01-30,19.196151733398438,19.211424067399705,18.731902140670552,19.07398121719681,66100000
2002-01-31,19.45881462097168,19.489358115364283,18.973184128723485,19.26028715043806,69566200
2002-02-01,19.13811492919922,19.700102392903716,19.080084039266225,19.593203078523164,63462200
2002-02-04,18.66775894165039,19.147280806074928,18.554750908440337,19.05870757199967,70308400
2002-02-05,18.67691993713379,19.00678152307724,18.47839130009496,18.570019453683962,66772600
2002-02-06,18.447856903076172,18.90294409980302,18.40204222402403,18.81742460836242,66103000
2002-02-07,18.26459312438965,18.81741819227458,18.249321958284433,18.41730711567236,63314000
2002-02-08,18.524208068847656,18.52726183609845,17.968329219977758,18.362330441787957,61283000
2002-02-11,18.67081069946289,18.70440796000295,18.200451382132407,18.328730560432454,50899600
2002-02-12,18.368438720703125,18.585292309117627,18.331787688956446,18.475339213877596,44973800
2002-02-13,18.881559371948242,18.89988547188007,18.310409322899986,18.40509125975928,54168600
2002-02-14,18.838802337646484,19.23891350514601,18.728848052525056,18.936539221062077,57267000
2002-02-15,18.39592933654785,18.95486316729158,18.386766868868587,18.84490889467869,50179800
2002-02-19,17.99887466430664,18.368442316649524,17.89808285087739,18.298194006584676,52262600
2002-02-20,18.295135498046875,18.435632081770148,17.959164038790753,18.142421516143695,50492000
2002-02-21,17.730093002319336,18.40814345237343,17.717875604183266,18.24015830590572,59398400
2002-02-22,17.71177864074707,17.94390351829012,17.455218952349007,17.73010358377242,71347800
2002-02-25,18.0446834564209,18.292079344916203,17.68122345807918,17.69649462222708,51832200
2002-02-26,17.882810592651367,18.32568146098151,17.684283075893337,18.05079577302061,63276200
2002-02-27,17.833938598632812,18.371492466745394,17.711768112327384,18.041629706978778,65750000
2002-02-28,17.81867790222168,18.234060362956974,17.75759204062251,17.95306586564714,68068000
2002-03-01,18.74411392211914,18.75938508737567,17.97443530901469,18.03552113515604,62115600
2002-03-04,19.333600997924805,19.394686858849873,18.591410525707577,18.704419776209512,74464200
2002-03-05,19.26639747619629,19.510739626393793,19.040380259066552,19.2419626786189,55926400
2002-03-06,19.434385299682617,19.455765167940324,18.994568203831644,19.214476751757132,49835400
2002-03-07,19.156448364257812,19.510744868514927,18.893780045303895,19.44660409019866,58079200
2002-03-08,19.532115936279297,19.761185713735653,19.29388136372678,19.434379093991364,57701800
2002-03-11,19.65123748779297,19.852821097447084,19.24196506367948,19.397732839639435,43718200
2002-03-12,19.101463317871094,19.1808740682512,18.835740175769924,19.095354619362606,66407200
2002-03-13,18.967077255249023,19.24807160512816,18.921263756923764,18.960969720897886,44387400
2002-03-14,18.69830322265625,19.00983993396333,18.646379854880703,18.979296433767303,51819600
2002-03-15,19.086191177368164,19.092298710448972,18.621940600518503,18.631103065254763,69086800
2002-03-18,18.979291915893555,19.238906362741275,18.69219007308567,19.162549378100497,52296800
2002-03-19,19.00678253173828,19.2419622096703,18.7838202522972,18.991511366182227,36376400
2002-03-20,18.35622215270996,18.942644512779786,18.35622215270996,18.753279480881822,55235200
2002-03-21,18.741064071655273,18.811312378608115,18.273759559478986,18.389821371775607,46123400
2002-03-22,18.463117599487305,18.673862440308266,18.392869319213652,18.64637388149553,41341400
2002-03-25,18.090499877929688,18.56391303385652,18.066066244359984,18.472284869018313,47752400
2002-03-26,18.0446834564209,18.606669753800425,17.80950380017483,18.050790989987945,69357200
2002-03-27,18.154638290405273,18.28902734416,17.89502497947678,17.95916457416049,47318400
2002-03-28,18.42037010192871,18.52421570801014,18.221841360412046,18.310415793711222,43901200
2002-04-01,18.441741943359375,18.4478506428344,18.08133683014005,18.27375678569976,47010000
2002-04-02,17.494918823242188,18.047744028733085,17.442996612537232,17.98971311704245,76509400
2002-04-03,17.20475959777832,17.5957070603632,16.95125380149164,17.543783695111266,76931400
2002-04-04,17.241405487060547,17.400228137628986,16.92681395232604,17.097853998733974,61763800
2002-04-05,17.064268112182617,17.50103040096971,17.05510564175579,17.37580492296811,50166000
2002-04-08,17.47658920288086,17.504077767393614,16.5725215061921,16.58473890489005,73389600
2002-04-09,16.758831024169922,17.540726983196386,16.737451161218605,17.510184654727404,63413000
2002-04-10,17.195585250854492,17.442982193243193,16.816855423744823,16.835180346437948,75636400
2002-04-11,16.734399795532227,17.24141021062503,16.645825399101987,17.070370117357882,58165800
2002-04-12,17.08258628845215,17.183376911707732,16.755778456953518,16.84435284701601,52297600
2002-04-15,17.009286880493164,17.333041017620694,16.92071363567063,17.103969990956106,47388800
2002-04-16,17.656797409057617,17.74537066518863,17.213926467939984,17.226143870549656,51921600
2002-04-17,17.296390533447266,17.800346109177603,17.232249758439504,17.699555460077747,55158600
2002-04-18,17.216981887817383,17.504085051110888,16.0899526040509,17.345262297294763,74794800
2002-04-19,17.470487594604492,17.708721140334475,17.3666419937527,17.543789686314145,104268600
2002-04-22,16.978742599487305,17.317767866562352,16.798540032533694,17.26279073324665,51465200
2002-04-23,16.490055084228516,17.048987611652358,16.27930905879212,17.012336584882384,68281400
2002-04-24,16.193796157836914,16.62444968319405,16.18768745671862,16.44730084611032,61220400
2002-04-25,16.410642623901367,16.63055110747475,16.151029348105645,16.157138046551026,57290400
2002-04-26,15.729543685913086,16.630556615507903,15.717326284975922,16.51449363683582,62776600
2002-04-29,15.955557823181152,16.16019400584879,15.711214512673475,15.720378144142428,70246000
2002-04-30,15.961661338806152,16.27930663040303,15.857815807519287,15.912792922030862,77384000
2002-05-01,16.11132049560547,16.245708341909445,15.472976186710534,15.931118001751448,76413000
2002-05-02,15.640963554382324,16.51448759483839,15.622638624796428,16.07772557461036,79009200
2002-05-03,15.137008666992188,15.784515553932026,15.121736338363036,15.65623521716073,71628000
2002-05-06,14.84991455078125,15.436337134507898,14.773557522413224,15.100365510619111,66299400
2002-05-07,15.10952377319336,15.359974643968206,14.767443568868623,15.020949372156666,88385400
2002-05-08,16.78937530517578,16.78937530517578,15.644020457144656,15.659291622095365,101242000
2002-05-09,15.918903350830078,16.798536113553848,15.85170999865412,16.61527982199748,83288200
2002-05-10,15.286672592163086,16.086893700535907,15.268347656128467,16.044133962967845,64408800
2002-05-13,16.092998504638672,16.16019302747169,15.195040737767828,15.408840538960462,64819000
2002-05-14,16.761890411376953,16.82908378489166,16.48700472163124,16.61528509855106,64832400
2002-05-15,16.722185134887695,17.23835810134493,16.450354366602067,16.64277435740024,70412000
2002-05-16,17.024553298950195,17.11312651299676,16.691636809269408,16.709961739361415,53406400
2002-05-17,17.113122940063477,17.226132089240167,16.880998274812807,17.168100049091368,54646200
2002-05-20,16.496158599853516,16.96651779511256,16.340390900184534,16.95124663477087,52115800
2002-05-21,15.940291404724121,16.676373046110285,15.921966465219965,16.477845489082597,63120000
2002-05-22,16.398427963256836,16.407591595011503,15.836440428774317,15.842549128238998,54169400
2002-05-23,16.743558883666992,16.749667582027637,16.19073391573695,16.401479931276423,51412800
2002-05-24,16.267101287841797,16.651941374565407,16.19990789318649,16.535878361810497,35982000
2002-05-28,15.979987144470215,16.398423028398977,15.805893340021203,16.36788070538211,49602000
2002-05-29,15.897529602050781,16.10216699925571,15.7448155786591,15.775359082406759,45393200
2002-05-30,16.077728271484375,16.297636784322965,15.708160704720273,15.772300299259777,63213000
2002-05-31,15.549336433410645,16.315960052852663,15.540173968015303,16.157138548796134,66468000
2002-06-03,15.094249725341797,15.772300191901978,15.01789273280539,15.573772710376463,88439000
2002-06-04,15.265294075012207,15.647079144410618,15.039277966393065,15.118688748177085,88008400
2002-06-05,15.77840805053711,15.805896612990397,15.372189477744305,15.402731807085653,66969400
2002-06-06,15.851710319519043,15.925012371579314,15.271396775985549,15.729538679265115,78703400
2002-06-07,15.876148223876953,16.06551326866211,15.22864115243662,15.237803620132787,97834400
2002-06-10,16.132707595825195,16.279312902636423,15.717325310635681,15.775357378931968,71825400
2002-06-11,16.056350708007812,16.54809000018925,16.01053603956137,16.260988084589066,74368200
2002-06-12,16.963472366333008,17.036774438045708,16.034970913792378,16.059405714440224,136198600
2002-06-13,16.5603084564209,16.94514726847159,16.554199755897493,16.74967351218454,79771600
2002-06-14,16.874895095825195,16.96652325246274,16.187682173370778,16.23349683424716,109433600
2002-06-17,17.006227493286133,17.238352210952627,16.911544414110068,17.000118794779763,94486600
2002-06-18,17.100914001464844,17.192542167203058,16.905439105410554,16.96041623787655,77518400
2002-06-19,16.603063583374023,17.085639139530137,16.59084618572066,16.942088795006224,81247000
2002-06-20,16.52365493774414,16.829082948904773,16.46257026760433,16.60612064057136,86401200
2002-06-21,15.967781066894531,16.661103009849025,15.967781066894533,16.309861385741527,116820000
2002-06-24,16.541980743408203,16.688586046341886,15.836441630744186,15.909744864768717,104523200
2002-06-25,16.172409057617188,16.798536078426427,16.126594402266353,16.706907932839844,84025200
2002-06-26,16.532821655273438,16.61223244034196,15.592102646111302,15.592102646111302,112131400
2002-06-27,16.77410316467285,16.78021186374521,16.14492230671782,16.67636630974556,95812400
2002-06-28,16.706912994384766,17.03982958413169,16.493113146499645,16.66109832515387,89555600
2002-07-01,16.08384132385254,16.61223171899672,16.05940768532151,16.529766004362813,66473800
2002-07-02,15.711227416992188,16.16326104852199,15.677631291062903,15.998330693114617,82814200
2002-07-03,15.833390235900879,16.04108140412404,15.408845430746801,15.650133871052468,80936600
2002-07-05,16.752721786499023,16.767994115357332,16.20295173593807,16.21516913297867,35673600
2002-07-08,16.16324806213379,16.777158951351783,16.05940366795979,16.618336262726114,63199400
2002-07-09,16.251827239990234,16.71607804377365,16.178525156038734,16.282370745899705,85277200
2002-07-10,15.955557823181152,16.554196370671402,15.921960559730584,16.398427451966995,90673400
2002-07-11,16.16019630432129,16.209064740350357,15.65318584360145,15.894474256232957,129550600
2002-07-12,15.83950424194336,16.41065456329731,15.723441217270876,16.30070024151453,95733800
2002-07-15,15.8211669921875,15.839493087951583,14.66054105811014,15.695941583920748,136965600
2002-07-16,15.653186798095703,16.126600019454038,15.4668755102755,15.671512899642368,97154600
2002-07-17,15.88225269317627,16.279308777482655,15.62874694670301,16.041075359921848,98034800
2002-07-18,15.610426902770996,16.10827492118988,15.47298405534057,15.900583766209566,91053600
2002-07-19,15.137008666992188,15.543227209018587,14.907937718936031,15.231690579848404,112543400
2002-07-22,14.510871887207031,15.268333732369763,14.019134188492682,14.950688592800153,180069800
2002-07-23,13.136455535888672,14.294027738882134,13.124239303451487,14.199345820639369,168061600
2002-07-24,14.119935989379883,14.15964195473818,12.647773154994177,12.751618719312956,202307800
2002-07-25,13.081480026245117,13.961111708140384,12.96236214369297,13.88170095155415,163411400
2002-07-26,13.851163864135742,13.869489969571033,13.341099496568717,13.359425602004007,123538000
2002-07-29,14.736907005310059,14.752178178510013,14.21767896070084,14.309307165016389,112148600
2002-07-30,14.691088676452637,14.914052177305752,14.455910104254851,14.523103482690415,122690600
2002-07-31,14.654431343078613,14.660540041242935,14.159638442918876,14.541423339826244,93875600
2002-08-01,13.973336219787598,14.68803805337153,13.896979191264169,14.532270227834683,92002800
2002-08-02,13.564054489135742,14.003870294226305,13.377743263158631,13.900024750162755,85947600
2002-08-05,13.435775756835938,13.796179658518064,13.380798633757362,13.527403906928516,78941600
2002-08-06,13.948892593383789,14.431469267838702,13.695388024803277,13.713714119505445,88715800
2002-08-07,14.382604598999023,14.4467441995158,13.793128464462097,14.355116032332495,86349400
2002-08-08,14.93847942352295,14.965967982748928,14.17490962848474,14.388709404118448,88748000
2002-08-09,14.697190284729004,15.011781815354864,14.556693729754725,14.706353914046442,69049400
2002-08-12,14.804097175598145,14.889616652251041,14.538373947228667,14.541428880032264,56866600
2002-08-13,14.373442649841309,15.1797724142995,14.330681749506974,14.657490793927545,100122800
2002-08-14,15.182825088500977,15.188933788108871,14.419255114243851,14.431472513459642,96706000
2002-08-15,15.201151847839355,15.497417383561238,14.889615144991835,15.259182748962917,98745600
2002-08-16,15.271398544311523,15.341646837801527,14.941535776499077,15.097304694115591,69334000
2002-08-19,15.88225269317627,15.89752385697361,15.225582163854668,15.283614217445715,79848200
2002-08-20,15.589045524597168,15.790627959608537,15.500471124259425,15.692891092034259,70317600
2002-08-21,15.967781066894531,15.998324576675031,15.622648144743135,15.747873622053767,81203400
2002-08-22,16.257925033569336,16.3251195363731,16.065505153340727,16.141862119212337,72517600
2002-08-23,15.949444770812988,16.1418635024152,15.833381846510509,16.08383262282143,57929200
2002-08-26,15.912799835205078,16.08078618314559,15.631806607950882,16.034971512777187,55652400
2002-08-27,15.527963638305664,16.01970303366671,15.469932722530482,15.98305199028847,65470200
2002-08-28,15.082036018371582,15.472983512807591,15.057601217411612,15.418006375763097,68875000
2002-08-29,15.44854736328125,15.576826552102066,14.819365322323481,14.932373345586853,94275600
2002-08-30,14.990406036376953,15.418004515546778,14.965971238365096,15.31415895422698,58138400
2002-09-03,14.361222267150879,14.819364189545723,14.355113568371793,14.819364189545723,74452600
2002-09-04,14.724690437316895,14.843807226206554,14.400937352666212,14.492565562187803,80232000
2002-09-05,14.022207260131836,14.513946801023184,14.013044787854557,14.507838097799665,90438800
2002-09-06,14.605566024780273,14.74300884987977,14.49866669698916,14.584186159222051,69918400
2002-09-09,14.874344825744629,14.950701830840735,14.2421089167581,14.431473963164123,81653200
2002-09-10,15.207254409790039,15.216416873344212,14.767437517351413,14.825469560167564,83950000
2002-09-11,14.83769416809082,15.607371773795082,14.822421834589601,15.34164971551348,77443200
2002-09-12,14.400927543640137,14.752168968414834,14.361221586016875,14.706355477417318,63726800
2002-09-13,14.633065223693848,14.73996462916909,14.309310907643473,14.324583249953767,59549200
2002-09-16,14.593352317810059,14.700252837761086,14.37038997407072,14.538375173861665,50166200
2002-09-17,14.443694114685059,14.93543350758363,14.41925930914482,14.86518402421327,73343400
2002-09-18,14.58418083190918,14.733841001264128,14.251264406104983,14.269590497795853,83951800
2002-09-19,14.41619873046875,14.605563723482629,14.229887504146904,14.25737606483562,77777600
2002-09-20,14.495614051818848,14.660545467961125,14.446745613530263,14.57197105946448,130619200
2002-09-23,13.814515113830566,14.266548636970311,13.686235849815583,14.232951353980882,89783800
2002-09-24,13.939735412597656,14.196295010104414,13.631253608092335,13.692339448473085,104142200
2002-09-25,14.205459594726562,14.34290246478087,13.75953487420874,14.171863484371661,107116600
2002-09-26,14.110772132873535,14.507828252010786,14.034415142073478,14.388711532781132,100852200
2002-09-27,13.820616722106934,14.385658044699428,13.80229062303389,14.061905116883,81011600
2002-09-30,13.359419822692871,13.756475947764354,13.166999876768639,13.704552587384379,115577000
2002-10-01,14.119935989379883,14.126044689059261,13.191434610190255,13.536568568825508,110636600
2002-10-02,13.930573463439941,14.297087354266727,13.793130608740453,14.080232554578407,103488600
2002-10-03,13.683173179626465,14.229889539804187,13.622087351011224,13.835887168606927,105221400
2002-10-04,13.368582725524902,13.918352852435133,13.344147928050313,13.863375723232583,107120400
2002-10-07,13.454100608825684,13.762583482635613,13.344146363313833,13.380798555227873,89790000
2002-10-08,13.741209030151367,14.043582159245325,13.478540710257645,13.667905782577186,115667600
2002-10-09,13.435775756835938,13.881700275037593,13.380798633757362,13.509077810863944,123142600
2002-10-10,14.165746688842773,14.2390487342444,13.209757011274412,13.43882794210576,118515000
2002-10-11,14.926258087158203,14.93542171455801,14.358162123189079,14.46506256534543,108828800
2002-10-14,15.054551124572754,15.066768528034931,14.611680152552445,14.736905625250463,76216200
2002-10-15,15.970833778381348,15.995267417690489,15.469931938830138,15.656242079548592,133374200
2002-10-16,15.396621704101562,15.656234975173174,15.356915747486644,15.390513005767339,95437400
2002-10-17,15.506582260131836,16.03497264756142,15.286673690985445,15.967778103629902,182602400
2002-10-18,16.233495712280273,16.248766876478538,15.619584891519823,16.065509410753936,152817200
2002-10-21,16.038022994995117,16.1846294532364,15.686781510979309,15.873092768425446,112378600
2002-10-22,15.781468391418457,15.860880344970424,15.58599460593003,15.70816630441813,87159000
2002-10-23,16.248767852783203,16.267092784876112,15.708160218853296,15.708160218853296,110866600
2002-10-24,15.647077560424805,16.300693346649524,15.546286918166965,16.297639579054326,95833400
2002-10-25,16.08995246887207,16.12660351479379,15.625701615105875,15.6531901908261,75425800
2002-10-28,15.866983413696289,16.340396538325663,15.732594360043773,16.309854207103864,79906600
2002-10-29,15.903635025024414,16.031915384094624,15.531012511910102,15.92806982298647,90517200
2002-10-30,16.221281051635742,16.30680051766648,15.769247757434867,15.943341621920496,94451200
2002-10-31,16.33123016357422,16.514486437278418,16.14186402694958,16.245709559412617,105973800
2002-11-01,16.187681198120117,16.260984418083027,15.851710922318404,16.013587361462754,105097800
2002-11-04,17.13451385498047,17.485756593204616,16.957366184437806,17.333042561822914,139964200
2002-11-05,17.311655044555664,17.348306069667153,16.975684789951007,17.036769443431794,76658200
2002-11-06,17.41855812072754,17.43993798709309,16.96041612983947,17.40634188645818,115407000
2002-11-07,17.107027053833008,17.293338377826156,16.951259238347756,17.16505913744015,73699600
2002-11-08,16.82908058166504,17.271951368575223,16.80159201792261,17.103966219089354,64522200
2002-11-11,16.45034408569336,16.829073964887105,16.438126692141363,16.819911502280494,58341200
2002-11-12,16.648883819580078,16.929878253832296,16.46257367293029,16.523658355705624,81398600
2002-11-13,16.908491134643555,17.08258496918883,16.526706205357403,16.566412164235402,107370200
2002-11-14,17.406341552734375,17.409395319964336,17.064261367213458,17.100913564664825,78337000
2002-11-15,17.314716339111328,17.384964653248193,17.00317957742898,17.28722776704772,77533600
2002-11-18,17.05815315246582,17.418558281840564,17.024557051520162,17.394124647960506,58086400
2002-11-19,16.755783081054688,17.04288502984054,16.587797885859608,16.96652801701409,76403400
2002-11-20,17.293336868286133,17.378857519527397,16.777163853274622,16.801597492832403,76435400
2002-11-21,17.665952682495117,17.714821107912336,17.342198635909053,17.40328445895937,82922200
2002-11-22,17.78201675415039,17.806450385846375,17.424665424035283,17.54683707786093,70002000
2002-11-25,17.78506088256836,17.910286235571824,17.583478578584376,17.73313871515662,61583000
2002-11-26,17.37885284423828,17.791180158694083,17.342200647088426,17.604868901085876,68650400
2002-11-27,17.739253997802734,17.901130421151016,17.531562920808884,17.592647572182926,55191800
2002-11-29,17.617094039916992,17.907250986694876,17.617094039916992,17.84616512972335,28393000
2002-12-02,17.62014389038086,18.008037656013315,17.412452721930162,17.913355705621314,63735000
2002-12-03,17.320823669433594,17.51629742636548,17.22919549151121,17.494917557020774,58457400
2002-12-04,17.268898010253906,17.54378248906879,17.04898949510979,17.143672586933565,83892000
2002-12-05,16.902387619018555,17.436886683921415,16.89017021790734,17.394126945147665,68435800
2002-12-06,16.94209098815918,17.0245566853218,16.56030600043333,16.75883349498158,71670200
2002-12-09,16.349563598632812,16.865737763170674,16.343454897648957,16.79854321746383,63862800
2002-12-10,16.496158599853516,16.639710070318056,16.334282203024888,16.35871699166347,63730200
2002-12-11,16.694700241088867,16.8015996122305,16.36483849219771,16.447303055583678,69186200
2002-12-12,16.54503059387207,16.81686243330871,16.398425325646354,16.79853633786233,55242000
2002-12-13,16.03497886657715,16.41676407768613,16.031925097539318,16.395384199073305,65245400
2002-12-16,16.639720916748047,16.661100788185628,16.086895697152663,16.187687518314643,60140400
2002-12-17,16.603063583374023,16.795483518511386,16.42591481274578,16.6213885147389,49549800
2002-12-18,16.349563598632812,16.61528684841046,16.123547487808025,16.444246716209218,62709400
2002-12-19,16.221281051635742,16.722182778584948,16.151032752379727,16.26404078465111,82686600
2002-12-20,16.199905395507812,16.407596579946294,16.172416822122845,16.337348262432638,98294600
2002-12-23,16.493118286132812,16.578637785890518,16.15714782412828,16.20296134252028,48798400
2002-12-24,16.43813705444336,16.563362504504244,16.34650887527219,16.352617575899,18386000
2002-12-26,16.306800842285156,16.703857011908923,16.23960630900031,16.502274577169757,37228000
2002-12-27,16.178525924682617,16.4931164772449,16.157146052088034,16.273207884711287,40891600
2002-12-30,16.11132049560547,16.26098066783605,15.964715254606164,16.190731230895345,48019600
2002-12-31,15.790632247924805,16.184634757711624,15.656243144677138,16.108277736362968,58208800
2003-01-02,16.4075927734375,16.416755240734943,15.793681831970524,15.973884401217624,67025200
2003-01-03,16.428970336914062,16.432024103879893,16.151030938414923,16.367884511560526,55546800
2003-01-06,16.728294372558594,16.8687909953786,16.432028792386173,16.499223335959023,59456200
2003-01-07,17.042882919311523,17.10702252251519,16.700803870443213,16.774105941214433,80517400
2003-01-08,16.56641387939453,16.966523781037033,16.526707916405684,16.91154665231871,64566000
2003-01-09,17.04594612121582,17.079542240300075,16.65499728202295,16.71302937841097,61808000
2003-01-10,17.07953453063965,17.19559750590917,16.7679989716835,16.829083644347563,67730200
2003-01-13,17.22307586669922,17.33303007651042,17.033710930421456,17.262781812489877,60817800
2003-01-14,17.400239944458008,17.40940241499727,17.1620052243951,17.20476613884849,54206400
2003-01-15,17.18643569946289,17.507134903753307,17.16200089736452,17.409398025590807,59622600
2003-01-16,16.905427932739258,17.302484997051703,16.83212591463958,17.201693265771432,81371000
2003-01-17,15.717320442199707,16.187679717389194,15.671506953389333,16.169353622796017,155876000
2003-01-21,15.677626609802246,15.92807758539189,15.665409204867174,15.842556915962255,86159200
2003-01-22,15.576828002929688,16.004427669056252,15.549339436319903,15.757030569568194,86948000
2003-01-23,15.967781066894531,16.047193027208063,15.717330112273267,15.8669903974083,71374800
2003-01-24,15.22558307647705,15.897524809872221,15.17976958233897,15.891416110964109,103027000
2003-01-27,15.01789665222168,15.454658856726677,14.785771846981069,15.063711325746473,114838600
2003-01-28,14.911002159118652,15.179779256798236,14.83159135293301,15.1767243228396,86151200
2003-01-29,15.243912696838379,15.283618666361582,14.639165346529671,14.88350753375812,106884000
2003-01-30,14.733842849731445,15.323317642472526,14.718570522182263,15.320263876031696,87877400
2003-01-31,14.495614051818848,14.76744481261882,14.364279905459126,14.492560284163831,106858400
2003-02-03,14.831581115722656,14.996511317055425,14.495609684241943,14.63916118820012,80129800
2003-02-04,14.452852249145508,14.642217274820657,14.318464354330127,14.59945754306646,81854800
2003-02-05,14.342902183532715,14.822424170118225,14.272653865797043,14.608625448799065,101072000
2003-02-06,14.483389854431152,14.544475664905367,14.220722850087407,14.312350983241265,83312000
2003-02-07,14.226835250854492,14.645271239081028,14.17491189064567,14.623891374617168,75208000
2003-02-10,14.47117805480957,14.513937785698023,14.214618504363571,14.294029266711371,74081400
2003-02-11,14.18407917022705,14.559755557012926,14.0496912386899,14.44674749719497,84292000
2003-02-12,14.18407917022705,14.385661650090585,14.129102024344665,14.217676444390243,71315200
2003-02-13,14.352066040039062,14.391770851689099,14.089397703938628,14.174917193788755,73558200
2003-02-14,14.752171516418457,14.813257346747694,14.284867069863108,14.431472363584092,90446400
2003-02-18,15.246968269348145,15.265294372477982,14.904889166733632,15.039278259454598,57415500
2003-02-19,15.032480239868164,15.2469663792458,14.811864589237688,15.210197493761319,46902700
2003-02-20,14.793479919433594,15.24083957389255,14.76896771813906,15.179557317363477,50897200
2003-02-21,15.093759536743164,15.197939007317249,14.523837788279634,14.885401764456653,56853200
2003-02-24,14.750582695007324,15.014095579959193,14.609634323150871,14.977326693575298,62403700
2003-02-25,14.824116706848145,14.873142262010404,14.327731645861164,14.425783925047115,68113000
2003-02-26,14.468685150146484,14.995709722006435,14.450300123541625,14.75058187825044,57096000
2003-02-27,14.450300216674805,14.836376426971066,14.278710140508817,14.646402492943494,75434300
2003-02-28,14.52384090423584,14.750583750161598,14.431916928407762,14.548353107291263,56585400
2003-03-03,14.425788879394531,14.781224568605976,14.339993251749124,14.71994231139121,50653500
2003-03-04,14.137768745422363,14.49933293386589,14.131640400159993,14.45030734062926,56605700
2003-03-05,14.364505767822266,14.431915194773547,14.125505095785899,14.137761780272228,55415900
2003-03-06,14.26032543182373,14.401273788374633,14.174529814428737,14.19904318193065,54607600
2003-03-07,14.438048362731934,14.578997943711617,14.033586990391637,14.064228711849028,66167600
2003-03-10,14.064227104187012,14.376764445291592,14.027457042641277,14.284841629151302,48413600
2003-03-11,13.97230052947998,14.254198438105286,13.947788328521412,14.131633926727014,53990700
2003-03-12,14.333864212036133,14.36450592358422,13.819095146646026,13.978428540110752,72379500
2003-03-13,15.118268013000488,15.161165221914473,14.364499765011484,14.53608860066742,80701300
2003-03-14,15.234705924987793,15.295986991310375,14.867013682745226,15.124398135428882,75451400
2003-03-17,15.890419960021973,15.902676638368174,14.909907900688353,15.026344007254899,100983800
2003-03-18,15.957834243774414,15.957834243774414,15.626910864415644,15.865910303600453,78108800
2003-03-19,16.129430770874023,16.19684138067613,15.773995029042739,15.921071766814785,73652100
2003-03-20,16.086532592773438,16.251994351397403,15.73109687176378,15.945584206773146,71798500
2003-03-21,16.282629013061523,16.42357734811693,15.951706784285289,16.392936812274108,85586800
2003-03-24,15.498218536376953,15.890422966778118,15.430807961578726,15.657550709581374,61105200
2003-03-25,15.620789527893066,15.780122948412318,15.33889274695576,15.688200135883282,63595100
2003-03-26,15.473709106445312,15.700453080918114,15.467580764555594,15.602400779544311,51673600
2003-03-27,15.345017433166504,15.479837448153642,15.069247892440881,15.283735183131732,60043300
2003-03-28,15.118268013000488,15.38178077502785,15.075370804086505,15.118268013000488,39584600
2003-03-31,14.836380004882812,15.142790177661345,14.713816637088627,14.860893379758878,71384000
2003-04-01,14.922174453735352,15.136661791285443,14.860892190312187,14.98958389152507,49803200
2003-04-02,15.761731147766113,15.933321181277696,15.38178337415961,15.38178337415961,68282500
2003-04-03,15.767857551574707,15.98847311486632,15.688191469753477,15.927190884078502,57394300
2003-04-04,15.375651359558105,15.81075292679867,15.277600269226115,15.786240738646272,55740600
2003-04-07,15.42467975616455,16.196833111916867,15.424679756164553,16.074268641913736,65627100
2003-04-08,15.675938606262207,15.829143636100133,15.443067475207668,15.510476893510457,54132100
2003-04-09,15.056982040405273,15.731084042600969,15.038598194792028,15.694315182513492,76875800
2003-04-10,15.069245338439941,15.191809817736726,14.879271447505277,15.14278309092881,51608900
2003-04-11,14.83024787902832,15.430811336652514,14.67704284378572,15.253092934717502,71565500
2003-04-14,15.173422813415527,15.24696055629979,14.707679489323585,14.8731411641052,51599600
2003-04-15,15.075376510620117,15.191812670933963,14.768966423692316,15.124402077774096,63399000
2003-04-16,15.271476745605469,15.773989034231994,15.075374503103564,15.688194595352801,86178700
2003-04-17,15.62691879272461,15.6514321675709,15.161175190403489,15.179560221538207,58356600
2003-04-21,15.44919204711914,15.694320988684638,15.369525959313348,15.694320988684638,41557800
2003-04-22,15.786248207092285,15.810760406841363,15.33888974970043,15.3572736072968,58844000
2003-04-23,15.761731147766113,15.927192840559982,15.608526136407674,15.780116169919257,55559300
2003-04-24,15.620789527893066,15.76173791836172,15.516610028663633,15.614661184542868,51703600
2003-04-25,15.455315589904785,15.712699963562153,15.42467506615124,15.522726144795852,53657400
2003-04-28,15.77398681640625,15.896551285168135,15.516602367095414,15.559499580503653,56287600
2003-04-29,15.810760498046875,16.086530052200732,15.737222729513682,15.902684462005999,65877300
2003-04-30,15.669809341430664,15.859783239953853,15.47370710181169,15.767860461240153,55566800
2003-05-01,15.761731147766113,15.9026806465506,15.528860044800334,15.651424521431677,42085800
2003-05-02,15.994606018066406,16.111042172896173,15.663682578717069,15.718836485275292,52695400
2003-05-05,15.847528457641602,16.1723223686696,15.83527177488465,16.086527927094146,50391500
2003-05-06,16.160066604614258,16.239732703577996,15.823014847185311,15.847528212319743,54299500
2003-05-07,15.927197456359863,16.147813110687462,15.835274656677301,16.000736397423,49120000
2003-05-08,15.77398681640625,16.019114585068618,15.755601795433549,15.780115156730485,46401400
2003-05-09,16.1539363861084,16.239730816385716,15.86591022355778,15.872038564129223,58913600
2003-05-12,16.055889129638672,16.221349689348237,15.970093509900742,16.02524741942451,53900800
2003-05-13,15.927197456359863,16.0558903110049,15.865915200284217,15.957839168828594,44501900
2003-05-14,15.700459480285645,16.043638583954756,15.6514338940472,15.982356308941156,45021000
2003-05-15,15.804636001586914,15.939456045973706,15.669814788338169,15.841404892081139,45450200
2003-05-16,15.669809341430664,15.963962700859126,15.571758221621177,15.859783239953853,60620900
2003-05-19,15.173422813415527,15.651422817608628,15.161166133314367,15.565627225761858,55336300
2003-05-20,15.093759536743164,15.320503502884991,15.014093432827291,15.234709057304565,52677600
2003-05-21,14.726065635681152,15.142782271237706,14.640270037272987,15.093756715945085,108960900
2003-05-22,14.805733680725098,14.873144266481242,14.732195922501658,14.830247046040638,93157100
2003-05-23,14.84250545501709,15.038608909208596,14.726070453641226,14.830249938830349,76968000
2003-05-27,15.191808700561523,15.253089766841926,14.842500310911577,14.860885332112547,68486800
2003-05-28,14.958939552307129,15.240837425050684,14.891528962743344,15.18568351883698,91467000
2003-05-29,14.952815055847168,15.118276817037861,14.848635558304355,14.995712289742096,75451300
2003-05-30,15.081502914428711,15.265348475413864,15.02022067114647,15.155040671278144,85096700
2003-06-02,15.099888801574707,15.338889465657504,15.056991576161872,15.308247755461387,66310800
2003-06-03,15.246964454650879,15.271477821120786,15.056990539955672,15.167298351346968,61058200
2003-06-04,15.240838050842285,15.45532417396724,15.161170774657268,15.314375816238925,83484600
2003-06-05,14.762829780578613,15.026342494181689,14.713804240991605,14.995700801401643,115877900
2003-06-06,14.505453109741211,15.050862673435011,14.493196426119361,14.97732490942728,119629400
2003-06-09,14.554481506347656,14.695429888829638,14.462558699027317,14.536096477338825,73610000
2003-06-10,15.12440013885498,15.167297358507657,14.615759506516056,14.670913408601374,80655300
2003-06-11,15.246964454650879,15.295990018729048,14.965067753416808,15.118272787268797,75768600
2003-06-12,15.314382553100586,15.40630538471448,15.161177444123354,15.302125863855474,66177700
2003-06-13,15.106023788452148,15.47371629051404,15.007972610417278,15.443075735701484,55157500
2003-06-16,15.559503555297852,15.577888580967148,15.118273458989984,15.197939565833545,69658600
2003-06-17,15.908811569213867,16.01911939041696,15.64529986939306,15.712709295458033,122213900
2003-06-18,15.976223945617676,16.19683961262428,15.755608278611072,15.921070028866025,89957700
2003-06-19,15.976223945617676,16.172326241240487,15.939455057403869,15.988480631309573,63626900
2003-06-20,16.13555908203125,16.166199630682392,15.939456765395109,16.141687425533878,86048900
2003-06-23,15.798502922058105,16.0803996127727,15.620784528368086,16.01911736774643,52584500
2003-06-24,15.74947738647461,15.95783631859973,15.639169579012883,15.718835679478792,51820300
2003-06-25,15.479838371276855,15.927196836143532,15.406299433077375,15.712709532661965,60483500
2003-06-26,15.78011703491211,16.245860435235038,15.449193631184686,15.55950143242716,51758100
2003-06-27,15.70659351348877,16.14169680408042,15.645312380581304,15.90269711292579,76040300
2003-06-30,15.712711334228516,16.00686595189144,15.626916870543692,15.896558116375584,48073100
2003-07-01,16.025251388549805,16.05589310635329,15.559507797694973,15.682072331184882,60926000
2003-07-02,16.47260856628418,16.50325028151611,16.20909682846112,16.23973737483113,94069300
2003-07-03,16.239730834960938,16.5155003166841,16.184576938616306,16.356166968228656,39440900
2003-07-07,16.803525924682617,16.883192017390513,16.51550092013992,16.558398136895057,88960800
2003-07-08,16.97511863708496,17.036399717048113,16.699349101804078,16.705477443572725,61896800
2003-07-09,16.834165573120117,16.97511506642748,16.69934558915376,16.88931946857486,62300700
2003-07-10,16.490991592407227,16.803530036640066,16.294889314189394,16.69935055522912,55350800
2003-07-11,16.73612403869629,16.821919685636644,16.478739435599415,16.515509499514753,50377300
2003-07-14,16.791269302368164,17.042525431845288,16.57678204897363,16.932217634736013,60464400
2003-07-15,16.71161460876465,16.870948072289647,16.60743508141608,16.83417800226383,53567600
2003-07-16,16.864809036254883,16.926091278587254,16.668706795880546,16.8893212318709,49838900
2003-07-17,16.356168746948242,16.711604357121725,16.264245965997812,16.63193708979953,72805000
2003-07-18,16.47873878479004,16.687097796632987,16.392944310100138,16.6135600094308,63388400
2003-07-21,15.957834243774414,16.490987018703827,15.93332088136497,16.46647482515584,48480800
2003-07-22,16.16620445251465,16.27651233073909,16.012999325839004,16.104923336934274,51791000
2003-07-23,16.20909881591797,16.33166218528786,16.019123664772227,16.190713784524554,49828200
2003-07-24,15.933327674865723,16.497122393192374,15.921070988435112,16.411327925901997,53556600
2003-07-25,16.47873878479004,16.515508847253184,15.976226286414242,16.104919167311145,54173000
2003-07-28,16.307147979736328,16.54614751423953,16.233609032040462,16.509378624822556,52658300
2003-07-29,16.22134780883789,16.484860641822504,16.080399464777802,16.472603959157734,62391100
2003-07-30,16.07427215576172,16.282631098997612,16.037503274267642,16.215220508873745,41240300
2003-07-31,16.1845760345459,16.540011586211428,16.12329380104604,16.301012161309494,64504800
2003-08-01,16.037508010864258,16.245867015637923,16.006867462046607,16.135559169715158,42649700
2003-08-04,16.043628692626953,16.18457702005628,15.780115890734717,16.02524367079908,51825600
2003-08-05,15.72496509552002,16.264247486884805,15.688196213473868,16.123297962794794,58825800
2003-08-06,15.71883487701416,16.049758282505312,15.584014879700105,15.651425462787905,56294900
2003-08-07,15.755600929260254,15.81688316027217,15.596268765035143,15.76172926924758,44258500
2003-08-08,15.675938606262207,15.921066420230565,15.626913043468534,15.859784174523071,33241400
2003-08-11,15.694321632385254,15.927192733789951,15.651424416510295,15.694321632385254,36433900
2003-08-12,15.767857551574707,15.792370911434368,15.596268708002416,15.755600871644878,38208400
2003-08-13,15.68819808959961,15.865915348127002,15.626915832952918,15.804634260342137,39636900
2003-08-14,15.70659351348877,15.755619121132353,15.63918403351802,15.72497855467862,37338300
2003-08-15,15.6514310836792,15.724968865401348,15.584020476382257,15.694328317827447,27607900
2003-08-18,15.74947738647461,15.829143486940517,15.602399530617905,15.66368177574793,45817400
2003-08-19,16.31326675415039,16.331650603644775,15.792369589353587,15.84139513610733,72952900
2003-08-20,16.20909881591797,16.258124397438337,15.933329189327097,16.117174827812967,56739300
2003-08-21,16.08039665222168,16.38067831181798,16.012986078217537,16.331652758595347,63802700
2003-08-22,16.068143844604492,16.51550344055714,16.062015502866878,16.411323968740998,65846300
2003-08-25,16.239730834960938,16.264244197274753,16.07426914592704,16.12329470169322,36132900
2003-08-26,16.282629013061523,16.343911253608685,15.908808397699213,16.123295655183515,47546000
2003-08-27,16.190704345703125,16.288755451582247,16.117165431863093,16.245858238867804,30633900
2003-08-28,16.24586296081543,16.288760185998182,16.080401233229054,16.239734618809077,46211200
2003-08-29,16.251991271972656,16.2703751290951,16.14781179578584,16.215221220004334,34503000
2003-09-02,16.70547866821289,16.72999086822275,16.221350152754255,16.362299686042544,74168900
2003-09-03,17.342805862426758,17.40408809736502,16.77901140494532,16.803524766465188,109437800
2003-09-04,17.42247772216797,17.446989921303455,17.1528365185073,17.220247111637896,59840800
2003-09-05,17.39183807373047,17.618582079135077,17.263146383075696,17.299915270568224,64024500
2003-09-08,17.67373275756836,17.722758321532506,17.367322690577037,17.397963229731513,46105300
2003-09-09,17.385711669921875,17.594069487516105,17.348941611938855,17.557300598394995,44315200
2003-09-10,16.88319206237793,17.269269351925892,16.840294845508488,17.177346577368304,54763500
2003-09-11,17.0609188079834,17.226380584663602,16.907713718952557,16.95061095686326,37813300
2003-09-12,17.367326736450195,17.404095625773532,16.82191706418334,16.84030092441405,55777200
2003-09-15,17.379579544067383,17.53278457906414,17.36119451907758,17.385707885730653,41432300
2003-09-16,17.710506439208984,17.74114815553132,17.35507071190363,17.41022463242187,52060600
2003-09-17,17.46537208557129,17.741141586045973,17.4469870625858,17.624705444860936,47221600
2003-09-18,18.078189849853516,18.084318190065986,17.41634430210486,17.45924151473076,67268100
2003-09-19,18.360095977783203,18.36622432116374,18.09045588221135,18.237532616758354,92433800
2003-09-22,17.814687728881836,18.384610852321742,17.65535429456493,18.010790057622,65678700
2003-09-23,18.13947296142578,18.20688236930412,17.698241795654784,17.84531963015274,57827800
2003-09-24,17.44085121154785,18.200748803674205,17.416339026983692,18.145594927328567,66336500
2003-09-25,17.306039810180664,17.74726986971342,17.293783127422685,17.446988155312592,56224500
2003-09-26,17.275402069091797,17.636966086959315,17.24476035723586,17.324427639199506,49864700
2003-09-29,17.667613983154297,17.71663957366629,17.220255323624585,17.41022934075077,47380300
2003-09-30,17.036401748657227,17.53278697135729,17.005761205021734,17.520530286358365,63333700
2003-10-01,17.477632522583008,17.545041950289473,17.042529569338,17.17735076247449,58375900
2003-10-02,17.46537208557129,17.618577103865775,17.275398190167355,17.434731549457002,38143600
2003-10-03,17.82081413269043,18.05368533050221,17.72889132220846,17.869839709538276,57303000
2003-10-06,17.888221740722656,17.95563116705043,17.716631666086464,17.86370837197673,34047600
2003-10-07,17.85758399963379,17.998533563533233,17.72276394814521,17.777917871222815,52356800
2003-10-08,17.66147804260254,17.99240151288572,17.57568358831954,17.99240151288572,46989100
2003-10-09,17.735013961791992,17.98627010844027,17.649218353253907,17.906602841145013,62653300
2003-10-10,17.71662712097168,17.894345492201566,17.569550452813214,17.71662712097168,37604700
2003-10-13,17.636964797973633,17.833067064072463,17.465374730706305,17.759528129854548,39320300
2003-10-14,17.575687408447266,17.630841332148997,17.45312287380741,17.563430721210874,34851300
2003-10-15,17.914623260498047,18.031712631762872,17.686608415603416,17.99473747388627,57242100
2003-10-16,18.01322364807129,18.062524248143607,17.74823248190045,17.81602124778202,42232500
2003-10-17,17.82834243774414,18.050195672844048,17.74822824710529,18.04403295237808,49960000
2003-10-20,18.087175369262695,18.09950081329456,17.748232710900595,17.840672365720554,38794500
2003-10-21,18.087175369262695,18.136475969971123,17.976248723813974,18.087175369262695,44166800
2003-10-22,17.803695678710938,18.00089807761345,17.74823235709223,17.88997260979505,48798500
2003-10-23,17.81601905822754,17.920782967433308,17.31685039691482,17.69892970666371,67357900
2003-10-24,16.398630142211914,16.885473481208205,16.281540761777194,16.80536043696498,210558300
2003-10-27,16.583507537841797,16.70059692121619,16.528044207581253,16.583507537841797,65619100
2003-10-28,16.762222290039062,16.774546559823353,16.56501869304143,16.69443351683928,71752600
2003-10-29,16.478744506835938,16.79303633713165,16.429443896716176,16.73757300381951,73551500
2003-10-30,16.096670150756836,16.66362793371874,15.967255273725069,16.64513975830859,98729400
2003-10-31,16.108993530273438,16.29387174784049,16.09050653131043,16.250733849700715,69623700
2003-11-03,16.441770553588867,16.48490844369218,16.20143020848792,16.23840537494514,57772300
2003-11-04,16.065855026245117,16.40479782462578,16.028879854293972,16.386309650940447,84026100
2003-11-05,16.084335327148438,16.219911674888582,16.02270928711421,16.11514775945608,61514400
2003-11-06,16.164447784423828,16.20758565829568,16.022708720153776,16.182935948405582,68189800
2003-11-07,16.084335327148438,16.32467559032109,16.04119745175016,16.256886828741543,57822100
2003-11-10,16.0227108001709,16.164449882841065,16.0227108001709,16.09666229027915,54579100
2003-11-11,15.899465560913086,16.07201832858749,15.819352489568994,16.02888043052378,64990700
2003-11-12,16.01038932800293,16.10899055566363,15.776211706163604,15.930276271310866,75877300
2003-11-13,15.831670761108398,15.979572562591311,15.683768959625484,15.936434684086175,78949500
2003-11-14,15.714581489562988,16.03503598243112,15.677606332822524,15.83783357925659,83146400
2003-11-17,15.498892784118652,15.677608218123785,15.307853079997344,15.646794604285391,103900200
2003-11-18,15.498892784118652,15.924111251735019,15.480405791234798,15.609819443098502,106868300
2003-11-19,15.622142791748047,15.739232157779227,15.51121614765735,15.585167635524156,78853300
2003-11-20,15.468073844909668,15.794689786395006,15.455748404554342,15.511211710734624,106845700
2003-11-21,15.474245071411133,15.640633905998643,15.45575690071504,15.609821463591153,70712900
2003-11-24,15.856319427490234,15.905620024731824,15.579004008788408,15.609816441282293,99463800
2003-11-25,15.652957916259766,15.991900628725435,15.640632470260456,15.94260002014742,85663800
2003-11-26,15.683780670166016,15.794706222538228,15.6036663999073,15.78238194477681,69758400
2003-11-28,15.844002723693848,15.86865362362127,15.65296295093473,15.714589025333686,33402600
2003-12-01,15.924110412597656,16.152125265890376,15.7145825512146,15.961085571836103,101914600
2003-12-02,15.813182830810547,16.078174003198832,15.782370395824536,15.99189824490276,85121700
2003-12-03,15.819340705871582,16.065843636488736,15.788528280326446,15.911779157925679,93121600
2003-12-04,16.145965576171875,16.164452570208137,15.813185578488103,15.850160741979881,87202400
2003-12-05,16.01038932800293,16.318518458297454,15.973414161485005,15.998063880690504,96610900
2003-12-08,16.170612335205078,16.232238380030715,15.905621165248178,16.096662021749548,90504000
2003-12-09,16.25689125061035,16.39863153386807,16.176778199568396,16.293867589939808,103547100
2003-12-10,16.38631248474121,16.410962211831652,16.256897597402286,16.300036676795077,82853700
2003-12-11,16.398630142211914,16.497231354550888,16.195264994835384,16.38630469681475,79309000
2003-12-12,16.423280715942383,16.521881933434706,16.330842221470732,16.447931608025076,69154100
2003-12-15,16.478744506835938,16.7005978400845,16.441769343100933,16.669784224122612,88860600
2003-12-16,16.67594337463379,16.737569417935443,16.497229142019897,16.534204297833288,73978000
2003-12-17,16.66362190246582,16.6882716186713,16.54653251808697,16.66362190246582,53712300
2003-12-18,16.88547134399414,16.91628495358694,16.669780778520657,16.70059438811345,61177800
2003-12-19,16.860824584960938,16.97791279566484,16.75606064483377,16.940937633096198,76856400
2003-12-22,16.74989891052246,16.903963468308106,16.620484070764487,16.737573463798977,43894800
2003-12-23,16.731409072875977,16.848498454240577,16.645133305248994,16.743734518371024,39609000
2003-12-24,16.66362190246582,16.73757222650147,16.638971010841132,16.725246780689126,19924200
2003-12-26,16.76837921142578,16.79303009503237,16.63896559874767,16.66977802783708,12076900
2003-12-29,16.92244529724121,16.965584347604803,16.737568354501548,16.76838078648518,40426700
2003-12-30,16.959423065185547,16.97791005577683,16.8854715765633,16.89163429856674,34406600
2003-12-31,16.866979598999023,16.977905036007087,16.780702691878947,16.89779202448704,42198900
2004-01-02,16.91629409790039,17.11349660421847,16.842342570321282,16.996407175309738,44487700
2004-01-05,17.341503143310547,17.366154032343896,17.082674685555805,17.088837407814143,67333700
2004-01-06,17.403127670288086,17.427778557168146,17.29836375188579,17.372315237106992,46950800
2004-01-07,17.384641647338867,17.446267696713864,17.261390724007995,17.35999193284034,54298200
2004-01-08,17.353830337524414,17.551032767997775,17.255229122287737,17.495569437499743,58810800
2004-01-09,17.045698165893555,17.292201159442108,17.00256028894993,17.273714169562833,67079900
2004-01-12,16.9902400970459,17.088841324942642,16.85466370254272,17.0518661583362,55845200
2004-01-13,16.903963088989258,17.033376750423944,16.799199145029114,16.977913416832145,51555900
2004-01-14,17.07034683227539,17.088833819749688,16.92860660093235,16.959420205754245,43907000
2004-01-15,16.97174835205078,17.082673820828536,16.89779686411325,16.977909898578133,58504100
2004-01-16,17.13812828063965,17.181266136538287,16.965576857045086,17.07650226846227,63983400
2004-01-20,17.316852569580078,17.37847861368344,17.212088647230065,17.242901081572235,63068500
2004-01-21,17.440105438232422,17.440105438232422,17.162789971795576,17.335341504133392,53570600
2004-01-22,17.26139259338379,17.526383811600937,17.218254706775276,17.477083201845602,78425200
2004-01-23,17.5510311126709,17.723583810770364,17.390803859168336,17.42778019295907,127259100
2004-01-26,17.74823570251465,17.766723871678785,17.452432048403892,17.557195989495526,58299600
2004-01-27,17.409292221069336,17.698933119826517,17.390804053966882,17.64963251630574,63196200
2004-01-28,17.076519012451172,17.526388519662373,16.928617143454726,17.440111547849767,71336000
2004-01-29,17.19976806640625,17.224418961185027,16.990240162464083,17.138142004878667,63748400
2004-01-30,17.03953742980957,17.193601965658516,16.977911380386168,17.156626806172127,40528700
2004-02-02,16.88547134399414,17.131974343641403,16.78687014413524,17.01488615344584,62891800
2004-02-03,16.81768798828125,16.9779140968313,16.74989920552747,16.885475595615713,47993800
2004-02-04,16.6451358795166,16.903964397846067,16.6451358795166,16.774549550971653,60648000
2004-02-05,16.614322662353516,16.74373751235411,16.534209603148874,16.675948725429066,55527500
2004-02-06,16.688274383544922,16.75606317132469,16.595835875475764,16.65746193932834,47209600
2004-02-09,16.57734489440918,16.780710047865746,16.546532455414237,16.75606033175363,48108500
2004-02-10,16.65130043029785,16.731413496357746,16.528048293600097,16.55886191548428,37790600
2004-02-11,16.731409072875977,16.780709679436992,16.546532092126963,16.6204824142589,51515300
2004-02-12,16.60816192626953,16.73141288302975,16.595836477967673,16.69443771354363,44537000
2004-02-13,16.38631248474121,16.675953536717323,16.330849129513062,16.626652907116714,67541100
2004-02-17,16.632810592651367,16.700599378593168,16.386307519343962,16.466420577386604,43477000
2004-02-18,16.49723243713379,16.70676032095856,16.478744267824812,16.577345486634204,50334700
2004-02-19,16.30619239807129,16.62664696363306,16.287705403216886,16.589671798504952,61840600
2004-02-20,16.37397575378418,16.515714819317278,16.330837879527927,16.42943907080477,57821900
2004-02-23,16.398630142211914,16.491068631852308,16.318515922549516,16.47258046375656,50256800
2004-02-24,16.565017700195312,16.608156755821767,16.361652568204068,16.39862890159817,55426500
2004-02-25,16.454092025756836,16.632806266640827,16.39862870176065,16.57734294264464,64275700
2004-02-26,16.330841064453125,16.423279552375636,16.27537773661579,16.38630439229046,66602700
2004-02-27,16.349328994750977,16.404792321782775,16.238402340687383,16.31235265978369,58266500
2004-03-01,16.454092025756836,16.46641629465227,16.330839933449965,16.410952970656083,51912300
2004-03-02,16.26304054260254,16.447918560305997,16.238390845493054,16.398617990668733,66331000
2004-03-03,16.2507266998291,16.361652171061703,16.158287044006688,16.23840125566357,54998700
2004-03-04,16.2507266998291,16.28153913482387,16.152124321923925,16.226075811498045,44023200
2004-03-05,16.2384090423584,16.39247364204791,16.145970517628616,16.164457517322806,59849800
2004-03-08,15.91794204711914,16.23839644803305,15.90561660660275,16.21374556700027,69367800
2004-03-09,15.850162506103516,16.004227075789114,15.739237003282167,15.899463121386132,81111700
2004-03-10,15.634466171264648,15.899456127202296,15.62214072901112,15.807017661138572,75155800
2004-03-11,15.461918830871582,15.887137331707523,15.449593384373317,15.5173821646945,90536300
2004-03-12,15.640642166137695,15.720756439378068,15.548203614677227,15.640642166137697,64137100
2004-03-15,15.505051612854004,15.671441559535603,15.443425576073537,15.59132735909533,68835300
2004-03-16,15.517383575439453,15.634472976979467,15.46808296038356,15.566684190495346,65453800
2004-03-17,15.486563682556152,15.68992878420292,15.474239415349457,15.560515162890843,56241400
2004-03-18,15.338668823242188,15.424945785159492,15.147629077960003,15.381806716491122,123231000
2004-03-19,15.178441047668457,15.36948196238717,15.13530315577049,15.264718006883792,86281600
2004-03-22,15.098321914672852,15.307849741399783,14.796355617429665,15.085996471825638,127605200
2004-03-23,14.882636070251465,15.19692790967532,14.857986352185298,15.190765186303954,91696300
2004-03-24,15.042864799499512,15.147628756057484,14.901125674573844,15.02437662760596,97584700
2004-03-25,15.523536682128906,15.5543491066677,15.147618990578616,15.159944430561595,85677900
2004-03-26,15.424939155578613,15.720742732509846,15.406450991238312,15.474239751733819,61584900
2004-03-29,15.597495079040527,15.652958412376092,15.406455361673174,15.560519915289905,51881600
2004-03-30,15.529706954956055,15.6098200029709,15.424943014986349,15.535868502525547,59010400
2004-03-31,15.363319396972656,15.529709417797923,15.326344228595733,15.529709417797923,70533200
2004-04-01,15.455758094787598,15.47424626691204,15.314018968091808,15.375645033087194,69051900
2004-04-02,15.930265426635742,15.961077848521613,15.67759980583223,15.702249508257216,98043800
2004-04-05,15.991903305053711,16.010390301727345,15.85632572721014,15.905626344038867,53800300
2004-04-06,15.899465560913086,15.961091633326772,15.813189764785669,15.880978561982678,48992000
2004-04-07,15.770044326782227,15.887133690843752,15.622142528955614,15.862482803496482,63268900
2004-04-08,15.702251434326172,15.930267380673579,15.62830114256177,15.911779220023131,45294600
2004-04-12,15.782373428344727,15.86248647995319,15.671446760410484,15.702259201316984,38786800
2004-04-13,15.683780670166016,15.880983219387607,15.659129763803362,15.825519855491546,56971500
2004-04-14,15.720746994018555,15.825510936174666,15.640632768912514,15.646795492029845,61079600
2004-04-15,15.542023658752441,15.856315325646083,15.468073369729616,15.733064452135155,73756900
2004-04-16,15.505051612854004,15.652953395875798,15.474239182173214,15.609815522755136,51768600
2004-04-19,15.733076095581055,15.776213992005514,15.443433918869077,15.455759367967358,44592100
2004-04-20,15.609822273254395,15.948763858994617,15.579009829248701,15.80702473589739,59902600
2004-04-21,15.683780670166016,15.708430401108759,15.52971603165916,15.628317306269954,49252000
2004-04-22,15.991903305053711,16.016553025758363,15.696098428661914,15.72074932478599,99207700
2004-04-23,16.97174835205078,17.082673820828536,16.84849626396124,16.885471420220494,258269000
2004-04-26,16.78687286376953,16.977912572519045,16.70059709377024,16.916287694187673,89391000
2004-04-27,16.77454948425293,16.866989163975283,16.71908614658726,16.7375743176156,80716800
2004-04-28,16.367813110351562,16.669779407002338,16.312349793066836,16.645129696775193,72842200
2004-04-29,16.31852149963379,16.602000963555813,16.21375752879167,16.33700967404813,77787300
2004-04-30,16.102827072143555,16.484907692863576,15.998063125770267,16.38630646985569,66172200
2004-05-03,16.2384090423584,16.34317301716405,16.13980779259068,16.13980779259068,65916200
2004-05-04,16.22607421875,16.355489018946617,16.035034554612928,16.238399661705667,55496400
2004-05-05,16.207599639892578,16.3924779129399,16.176787182094653,16.219925093179718,51841700
2004-05-06,16.096670150756836,16.232246577505688,16.04120679994603,16.12131987588407,62693900
2004-05-07,15.887134552001953,16.256888478901402,15.868646385489354,16.041199080016412,68290200
2004-05-10,15.979576110839844,16.05352644029238,15.788536388431616,15.794697936369916,64621400
2004-05-11,15.985738754272461,16.09050269998917,15.893300255209317,16.078177253335607,57917200
2004-05-12,15.985738754272461,16.022713918813864,15.671446917122337,15.94260086640428,64145600
2004-05-13,16.084335327148438,16.13979864563735,15.893295660919382,15.911782650136386,63861500
2004-05-14,15.936437606811523,16.12747732183605,15.800860049023134,16.02271337964468,43775300
2004-05-17,15.739241600036621,15.893306214717859,15.665290067804948,15.696102520573303,55149600
2004-05-18,15.91794204711914,16.00421777989646,15.800852713050844,15.837829034600013,58158600
2004-05-19,15.788535118103027,16.189102700763026,15.78853511810303,16.04120087833868,60052800
2004-05-20,15.856319427490234,15.942596354227232,15.770043676172193,15.868644870655372,52089900
2004-05-21,15.954923629760742,16.145964508578093,15.887136030411234,16.004224236296373,57809300
2004-05-24,15.874813079833984,16.127478874965856,15.862487632408193,16.053527365830483,56250500
2004-05-25,16.084335327148438,16.13979864563735,15.776206302396242,15.84399388855684,66615000
2004-05-26,16.108993530273438,16.115156255067628,15.930279212920142,16.016555009199696,50306900
2004-05-27,16.13979721069336,16.13979721069336,15.973407270019887,16.121309047701136,49071900
2004-05-28,16.164447784423828,16.238399264931935,16.035034162808277,16.108984467897475,37393000
2004-06-01,16.09050750732422,16.189108759173084,15.942605629550924,16.1028317822406,48369500
2004-06-02,16.102827072143555,16.19526674720533,16.02887674259729,16.096665524197444,54020000
2004-06-03,15.954923629760742,16.102825449367636,15.936436636946866,16.053524842832005,45933100
2004-06-04,15.991903305053711,16.17061760027557,15.985740581022691,16.04120392188244,48815300
2004-06-07,16.287704467773438,16.287704467773438,16.004225083620703,16.035038698973846,65218600
2004-06-08,16.39246368408203,16.423276115134392,16.170610419164547,16.195261304341557,58447700
2004-06-09,16.31235694885254,16.423283632082498,16.269219055467428,16.269219055467428,50385500
2004-06-10,16.49723243713379,16.509557883339774,16.256890937794054,16.256890937794054,48109200
2004-06-14,16.57734489440918,16.57734489440918,16.349330024840498,16.361654295186955,67377500
2004-06-15,16.89163589477539,17.008725273067274,16.620481978095974,16.632807423267572,114183400
2004-06-16,16.83617401123047,16.94710067645251,16.7314100691229,16.84849945745942,67431100
2004-06-17,17.11349105834961,17.20592955630275,16.817687394731852,16.830011665818137,105427500
2004-06-18,17.470914840698242,17.563353307231473,17.070347368774982,17.113485241462566,134218700
2004-06-21,17.470914840698242,17.66195449492277,17.32917578031936,17.390800641062263,116881700
2004-06-22,17.433937072753906,17.47091221873434,17.13813237865431,17.347660164907953,98932000
2004-06-23,17.440105438232422,17.489406043960248,17.255228460607857,17.378480562637005,58558400
2004-06-24,17.495563507080078,17.655790721382736,17.477076520126683,17.551026818777874,65503800
2004-06-25,17.60649871826172,17.643473885622406,17.40929625844554,17.551035379510996,71136500
2004-06-28,17.42778778076172,17.717428802380002,17.359998981383555,17.624990278494984,77024100
2004-06-29,17.563358306884766,17.612658914764516,17.366155875365763,17.366155875365763,55371700
2004-06-30,17.6003360748291,17.74823792036656,17.495572120645978,17.606498798653917,83544400
2004-07-01,17.643476486206055,17.772891354172806,17.4154615492173,17.686615559141337,78441400
2004-07-02,17.60649871826172,17.674287504605797,17.501734764556954,17.637312337245106,36690100
2004-07-06,17.267553329467773,17.458593023358407,17.218252725385703,17.45243030092076,69158900
2004-07-07,17.316852569580078,17.45242892627226,16.97790991472108,17.051861402728925,66255700
2004-07-08,17.03337287902832,17.347664639475592,16.97790955804239,17.181274676517802,59125100
2004-07-09,17.168954849243164,17.255230626240188,17.033377284911495,17.119654237327822,50249300
2004-07-12,17.187442779541016,17.255231565396414,17.002565768650943,17.05186638324959,45757300
2004-07-13,17.008731842041016,17.22442251416968,17.008731842041016,17.199771614306016,43274100
2004-07-14,17.335338592529297,17.477078838682193,16.84849533966348,16.8854704938943,87656300
2004-07-15,17.175111770629883,17.37847687300807,17.131972721285134,17.286037228402513,46759700
2004-07-16,16.934782028198242,17.378488867199586,16.793042865926022,17.366163416022946,66406300
2004-07-19,17.224414825439453,17.415454512427093,17.008724249591946,17.02104969402188,60354500
2004-07-20,17.452428817749023,17.551030017533673,17.162787940309,17.255226418179728,89010700
2004-07-21,17.785215377807617,18.419960691087454,17.754401756752628,18.419960691087454,201518000
2004-07-22,17.871488571166992,18.05636556897687,17.76672462562959,17.914626458961344,124640700
2004-07-23,17.273719787597656,17.50173469000659,17.26755706382723,17.489409242465737,97372700
2004-07-26,17.661956787109375,17.692769221479697,17.378478629561528,17.47707983004939,72387600
2004-07-27,17.526384353637695,17.723586798757896,17.33534345643562,17.686611634152683,72968400
2004-07-28,17.6126651763916,17.742080052722326,17.427788124970142,17.46476330017051,62718800
2004-07-29,17.5510311126709,17.748233524545096,17.409292026063703,17.735909255367275,60148400
2004-07-30,17.55718994140625,17.754392309547946,17.458588757335402,17.532540233097954,59552900
2004-08-02,17.575685501098633,17.594172496255577,17.353832155860687,17.42162093922102,52267000
2004-08-03,17.298368453979492,17.514059071133758,17.255230565632502,17.48940817755302,53990900
2004-08-04,17.29220962524414,17.37848659678927,17.24907172718136,17.261397176747746,46217900
2004-08-05,16.965591430664062,17.384646087522018,16.959428706610638,17.353833642674328,55591700
2004-08-06,16.725252151489258,17.168958939862762,16.67595152782771,16.873154022473898,75628000
2004-08-09,16.74989891052246,16.81152496872058,16.700598299047826,16.799199521997096,51877500
2004-08-10,17.082674026489258,17.101162192550976,16.793033144036546,16.823845578720373,57632700
2004-08-11,16.89163589477539,16.95326194521423,16.762222246731053,16.879310449603793,53097300
2004-08-12,16.565017700195312,16.830008879090986,16.55269343114969,16.78070827665126,50279700
2004-08-13,16.65130043029785,16.793039564706625,16.626649532790506,16.645137705921012,43333200
2004-08-16,16.694435119628906,16.762223899336917,16.614320893534117,16.657459955887838,54347200
2004-08-17,16.66978645324707,16.87315164411299,16.626648560551182,16.774550410688267,56879700
2004-08-18,16.92244529724121,16.947096183163264,16.571178400784493,16.595829286706547,58844000
2004-08-19,16.71291160583496,16.916276627374817,16.64512287351553,16.854650613940645,46293000
2004-08-20,16.762222290039062,16.866986223430025,16.663621079249822,16.719083231827014,46494800
2004-08-23,16.83638572692871,16.892012646795973,16.762217286363104,16.85492842651317,39572200
2004-08-24,16.83638572692871,16.972361987223064,16.74367458677865,16.93527776694026,40835300
2004-08-25,17.027997970581055,17.102167629511047,16.799310448413152,16.8178519789806,53512700
2004-08-26,16.960006713867188,17.058898785059355,16.92910220481559,16.97236733860135,35465500
2004-08-27,16.972368240356445,17.089803023218973,16.96618851710427,16.99709184891131,33248700
2004-08-30,16.87347984313965,16.929106795630904,16.59534625957017,16.87347984313965,36679600
2004-08-31,16.87347984313965,16.88584165011255,16.718960792638786,16.867300118539998,52106700
2004-09-01,16.929101943969727,17.00945248737936,16.774582937752005,16.830209874301303,48507500
2004-09-02,17.071264266967773,17.10834850693363,16.90438341879131,16.935286755615067,42161700
2004-09-03,16.75604248046875,17.071261414729115,16.749861578359347,16.972368159865194,46174400
2004-09-07,16.910560607910156,16.922921232592888,16.786944929991044,16.86729547430441,44893400
2004-09-08,16.84874725341797,16.978542611745965,16.774577635169052,16.873469673576885,53278100
2004-09-09,16.861112594604492,16.978546178076822,16.79930476289539,16.873473217837244,56904700
2004-09-10,16.990907669067383,17.003269470960106,16.799304455275394,16.89819651264457,52664500
2004-09-13,16.84257698059082,17.040361182199717,16.527357967194074,17.015638746442022,48239200
2004-09-14,16.960006713867188,17.00327184765295,16.854933740864702,16.916741580081425,55920000
2004-09-15,16.80548095703125,16.935276306269245,16.774576460389344,16.910553887841722,52605700
2004-09-16,16.84874725341797,16.904374172383136,16.793120334452805,16.82402365437297,35951500
2004-09-17,17.003265380859375,17.015627179778495,16.848746431028466,16.929095766230688,65283000
2004-09-20,17.003265380859375,17.089795615521155,16.892011548359356,16.960000263528485,51513600
2004-09-21,16.84874725341797,17.015628010313467,16.842566353656718,16.966181991109554,73874400
2004-09-22,16.76222038269043,17.145426813799777,16.731315877674305,16.86111244096938,68409000
2004-09-23,16.90438461303711,16.929107048465337,16.793130706393033,16.805492513550558,52155800
2004-09-24,16.867294311523438,16.97236609795893,16.805486476824733,16.929100967335753,49859800
2004-09-27,16.80548095703125,16.885830290528197,16.768395561060963,16.793119158374488,47813600
2004-09-28,16.85493278503418,16.91055971928602,16.71277558811788,16.817847376275346,62055100
2004-09-29,17.046539306640625,17.114528056941552,16.830212429317662,16.84875513727791,61529300
2004-09-30,17.089801788330078,17.176333233132908,17.0094524241058,17.052717557063986,71218000
2004-10-01,17.46064567565918,17.503910803755815,17.17015040209154,17.19487282719548,66302800
2004-10-04,17.380292892456055,17.590437590493714,17.349388393563686,17.578076969822856,62016200
2004-10-05,17.541004180908203,17.58427051046052,17.367943578246685,17.398846920468543,58017700
2004-10-06,17.63370704650879,17.646067669392988,17.448283556610132,17.54717561300156,56999600
2004-10-07,17.41119956970215,17.6707915160223,17.40501866873187,17.639888190057224,38401500
2004-10-08,17.299945831298828,17.510091750216382,17.2875840292716,17.36793456356225,49556600
2004-10-11,17.343219757080078,17.442111865689544,17.262870360917486,17.429751236278552,44691000
2004-10-12,17.324676513671875,17.405025901904434,17.188698993588883,17.201060800666756,56412900
2004-10-13,17.324676513671875,17.47301466194593,17.26904956070825,17.423568612521244,49500700
2004-10-14,17.182514190673828,17.405021952032712,17.182514190673828,17.330853484170778,41548700
2004-10-15,17.299945831298828,17.45446481998019,17.194872871840047,17.2875840292716,49828500
2004-10-18,17.559537887573242,17.584261491779948,17.29376503678282,17.349391967361573,50350700
2004-10-19,17.417377471923828,17.67078847364395,17.411196572017715,17.633704253093377,57026500
2004-10-20,17.738784790039062,17.769688123917316,17.38030069417289,17.442107361929395,69078100
2004-10-21,17.652250289916992,17.856215323454872,17.596623355416984,17.806769290442247,94988500
2004-10-22,17.145429611206055,17.51627547970158,17.04653753679212,17.49155187165484,101912800
2004-10-25,17.077436447143555,17.163967874020326,17.027990422736632,17.10216004879012,61529500
2004-10-26,17.244325637817383,17.244325637817383,17.07744478191428,17.126890830453704,76966600
2004-10-27,17.398832321166992,17.522447944102858,17.046529328351507,17.21959096468453,72392600
2004-10-28,17.312314987182617,17.639895806734664,17.2443262260392,17.374122844686923,63059600
2004-10-29,17.287580490112305,17.398834327808515,17.182507552164335,17.380292807449873,80010100
2004-11-01,17.35557746887207,17.47919316489986,17.28140781547807,17.405023511505856,72930900
2004-11-02,17.4544734954834,17.59663075279482,17.324678046343468,17.46683530365489,89417100
2004-11-03,17.596628189086914,17.70788208864759,17.497736095896702,17.70788208864759,79666700
2004-11-04,17.924203872680664,17.924203872680664,17.540996236692646,17.540996236692646,87867700
2004-11-05,18.115800857543945,18.146705354004908,17.942740392906558,18.053993043508022,95337700
2004-11-08,18.09725570678711,18.220870131165956,18.004543414895775,18.035447905154808,112802100
2004-11-09,18.400114059448242,18.474282484028024,18.14052221564731,18.189968224995777,100401000
2004-11-10,18.375402450561523,18.542283283041687,18.35068001920518,18.492837241442373,84097700
2004-11-11,18.52992057800293,18.59172842172199,18.43102849960706,18.47429363654443,87358900
2004-11-12,18.523733139038086,18.66589148309268,18.418660195460074,18.64116788277496,162269000
2004-11-15,18.868175506591797,18.943951733981198,18.73729096790461,18.8337324835514,104468000
2004-11-16,18.682186126708984,18.83373730637897,18.633964042620068,18.82684843722341,64522600
2004-11-17,18.71661949157715,18.840616444498853,18.640843283921274,18.77172910244049,58830700
2004-11-18,18.647741317749023,18.716628693676117,18.59952054877528,18.68907321773832,63249900
2004-11-19,18.503068923950195,18.64773115200936,18.48929119349217,18.620177005010007,85808600
2004-11-22,18.358413696289062,18.475521830385805,17.979535134520525,18.427301065860785,92410800
2004-11-23,18.27574348449707,18.392851577459048,18.18618954133488,18.268854618567914,70459700
2004-11-24,18.351520538330078,18.41351902506095,18.186191678353417,18.33774411876976,60069200
2004-11-26,18.32396125793457,18.475512342027343,18.28951693387943,18.296405798690458,24398700
2004-11-29,18.441070556640625,18.565067503641078,18.330851340177265,18.351516622066207,67079900
2004-11-30,18.468631744384766,18.60640647444461,18.392856825377336,18.427299850933696,75960400
2004-12-01,18.7717342376709,18.792400840117033,18.468630638046573,18.56507346887807,99889000
2004-12-02,18.66151237487793,18.87506198127528,18.544404271901907,18.785509344372176,96088300
2004-12-03,18.757951736450195,18.902615288980936,18.695953258782275,18.709730990245543,76498400
2004-12-06,18.826841354370117,18.90261757265603,18.647734765459653,18.668401365151343,55297400
2004-12-07,18.647741317749023,18.861291000597348,18.59952054877528,18.778627200618764,111656000
2004-12-08,18.84750747680664,18.84750747680664,18.537515058865644,18.606402408843298,95655000
2004-12-09,18.757951736450195,18.84750567704465,18.558179885899957,18.68906439305064,83006000
2004-12-10,18.65462303161621,18.723510381121056,18.627068880164416,18.65462303161621,70949200
2004-12-13,18.7717342376709,18.792400840117033,18.53751799894989,18.668403853274484,93812500
2004-12-14,18.757951736450195,18.826839079849748,18.62706722929951,18.633954781114355,127843200
2004-12-15,18.675291061401367,18.875062944961826,18.647735593921574,18.75106596913678,106303900
2004-12-16,18.70973014831543,18.79239521945836,18.606399794824316,18.702841282893793,88997500
2004-12-17,18.571950912475586,18.819944751160882,18.461731720596877,18.599506367403468,126184400
2004-12-20,18.565073013305664,18.702846417814325,18.523739809427685,18.606404903266554,85552800
2004-12-21,18.647741317749023,18.716628693676117,18.55818864878599,18.59952054877528,94646100
2004-12-22,18.578855514526367,18.702852538908033,18.44797093449463,18.489302837982677,63651900
2004-12-23,18.60640525817871,18.70284677456608,18.482408272013743,18.509963741791346,65801900
2004-12-27,18.496183395385742,18.668401115428594,18.475516795970503,18.60640263109981,55958500
2004-12-28,18.565073013305664,18.620182637892547,18.461741317527803,18.496185654092788,55075900
2004-12-29,18.530630111694336,18.59951747624163,18.475520482839936,18.496187086379283,47594900
2004-12-30,18.43418312072754,18.558180077342506,18.42729425492484,18.523735748329013,48355400
2004-12-31,18.406625747680664,18.530622691429947,18.37907160124564,18.427292342944437,54959500
2005-01-03,18.42041015625,18.565073747711416,18.358411661897556,18.461742047845913,65002900
2005-01-04,18.489294052124023,18.668400634019935,18.365297086664015,18.509960651006324,109442100
2005-01-05,18.447969436645508,18.668407989240354,18.434191698628975,18.48930133677769,72463500
2005-01-06,18.42729377746582,18.6408433561491,18.351517569516332,18.496181119791103,76890500
2005-01-07,18.3721866607666,18.523737783324783,18.337743641886043,18.475517031325225,68723300
2005-01-10,18.46174430847168,18.503077519045956,18.2826389849857,18.32397088164267,70376600
2005-01-11,18.41351318359375,18.475511650656347,18.330849436787997,18.385959039297354,64712000
2005-01-12,18.447969436645508,18.496190205785954,18.337750160348087,18.441080567637243,72940600
2005-01-13,18.096635818481445,18.46173649324526,18.020859611756844,18.379072734924556,89861600
2005-01-14,17.99330711364746,18.220634440750928,17.93819749840774,18.186190110028058,92180800
2005-01-18,18.131084442138672,18.15175104507176,17.800426678712245,17.931312536120807,69146400
2005-01-19,17.896860122680664,18.08974438794027,17.85552824938095,18.05530006526004,58114100
2005-01-20,17.814208984375,17.979537908504636,17.731543865351433,17.80043124555149,58380100
2005-01-21,17.66953468322754,18.00019233178949,17.662645817976244,17.87619669901628,76501000
2005-01-24,17.68331527709961,17.910642611535497,17.662648677999286,17.74531376048366,69010900
2005-01-25,17.92441749572754,18.041525577518097,17.738422075133702,17.745310940405698,67580700
2005-01-26,17.91753578186035,18.027755042370597,17.841759547540597,17.958867676072387,64974500
2005-01-27,17.986413955688477,18.020856964275886,17.807307420417526,17.8761947515089,93204100
2005-01-28,18.034645080566406,18.35841401508328,17.88309260209345,18.282639089764114,110466500
2005-01-31,18.103525161743164,18.268853996664323,18.020860087324195,18.151745907688905,71442100
2005-02-01,18.17930030822754,18.206855771387605,18.06219221763086,18.082858815000908,57981700
2005-02-02,18.22751808166504,18.255073540330404,18.103522459420653,18.19996393691626,79329500
2005-02-03,18.034645080566406,18.186196245122055,17.979535446735508,18.165530953633787,62545400
2005-02-04,18.131084442138672,18.16552878036048,18.007087452374474,18.027754055307557,61246500
2005-02-07,18.02086067199707,18.11730216701752,17.951973326732396,18.096636883179897,57763400
2005-02-08,18.07597541809082,18.144862782916032,18.020865789014092,18.041532392636814,61343700
2005-02-09,17.95885467529297,18.124183446373486,17.93818940010558,18.082851582082423,77874800
2005-02-10,17.951976776123047,18.00019753289867,17.91064488658924,17.979532245090304,71796400
2005-02-11,17.889972686767578,17.99330434914337,17.77975347322229,17.93130587728456,83835900
2005-02-14,17.91753578186035,17.993312016180106,17.848648415562142,17.86242615160523,58694000
2005-02-15,17.917530059814453,18.021179216865963,17.869160541055116,17.965899578573786,76551600
2005-02-16,17.8207950592041,17.917534118636876,17.73787492399684,17.876074710018663,57506600
2005-02-17,17.724050521850586,17.869160394912353,17.68950124243949,17.76550992073801,67024800
2005-02-18,17.606586456298828,17.724055887013897,17.551306801725318,17.717145765445842,77091100
2005-02-22,17.433835983276367,17.61349517583212,17.413106938193163,17.447656225312386,96419200
2005-02-23,17.413105010986328,17.51675417884337,17.39237465022665,17.44074417402856,83689400
2005-02-24,17.530580520629883,17.578950061266152,17.37856045809174,17.39929082606634,85236300
2005-02-25,17.447656631469727,17.53748557085329,17.378556737651913,17.502936282929806,62467700
2005-02-28,17.385461807250977,17.530571673901846,17.36473144973786,17.426921204306737,82728000
2005-03-01,17.468385696411133,17.558214629116833,17.364735204404337,17.40619592839536,56394800
2005-03-02,17.45456886291504,17.60658759331669,17.38546896074301,17.406199326785924,67739000
2005-03-03,17.392372131347656,17.489111164941082,17.371641773590287,17.482201045688626,52183600
2005-03-04,17.392372131347656,17.482201045688626,17.364731654337827,17.420011290387,63058200
2005-03-07,17.59967041015625,17.82079027198566,17.385461985539223,17.392372104781128,80407400
2005-03-08,17.551307678222656,17.70332772436975,17.50984826471481,17.551307678222656,52871800
2005-03-09,17.489120483398438,17.668779725775916,17.46839143256681,17.544400148901417,62991800
2005-03-10,17.572025299072266,17.606574565608586,17.44764583078945,17.572025299072266,59132900
2005-03-11,17.33710289001465,17.60659111258369,17.31637251982808,17.58586206036839,60617900
2005-03-14,17.350915908813477,17.378555072910455,17.247265419030306,17.330185547262698,65550500
2005-03-15,17.212711334228516,17.440739975812786,17.198891097048776,17.344000951495325,71469400
2005-03-16,17.019237518310547,17.254176355108097,16.970867990376483,17.150527178396423,74841400
2005-03-17,16.9570369720459,17.053775958914898,16.95012685613099,17.026135495255268,60573200
2005-03-18,16.798118591308594,17.212716607934595,16.77738954715829,16.95013861092156,135904000
2005-03-21,16.72212028503418,16.832679649069814,16.687569660040808,16.825769524071138,71446200
2005-03-22,16.57699966430664,16.770479086266295,16.556269302606086,16.715199439702214,102113300
2005-03-23,16.70829200744629,16.853400608785492,16.556271966457473,16.57700233149348,79293300
2005-03-24,16.777393341064453,16.908681710274095,16.722113680878536,16.749752851985964,78820900
2005-03-28,16.72212028503418,16.908688388112072,16.70830003503683,16.86031883109293,49802000
2005-03-29,16.52863121032715,16.74974981092484,16.459531318147665,16.680649918745356,74231700
2005-03-30,16.6944637298584,16.715194084917897,16.58390447214837,16.611544945561032,59585700
2005-03-31,16.70138168334961,16.798120749736615,16.666832393345945,16.75666133813803,62382300
2005-04-01,16.66683006286621,16.82575888341395,16.65300982160882,16.749748874469056,64619600
2005-04-04,16.742834091186523,16.763564447299483,16.542445920642766,16.659915302675444,62196400
2005-04-05,16.908676147460938,16.92940650744969,16.6668285374453,16.735927101466554,73549600
2005-04-06,17.0468807220459,17.23345006068234,16.894861993140836,16.908680919062387,78020200
2005-04-07,17.34400749206543,17.364736537681775,17.019238385720197,17.039968749307402,77451500
2005-04-08,17.233442306518555,17.447650718586317,17.212711950007325,17.323271215459744,47956300
2005-04-11,17.254165649414062,17.350905963228502,17.178157003237683,17.29562634875024,47791800
2005-04-12,17.49601936340332,17.51674971888482,17.136701109546014,17.219621213501675,67517800
2005-04-13,17.30255126953125,17.585859700879947,17.268000657189276,17.43383964251746,60929300
2005-04-14,17.16434097290039,17.37163924845941,17.157430854652386,17.281810347175913,66754400
2005-04-15,16.901763916015625,17.205802568015557,16.86721463832106,16.98468402764123,100251600
2005-04-18,17.033058166503906,17.164347829723106,16.860309095204737,16.894859700247064,75766400
2005-04-19,17.019237518310547,17.13670693670932,16.89485929703901,17.07451716708816,65956200
2005-04-20,16.805017471313477,17.067596610660807,16.791197239143642,17.03995614632114,91923500
2005-04-21,17.468385696411133,17.544394387786493,16.908677784269155,16.915587904934323,93562300
2005-04-22,17.261079788208008,17.44764902478591,17.12288137879385,17.30944929740148,80087500
2005-04-25,17.267993927001953,17.46838344657045,17.178165005865768,17.323273567232818,75457900
2005-04-26,17.10906982421875,17.447657878355066,17.09524958087336,17.240359500058037,60464300
2005-04-27,17.267993927001953,17.37855320746368,17.019234886977774,17.039965246303318,47732800
2005-04-28,16.894851684570312,17.2196193100589,16.88794156684032,17.150519450729146,83623100
2005-04-29,17.482206344604492,17.482206344604492,17.12979938170684,17.191987837887513,98641200
2005-05-02,17.433835983276367,17.523666238539654,17.24035786665542,17.433835983276367,54376700
2005-05-03,17.523664474487305,17.551303637806168,17.337095179694884,17.36473434301375,67867800
2005-05-04,17.42000961303711,17.551299230251114,17.350911063106917,17.50983983669893,86864200
2005-05-05,17.433835983276367,17.50293587548563,17.330186803947885,17.413106938193163,59362300
2005-05-06,17.426918029785156,17.606577141593693,17.406188994018553,17.502928008849985,64322600
2005-05-09,17.350915908813477,17.502934606273676,17.30945518571192,17.43383471907514,61872400
2005-05-10,17.205801010131836,17.33018050732318,17.1505213800435,17.302541351264185,62235100
2005-05-11,17.212711334228516,17.254170727797376,17.026142086213106,17.198891097048776,59463300
2005-05-12,17.274898529052734,17.35090850433102,17.15742916633637,17.16433928390441,74540700
2005-05-13,17.482206344604492,17.53748599740911,17.26799785473295,17.2956383401207,77204300
2005-05-16,17.669363021850586,17.676295060924787,17.46140713822962,17.48913397237516,50577300
2005-05-17,17.64857292175293,17.676301087503404,17.50300401801808,17.544594944492076,39983200
2005-05-18,17.814937591552734,17.91198351822208,17.62084441606245,17.676299420180875,71182400
2005-05-19,17.967432022094727,18.05754587537899,17.81493114647862,17.849590015706926,52120800
2005-05-20,17.8426570892334,17.9674311276859,17.83572505130259,17.939702975962657,64444500
2005-05-23,17.918907165527344,18.071408024881478,17.842656074774787,17.842656074774787,75421100
2005-05-24,17.849597930908203,17.939711824152447,17.828801806858745,17.884256815505598,61287700
2005-05-25,17.821855545043945,17.86344775995548,17.676286759305505,17.80106075973882,35749000
2005-05-26,17.95356559753418,18.0228846490762,17.83572360655803,17.849587681296622,50579200
2005-05-27,18.0714054107666,18.085269483834466,17.89117642733671,17.905040500404574,54978000
2005-05-31,17.88425064086914,18.043684892566013,17.84959176823791,18.01595673674004,46131100
2005-06-01,17.891185760498047,18.022891879047343,17.7525489239501,17.835730761448573,54621000
2005-06-02,17.877323150634766,17.925846109936597,17.773343869672004,17.821866828973835,27212500
2005-06-03,17.62776756286621,17.89117836898856,17.565380549441013,17.81492860314181,79659500
2005-06-06,17.586177825927734,17.676291672314658,17.544585599455914,17.593108541522028,40756900
2005-06-07,17.6832332611084,17.905053300163264,17.544595075623246,17.55845915860211,54511400
2005-06-08,17.606979370117188,17.759481614703624,17.565388449844303,17.710957331875157,45369700
2005-06-09,17.6832332611084,17.752552353850977,17.572323241580968,17.606982126876392,52767900
2005-06-10,17.62776756286621,17.690154576291413,17.565380549441013,17.669358464432705,39459800
2005-06-13,17.544588088989258,17.669362141807827,17.509929217495742,17.57924828263397,49104100
2005-06-14,17.57924461364746,17.634699589753726,17.496061488412607,17.54458442723672,44243300
2005-06-15,17.509937286376953,17.613915270923545,17.40595930183036,17.606983229000196,50764800
2005-06-16,17.35743522644043,17.48914004815107,17.295048175250454,17.48220800666866,65918800
2005-06-17,17.35743522644043,17.53073229704554,17.27425205080322,17.516868214080716,90821300
2005-06-20,17.405954360961914,17.523796395904462,17.281180286063755,17.315839163690384,50538900
2005-06-21,17.43368148803711,17.461409648319854,17.357431691562468,17.385158529693758,81084000
2005-06-22,17.378225326538086,17.50993143476343,17.35049849026249,17.40595348496505,60492700
2005-06-23,17.544588088989258,17.75947732313288,17.433678113628574,17.44754219108646,105159800
2005-06-24,17.35743522644043,17.606982109048612,17.35743522644043,17.48220800666866,57970700
2005-06-27,17.36435890197754,17.502997031084224,17.35049614678782,17.378222979318444,61636200
2005-06-28,17.378225326538086,17.46834051927435,17.35049849026249,17.392089405751566,53058100
2005-06-29,17.392087936401367,17.551520867432803,17.32970090736276,17.4822017993731,55859900
2005-06-30,17.218793869018555,17.426749786573982,17.2049297886078,17.371294787082437,82018200
2005-07-01,17.12868309020996,17.322776299610595,17.10095624438234,17.225730355986187,69718400
2005-07-05,17.315837860107422,17.4614080439135,17.066291051249088,17.094017886832756,61883500
2005-07-06,17.121746063232422,17.385156951245403,17.114814023791116,17.308905839542366,64214600
2005-07-07,17.08708953857422,17.12868046200991,16.98311156890918,17.03856657420731,80082900
2005-07-08,17.392087936401367,17.412884053464655,17.07322075218724,17.080152791208334,56104000
2005-07-11,17.53072166442871,17.59310735562921,17.405947637725873,17.433674464687105,61525400
2005-07-12,17.75255012512207,17.759482165741225,17.468343070494598,17.49606991081965,63384800
2005-07-13,17.787202835083008,17.849589856859655,17.662428791529717,17.697088982600686,44749200
2005-07-14,18.002099990844727,18.092215211830645,17.877327205263253,17.877327205263253,69506800
2005-07-15,17.877323150634766,18.092211108464944,17.8495949898043,18.05062018937073,56472800
2005-07-18,17.710956573486328,17.87732289175704,17.710956573486328,17.821866570899164,39668000
2005-07-19,18.133800506591797,18.196187541076167,17.849593492674718,17.87732165117949,113290100
2005-07-20,18.15459632873535,18.182323164635562,17.93970707028981,18.02289022229314,71424800
2005-07-21,18.327890396118164,18.355617227549523,18.022887317466413,18.230843180730574,112932100
2005-07-22,17.801067352294922,18.25857130855147,17.76640716036571,18.015955253651512,97558900
2005-07-25,17.808000564575195,17.95356941382032,17.780272409204,17.808000564575195,45174600
2005-07-26,17.704025268554688,17.842662099648503,17.697093228677286,17.828798019893696,51476400
2005-07-27,17.828800201416016,17.88425520506927,17.697095394084275,17.75255039773753,57977300
2005-07-28,17.849597930908203,17.91891702225469,17.787210880911534,17.849597930908203,44738700
2005-07-29,17.75255012512207,18.02289309851124,17.738686043883767,17.870392171344555,59524400
2005-08-01,17.967432022094727,18.05754587537899,17.85652205398281,17.891180923211117,61346800
2005-08-02,18.58437156677246,18.646758598106956,17.932775740625303,17.9535705363026,137510100
2005-08-03,18.889375686645508,19.014149755936376,18.52891755806108,18.549713676993353,139422400
2005-08-04,18.937898635864258,19.062672705114682,18.75073753198862,18.82698864589752,91461400
2005-08-05,19.24290657043457,19.367680670816007,18.889380393404394,18.917108558889915,82212400
2005-08-08,18.806188583374023,19.298352717528626,18.771529714584037,19.270624564775762,77207200
2005-08-09,18.95869255065918,19.06960252773157,18.723008518842555,18.868577367943356,64761800
2005-08-10,18.681411743164062,19.06266450439157,18.61209269871793,19.000277496605136,62818800
2005-08-11,18.903242111206055,18.924036910566905,18.639829860655315,18.702216903040934,48646800
2005-08-12,18.750732421875,18.813119439497957,18.646754499887077,18.77152853513299,52006500
2005-08-15,18.861974716186523,18.980166284192293,18.55606822046708,18.75768835055157,45976600
2005-08-16,18.590831756591797,18.86892920141037,18.56302267514655,18.792453232881027,46894600
2005-08-17,18.736827850341797,18.875875865977616,18.535206437471576,18.64644538040935,52413100
2005-08-18,18.64645004272461,18.827213701714424,18.632544839862362,18.695116926669343,40861900
2005-08-19,18.57691764831543,18.70901436856348,18.56301377729399,18.667300103353995,36043500
2005-08-22,18.709030151367188,18.88979388786273,18.61169634174409,18.625601550568447,41691700
2005-08-23,18.681209564208984,18.820257588667502,18.590827088541708,18.66035176380741,48296700
2005-08-24,18.63949966430664,18.882835439124523,18.618643183598984,18.660357471087586,63645000
2005-08-25,18.79245948791504,18.834173787004044,18.667315264574363,18.70207695946959,39306300
2005-08-26,18.750736236572266,18.827213525525803,18.68121287505791,18.813308322793684,36774600
2005-08-29,18.875879287719727,18.931498769271087,18.639496159608186,18.639496159608186,52307700
2005-08-30,18.896738052368164,18.931499732829643,18.7437834757622,18.813308162758265,55163200
2005-08-31,19.035791397094727,19.07750701654382,18.799409517250595,18.88979070724334,65210200
2005-09-01,18.910642623901367,19.042738066105223,18.87587961852688,19.035785465030322,75974500
2005-09-02,18.785491943359375,18.95930293174855,18.750728950037978,18.91758733976287,52047500
2005-09-06,18.771595001220703,18.97321647293413,18.75768979777705,18.81330928547848,46089000
2005-09-07,18.66730308532715,18.84806669820744,18.646445286354222,18.729875156173126,44656100
2005-09-08,18.50045394897461,18.688168929571045,18.43788184675131,18.63254943049183,52552300
2005-09-09,18.479591369628906,18.646449823797393,18.444829688954556,18.507401775026878,41515800
2005-09-12,18.50045394897461,18.59778774084487,18.43788184675131,18.50740655211869,40550500
2005-09-13,18.410062789916992,18.604731608326208,18.33358684338749,18.451778389194363,63422900
2005-09-14,18.291872024536133,18.52130252605901,18.284919424359938,18.43787397609045,54969600
2005-09-15,18.264070510864258,18.37530950758832,18.22930749559209,18.33359521533516,60357200
2005-09-16,18.125009536743164,18.35443998685108,18.05548487663446,18.312725721214896,187384300
2005-09-19,18.07634925842285,18.26406551128709,17.97901549445165,18.13892134271093,61832300
2005-09-20,17.96510887145996,18.229301063949237,17.860822514584534,18.12501470707381,61043400
2005-09-21,17.721773147583008,18.00682314176205,17.680058870064187,17.937298461848705,68281800
2005-09-22,17.617494583129883,17.798258300428852,17.48539776547418,17.721780986090252,71314900
2005-09-23,17.56882667541504,17.756542985616978,17.464540278438456,17.596635762441167,66396800
2005-09-26,17.56882667541504,17.72177996924246,17.52711105576562,17.659207865841815,56203700
2005-09-27,17.617494583129883,17.693971897468483,17.58968416843455,17.63835239415138,48797900
2005-09-28,17.846921920776367,17.98597131655617,17.64530042950299,17.65225303189931,71019400
2005-09-29,18.03464126586914,18.076355561248352,17.728733338916655,17.805210652173162,66807100
2005-09-30,17.888635635375977,18.041590231043028,17.80520706144238,18.013779822349644,57644500
2005-10-03,17.728731155395508,17.888637039715974,17.687016865153947,17.87473183427766,55341300
2005-10-04,17.367198944091797,17.652248945994877,17.207293104209192,17.631392469706803,151666300
2005-10-05,17.151670455932617,17.41586260667617,17.151670455932617,17.40891133324611,73684700
2005-10-06,17.193389892578125,17.346344475449495,17.054341838963342,17.144723007509292,81724600
2005-10-07,17.09605598449707,17.269867044667986,17.04738909982092,17.221200159991835,50768700
2005-10-10,17.005672454833984,17.158627027155124,16.929196494746485,17.151674426042973,48880900
2005-10-11,16.970905303955078,17.068239035998793,16.859666374170075,17.040429966588864,76567300
2005-10-12,16.894437789916992,17.172536600904877,16.87358130734429,17.026534592528897,71294400
2005-10-13,17.09605598449707,17.193389753849374,16.873578039650003,16.90138711971931,70192000
2005-10-14,17.151670455932617,17.193384726876808,17.03347891653011,17.179479527871155,53846700
2005-10-17,17.054346084594727,17.165585085608452,16.99177398076532,17.15863248228591,46924400
2005-10-18,17.082151412963867,17.262915081353345,16.998722843598383,17.02653192469581,69328200
2005-10-19,17.443675994873047,17.443675994873047,17.03348183640042,17.07519611449525,66574500
2005-10-20,17.23509979248047,17.471481537924312,17.200336796038197,17.4158620696894,58830600
2005-10-21,17.228145599365234,17.381098791342918,17.082143679960204,17.318526729608273,69431200
2005-10-24,17.450632095336914,17.450632095336914,17.158629437965246,17.30463010361445,51868000
2005-10-25,17.401962280273438,17.471485637325067,17.26291291402411,17.346342798988314,41310500
2005-10-26,17.457584381103516,17.610537646070288,17.3324401979156,17.36024927969445,58178100
2005-10-27,17.276819229125977,17.56882185620684,17.276819229125977,17.534058849367973,61566100
2005-10-28,17.749589920043945,17.798256815627227,17.450634617376984,17.450634617376984,106559300
2005-10-31,17.867778778076172,17.937302146196746,17.72872938968853,17.80520668590906,75122100
2005-11-01,18.048542022705078,18.145877129839047,17.80520757005344,17.80520757005344,71370400
2005-11-02,18.396163940429688,18.423974349547958,18.027685302125636,18.027685302125636,75067100
2005-11-03,18.38225555419922,18.52130358747298,18.250158795427126,18.493494511247413,73421600
2005-11-04,18.53521728515625,18.56997897789119,18.389216584381213,18.44483608840126,57464000
2005-11-07,18.778549194335938,18.82721608443983,18.563023826987287,18.57692770553604,77104800
2005-11-08,18.806350708007812,18.8967331755992,18.611683225945313,18.729874765514445,60091700
2005-11-09,18.743789672851562,18.87588648921075,18.729885791713922,18.75769488006275,59562100
2005-11-10,18.834169387817383,18.87588367716298,18.521308902542003,18.729883001416706,73314800
2005-11-11,18.96625518798828,19.04273111976942,18.861967535979545,18.875872733057054,51945600
2005-11-14,19.02883529663086,19.077502180912248,18.910643723630425,19.021882695151643,67152200
2005-11-15,19.17526626586914,19.20315820063697,19.000945663452146,19.05672820302716,65081000
2005-11-16,19.34261703491211,19.440236162577374,19.133432809926298,19.161323419276002,86277000
2005-11-17,19.50298500061035,19.52390394791172,19.35655635938201,19.419311871325704,91351000
2005-11-18,19.572717666625977,19.6982287172642,19.45417959990773,19.607582586225867,75431200
2005-11-21,19.635469436645508,19.691251967376186,19.412339313722786,19.572713923328436,65794400
2005-11-22,19.461153030395508,19.579691099833806,19.426289439956307,19.565745131673836,104253300
2005-11-23,19.46812629699707,19.586664368155592,19.342615241657374,19.46812629699707,70541300
2005-11-25,19.3565673828125,19.48207847817758,19.15435476695517,19.384457998470758,44082500
2005-11-28,19.349584579467773,19.419313078178675,19.196182946272184,19.37747651093633,57517200
2005-11-29,19.300779342651367,19.37748084137048,19.244996797208593,19.37748084137048,62220400
2005-11-30,19.300779342651367,19.36353487251959,19.26591442052414,19.300779342651367,55904700
2005-12-01,19.44721221923828,19.59364226382677,19.335647104295184,19.335647104295184,61006100
2005-12-02,19.530879974365234,19.593635496089796,19.377478326794417,19.398395947395528,42319600
2005-12-05,19.419307708740234,19.53784572478486,19.321687305552818,19.47509022629299,47517300
2005-12-06,19.307750701904297,19.46812534030812,19.30077771806578,19.45417937263109,65980000
2005-12-07,19.349584579467773,19.349584579467773,19.21012758204597,19.29380204649115,55583200
2005-12-08,19.307750701904297,19.391423848045125,19.244995177318334,19.32169533962065,63931600
2005-12-09,19.321697235107422,19.40537171941752,19.272887673410203,19.321697235107422,48467000
2005-12-12,19.14040756225586,19.349591806558582,19.056733066558177,19.314728209161792,63757200
2005-12-13,18.917261123657227,19.126446533231125,18.82661504381383,19.02882747340594,104285500
2005-12-14,18.889385223388672,18.99397734453375,18.72203756356435,18.826629684709427,65076200
2005-12-15,18.770843505859375,18.903327543033132,18.694142011186035,18.882408590860205,79018100
2005-12-16,18.756893157958984,18.882404181767935,18.694137646054507,18.74294719310012,88542500
2005-12-19,18.708084106445312,18.735976036901828,18.582573079311878,18.701111123831183,68680100
2005-12-20,18.729001998901367,18.742946633383397,18.596517996619326,18.659273506649747,62960600
2005-12-21,18.638362884521484,18.763873960639902,18.624416913850336,18.735983349258568,75800900
2005-12-22,18.54073715209961,18.673221166409704,18.422199103498052,18.624410286429832,91276900
2005-12-23,18.57560157775879,18.596520527269078,18.43614590423853,18.49192843963874,30689200
2005-12-27,18.45009422302246,18.722035301089974,18.44312256842146,18.603497223460753,37819000
2005-12-28,18.401281356811523,18.589547916291856,18.373390753533275,18.484955826567422,35444400
2005-12-29,18.317609786987305,18.477984426974253,18.310636803079955,18.415228901768803,34495500
2005-12-30,18.233928680419922,18.345493722452396,18.199065103519853,18.233928680419922,49044600
2006-01-03,18.715057373046875,18.82662243664497,18.199068621415567,18.303660702293723,79973000
2006-01-04,18.80569839477539,18.882399853958905,18.666242768030944,18.666242768030944,57975600
2006-01-05,18.81964874267578,18.91726783714469,18.763866212984915,18.798729795306553,48245500
2006-01-06,18.76386833190918,18.82662385114317,18.471009685470754,18.7499223654215,100963000
2006-01-09,18.729001998901367,18.875430635665438,18.659273506649747,18.777811544489392,55625000
2006-01-10,18.826623916625977,18.84056988316216,18.54073825243702,18.582574822085007,64921900
2006-01-11,19.028837203979492,19.09856437953316,18.756896165469833,18.83359765453161,70120700
2006-01-12,18.924243927001953,19.00791840025798,18.805705865699615,19.00094541665659,45994800
2006-01-13,18.9591064453125,19.00094301166485,18.833595416294983,18.84754138173259,41418000
2006-01-17,18.81964874267578,18.95910573188315,18.756893230528508,18.756893230528508,58566600
2006-01-18,18.708084106445312,18.81267618573636,18.617437992382524,18.645328592878595,52376200
2006-01-19,18.840572357177734,18.993974019337728,18.722034285975685,18.73598025434316,60367600
2006-01-20,18.415225982666016,18.833595641063933,18.310633900556656,18.833595641063933,79165900
2006-01-23,18.373395919799805,18.498906994744804,18.338530993447886,18.41523250146115,47925600
2006-01-24,18.3245792388916,18.443117282547323,18.282741343511628,18.36641580431114,63040700
2006-01-25,18.408262252807617,18.526800360104396,18.28972414551084,18.415235239114622,59072100
2006-01-26,18.47797203063965,18.6313735838066,18.345488085201033,18.519808576056125,69509300
2006-01-27,19.377485275268555,19.489050391682103,18.95911542373721,18.98700603786005,134520700
2006-01-30,19.52390480041504,19.64941582978281,19.37050317005469,19.398393771047267,103999200
2006-01-31,19.62849235534668,19.788866931463804,19.433254203538063,19.461144798099223,94841300
2006-02-01,19.551794052124023,19.572711667511932,19.356554552088387,19.496010197862166,68448800
2006-02-02,19.300779342651367,19.516936539997026,19.210131875081363,19.50299057114613,55073400
2006-02-03,19.203155517578125,19.31472058114031,19.06369852314516,19.161317621271955,75022700
2006-02-06,18.94516372680664,19.203158811777165,18.88938118545635,19.182239860035544,60170500
2006-02-07,18.784788131713867,18.931216796579175,18.694140675402426,18.791761115273257,72159500
2006-02-08,18.76386833190918,18.88240638713332,18.624411326953524,18.83359683438701,51795200
2006-02-09,18.589555740356445,18.847550911559555,18.582582754111915,18.798740007847833,52861700
2006-02-10,18.610462188720703,18.749917829982714,18.484951180612725,18.56165264778099,52127000
2006-02-13,18.401281356811523,18.617439849530683,18.36641777022357,18.568628966362738,46707000
2006-02-14,18.582578659057617,18.60349761318129,18.373394437664285,18.415231015950784,58432900
2006-02-15,18.806459426879883,18.841442482050557,18.540594879918277,18.610559655792525,62808900
2006-02-16,18.75748062133789,18.820448773210828,18.589565994499004,18.78546705971112,48868500
2006-02-17,18.680517196655273,18.757477219289736,18.58256601458123,18.65952737168228,41513200
2006-02-21,18.568586349487305,18.69452137878368,18.428656759868044,18.69452137878368,50216100
2006-02-22,18.694520950317383,18.792472194592875,18.519609634535893,18.561589311140004,43043100
2006-02-23,18.652542114257812,18.813460200243455,18.56858543220765,18.701517067864973,47359100
2006-02-24,18.631549835205078,18.70851122905625,18.554589775821132,18.60356472301107,44753800
2006-02-27,18.92540168762207,19.0723278701401,18.659537104949028,18.71550866627321,51301500
2006-02-28,18.799463272094727,19.10030952570585,18.799463272094727,18.85543482328599,65036100
2006-03-01,18.988374710083008,19.030354392647183,18.855443052032662,18.876431558847123,53061200
2006-03-02,18.869426727294922,18.96038133210486,18.820451786766668,18.90440978086299,41850300
2006-03-03,18.841449737548828,19.002367849899244,18.708516745644406,18.75749170727561,45218800
2006-03-06,18.827451705932617,18.995366389165014,18.77148014485515,18.834448317875708,53054100
2006-03-07,18.93239974975586,18.960386199795263,18.75748844041175,18.82045661853302,51613900
2006-03-08,19.065322875976562,19.24023409502222,18.869421830237417,18.883415048033076,57547400
2006-03-09,18.890413284301758,19.184264210991792,18.890413284301758,19.07931773741681,45360700
2006-03-10,19.00935935974121,19.044341084523246,18.806461619497068,18.93239796386002,41297200
2006-03-13,18.967374801635742,19.093311104690425,18.848435108135966,19.016349734053268,40342600
2006-03-14,19.051328659057617,19.156275118087887,18.883414057715864,18.91839710037037,39821800
2006-03-15,19.14228630065918,19.205254453053467,18.897410300733267,19.03034321517308,57152000
2006-03-16,19.079328536987305,19.22625341626356,19.04434546968279,19.128303496746057,73793700
2006-03-17,19.240243911743164,19.35218704229046,19.079325828389845,19.135297393663492,120615000
2006-03-20,19.513099670410156,19.583064441059168,19.359178242555934,19.38016807409074,67094100
2006-03-21,19.408151626586914,19.74398089743335,19.366173301347832,19.408151626586914,73199600
2006-03-22,18.99536895751953,19.240245070768253,18.750492844270806,18.946394001763277,145696100
2006-03-23,18.78546714782715,18.960378385079792,18.652534233864426,18.94638516582754,73682900
2006-03-24,18.897418975830078,19.037347229690102,18.624557746505698,18.687524593338864,69157600
2006-03-27,18.897418975830078,19.10031541099072,18.89042236296696,18.897418975830078,59908600
2006-03-28,18.820451736450195,19.0373413301242,18.757483574663055,18.89741311962715,58520500
2006-03-29,18.904409408569336,19.030345730000178,18.83444463727809,18.85543446900557,53150300
2006-03-30,19.051328659057617,19.163271726618788,18.890410666246765,18.91140049183947,54612000
2006-03-31,19.0373477935791,19.268232021498502,19.0373477935791,19.10031597674485,62190500
2006-04-03,19.2822208404541,19.401160574761597,19.198264165923682,19.359182237496388,57605300
2006-04-04,19.33819007873535,19.450133187640876,19.21925035871484,19.310204968742532,45470000
2006-04-05,19.408151626586914,19.548081156673046,19.338186861543846,19.506101496967066,41539300
2006-04-06,19.2822208404541,19.394163962806182,19.149289216703057,19.352185625540972,51885500
2006-04-07,19.065322875976562,19.394155487374388,19.051329658180904,19.31719545843165,47249400
2006-04-10,19.093311309814453,19.19825778533188,19.030343157610627,19.051331652034012,39432000
2006-04-11,18.981372833251953,19.11430578891087,18.890419548517276,19.093317287916005,42953400
2006-04-12,19.030349731445312,19.030349731445312,18.86943032329938,18.960384945442815,32183000
2006-04-13,18.93939208984375,19.03034669748653,18.89041714779014,18.946388700775277,28160000
2006-04-17,18.778478622436523,18.9254034844366,18.701517217883676,18.9114115936276,35796200
2006-04-18,19.044340133666992,19.240241252280217,18.76448234598181,18.848440349520963,56272700
2006-04-19,18.911415100097656,19.02335825413012,18.862438802549253,18.967386677113886,45111100
2006-04-20,18.911415100097656,19.02335825413012,18.68053217809725,18.92540699350097,45648300
2006-04-21,18.99536895751953,19.163283663455594,18.890422433117923,18.925404163095973,58528000
2006-04-24,18.967374801635742,19.065324666470794,18.87642021188877,18.939388363416114,42318400
2006-04-25,18.967374801635742,19.037338228251166,18.9044066501084,18.953381582525928,49222500
2006-04-26,18.96038055419922,19.051333820810488,18.890415784400634,18.946387333346102,39190000
2006-04-27,19.065322875976562,19.331187341760614,18.848433338010626,18.869421830237417,96509600
2006-04-28,16.896421432495117,17.141297376191154,16.791474980758682,16.95239296238565,591052200
2006-05-01,16.9943790435791,17.491126392584317,16.85444949865161,17.015367541191296,174800900
2006-05-02,16.798479080200195,17.49112757191185,16.721517691854302,17.13430840930879,190533500
2006-05-03,16.210771560668945,16.805469962270813,16.196778343109685,16.784480135931922,211527100
2006-05-04,16.399681091308594,16.5605991398531,16.18978676608494,16.336712927188206,171257400
2006-05-05,16.651559829711914,16.75650770629971,16.45565997361242,16.553609901662167,131604300
2006-05-08,16.60257911682129,17.491128779070188,16.448657663973673,16.686537122126406,80693500
2006-05-09,16.525615692138672,16.791480208270833,16.434661093709046,16.616568956101347,75345900
2006-05-10,16.630563735961914,16.644556957719658,16.50462740907637,16.56059896164027,76563300
2006-05-11,16.24576187133789,16.644560776118887,16.196786918417608,16.588587876247267,92916700
2006-05-12,16.210771560668945,16.35070106732821,16.12681358978005,16.18978173433005,83115900
2006-05-15,16.259944915771484,16.3161347375495,16.175660852939973,16.22482677953686,67314800
2006-05-16,16.161611557006836,16.8569610391096,16.0913739514097,16.266967295567092,82095100
2006-05-17,15.964947700500488,16.210778668289837,15.964947700500488,16.07732734183202,98598300
2006-05-18,16.035181045532227,16.252916375230708,15.986015132987795,16.042204938705808,95476400
2006-05-19,15.845550537109375,16.084357705903397,15.817456285312657,16.007097508708767,100071200
2006-05-22,16.070301055908203,16.168634232196887,15.768281652057452,15.78935199437797,87322300
2006-05-23,16.00709342956543,16.42149258074712,15.99304563741115,16.231852745349126,79986300
2006-05-24,16.505775451660156,16.533871031641226,16.14054094993217,16.147564844927437,107356700
2006-05-25,16.674345016479492,16.800772447840465,16.533871134711408,16.554941480157574,83052700
2006-05-26,16.66029930114746,16.772678956425228,16.547919645869694,16.695418780716242,46861600
2006-05-30,16.259944915771484,16.688393144123253,16.252921020590353,16.54089402466157,52497500
2006-05-31,15.908754348754883,16.400416175205162,15.908754348754883,16.33720247352811,120202000
2006-06-01,16.028156280517578,16.042204066100624,15.887682443698843,15.971966477855972,80230800
2006-06-02,15.986021041870117,16.147566625562366,15.922807319612952,16.063282555666905,73935600
2006-06-05,15.80340576171875,15.964951365761873,15.796381865064097,15.95792746910722,63914100
2006-06-06,15.543519973754883,15.845540696108536,15.438164250524022,15.838516802603717,126601300
2006-06-07,15.48030948638916,15.726139090476943,15.459237803322692,15.557569644957805,73827500
2006-06-08,15.529473304748535,15.599709559452755,15.431140136755392,15.473283497182747,104126900
2006-06-09,15.39603042602539,15.585671632608502,15.37495873429235,15.557576043631116,52573800
2006-06-12,15.248522758483887,15.522449239547234,15.241500204827737,15.424116072642407,74309700
2006-06-13,15.108054161071777,15.473288702962996,15.072934682233505,15.262575848946769,113175300
2006-06-14,15.367928504943848,15.410071871045442,15.136145350068539,15.164240927469603,86081500
2006-06-15,15.501382827758789,15.543524862371145,15.311741662496502,15.459240793146435,121577300
2006-06-16,15.522457122802734,15.648884587551793,15.304721677774548,15.431147802852257,147506500
2006-06-19,15.838523864746094,15.873643347929397,15.536504347397514,15.550550800999533,129640900
2006-06-20,15.845550537109375,15.986025815107576,15.80340848957853,15.831504081046784,90598500
2006-06-21,16.210773468017578,16.259939377869262,15.824468742322443,15.880658544963019,91660300
2006-06-22,16.070301055908203,16.273989962811875,16.000064795278746,16.19672846851451,76590600
2006-06-23,15.80340576171875,16.063284579255722,15.803405761718752,16.049236785946416,60532600
2006-06-26,16.028156280517578,16.077322190387665,15.894704996819797,15.908752782402841,53644100
2006-06-27,16.056255340576172,16.266966811425434,16.04220755194066,16.077325683858582,84759100
2006-06-28,16.2669734954834,16.33018723064671,16.091380084401177,16.126498230749057,71906500
2006-06-29,16.484704971313477,16.597084620108056,16.30911160261306,16.379349218027443,121395500
2006-06-30,16.365299224853516,16.61113017588867,16.365299224853516,16.533870015033152,73048800
2006-07-03,16.6462459564209,16.66029240276115,16.470652650296923,16.526842454669772,25711400
2006-07-05,16.400421142578125,16.519824688614197,16.36530166452569,16.491729106172247,53093500
2006-07-06,16.49172019958496,16.583029453537332,16.449578188352532,16.47064986380394,44775200
2006-07-07,16.365299224853516,16.54089256992564,16.365299224853516,16.428512936253153,63168800
2006-07-10,16.505775451660156,16.61815509224246,16.421490051387934,16.45660952636427,50565100
2006-07-11,16.224821090698242,16.41446217508265,15.97196631151903,16.41446217508265,88676300
2006-07-12,15.90173625946045,16.07030574557081,15.887689807037978,16.007093360491716,77379300
2006-07-13,15.634836196899414,15.880667220118877,15.627812300273566,15.712097720112435,73099500
2006-07-14,15.655900001525879,15.838515863136402,15.61375664299672,15.648876108437685,67499400
2006-07-17,15.789351463317871,15.880660742538344,15.634829819591133,15.655901500873723,37053500
2006-07-18,15.971964836120605,15.986012620259697,15.789347661323694,15.866609134418272,65047300
2006-07-19,16.4355411529541,16.47768319174586,15.957926914409944,16.02816453884372,82188200
2006-07-20,16.04922866821289,16.47065287663574,16.000062756169843,16.463628983533784,76605200
2006-07-21,16.765655517578125,16.962319234125548,16.154590001961683,16.913153304988693,175483800
2006-07-24,16.85695457458496,16.934216045079665,16.709456865099128,16.863978466418153,59586700
2006-07-25,17.01148796081543,17.06065523770898,16.786728625130177,16.85696625244965,60075800
2006-07-26,17.11683464050293,17.229214239860585,16.927193564210448,16.94124134904778,54942100
2006-07-27,16.765655517578125,17.27838783524976,16.69541790180929,17.264340044161774,85386800
2006-07-28,17.03255844116211,17.053630129762713,16.899107092700735,16.913154885101136,51705800
2006-07-31,16.899105072021484,17.15195994630918,16.863986934890885,16.906128967381814,40254400
2006-08-01,16.84993553161621,16.99743462321788,16.751603696995613,16.871007213179528,49168700
2006-08-02,17.067672729492188,17.13791033596695,16.87803293358252,16.941246645442714,46462000
2006-08-03,17.004459381103516,17.194100520737692,16.962317352186236,16.990412931245054,43155300
2006-08-04,17.06064796447754,17.201121819558875,16.962314792282783,17.137908115887512,45690400
2006-08-07,17.01148796081543,17.194105255977526,16.99041761038951,17.0536313410099,36862400
2006-08-08,17.09576988220215,17.222197317564515,16.997438027885213,17.1308880188379,58171300
2006-08-09,17.166000366210938,17.30647419408707,17.095762782437628,17.20111848826235,44405700
2006-08-10,17.180044174194336,17.278377312251607,17.09576015833985,17.11683183213861,31753400
2006-08-11,17.15898323059082,17.1730310208112,16.997437662069455,17.15898323059082,30255500
2006-08-14,17.22922134399414,17.278387271526913,17.102793907669263,17.222197448679307,47831900
2006-08-15,17.35611343383789,17.37726137041812,17.229220435939293,17.30676511107397,48994500
2006-08-16,17.41250228881836,17.433650215823786,17.250360562355795,17.34905581859468,52373600
2006-08-17,17.41250228881836,17.44774973022987,17.34905581859468,17.41250228881836,45674800
2006-08-18,18.180906295776367,18.18795470758161,17.609888128096205,17.659235078354197,128414800
2006-08-21,18.41355323791504,18.420601653685566,18.018774724550248,18.08927098369427,88398300
2006-08-22,18.061073303222656,18.505197450406516,18.061073303222656,18.3360072350696,89312400
2006-08-23,18.096317291259766,18.293706510279947,17.99057359502197,18.082217773200313,44648500
2006-08-24,18.145671844482422,18.23026764359486,17.976481590862154,18.202068595689177,35933300
2006-08-25,18.223217010498047,18.328960745880295,18.110423513476377,18.124521692150676,33115900
2006-08-28,18.293704986572266,18.32895243418104,18.110415300877982,18.21615898830824,34190900
2006-08-29,18.21616554260254,18.31485950710098,18.068123251250455,18.27256228583085,42711200
2006-08-30,18.187969207763672,18.251415721421363,18.07517570450658,18.2232180179094,30283100
2006-08-31,18.117469787597656,18.314857697087163,18.103370267032897,18.237313023189554,26380500
2006-09-01,18.21616554260254,18.30780974612189,18.075173012229545,18.251413002893575,31594600
2006-09-05,18.054025650024414,18.300760569144156,18.01877684400412,18.11042239505242,44222400
2006-09-06,18.054025650024414,18.131570334060132,17.983529382588287,17.983529382588287,50160400
2006-09-07,17.9271240234375,18.11746345067412,17.898924992171118,17.962371467916658,51266900
2006-09-08,18.04697608947754,18.180918864634986,17.948280776127824,17.99762910510492,36866800
2006-09-11,18.265512466430664,18.293711510256838,17.92008224718653,17.927132008143072,55608200
2006-09-12,18.27960205078125,18.314849491797556,18.13155984038466,18.258452779409257,52248800
2006-09-13,18.31485939025879,18.39945517686378,18.202065904521746,18.202065904521746,37706700
2006-09-14,18.561595916748047,18.68143916517675,18.314859658853127,18.32190941989063,74324500
2006-09-15,18.928173065185547,18.99161956201511,18.67438707786729,18.737833574696854,126057700
2006-09-18,18.88587760925293,19.06211759585094,18.801281824059952,18.850628805170693,49135000
2006-09-19,18.935224533081055,18.99162127483763,18.836529226553754,18.850628748143997,43039100
2006-09-20,19.160812377929688,19.19605983891571,19.026869605894795,19.040969128130982,71676400
2006-09-21,18.96341896057129,19.210155167422315,18.928171507280066,19.20310540784324,58495100
2006-09-22,18.79422950744629,18.928172255535348,18.667336519214995,18.914072735819822,47712500
2006-09-25,18.99867057800293,19.167860799197296,18.885877097206684,18.89997527385295,67903900
2006-09-26,19.17490577697754,19.25950019417195,18.949317527049743,18.970466803650353,54766500
2006-09-27,19.344093322753906,19.365241251871733,19.11850644813816,19.160803650977652,66233900
2006-09-28,19.31590461730957,19.400500412816875,19.21721064305484,19.365251604436935,44179700
2006-09-29,19.280654907226562,19.33000188860472,19.181959599865856,19.280654907226562,34283500
2006-10-02,19.28769874572754,19.37934291948954,19.13965650244555,19.259499710967546,52908100
2006-10-03,19.294750213623047,19.372294876874268,19.18195540919525,19.294750213623047,39386200
2006-10-04,19.696575164794922,19.710673337447304,19.294748335216656,19.30884650786904,82191200
2006-10-05,19.682476043701172,19.81641877112454,19.583782110128162,19.682476043701172,81967200
2006-10-06,19.647233963012695,19.738878162857183,19.492141916900593,19.569687939956644,36452200
2006-10-09,19.541479110717773,19.689521321993322,19.47098422826662,19.597875823440912,33366300
2006-10-10,19.520343780517578,19.562641006203876,19.344103771452676,19.520343780517578,34598500
2006-10-11,19.414592742919922,19.50623692154382,19.329996978755965,19.358194670407915,37219600
2006-10-12,19.89396095275879,19.94330925800833,19.41458951748345,19.442787204450784,120174900
2006-10-13,19.999711990356445,20.22529893234327,19.957413430280738,19.97856271031859,129751900
2006-10-16,20.056106567382812,20.1618502669833,19.971510800939967,20.077254500540455,49744800
2006-10-17,20.049055099487305,20.098402065455094,19.858715649665278,19.908062615633067,40122600
2006-10-18,20.10545539855957,20.232348387667276,19.92216567480446,20.091355878746665,40630800
2006-10-19,19.943313598632812,20.056107060259095,19.82347037757937,19.985610810591638,44730800
2006-10-20,20.042003631591797,20.084300835299246,19.858713956054377,20.077251077247357,48887800
2006-10-23,20.056106567382812,20.22529675566441,19.865767101339475,19.95036152317823,48525000
2006-10-24,19.93626594543457,20.04200965880532,19.830520887459553,20.04200965880532,61409600
2006-10-25,19.957414627075195,20.063158344397166,19.837571388882477,19.93626669037339,40717100
2006-10-26,19.985610961914062,20.027908174193144,19.767073796433984,19.97151144295299,69964200
2006-10-27,19.97856330871582,20.295795795764178,19.91511681130615,20.08430702286385,89060100
2006-10-30,20.11250114440918,20.331038279476648,19.964458905128414,19.985608180626794,47296800
2006-10-31,20.239397048950195,20.338092344235807,20.13365333827668,20.20414959359377,61861700
2006-11-01,20.309894561767578,20.436787560274148,20.232349886261364,20.288746625086027,75895900
2006-11-02,20.28169059753418,20.34513707718225,20.147747879987822,20.23939204803287,58674400
2006-11-03,20.253501892089844,20.39449443978058,20.168907439159067,20.3380976896252,41124500
2006-11-06,20.3310489654541,20.479089937941094,20.274652212420296,20.281701974625104,60446200
2006-11-07,20.408592224121094,20.493186669842192,20.302847150063013,20.345145717528034,56511200
2006-11-08,20.42974090576172,20.605980909457948,20.20415391616727,20.288749709567448,77403300
2006-11-09,20.627132415771484,20.72582639819856,20.44384263083215,20.521388671084665,89407500
2006-11-10,20.613021850585938,20.64827064300483,20.549575368835868,20.563674885803426,37855100
2006-11-13,20.690570831298828,20.76811549658851,20.55662809001063,20.577777368510073,47271800
2006-11-14,20.676427841186523,20.810828538885904,20.56324873234538,20.711797155950254,63012500
2006-11-15,20.598613739013672,20.768382366769142,20.591539877540388,20.605686251285835,63943200
2006-11-16,20.846193313598633,20.966446266985848,20.6056874068242,20.612761268694175,64328500
2006-11-17,20.79667854309082,20.89571126441877,20.711794895325436,20.733015132666154,49356700
2006-11-20,21.14328956604004,21.221100700352398,20.86741568867986,20.88156341295506,85703800
2006-11-21,21.16450309753418,21.22109262389654,21.072545623145615,21.157429238088792,66446600
2006-11-22,21.16450309753418,21.22109262389654,21.093765852281045,21.19987104556038,43907200
2006-11-24,21.051332473754883,21.10792202277568,20.966447475623053,20.98059520017857,20456700
2006-11-27,20.85325813293457,21.03717441419933,20.74715294929737,21.001806469387134,72722100
2006-11-28,20.789608001708984,20.810829591640758,20.60569160323802,20.754240034357498,52602300
2006-11-29,20.916929244995117,21.065477636359272,20.817897883553087,20.824971744970533,58775100
2006-11-30,20.768388748168945,20.916935837147886,20.747167157228436,20.81083058084842,53297400
2006-12-01,20.598613739013672,20.725939197929435,20.442991485003652,20.67642351681756,72257000
2006-12-04,20.747154235839844,20.881554863021545,20.63397518638179,20.676416992628386,55123400
2006-12-05,20.60568618774414,20.796676399330508,20.534950271631665,20.76838230272574,45606000
2006-12-06,20.506656646728516,20.605688017440436,20.421773000175794,20.584467780402875,48564100
2006-12-07,20.407621383666992,20.563242272132868,20.37932594074539,20.48543115329944,46831100
2006-12-08,20.79667854309082,20.79667854309082,20.372256256660137,20.386403981021452,108854900
2006-12-11,20.89571189880371,21.044258961503587,20.591542561807252,20.648132111769293,107712000
2006-12-12,20.817895889282227,20.959369056475264,20.66934751214841,20.90985338049765,68529400
2006-12-13,20.902788162231445,20.93815748055425,20.74009334555116,20.93815748055425,46002500
2006-12-14,21.27061653137207,21.27769039355798,20.88156355555592,20.89571127992774,85866500
2006-12-15,21.355499267578125,21.383793364125115,21.24232018298794,21.320129960392997,102783700
2006-12-18,21.14328956604004,21.405017068326266,21.06547978092893,21.355501382564313,56986800
2006-12-19,21.214025497436523,21.34135230946347,20.8886359548798,21.015961417705583,53822100
2006-12-20,21.284767150878906,21.390872399697358,21.199882142303284,21.21402986859946,31202100
2006-12-21,21.206951141357422,21.320130227364842,21.143287736828103,21.313056365839238,32270500
2006-12-22,20.96644401550293,21.122066261528524,20.95229764248328,21.100844678197475,37971700
2006-12-26,21.214025497436523,21.221099359127038,20.796677102104265,20.8886359548798,37098300
2006-12-27,21.235248565673828,21.31305835130176,21.15743743084464,21.21402697912007,31248400
2006-12-28,21.206951141357422,21.242320448985446,21.086698193824393,21.12206750145242,26690600
2006-12-29,21.122072219848633,21.327208853111518,21.10085063053119,21.122072219848633,41739800
2007-01-03,21.122072219848633,21.39794613496823,20.79668126298834,21.157440186176274,76935100
2007-01-04,21.08670425415039,21.19988337268553,20.824978048488447,21.00889445340843,45774500
2007-01-05,20.96644401550293,21.044255138515727,20.832044702009433,20.95937015439258,44607200
2007-01-08,21.17158317565918,21.291836123150908,20.888635460737802,20.97351910061365,50220200
2007-01-09,21.19280242919922,21.348424677097093,21.03010766930695,21.221097873981037,44636600
2007-01-10,20.980594635009766,21.14328941541177,20.81789985460776,21.07962600582816,55017400
2007-01-11,21.71626091003418,21.751628872585513,20.973521553644634,21.05133269029911,99464300
2007-01-12,22.077014923095703,22.20434172668746,21.67381427785586,21.680888139077744,103972500
2007-01-16,22.04164695739746,22.246784885147054,21.949689459951795,22.112384220387014,62379600
2007-01-17,21.99921417236328,22.239720155761077,21.935550744452005,22.112393299938525,58519600
2007-01-18,21.928470611572266,22.19019811252022,21.78699606794614,22.03457584469124,56364300
2007-01-19,22.00627326965332,22.00627326965332,21.70917792182731,21.737472010134173,75826900
2007-01-22,21.730405807495117,22.013354885465546,21.581858755841715,21.970911714249265,56143900
2007-01-23,21.744552612304688,21.900173519250895,21.588931705358476,21.666741484231014,49171200
2007-01-24,21.99212646484375,22.14067347032968,21.68088338532937,21.7728422118499,58527800
2007-01-25,21.53941535949707,22.268005539174577,21.53941535949707,21.985057831086174,97378700
2007-01-26,21.645519256591797,22.091161700905882,21.645519256591797,22.084087839986484,96103700
2007-01-29,21.59600067138672,21.772843122956278,21.46160003041762,21.680884292587642,57605900
2007-01-30,21.56063461303711,21.67381369112121,21.32012873480813,21.624298013109545,61900400
2007-01-31,21.829439163208008,21.99920780543708,21.46868029252076,21.51112211577772,73968400
2007-02-01,21.617216110229492,21.88601733258291,21.482816848253318,21.81528009779514,55355800
2007-02-02,21.355499267578125,21.8152894673759,21.313056098955972,21.80114174450185,60401700
2007-02-05,20.945220947265625,21.235242467541774,20.80374644260371,21.19987316677586,99102100
2007-02-06,20.87449073791504,21.04425939126817,20.669352771862513,20.93108028903275,79281100
2007-02-07,20.77545166015625,21.00888364064336,20.69056669034238,20.966440481136015,65145500
2007-02-08,20.697649002075195,21.07962814921544,20.655207174437695,20.683501276462238,48749000
2007-02-09,20.499576568603516,20.796671939852878,20.464208618131305,20.761303989380668,69823100
2007-02-12,20.47129249572754,20.577397748267778,20.39348134757067,20.435923178746467,52774400
2007-02-13,20.591957092285156,20.726823787009636,20.55646514426325,20.6132522610983,50348100
2007-02-14,20.86878776550293,21.07463700483854,20.69133208492233,20.705528864299833,55588600
2007-02-15,20.9113826751709,21.046249409714,20.741025336006874,20.9965620216928,63858100
2007-02-16,20.400306701660156,20.54227180037359,20.336422542627066,20.52097662940272,109340300
2007-02-20,20.464183807373047,20.485478971004188,20.20864725931558,20.32221875759022,53978200
2007-02-21,20.833293914794922,20.861686115232967,20.40030168861145,20.407400077190754,68604900
2007-02-22,20.861692428588867,20.96816693562159,20.69843350349544,20.804906656648562,57754400
2007-02-23,20.51387596130371,20.783609348133258,20.50677757176826,20.74101901092057,63787100
2007-02-26,20.634550094604492,20.648746876578073,20.457094381573658,20.55646914762944,63481900
2007-02-27,19.78276252746582,20.56356654392924,19.725976756197944,20.379012448838743,87143300
2007-02-28,19.995702743530273,20.052488497509646,19.818247093109832,19.839542258556786,86333300
2007-03-01,19.938919067382812,20.10927634707384,19.68338247090661,19.747266620025663,80175700
2007-03-02,19.704679489135742,19.988608315285937,19.704679489135742,19.889233564603227,63254700
2007-03-05,19.555612564086914,19.8111491395435,19.45623783091122,19.513023586137216,56454300
2007-03-06,19.75436782836914,19.832448767075103,19.626599511897382,19.733072657664014,49361800
2007-03-07,19.598203659057617,19.804051522062743,19.55561332557028,19.70467678501746,52044700
2007-03-08,19.39235496520996,19.768561464552707,18.88128313449091,19.67628376005388,72175200
2007-03-09,19.371061325073242,19.50592665765611,19.18650726830377,19.463337676518325,80125000
2007-03-12,19.477535247802734,19.50592745175736,19.25748923622745,19.292981183519927,36516400
2007-03-13,18.966463088989258,19.44914276788326,18.959364699137357,19.342669627863568,75169500
2007-03-14,19.449140548706055,19.449140548706055,18.973559313928515,19.037443461426935,75730300
2007-03-15,19.363962173461914,19.49882750073456,19.307176416220997,19.392354375142748,51757100
2007-03-16,19.399456024169922,19.505929167654866,19.307179660850828,19.413652804335772,65055300
2007-03-19,19.75436782836914,19.75436782836914,19.30718007459749,19.40655483012908,49412000
2007-03-20,19.76146125793457,19.98860427291878,19.70467550418852,19.825345400133777,47902400
2007-03-21,20.2441463470459,20.2441463470459,19.562715762901256,19.804055620423362,72808200
2007-03-22,20.06668472290039,20.26543417942558,19.88213068907048,20.244140368443098,47934900
2007-03-23,19.889236450195312,20.066692161519942,19.733074557746676,20.031200206927235,50519800
2007-03-26,20.03119659423828,20.03119659423828,19.66208981020114,19.832447099882756,47491500
2007-03-27,19.67628288269043,19.98860522003196,19.62659551504321,19.903427262316505,58979800
2007-03-28,19.619497299194336,19.875033882351644,19.449140028382548,19.5769083199612,46947000
2007-03-29,19.69757843017578,19.768560965564877,19.51302437971583,19.761462576638042,42629900
2007-03-30,19.78276252746582,19.8395482987337,19.52012748917715,19.697583193624215,47061000
2007-04-02,19.690479278564453,19.82534595519193,19.562710990588865,19.796952400584377,41977600
2007-04-03,19.78276252746582,19.91762788805229,19.697583193624215,19.77566413682239,39821300
2007-04-04,20.229944229125977,20.428695045791084,19.804050395631698,19.882131315371417,63244200
2007-04-05,20.26543426513672,20.336416794429844,20.087978618843476,20.10217539547793,30131200
2007-04-09,20.27964210510254,20.386115280187905,20.15187375344815,20.286740497292215,31384600
2007-04-10,20.158960342407227,20.32931759357427,20.031192065562173,20.229942868863265,38643100
2007-04-11,19.95311164855957,20.279629360812415,19.86793234969242,20.087976953770603,44050200
2007-04-12,20.258337020874023,20.31512277294454,19.90342573196351,19.917621154571798,43762100
2007-04-13,20.30802345275879,20.371907590141344,19.946013792217315,20.180255177993672,36002900
2007-04-16,20.393211364746094,20.407408147518982,20.0241031359294,20.300934984481785,30740100
2007-04-17,20.478384017944336,20.506776220335663,20.272534796620278,20.32222216621456,33170200
2007-04-18,20.300935745239258,20.35062313292662,20.130578407219826,20.308034136891706,41778400
2007-04-19,20.36481475830078,20.506778493754332,20.05959076395047,20.11637652890778,43648800
2007-04-20,20.599058151245117,20.65584392155944,20.371915069987814,20.570664589148173,60311500
2007-04-23,20.428709030151367,20.577771229280525,20.35062805696175,20.556476049170602,41739100
2007-04-24,20.435791015625,20.5564595443895,20.293825969969447,20.435791015625,34236700
2007-04-25,20.577760696411133,20.58485908614775,20.36481441983033,20.485484337593963,39475000
2007-04-26,20.655845642089844,20.833301358338247,20.52097891865475,20.648747250974345,68760300
2007-04-27,21.379859924316406,21.819949232005133,21.29468060618476,21.415350517108315,128298800
2007-04-30,21.252098083496094,21.557322148242978,21.252098083496094,21.38696346020027,67788800
2007-05-01,21.578603744506836,21.592800519447845,21.223692494255477,21.252086044137492,73539300
2007-05-02,21.727672576904297,21.784458336910934,21.507626572234173,21.571510721476557,80686700
2007-05-03,21.983219146728516,22.00451432540797,21.67089798270988,21.720585379081935,82036800
2007-05-04,21.692171096801758,21.791547148546105,21.50052008718644,21.77735037631424,104385900
2007-05-07,21.798656463623047,21.83414841420128,21.63539755260161,21.6637911130642,59889100
2007-05-08,21.827045440673828,21.961912116791808,21.706375541805993,21.777358074177517,60551700
2007-05-09,21.848342895507812,21.954816028280245,21.699279426522935,21.791557134437227,51735000
2007-05-10,21.706378936767578,21.95481716198502,21.670888341970546,21.777361480241048,55398600
2007-05-11,21.926429748535156,21.990313920178654,21.685089845410783,21.699286628860403,43425300
2007-05-14,21.983219146728516,21.99741593251482,21.8696475681981,21.89094274687756,70188500
2007-05-15,22.004575729370117,22.139879327813674,21.96184877764358,22.004575729370117,75013900
2007-05-16,22.125638961791992,22.139881733336765,21.94048700650629,22.075790619650736,45833600
2007-05-17,22.061534881591797,22.175474270451993,22.047292118418106,22.097141789526017,41045600
2007-05-18,21.954729080200195,22.068668532405812,21.776698516345746,22.05442576131376,58453000
2007-05-21,22.111391067504883,22.18972493458738,21.883512208645033,21.883512208645033,41836400
2007-05-22,21.85503387451172,22.025943064358156,21.833669716431352,22.00457890627779,39999500
2007-05-23,21.776691436767578,21.961843325975384,21.769570053536707,21.961843325975384,46322500
2007-05-24,21.484722137451172,21.93335842786117,21.3351758018045,21.748207891559588,64046400
2007-05-25,21.70547866821289,21.833660848099434,21.491842607245285,21.563055080322805,47726500
2007-05-29,21.926244735717773,21.954728919427886,21.641394749024254,21.712607245697633,42373100
2007-05-30,22.15411376953125,22.168355175909525,21.72684033809263,21.75532450911398,57376800
2007-05-31,21.85503387451172,22.189730868177808,21.798064144562908,22.161246682336152,85290500
2007-06-01,21.7838134765625,22.00457093031333,21.75532794278045,21.926238428942717,39469400
2007-06-04,21.87639045715332,21.904875993165014,21.64851160212023,21.662754370126077,41434500
2007-06-05,21.776691436767578,21.81229699465698,21.598660930790647,21.80517696969107,44265000
2007-06-06,21.57017707824707,21.741086203545372,21.541691544898192,21.627146786679837,38217500
2007-06-07,21.09305191040039,21.570173652089245,21.071687763782165,21.377900407319533,71971400
2007-06-08,21.399267196655273,21.40638858019282,20.943509516372455,21.064570319980707,61346200
2007-06-11,21.377901077270508,21.54168879834878,21.313809993672088,21.320931376101335,48467400
2007-06-12,21.2568359375,21.53456300401717,21.199866248002515,21.335168411643703,56981800
2007-06-13,21.64139175415039,21.65563452316714,21.256846498554605,21.342300396124685,64435600
2007-06-14,21.733963012695312,21.86926521005506,21.577295308835787,21.61290222256062,59065700
2007-06-15,21.712600708007812,21.990327867318076,21.669873766175076,21.976086458883824,100933000
2007-06-18,21.726848602294922,21.87639361313497,21.66275749528767,21.855030816309426,45412600
2007-06-19,21.69123077392578,21.83365568641018,21.634261080584945,21.705473536827146,46802600
2007-06-20,21.370777130126953,21.726838059269493,21.335170222253907,21.676989746511882,46861600
2007-06-21,21.520326614379883,21.577296320746452,21.29956917199254,21.34941749528017,56564800
2007-06-22,21.000484466552734,21.43487946288033,20.972000283560057,21.363666968000587,86219900
2007-06-25,21.000484466552734,21.199879180562938,20.92215058635848,20.986241695923713,53905800
2007-06-26,21.021848678588867,21.221242034865746,21.007605907921842,21.043211476324036,48340300
2007-06-27,21.271089553833008,21.328059272401486,20.907907088609505,20.907907088609505,53468600
2007-06-28,21.242610931396484,21.342307631783378,21.13579284408686,21.263975092164678,46055200
2007-06-29,20.98623275756836,21.31380955118909,20.68002146905663,21.271082615765444,71193900
2007-07-02,21.17850685119629,21.221233788328377,21.000476361836938,21.128658531498044,47316000
2007-07-03,21.377901077270508,21.52032465106103,21.20699197376299,21.21411335619224,35202600
2007-07-05,21.35654067993164,21.520328429769044,21.242601257586916,21.399267623744645,47838500
2007-07-06,21.342300415039062,21.392150106641868,21.12154292814463,21.299573466216156,57541000
2007-07-09,21.271089553833008,21.328059272401486,21.22836124620773,21.263968169228797,33831400
2007-07-10,20.886533737182617,21.356534047969067,20.77971573168836,21.15001941844878,66013500
2007-07-11,21.000484466552734,21.114423915054175,20.80108975254253,20.82245390848606,48017000
2007-07-12,21.41351318359375,21.441998722027193,20.96487681938884,21.050330718158715,54302400
2007-07-13,21.235485076904297,21.377910068863883,21.12154562664278,21.320940343733124,42173000
2007-07-16,21.3850154876709,21.534560395135436,21.164256779131282,21.192742299561314,48023200
2007-07-17,21.919111251831055,21.990322350933614,21.370777095847572,21.377898477410756,77539600
2007-07-18,22.018810272216797,22.054415825640966,21.71971900535347,21.72684038769126,64414400
2007-07-19,22.43896484375,22.67396505424486,22.025934129599488,22.111388010725825,121159300
2007-07-20,22.18972396850586,22.218209503755723,21.926239558769996,22.18260258469339,98292600
2007-07-23,22.211088180541992,22.446088413934223,22.161239851983805,22.332148989154057,48910600
2007-07-24,21.93336296081543,22.417606268488612,21.869271854901903,22.082909327368753,59729300
2007-07-25,21.869272232055664,22.289424441061193,21.6271519323088,22.06866693814373,54950100
2007-07-26,21.34941864013672,21.741086580891796,21.01472176706821,21.534570535323027,87025300
2007-07-27,20.929271697998047,21.363666688645417,20.907908900599224,21.313818350361032,69214600
2007-07-30,20.93638801574707,21.00047910896154,20.615933907939755,20.943509399244792,67499600
2007-07-31,20.644428253173828,21.164277280201482,20.637306866168093,21.157155893195743,66554000
2007-08-01,20.86517906188965,21.043209604596097,20.52336074587693,20.61593738871282,80006300
2007-08-02,21.021848678588867,21.214122007797602,20.665787561505446,20.786848395644423,47938300
2007-08-03,20.62305450439453,21.206995742996593,20.580327560489767,20.9719955141228,61535500
2007-08-06,21.03608512878418,21.03608512878418,20.473508080856085,20.687144143611206,59530500
2007-08-07,21.043210983276367,21.21412151074546,20.687149874535546,20.88654458440593,49163000
2007-08-08,21.363666534423828,21.370787919593813,20.801089330383306,21.164271824460354,52898600
2007-08-09,20.86517906188965,21.434877613509432,20.594573234612557,21.107300708631637,72964500
2007-08-10,20.445032119750977,20.687153828634596,20.124577875592493,20.580335747248434,76576200
2007-08-13,20.388063430786133,20.644427925865386,20.252761154619343,20.608822349666898,55492300
2007-08-14,20.20225715637207,20.645319683991247,20.152234099675653,20.559566261947694,42944100
2007-08-15,20.08077049255371,20.716780216376655,20.045038766873457,20.180816598406498,48117700
2007-08-16,19.873533248901367,20.259427760057775,19.659148318054125,19.923556308563978,81447400
2007-08-17,20.18796157836914,20.18796157836914,19.88067557342841,20.0736227899762,76747700
2007-08-20,20.195114135742188,20.359476024242248,20.06648261847213,20.137944723958416,49952000
2007-08-21,20.059329986572266,20.237984512798278,19.916407183406978,20.0807690204087,50786200
2007-08-22,20.166513442993164,20.23797549424344,20.01644436209032,20.20224515013093,44763500
2007-08-23,20.22369384765625,20.2451328836384,20.080771030186572,20.20940252002748,33886600
2007-08-24,20.588150024414062,20.60958906117015,20.05933271833174,20.159378830474704,45158900
2007-08-27,20.359468460083008,20.559562008498542,20.29515272534322,20.44522322741132,32789500
2007-08-28,19.959285736083984,20.359471530236203,19.944993045536336,20.223693696085526,43924400
2007-08-29,20.430932998657227,20.445225688770243,19.880676696539616,20.102207941187583,45753700
2007-08-30,20.33088493347168,20.673901284952354,20.237983819721194,20.309445900369454,33690700
2007-08-31,20.530982971191406,20.666760826792114,20.26657496941899,20.509545295009225,42511900
2007-09-04,20.588150024414062,20.795389957311407,20.352326072201326,20.36661876337205,45689600
2007-09-05,20.35232162475586,20.530976136271676,20.309444923639273,20.473806747107645,47669800
2007-09-06,20.65960693359375,20.731069008490955,20.40234400917409,20.409490352966383,45430800
2007-09-07,20.323745727539062,20.602446440628658,20.237990928035796,20.45237724528081,52160900
2007-09-10,20.35232162475586,20.545268824319123,20.30229857961555,20.488099435155092,37247600
2007-09-11,20.673904418945312,20.688197109846783,20.423787780273692,20.45951814450134,34380800
2007-09-12,20.673904418945312,20.845412620684876,20.581003291111784,20.58814963656252,42364700
2007-09-13,20.838260650634766,20.909722722827265,20.695336506249763,20.80967663957316,35288600
2007-09-14,20.75251007080078,20.80253311921659,20.63816992195999,20.709632003850793,33496600
2007-09-17,20.530982971191406,20.63817544118093,20.452375886813062,20.57386104960818,39536500
2007-09-18,20.673904418945312,20.702488437722227,20.202256523405012,20.509542562656485,77462400
2007-09-19,20.48810386657715,20.659612071165174,20.223694532612665,20.63102805191353,94242200
2007-09-20,20.3094425201416,20.423781284938375,20.252273137743213,20.352319216183993,67168900
2007-09-21,20.473798751831055,20.5881374855084,20.323729675013997,20.502384116763004,135636100
2007-09-24,20.781097412109375,21.15984555263762,20.581003823391914,20.58815016902747,104459800
2007-09-25,21.124116897583008,21.124116897583008,20.80253947535635,20.823977152355706,75621000
2007-09-26,21.08123779296875,21.33135444616852,21.066945101237085,21.20986929250155,60337000
2007-09-27,21.074085235595703,21.23844705298654,21.038354879824027,21.22415572849329,43407100
2007-09-28,21.052648544311523,21.217011742996974,20.88828670865193,21.074087577972893,45819100
2007-10-01,21.274185180664062,21.28847787248871,21.016922179924876,21.05265254646038,43875100
2007-10-02,21.224159240722656,21.331351688801877,21.131258119501652,21.224159240722656,33700900
2007-10-03,21.04551124572754,21.331358317102126,20.931172417177706,21.231310819851256,37633900
2007-10-04,21.23130226135254,21.274180327044018,21.038356417844096,21.12410982317545,37868000
2007-10-05,21.324201583862305,21.43139401304078,21.2455931663861,21.359931939246568,45012300
2007-10-08,21.324201583862305,21.331347927544293,21.152693424571606,21.195570123637857,30265400
2007-10-09,21.510000228881836,21.717238722345105,21.438538162402054,21.459977191253653,63603100
2007-10-10,21.6029052734375,21.702952736321528,21.45998246835813,21.467128813065983,32251500
2007-10-11,21.37422752380371,21.888752071417606,21.288474114047666,21.65292815004967,50788400
2007-10-12,21.560029983520508,21.72439183351293,21.402814478705054,21.459983877094853,31121100
2007-10-15,21.467130661010742,21.674369223274503,21.43854527971864,21.5100073699229,47150500
2007-10-16,21.66722297668457,21.853023866851906,21.602907231510258,21.61005357686585,56286200
2007-10-17,22.210336685180664,22.317529157458146,21.90305059843264,21.974512700959707,86092400
2007-10-18,22.267494201660156,22.317517237804225,21.888746214672125,22.310370895065716,49208600
2007-10-19,21.560029983520508,22.217478746516175,21.517153275484652,22.217478746516175,75200200
2007-10-22,21.803001403808594,21.938779243195864,21.524300742510665,21.524300742510665,58785100
2007-10-23,22.081701278686523,22.238918149122973,21.945923444134863,21.945923444134863,49956200
2007-10-24,22.331815719604492,22.367546079545516,21.795852142333985,22.04596875099873,77979200
2007-10-25,22.860631942749023,23.024995135086638,22.50332290701423,22.560492298210765,169588700
2007-10-26,25.033071517944336,25.74768962785815,24.697202860000036,25.733396938533666,288121200
2007-10-29,24.704349517822266,25.21887546420727,24.618596102108746,24.904441729837796,114655600
2007-10-30,25.418970108032227,25.43326279969384,24.547134999039297,24.56142769070091,107297300
2007-10-31,26.305095672607422,26.440872142772683,25.376089875938703,25.383237584188013,185635800
2007-11-01,26.483745574951172,26.79103155059698,25.983512401152076,26.104996159590357,152078800
2007-11-02,26.483745574951172,26.798176531542737,26.026387738929593,26.598084352443696,96389800
2007-11-05,26.24793243408203,26.512340468000634,26.176471687418434,26.26937011287056,75485400
2007-11-06,26.01924705505371,26.197901594768734,25.6333525950168,26.147878541732684,100966700
2007-11-07,25.383228302001953,25.84058332484057,25.33320526675716,25.75482993957107,74897800
2007-11-08,24.825824737548828,25.654781315443483,24.582854565094323,25.440393784533093,133742400
2007-11-09,24.104061126708984,24.6829025995669,24.046893112998216,24.42563972274116,125136900
2007-11-12,23.853952407836914,24.08977495801621,23.59668946142194,23.8110743414172,84865200
2007-11-13,24.707155227661133,24.857720524108586,23.93281746374249,24.0475342708069,104311500
2007-11-14,24.327163696289062,24.915087852713338,24.198106907311516,24.82187956399283,84063100
2007-11-15,24.205272674560547,24.44904627681019,24.054707350100013,24.205272674560547,64014100
2007-11-16,24.44187355041504,24.563758963455967,24.169420103236334,24.27696830832554,71113800
2007-11-19,24.34867286682129,24.549429396468604,24.284144470696315,24.34867286682129,63026200
2007-11-20,24.793188095092773,25.07281006480133,24.449035033075205,24.542243267999282,100009400
2007-11-21,24.542247772216797,24.900738103803484,24.506399286070966,24.664135907189642,89518700
2007-11-23,24.456222534179688,24.692824843750618,24.169429037965642,24.635467785547096,33467200
2007-11-26,23.638856887817383,24.64262832586979,23.610177000570708,24.441874585272224,80335000
2007-11-27,23.703384399414062,24.09055192282153,23.430930950667378,23.853949699353883,84178400
2007-11-28,24.162256240844727,24.29848162363462,23.588672082959647,23.932822577690697,88585000
2007-11-29,24.08338165283203,24.327155198518202,23.882627933466118,24.076213049310805,53633600
2007-11-30,24.090557098388672,24.463387493860044,23.79659503937193,24.319990767130275,71027800
2007-12-03,23.60301399230957,24.119241204702526,23.430940078222285,24.018864298974016,61770600
2007-12-04,23.495466232299805,23.832448156496078,23.3950893361729,23.473957678862693,54801500
2007-12-05,24.484891891479492,24.75017398349627,23.68187154176033,23.760739856024205,84894700
2007-12-06,24.77168083190918,24.814700655395804,24.284133772650595,24.563755787653346,49209700
2007-12-07,24.75734519958496,24.879233353145423,24.535082910547885,24.81470497421685,40771000
2007-12-10,24.922256469726562,25.058484599854733,24.714334074117957,24.836219522058684,36083500
2007-12-11,24.449047088623047,25.087162373835955,24.327161650983573,24.90074581206791,55070700
2007-12-12,24.714324951171875,25.158852207607723,24.327154726986983,24.814701808909234,63345400
2007-12-13,25.2520694732666,25.41697476054857,24.578105642127447,24.72150237652292,73913200
2007-12-14,25.31658935546875,25.69658824905441,25.101492958659065,25.13017284290893,71126200
2007-12-17,24.656972885131836,25.18753995825601,24.635464333202847,25.115840226717555,58121200
2007-12-18,24.90790557861328,25.09431931869554,24.52790402622968,24.836205882378756,52791800
2007-12-19,24.94376564025879,25.194707855929394,24.649803586873933,24.87206591073503,58469100
2007-12-20,25.467153549194336,25.66073865695346,25.15168304121513,25.30224832445083,59345000
2007-12-21,25.854331970214844,25.854331970214844,25.632066908898874,25.73961513680839,83240500
2007-12-24,26.227149963378906,26.32752680327217,25.847148410129577,25.904508167247876,29622600
2007-12-26,26.248661041259766,26.27016958472569,25.997716182213228,26.10526436967089,30252400
2007-12-27,25.789796829223633,26.205644215812026,25.76828554823393,26.06224752782611,33311100
2007-12-28,25.89734649658203,25.976214824526394,25.574704580020903,25.883006551949897,33447200
2007-12-31,25.52452278137207,25.804147671844085,25.467165722987254,25.739619271745234,35229700
2008-01-02,25.2520694732666,25.782633834945067,25.094332791925062,25.660748388501307,63004200
2008-01-03,25.359607696533203,25.560364161111494,24.993948727052334,25.25206222789268,49599600
2008-01-04,24.64980125427246,25.237725305407142,24.441876160926963,25.230553965600876,72090800
2008-01-07,24.814712524414062,24.950937928016245,24.55659893016536,24.771692680350803,80164300
2008-01-08,23.983015060424805,24.8864099193846,23.947166557343113,24.8864099193846,79148300
2008-01-09,24.692819595336914,24.764519321683522,23.911310356080755,23.918481696247866,74305500
2008-01-10,24.613956451416016,24.73584189575221,24.219614754880872,24.628293663048954,72446000
2008-01-11,24.312820434570312,24.549425427127524,24.176595058139263,24.477725701323124,55187900
2008-01-14,24.656972885131836,24.786029666835958,24.434710555025372,24.707161329676207,52792200
2008-01-15,24.37735366821289,24.649807210323,24.37735366821289,24.3988622226992,61606200
2008-01-16,23.825275421142578,24.126408826967392,23.309048288337255,23.961500810048367,120778500
2008-01-17,23.739240646362305,24.23395653712502,23.638863746937876,24.047542686060417,94247800
2008-01-18,23.66753578186035,24.37734800060046,23.638858627567707,23.775083999418328,117062000
2008-01-22,22.914703369140625,23.323382164558467,22.584892891270858,22.6135727767546,108521400
2008-01-23,22.8931941986084,22.979231117650276,22.255081806841154,22.57055233337093,137597400
2008-01-24,23.8396053314209,23.91847363629298,23.02941647464041,23.19432168707113,155640400
2008-01-25,23.617347717285156,25.09432922182141,23.5671592776467,25.022632232356425,196992300
2008-01-28,23.45961570739746,23.732066477644118,23.24451925132424,23.67470942840563,81019000
2008-01-29,23.373577117919922,23.581502243092142,23.194331886233222,23.552822349606625,68023000
2008-01-30,23.086780548095703,23.51696790129505,22.97923234226362,23.344894054041106,106432600
2008-01-31,23.373577117919922,23.473956745119228,22.742634504097072,22.87886126308809,103642200
2008-02-01,21.83207130432129,23.83961749361242,21.688674561857916,22.26942877052248,291138900
2008-02-04,21.645648956298828,22.02564787385384,21.58829055171323,21.860742631611767,119998600
2008-02-05,20.84263801574707,21.466412104357275,20.713581213446147,21.444902181462865,137534100
2008-02-06,20.448287963867188,21.0433818340466,20.283382746626007,20.993193408584677,138315600
2008-02-07,20.161500930786133,20.634708154853936,20.003764277741954,20.319236216297945,164964900
2008-02-08,20.47696876525879,20.849799063951362,20.247535156073262,20.283385012216115,124872000
2008-02-11,20.226032257080078,20.512825735558465,20.010938515753946,20.448297339654093,156814100
2008-02-12,20.319231033325195,20.519986100749577,20.154325817690175,20.383759399014032,84365900
2008-02-13,20.763763427734375,20.828291809497927,20.455462830736952,20.519991212500504,88986200
2008-02-14,20.43395233154297,20.82112261108245,20.40527244378494,20.706404427582655,69113500
2008-02-15,20.376590728759766,20.53432598410102,20.25470395996313,20.29772241732309,68166100
2008-02-19,20.275827407836914,20.7580711378114,20.203850465348214,20.729279811677525,68261200
2008-02-20,20.311805725097656,20.340597037811577,20.095876371124646,20.261422300693642,93056200
2008-02-21,20.225444793701172,20.84444322979054,20.12467652092463,20.599723811794494,98776500
2008-02-22,19.923139572143555,20.43417319570164,19.57765193597647,20.326208481005153,125705400
2008-02-25,20.038301467895508,20.32620782203422,19.77918506274777,19.90154543486245,109974300
2008-02-26,20.426984786987305,20.772473955357633,19.915950927714064,19.966334392955485,108923500
2008-02-27,20.340606689453125,20.642908752165226,20.22544412964337,20.290223241142108,75199500
2008-02-28,20.103090286254883,20.347811148773033,20.009519817902763,20.167869418853595,83002900
2008-02-29,19.577648162841797,20.031100426313028,19.448089981036997,19.930333561729547,117411400
2008-03-03,19.426502227783203,19.71440862075791,19.34013099631378,19.60644389499814,76544300
2008-03-04,19.858362197875977,19.887152150307134,19.404908434683172,19.448095422598833,86925600
2008-03-05,20.239835739135742,20.448567322168277,19.9375337369696,19.973521514885153,106489800
2008-03-06,19.84395980834961,20.27581993118867,19.793576379040058,20.19664518636196,91127700
2008-03-07,20.059900283813477,20.203852812669556,19.664027740555422,19.678423405294875,77597600
2008-03-10,20.189453125,20.34060482895362,19.97352368831869,20.031104962956764,72175100
2008-03-11,21.07476234436035,21.117947947361415,20.426971435116606,20.441367093732147,98740700
2008-03-12,20.606916427612305,21.225916121104987,20.54213869891371,21.18273051102399,75993800
2008-03-13,20.599729537963867,20.866042525478296,20.268636045970542,20.54214824016239,84552200
2008-03-14,20.124679565429688,20.88043554777892,19.894354403403877,20.67170251166412,105214900
2008-03-17,20.36939239501953,20.678892224780423,19.63523157255044,19.64962585989028,84490100
2008-03-18,21.175539016723633,21.218724639726716,20.635713924223385,20.635713924223385,83695300
2008-03-19,20.599729537963867,21.297902945412602,20.599729537963867,21.1467511806547,61442100
2008-03-20,21.002790451049805,21.031580402326068,20.578128030169264,20.68609274993556,60170200
2008-03-24,20.99559211730957,21.16113810851052,20.91641735071526,21.110754665349003,48294700
2008-03-25,20.974002838134766,21.13955023543786,20.83005031059025,21.110758906221275,49149000
2008-03-26,20.556537628173828,20.923618828854124,20.426979395834184,20.894828873248706,45868100
2008-03-27,20.189453125,20.506150821932348,20.153465343168406,20.498952990996855,47894400
2008-03-28,20.08868980407715,20.462968842095886,20.031108519216275,20.319014943520642,49244000
2008-03-31,20.426984786987305,20.578136555558036,20.038311360234573,20.06710132343833,46780600
2008-04-01,21.233116149902344,21.26190747483436,20.6069185610903,20.75087244005852,65796200
2008-04-02,20.9883975982666,21.290699677782627,20.873235032055362,21.283501845788663,49499400
2008-04-03,20.87323570251465,21.10356084233529,20.72928180370368,20.87323570251465,38961400
2008-04-04,20.9883975982666,21.060374545360148,20.686095518750577,20.966804102284716,43860800
2008-04-07,20.9883975982666,21.29789750977659,20.894828528037248,21.269106181800737,44428600
2008-04-08,20.693288803100586,20.873230444866678,20.54213848298304,20.830044835239637,44733500
2008-04-09,20.7940616607666,20.902027775139477,20.54214438815302,20.67170125427736,45839300
2008-04-10,20.95240592956543,21.161137527337058,20.72927729762695,20.750870789608495,65591600
2008-04-11,20.35500144958496,20.880430777011874,20.30461663066328,20.779663884860394,54373700
2008-04-14,20.1966552734375,20.376596966753915,20.10308619696528,20.326213512280706,43418100
2008-04-15,20.33340835571289,20.498954359745397,20.17506018309649,20.239839292995466,34310000
2008-04-16,20.83724594116211,20.90922151090612,20.426977780252873,20.563733833889287,54107400
2008-04-17,21.031587600708008,21.11796022979093,20.801262420282026,20.95961201145966,48743300
2008-04-18,21.5930118560791,21.664988836835377,21.312303141261026,21.600209691439403,73658900
2008-04-21,21.89530372619629,22.024861955740906,21.679374258852643,21.729757709709755,54411700
2008-04-22,21.772945404052734,22.096841008788694,21.571410208567446,22.05365401292643,67387500
2008-04-23,22.63666343688965,22.64385989584006,21.808930627295997,21.91689673139676,98351500
2008-04-24,22.88858413696289,23.104513632032894,22.42793381529555,22.766223723664222,115416700
2008-04-25,21.47064781188965,21.87371691476752,21.305101744813477,21.62899604480862,145194900
2008-04-28,20.866039276123047,21.47784132802016,20.743678865743625,21.44904999717972,97473000
2008-04-29,20.614118576049805,20.80125808939447,20.477363886673615,20.729281142285586,84428900
2008-04-30,20.527742385864258,21.02438031813422,20.520544555605102,20.686090533028423,74733600
2008-05-01,21.16114044189453,21.225919553915467,20.498955031227403,20.51335069453117,71699400
2008-05-02,21.045974731445312,21.319486801899394,20.772464033837036,21.297893310175397,66024200
2008-05-05,20.930810928344727,21.758542174777897,20.866031829916885,21.54261276191558,119687700
2008-05-06,21.3770694732666,21.492232024309654,20.822848838343226,20.873232282818822,93582000
2008-05-07,21.024381637573242,21.693764792380286,20.930812584023556,21.36987064746599,88775000
2008-05-08,21.067575454711914,21.153946705563623,20.873238081026148,21.07477328775727,69589900
2008-05-09,21.153949737548828,21.26911233708816,20.837253275238908,21.024391469855463,51621200
2008-05-12,21.585790634155273,21.636174054244044,21.125140652949113,21.161128417913883,64278800
2008-05-13,21.51357078552246,21.766415539525628,21.332966602434162,21.67250197059596,70934700
2008-05-14,21.621931076049805,21.860328521179134,21.477447191407595,21.593033747961186,66730400
2008-05-15,21.997583389282227,22.0553766552516,21.629150802014923,21.658046746049532,53355800
2008-05-16,21.665260314941406,22.019244065410135,21.61469140457437,22.01201973851492,81538200
2008-05-19,21.282390594482422,21.59302992696363,21.17402838912624,21.578582643376286,59615000
2008-05-20,20.776691436767578,21.17401982160497,20.682776552998977,21.166795493784335,75767600
2008-05-21,20.40826416015625,20.986196753354662,20.364919560141367,20.812816975395137,60125100
2008-05-22,20.56719970703125,20.733356569012685,20.35769961360291,20.429941547781755,52203100
2008-05-23,20.26378059387207,20.46605769314634,20.19154005218127,20.415488762802777,48890700
2008-05-27,20.5455322265625,20.58887684463378,20.26378876434776,20.307134760319606,47334500
2008-05-28,20.35768699645996,20.63942884945118,20.256549178032227,20.63220452272071,52318500
2008-05-29,20.45161247253418,20.7189072065951,20.328801601949472,20.379370540796074,47699200
2008-05-30,20.458831787109375,20.733350784823642,20.372142592599538,20.502176384364297,63399200
2008-06-02,20.08316993713379,20.487724003805805,19.90256588598007,20.401033452976215,77028400
2008-06-03,19.729188919067383,20.451605224628693,19.700292983352803,20.16263897798412,86616700
2008-06-04,19.895349502563477,19.96759004454692,19.64972780169973,19.707521062026494,79567400
2008-06-05,20.444377899169922,20.444377899169922,19.938687386148846,20.02537655848409,76063400
2008-06-06,19.859222412109375,20.350465679232865,19.859222412109375,20.22043053465316,78500800
2008-06-09,20.018159866333008,20.162643712532553,19.721969221734003,19.97481526363317,66787100
2008-06-10,20.148189544677734,20.43715715808542,19.73641248684139,19.765309799342038,77433900
2008-06-11,19.59193229675293,20.18431349170898,19.584707967802263,20.11929590905284,59330800
2008-06-12,20.401037216186523,20.624985895115216,19.642500612579763,19.794207382141188,113996300
2008-06-13,21.00065040588379,21.361858706990564,20.588873163086117,20.682786715097738,131969100
2008-06-16,20.899503707885742,21.029538861904346,20.69000232021138,20.964521284895046,74718900
2008-06-17,20.805593490600586,21.0367679151673,20.798370538554792,20.978974653500632,44256700
2008-06-18,20.559968948364258,20.848936594742558,20.559968948364258,20.62498653100939,49677800
2008-06-19,20.899503707885742,21.087332110590424,20.466053653790308,20.62498474320208,62037800
2008-06-20,20.39381980895996,20.89228763708032,20.299906259438874,20.87783897472314,97480400
2008-06-23,20.20598602294922,20.523849621787903,20.075952229601498,20.444383377603252,57145300
2008-06-24,20.03260040283203,20.234877429903186,19.873669338782957,20.169859863269583,65218300
2008-06-25,20.480506896972656,20.711679943487333,20.054281075748708,20.090401347554106,64280200
2008-06-26,20.047054290771484,20.37214220880881,20.047054290771484,20.249331370650253,67049100
2008-06-27,19.96036720275879,20.16264431793167,19.837556343171705,19.996488854343294,73450200
2008-06-30,19.873676300048828,20.213211528588957,19.85922764064712,20.03260741976761,57830500
2008-07-01,19.411325454711914,19.779756533663836,19.100686243372362,19.700291682272077,100327800
2008-07-02,18.696134567260742,19.50524148707458,18.696134567260742,19.4329995763573,84669000
2008-07-03,18.768375396728516,18.85506596017496,18.49385780529766,18.761151068283,37074500
2008-07-07,18.804502487182617,19.0645714970722,18.385500961243675,18.862295753591432,71527600
2008-07-08,18.674470901489258,18.927317007594223,18.428849127318767,18.732264179064643,65553200
2008-07-09,18.226564407348633,18.67446315621623,18.190444140557634,18.631118560487064,54255800
2008-07-10,18.385501861572266,18.544433007504242,18.045965199130904,18.204897722963107,57830600
2008-07-11,18.241010665893555,18.522752567924012,17.96649309185101,18.175993091901958,69532600
2008-07-14,18.16877555847168,18.645570360783367,18.110982290855116,18.407172959627523,51216200
2008-07-15,18.89118766784668,19.245171521323897,18.00984019865237,18.00984019865237,92719300
2008-07-16,19.693071365356445,19.714744353550103,18.725033272438782,18.87674005609456,82060400
2008-07-17,19.880903244018555,20.162645249899935,19.584712576835518,19.92424785002334,96526100
2008-07-18,18.68169403076172,19.12236722719237,18.139881571659817,19.042902336829655,150277000
2008-07-21,18.52276611328125,18.905647509237,18.44330120310227,18.53721477982313,77575600
2008-07-22,18.638347625732422,18.739486886145134,18.407174535475324,18.45052052332376,88657200
2008-07-23,19.093467712402344,19.38965835781524,18.674466210752392,18.68169054087223,79408800
2008-07-24,18.378278732299805,18.905642520822912,18.378278732299805,18.847849247805314,81092600
2008-07-25,18.898420333862305,18.941764949068737,18.421625432890128,18.52276332767196,58682300
2008-07-28,18.421615600585938,18.86228998333179,18.306029103127965,18.826168341688838,59707800
2008-07-29,18.862289428710938,18.92008267574059,18.349373155660547,18.436063715154873,66368200
2008-07-30,18.948976516723633,19.136804893292663,18.710579226828237,18.927304912669214,51977700
2008-07-31,18.58054542541504,18.985099516881363,18.57332109757818,18.674460309394583,60461000
2008-08-01,18.378278732299805,18.7467113644996,18.11098398340572,18.725038370405382,82720200
2008-08-04,18.2626895904541,18.4577409979767,18.13987873051018,18.34215446837067,60588300
2008-08-05,18.93453598022461,18.98510629313242,18.421620921832325,18.522758791847675,84297600
2008-08-06,19.519689559936523,19.620827405170456,19.057342171938977,19.31018816292361,95550000
2008-08-07,19.786985397338867,20.047055750708484,19.310190668094556,19.433001515196878,82565800
2008-08-08,20.321577072143555,20.393819003174787,19.642506502990535,19.75809304148042,80814100
2008-08-11,20.155410766601562,20.516618849794778,19.982031052016758,20.12651483645384,68743800
2008-08-12,20.31434440612793,20.487724130963638,19.9242389918229,20.068722784802446,62813000
2008-08-13,20.162643432617188,20.58886925729853,20.054281238421943,20.278229956812122,51165200
2008-08-14,20.162643432617188,20.429938131005507,19.909797394228246,20.097625840520028,49732300
2008-08-15,20.09040641784668,20.336028186232035,19.924250920968465,20.213217302039357,47267400
2008-08-18,20.003711700439453,20.2637806830509,19.90257246140721,20.06872929056732,38078200
2008-08-19,19.81513786315918,20.12701617294821,19.778873522512235,19.974704282155944,40332900
2008-08-20,19.793373107910156,20.003708702532258,19.7063367830833,19.974697516520273,41497200
2008-08-21,19.713590621948242,19.749854951593363,19.48149559207027,19.65556686447875,43614200
2008-08-22,20.192285537719727,20.221296722703325,19.74260041161304,19.74985355370779,47930400
2008-08-25,20.061731338500977,20.19228512675859,19.9166712663491,20.025467012160696,51381300
2008-08-26,19.778871536254883,20.1052547194887,19.706341478848774,20.003713469157617,44774400
2008-08-27,19.989198684692383,20.156018160839416,19.677320538785345,19.829633732937822,33975300
2008-08-28,20.264827728271484,20.315598369986944,20.018226282742486,20.025479429187016,48372600
2008-08-29,19.793373107910156,20.14876878277853,19.793373107910156,20.076238742655395,50735500
2008-09-02,19.655567169189453,20.13426352158264,19.626554598307187,20.068986620493067,66079200
2008-09-03,19.51051139831543,19.7135952892375,19.46699391575921,19.583041458173014,57127700
2008-09-04,19.111597061157227,19.503257148759868,19.111597061157227,19.394462756836678,66141900
2008-09-05,18.603885650634766,19.017305116565115,18.5893793646804,18.87949955018538,82305200
2008-09-08,18.94477653503418,19.097088388023117,18.618392016635635,19.01005205531831,62110800
2008-09-09,18.930273056030273,19.29292195984926,18.894007335610905,19.002803113473227,85735700
2008-09-10,19.176870346069336,19.481495415877994,19.039063404552316,19.234894103014057,75064900
2008-09-11,19.82963752746582,19.916672469297474,18.879498009330067,18.930268622631107,72913300
2008-09-12,20.032730102539062,20.11976508233623,19.539527272368233,19.6845860331622,75628500
2008-09-15,19.452478408813477,19.938427781159167,19.387201524215165,19.525008434299956,82349400
2008-09-16,18.850488662719727,19.21313754361098,18.5095992127044,18.92301871557712,111729700
2008-09-17,17.8205623626709,18.763450101915254,17.769791750441478,18.661907494060983,106972100
2008-09-18,18.321012496948242,18.386289373644573,17.41439074660477,17.987374973456443,132291300
2008-09-19,18.24848747253418,19.147856328910486,17.044493569369497,19.126098286322634,134926100
2008-09-22,18.422565460205078,19.089839550105225,18.364541686448366,19.01730948706036,105207700
2008-09-23,18.45157241821289,18.981039365385453,18.379042377261538,18.611137401589488,92181300
2008-09-24,18.6546573638916,18.923018136229086,18.466079785594168,18.553116123037466,80250300
2008-09-25,19.300174713134766,19.496004065850986,18.669165024572543,18.72718879267286,96203500
2008-09-26,19.873149871826172,19.989197353262625,18.959274917967793,18.981034339510288,100744300
2008-09-29,18.139692306518555,20.06173058131308,18.139692306518555,19.539516831387854,134383100
2008-09-30,19.35819435119629,19.35819435119629,18.52410234393299,18.690920468706558,107192700
2008-10-01,19.20587921142578,19.57578113601157,19.060820528294993,19.133349178162728,88957000
2008-10-02,19.039064407348633,19.24214825904942,18.640151230267172,18.988293790272326,93819800
2008-10-03,19.0898380279541,19.92393022797297,19.031814258823985,19.126103748282787,114289400
2008-10-06,18.06716537475586,18.850486825813523,17.508685820590014,18.589379214329114,146374600
2008-10-07,16.848674774169922,18.28476470088258,16.78339783355604,18.117946467489933,145941200
2008-10-08,16.689102172851562,17.62473559467782,16.319200137070474,16.60931897393925,171598600
2008-10-09,16.17414665222168,17.34187700526653,16.007328425614215,17.240335716617864,131948700
2008-10-10,15.593891143798828,16.21039409360471,14.97738819399295,15.804228013953963,228467500
2008-10-13,18.49509048461914,18.49509048461914,16.41348557432288,16.580305088898076,144935400
2008-10-14,17.479673385620117,18.661907929107603,17.117024565932542,18.5966310308922,165674900
2008-10-15,16.435245513916016,17.58846894952563,16.304691708617487,17.24757953388712,113280200
2008-10-16,17.544952392578125,17.544952392578125,15.456094165414616,16.63833023439151,161147800
2008-10-17,17.356374740600586,18.212226275471824,16.90668954344268,17.095267117515633,133673100
2008-10-20,17.929359436035156,17.951118866016394,16.689100978413023,17.552205666796507,93484300
2008-10-21,16.94295883178711,18.139700050913394,16.87768191225332,17.624737839413044,100385600
2008-10-22,15.615655899047852,16.72536020473711,15.158717692732685,16.71085530590751,150054800
2008-10-23,16.188644409179688,16.384475119789663,15.151468478981204,15.630164849319646,154774100
2008-10-24,15.92753791809082,16.580306999484435,15.194988408341398,15.274770220092874,153919700
2008-10-27,15.361809730529785,15.927541206684484,15.245762177298259,15.717205535225828,117683900
2008-10-28,16.754379272460938,16.8341610888746,15.477854992489121,15.695443776738376,134088800
2008-10-29,16.681848526000977,17.38538685711857,16.464259750759243,16.776136626366878,111701800
2008-10-30,16.413484573364258,17.32010660065426,16.239413310132026,17.182301048550887,95323000
2008-10-31,16.195898056030273,16.61657067891175,16.043586198636664,16.34095815360138,93055200
2008-11-03,16.406238555908203,16.61657422048097,16.108865154167265,16.304695912607915,61923500
2008-11-04,17.066259384155273,17.160547498588883,16.58756290048578,16.776139129353,72123000
2008-11-05,16.014575958251953,16.928451385904406,15.992816525428386,16.921198241629885,81179700
2008-11-06,15.144220352172852,16.01457843201788,15.129715444779059,15.862266528912818,95509700
2008-11-07,15.593891143798828,15.622903698328395,15.231242512547693,15.463337415205261,71256300
2008-11-10,15.448845863342285,15.934795547748056,15.369064029129678,15.847760567989564,67106800
2008-11-11,15.376304626464844,15.4488332559428,15.078932818741448,15.44158149971095,78014500
2008-11-12,14.723541259765625,15.231250151507378,14.709036358620912,15.151466969931992,90162300
2008-11-13,15.412575721740723,15.41257572174072,13.592078376365293,14.614747995936211,148413700
2008-11-14,14.549468040466309,15.477849375358277,14.25209616432811,14.912116804868527,96624500
2008-11-17,14.012748718261719,14.68002253262634,13.88944807701841,14.317373750545466,97289000
2008-11-18,14.326741218566895,14.355948935929973,13.691457000907302,14.239115280943594,108966500
2008-11-19,13.355555534362793,14.56770529048034,13.326346435291766,14.334036676211637,103010500
2008-11-20,12.800601959228516,13.757178175629063,12.778695123335163,13.231426649093764,139532800
2008-11-21,14.37055492401123,14.385159480532636,13.129195475035134,13.158404588077945,157231900
2008-11-24,15.108065605163574,15.29061835063468,14.509292822861049,14.52389598399588,125289900
2008-11-25,14.596918106079102,15.283316854073792,14.275624867669482,15.232202305574601,92948100
2008-11-26,14.96202564239502,15.100766144805657,14.407065025519639,14.407065025519639,79678300
2008-11-28,14.764875411987305,14.83059455566415,14.618833953747087,14.772177693814493,28650800
2008-12-01,13.589229583740234,14.56771260999199,13.581927305303466,14.51659666093461,79639900
2008-12-02,13.983542442321777,14.100376108202756,13.552717777097982,13.866708776440799,79689800
2008-12-03,14.509299278259277,14.531204726091035,13.581930584402174,13.618440592633462,80961500
2008-12-04,13.954339027404785,14.545809817502729,13.720671623552146,14.166099589858396,78719200
2008-12-05,14.509299278259277,14.589621574921617,13.487002334572766,13.808295699524741,91996200
2008-12-08,15.341733932495117,15.516984412849375,14.7064497225398,14.859794763329157,107225000
2008-12-09,15.042352676391602,15.516989730779596,14.940122149906925,15.056957236284767,80484900
2008-12-10,15.049657821655273,15.305230704606977,14.823291278515542,15.203001551426295,61499000
2008-12-11,14.20260238647461,14.691843739135226,14.100371914657412,14.684541463093517,83564300
2008-12-12,14.136885643005371,14.494688871879882,13.654946486336277,13.98354060619231,78112600
2008-12-15,13.903220176696777,14.195304341592264,13.793687396189705,14.122282952176603,59925900
2008-12-16,14.684549331665039,14.735663898579503,13.874014362685697,14.027358063429093,97688700
2008-12-17,14.355955123901367,14.640737106586828,14.239121418555145,14.465486548567496,78922700
2008-12-18,14.093076705932617,14.618829702453445,13.866711606190286,14.501996012730471,80759200
2008-12-19,13.961640357971191,14.458182860991286,13.954338078001669,14.180703185986895,113530400
2008-12-22,14.005451202392578,14.085774881016112,13.79368928339139,14.049263484929346,58575400
2008-12-23,14.078469276428223,14.290229752643693,13.881311962430804,14.078469276428223,47511400
2008-12-24,13.998149871826172,14.202609525466183,13.94703530660803,14.063868996468766,16880400
2008-12-26,13.968941688537598,14.114984507028359,13.939733960499968,14.02005764994664,23101000
2008-12-29,13.844801902770996,14.02735467929129,13.611134571667762,13.983542402901223,58512800
2008-12-30,14.122284889221191,14.23181629198468,13.8740129668147,13.881315246034578,43224100
2008-12-31,14.195304870605469,14.370555376073781,14.071168921802846,14.100376642997292,46419000
2009-01-02,14.845190048217773,14.896304597006878,14.144188134366624,14.26102178667515,50084000
2009-01-05,14.98393726348877,15.093468687634255,14.64803931763931,14.750269853907035,61475200
2009-01-06,15.159185409545898,15.3344359388579,15.049654002821823,15.151883130061973,58083400
2009-01-07,14.246419906616211,14.815985113127628,14.224513070407873,14.742963718533765,72709900
2009-01-08,14.691849708557129,14.74296426885063,14.275628161665812,14.334045000968,70255400
2009-01-09,14.253718376159668,14.823282037692477,14.17339472429555,14.728355225025972,49815300
2009-01-12,14.217211723327637,14.450880479893796,14.093075762213601,14.392462246176743,52163500
2009-01-13,14.472786903381348,14.596922872889124,14.253724083199362,14.253724083199362,65843500
2009-01-14,13.939733505249023,14.370558273682382,13.881316658314034,14.261026859775214,80257500
2009-01-15,14.049264907836914,14.093077194810986,13.523513285845597,13.92512893410414,96169800
2009-01-16,14.392454147338867,14.53849686391649,13.983536490794712,14.334037339261132,79634100
2009-01-20,13.494300842285156,14.32674244636174,13.413978568077832,14.209907388595623,89873000
2009-01-21,14.151488304138184,14.202604243112294,13.47969414091465,13.7790819266953,68340900
2009-01-22,12.493912696838379,13.275238371642246,12.464703583538297,13.180310146184157,222436600
2009-01-23,12.559625625610352,12.771386021712827,12.231030226595225,12.391676092354569,117020600
2009-01-26,12.873620986938477,13.005059206829209,12.58153682760748,12.62535049608248,92476500
2009-01-27,12.895526885986328,13.121891918955862,12.727578680646578,12.98315282381452,61695000
2009-01-28,13.17300796508789,13.370163889404846,12.968548370397038,12.99775608805742,64145500
2009-01-29,12.844413757324219,13.114591092723318,12.822506922251108,12.983154260586213,49192800
2009-01-30,12.48660945892334,12.990455482491994,12.48660945892334,12.953944093672774,62370900
2009-02-02,13.019661903381348,13.23872464339895,12.413586837047921,12.435493668156456,88871700
2009-02-03,13.508912086486816,13.589235793227312,12.851722047319404,13.03427491335301,86865100
2009-02-04,13.603833198547363,13.874011938590128,13.50890636125881,13.538115475973592,75618000
2009-02-05,13.903220176696777,13.97624017334528,13.326352732356925,13.516207787730783,75195200
2009-02-06,14.355955123901367,14.553112523960976,13.91782803246922,13.990849446502516,86746000
2009-02-09,14.195304870605469,14.4362744897203,14.06386664331243,14.341346262112124,52196400
2009-02-10,13.7279691696167,14.458180325293487,13.65494916826282,14.056564746778154,83953200
2009-02-11,14.027358055114746,14.231817715418908,13.815597507627839,13.830202067528312,58599000
2009-02-12,14.063870429992676,14.107682719964357,13.538118772029733,13.852108475055639,75323200
2009-02-13,13.939733505249023,14.217213179998351,13.903223498202465,14.071171759044624,47416000
2009-02-17,13.300092697143555,13.601531941499541,13.153048547660028,13.59417959379367,75853300
2009-02-18,13.322150230407715,13.564772104360186,13.233923457008185,13.395670905537502,54946900
2009-02-19,13.167746543884277,13.513298296356563,13.09422450654739,13.454480946950296,49195600
2009-02-20,13.233919143676758,13.373610905064197,12.983945003221985,13.064819402285744,69413800
2009-02-23,12.65310001373291,13.344205266674173,12.616339677835612,13.248627551951039,70803400
2009-02-24,12.623692512512207,12.756031970555348,12.028166353635054,12.52076244617509,122674500
2009-02-25,12.469294548034668,12.675156058878219,12.101685608731993,12.506056283355024,105894600
2009-02-26,12.072275161743164,12.55751875051578,12.072275161743164,12.535461713820105,83219500
2009-02-27,11.873764991760254,12.145796144427937,11.837004669491078,11.976696418283478,93428000
2009-03-02,11.609088897705078,11.947289109782169,11.557623876679758,11.73407597833085,80602100
2009-03-03,11.675260543823242,11.93993874011441,11.498808412962463,11.785543651480058,80476600
2009-03-04,11.851716041564941,12.057576206046743,11.682615518919949,11.851716041564941,69285100
2009-03-05,11.226775169372559,11.67525773607923,11.226775169372559,11.660553044797894,89708500
2009-03-06,11.234127044677734,11.484101192330384,10.932687878799523,11.285592764061581,92821400
2009-03-09,11.1385498046875,11.572328435040427,11.101789474244052,11.175310836289306,66479100
2009-03-10,12.116390228271484,12.219321684218022,11.21207257970993,11.300298640460444,95184200
2009-03-11,12.579578399658203,12.645748121170405,12.07963001592904,12.226672750820851,84522200
2009-03-12,12.506058692932129,12.528115738374135,12.116392637359196,12.506058692932129,93694100
2009-03-13,12.241374969482422,12.535461782110904,11.895823139933523,12.483996765190486,82965800
2009-03-16,11.947286605834961,12.469290455193438,11.939934261184176,12.366360434715169,67028900
2009-03-17,12.425178527832031,12.425178527832031,11.95463966075619,11.998752328965441,62481000
2009-03-18,12.469294548034668,12.660451364750076,12.204617065312176,12.520760977483167,70710700
2009-03-19,12.601635932922363,12.82955452008863,12.439888479532105,12.770737136826988,58994600
2009-03-20,12.542818069458008,12.976596780274257,12.410478611606681,12.73397490831915,81725500
2009-03-23,13.476543426513672,13.667700239935039,12.726620866702952,12.770734948327199,71600000
2009-03-24,13.18245792388916,13.388318050157864,13.116288196926522,13.263332346247257,50044100
2009-03-25,13.145692825317383,13.461836683927675,12.881015387436213,13.219214881185266,73927100
2009-03-26,13.844154357910156,13.880914695586657,13.32215027085545,13.358910608531954,63775100
2009-03-27,13.329498291015625,13.689756252298498,13.2706809222521,13.63093888353497,47670400
2009-03-30,12.851607322692871,13.057468819780306,12.697212251614838,13.042764126634763,49633000
2009-03-31,13.50595474243164,13.814746346301844,13.07217602741595,13.108936365034097,92423300
2009-04-01,14.197054862976074,14.233816593168804,13.366259393053081,13.40301972092919,96438900
2009-04-02,14.182352066040039,14.623481625148695,13.969138230463075,14.336747131264735,99082300
2009-04-03,13.785333633422852,14.07942047047254,13.550064163783098,14.064715778040894,81858400
2009-04-06,13.792681694030762,13.792681694030762,13.432425255292777,13.630934334490101,47476100
2009-04-07,13.792681694030762,14.072063751840307,13.697102625239657,13.792681694030762,65815200
2009-04-08,14.108837127685547,14.424981166338025,13.93973588219227,13.947088232197837,56408900
2009-04-09,14.461730003356934,14.483787035817526,14.130881528029366,14.299982638928046,55759600
2009-04-13,14.402915000915527,14.59407177312765,14.241167610112882,14.476437052122726,44444700
2009-04-14,14.22646427154541,14.373506985618818,13.969137769021168,14.29263398368926,63796300
2009-04-15,13.844154357910156,14.152945962270556,13.608884831219754,14.123536570275759,72725500
2009-04-16,14.527902603149414,14.542607294396548,13.961784610983575,14.086771681951143,67688700
2009-04-17,14.116179466247559,14.476435947115805,13.969135375057245,14.476435947115805,61398500
2009-04-20,13.682403564453125,13.932377726038888,13.652994179646965,13.888263648829646,62937200
2009-04-21,13.947087287902832,14.027961730171041,13.65300031917837,13.667705018193914,60928300
2009-04-22,13.807393074035645,14.10883230974021,13.748575696393702,13.792688379045934,59401000
2009-04-23,13.910318374633789,13.925023064591992,13.579469862156296,13.910318374633789,86116300
2009-04-24,15.373403549194336,15.586617376863945,14.336746599564968,14.572016062982042,168478500
2009-04-27,14.998445510864258,15.307237097954856,14.910220144448038,15.10872792004299,68219600
2009-04-28,14.652894973754883,14.902869206100338,14.549964902430418,14.888164509534828,76685200
2009-04-29,14.888160705566406,15.358699656902226,14.748468928519827,14.785230660540869,79301600
2009-04-30,14.895509719848633,15.513092656482085,14.711705307810494,15.145483832405809,87439900
2009-05-01,14.880803108215332,14.961677487807021,14.601421055023616,14.844042791482488,63224500
2009-05-04,14.844047546386719,14.998442608900534,14.689651081556258,14.976386972722358,54313400
2009-05-05,14.549958229064941,14.880805336142954,14.439674457722532,14.807283289353483,66835500
2009-05-06,14.549958229064941,14.755818277295774,14.417618825307173,14.748465932385187,59639100
2009-05-07,14.20440673828125,14.69700268800625,14.072067318606388,14.674945650621583,68727200
2009-05-08,14.277925491333008,14.439672854457598,14.072064063642964,14.307333465393729,67597600
2009-05-11,14.20440673828125,14.505845904288847,13.976489627905972,14.116181393375724,63762600
2009-05-12,14.623480796813965,14.74846787209941,14.31468928153914,14.344098665049403,71966800
2009-05-13,14.520551681518555,14.704356133183348,14.46173431307849,14.64553876474328,49281700
2009-05-14,14.748467445373535,14.873454517042655,14.557310665037434,14.579367702031943,54539500
2009-05-15,14.866106033325195,15.071967558470094,14.689653898479673,14.79993630746851,61289900
2009-05-18,15.145489692687988,15.145489692687988,14.880810788198959,14.969037557134275,46073800
2009-05-19,15.027100563049316,15.345252113907495,14.982707750043224,15.175078488032403,51368300
2009-05-20,15.078892707824707,15.308258637148803,14.960510930015802,15.101089820372167,47450700
2009-05-21,14.664562225341797,14.967915826115343,14.435197617464333,14.901325873631134,58232800
2009-05-22,14.612767219543457,14.923519794078846,14.405598366112413,14.745947095947532,37318700
2009-05-26,15.049301147460938,15.13068916610235,14.390802192918322,14.457392133402676,44991700
2009-05-27,14.893927574157715,15.241675434702161,14.849534740700689,14.982714652294499,42892900
2009-05-28,15.130693435668945,15.26387194299545,14.834737433904788,15.034507311728753,45480800
2009-05-29,15.45623779296875,15.493232986864822,15.01970438355156,15.21207515814408,46134900
2009-06-01,15.833581924438477,15.907570908583363,15.434043668012078,15.537627399081424,57317100
2009-06-02,15.833581924438477,16.262716339011824,15.685605367371197,15.803987177514017,48935700
2009-06-03,16.077749252319336,16.099946377374327,15.752199885516916,15.766996557664005,56039600
2009-06-04,16.151731491088867,16.203523349962452,15.966759760127601,16.107338670800413,42330000
2009-06-05,16.3810977935791,16.506878640528406,16.13693513905663,16.24791790725367,59579200
2009-06-08,16.314498901367188,16.514268621274955,16.00374647414011,16.26270706536629,49000600
2009-06-09,16.33670997619629,16.51428274198699,16.188731965759256,16.321911892908005,50887700
2009-06-10,16.6844482421875,16.736241508167023,16.366298075646483,16.403291854409655,61297200
2009-06-11,16.891618728637695,17.209770337595216,16.699247955518675,16.714046032963754,65124600
2009-06-12,17.261573791503906,17.29856759874188,16.82504009222404,16.9434219688535,50963500
2009-06-15,17.328157424926758,17.41694450548123,17.032202841783132,17.187578468724997,69089600
2009-06-16,17.350353240966797,17.838678619176672,17.342954200542685,17.36514991059235,105295600
2009-06-17,17.520526885986328,17.62411062917661,17.143184292792597,17.387346981185875,86483100
2009-06-18,17.387340545654297,17.52791943882519,17.23936261481945,17.476127586399635,58852200
2009-06-19,17.8090763092041,18.00884609801998,17.572312742261804,17.78688060681712,115459000
2009-06-22,17.224573135375977,17.720297575859036,17.202376013125313,17.720297575859036,71291600
2009-06-23,17.268959045410156,17.50572260960621,17.17277296544166,17.298553785323584,56752700
2009-06-24,17.365148544311523,17.57231742621864,17.28376192849511,17.350351875850162,54287700
2009-06-25,17.60191535949707,17.698100064690834,17.16538184338593,17.335555543233273,57724300
2009-06-26,17.276371002197266,17.527932830075162,17.254173872246906,17.43914572149693,65126400
2009-06-29,17.65369987487793,17.779480690000693,17.424333945922115,17.461329133441815,62854900
2009-06-30,17.58711051940918,17.934856826048904,17.48352540221395,17.735087040624695,66452400
2009-07-01,17.786888122558594,17.979257543567105,17.727695794589483,17.79428575233196,54908400
2009-07-02,17.291160583496094,17.786884952093647,17.172777359882144,17.579716074797386,65422200
2009-07-06,17.16537857055664,17.224569472749355,16.921215922608884,17.17277619851111,49207700
2009-07-07,16.66965675354004,17.12098692172733,16.617863471478092,17.076594091182585,52842500
2009-07-08,16.691852569580078,16.788038682799776,16.27751618900236,16.50688079470505,73023400
2009-07-09,16.60306739807129,16.876824842683362,16.551275525372933,16.758443016166353,46981200
2009-07-10,16.566076278686523,16.67706050322287,16.388503495140625,16.41809966467646,43229200
2009-07-13,17.187585830688477,17.231980095592505,16.381108364169148,16.588277366717826,67584000
2009-07-14,17.09878921508789,17.18017582637762,16.913817462994675,17.165379158739245,45448700
2009-07-15,17.846084594726562,17.846084594726562,17.43174663729753,17.572325637540352,67238700
2009-07-16,18.082834243774414,18.082834243774414,17.65369994538669,17.705491796899018,64555100
2009-07-17,17.971851348876953,18.09023312595195,17.831272459392107,18.0532379386022,52860100
2009-07-20,18.149425506591797,18.149425506591797,17.868267704507534,18.08283557510985,47798000
2009-07-21,18.371397018432617,18.371397018432617,18.031049622744774,18.267813273870694,52028400
2009-07-22,18.34919548034668,18.423184456320325,18.134629002367685,18.275207915595374,66192500
2009-07-23,18.911516189575195,19.029898027129438,18.378797920581114,18.445387880608227,106060500
2009-07-24,17.350353240966797,17.675902552291603,16.876824532382475,17.46873506530721,215135700
2009-07-27,17.09878921508789,17.350350910832457,16.943412209493903,17.342951871402033,80950000
2009-07-28,17.365148544311523,17.424339451824622,16.943413151877884,17.01000309923294,70288400
2009-07-29,17.609304428100586,17.690692423775026,17.268957193865674,17.55751258038849,73626900
2009-07-30,17.6167049407959,18.075435394084817,17.542715975914188,17.905261762712364,67820000
2009-07-31,17.40214729309082,17.80908468884482,17.387349210388496,17.587119093201334,54258200
2009-08-03,17.631515502929688,17.65371263148119,17.387352733755662,17.624116460079186,46902900
2009-08-04,17.58711051940918,17.601908594897377,17.40953784721727,17.520520590934442,49218300
2009-08-05,17.6167049407959,17.94225553954216,17.601908276797257,17.63890205362705,53310300
2009-08-06,17.357755661010742,17.7424974019194,17.21717808782043,17.705503600811014,59686000
2009-08-07,17.43174171447754,17.624112552266602,17.38734887844093,17.572320675020087,46169700
2009-08-10,17.328157424926758,17.424342135239897,17.239370344372286,17.357752177629735,35261900
2009-08-11,17.113588333129883,17.31335819268793,17.05439742043372,17.25416727999177,33615800
2009-08-12,17.4095516204834,17.68330917748285,17.039607907936798,17.113595521467502,61972300
2009-08-13,17.476131439208984,17.64630510933026,17.313355397160418,17.483529067281694,38954500
2009-08-14,17.527921676635742,17.60930827888571,17.394741804125573,17.476129817597858,46330200
2009-08-17,17.202377319335938,17.461338120366207,17.187579236711848,17.254169197297426,42474400
2009-08-18,17.544639587402344,17.596722684132313,17.313985265101927,17.328866555355617,38878900
2009-08-19,17.596717834472656,17.64880091684852,17.299099207212343,17.299099207212343,41821300
2009-08-20,17.61160659790039,17.76041668428891,17.514881035158563,17.559523493411856,39505900
2009-08-21,18.162195205688477,18.169635849284905,17.686005368778307,17.80505282800585,69011400
2009-08-24,18.333328247070312,18.40029262939791,18.06547213691777,18.162197678525494,54180900
2009-08-25,18.333328247070312,18.46725701172551,18.199399482415117,18.303567087790185,43980300
2009-08-26,18.2663631439209,18.415173191922786,18.169637606130127,18.296125721184396,41079000
2009-08-27,18.370527267456055,18.43749163446408,18.080347870702088,18.162193523524685,45495600
2009-08-28,18.363096237182617,18.965774436584713,18.31101312872492,18.653274366680243,55808000
2009-08-31,18.340761184692383,18.48957117603499,18.07290518709584,18.28123747198679,49592800
2009-09-01,17.857135772705078,18.407730622064566,17.782730756487275,18.117552619888556,62608500
2009-09-02,17.752973556518555,17.961305945351704,17.69344981411509,17.723210975737842,40771300
2009-09-03,17.938983917236328,17.961304431782988,17.67856703398182,17.790173864188652,34120000
2009-09-04,18.318443298339844,18.452370606706715,17.91665711576686,17.924097758313486,44999700
2009-09-08,18.467252731323242,18.482134017092996,18.162193468830893,18.318444131098268,53737100
2009-09-09,18.437490463256836,18.563978546330688,18.355644815633333,18.407727893518313,49900300
2009-09-10,18.60118293762207,18.63838473583426,18.340766092663834,18.45237290645804,46256000
2009-09-11,18.497013092041016,18.72766731727359,18.459809882063276,18.5490961668525,54303500
2009-09-14,18.60118293762207,18.66814730973012,18.33332544918987,18.340766092663834,42806800
2009-09-15,18.749988555908203,18.80207162881038,18.497012413962786,18.578856634598797,44716600
2009-09-16,18.749988555908203,18.861595343435344,18.563976770310532,18.787190345364817,50055800
2009-09-17,18.82440185546875,18.88392560083091,18.645830619382274,18.645830619382274,42428800
2009-09-18,18.794641494750977,18.958331446695688,18.675593998944258,18.943450154930325,68016500
2009-09-21,18.82440185546875,18.87648637442392,18.675593201642368,18.683033847207394,28878700
2009-09-22,19.174100875854492,19.21130267632345,18.816958482384702,18.898802727247954,61376700
2009-09-23,19.12944984436035,19.53123595083002,19.077366775556623,19.28570046992873,60599900
2009-09-24,19.30058479309082,19.427072874038824,19.092251065894864,19.285703508471663,56302900
2009-09-25,19.010404586791992,19.211297662877147,18.98808407999854,19.114572155405043,50158900
2009-09-28,19.218738555908203,19.464274067944952,19.047608045522033,19.047608045522033,44358000
2009-09-29,19.159217834472656,19.315467085130965,19.114575394164223,19.27826528806687,39050300
2009-09-30,19.13689422607422,19.33778731857645,18.883918054587884,19.16665679644083,63533400
2009-10-01,18.51189422607422,18.950882199807662,18.452370505186163,18.906239763930984,75958100
2009-10-02,18.571422576904297,18.66814953443527,18.177078359893134,18.199398873817355,51219700
2009-10-05,18.333328247070312,18.645828224879825,18.244043350072083,18.58630448716172,60804900
2009-10-06,18.68302345275879,18.75742702869794,18.348201684403623,18.363082967254353,48795300
2009-10-07,18.67558479309082,18.73510851165284,18.511893502677218,18.59373914788402,38472700
2009-10-08,19.099695205688477,19.2708257526735,18.76487333623285,18.928564658703454,60521300
2009-10-09,19.010404586791992,19.188977156083695,18.94344022809694,19.02528587075919,39520000
2009-10-12,19.13689422607422,19.263382311817388,19.010406140331053,19.092251789681768,29145800
2009-10-13,19.2038631439209,19.300590101391112,18.988090134228067,19.040173225562274,37749000
2009-10-14,19.315473556518555,19.494046215895814,19.211307354513544,19.449402341472467,45365500
2009-10-15,19.873502731323242,19.873502731323242,19.27082481479219,19.27082481479219,65620100
2009-10-16,19.717252731323242,19.813978252368337,19.419634106002704,19.68005093534226,56500900
2009-10-19,19.613094329833984,19.77678428375705,19.5312486432934,19.70981988916168,48143200
2009-10-20,19.620525360107422,19.72469151435759,19.300584835873423,19.657727152580364,54604700
2009-10-21,19.776765823364258,19.903253848513607,19.635396520160448,19.687479574194278,61672700
2009-10-22,19.78421401977539,19.88093952576405,19.44195158956568,19.76189209416693,61600000
2009-10-23,20.84819793701172,21.837780421402847,20.744030388705184,21.72617365172027,281761000
2009-10-26,21.33928680419922,21.592263118437096,20.915179871258744,20.93005974568112,124149700
2009-10-27,21.27231788635254,21.48809092083243,21.160711046507217,21.37648408098711,69685800
2009-10-28,20.84819793701172,21.40623320458169,20.796114872436988,21.01188777126903,73542400
2009-10-29,20.997011184692383,21.138380548114633,20.721714519201953,20.885404390056873,65225500
2009-10-30,20.63243293762207,21.130944725236102,20.58034984952411,20.855647996958965,73371800
2009-11-02,20.744037628173828,20.87052572306576,20.394335916017344,20.610110309309636,62428900
2009-11-03,20.483619689941406,20.639868918938355,20.409214686970646,20.56546391596759,50294800
2009-11-04,20.877967834472656,21.12350339839438,20.55058802868214,20.60267111509619,63898400
2009-11-05,21.183029174804688,21.383922315372335,21.04166118921217,21.220232396664144,52681700
2009-11-06,21.220230102539062,21.302074343466053,20.98213518501028,21.11606251175198,38908500
2009-11-09,21.56993865966797,21.577379305589556,21.227677462223472,21.29464185635967,57518000
2009-11-10,21.58481788635254,21.785711049540403,21.436007820474575,21.502972208203865,65881100
2009-11-11,21.666658401489258,21.80058572587593,21.592253386280465,21.636895827742688,49693400
2009-11-12,21.845224380493164,21.9419498838033,21.57736695723849,21.58480759890193,55352400
2009-11-13,22.046113967895508,22.16516280422451,21.852662979359124,21.927066550723662,53037600
2009-11-16,21.979158401489258,22.172609454840302,21.852670300970416,22.031241486557434,54129500
2009-11-17,22.420080184936523,22.420080184936523,22.0239915885144,22.046412181854247,75648900
2009-11-18,22.502300262451172,22.524719442974643,22.278098479198682,22.420092799382147,59431200
2009-11-19,22.255672454833984,22.420085904982145,22.19588561610459,22.412612371962137,51967700
2009-11-20,22.136096954345703,22.248197089552416,21.994102689520904,22.16598965853323,42647100
2009-11-23,22.3752498626709,22.427563177101906,22.195889316579922,22.30051594544193,41832700
2009-11-24,22.352821350097656,22.412608177638464,22.233247695016036,22.382715476583265,37341400
2009-11-25,22.26314926147461,22.315462574876253,22.106207895838793,22.27809490428159,32033500
2009-11-27,21.83716583251953,21.964213058556773,21.485918290148724,21.754959810093677,29357900
2009-11-30,21.979154586791992,22.009048714998393,21.67274689982885,21.78484702974187,44172000
2009-12-01,22.42755699157715,22.457449694965774,21.9791550373036,22.06136246612573,49904200
2009-12-02,22.255672454833984,22.412612371962137,22.15851795100455,22.345352000212735,36308600
2009-12-03,22.293039321899414,22.569554349699025,22.240726014717772,22.300512855129753,43095200
2009-12-04,22.405139923095703,22.696602023256776,22.293039773232557,22.457453231336455,58810700
2009-12-07,22.26314926147461,22.47987604920012,22.180941811597233,22.255675727355676,38082700
2009-12-08,22.098730087280273,22.225777291866297,21.956735817347518,22.061363849344048,37402200
2009-12-09,22.203359603881836,22.278093514979737,21.8595856084346,22.023999072505347,44713300
2009-12-10,22.322933197021484,22.39019214445634,22.165991851858294,22.203358092147734,45940200
2009-12-11,22.307987213134766,22.420087364872977,22.263147437525635,22.39766676435303,43744200
2009-12-14,22.502300262451172,22.53966651361103,22.34535887163132,22.352832406949513,34651200
2009-12-15,22.435029983520508,22.57702281570054,22.33040196060358,22.3378754926284,49473200
2009-12-16,22.49481964111328,22.72649346127404,22.44997986876006,22.47239904222134,55737800
2009-12-17,22.12115478515625,22.390194884107355,22.098734182980795,22.382722775479742,43691200
2009-12-18,22.68912696838379,22.75638733887747,22.270617679660756,22.300511811182677,94118000
2009-12-21,22.80869483947754,23.047842129074482,22.69659472565776,22.719013893163545,40129100
2009-12-22,23.03290557861328,23.11511303146549,22.82365231743447,22.868492098339797,36321000
2009-12-23,23.107629776000977,23.13005036973706,22.935742833648685,22.950688470709075,28362700
2009-12-24,23.16741943359375,23.16741943359375,22.98805893806275,23.077738473112998,11083900
2009-12-28,23.294471740722656,23.301945274521774,23.085217070639825,23.1674245169993,25384000
2009-12-29,23.45887565612793,23.541083069014547,23.339302014891164,23.42898295853386,29716200
2009-12-30,23.13752555847168,23.384147846138337,23.017951893474194,23.279519820192643,42006200
2009-12-31,22.778812408447266,23.159954131427494,22.778812408447266,23.152480596612467,31929700
2010-01-04,23.13005256652832,23.24215269499484,22.861011117864294,22.883431713729788,38409100
2010-01-05,23.13752555847168,23.242153584417377,22.898378228476705,23.055319554679986,49749600
2010-01-06,22.99553108215332,23.227204863384298,22.808697065740823,23.07773708008213,58182400
2010-01-07,22.756391525268555,22.943225605359654,22.562083910922098,22.890910865572184,50559700
2010-01-08,22.913330078125,23.077743545474636,22.599448785598735,22.62934292080639,51197400
2010-01-11,22.62186622619629,22.988060778739115,22.50976608569226,22.95069311495069,68754700
2010-01-12,22.472389221191406,22.719009999500308,22.352815596885883,22.532176033344168,65912100
2010-01-13,22.6816463470459,22.808693515448056,22.427552010241588,22.61438599757239,51863500
2010-01-14,23.13752555847168,23.242153584417377,22.614391130465304,22.651757366240574,63228100
2010-01-15,23.062793731689453,23.346780837640303,22.95069217036857,23.227207169299888,79913200
2010-01-19,23.24215316772461,23.346779766363998,22.928271946375936,22.980585245695632,46575700
2010-01-20,22.861013412475586,23.12258135543861,22.651758773019044,23.02542685570033,54849500
2010-01-21,22.42755699157715,22.958164949242313,22.42008345937236,22.875958945850698,73086700
2010-01-22,21.642854690551758,22.56955279108748,21.553175148842243,22.42008498766414,102004600
2010-01-25,21.91189956665039,22.165994016639992,21.747486097716873,21.852112721089945,63373000
2010-01-26,22.046417236328125,22.30798518354018,21.740009517586493,21.822216953249587,66639900
2010-01-27,22.173463821411133,22.285563959805266,21.687695604749493,21.934316479388823,63949500
2010-01-28,21.792325973510742,22.32293547749737,21.590544834300438,22.300514875774834,117513700
2010-01-29,21.0599308013916,22.360295399594083,20.67131570066062,22.3453483360051,193888500
2010-02-01,21.231821060180664,21.284134365451955,20.865626497850947,21.216873994265818,85931100
2010-02-02,21.26918601989746,21.299080149928596,21.030038681370662,21.20192707818855,54413700
2010-02-03,21.396228790283203,21.515803860211914,21.015088689338377,21.119715271916935,61397900
2010-02-04,20.805831909179688,21.299073497185358,20.783411318659383,21.20939256053427,77850000
2010-02-05,20.940353393554688,21.134660909123703,20.604051650179432,20.925406332642414,80960100
2010-02-08,20.716161727905273,20.98520325210887,20.604061567964063,20.93288993916503,52820600
2010-02-09,20.932880401611328,21.179501211287608,20.738572881043616,20.902986279017732,59195800
2010-02-10,20.917938232421875,21.104772266036324,20.80583809733932,20.947832362006853,48591300
2010-02-11,21.015092849731445,21.22434605631477,20.7012116144259,20.87309858424236,65993700
2010-02-12,20.87310028076172,20.970253359510284,20.61153232584234,20.783419309629394,81117200
2010-02-16,21.286052703857422,21.30106966302251,21.038278606017645,21.120869017233538,51935600
2010-02-17,21.46626091003418,21.51131037430518,21.293570103581473,21.42121144576318,45882900
2010-02-18,21.75156593322754,21.79661680855228,21.40618448164708,21.466250883317418,42856500
2010-02-19,21.60140609741211,21.714030449959,21.54133968058068,21.616423059644053,44451800
2010-02-22,21.571374893188477,21.7290501523147,21.511308468782417,21.653966763783,36707100
2010-02-23,21.271038055419922,21.646453482753202,21.09083882215149,21.53382914097246,52266200
2010-02-24,21.496280670166016,21.61641489052496,21.30857300949287,21.413690273294975,43165900
2010-02-25,21.473758697509766,21.511299660355114,21.038276940862396,21.225984619281018,48735300
2010-02-26,21.526315689086914,21.66146544084955,21.406182894652545,21.51129873175865,40370600
2010-03-01,21.78911018371582,21.81163419119914,21.4212032631619,21.60140248350896,43805400
2010-03-02,21.368642807006836,21.999340761887478,21.203460554860392,21.834158509741037,93123900
2010-03-03,21.368642807006836,21.481268567025257,21.286052396981628,21.40618520437832,48442100
2010-03-04,21.496280670166016,21.511297626722858,21.225982612621834,21.368639403624446,42890600
2010-03-05,21.46626091003418,21.533835822489003,21.338619567852472,21.51881885703312,56001800
2010-03-08,21.496280670166016,21.721530722231265,21.398673316738133,21.413690273294975,39414500
2010-03-09,21.623924255371094,21.856682810672712,21.436216574570665,21.443725053654195,50271600
2010-03-10,21.75156593322754,21.85668321022262,21.62392465066607,21.66897552599081,44891400
2010-03-11,21.90924072265625,21.916749201736526,21.661466641391016,21.69149912561616,35349700
2010-03-12,21.976818084716797,22.059408499737067,21.804127342651736,22.014359052262726,31700200
2010-03-15,21.99183464050293,22.051901046730446,21.781601502658578,21.90924279490406,37512000
2010-03-16,22.051910400390625,22.142009331900717,21.924269054004082,22.08945138317038,36723500
2010-03-17,22.24711799621582,22.427318664841238,22.07442724022071,22.149510613465264,50385700
2010-03-18,22.232099533081055,22.314689943863282,22.149507690202785,22.247115060071252,43845200
2010-03-19,22.217084884643555,22.44984204630358,22.036885653155515,22.344726185959605,81332100
2010-03-22,22.224599838256836,22.2996832312702,22.066924569719106,22.149516445243467,37718200
2010-03-23,22.43482780456543,22.449844767033408,22.081937779146113,22.217087577165195,42026600
2010-03-24,22.262136459350586,22.41230321597171,22.22459548624347,22.31469439453908,33987700
2010-03-25,22.532432556152344,22.95289740458924,22.374757342928444,22.397282782559316,73168700
2010-03-26,22.26964569091797,22.67509508820158,22.217087753958175,22.592503226066835,55595500
2010-03-29,22.217084884643555,22.389775635807567,22.187050963347453,22.30718378433948,33336000
2010-03-30,22.35223388671875,22.41980877518202,22.149509221328938,22.247116597944693,34954800
2010-03-31,21.99183464050293,22.314690678915778,21.90173431511361,22.25462427268826,63760000
2010-04-01,21.894227981567383,22.17954451318912,21.488780057810477,22.036886247378252,74768100
2010-04-05,21.976818084716797,22.09695089937911,21.796618862723324,21.871700797815187,34331200
2010-04-06,22.01436424255371,22.209580470429813,21.75908159318469,21.8867229178692,47366800
2010-04-07,22.036884307861328,22.19455808875172,21.879209094874835,21.89422605460614,58318800
2010-04-08,22.46485710144043,22.509906547467214,21.9993413855101,22.014358344884386,63713800
2010-04-09,22.780214309692383,22.83277225437561,22.449848244702213,22.48739065668779,54752500
2010-04-12,22.76518440246582,22.892825666457178,22.682592575149126,22.71262648766275,37068800
2010-04-13,22.862804412841797,22.90034538982259,22.622537291036718,22.637554254667624,41374600
2010-04-14,23.140613555908203,23.27576337885638,23.020480698197964,23.118089540147928,68941200
2010-04-15,23.17815399169922,23.238220415430135,23.058019712140883,23.140611581807082,52745400
2010-04-16,23.027982711791992,23.260739879207314,22.975424780320424,23.118083045811982,88703100
2010-04-19,23.305795669555664,23.463469497170315,23.09556246730627,23.103070949396947,64970300
2010-04-20,23.546062469482422,23.60612889692104,23.373370237511885,23.4409451473924,52199500
2010-04-21,23.523527145385742,23.65116842911241,23.44844378458841,23.523527145385742,55343100
2010-04-22,23.56857681274414,23.6736940916966,23.20066991665054,23.305787195603003,84847600
2010-04-23,23.2457218170166,23.711237561891565,23.0129646606272,23.36585606738446,126766600
2010-04-26,23.35835075378418,23.48599206951346,23.170643020776197,23.275758892989835,63649300
2010-04-27,23.163129806518555,23.463461831543093,23.088046442238404,23.2382131707987,68730900
2010-04-28,23.208179473876953,23.275754359164793,22.99043929069085,23.215687953586276,64557900
2010-04-29,23.275758743286133,23.59861627111874,23.027984594593068,23.22320080751735,52665200
2010-04-30,22.93037223815918,23.335820106350926,22.915355279164217,23.32831162685345,63214800
2010-05-03,23.17064094543457,23.32080625913318,22.96040778774105,23.027982680139104,43989500
2010-05-04,22.62253189086914,22.937880891359637,22.337216810471133,22.9153568833864,82085600
2010-05-05,22.412302017211914,22.592501256261208,22.29216919117905,22.35223560419548,66833800
2010-05-06,21.759078979492188,22.434826498141106,20.95569015149098,22.217086283420315,128613000
2010-05-07,21.180938720703125,21.73655483957957,20.51269968683578,21.721537878075605,173718100
2010-05-10,21.729049682617188,22.13449768056973,21.55635746309825,21.78160762382432,86653300
2010-05-11,21.684001922607422,22.26214222356832,21.45124467846478,21.533836559201106,63789400
2010-05-12,22.104463577270508,22.20957945203906,21.714031139421063,21.759080595450957,47146800
2010-05-13,21.954288482666016,22.32219533683071,21.909239043732498,21.9693054396758,45188800
2010-05-14,21.72153663635254,21.931768357004923,21.503795003281212,21.92426130877836,63334000
2010-05-17,21.729049682617188,21.94678992934625,21.361142662070744,21.86419949263353,46053300
2010-05-18,21.57065200805664,21.872339156993263,21.419807714309428,21.774291373048037,52690600
2010-05-19,21.299144744873047,21.638543875993197,20.9597470523115,21.51032658629876,61746700
2010-05-20,20.446874618530273,20.997454064330483,20.394079526269756,20.85415207208167,87991100
2010-05-21,20.243234634399414,20.446874075041453,19.941547373388058,20.084847923269493,117596300
2010-05-24,19.81333351135254,20.258322837247963,19.80579114871177,20.250780474607193,73711700
2010-05-25,19.66248321533203,19.858580269272025,19.142071858281973,19.345711272591757,98373600
2010-05-26,18.863004684448242,20.069754561080764,18.523605787141168,19.783150728119764,176684100
2010-05-27,19.609689712524414,19.881208953498014,19.406050281794215,19.406050281794215,136433600
2010-05-28,19.458839416503906,19.70019057828072,19.353249272235054,19.48900885118519,67496900
2010-06-01,19.5267276763916,19.843499685167107,19.24766747732654,19.25520983926863,76152400
2010-06-02,19.956636428833008,19.971721155885554,19.40605683844391,19.654949080575882,65718800
2010-06-03,20.258323669433594,20.311118771529166,19.918924529449725,20.024514733640867,67837000
2010-06-04,19.451309204101562,20.03959911865487,19.32309191323968,19.685116697358424,89832200
2010-06-07,19.074193954467773,19.481471354402426,19.036482151704632,19.4739289938498,80456200
2010-06-08,18.938430786132812,19.05156329606636,18.591489458637643,19.044020936929734,87355000
2010-06-09,18.69708824157715,19.247667723361456,18.66691879342315,19.021401177881852,87794000
2010-06-10,18.855472564697266,18.96860511237377,18.68954492400895,18.953520389067997,78930900
2010-06-11,19.35325813293457,19.398510867117196,18.682003728084776,18.885643189744314,68057700
2010-06-14,19.232580184936523,19.579520156588202,19.209953102132097,19.504099424356625,50972400
2010-06-15,20.047128677368164,20.099923744845423,19.413584990525656,19.42112734853065,81641500
2010-06-16,19.851043701171875,20.04714081233039,19.78316387659552,19.96417626261294,48698000
2010-06-17,19.888751983642578,20.115017066361197,19.63985981722877,20.032052531370493,47995500
2010-06-18,19.941545486450195,20.00942529357452,19.73790606507722,19.888750400588652,52075600
2010-06-21,19.571985244750977,20.280950127646435,19.526731065244604,20.197987009002148,54625300
2010-06-22,19.436222076416016,19.949091176480213,19.428679714525845,19.730366997340536,55985400
2010-06-23,19.089277267456055,19.44376102120396,19.021397460932334,19.44376102120396,61466200
2010-06-24,18.855472564697266,19.398509656679526,18.802677471685456,19.202412569379668,85243400
2010-06-25,18.500995635986328,18.93844267051495,18.33506650797142,18.893188487296985,156256700
2010-06-28,18.33505630493164,18.5613227794329,18.191755786827994,18.485900621265813,73784800
2010-06-29,17.580841064453125,18.252096821988598,17.42999815695533,18.199300293878157,119882100
2010-06-30,17.35457992553711,17.859906729470143,17.3093271868657,17.573302694581102,81050500
2010-07-01,17.467708587646484,17.588383489506423,17.14339424943854,17.41491349790255,92239400
2010-07-02,17.55067253112793,17.709057795026222,17.384743467739334,17.61855234095813,62485100
2010-07-06,17.965486526489258,18.169125890395428,17.784474238091924,17.87498110156949,73592000
2010-07-07,18.3275203704834,18.34260509511679,17.807110317658054,17.965495610633113,79965300
2010-07-08,18.410484313964844,18.56887104030695,18.078627575700146,18.553786316167994,50758100
2010-07-09,18.304889678955078,18.410479845180884,18.214382794648582,18.350142401829263,53806100
2010-07-12,18.727251052856445,18.772503773967717,18.418021487906316,18.425563847851205,49854200
2010-07-13,18.953521728515625,19.081739008559033,18.780051713915277,18.96106409070153,61928700
2010-07-14,19.187332153320312,19.31554944347229,18.945982298577437,19.232584891444947,72808100
2010-07-15,19.240121841430664,19.300459288141738,18.840385357870918,19.232579480772003,56934700
2010-07-16,18.772504806518555,19.338168886476083,18.76496244615881,19.240121078915696,65064800
2010-07-19,19.028942108154297,19.08173719989295,18.78759229531568,18.82530266411233,38181800
2010-07-20,19.217500686645508,19.217500686645508,18.629210759407748,18.749885690049272,45530700
2010-07-21,18.945980072021484,19.345715182502506,18.840388444061784,19.30800481159018,73297300
2010-07-22,19.48902130126953,19.60215387648068,19.209959606427198,19.240129060381502,73016400
2010-07-23,19.46639060974121,19.62477733658406,19.04402840242441,19.489017696021183,108520100
2010-07-26,19.685110092163086,19.760532256520122,19.458843599091985,19.504097760841084,67249900
2010-07-27,19.73037338256836,19.790710858657967,19.579528973064882,19.715288653906228,60672100
2010-07-28,19.571985244750977,19.752997647100372,19.48147832429693,19.662490726646325,69704800
2010-07-29,19.63231658935547,19.918919110717933,19.308002263499095,19.70773732122679,69446200
2010-07-30,19.46639060974121,19.489017696021183,19.11945058479917,19.421137875739745,83534800
2010-08-02,19.85858726501465,19.896297641589964,19.42114027937116,19.602152676338257,55044600
2010-08-03,19.73037338256836,19.87367542774077,19.587071337395944,19.760542839892615,56877700
2010-08-04,19.406049728393555,19.790701495950984,19.187327020502995,19.722821687643307,78531900
2010-08-05,19.134538650512695,19.29292396645641,19.01386227450388,19.225044134320896,64922100
2010-08-06,19.270288467407227,19.2778308275265,18.87055345099243,18.991228335784605,55982100
2010-08-09,19.3155517578125,19.406057244905913,19.1345393450669,19.270297575707016,57096500
2010-08-10,18.908262252807617,19.111901643550315,18.76496029948224,19.104359284053402,87257700
2010-08-11,18.749876022338867,18.780044020164866,18.523609565133324,18.614116435727123,76746900
2010-08-12,18.4708194732666,18.6141214576358,18.372771655682385,18.418024383909078,70240500
2010-08-13,18.402938842773438,18.606578268569667,18.282263947166392,18.365228477355572,45263500
2010-08-16,18.47836685180664,18.561331408214755,18.32752246534801,18.37277664442081,40909700
2010-08-17,18.73616600036621,18.9257265699186,18.652760333201176,18.73616600036621,52912600
2010-08-18,18.819568634033203,18.918140916626843,18.508689489666235,18.71341520314654,46818900
2010-08-19,18.531436920166016,18.758908966655472,18.357040141876634,18.667920726552488,54064600
2010-08-20,18.372211456298828,18.501112711282964,18.349465111805,18.43287078533651,49560100
2010-08-23,18.410118103027344,18.683084266610113,18.37978772583371,18.531436719337904,51643000
2010-08-24,18.2281436920166,18.463198375645852,18.19781330897682,18.266055224584065,66522500
2010-08-25,18.27363395690918,18.364622194327147,18.099238629998112,18.197809461572902,47404800
2010-08-26,18.061325073242188,18.341875263014813,18.038578737741645,18.26605077013854,49105300
2010-08-27,18.144737243652344,18.21297916173718,17.826275441333884,18.10682426347615,60939400
2010-08-30,17.92484474182129,18.061328566146987,17.894515806544575,18.000669249361362,45453100
2010-08-31,17.795944213867188,17.993087362744106,17.68220817119303,17.89451651142177,66074600
2010-09-01,18.121990203857422,18.15990318559916,17.84902396647881,17.94759482654257,65235900
2010-09-02,18.15231704711914,18.159899641987867,17.97792025760263,18.106821477906784,48837100
2010-09-03,18.417705535888672,18.539024184071167,18.349463615506973,18.379792554436413,64189100
2010-09-07,18.16748046875,18.425282904790805,18.13715153604453,18.273635348799317,51928700
2010-09-08,18.144737243652344,18.34946299790685,18.000670811447435,18.250890695681058,65512400
2010-09-09,18.20538902282715,18.35703654200423,18.190223837039923,18.341872802448723,46028900
2010-09-10,18.084075927734375,18.22055974885596,18.038581802771233,18.182646772859876,58284300
2010-09-13,19.03945541381836,19.175939193251452,18.266048294518658,18.349455370001483,114680400
2010-09-14,18.978797912597656,19.22143512288755,18.87264304842194,18.9863805061982,87160400
2010-09-15,19.04704475402832,19.122867817256257,18.89539573510799,19.03187956288984,56201900
2010-09-16,19.206275939941406,19.236606323825438,18.99396759145011,19.001550187421117,44548300
2010-09-17,19.12286949157715,19.357925636107442,19.01671603677789,19.259353331308972,70341600
2010-09-20,19.28209686279297,19.350338767592028,19.039459621832773,19.16836083687188,49838700
2010-09-21,19.069791793823242,19.274517543003636,19.016715069124388,19.274517543003636,52675700
2010-09-22,18.660348892211914,18.933315216152305,18.4707882620878,18.872655872361904,94299400
2010-09-23,18.52385902404785,18.645177672443577,18.470782296153768,18.584518348245716,46201800
2010-09-24,18.78923797607422,18.804401717499264,18.637588991968624,18.683083108707542,51948800
2010-09-27,18.751327514648438,18.948470641857973,18.645174079317183,18.84231720652672,43603300
2010-09-28,18.713415145874023,18.880227886218538,18.46319531224124,18.804403387432114,56041200
2010-09-29,18.576942443847656,18.698261135945582,18.50111789972823,18.675513338839888,44318900
2010-09-30,18.569345474243164,18.827147856999645,18.470774655533578,18.660335146017356,61262700
2010-10-01,18.485944747924805,18.819571730764732,18.425285427975023,18.78166019813322,62672300
2010-10-04,18.12957191467285,18.190231236264367,18.031001059423755,18.167483448330433,98143400
2010-10-05,18.463193893432617,18.53901838639229,18.129566992149204,18.243303008472758,78152900
2010-10-06,18.52385902404785,18.60726613715705,18.29638547363159,18.440451910938652,50489700
2010-10-07,18.599685668945312,18.76649846801731,18.41012507835928,18.667927597254888,50096100
2010-10-08,18.630014419555664,18.690673750069255,18.478366816387947,18.66792740502198,41327800
2010-10-11,18.645177841186523,18.758913894307806,18.576935920067278,18.758913894307806,27587800
2010-10-12,18.8271541595459,18.902978670368647,18.52385756248715,18.6906703293114,50141500
2010-10-13,19.213851928710938,19.365500903517884,18.872642458511205,18.971214726005265,75336500
2010-10-14,19.13044548034668,19.213852563870905,18.9560501659159,19.175941042031816,51949100
2010-10-15,19.36549949645996,19.37308064304085,19.130443457964706,19.229015718296704,68954800
2010-10-18,19.57781219482422,19.67638448478427,19.297263407591757,19.40341684641138,48330500
2010-10-19,19.031879425048828,19.23660516523885,18.918143384798444,19.16078065632785,66150900
2010-10-20,19.19110679626465,19.259348699719386,19.031876652358264,19.153195270448464,56283600
2010-10-21,19.274517059326172,19.365506760978242,18.993966804945178,19.259351868012118,50032400
2010-10-22,19.244186401367188,19.36550648391161,19.16078074279769,19.350341292814527,25837900
2010-10-25,19.10011863708496,19.22143725569138,19.08495344820116,19.138030163062464,50912400
2010-10-26,19.63847541809082,19.69155214806481,19.001551765938043,19.047047345543543,69304200
2010-10-27,19.752212524414062,19.797708106437526,19.426169530640916,19.555070787242393,64805500
2010-10-28,19.926607131958008,20.00243020104259,19.65363945531004,19.87352895887353,80730300
2010-10-29,20.22231674194336,20.62418557314444,20.07825033887399,20.586272600635645,114193200
2010-11-01,20.434629440307617,20.639353750918353,20.245068875726776,20.38155126738982,61912100
2010-11-02,20.768251419067383,20.790999203546487,20.487702641652174,20.518031574725562,54402100
2010-11-03,20.495281219482422,20.844071835741246,20.442203066100955,20.821324055720616,110255300
2010-11-04,20.578693389892578,20.798584327904226,20.480122537625736,20.783419136407094,93599300
2010-11-05,20.358802795410156,20.616605251968902,20.11616552952714,20.601440061293168,110953700
2010-11-08,20.328474044799805,21.89045410012937,20.15407867673549,20.22990318996459,71670800
2010-11-09,20.434629440307617,20.55594808594077,20.252650025625556,20.32847454070436,58538600
2010-11-10,20.427047729492188,20.53320118746384,20.328475421747882,20.480124458478013,52277300
2010-11-11,20.229904174804688,20.26023311383343,19.926607553355396,20.229904174804688,62073100
2010-11-12,19.919025421142578,20.10858599474409,19.790124173244255,20.070673012284345,64962200
2010-11-15,19.865947723388672,20.09341982212737,19.843199935021868,19.964518580513484,51794600
2010-11-16,19.69048500061035,19.86595343094284,19.568420891321033,19.86595343094284,65339200
2010-11-17,19.50738525390625,19.76677180228628,19.49212687926773,19.759142614967022,58299700
2010-11-18,19.713367462158203,19.896463578680958,19.537900532380387,19.614189489592594,59514000
2010-11-19,19.59893035888672,19.705736051022413,19.530269141051367,19.682848493371154,52423200
2010-11-22,19.629444122314453,19.637073307605505,19.408203569347236,19.568412095104364,53350500
2010-11-23,19.164079666137695,19.53027190976054,19.14119210524178,19.507384348864626,69742500
2010-11-24,19.35480308532715,19.423462851074458,19.19459308493413,19.225109829816034,56825900
2010-11-26,19.263254165649414,19.385318234051972,19.202222131448135,19.232737420989537,21356500
2010-11-29,19.309032440185547,19.392952052928987,19.019130572255484,19.217485094573455,56603600
2010-11-30,19.2708797454834,19.431088259611084,19.07252530766945,19.11066977623751,75282100
2010-12-01,19.865943908691406,20.026152429672017,19.499750301230378,19.50737948629397,74123500
2010-12-02,20.514408111572266,20.583069320281794,19.988007451623513,20.018522735984288,91759200
2010-12-03,20.61358642578125,20.644101710683863,20.43049035101081,20.45337645090821,52622000
2010-12-06,20.476261138916016,20.58306680379802,20.415229122538005,20.544922339231032,36264200
2010-12-07,20.49915885925293,20.69751191953517,20.48390048381006,20.659367436046765,57860500
2010-12-08,20.77379608154297,20.781425266965382,20.44574838397076,20.468635940238006,41666800
2010-12-09,20.65935707092285,20.857711486806338,20.605954238784612,20.811937838561853,47148300
2010-12-10,20.857715606689453,20.9034892639753,20.682248707828446,20.74328073591568,37625800
2010-12-13,20.789058685302734,20.941639514581766,20.728026644614847,20.804317059254362,47943900
2010-12-14,21.071334838867188,21.170511368992187,20.796689901415228,20.834834384897434,64070500
2010-12-15,21.246797561645508,21.35360325822975,21.002669423670966,21.002669423670966,69634200
2010-12-16,21.353599548339844,21.353599548339844,21.101842267903102,21.178132661545376,57680200
2010-12-17,21.284934997558594,21.429886577207785,21.170500152622072,21.30019336491493,87456500
2010-12-20,21.216279983520508,21.35360241951715,21.11710347703317,21.32308713102813,52811000
2010-12-21,21.414636611938477,21.468039463520398,21.1781376455963,21.246798870521218,38153000
2010-12-22,21.506179809570312,21.666388322693884,21.345969841328547,21.368857395396855,42252300
2010-12-23,21.590099334716797,21.605357705087776,21.330712858883313,21.338342044068803,24902500
2010-12-27,21.414636611938477,21.51381458354939,21.269684975417142,21.45278254529597,21652800
2010-12-28,21.368860244750977,21.490924305821757,21.330714316217364,21.338343501924086,23042200
2010-12-29,21.338342666625977,21.45277899262877,21.269681453071634,21.315456565520083,19502500
2010-12-30,21.246797561645508,21.361232444431263,21.193394713353385,21.300200409937627,20786100
2010-12-31,21.292570114135742,21.30019929993968,21.078957276980585,21.208650525410786,24752000
2011-01-03,21.345966339111328,21.498547097629846,21.300192693602956,21.399369168057422,53443800
2011-01-04,21.429893493652344,21.490925527657623,21.246797391636502,21.31545861178225,54405600
2011-01-05,21.361234664916992,21.368863851911556,21.18576772939793,21.28494425008999,58998700
2011-01-06,21.986804962158203,22.00969251430915,21.254420754744718,21.391743157414265,88026300
2011-01-07,21.8189640045166,21.925769654958923,21.55194842329294,21.849479281021043,73762000
2011-01-10,21.52907371520996,21.666396179178125,21.39175270636052,21.55959046503343,57573600
2011-01-11,21.44515037536621,21.551956063672193,21.399375261705043,21.513811590739593,50298900
2011-01-12,21.78082275390625,21.81133949206308,21.414630626733288,21.452776549429327,52631100
2011-01-13,21.506179809570312,21.65875913800445,21.368857395396855,21.612985484986027,67077600
2011-01-14,21.590099334716797,21.651131361082424,21.292568388074155,21.4222616259909,62688400
2011-01-18,21.86474609375,21.92577812545499,21.46803716010836,21.48329553181421,53322700
2011-01-19,21.719791412353516,21.880001382453734,21.567212082149442,21.712162227575583,50005900
2011-01-20,21.628244400024414,21.780823732307976,21.46040524285879,21.742679263016644,58613600
2011-01-21,21.376495361328125,21.689284786494667,21.376495361328125,21.666397223024386,58080300
2011-01-24,21.651132583618164,21.788455014474337,21.353601620175375,21.376489177024194,52047800
2011-01-25,21.70453643798828,21.70453643798828,21.45277913828579,21.4680360540872,42436600
2011-01-26,21.956300735473633,22.11650931583671,21.74268783987073,21.750317027762136,74628800
2011-01-27,22.024959564208984,22.47506995965759,21.735056276495172,21.933410774636556,146938600
2011-01-28,21.170501708984375,22.07072507753666,20.941632002285843,22.047837524819567,141249400
2011-01-31,21.155254364013672,21.28494765342114,20.918755349842012,21.185771116871365,65029000
2011-02-01,21.353599548339844,21.40700238735397,21.06369779864108,21.208647945931347,62810700
2011-02-02,21.31545639038086,21.445149631015838,21.269681278308525,21.30782720503547,45824000
2011-02-03,21.094215393066406,21.338343515361707,21.010297260476392,21.338343515361707,60340100
2011-02-04,21.185766220092773,21.239169070131588,20.98741173772109,21.132363370053962,40412200
2011-02-07,21.51380729675293,21.62061296374134,21.20101802475708,21.20864575372647,68980900
2011-02-08,21.574846267700195,21.620619931859345,21.399377887372786,21.4375238201042,34904200
2011-02-09,21.338342666625977,21.559584678105153,21.29256900929586,21.50618183536696,52905100
2011-02-10,20.979780197143555,21.315457087730994,20.819571665004002,21.30782790213601,76672400
2011-02-11,20.789058685302734,21.21628297011794,20.65173622997533,21.178138490357497,83939700
2011-02-14,20.77379608154297,20.80431282323263,20.56018471018866,20.758537710698135,56766200
2011-02-15,20.689380645751953,20.97332309612675,20.68170783095063,20.750774873914256,44116500
2011-02-16,20.735424041748047,20.77379396642051,20.413111697855427,20.758445411064002,70817900
2011-02-17,20.88123321533203,21.004020207924324,20.651010714624277,20.697054922022037,57207300
2011-02-18,20.76612091064453,20.881232155154002,20.712402427454705,20.819839393834357,68667800
2011-02-22,20.40544319152832,20.796822681501805,20.35172469630594,20.55125158121708,60889000
2011-02-23,20.40544319152832,20.612644356288264,20.28265764138596,20.35939897615474,60234100
2011-02-24,20.54358673095703,20.76613509384595,20.336385471090882,20.443822510849675,64494200
2011-02-25,20.374746322631836,20.68171166548096,20.33637638663531,20.651014545708357,53006300
2011-02-28,20.397768020629883,20.612643455852073,20.344049527754123,20.482183631559877,51379900
2011-03-01,20.075458526611328,20.551253679787738,20.067784245978878,20.41311955584235,60055000
2011-03-02,20.014062881469727,20.236612596808193,19.983367227051513,20.037085720072753,48658200
2011-03-03,20.10615348815918,20.259634693154155,20.090804928543918,20.15219770328575,68271500
2011-03-04,19.91429901123047,20.136847249844738,19.79918628866132,20.121498691672976,70437200
2011-03-07,19.737789154052734,20.159865628106118,19.607329365886233,20.05242720838628,64980400
2011-03-08,19.88360595703125,19.968021580502658,19.684079051192974,19.776168955318088,50549800
2011-03-09,19.868253707885742,19.937320757229884,19.69174967677031,19.80686093777085,39789100
2011-03-10,19.499895095825195,19.730117594315452,19.453850888870935,19.661052015743532,66549500
2011-03-11,19.70709800720215,19.83755782515166,19.46152692958403,19.499896861567205,49905800
2011-03-14,19.71476936340332,19.76848784570302,19.4538497661886,19.561286730788005,54473400
2011-03-15,19.48455047607422,19.545943252324864,19.185260874817228,19.246653651067874,76067300
2011-03-16,19.024105072021484,19.400136003314415,18.939689457175586,19.35409032409708,100725400
2011-03-17,19.01643180847168,19.35409135846281,18.993408967632572,19.231305801426164,62497000
2011-03-18,19.031774520874023,19.32339124944444,19.031774520874023,19.23130137102248,85486700
2011-03-21,19.438508987426758,19.630361623095684,19.30037485555002,19.323397698769295,46878100
2011-03-22,19.415485382080078,19.538270946990863,19.361766880396534,19.415485382080078,30895600
2011-03-23,19.599660873413086,19.65337936325711,19.32339268139346,19.3617626130766,43969000
2011-03-24,19.806867599487305,19.852913290349512,19.568970718244252,19.645712072628342,38696700
2011-03-25,19.661048889160156,19.914294182714876,19.638026057484737,19.8989456282646,57029800
2011-03-28,19.499895095825195,19.737791872760987,19.47687226048859,19.691747665806727,48973200
2011-03-29,19.561288833618164,19.584311670101066,19.41548046333116,19.4461775786417,40763500
2011-03-30,19.653383255004883,19.737797414167233,19.568967632123176,19.645708974404787,41999300
2011-03-31,19.48455047607422,19.707100204807336,19.446180539812282,19.64570742855669,63233700
2011-04-01,19.553619384765625,19.591990788381985,19.423159539908767,19.591990788381985,63114200
2011-04-04,19.607336044311523,19.69175166061863,19.499899051716483,19.530596171726064,35433700
2011-04-05,19.783845901489258,20.090809850398568,19.753148774738545,19.814541564520404,73651100
2011-04-06,20.067787170410156,20.190572750983897,19.845238854515095,19.93732730808561,65581400
2011-04-07,20.10615348815918,20.15219770328575,19.929647980022107,20.09847920835155,46134700
2011-04-08,20.006383895874023,20.16754080074829,19.92196830457232,20.08312520944659,39887600
2011-04-11,19.937318801879883,20.144519929591084,19.799184716739084,20.09847572245047,34286300
2011-04-12,19.6763973236084,19.837554228904416,19.607330287584222,19.822205673405975,36920400
2011-04-13,19.668725967407227,19.852905733308553,19.61500747890227,19.68407452518551,38144700
2011-04-14,19.507564544677734,19.52291309776888,19.25431927354817,19.507564544677734,55239900
2011-04-15,19.469202041625977,19.615008960374997,19.323393659157812,19.538267629406537,65080400
2011-04-18,19.246652603149414,19.400135267279012,18.970384393203805,19.262001162306206,58045100
2011-04-19,19.300373077392578,19.315721638124685,19.085499082020327,19.1852617993404,38892400
2011-04-20,19.768489837646484,19.952668137112006,19.57663725940502,19.59966009573284,61608600
2011-04-21,19.584308624267578,19.86824957813524,19.461523109559597,19.791509729231848,46892300
2011-04-25,19.653383255004883,19.661057535604982,19.446182069960344,19.6150118520044,33525100
2011-04-26,20.098485946655273,20.290338615009738,19.699432045185258,19.753150558129356,69200000
2011-04-27,20.244285583496094,20.251959863095212,20.052432984675658,20.18289281042232,52689000
2011-04-28,20.497529983520508,20.620316987565403,20.25963318210417,20.305677393796568,80200000
2011-04-29,19.89126968383789,20.44380442426834,19.46152044128087,20.37473739874971,319317900
2011-05-02,19.69174575805664,19.952665345050967,19.553611686857433,19.906621142557498,89825600
2011-05-03,19.806867599487305,19.837564726728775,19.561296436433885,19.645712072628342,71892900
2011-05-04,19.99871063232422,20.144518989134482,19.79151097800519,19.83755518299621,73292300
2011-05-05,19.79151153564453,20.014059752470644,19.707095937683455,19.991036917467007,55600000
2011-05-06,19.8529052734375,20.12149770974063,19.760815392619996,20.006386456508004,55993000
2011-05-09,19.82220458984375,19.921967267692562,19.699419080005793,19.799181757854605,38696400
2011-05-10,19.699426651000977,19.837560768586847,19.37711419787371,19.476876914063897,120798700
2011-05-11,19.46152114868164,19.691743599632964,19.346408459487332,19.6840693227721,78600000
2011-05-12,19.43083381652832,19.484552317860494,19.262004031810143,19.453856658693272,77400000
2011-05-13,19.208282470703125,19.43083072130275,19.146889698428833,19.40013506702518,66812300
2011-05-16,18.85527229309082,19.238977472726265,18.80155380213691,19.15456186481636,91350900
2011-05-17,18.94023895263672,19.079278460301058,18.747128852728057,18.84754545642278,82882100
2011-05-18,19.07155990600586,19.11018134886648,18.731685610240692,18.947969520875546,53931100
2011-05-19,19.0947265625,19.218316911255613,18.92479020128933,19.195144641684667,37783600
2011-05-20,18.91707420349121,19.210602519952015,18.87845275447398,19.094735226272633,45451500
2011-05-23,18.669885635375977,18.73168081211227,18.561744444415766,18.70078248708751,52692500
2011-05-24,18.65443992614746,18.76258261044012,18.569472463226766,18.693062839578232,47691800
2011-05-25,18.685335159301758,18.778027189542442,18.662161415084956,18.669885996490557,34904200
2011-05-26,19.05610466003418,19.33418367451816,18.78575022632066,18.808923968632037,78016600
2011-05-27,19.125619888305664,19.23376104687833,19.040650993248406,19.063824730076597,50251000
2011-05-31,19.31873321533203,19.357354643276977,19.079277120784685,19.280110314074047,60196300
2011-06-01,18.8707218170166,19.38825701550959,18.82437579913594,19.30328808830059,74033500
2011-06-02,18.70850372314453,19.040653291204126,18.67760687695755,18.91706295983027,51487800
2011-06-03,18.469051361083984,18.646712314061713,18.41498076437887,18.577192554494207,60697700
2011-06-06,18.546293258666992,18.731678768651957,18.360907748682024,18.453599767017973,54778700
2011-06-07,18.584917068481445,18.669885990602992,18.461326712657335,18.60809081269094,41112600
2011-06-08,18.492229461669922,18.554024654363584,18.43043426897626,18.461331128666288,42205000
2011-06-09,18.507675170898438,18.569471830281316,18.3995339636053,18.546298083012736,42878700
2011-06-10,18.314565658569336,18.55402330195251,18.29911796650712,18.55402330195251,49327200
2011-06-13,18.56947135925293,18.685337146029905,18.306841456791297,18.376361223520167,47572500
2011-06-14,18.70850372314453,18.88616611364329,18.685331456832536,18.77029888883146,42894500
2011-06-15,18.33774185180664,18.546301192247892,18.283671239095288,18.538576608530025,49410200
2011-06-16,18.538572311401367,18.615816657361545,18.268217837197426,18.345462183157604,57184100
2011-06-17,18.739408493041992,18.770305349864152,18.523124602032965,18.708510162906357,83320400
2011-06-20,18.901615142822266,19.048379224246975,18.662159042938946,18.669883623362676,54338400
2011-06-21,19.125619888305664,19.202864204420194,18.847540939618476,18.940234413618466,49708700
2011-06-22,19.04065704345703,19.16424739918626,18.994311028386885,19.00203560978412,44287300
2011-06-23,19.025203704833984,19.04065286423753,18.693055617535425,18.878441110439134,59470400
2011-06-24,18.770305633544922,18.95569267053359,18.685338171014735,18.932518922581632,101387200
2011-06-27,19.465496063232422,19.666329243828773,18.716228032626024,18.716228032626024,92044200
2011-06-28,19.9289608001709,20.021654292100724,19.43459943871335,19.54274061820392,81032100
2011-06-29,19.789920806884766,19.859439077286854,19.5890861554095,19.859439077286854,66051000
2011-06-30,20.083454132080078,20.083454132080078,19.82082422941088,19.882619413961667,52535400
2011-07-01,20.098907470703125,20.214773281634777,19.959867908259653,20.02938768948139,52906200
2011-07-05,20.106626510620117,20.19931854448234,20.00620842173717,20.160697109258635,37805300
2011-07-06,20.338359832763672,20.36925816227345,20.052556178051994,20.06028076042944,48744200
2011-07-07,20.678241729736328,20.763209220649927,20.361541101833133,20.461957763208833,51946500
2011-07-08,20.794097900390625,20.840443916930045,20.477397419630215,20.500571164556575,58320700
2011-07-11,20.570091247558594,20.701406200305957,20.461950041759625,20.562368138555893,43999800
2011-07-12,20.500572204589844,20.693682335499783,20.346083510536538,20.50829531331047,47319300
2011-07-13,20.570091247558594,20.82499657073719,20.477399206391887,20.54691897392363,40861800
2011-07-14,20.446504592895508,20.863623273889473,20.361537118603685,20.56237187538074,46382300
2011-07-15,20.685958862304688,20.801824652398786,20.44650122635497,20.44650122635497,49132400
2011-07-18,20.539194107055664,20.77865026228455,20.28428878740855,20.570090962578707,44501900
2011-07-19,21.273006439208984,21.35024929008666,20.68595163799842,20.709123903936547,86730600
2011-07-20,20.90223503112793,21.126243435238358,20.840439863323848,21.072172847573913,49795400
2011-07-21,20.933137893676758,21.09534969186617,20.585539078537536,20.886791876095973,81737400
2011-07-22,21.265283584594727,21.280731272035684,20.6087089856796,20.747748485839633,76380600
2011-07-25,21.558815002441406,21.69785453310724,21.002658353091455,21.05672895428075,108482400
2011-07-26,21.690126419067383,21.744197011451952,21.45839488790119,21.48929173784388,74636500
2011-07-27,21.110794067382812,21.62060456508192,21.010377473180927,21.535635657694403,71488700
2011-07-28,21.412050247192383,21.68240471833971,21.018105413231417,21.079902067951576,83761400
2011-07-29,21.164871215820312,21.404327378776113,21.056730008029977,21.257564732007356,104394800
2011-08-01,21.064453125,21.388878199113687,20.662783704990037,21.249838671163058,61838400
2011-08-02,20.70140266418457,21.20349011577472,20.67050581351114,20.840442175497955,63883100
2011-08-03,20.794097900390625,20.855893080214283,20.454223674703854,20.724578138924848,64581200
2011-08-04,20.037099838256836,20.75546948285073,20.029375259213452,20.492839688626884,92949500
2011-08-05,19.83626937866211,20.16069440021268,19.488670615103242,20.060276324823178,112071700
2011-08-08,18.90934944152832,19.774483740543694,18.83982965529879,19.32646815890551,134257200
2011-08-09,19.75902557373047,19.789923897234566,18.561743530896717,19.087001770647944,126268900
2011-08-10,18.69305419921875,19.38052553407292,18.61580988137481,19.272384373079092,127819900
2011-08-11,19.457767486572266,19.604530051990757,18.847539070430418,18.92478337888431,90690100
2011-08-12,19.388256072998047,19.573641608821987,19.04065727250736,19.411428344155244,64787100
2011-08-15,19.704959869384766,19.7590304756178,19.426880782113724,19.496400553931483,56529400
2011-08-16,19.704957962036133,19.891513596340527,19.471762307196347,19.603906066821843,54251500
2011-08-17,19.627227783203125,19.977020554562642,19.378486915841922,19.627227783203125,50923700
2011-08-18,19.176382064819336,19.502854780885738,18.67890039561809,19.098650183353563,105714200
2011-08-19,18.694446563720703,19.137517866468816,18.58562281354348,18.974280758590584,77397900
2011-08-22,18.64003562927246,19.036466931139284,18.4923466701826,18.98205505330486,54721000
2011-08-23,19.215248107910156,19.238568118157474,18.678901215733354,18.678901215733354,59670600
2011-08-24,19.35517120361328,19.378491221089007,18.98205981967871,19.160842172487417,45329700
2011-08-25,19.098649978637695,19.55726644349637,19.044238106978582,19.495081235512767,48192000
2011-08-26,19.627227783203125,19.697186337475028,18.982055602505305,19.052014156777208,71957000
2011-08-29,20.08584976196289,20.10139644104336,19.72051169924935,19.844882166667276,38863200
2011-08-30,20.38899803161621,20.54446182243054,19.97702150639963,20.00034003719297,57341400
2011-08-31,20.676599502563477,20.76210322794603,20.4123120256818,20.435632032210943,59300800
2011-09-01,20.37343978881836,20.87869608079508,20.37343978881836,20.5677686756981,60510800
2011-09-02,20.05474853515625,20.210212299737627,19.94592478951669,20.039203344787982,43894400
2011-09-06,19.829328536987305,19.891513748899033,19.51840247742866,19.588361026155905,54929300
2011-09-07,20.21021270751953,20.21021270751953,19.875966644754115,19.969245201907494,41961000
2011-09-08,20.381223678588867,20.72324311177624,20.171349498840094,20.21021470330144,65811900
2011-09-09,20.00811004638672,20.350129439711342,19.82155441801302,20.21021234777798,64529200
2011-09-12,20.12470817565918,20.15580152331174,19.642773147943803,19.774916910242357,55046100
2011-09-13,20.241304397583008,20.35790147252328,20.062520634554854,20.148025848063437,48792300
2011-09-14,20.598873138427734,20.832067335629066,20.12470992382414,20.34235892846125,66739200
2011-09-15,20.979753494262695,21.0108468382577,20.451178507245558,20.777651206131893,67808300
2011-09-16,21.0808048248291,21.197401896517277,20.855382534634714,21.026391474269893,89681500
2011-09-19,21.15076446533203,21.228496350156554,20.67660278486599,20.832065071902647,52324900
2011-09-20,20.971975326538086,21.376179809675165,20.93311013811071,21.22848942494971,49211900
2011-09-21,20.202444076538086,21.034172017552574,20.186897399622577,21.026398679094818,72750700
2011-09-22,19.479528427124023,19.938144747525893,19.121963964498477,19.666083992312807,96278300
2011-09-23,19.479528427124023,19.549486949396297,19.191922486770753,19.3551580503315,64768100
2011-09-26,19.77491569519043,19.837100904062222,19.22302066916748,19.580586732139533,51057600
2011-09-27,19.953702926635742,20.148031937809595,19.782693930543324,19.945929588275266,55620700
2011-09-28,19.883739471435547,20.497819707299186,19.82932759891342,20.155800316658524,60736200
2011-09-29,19.782682418823242,20.34234911158831,19.502848331134793,20.194658733906977,63407300
2011-09-30,19.347396850585938,19.8215601361214,19.33962351183471,19.588365904035665,54060500
2011-10-03,19.067554473876953,19.697179769773335,19.05978113903724,19.215243387995397,64592500
2011-10-04,19.697187423706055,19.73605263039483,18.85768620876017,18.888778077588672,83485400
2011-10-05,20.12470817565918,20.334583824476724,19.557267924511674,19.75937023641608,94061300
2011-10-06,20.47450065612793,20.521139194384883,19.977018961087357,20.132481249481334,55111400
2011-10-07,20.404541015625,20.60664331407419,20.365675816259213,20.47449956057327,52741600
2011-10-10,20.94088363647461,20.964202156669067,20.575544338901004,20.66104953324579,41815300
2011-10-11,20.98752784729004,21.041939719305784,20.769878876614747,20.878704103258553,38826200
2011-10-12,20.956432342529297,21.22849315718838,20.90979381169442,21.12744275994412,52489800
2011-10-13,21.1274471282959,21.142993802659372,20.69215062440592,20.800974379725297,43823500
2011-10-14,21.19740104675293,21.376183315015233,21.00307210752552,21.228492906071,50947700
2011-10-17,20.971975326538086,21.31399461862422,20.87092494705977,21.073027188628306,39453300
2011-10-18,21.228490829467773,21.298449359355164,20.832059654309898,20.94088485780806,52487900
2011-10-19,21.088573455810547,21.352860901982144,20.99529640575703,21.275130521141538,42880000
2011-10-20,21.01862144470215,21.251815608310856,20.521138288997992,21.189630399174376,76300200
2011-10-21,21.111894607543945,21.13521461263129,20.832060476944058,21.10412127251483,76620600
2011-10-24,21.135215759277344,21.29845135590857,21.018618692739018,21.034163881028558,56897800
2011-10-25,20.839841842651367,21.166314626620878,20.76988328304271,21.04971752147733,53554600
2011-10-26,20.6688289642334,21.034166886959422,20.287944368383965,21.01084835988666,63029900
2011-10-27,21.18185806274414,21.29845515005328,20.715468230895183,21.088579503329388,74512400
2011-10-28,20.971975326538086,21.13521237967925,20.82428642442454,21.096345708639973,57712100
2011-10-31,20.699920654296875,20.987528174218934,20.69214880041269,20.80097254613936,46799000
2011-11-01,20.202444076538086,20.45895831519314,20.101393641812702,20.357907880467756,61182600
2011-11-02,20.217981338500977,20.365671735197573,19.977013888973286,20.28793986943031,53533100
2011-11-03,20.622188568115234,20.66882710066804,20.194663991442507,20.396766275987616,65836100
2011-11-04,20.404541015625,20.521138096334678,20.21021205357143,20.505591423543436,36549200
2011-11-07,20.832063674926758,20.847610347371596,20.311262008922974,20.373447216090042,42589700
2011-11-08,21.111894607543945,21.142987947660405,20.746556756847916,20.995297547331344,47822500
2011-11-09,20.365678787231445,20.793201973072023,20.256853544429497,20.6688315378234,62950900
2011-11-10,20.427867889404297,20.598876899736972,20.303497430505477,20.575556882713634,32514400
2011-11-11,20.91756248474121,21.049706194828648,20.65327506456634,20.66104839840817,37903000
2011-11-14,20.80097198486328,20.987527607908994,20.715466768321047,20.89424905507999,34199200
2011-11-15,20.941944122314453,21.09857855902908,20.67566647616561,20.80097342802663,43874200
2011-11-16,20.417221069335938,20.76181594005486,20.39372694904885,20.730488454636447,53262800
2011-11-17,20.002145767211914,20.393730439298817,19.92382853403914,20.37023482121389,70977500
2011-11-18,19.814180374145508,19.97081481332937,19.696705291645973,19.95515107065564,47626200
2011-11-21,19.5792293548584,19.775021648406984,19.500912138683635,19.76718977741184,61882500
2011-11-22,19.41475486755371,19.547892126775793,19.305110222053305,19.493070550913544,49204500
2011-11-23,19.16415023803711,19.41476564271782,19.16415023803711,19.27379494439015,49099700
2011-11-25,19.0310115814209,19.32078485210673,19.0310115814209,19.093665059707465,26164600
2011-11-28,19.4774169921875,19.555732710455043,19.336446309263398,19.53223859248541,46766700
2011-11-29,19.45392417907715,19.610558625698776,19.383438827475096,19.43826043565963,40917100
2011-11-30,20.033466339111328,20.04129820968542,19.688871502734283,19.86900153838518,81350900
2011-12-01,19.798519134521484,20.07262717640142,19.735865654409384,20.01780556802543,48545400
2011-12-02,19.751514434814453,20.064783115522207,19.7045247302186,20.041287516336393,52293800
2011-12-05,20.127443313598633,20.20575901630558,19.970808920632184,20.190096772029957,56818400
2011-12-06,20.096118927001953,20.260585214278827,20.05696106962849,20.213593992898858,46175300
2011-12-07,20.049129486083984,20.174436424002668,19.845505338521995,20.103951084701343,62667000
2011-12-08,19.892501831054688,20.14311579211096,19.86900770581631,19.955155321318756,60522200
2011-12-09,20.127443313598633,20.260582099487234,19.970808920632184,19.986472658684086,53788500
2011-12-12,19.978641510009766,20.025631232083455,19.80634486655535,19.90032431070273,38945900
2011-12-13,20.1744384765625,20.440716120175086,20.08828938781235,20.1666066054237,54581100
2011-12-14,20.041303634643555,20.252759716053045,20.025639889255373,20.143114992112764,47926400
2011-12-15,20.01780128479004,20.268415151614253,20.002139038445883,20.143108218202144,46213900
2011-12-16,20.362398147583008,20.495536964452885,20.072624901297996,20.103952384691674,101408100
2011-12-19,19.994304656982422,20.456374476067037,19.939481573446315,20.378057279077456,52258300
2011-12-20,20.385896682739258,20.44071829276103,20.213598486925864,20.252757846782018,60767600
2011-12-21,20.1744384765625,20.51120146664763,19.923824575227524,20.370230773702538,64132500
2011-12-22,20.213592529296875,20.252751877611445,19.955146805526315,20.22142439895979,35794100
2011-12-23,20.385896682739258,20.39372855471049,20.150945004932858,20.29191571286133,23205800
2011-12-27,20.393712997436523,20.472028669852307,20.30756396524832,20.331058069462774,21287200
2011-12-28,20.221424102783203,20.479869822768393,20.174434379270362,20.44854383835196,29822500
2011-12-29,20.378061294555664,20.401555412638633,20.252754352191232,20.323239693993298,22616900
2011-12-30,20.33107566833496,20.456384138975576,20.291917798231452,20.362403159439364,27395700
2012-01-03,20.965444564819336,21.11424567081647,20.66783936527099,20.793146345993332,64731500
2012-01-04,21.458829879760742,21.51365146967975,20.973265945812695,21.00459192843372,80516100
2012-01-05,21.67812156677246,21.71727942541749,21.372686086766883,21.443169933572623,56081400
2012-01-06,22.014883041381836,22.077536507246922,21.560645040415835,21.560645040415835,99455500
2012-01-09,21.72511100769043,22.0070523662793,21.709447266929594,21.967893014377214,59706800
2012-01-10,21.803422927856445,22.04620487564042,21.732937605310102,21.87390825040279,60014400
2012-01-11,21.70945167541504,21.91307586532574,21.43534362532067,21.482333363368728,65582400
2012-01-12,21.92873764038086,21.944401382916112,21.654628121120755,21.826926301455124,49370800
2012-01-13,22.1245174407959,22.1245174407959,21.76426052868385,21.873903676930844,60196100
2012-01-17,22.132354736328125,22.43779014923478,22.061869411230244,22.241997911468722,72395300
2012-01-18,22.108861923217773,22.242000721470177,21.905237790962538,22.171515387467352,64860600
2012-01-19,22.022716522216797,22.27333040400862,21.952231181240776,22.054042510552495,74053500
2012-01-20,23.26795768737793,23.29145330262434,22.516115924814383,22.570937533279206,165902900
2012-01-23,23.283618927001953,23.45591709939343,22.986015301435113,23.142648238236795,76078100
2012-01-24,22.978181838989258,23.158310376034425,22.8528749007164,23.079993166169757,51703300
2012-01-25,23.150480270385742,23.22096561525925,22.766727555950332,22.766727555950332,59231700
2012-01-26,23.103487014770508,23.260121422550707,23.02516981088041,23.18963608842726,49102800
2012-01-27,22.892026901245117,23.126978470720708,22.84503718486046,23.06432501761578,44187700
2012-01-30,23.18963050842285,23.19746237630496,22.578758257602903,22.688401420400307,51114800
2012-01-31,23.126981735229492,23.2601205285928,22.892030132589106,23.228793050730204,50572400
2012-02-01,23.408916473388672,23.534223370019863,23.307105180041845,23.330600783326204,67409900
2012-02-02,23.455909729003906,23.62820635347916,23.26794787386123,23.416750386775778,52223300
2012-02-03,23.68303108215332,23.808338006362355,23.565556027429395,23.60471388107858,41838500
2012-02-06,23.65170669555664,23.667368941808412,23.471576672784852,23.52639976288368,28039700
2012-02-07,23.76917839050293,23.878821567612967,23.53422680469766,23.612543999966082,39242400
2012-02-08,24.011962890625,24.019794760357662,23.66736809126989,23.69869557020054,49659100
2012-02-09,24.09811782836914,24.121611949508193,23.870998032179813,24.027632477398438,50481600
2012-02-10,23.88666343688965,24.12161362728273,23.77702021387646,23.996306659902835,44605300
2012-02-13,23.94931411743164,24.098116683944998,23.831839035984974,23.988471979988297,33319800
2012-02-14,23.846832275390625,24.012379810775915,23.531502562553875,23.909898217957974,59644000
2012-02-15,23.689159393310547,23.95718994282454,23.673394040217534,23.909890876325075,43311300
2012-02-16,24.666690826416016,24.871654010340503,23.886247726196892,23.89413115690332,94705100
2012-02-17,24.635156631469727,24.690339141746517,24.398659729251868,24.595740982303628,70036500
2012-02-21,24.784936904907227,24.918952206853884,24.556321947158594,24.579972237011717,50829900
2012-02-22,24.650920867919922,24.974133968222446,24.57997150408664,24.79281959558649,49253200
2012-02-23,24.729753494262695,24.90318443601005,24.438072611185742,24.595738197218225,35034700
2012-02-24,24.81647300720215,24.83223986957322,24.627275169581548,24.81647300720215,35575400
2012-02-27,24.7139835357666,24.8322319586572,24.516902329745513,24.627267323962034,34568400
2012-02-28,25.123912811279297,25.171211879725007,24.73763232420679,24.761282610234783,45230600
2012-02-29,25.021440505981445,25.226405228899566,24.918958896327847,25.13968897976973,59323600
2012-03-01,25.45500946044922,25.53384074049291,25.108146114537902,25.171212040739025,77344100
2012-03-02,25.28946876525879,25.573263254025914,25.226401318496286,25.470783163868916,47314200
2012-03-05,25.06873321533203,25.26581445602996,24.92683598506238,25.234280735785234,45240000
2012-03-06,24.879531860351562,25.210628357700422,24.824349361395143,24.863766506085675,51932900
2012-03-07,25.100265502929688,25.163331436208992,24.855885199423696,24.966250206759863,34340400
2012-03-08,25.234283447265625,25.391949058209708,25.147568714496014,25.25793524360115,36747400
2012-03-09,25.218517303466797,25.352532617511287,25.163334792438594,25.305232033535123,34628400
2012-03-12,25.257932662963867,25.384064537387786,25.084500207923067,25.202748652244175,34073600
2012-03-13,25.754581451416016,25.77034831543224,25.344655015881447,25.41560440034355,48951700
2012-03-14,25.83341407775879,25.920130320551664,25.612684010447193,25.644214729190548,41986900
2012-03-15,25.896474838256836,25.96742420797348,25.683629736328104,25.84917726325987,49068300
2012-03-16,25.699386596679688,25.97530207370666,25.620555321655054,25.943768360808658,65626400
2012-03-19,25.38406753540039,25.70728068973644,25.344651883841642,25.652098176109902,44789200
2012-03-20,25.218517303466797,25.344650690459247,25.02143604773141,25.305232033535123,41566800
2012-03-21,25.15544891357422,25.344648223844136,25.084499548125624,25.194864559440987,37928600
2012-03-22,25.22640037536621,25.29734974671078,25.060852844635974,25.076618202126497,31749500
2012-03-23,25.234283447265625,25.31311775634837,25.00566996536848,25.305232821829392,35912200
2012-03-26,25.691503524780273,25.707270380525188,25.344641720052888,25.376172424322473,36758300
2012-03-27,25.636333465576172,25.7782322288737,25.54173529245172,25.73881657400699,36274900
2012-03-28,25.376182556152344,25.778230020120663,25.257935601683943,25.636331268981426,41344800
2012-03-29,25.32100486755371,25.37618739159831,25.07662447380861,25.27370727964235,37038500
2012-03-30,25.43136215209961,25.549612100223374,25.25793270399815,25.541730173718303,31749400
2012-04-02,25.45500946044922,25.589023237967606,25.186978898191878,25.399826962974522,35853600
2012-04-03,25.17909812927246,25.37617785381059,24.958366612446298,25.352529068743443,42752100
2012-04-04,24.603620529174805,24.982017641173368,24.477488659712115,24.95836735179518,49455900
2012-04-05,24.848005294799805,24.934720025603838,24.477491568562943,24.556324372248064,50368600
2012-04-09,24.51690673828125,24.753403626588405,24.414423650700414,24.611504892159893,31056400
2012-04-10,24.020259857177734,24.587854763922426,23.88624456015307,24.48537168193332,54131300
2012-04-11,23.925657272338867,24.067555972715216,23.831057637551243,23.988723194327225,43014000
2012-04-12,24.42230796813965,24.46960855040811,23.98084639224153,24.028145470899393,38304000
2012-04-13,24.28829002380371,24.56420404265904,24.217340661709187,24.351355956375464,39749200
2012-04-16,24.50113868713379,24.587854910316185,24.256758380613952,24.430189323368275,38124800
2012-04-17,24.784936904907227,24.918952206853884,24.5957390969138,24.65092160296057,34361500
2012-04-18,24.548433303833008,24.682448577318716,24.469602028285113,24.658799796098425,40552900
2012-04-19,24.445951461791992,24.9741291213724,24.390768968100186,24.540549592803604,54781200
2012-04-20,25.55748748779297,25.928001090377737,25.265808166194496,25.344642447180796,106045000
2012-04-23,25.32100486755371,25.620569288954417,25.250055478464645,25.470788581865072,61398200
2012-04-24,25.163326263427734,25.63632141759494,25.09237691512215,25.39193966071563,40871100
2012-04-25,25.38406753540039,25.478665700585672,25.12392032572477,25.16333597728352,62495500
2012-04-26,25.313112258911133,25.407710402044437,25.16333011140463,25.32099418449693,40308100
2012-04-27,25.21062660217285,25.39982587629198,25.131793821891588,25.320991592400492,41419100
2012-04-30,25.24216651916504,25.31311588849345,25.16333371951007,25.210632797858814,35697200
2012-05-01,25.234283447265625,25.49443215640657,25.186985869037382,25.265817170898725,43832300
2012-05-02,25.06873321533203,25.171216302516857,24.942601341574203,25.108150365637943,37385300
2012-05-03,25.037199020385742,25.147564025300724,24.918950586032484,25.131797166424178,31501300
2012-05-04,24.42230796813965,24.887419835171997,24.375008889481784,24.79282167785627,57927200
2012-05-07,24.16216278076172,24.327711825187798,24.099096836125764,24.20157993591589,48641400
2012-05-08,24.043914794921875,24.26464635728988,23.783767580236002,24.02814793255043,46328300
2012-05-09,24.248876571655273,24.3040590796922,23.728582205006326,23.799531573513963,50309300
2012-05-10,24.233112335205078,24.453843894864693,24.004498848067204,24.327712004662267,43839200
2012-05-11,24.564207077026367,24.8637714214546,24.19369486535,24.19369486535,43459300
2012-05-14,24.185806274414062,24.469603697296254,24.154272559155906,24.296171270597004,40528900
2012-05-15,23.971567153930664,24.439730964165907,23.923957711010253,24.31277144072688,61822800
2012-05-16,23.725584030151367,24.058853168275583,23.59862450262566,24.05091800862061,60083700
2012-05-17,23.582748413085938,23.97156206018306,23.574813255372536,23.796993130918,48484000
2012-05-18,23.225675582885742,23.65416350850558,23.14632551859271,23.638294706428248,56205300
2012-05-21,23.606565475463867,23.63830612189999,23.059051432259288,23.090792078695415,38787900
2012-05-22,23.614492416381836,23.709711295587912,23.408182826799607,23.558947817932157,39504900
2012-05-23,23.09871482849121,23.328828337595134,22.72577000065072,23.28915406434579,65171000
2012-05-24,23.066974639892578,23.249478721889417,22.82099081139786,23.13838954388726,52575000
2012-05-25,23.059040069580078,23.297090260116335,23.019365794562322,23.17013076388763,29507200
2012-05-29,23.455791473388672,23.582750983688946,23.186002135631398,23.312961645931676,37758800
2012-05-30,23.281221389770508,23.392310577496723,23.106652449989788,23.289156547961905,41585500
2012-05-31,23.162195205688477,23.34469928917697,22.963820807076665,23.24947891191362,39134000
2012-06-01,22.57501220703125,22.979694738680784,22.567077047698156,22.820996092449583,56634300
2012-06-04,22.654356002807617,22.836861602082582,22.471851917009225,22.70990210644226,47926300
2012-06-05,22.622615814208984,22.813055048650103,22.527395440250178,22.622615814208984,45715400
2012-06-06,23.28915786743164,23.30502818471358,22.860668381679744,22.916212978689785,46860500
2012-06-07,23.193941116333008,23.566886063589713,23.146331670494042,23.519275104273756,37792800
2012-06-08,23.52721405029297,23.55101953378186,23.051114974855768,23.178074526508723,42551100
2012-06-11,22.93208122253418,23.65416394533006,22.86860147262278,23.590684195418664,46361900
2012-06-12,23.241544723510742,23.249478367410042,22.884470208981558,23.09077976032325,35337900
2012-06-13,23.114587783813477,23.360573165292266,23.05110802712016,23.186002699278056,32984600
2012-06-14,23.281221389770508,23.376440261113927,22.9162116803496,23.27328623157911,39458900
2012-06-15,23.82080078125,23.868410218405266,23.40024646486113,23.47959653577105,62314400
2012-06-18,23.67797088623047,23.828735869165442,23.574815340309854,23.796995235504724,58679900
2012-06-19,24.360380172729492,24.68571411101972,23.84460545319335,23.955696161166262,75725800
2012-06-20,24.542882919311523,24.638101791171586,24.312767870942455,24.542882919311523,36257100
2012-06-21,23.916017532348633,24.709515144049398,23.852537783951632,24.566685331787006,48456600
2012-06-22,24.360380172729492,24.384184135277657,23.82873664932016,24.04297987963748,45098100
2012-06-25,23.70177459716797,24.058847618411008,23.503400191985193,24.042977302762,42217200
2012-06-26,23.82080078125,24.01917520178644,23.757321027217408,23.804930464372674,38421300
2012-06-27,23.939821243286133,24.201675375332638,23.82873207013806,23.955691557586277,33781700
2012-06-28,23.733516693115234,23.844605889644757,23.344702991785116,23.789061291379998,45328400
2012-06-29,24.273094177246094,24.35244424802306,23.91601961548811,24.162004986244373,55227200
2012-07-02,24.249279022216797,24.29688995376382,23.97155464209695,24.29688995376382,30589100
2012-07-03,24.407989501953125,24.407989501953125,23.93982573656425,23.98743517492405,20938100
2012-07-05,24.360380172729492,24.423859928652544,24.106459635560526,24.27309494078151,28801900
2012-07-06,23.955692291259766,24.360376237448598,23.765253054255,24.288961334387242,38294800
2012-07-09,23.804927825927734,23.987431909358808,23.63035890005582,23.900148203161127,30680800
2012-07-10,23.598628997802734,23.979507652931396,23.416124831404904,23.868418423554846,37534100
2012-07-11,23.249479293823242,23.598618664888633,23.098715838104855,23.574813191812616,39184900
2012-07-12,22.717836380004883,23.15426098265124,22.646422986020756,23.130455509005458,63523600
2012-07-13,23.32090187072754,23.392316799970168,22.78925823829744,22.8209988795062,39085000
2012-07-16,23.360572814941406,23.43198772933494,23.04317403623502,23.392311936073664,27900600
2012-07-17,23.535137176513672,23.693837291665496,23.170129030531523,23.519266862303194,33771300
2012-07-18,24.162002563476562,24.162002563476562,23.376438606378922,23.487529299718094,41090400
2012-07-19,24.336572647094727,24.439726674228332,24.106457605330828,24.20961314594107,46663200
2012-07-20,23.90015411376953,24.638105787551535,23.844607997118608,24.59843150342066,64021700
2012-07-23,23.23360824584961,23.471656899690576,23.01936354930688,23.463721742765685,55151900
2012-07-24,23.13045883178711,23.297094144292192,22.93208439667148,23.201873749506884,47723300
2012-07-25,22.876537322998047,23.273286150322658,22.83686304565625,23.201871240326096,45579500
2012-07-26,23.138391494750977,23.40818081848281,23.082846901066777,23.193936088435176,45301400
2012-07-27,23.614492416381836,23.685907332524792,23.154263797614338,23.39231250910633,44242600
2012-07-30,23.519275665283203,23.662105519684037,23.376445810882366,23.606560912634162,28905000
2012-07-31,23.384376525878906,23.57481579105421,23.273287332895833,23.392311684445804,37620900
2012-08-01,23.336761474609375,23.52720069397708,23.1780613683981,23.479591267504247,31721800
2012-08-02,23.162195205688477,23.431984508878664,22.98762476628509,23.17806400733524,39520500
2012-08-03,23.606565475463867,23.757330519080814,23.39232065245199,23.431996460497146,35859400
2012-08-06,23.765254974365234,23.89221447595942,23.654164275362838,23.804929251059676,27471800
2012-08-07,24.011241912841797,24.082656830873354,23.70177827702294,23.860476917722192,28002900
2012-08-08,24.06678581237793,24.177875008982216,23.892216858645938,23.971565419947975,26257600
2012-08-09,24.20168113708496,24.32070549571952,24.042980983254324,24.114395901130425,24920800
2012-08-10,24.138200759887695,24.29690090965283,24.00330608663037,24.20168051709839,27810300
2012-08-13,24.11439323425293,24.16993782790777,23.931889136965115,24.08265411508302,23049100
2012-08-14,24.06647300720215,24.27414936513577,23.97062331800407,24.20226133648554,34551400
2012-08-15,24.122386932373047,24.18628723255337,23.97861087609149,24.050498904232267,24351000
2012-08-16,24.585655212402344,24.71345576453871,24.170302656207767,24.250178382168688,35787200
2012-08-17,24.68150520324707,24.6974806533589,24.433891820524813,24.6974806533589,32589900
2012-08-20,24.553712844848633,24.641576326287826,24.425912248302513,24.617613143121694,23737700
2012-08-21,24.601634979248047,24.72943556172442,24.449872739746805,24.569685595380513,28822700
2012-08-22,24.393959045410156,24.569684457299694,24.338044960101488,24.433896154270446,33437400
2012-08-23,24.17030906677246,24.28213419867489,24.02653302661039,24.274146471609978,28355600
2012-08-24,24.40992546081543,24.465838005409655,24.106399565802814,24.16231211039704,22943300
2012-08-27,24.51377296447754,24.72943549463186,24.43389721977074,24.705473837672,34691100
2012-08-28,24.465852737426758,24.60164108042111,24.377990767374055,24.521766839192015,23947900
2012-08-29,24.481821060180664,24.561696801634557,24.314083374280234,24.481821060180664,23346800
2012-08-30,24.21823501586914,24.44987454086087,24.138359265061535,24.38597424491543,23982100
2012-08-31,24.617605209350586,24.729430314413584,24.266152920363286,24.441879826608332,36590100
2012-09-04,24.27414321899414,24.489807250339325,24.082442365632737,24.322069574961706,48556700
2012-09-05,24.27414321899414,24.385969859415507,24.130367198097346,24.138354924091942,33650000
2012-09-06,25.04094696044922,25.048934686062466,24.330054615898955,24.362005518351946,48371700
2012-09-07,24.721450805664062,24.817300486381153,24.545723851844052,24.793338827953484,42649100
2012-09-10,24.5377254486084,24.68150143063288,24.369987818581528,24.625588887290593,40524000
2012-09-11,24.593645095825195,24.6894947565884,24.4498690811775,24.51376936285393,25191800
2012-09-12,24.585655212402344,24.905156592743264,24.545716587670505,24.71345576453871,32775800
2012-09-13,24.713457107543945,24.905157946166113,24.282129078016943,24.67351848064172,45047300
2012-09-14,24.929128646850586,24.961079559968976,24.60962713318366,24.769378651768818,51422800
2012-09-17,24.929128646850586,24.96906728824857,24.79334183660761,24.913154713794782,36488500
2012-09-18,24.905162811279297,24.929124468598598,24.785349954173387,24.841262519255938,34542700
2012-09-19,24.80132293701172,24.913149586407588,24.793336733879155,24.833273843554274,48871900
2012-09-20,25.120824813842773,25.144786469202536,24.689496735330852,24.72144764048122,45543000
2012-09-21,24.913156509399414,25.248633503804886,24.833280744349825,25.104857431416324,102348900
2012-09-24,24.585655212402344,24.81729314183598,24.473828586655955,24.76138059071416,46825900
2012-09-25,24.27414321899414,24.76138384014372,24.250181564513312,24.7214467336737,54266400
2012-09-26,24.098413467407227,24.44187800565824,23.994576095228,24.186276913983814,54672000
2012-09-27,24.09043312072754,24.282133998193167,23.87476906226503,24.0984208477265,47129900
2012-09-28,23.77092933654785,24.17030650646935,23.75495388411027,24.10640622022203,54229300
2012-10-01,23.555269241333008,23.946658750538226,23.499356671947012,23.810870429099413,54042700
2012-10-02,23.6910457611084,23.87475883286117,23.56324523088886,23.707021208261462,43338900
2012-10-03,23.850799560546875,23.954636930376285,23.699035844486062,23.762936115958617,46655900
2012-10-04,23.986591339111328,23.986591339111328,23.61916358173169,23.93866498586429,43634900
2012-10-05,23.84282112121582,24.162322603001137,23.754957642411142,24.14634714803606,41133900
2012-10-08,23.786907196044922,23.89873232741786,23.603192521428188,23.675080541168832,29752000
2012-10-09,23.387521743774414,23.754947916517892,23.30764602515547,23.707023094747573,45121100
2012-10-10,23.147905349731445,23.411494277268638,23.12394368945745,23.283693677462928,47227100
2012-10-11,23.123939514160156,23.363565214652812,23.060039225795244,23.339602035202326,41488500
2012-10-12,23.323633193969727,23.419482885675922,23.004130158940058,23.13991849177665,46464700
2012-10-15,23.57123374938965,23.738971379646195,23.363557499903536,23.45940866255195,42440200
2012-10-16,23.555269241333008,23.75495785971342,23.419480919894198,23.523319854613835,47739400
2012-10-17,23.635141372680664,23.675078480837417,23.23576419710107,23.40350187956305,44206100
2012-10-18,23.56325340270996,23.746966538175112,23.371552540898108,23.683066250904492,59238500
2012-10-19,22.876325607299805,23.227777971091612,22.764500478435505,23.203814790547924,90470800
2012-10-22,22.365127563476562,23.02809378388234,22.22933922804389,22.94821802359781,83374000
2012-10-23,22.405059814453125,22.524874190602404,22.173421835804216,22.18140956244771,64414800
2012-10-24,22.285245895385742,22.524873112714282,22.26128424010499,22.492922207669274,53320400
2012-10-25,22.269271850585938,22.524874536594567,22.25329792055667,22.51688680982838,54084300
2012-10-26,22.532865524291992,22.636704470797568,22.23732718870658,22.25330264563104,57790000
2012-10-31,22.796445846557617,23.06802087588092,22.76449494692973,22.804432047961843,69464100
2012-11-01,23.57923126220703,23.611180647352,23.020102548889895,23.03607800321397,72047900
2012-11-02,23.56325340270996,23.77891744356193,23.427465101822023,23.635141416327286,57131600
2012-11-05,23.667091369628906,23.754954838061014,23.427465667454328,23.659105166592408,38070800
2012-11-06,23.850799560546875,24.122376095180897,23.651111021757306,23.818848663059274,43401500
2012-11-07,23.227783203125,23.826849140128054,23.20382001718363,23.587223374728218,57871800
2012-11-08,23.012113571166992,23.45941712691389,23.004125844439038,23.259728529224308,49841800
2012-11-09,23.028085708618164,23.315637735405158,23.01211025746269,23.068022813003967,43291200
2012-11-12,22.540843963623047,23.17186054056514,22.532856238452577,23.115947987874637,61112300
2012-11-13,21.816059112548828,21.985175111612378,21.54225094033202,21.759687112860977,131689200
2012-11-14,21.614728927612305,21.977122536139063,21.5825154797336,21.93685572629068,76086100
2012-11-15,21.469776153564453,21.719424284832296,21.445616062400955,21.64694554736388,50955600
2012-11-16,21.357030868530273,21.501988334881247,21.212073402179303,21.477828245148757,64083300
2012-11-19,21.526151657104492,21.582523676279287,21.316768774439318,21.582523676279287,57179300
2012-11-20,21.510042190551758,21.58252093056216,21.308712698527774,21.55030901056983,47070400
2012-11-21,21.703311920166016,21.880481255408515,21.477822418567005,21.510034326783114,66360300
2012-11-23,22.30730438232422,22.363676384349677,21.90464546954596,21.92880402125867,57845700
2012-11-26,22.05765724182129,22.210668076045323,21.8804878531559,22.178456158116173,85198700
2012-11-27,21.80800437927246,22.04959908732368,21.775792468342424,22.03349389986951,45018600
2012-11-28,22.033498764038086,22.057657318563493,21.55836106875934,21.751637185072756,53018400
2012-11-29,21.703311920166016,22.033492043494327,21.630833206652817,21.832162625073572,69551400
2012-11-30,21.437564849853516,21.84827565926382,21.332872654496292,21.783850283667878,83690200
2012-12-03,21.2845516204834,21.59862509929844,21.26039153133534,21.56641318312297,53173800
2012-12-04,21.23623275756836,21.445614050588322,21.212072668671322,21.340923404078342,49777500
2012-12-05,21.477828979492188,21.687211822933442,21.147648755302296,21.24428604549239,68283800
2012-12-06,21.526151657104492,21.72748117474151,21.429514348811225,21.590577041307444,39182300
2012-12-07,21.308713912963867,21.598628889528452,21.236236704844934,21.598628889528452,46162100
2012-12-10,21.695262908935547,21.719421460935948,21.3570293567331,21.38924127140759,47031100
2012-12-11,22.001285552978516,22.138189662215375,21.78384934371608,21.78384934371608,52282800
2012-12-12,21.936857223510742,22.242878855157887,21.808006495245156,22.170400128505765,43966300
2012-12-13,21.83216667175293,22.16234685628146,21.703315942962373,22.00128267728234,45080100
2012-12-14,21.590572357177734,21.84827383808055,21.50198843313113,21.832168647540616,42077500
2012-12-17,21.824113845825195,21.92075112678336,21.485880290427833,21.574465744657726,42046100
2012-12-18,22.19456672668457,22.250938748735717,21.856333058355293,21.94491854216275,50486900
2012-12-19,21.99323272705078,22.33146632660948,21.944914080262993,22.299254407424982,53519900
2012-12-20,22.29119300842285,22.29119300842285,21.86437409692152,22.033491603750928,52607300
2012-12-21,22.105979919433594,22.13819184100081,21.743586201663653,22.105979919433594,98776500
2012-12-24,21.791900634765625,21.94491145665966,21.74358199375453,21.904646178487397,20842400
2012-12-26,21.630834579467773,21.904642728779137,21.50198386638262,21.767738654123455,31631100
2012-12-27,21.71136474609375,21.816056908670905,21.397291330405547,21.65499275210065,39394000
2012-12-28,21.381189346313477,21.66305091477033,21.381189346313477,21.510040085718558,28239900
2012-12-31,21.510042190551758,21.558362374573445,21.236235494539496,21.413404894552635,42749500
2013-01-02,22.242887496948242,22.331471447033753,21.864386991594234,21.944919112053967,52899300
2013-01-03,21.944908142089844,22.26703492687949,21.872429423509466,22.25092820363459,48294400
2013-01-04,21.53420066833496,22.017391720176406,21.526147304935034,21.96101971239894,52521100
2013-01-07,21.493934631347656,21.646943922498384,21.45366781576434,21.558360000259004,37110400
2013-01-08,21.381189346313477,21.57446699144307,21.308710613395373,21.542253538580816,44703100
2013-01-09,21.501989364624023,21.542254646751186,21.389243809828272,21.518094555861655,49047900
2013-01-10,21.308713912963867,21.727479648885552,21.171811325166384,21.461724765708755,71431300
2013-01-11,21.60667610168457,21.687208187357523,21.16375193451598,21.332867932009584,55512100
2013-01-14,21.655004501342773,21.808015379500663,21.550313817985778,21.66305786714292,48324400
2013-01-15,21.912702560424805,21.97712947652827,21.60668238904445,21.60668238904445,48244500
2013-01-16,21.775798797607422,21.928808107036133,21.75163870537135,21.864382730428744,41077400
2013-01-17,21.944908142089844,22.12207748971873,21.791897343306637,21.896589508376817,51685900
2013-01-18,21.944908142089844,21.977121588579646,21.77579215608341,21.824110789796435,52167700
2013-01-22,21.864377975463867,22.10597423721693,21.743580612598237,21.985175338329494,58650600
2013-01-23,22.234827041625977,22.25898559484513,21.90464683544071,21.90464683544071,50387700
2013-01-24,22.25093650817871,22.605276871705854,22.122085746172882,22.307310060575723,101739300
2013-01-25,22.45226287841797,22.73412445692774,22.057657282913095,22.210668117422177,81847700
2013-01-28,22.476421356201172,22.734122825711996,22.355623984370716,22.556953449428786,56056500
2013-01-29,22.556957244873047,22.65359454418888,22.22677698950328,22.4039463955971,49242600
2013-01-30,22.428104400634766,22.701912616578156,22.35562566488375,22.556955145076124,43580500
2013-01-31,22.105979919433594,22.524744115940614,22.06571309744682,22.379788164854837,50530000
2013-02-01,22.492534637451172,22.589171948671506,22.186512901201265,22.283151748443963,55565900
2013-02-04,22.097917556762695,22.565001749457128,22.081810834526646,22.444204404729902,50540000
2013-02-05,22.146242141723633,22.2750928822119,22.033498127801895,22.24288096510083,35410400
2013-02-06,22.017393112182617,22.178457318320067,21.944914373022975,22.04960503179684,41889600
2013-02-07,21.96907615661621,22.057660094393874,21.82411866713357,22.02544817229897,38028300
2013-02-08,22.186508178710938,22.31535892359321,21.99323206138753,22.02544551561912,33318500
2013-02-11,22.436159133911133,22.484477782021024,22.146244173207517,22.26704156149331,32247700
2013-02-12,22.45226287841797,22.548901704429504,22.347572224925667,22.45226287841797,35990900
2013-02-13,22.57305145263672,22.637476795119287,22.452252591463242,22.492519390528177,41715600
2013-02-14,22.58111000061035,22.59721518791527,22.4442059243776,22.484471196672423,32663200
2013-02-15,22.556957244873047,22.67775463702893,22.452265045255015,22.581117337713096,49650900
2013-02-19,22.776193618774414,22.808673783543018,22.573197235189117,22.63815601598683,38781400
2013-02-20,22.630033493041992,22.897988609701212,22.597553334058222,22.841148331479612,44110200
2013-02-21,22.321475982666016,22.52447231013523,22.110359616249347,22.52447231013523,49078500
2013-02-22,22.54071807861328,22.54071807861328,22.313361576903745,22.475759299373337,31425900
2013-02-25,22.22404670715332,22.776195618030854,22.22404670715332,22.711236831531167,48011800
2013-02-26,22.22404670715332,22.41080302474747,22.199686581438574,22.2321652003186,49923300
2013-02-27,22.581317901611328,22.735595591054842,22.19156520603359,22.26464403004686,36394700
2013-02-28,22.57319450378418,22.711232089868915,22.524475811265834,22.63815327672174,35840200
2013-03-01,22.69499969482422,22.719358273300198,22.345845615097733,22.508241816983258,34849700
2013-03-04,22.85738754272461,22.85738754272461,22.4919950604721,22.61379255455627,38157500
2013-03-05,23.019786834716797,23.17406449727893,22.865509172154667,22.971068143443226,41432200
2013-03-06,22.808671951293945,22.922349421373216,22.55695688951582,22.9061093402935,51448500
2013-03-07,22.849266052246094,22.962945048412752,22.74370864374034,22.824907484219647,29196700
2013-03-08,22.735593795776367,23.00354894641987,22.703113632673194,22.938590168952942,37667800
2013-03-11,22.630033493041992,22.711230793022974,22.467635795601584,22.68687222252437,36627500
2013-03-12,22.66251564025879,22.694995804311787,22.443279179119447,22.605676901905507,39255200
2013-03-13,22.670635223388672,22.751834083141713,22.53259762643033,22.630036567881866,29093400
2013-03-14,22.849266052246094,22.86550613008977,22.678749881104707,22.735588604818503,55914800
2013-03-15,22.768064498901367,22.865501850247483,22.719344274489533,22.759944461499394,92710300
2013-03-18,22.816791534423828,22.962949163732503,22.581315009706667,22.638153743606853,44809400
2013-03-19,22.88174819946289,22.914226809237974,22.75995070251273,22.833029510430666,51901600
2013-03-20,22.99542999267578,23.13346759491069,22.881752513919793,23.011670074995063,35447800
2013-03-21,22.824909210205078,23.027905552384095,22.776188972989903,22.824909210205078,34233200
2013-03-22,22.938583374023438,23.011662170618557,22.816785895944555,22.88986469253968,28720900
2013-03-25,22.865509033203125,23.019786694827726,22.703111331625728,22.979186495063747,44154000
2013-03-26,22.865509033203125,23.01166665487493,22.82491038217841,22.93046780408623,27824300
2013-03-27,23.036029815673828,23.100988595132012,22.800553272175737,22.84927196958451,36047400
2013-03-28,23.230897903442383,23.271496545407572,22.94670276346929,22.995421443575303,55453800
2013-04-01,23.230897903442383,23.271496545407572,23.02790159613859,23.25525646912593,29201100
2013-04-02,23.385183334350586,23.425783541291956,23.15782837043705,23.214667111415434,28456500
2013-04-03,23.1903018951416,23.50697724479082,23.174063364670232,23.34457955016357,35062800
2013-04-04,23.222780227661133,23.230900266627973,22.954825136711698,23.052262506835632,45263200
2013-04-05,23.303985595703125,23.3689443768928,22.824914003651966,22.914231359825575,50927300
2013-04-08,23.21466636657715,23.328343844886593,23.117227421783703,23.328343844886593,34759500
2013-04-09,24.042888641357422,24.213404835166546,23.287741957370095,23.328340608637237,77733800
2013-04-10,24.586917877197266,24.619396487070382,23.96980880221597,24.010407451742168,71116700
2013-04-11,23.498859405517578,23.709975808805357,23.328341655318496,23.62877695388862,130923200
2013-04-12,23.37706184387207,23.5638181256345,23.271502868100722,23.42578053721459,62886300
2013-04-15,23.295867919921875,23.531342944867237,23.1497102602194,23.263387751659252,56332900
2013-04-16,23.523221969604492,23.66125958176518,23.303987037487783,23.466383226139435,52797300
2013-04-17,23.409547805786133,23.580065609126837,23.22279146539284,23.425787891578548,52840700
2013-04-18,23.37706184387207,23.5313379642466,23.141585320027783,23.50697939194501,56906600
2013-04-19,24.172805786132812,24.55443836747767,24.042888245728637,24.051008285596303,99790700
2013-04-22,25.03351402282715,25.317709270287402,24.578802556134445,24.60316113103079,137904000
2013-04-23,24.84675407409668,25.090349079741642,24.668116291133714,24.927952925558092,59126900
2013-04-24,25.788654327392578,25.918571856599463,24.8467514662731,24.86299154460874,90946600
2013-04-25,25.9348087310791,26.665595129774932,25.61001494818528,25.7480509507686,110700200
2013-04-26,25.813011169433594,25.967287247828438,25.53693606771588,25.902328491467735,47799300
2013-04-29,26.478839874267578,26.535678594776822,25.79677213067868,25.821130697331796,59116400
2013-04-30,26.8767147064209,26.884836294768743,26.21088694590382,26.43824495746754,75165200
2013-05-01,26.568164825439453,26.86048008204853,26.470724341583985,26.73868102596853,54330900
2013-05-02,26.925432205200195,26.933550695243827,26.300203157585862,26.495080990891896,46059500
2013-05-03,27.193391799926758,27.217750370188163,26.86047791728111,26.982273866066542,46784600
2013-05-06,27.404508590698242,27.534426137155002,26.998515870836048,27.136551908799447,40978300
2013-05-07,27.04723358154297,27.43698618444468,26.99039485387887,27.323308729116473,43078300
2013-05-08,26.787399291992188,26.99039563883291,26.51132413638967,26.852356512292435,51595700
2013-05-09,26.519441604614258,26.79551674956956,26.462602877489196,26.6737177071711,46417800
2013-05-10,26.543807983398438,26.568169657532422,26.243374180565926,26.52756789980219,36394900
2013-05-13,26.819875717163086,26.85235587528191,26.430123112172296,26.47884334935053,36027600
2013-05-14,27.416784286499023,27.416784286499023,26.819878807603086,26.868940685572174,56870100
2013-05-15,27.678447723388672,27.719334190640556,27.33502385670935,27.3513778197702,46303900
2013-05-16,27.86651611328125,27.92375342310928,27.43314389989832,27.50673517241999,59382900
2013-05-17,28.512481689453125,28.512481689453125,27.882868135528344,27.907400640205648,60666700
2013-05-20,28.684202194213867,28.700553041505287,28.357129102782398,28.39801245941129,54020800
2013-05-21,28.496124267578125,28.839551218583466,28.389828197275765,28.700544106281555,48702400
2013-05-22,28.299877166748047,28.487943005491474,28.09545736995755,28.447059669973086,66047500
2013-05-23,27.923744201660156,28.25081398992419,27.71932441429573,27.989156911633597,51102700
2013-05-24,28.021867752075195,28.03004317197609,27.71932730856215,27.735678148363945,33174400
2013-05-28,28.635114669799805,28.76594316545679,28.13633005535836,28.144505471688067,48212100
2013-05-29,28.520645141601562,28.635119705533096,28.267163522040363,28.40617057767003,38412200
2013-05-30,28.643308639526367,28.82319910727587,28.463421290976267,28.49612609667667,51131000
2013-05-31,28.53700828552246,28.847724167904968,28.447063065127917,28.471592445526817,56165700
2013-06-03,29.101200103759766,29.133908017277722,28.479765342910206,28.553353469528133,51252600
2013-06-04,28.610597610473633,29.22385703255193,28.43070718185374,29.125733279196325,65529500
2013-06-05,28.43888282775879,28.5288280427837,28.1526963428602,28.291700315754156,46025100
2013-06-06,28.586057662963867,28.70871076309542,28.201750646334276,28.487937054377365,37618500
2013-06-07,29.166616439819336,29.256561653583415,28.6678347330163,28.82319266275508,40757300
2013-06-10,29.00308609008789,29.15026861525251,28.73325042088641,29.035790891858564,35994500
2013-06-11,28.487945556640625,28.765956629940057,28.357116999746705,28.65965745271411,39435900
2013-06-12,28.618770599365234,28.83954434686415,28.49611747768857,28.73324518269094,37372700
2013-06-13,28.38982391357422,28.63512705916504,28.283524740112,28.610597680365576,45654900
2013-06-14,28.128162384033203,28.365286953254827,28.005509270933757,28.250812377934405,53192600
2013-06-17,28.618770599365234,28.749599140194395,28.31623018354751,28.36528893685941,49670100
2013-06-18,28.602420806884766,28.757778746992766,28.537008086544155,28.594245386541782,28616500
2013-06-19,28.283527374267578,28.692367028062023,28.28352737426758,28.586067844699745,30816200
2013-06-20,27.384075164794922,28.070925751956764,27.28595142434444,28.013685343761495,54493700
2013-06-21,27.204185485839844,27.580317143343038,27.024295076078147,27.52307985281857,85338500
2013-06-24,27.5721435546875,27.964629195423438,26.631811229308607,26.93435165919282,56109000
2013-06-25,27.53125762939453,28.11181224174058,27.35954574311691,27.86650910145845,44073400
2013-06-26,28.087270736694336,28.193569873766002,27.71113916760711,27.899204952150725,48665900
2013-06-27,28.308053970336914,28.438882521911946,28.209933336455318,28.226287295302036,28993100
2013-06-28,28.242637634277344,28.447057414862677,28.079101185969414,28.111809099470662,65545500
2013-07-01,28.095460891723633,28.610599717583934,28.070931511177555,28.414355315618455,31055400
2013-07-02,27.752031326293945,28.160870932204457,27.498552766916568,28.136341553993393,37630000
2013-07-03,27.809268951416016,28.103633970234668,27.474020595361146,27.523082471563818,15994400
2013-07-05,27.97281265258789,27.99734515663203,27.457676855653464,27.874691994009833,26085900
2013-07-08,28.07093048095703,28.283525716018218,27.784740868560668,28.08728132125503,32396900
2013-07-09,28.087270736694336,28.291690474571872,27.915558905484644,28.27533964043561,25318500
2013-07-10,28.37347412109375,28.463419348831266,28.062755094145746,28.079109055479766,29658800
2013-07-11,29.18297004699707,29.2483858813823,28.537005838035583,28.618772511818456,53638300
2013-07-12,29.166616439819336,29.215678316199387,28.847722041345754,29.093028304047312,35501200
2013-07-15,29.575462341308594,29.61634880658587,29.093034490710142,29.158447220594926,34142600
2013-07-16,29.6572208404541,29.78804936952086,29.403739200738055,29.444622531221757,36378500
2013-07-17,29.223854064941406,29.755343638585238,29.0194342783403,29.714460305104698,37285100
2013-07-18,28.978548049926758,29.346504292496046,28.79866075738055,29.207500333746776,49547100
2013-07-19,25.675125122070312,26.713576462289794,25.36440772979345,26.49280583561826,248428500
2013-07-22,26.173912048339844,26.173912048339844,25.83866523215982,25.920433471042493,79040700
2013-07-23,26.018550872802734,26.198441287882595,25.928605665262804,26.092142122680997,65810400
2013-07-24,26.13302993774414,26.321095804299485,26.075792635714212,26.19844577960636,52803100
2013-07-25,25.666954040527344,25.87955085655141,25.55247943174499,25.855021474440665,63213000
2013-07-26,25.85501480102539,25.85501480102539,25.51976492258034,25.560649814878115,38633600
2013-07-29,25.789602279663086,25.83866259414407,25.67512613307509,25.73236342656945,28870700
2013-07-30,26.043081283569336,26.2638534691482,25.797776602393956,25.985843992508176,45799500
2013-07-31,26.034908294677734,26.20662019417556,25.928609115331934,26.141205914424084,43898400
2013-08-01,25.895896911621094,26.239322192719285,25.83865962470458,26.214792818097408,42557900
2013-08-02,26.075782775878906,26.083959753019787,25.81412574576644,25.912247911858074,29199900
2013-08-05,25.92043113708496,26.165734272045672,25.871369262413385,26.08396604052567,30984000
2013-08-06,25.822311401367188,25.89590266076901,25.658774922785476,25.797780461700096,36331500
2013-08-07,26.214797973632812,26.24750277316114,25.55247665580283,25.789604387776393,38078600
2013-08-08,26.893470764160156,27.040653282695207,26.20662005072954,26.361981108738142,59034400
2013-08-09,26.738113403320312,26.90164988513858,26.550047540948942,26.795350704076863,26800700
2013-08-12,26.877120971679688,26.95889078309908,26.54187254285859,26.54187254285859,25493700
2013-08-13,26.539506912231445,26.803007819253487,26.523037712895242,26.770069420581084,39464100
2013-08-14,26.63831329345703,27.469990406316587,26.103078564332147,26.465391449024896,48519600
2013-08-15,26.17719078063965,26.498332275862875,25.394921183375413,26.3501126409632,33338000
2013-08-16,26.1854248046875,26.341879044208923,26.07014356008706,26.177191776292467,32866300
2013-08-19,25.847814559936523,26.32541031540746,25.83957996080557,26.15248844542502,27902500
2013-08-20,26.03720474243164,26.2677672139904,25.831344495346155,25.888985113235844,22979600
2013-08-21,26.028974533081055,26.358349099250095,25.971333905472008,26.028974533081055,37409100
2013-08-22,26.67125701904297,26.75360301465356,26.432458343540073,26.50656816900033,31169900
2013-08-23,28.614572525024414,28.98512157444736,27.99699182304547,28.96041621036724,225493800
2013-08-26,28.120515823364258,28.54870244638283,28.021700626195088,28.32637610569876,72786800
2013-08-27,27.387653350830078,28.07934409510853,27.297077456028195,27.601749825180924,58522300
2013-08-28,27.19002914428711,27.66762341290497,27.173559943137676,27.49470151260431,44257400
2013-08-29,27.626449584960938,27.66762101367483,27.0088687307166,27.115916958315644,45284700
2013-08-30,27.502939224243164,27.568812891351634,27.24767130389745,27.478233850545767,42790200
2013-09-03,26.25130271911621,26.407756974688418,25.765473893920262,26.14425606251796,154507000
2013-09-04,25.691362380981445,25.913690279424706,25.61725255797062,25.847815055702775,142320600
2013-09-05,25.716066360473633,25.88898981614445,25.485503847031648,25.609019703602616,71644900
2013-09-06,25.650188446044922,25.847814109979968,25.63371924806971,25.781938888668286,75434900
2013-09-09,26.07014274597168,26.177190958834196,25.691360628062142,25.707828254927126,49628500
2013-09-10,26.67125701904297,26.679493189193302,26.17719361009361,26.267771064086713,56881200
2013-09-11,26.959453582763672,27.115906206311294,26.786528624847712,26.819467011229552,39087500
2013-09-12,26.91829490661621,26.992404749099407,26.835952033270114,26.943000281563457,32860200
2013-09-13,27.198261260986328,27.23119966217916,26.770071469015953,26.984167935590555,40899000
2013-09-16,27.008859634399414,27.585268865800924,26.95121902537702,27.486456841930767,52839700
2013-09-17,27.11591148376465,27.560570362929308,27.09120925975929,27.51939580134967,84716500
2013-09-18,27.43705940246582,27.502936203517965,27.033574990147102,27.16532545107263,64099900
2013-09-19,27.700550079345703,27.733488467689607,27.437049254949695,27.5687996671477,42026600
2013-09-20,27.000640869140625,27.568814232964694,26.918294854773848,27.51117359349758,102904900
2013-09-23,26.959453582763672,27.148844592693134,26.76182640565004,26.79476479203188,39826100
2013-09-24,26.720670700073242,27.066514536842533,26.473638939355283,27.066514536842533,40685000
2013-09-25,26.770071029663086,27.008869722623714,26.67949513963757,26.753604970515738,28907500
2013-09-26,26.984167098999023,27.173558188217882,26.835947439405356,26.877118869030543,28504000
2013-09-27,27.39588165283203,27.791132944433723,27.066504005908268,27.074740174729282,55348000
2013-09-30,27.404115676879883,27.42882104306317,26.926521526771097,27.173553200356892,39839500
2013-10-01,27.651145935058594,27.67584815599309,27.42058035535196,27.46175177063533,36718700
2013-10-02,27.93112564086914,28.02170468079122,27.412359915972083,27.470000552071756,46946800
2013-10-03,27.881715774536133,27.996997024400994,27.519399685042604,27.89818497325661,38703800
2013-10-04,27.89818572998047,27.98876475481076,27.6840892819855,27.7417299084814,33008100
2013-10-07,27.420589447021484,27.758200190168797,27.338246589152845,27.667621161806085,35069300
2013-10-08,27.181791305541992,27.445295366588248,27.00886941584995,27.428826166449184,41017600
2013-10-09,27.231191635131836,27.46175409316021,27.14061262914129,27.231191635131836,35878600
2013-10-10,27.79937171936035,27.90641994791859,27.38765114617494,27.42882571643643,42875100
2013-10-11,28.104040145874023,28.112273173151102,27.7334910948475,27.7334910948475,30033300
2013-10-14,28.367538452148438,28.40870986719871,27.815831438706418,27.91464660424021,27757900
2013-10-15,28.40049171447754,28.812212362960558,28.384022511596708,28.548708258046506,47097800
2013-10-16,28.52399444580078,28.738090855165918,28.45812080219627,28.49105605340953,35111600
2013-10-17,28.754552841186523,28.81219659030316,28.301661004017582,28.367537779477995,31359200
2013-10-18,28.787490844726562,28.81219620578328,28.268725380198056,28.672209630386895,41811700
2013-10-21,28.812204360961914,28.98512623141626,28.746327567734514,28.803968191219294,27433500
2013-10-22,28.474592208862305,28.902778778476538,28.42518461643994,28.836905129758286,40438500
2013-10-23,27.79937171936035,28.400486520448297,27.725261890539826,28.285202121366282,58600500
2013-10-24,27.766435623168945,28.07934098770176,27.642918198468006,27.84877847885051,53209700
2013-10-25,29.421550750732422,29.88267890734729,29.207457442305373,29.54506817482633,113494000
2013-10-28,29.2897891998291,29.421539603059703,29.042757586418894,29.322727585931098,38383600
2013-10-29,29.24862289428711,29.413311712372614,29.034526488422568,29.339201901293034,31702200
2013-10-30,29.265100479125977,29.47096077544873,29.17452144615535,29.256864308212915,36997700
2013-10-31,29.158048629760742,29.38861112787407,29.10040800523241,29.36390890055577,41682300
2013-11-01,29.256853103637695,29.388603517180297,29.14157188443512,29.372134322840267,40264600
2013-11-04,29.594467163085938,29.6274055555818,29.27332568919626,29.306264081692124,28060700
2013-11-05,30.170881271362305,30.22852189681957,29.454488396980242,29.470957595850674,51681900
2013-11-06,31.438982009887695,31.47192040835787,30.51672884097284,30.66494849291005,88948800
2013-11-07,30.87904930114746,31.299002989524162,30.821408660413,31.257831552025166,60437400
2013-11-08,31.109600067138672,31.109600067138672,30.74728715688766,31.01902105428138,36737800
2013-11-11,30.953155517578125,31.109608218210653,30.755528243092705,31.03549838292599,26872500
2013-11-12,30.763755798339844,30.96137987629779,30.632005365975182,30.780224995032686,31651600
2013-11-13,31.42250633239746,31.422506332397464,30.384972123919937,30.4508457661008,44957600
2013-11-14,31.307226181030273,31.39780519067951,31.06019451728201,31.183708778567127,46183700
2013-11-15,31.159011840820312,31.307231492451045,31.060199786792676,31.249590865836712,50601300
2013-11-18,30.63201332092285,30.944921856991147,30.52496508520864,30.755527616427962,53277500
2013-11-19,30.482669830322266,30.889214261908506,30.424588889379958,30.573932646085513,44275000
2013-11-20,30.764747619628906,31.038542257894314,30.58221575078543,30.631994867742883,32229900
2013-11-21,31.03026008605957,31.138116995670707,30.91410137839955,30.922400011447277,23064700
2013-11-22,31.171306610107422,31.262572587760328,30.972183717956813,31.138118406415217,27982000
2013-11-25,31.229379653930664,31.486583446086076,31.17130188876667,31.46998934675339,30646800
2013-11-26,30.98876953125,31.237677852786774,30.98876953125,31.17130145637676,34465300
2013-11-27,31.196199417114258,31.328949080655107,31.104936594993752,31.17130984426336,26002100
2013-11-29,31.63592529296875,31.768674914731772,31.378721516115117,31.378721516115117,22090400
2013-12-02,31.901430130004883,32.17522488820976,31.577853068034933,31.60274263741687,42950400
2013-12-03,31.785274505615234,31.93461825153051,31.594447089168195,31.64422622780583,52109800
2013-12-04,32.3079833984375,32.34117161005427,31.627640885304142,31.702312778940833,51983600
2013-12-05,31.528074264526367,32.25819897580004,30.847731862544606,32.23330623865331,116305000
2013-12-06,31.826763153076172,31.984402391748255,31.519780145135083,31.87654229949805,36457300
2013-12-09,32.11714553833008,32.24989517684678,31.835052160856975,31.99269453253376,30286000
2013-12-10,31.61932373046875,32.27477621788332,31.544651888041773,32.03416659617419,37828600
2013-12-11,31.20450210571289,31.776984510676037,31.021970107752736,31.577861571994095,39853400
2013-12-12,30.88092041015625,31.22938708404763,30.847732203594713,31.22938708404763,36012800
2013-12-13,30.441184997558594,31.071748270752334,30.38310721779096,31.046855532993618,40066100
2013-12-16,30.607112884521484,30.69837884153154,30.316724080399126,30.47436326477975,31734200
2013-12-17,30.300142288208008,30.78965730325169,30.142503039804808,30.648608994678828,45687700
2013-12-18,30.34991455078125,30.36650548511665,29.47874174313379,30.16738262308356,63192100
2013-12-19,30.07612419128418,30.32502941366,29.935079059105142,30.29184120667613,34160100
2013-12-20,30.53243637084961,30.640296409508892,30.026327533679257,30.034626163960798,62649100
2013-12-23,30.383092880249023,30.607108424356554,30.325015127887823,30.5407352066581,25128700
2013-12-24,30.764747619628906,30.83941629506508,30.399683881941954,30.466060257884966,14243000
2013-12-26,31.063446044921875,31.10493288138912,30.839430421004014,30.864323155884613,17612800
2013-12-27,30.938997268676758,31.21279205215985,30.839432651954287,31.179607011587176,14563000
2013-12-30,30.938997268676758,31.01366914871787,30.615420176832433,30.880919491422723,16290500
2013-12-31,31.038558959960938,31.17960725223901,30.880919729769214,31.030263491004114,17503500
2014-01-02,30.831138610839844,31.030264688504758,30.781356300173208,30.98877784711508,30632200
2014-01-03,30.62371063232422,30.88091443591494,30.366506828733502,30.864320335844475,31134800
2014-01-06,29.97654914855957,30.60710897044588,29.959955052588857,30.573920778504448,43603700
2014-01-07,30.208852767944336,30.275229135580293,30.04291501385385,30.142479565307788,35802800
2014-01-08,29.669565200805664,29.984846716354053,29.520224656598963,29.86869120141528,59971700
2014-01-09,29.47874641418457,29.79402802152917,29.37088949890987,29.769138451081364,36516300
2014-01-10,29.901884078979492,29.993150045011483,29.661274380349862,29.785728545848194,40548800
2014-01-13,29.022422790527344,29.88529719498597,28.897971759981488,29.86040762187713,45901900
2014-01-14,29.6861515045166,29.769121968405436,28.73201490729181,28.81498220618107,41623300
2014-01-15,30.499256134033203,30.524148866369828,29.744241996508197,29.785728828735596,44812600
2014-01-16,30.607112884521484,30.69837884153154,30.125896699832918,30.44117506859417,38018700
2014-01-17,30.183971405029297,30.557330661819158,29.993144043781207,30.557330661819158,46267500
2014-01-21,30.009737014770508,30.54903410734192,29.918474225797326,30.54903410734192,31567300
2014-01-22,29.81062126159668,30.13419832806803,29.661277513225098,30.084416023610423,21904300
2014-01-23,29.918476104736328,29.97655386727597,29.470444938001346,29.943365670110268,43954000
2014-01-24,30.540746688842773,31.154712634632396,30.30843242705633,31.07174529006666,76395500
2014-01-27,29.89358139038086,30.607111757084454,29.852097729177263,30.59051765960292,44420800
2014-01-28,30.09272003173828,30.192281493435008,29.661282811050064,29.96826583086602,36205500
2014-01-29,30.416275024414062,30.598806875545137,29.7857153391423,29.85208854364483,52745900
2014-01-30,30.58221435546875,30.598808448697394,30.059511496265227,30.52413661166832,35036300
2014-01-31,31.39531898498535,31.436802652802264,30.33332189686777,30.656898936841035,93162300
2014-02-03,30.266942977905273,31.51977053073701,30.22545931354014,31.31234904391063,64063100
2014-02-04,30.159080505371094,30.856016771942276,30.07611318327947,30.673488030340618,54697900
2014-02-05,29.71935272216797,30.258649896431592,29.7027586221136,30.109306160943234,55814400
2014-02-06,30.01803970336914,30.076117470111353,29.611492171172753,29.702758137482203,35351800
2014-02-07,30.33331298828125,30.35820254866139,29.876983281311716,30.134187010239994,33260500
2014-02-10,30.53243637084961,30.53243637084961,30.109298011494133,30.391391306064484,26767000
2014-02-11,30.839433670043945,30.914105552550172,30.58223298085707,30.598827084191967,32141400
2014-02-12,31.08833885192871,31.19619576499027,30.947290570615596,30.988774242177833,27051800
2014-02-13,31.20450210571289,31.411923679757777,30.972190955583272,30.972190955583272,37635500
2014-02-14,31.21278190612793,31.345531520271464,30.972175406430583,31.021954533609126,31407500
2014-02-18,31.279651641845703,31.580578799346043,31.271293971352247,31.45519460954323,32834000
2014-02-19,31.354887008666992,31.5555061994681,31.104115411716005,31.11247627189689,29750400
2014-02-20,31.555505752563477,31.65581375217649,31.262939425053105,31.405042158777054,27526100
2014-02-21,31.747758865356445,32.05704367345272,31.647450882220713,31.71432180806677,38021300
2014-02-24,31.505353927612305,31.747767878684883,31.37996971027884,31.505353927612305,32085100
2014-02-25,31.37995719909668,31.63908639151161,31.221132789569673,31.438470448269918,30736500
2014-02-26,31.321460723876953,31.547156172442914,31.087404413104128,31.413411075744712,41041800
2014-02-27,31.647459030151367,31.672535235208077,31.120836402821638,31.30473707652849,33903400
2014-02-28,32.023616790771484,32.1490009998601,31.61402072145379,31.747765791055368,41215000
2014-03-03,31.580581665039062,31.873151178594362,31.338170933929998,31.697608194967668,29717500
2014-03-04,32.10722351074219,32.165736810828975,31.823014686576798,31.93168361048184,26802400
2014-03-05,31.856428146362305,31.990173188631562,31.705964575217727,31.973454659756236,20520100
2014-03-06,31.889869689941406,31.96510148609627,31.67253197272345,31.881508829960985,23582200
2014-03-07,31.680910110473633,32.06542697219796,31.505367031220764,31.998552810818676,26591600
2014-03-10,31.614030838012695,31.772852162508368,31.530441338538132,31.75613681360146,19006600
2014-03-11,31.781204223632812,31.95674403715321,31.530432605927363,31.655816820413026,25216400
2014-03-12,31.990192413330078,32.12393753597427,31.588957045397507,31.597314720491095,30494100
2014-03-13,31.672534942626953,32.140644294677365,31.463558065793855,32.11556490111821,32169700
2014-03-14,31.513736724853516,31.881535149277816,31.354912141448146,31.47194195664973,27195600
2014-03-17,31.8062744140625,32.1072015738959,31.58893990347922,31.680890223287594,20479600
2014-03-18,33.06014633178711,33.352715917324616,31.948390835201394,31.981824717168465,64063900
2014-03-19,32.82609939575195,33.06015255726831,32.52517208023939,32.993281592007285,35597200
2014-03-20,33.712154388427734,33.97964456017023,32.80101499445038,32.809372667246045,59269800
2014-03-21,33.570045471191406,34.22205230854097,33.44465806920845,34.03815482469581,80721800
2014-03-24,33.85426330566406,33.971289878498396,33.319282864858565,33.72051819546269,46098400
2014-03-25,33.72051239013672,34.26385360045155,33.40286661231877,33.98800256448833,43193100
2014-03-26,33.26076126098633,34.02979465514977,33.10193679008385,33.83753630660891,41977500
2014-03-27,32.90132141113281,33.411225522691325,32.88460287762041,33.21896717040003,35369200
2014-03-28,33.68708038330078,33.97128913484909,33.168818491207354,33.26076885034576,43472700
2014-03-31,34.263851165771484,34.69016260437254,33.77066559396718,33.79574179955131,46886300
2014-04-01,34.623291015625,34.76539696475813,34.330724633195636,34.39759877131344,32605000
2014-04-02,34.56477737426758,34.82390987363701,34.41431375382525,34.64000918448874,28666700
2014-04-03,34.28056716918945,34.51462345116505,34.02979554232597,34.51462345116505,30139600
2014-04-04,33.32762145996094,34.59820087386714,33.135363173405366,34.481174368027496,51409600
2014-04-07,33.26911163330078,33.66198910513751,33.218959233480575,33.40285668071043,37559600
2014-04-08,33.285831451416016,33.37778177295735,32.767569771231805,33.227318190204905,35918600
2014-04-09,33.82918167114258,33.896052621156336,33.33599605844516,33.377790800795566,27398700
2014-04-10,32.90132141113281,34.01307678546673,32.6756259918167,33.80409989966302,45960800
2014-04-11,32.77592849731445,33.260756321513206,32.600388708028845,32.600388708028845,34330200
2014-04-14,32.750850677490234,32.94310898798029,32.51679763667338,32.69233741728602,32006600
2014-04-15,33.227317810058594,33.402857591683606,32.64218201590834,32.88459591742871,33968700
2014-04-16,33.770660400390625,33.78737574238661,33.36106436934781,33.48645175545353,30615800
2014-04-17,33.44465255737305,33.60347699887433,33.02669887128937,33.44465255737305,36688400
2014-04-21,33.386146545410156,33.56168955511771,33.26076232560106,33.54497102139631,22221200
2014-04-22,33.427940368652344,33.55332457306247,33.29419530404122,33.402860976783224,27056700
2014-04-23,33.17717742919922,33.427952305033365,32.993279892651856,33.427952305033365,24602800
2014-04-24,33.319271087646484,33.41122141629646,32.85116177303468,33.218963087634606,42381600
2014-04-25,33.36105728149414,34.00470622853607,33.22731225280575,33.67870292040394,56876800
2014-04-28,34.163536071777344,34.514618853607246,33.511529291036716,33.55332402515761,50610200
2014-04-29,33.86262512207031,34.431042707138964,33.7623170743333,34.35581087415237,29636200
2014-04-30,33.770660400390625,33.854249865305306,33.578398891366206,33.770660400390625,35458700
2014-05-01,33.436302185058594,33.7372294149216,33.39450744507412,33.63692140121202,28787400
2014-05-02,33.17717742919922,33.72051874185985,33.15210121710981,33.69544252977044,43416600
2014-05-05,32.959835052490234,33.13537487323135,32.851166177812004,33.03506685976989,22460900
2014-05-06,32.65054702758789,32.89295777120326,32.55859669540477,32.842805363637154,27112400
2014-05-07,32.95146942138672,33.02670121777621,32.19079378621915,32.784290486062346,41744500
2014-05-08,33.1353759765625,33.3527137331558,32.575319428292,32.884604340191615,32120400
2014-05-09,33.05177688598633,33.3109061197901,32.9096709804874,33.05177688598633,29647600
2014-05-12,33.411224365234375,33.45301910320038,33.14373421577096,33.21896601960343,22782600
2014-05-13,34.0257453918457,34.09309131113473,33.545916956217035,33.60484302997985,27004800
2014-05-14,33.87421798706055,34.05099617960015,33.71427306037548,33.924724207083486,18818700
2014-05-15,33.3354606628418,34.00890690752926,33.259698120875946,33.74794632715138,37793200
2014-05-16,33.52907943725586,33.53749607048495,33.05766769568252,33.394387615752244,29867100
2014-05-19,33.46173095703125,33.52065701879936,33.217606866146504,33.34387883349503,24537400
2014-05-20,33.402809143066406,33.621676941576936,33.21761109039831,33.402809143066406,21320900
2014-05-21,33.96681213378906,33.96681213378906,33.45331405835564,33.503820275909696,22398700
2014-05-22,33.756370544433594,33.96682174037453,33.54591934849266,33.916315508536165,20201800
2014-05-23,33.77320098876953,33.98365214709402,33.67218533191813,33.98365214709402,18020000
2014-05-27,33.83213424682617,33.89106032678269,33.512250730270935,33.89106032678269,26160600
2014-05-28,33.68059158325195,33.83211662743631,33.52064990827018,33.79002705099151,25711500
2014-05-29,33.958396911621094,33.9668135444865,33.59642068504588,33.79845519734143,19888200
2014-05-30,34.4634895324707,34.48874586170246,33.88264533983093,34.05100695270976,34567600
2014-06-02,34.33720779418945,34.58974851274396,34.24460878143259,34.471896391500486,18504300
2014-06-03,33.91631317138672,34.24461650063456,33.882640211661254,34.17727058118363,18068900
2014-06-04,33.941551208496094,33.98364078384135,33.55432197735366,33.848952215999255,23209000
2014-06-05,34.69076919555664,34.7244421525816,34.00890947756583,34.168851206589494,31865200
2014-06-06,34.918052673339844,35.06957775064717,34.71602137774977,34.918052673339844,24060500
2014-06-09,34.74127960205078,34.91805781452756,34.53082843160795,34.84229526471894,15019200
2014-06-10,34.606590270996094,34.64867986197462,34.3961391048735,34.53924435644649,15117700
2014-06-11,34.39613342285156,34.572911602496724,34.32037088711372,34.45505948273328,18040000
2014-06-12,34.160430908203125,34.41297163633779,33.9163068128068,34.35404557348068,29818900
2014-06-13,34.707611083984375,34.993824840849136,34.39614421102963,34.59817556221038,26310000
2014-06-16,34.934871673583984,35.02747064241887,34.54764254139077,34.54764254139077,24205300
2014-06-17,35.086421966552734,35.28003667221327,33.95840348179506,34.7581186303792,22518600
2014-06-18,35.06116485595703,35.1369274026879,34.6655156440036,35.02749189935889,27097000
2014-06-19,34.943302154541016,35.16217311514075,34.79178030419479,34.993811578809236,19828200
2014-06-20,35.086421966552734,35.212693962571905,34.83388118574465,34.89280726089219,47764900
2014-06-23,35.34737777709961,35.35579441044669,35.09483381946971,35.128506775317675,18743900
2014-06-24,35.14533233642578,35.30527401017792,34.985390662673645,35.21267822720278,26509100
2014-06-25,35.38104248046875,35.3978789559938,34.90121416730773,35.1032486623789,20049100
2014-06-26,35.12009048461914,35.30528532113015,34.87596636918435,35.29686868770095,23604400
2014-06-27,35.566246032714844,35.599918989003115,34.943309186301306,35.027491577021976,74640000
2014-06-30,35.103240966796875,35.532559759264444,35.103240966796875,35.49888681559638,30793100
2014-07-01,35.246360778808594,35.482068271015,35.09483568068661,35.23794414501514,26917000
2014-07-02,35.27161407470703,35.27161407470703,34.960144060178216,35.128505622663845,20208100
2014-07-03,35.18742752075195,35.347372431225075,34.98539623867867,35.280026529714426,15969300
2014-07-07,35.34737777709961,35.45681006676077,35.111670297393694,35.145343253241656,21952400
2014-07-08,35.17059326171875,35.355791291314326,35.02748802883456,35.24635580007789,31218200
2014-07-09,35.077999114990234,35.34737956416323,34.96014697479391,35.33895971916065,18445900
2014-07-10,35.09483337402344,35.35579396168814,34.556078932213524,34.82545615311848,21854700
2014-07-11,35.431556701660156,35.431556701660156,34.918055367961784,35.10325341256901,24083000
2014-07-14,35.473663330078125,35.73462404453625,35.3894841118562,35.54100927364074,21881100
2014-07-15,35.7346076965332,35.75144417472144,35.38104807703995,35.633592038633644,28748700
2014-07-16,37.106746673583984,37.30036133770115,35.75985744622215,35.78511055551539,63318000
2014-07-17,37.48555374145508,38.47888331853032,37.249849506633616,38.260015559228876,82180300
2014-07-18,37.62024688720703,37.74651886327394,37.24985401462969,37.586577143321634,43407500
2014-07-21,37.746517181396484,38.015894387855454,37.22459924528592,37.51081292855228,37604400
2014-07-22,37.73809814453125,38.00747533382975,37.53606364694267,37.881203371433216,43095800
2014-07-23,37.77177429199219,38.26002253743559,37.561323126452095,38.26002253743559,52362900
2014-07-24,37.37611770629883,37.88119907615596,37.30877181099572,37.82227302338026,30725300
2014-07-25,37.460304260253906,37.594992866223606,37.29194269998436,37.29194269998436,26737700
2014-07-28,37.01416015625,37.46873233316921,36.98048719166913,37.3424635328369,29684200
2014-07-29,36.946800231933594,37.1151617798333,36.736349099866324,36.963636707846504,27763100
2014-07-30,36.68583297729492,37.1235683879138,36.44170895932121,37.0983152864781,31921400
2014-07-31,36.33228302001953,36.77843838882762,36.26494032813784,36.517481042345636,31537500
2014-08-01,36.07974624633789,36.4080495317873,35.86087524855178,36.37437657655409,31170300
2014-08-04,36.509071350097656,36.59325375239323,36.03766274216364,36.17235137460626,34277400
2014-08-05,36.264949798583984,36.58483328820976,36.05449861324744,36.458564503745976,26266400
2014-08-06,35.97873306274414,36.34070611705587,35.53257440333809,35.97873306274414,24634000
2014-08-07,36.391212463378906,36.57641050292522,35.90296746534277,36.06290918325932,30314900
2014-08-08,36.36595916748047,36.46697481979514,36.1218350640928,36.39121227775171,28942700
2014-08-11,36.36595916748047,36.57641031635335,36.21443408339362,36.416465388022964,20351600
2014-08-12,36.63533020019531,36.69425625503961,36.1975914990454,36.23126444787904,21431100
2014-08-13,37.106746673583984,37.19092584538116,36.63533496232291,36.770023563936135,22889500
2014-08-14,37.266693115234375,37.39296188895907,37.04782210281027,37.10675138402443,19313200
2014-08-15,37.704429626464844,37.79702864827979,37.37612633910621,37.527651427307084,41611300
2014-08-18,37.97380447387695,37.97380447387695,37.61182825371469,37.830696027863475,26891100
2014-08-19,38.39735412597656,38.405823331294634,37.97382277174142,38.09241103392121,28139500
2014-08-20,38.075462341308594,38.45664113579235,38.03310985998533,38.40581621943212,24770500
2014-08-21,38.304161071777344,38.329571908644326,37.973807267360606,37.98227646922078,22285500
2014-08-22,38.244873046875,38.51593278751701,38.177106496071,38.41428296131101,18294500
2014-08-25,38.261817932128906,38.490525232888714,38.15170211535708,38.456645183036834,16910000
2014-08-26,38.12626647949219,38.4566234368624,38.06697238667116,38.3803877130517,14873100
2014-08-27,38.0076904296875,38.117809450638525,37.91451304513562,38.03310449992958,21287900
2014-08-28,38.01616668701172,38.10087164623988,37.78745941955122,37.906047654985464,17657600
2014-08-29,38.48204040527344,38.49050960647619,37.99921515456086,38.19403909508644,21607600
2014-09-02,38.19404220581055,38.50745437641797,37.99074581623845,38.48204353945389,22976800
2014-09-03,38.08393096923828,38.210991642574136,37.719693819048445,37.719693819048445,33684500
2014-09-04,38.338035583496094,38.346508015421314,37.8806244294007,37.89756606196512,26475500
2014-09-05,38.88862991333008,38.905571547018894,38.210980722208426,38.210980722208426,36939400
2014-09-08,39.36299133300781,39.642520248793595,38.95640176286425,38.981812601221144,45736700
2014-09-09,39.608642578125,39.786528165639254,39.320641187967546,39.362996899601065,40302400
2014-09-10,39.67640686035156,39.76111181619524,39.20205070628092,39.65946522292544,27302400
2014-09-11,39.81193161010742,39.81193161010742,39.36298958553704,39.59169681445588,29216400
2014-09-12,39.557823181152344,39.8288829485844,39.473114984275256,39.73570554766326,38244700
2014-09-15,39.16816329956055,39.56628039472882,39.049571859871484,39.422281350607314,37667600
2014-09-16,39.608642578125,39.684878335263356,39.210525385324345,39.295230346017135,27910600
2014-09-17,39.405338287353516,39.54933732625298,39.15968944669255,39.18510028148982,38311900
2014-09-18,39.54086685180664,39.66792748427386,39.35451211919768,39.46463111858353,35556600
2014-09-19,40.252403259277344,40.294755730519555,39.473104217017635,39.650989766293215,202522400
2014-09-22,39.86275100708008,40.13381067101709,39.794984475452786,40.066044139389795,38686100
2014-09-23,39.4392204284668,39.79498503061495,39.362984694965604,39.68486603082742,33430300
2014-09-24,39.879703521728516,39.905114362379415,39.252875858281584,39.49852475553018,26582700
2014-09-25,38.99875259399414,39.88816744316276,38.99028016070772,39.710285119586345,33077400
2014-09-26,39.312171936035156,39.49005429204338,38.761579998348225,38.9055823088933,27078800
2014-09-29,39.337589263916016,39.43923911092679,38.76158638933888,38.947941210904325,26091000
2014-09-30,39.269813537597656,39.37146012124273,38.973339757643465,39.27828273986531,33033100
2014-10-01,38.88018035888672,39.41382754895672,38.83782463761855,39.19359266228641,38088400
2014-10-02,38.76157760620117,39.04957897823038,38.659931013510544,38.8208749524982,25119400
2014-10-03,39.041114807128906,39.21899717508608,38.634525152675074,38.94793740545019,32453200
2014-10-06,39.041114807128906,39.21899717508608,38.897112486910714,39.066525650754976,20604000
2014-10-07,38.566749572753906,38.905575821181266,38.473572192872055,38.84628171239946,25723700
2014-10-08,39.62559127807617,39.71876869021538,38.40582217777824,38.524410436396245,33031000
2014-10-09,38.83781433105469,39.64252435228245,38.7446401703392,39.38840624854921,34422800
2014-10-10,37.29615020751953,39.066510457025345,37.2283869071087,38.626037694853665,51978100
2014-10-13,36.974273681640625,37.745100307809665,36.83874383191705,37.11827273328408,37100200
2014-10-14,37.04203414916992,37.592625939031805,36.898035108573396,37.16062235466971,38115700
2014-10-15,36.61003112792969,36.75403015803147,35.661319090501664,36.42367640070525,60218700
2014-10-16,36.20344924926758,36.491450601292804,35.76297640315331,36.0255636853059,49040400
2014-10-17,36.95734786987305,37.2199352485411,36.24581504635854,36.593110636925864,40683300
2014-10-20,37.338504791259766,37.38932645722981,36.26273536731878,36.474500925623246,34527900
2014-10-21,38.01616668701172,38.10087164623988,37.43169148196141,37.57569379019375,36433800
2014-10-22,37.59261703491211,38.17708872270398,37.46555642695125,38.11779463399837,33570900
2014-10-23,38.13474655151367,38.49898361255804,37.71968458731671,37.795920326402424,45451900
2014-10-24,39.07500076293945,39.7272393880839,38.270290603019035,39.66794526136964,61076700
2014-10-27,38.88862991333008,39.049570586444524,38.71921680772811,38.71921680772811,30371300
2014-10-28,39.37993621826172,39.38840542131725,38.77005019708112,38.84628594972869,29049800
2014-10-29,39.49004364013672,39.55781017535815,39.25286722943422,39.33757216717476,30276100
2014-10-30,39.00722122192383,39.235928447993274,38.77004479397913,39.235928447993274,30073900
2014-10-31,39.76958084106445,39.786522477038154,39.37146047389917,39.76110840743427,35849700
2014-11-03,40.18463897705078,40.2015806127564,39.58322545029095,39.71875530464932,23130400
2014-11-04,40.294761657714844,40.43029152439767,40.02370192434918,40.066054401821276,21530800
2014-11-05,40.540409088134766,40.57429236140467,40.03216968294653,40.489584178229904,22449600
2014-11-06,41.25193786621094,41.38746771550552,40.481111242481745,40.54040534959272,33037800
2014-11-07,41.2349967956543,41.438289956736064,40.90464298543153,41.438289956736064,28000600
2014-11-10,41.41287612915039,41.63311414092068,41.1248748123413,41.209582982747676,36370100
2014-11-11,41.39594650268555,41.46371305866752,41.20959493630959,41.37900486369006,23445200
2014-11-12,41.31968688964844,41.43827506287058,41.099452172419504,41.133335430850224,22722100
2014-11-13,42.02276611328125,42.05664938473544,41.26040866199523,41.34511684063069,26210400
2014-11-14,41.99734115600586,42.395458152244096,41.83639728635045,42.132870964971424,29081700
2014-11-17,41.89570236206055,42.107467946055536,41.62464267304986,41.853349891518825,30318600
2014-11-18,41.54621505737305,42.0491340639214,41.51211808195737,41.87865243850955,23995500
2014-11-19,41.10295867919922,41.55473216269122,40.85576051772898,41.47801560401653,26177500
2014-11-20,41.51212692260742,41.51212692260742,40.804629164558946,40.915442732426094,21510600
2014-11-21,40.89838409423828,41.81045701873083,40.5488982376726,41.784885913900744,42884800
2014-11-24,40.56595993041992,40.91544590075551,40.395478255499945,40.90692328025988,35434200
2014-11-25,40.463661193847656,40.889863639111134,40.446612705837126,40.6256169524478,28008000
2014-11-26,40.702354431152344,40.90693314070265,40.30172288626998,40.480730476502096,27163600
2014-11-28,40.753475189208984,41.08591254527071,40.582993576656065,40.872811342496135,21534400
2014-12-01,41.44393539428711,41.580320081348354,40.668246876938625,40.813157436004126,31191600
2014-12-02,41.30754852294922,41.81046763958166,41.08592463756909,41.631463356966876,25773500
2014-12-03,40.98362731933594,41.3416358005199,40.75347761643203,41.29049033820798,23534800
2014-12-04,41.63145065307617,41.81898075001933,41.08591210015018,41.24786784190438,30320400
2014-12-05,41.2734489440918,41.74227430002458,41.239355215024275,41.61441224810345,27313400
2014-12-08,40.65970993041992,41.21377110378192,40.44660872874232,41.13705454111133,26663100
2014-12-09,40.56595993041992,40.84725193012052,40.10566038363623,40.15680586161247,24330500
2014-12-10,39.97779846191406,40.62562487430516,39.80731680023201,40.55743416063269,30431800
2014-12-11,40.207942962646484,40.69381681231809,39.79026632658431,40.13122963296195,29060400
2014-12-12,40.020416259765625,40.68529113351026,39.781740643506524,39.875505715786836,34248400
2014-12-15,39.78172302246094,40.63412766319932,39.67943537603872,40.233499693184925,29247800
2014-12-16,38.494598388671875,39.50043625403349,38.46902728669921,39.125379334548136,47801400
2014-12-17,38.9890022277832,39.1680064794641,38.27298196939293,38.400840755593556,34970900
2014-12-18,40.506290435791016,40.506290435791016,39.50045216526627,39.70503081845239,40105600
2014-12-19,40.62562561035156,41.00068267151349,40.20794569424647,40.6000544987195,64551200
2014-12-22,40.89838409423828,41.017720252333916,40.66823439576823,40.72790247481605,26566000
2014-12-23,41.299015045166016,41.59735543775418,41.026245757180725,41.23082109733649,23648100
2014-12-24,41.034767150878906,41.460969557101855,40.98362494319859,41.460969557101855,11437800
2014-12-26,40.81315612792969,41.26492977965294,40.76201065254566,41.26492977965294,13197800
2014-12-29,40.44660949707031,40.72790139776173,40.28465049965232,40.659710702796005,14439500
2014-12-30,40.08008575439453,40.59152748261996,39.92665258559346,40.438094313818894,16384700
2014-12-31,39.59420394897461,40.43808288725903,39.59420394897461,39.83287625448272,21552500
2015-01-02,39.858463287353516,40.42105055493304,39.670936365938736,39.77322407322567,27913900
2015-01-05,39.49190902709961,39.83286893637475,39.42371509424517,39.52600274186114,39673900
2015-01-06,38.91228485107422,39.84992893716437,38.81851979213187,39.534540035721925,36447900
2015-01-07,39.40668487548828,39.60273764581403,38.775906962556256,39.193583614047185,29114100
2015-01-08,40.56595993041992,40.70234462002241,39.82436838393563,39.84993949709,29645200
2015-01-09,40.22499084472656,40.76200690606546,39.97779586559205,40.58300263617484,23944200
2015-01-12,39.72206497192383,40.52332761728726,39.51748962750465,40.421036693411196,23651900
2015-01-13,39.517494201660156,40.838721230493306,39.261773365703235,40.037461744050454,35270600
2015-01-14,39.1765251159668,39.415200678948985,38.88670734436914,39.1765251159668,29719600
2015-01-15,38.76738739013672,39.53455335664161,38.70771928737164,39.398168657226044,32750800
2015-01-16,39.41520690917969,39.44930063642363,38.50313060748315,38.622470033671014,35695300
2015-01-20,39.543067932128906,39.76469505587822,38.844096083381814,39.46635135108754,36161900
2015-01-21,39.14243698120117,39.329967126247716,38.767379942775186,39.15948547181151,39081100
2015-01-22,40.173851013183594,40.18237363297043,39.278826358873445,39.534547224152455,35898000
2015-01-23,40.21646499633789,40.395469251855694,39.89255021135323,40.3698981444008,26211600
2015-01-26,40.07155990600586,40.17385085304349,39.41521088001737,40.06303728625299,42525500
2015-01-27,36.36359786987305,36.82389735913314,35.894775761182395,36.61079610503129,169164000
2015-01-28,35.110557556152344,36.47440738194732,35.08498644903329,36.431787786193325,84507100
2015-01-29,35.80954360961914,35.90330870866343,34.7696114015858,34.8889476179447,63585300
2015-01-30,34.437164306640625,35.443002496156396,34.394541454061915,35.417428134275745,78004900
2015-02-02,35.187278747558594,35.26399533065164,34.292254112584445,34.59912044495665,50352500
2015-02-03,35.46003341674805,35.74132852218097,34.991211492692315,35.48560776830201,52082400
2015-02-04,35.66461181640625,35.98000063643566,35.25545796163858,35.74985098344151,41614800
2015-02-05,36.18458938598633,36.346545149656606,35.68167035476453,35.988536645227555,36548200
2015-02-06,36.15049743652344,36.47441226057912,35.928873557959335,36.38064718637875,34616600
2015-02-09,36.107872009277344,36.43178678107129,35.98000997387623,36.005584331956435,31381100
2015-02-10,36.312442779541016,36.45735328481204,35.954434328282424,36.43178218162677,29670700
2015-02-11,36.12492752075195,36.35507727821906,35.980016969013136,36.35507727821906,38262500
2015-02-12,36.730125427246094,36.730125427246094,36.23572904926438,36.36359107851247,33268800
2015-02-13,37.3950080871582,37.3950080871582,36.781278671250845,36.977331439688896,40264900
2015-02-17,37.412174224853516,37.77273053532858,37.077367726088404,37.74697744881109,33695700
2015-02-18,37.3692512512207,37.51519306188225,37.24906580409227,37.45510033831803,27111700
2015-02-19,37.3434944152832,37.36924750142431,36.95718174912912,37.06878391375307,27603400
2015-02-20,37.65254592895508,37.66971574528128,37.16321762548502,37.35207905545799,29721100
2015-02-23,37.901512145996094,37.93584851180635,37.47227646268836,37.51519937605746,32518800
2015-02-24,37.84998321533203,38.03026132363362,37.70404145517835,37.901492649763924,25271700
2015-02-25,37.76415252685547,37.849998343747316,37.60104089002976,37.72981289017553,29759800
2015-02-26,37.82423782348633,37.97017633849606,37.67829603366924,37.76414510850499,28957300
2015-02-27,37.643959045410156,37.94442591620957,37.48085070398711,37.8843331970112,33807700
2015-03-02,37.66972351074219,37.935847531639645,37.38642639517075,37.48944203955659,31924000
2015-03-03,37.154624938964844,37.62678662287697,36.99151662303606,37.39499905299476,31748600
2015-03-04,36.96576690673828,37.09453560741752,36.8112418460773,36.9228407317045,25748700
2015-03-05,37.00869369506836,37.12029586722776,36.75973626286958,36.974354061356586,23193500
2015-03-06,36.364837646484375,37.008690994970834,36.184559494861965,36.91425864655696,36248800
2015-03-09,36.785484313964844,37.02585844222675,36.21889353453086,36.21889353453086,32108000
2015-03-10,36.08154296875,36.665303638332716,36.08154296875,36.35625348681155,39159700
2015-03-11,36.038612365722656,36.37341553341368,35.918426949095824,36.32190936903475,32215300
2015-03-12,35.214500427246094,35.7553383754356,35.07714512173228,35.48062776440796,59992500
2015-03-13,35.523529052734375,35.600791569715554,34.86250602407469,34.93976854105587,58007700
2015-03-16,35.67805862426758,35.7467346065369,35.43768449930688,35.60079609746007,35273500
2015-03-17,35.798255920410156,35.909858112764354,35.326097333261586,35.51495880323603,31673400
2015-03-18,36.48502731323242,36.76832439133706,35.48061754498768,35.56646335815449,44194800
2015-03-19,36.30474090576172,36.56228156165256,36.24464819521409,36.27898454780765,33879100
2015-03-20,36.811241149902344,36.89708694873165,36.476437949737814,36.536530663879795,71904500
2015-03-23,36.794063568115234,37.02585110579384,36.72538432370382,36.81123337921809,26246100
2015-03-24,36.82841873168945,37.06020309237302,36.69964673148036,36.72539982159898,25513300
2015-03-25,35.59220886230469,36.85416235073839,35.57503904836871,36.84557580636682,43469900
2015-03-26,35.377586364746094,35.72097604788596,35.12862900821003,35.38617290796829,37495600
2015-03-27,35.17156982421875,35.56646583194528,35.051384367502685,35.30033855292535,34401400
2015-03-30,35.162986755371094,35.6609017250811,35.12006384155674,35.28317222397464,35049700
2015-03-31,34.90542984008789,35.22306318505292,34.80241423965729,35.008445440518486,34887200
2015-04-01,34.95692825317383,34.991264592617284,34.60495539413299,34.853909410425885,36865300
2015-04-02,34.58781433105469,34.974127125388335,34.44187248661372,34.905447839814094,37487500
2015-04-06,35.66947937011719,35.86692736235728,34.49337468816188,34.63072995558142,39223700
2015-04-07,35.652313232421875,35.97853325426914,35.463451766980384,35.72099251062476,28809400
2015-04-08,35.5578727722168,35.7896603712032,35.231656099398144,35.592212403505336,24753400
2015-04-09,35.60938262939453,35.729568065481544,35.41193465942193,35.41193465942193,25723900
2015-04-10,35.81541442871094,36.01286238371052,35.54928721555118,35.73815190068438,28022000
2015-04-13,35.84975051879883,36.1072944601943,35.532117139166935,35.540703683777316,30276700
2015-04-14,35.75532913208008,36.08154585158737,35.532124771566714,35.88409785563044,24244400
2015-04-15,36.27899169921875,36.45068659525997,35.781080102987744,35.84975609651958,27343600
2015-04-16,36.193138122558594,36.34766316835813,35.90125784436026,36.012859994061486,22509700
2015-04-17,35.72957229614258,35.832591203393285,35.3346763094386,35.772495203426416,42387600
2015-04-20,36.83700180053711,37.060202888220935,35.781082538986425,35.824005447217004,46057700
2015-04-21,36.60520935058594,37.043031471439306,36.510777000017264,36.91425948888066,26013800
2015-04-22,36.90568161010742,37.02586706482357,36.52795215264749,36.63096778886018,25064300
2015-04-23,37.20615005493164,37.43793772246942,36.74257471985608,36.81983727570201,46309500
2015-04-24,41.09501647949219,41.32680410240517,39.189212593554046,39.197795864858456,130933700
2015-04-27,41.23237228393555,41.31822137214293,40.537012680899025,40.54559595231583,59248200
2015-04-28,42.202430725097656,42.24535361657254,40.949063955113694,41.01773992651216,60730800
2015-04-29,42.11659622192383,42.331214011584414,41.63585119415339,41.824715896993126,47804600
2015-04-30,41.756038665771484,42.52866405609686,41.72169903179975,41.80754811672909,64725500
2015-05-01,41.77320861816406,41.96207333081308,41.550007546239755,41.70453262480572,38937300
2015-05-04,41.412662506103516,41.95349713976432,41.361153042265485,41.52426143220641,34039500
2015-05-05,40.863224029541016,41.3439690359948,40.61426989342735,41.05208872400633,50369200
2015-05-06,39.730045318603516,41.009168822745934,39.50684425184169,40.83747393110963,52433000
2015-05-07,40.090606689453125,40.42540994178905,39.627031443999776,39.72146380231151,32971700
2015-05-08,40.99201583862305,41.189463898900065,40.79456777834603,40.82032087648376,35364900
2015-05-11,40.66577911376953,41.129354339592204,40.66577911376953,40.82030418904376,24609400
2015-05-12,40.64862060546875,40.931917747220155,39.85024191938027,40.21938489358499,29928300
2015-05-13,40.88898849487305,41.481332506552455,40.83747903849776,41.369730321810046,34184600
2015-05-14,41.82470703125,41.91055281899414,41.23235996147201,41.23235996147201,32980900
2015-05-15,41.464168548583984,41.98783663392319,41.24955069556356,41.95349699148586,28642700
2015-05-18,41.21520233154297,41.39548377878511,40.87181580425973,41.189449242568884,24136500
2015-05-19,41.11152267456055,41.31025388582368,40.7659011703954,41.0942412697432,28574800
2015-05-20,41.11152267456055,41.413939018636846,40.84366584402802,40.94735097684118,25047900
2015-05-21,40.973262786865234,41.128792101299354,40.619002303118684,40.85229627476986,22410700
2015-05-22,40.52396011352539,40.912780109015415,40.45483450787098,40.869578253526555,25720600
2015-05-26,40.256103515625,40.50667889310643,39.91048207798921,40.46347703742454,29581900
2015-05-27,41.13743591308594,41.27568383126781,40.282024653273425,40.454835375023364,27335600
2015-05-28,40.999183654785156,41.49169201717748,40.94733945492123,41.042385506626765,19283700
2015-05-29,40.48938751220703,41.1028622815218,40.25609359371631,40.98189579699095,36519600
2015-06-01,40.80909729003906,41.27568526615705,40.28202605361953,40.66221031390403,28837300
2015-06-02,40.54124069213867,40.912782604971966,40.28202624730139,40.549883041417864,21498300
2015-06-03,40.48075485229492,41.249762380710884,40.454834398289876,40.93006139956066,28002200
2015-06-04,40.057373046875,40.74861263820914,39.91912512860817,40.42891494523404,27745500
2015-06-05,39.86729049682617,40.195630617590304,39.60807599984024,40.014180799309266,25438100
2015-06-08,39.51301193237305,40.11784768080009,39.46116773813427,40.00552024132758,22121600
2015-06-09,39.44390106201172,39.69447316652583,39.27972938074419,39.53894383484639,24406100
2015-06-10,40.27339172363281,40.46348387606859,39.478463601157564,39.56487062321513,28417400
2015-06-11,40.126502990722656,40.541246824414635,39.858649452181105,40.31659515053227,27347800
2015-06-12,39.72039031982422,40.15241543691227,39.65990706711909,39.93640287836824,23931000
2015-06-15,39.297019958496094,39.44391027097251,38.89955748300454,39.271099495861414,33254500
2015-06-16,39.599430084228516,39.95369060448751,39.14148114626646,39.18468300559744,27070300
2015-06-17,39.72039031982422,39.806794024805804,39.19331914960238,39.513016813342325,28704100
2015-06-18,40.368438720703125,40.43756104383507,39.89320832877312,39.9364134888329,32658300
2015-06-19,39.83272933959961,40.46348914645857,39.73768654709322,40.42892633313372,63837000
2015-06-22,39.94505310058594,40.36843928400673,39.88456983096739,40.031460125820274,20318100
2015-06-23,39.668556213378906,39.98825395847024,39.41798079064393,39.858648368017974,25896500
2015-06-24,39.43525314331055,39.96232432666915,39.35748848845288,39.46117359623305,34890900
2015-06-25,39.44390106201172,39.7981615850392,39.31429218691532,39.772237832365555,20616000
2015-06-26,39.106903076171875,39.98823450610339,38.90817196394555,39.443885358040134,49835300
2015-06-29,38.337921142578125,39.0810051267099,38.32928208754713,38.91683671239126,34081700
2015-06-30,38.147830963134766,38.64033948534732,37.966377852774016,38.63169713452053,35945400
2015-07-01,38.407047271728516,39.08100564010098,38.10462760421149,38.41568632687301,28343900
2015-07-02,38.363834381103516,38.66625066563887,38.070057149230465,38.432956690672896,21752000
2015-07-06,38.355201721191406,38.4329663991574,37.97502068229719,37.9836597371418,23034000
2015-07-07,38.277427673339844,38.441599340020176,37.430658773929224,38.31199047643995,36435800
2015-07-08,38.225589752197266,38.79586286355585,38.04413666978591,38.39839718902244,39785900
2015-07-09,38.467525482177734,39.072361441500405,38.45024407807242,38.666256685252606,32424700
2015-07-10,38.5452880859375,39.00323373385692,38.510725279580015,38.890906261240424,25465800
2015-07-13,39.348854064941406,39.41797637956261,38.8390642222592,38.86498467823084,28178300
2015-07-14,39.417972564697266,39.71174978960937,39.15011908933843,39.27108560028632,22880300
2015-07-15,39.538936614990234,39.65126406648996,39.25380175637096,39.469814311360416,26629600
2015-07-16,40.31658935546875,40.342509811320284,39.72039579824982,39.75495530735502,26271700
2015-07-17,40.28202438354492,40.420272300801095,39.97096574569595,40.22154112575099,29467100
2015-07-20,40.54124069213867,40.72269377000622,40.126496921180916,40.30794999904846,30631900
2015-07-21,40.85231018066406,40.895515346339415,40.161070379046244,40.420284892641504,42781900
2015-07-22,39.348854064941406,40.54988353428833,39.05507681159759,39.26244705155173,59152400
2015-07-23,39.84135437011719,39.94503946892378,38.96866184156624,39.11555208629129,33934000
2015-07-24,39.694480895996094,40.02282102637626,39.57351434693268,39.66856043436572,32333200
2015-07-27,39.18466567993164,39.75493854078758,39.09826199947343,39.694455305249,39701400
2015-07-28,39.17604446411133,39.43525891957517,38.700817413079186,39.38341800613678,34328900
2015-07-29,39.99689865112305,40.42028155258855,39.10692438999577,39.227894229362725,40945900
2015-07-30,40.50668716430664,40.95599380654252,39.685838554377455,39.97097349697291,39777900
2015-07-31,40.35115432739258,40.93006651309938,40.17834358822508,40.8609441950868,31201500
2015-08-03,40.44620132446289,40.61036971757957,40.135142646060096,40.59308831365822,24125900
2015-08-04,41.07695388793945,41.22384086337744,40.33387006937199,40.394353329386504,33403900
2015-08-05,41.11152267456055,41.82868284598045,41.07695986492585,41.457140882634754,26959700
2015-08-06,40.28202438354492,41.275683554885774,40.03145229958022,41.223839349880826,27368000
2015-08-07,40.38571548461914,40.42027499416827,39.970968409124,40.08329587940771,19163000
2015-08-10,40.89550018310547,41.03374809216947,40.47211410754625,40.567160163044655,23079900
2015-08-11,40.1005744934082,40.558520099969,39.659910288465404,40.454834986351344,29237400
2015-08-12,40.38571548461914,40.52396341108734,39.49574136789524,39.91048514729982,30181400
2015-08-13,40.377052307128906,40.696749854157346,40.16968217244138,40.66219036243533,22627200
2015-08-14,40.61036682128906,40.696770538642824,40.195623045028036,40.2042620983272,21473400
2015-08-17,40.88684844970703,40.99917588006644,40.238810906701,40.44618437074226,21099700
2015-08-18,41.11299514770508,41.25215471797344,40.61723897125993,40.73900318051651,23574100
2015-08-19,40.53896713256836,40.94774987852094,40.26934397619997,40.68682274495254,31485500
2015-08-20,39.712711334228516,40.41720872418323,39.712711334228516,40.069308041231736,36238200
2015-08-21,37.46005630493164,39.55614942354346,37.46005630493164,39.399594475445795,70053100
2015-08-24,36.251094818115234,37.12953878769195,34.54638963254895,35.18130523785195,88753700
2015-08-25,35.198707580566406,37.607910278118595,35.12912613820748,37.02517731075288,70616600
2015-08-26,37.146942138671875,37.26001032548431,35.71185970317521,36.53811777914639,63408000
2015-08-27,38.18193054199219,38.225417269332574,37.33827409672529,37.59919777859223,50943200
2015-08-28,38.20803451538086,38.39938016017159,37.738369742435815,37.7470690814676,28246700
2015-08-31,37.8514289855957,38.20802549168917,37.48613314252499,37.886219697854806,34441700
2015-09-01,36.37287139892578,37.04257794679116,36.2337118122152,36.67728195803448,49688900
2015-09-02,37.712284088134766,37.729679451014356,36.42505709548106,36.842535851112565,37671500
2015-09-03,37.83404541015625,38.25152413378438,37.64269975097529,37.75576794211185,28285200
2015-09-04,37.05997085571289,37.43396284232391,36.70337423101704,37.23392115703853,37138800
2015-09-08,38.17323684692383,38.26890965190561,37.57311195816326,37.660085425696636,32469800
2015-09-09,37.46005630493164,38.616823052783694,37.320896719714405,38.451568764332706,33469500
2015-09-10,37.65139389038086,38.086267915491774,37.18172914698295,37.50353499657388,31366600
2015-09-11,37.816650390625,37.91232322108075,37.34698557811096,37.52093587731905,27132500
2015-09-14,37.433956146240234,37.78185336883458,37.277401234833874,37.773157348345535,23656000
2015-09-15,38.25153732299805,38.52116054319008,37.46876569047868,37.56443523523026,28882200
2015-09-16,38.529842376708984,38.59942382125688,38.12975902403627,38.24282721251365,23372200
2015-09-17,38.486366271972656,39.13867756471795,38.33851063817392,38.52115700386417,32768200
2015-09-18,37.816650390625,38.26022381949693,37.68619015458843,37.83404575232841,63143700
2015-09-21,38.364593505859375,38.67770338767511,37.92102006734507,37.93841542942661,26177200
2015-09-22,38.18193054199219,38.31239072401335,37.668779196596546,37.72966127843801,28085900
2015-09-23,38.15585708618164,38.41678091326034,37.84274716655661,38.20804317872797,17145200
2015-09-24,38.19062805175781,38.38197364091752,37.63398995728385,37.790544836082745,27905600
2015-09-25,38.216732025146484,38.903833851089125,38.06017709473358,38.68639681638519,29384600
2015-09-28,37.65139389038086,38.34719166699322,37.58181245380687,38.121058633778766,27613800
2015-09-29,37.781856536865234,37.894924719656316,37.44265530631772,37.720974434860594,32763600
2015-09-30,38.495052337646484,38.5298430605379,37.973204765579084,38.1645504236559,34958900
2015-10-01,38.79946517944336,38.921229388577835,38.05148124581632,38.921229388577835,28657900
2015-10-02,39.634422302246094,39.634422302246094,38.19933655034817,38.50375038872165,41839000
2015-10-05,40.55636215209961,40.782495239071565,39.747496007679494,39.79098275696337,34369300
2015-10-06,40.660728454589844,41.034720446977936,40.19976296910847,40.29543580220674,27017200
2015-10-07,40.704219818115234,41.18258072003977,39.9649350894888,40.96514364481712,27711500
2015-10-08,41.2695426940918,41.33042478782566,40.44328144192821,40.495467515625215,33772700
2015-10-09,40.97383499145508,41.347826953295055,40.808580723119476,41.26954948877446,28600600
2015-10-12,40.87816619873047,40.93904830849397,40.443292090233335,40.86077083625145,19769100
2015-10-13,40.78248596191406,40.99122695594932,40.495470827669315,40.495470827669315,19987800
2015-10-14,40.5998420715332,40.96513468545853,40.469378527802306,40.57375068991732,24697800
2015-10-15,40.886863708496094,40.904259071607946,40.46938494729036,40.886863708496094,27189400
2015-10-16,41.32173156738281,41.34782626700711,40.791188003133385,40.89555684815327,26450300
2015-10-19,41.41740798950195,41.643544377488915,40.89556040123767,41.24345768747184,29387600
2015-10-20,41.54787063598633,41.58266135919598,40.895559506022224,41.260852146245654,30802200
2015-10-21,41.052120208740234,41.73922215842299,40.973842729436804,41.67833672534126,25144300
2015-10-22,41.77400207519531,42.574172088741825,40.956440018546914,41.339128005479516,56637100
2015-10-23,45.98358154296875,47.02727993617929,45.4443386449765,45.48782538681325,135227100
2015-10-26,47.18383026123047,47.24471235743183,45.66177122054561,45.68786259953894,64633300
2015-10-27,46.69676971435547,47.28819862977154,46.60110021971275,46.95769677302314,50999900
2015-10-28,46.94900131225586,46.94900131225586,45.9748843843437,46.56631334860393,47000800
2015-10-29,46.409759521484375,46.818542193488405,46.28799531735358,46.56631444617419,30202100
2015-10-30,45.78354263305664,46.95770464030381,45.76614727170936,46.374971647560564,46619800
2015-11-02,46.305389404296875,46.40975824527817,45.76614320393798,45.966184864912805,30285000
2015-11-03,47.096866607666016,47.305604318793804,46.00968135188265,46.03577273631709,36596900
2015-11-04,47.314300537109375,47.73177924964656,47.01858603433397,47.12295488301179,37087800
2015-11-05,47.29690170288086,47.575220824134554,46.96639650220748,47.39257452290413,31468500
2015-11-06,47.76655960083008,47.81874567637619,46.93160229904461,47.044670470481826,32851200
2015-11-09,47.10556411743164,47.72308456593922,46.583716505306455,47.44476539709563,32513100
2015-11-10,46.54023361206055,47.07947998789972,46.33149586217102,47.02729389151398,55283700
2015-11-11,46.6619987487793,47.14035966176397,46.49674444438031,46.705485501263986,36516300
2015-11-12,46.37498474121094,46.949018556441985,46.26191651944254,46.514144353454014,35361100
2015-11-13,45.95749282836914,46.34888016326372,45.68786970481378,46.15753450668728,36848200
2015-11-16,46.7663688659668,46.87073773827977,45.96619866402964,46.166243702883904,32165200
2015-11-17,46.38109588623047,46.871435698626776,46.27602020626887,46.55621533912089,31551300
2015-11-18,47.15162658691406,47.26545689319746,46.389846346809534,46.40735895855999,29710000
2015-11-19,47.230438232421875,47.860878982282195,47.09034065914065,47.27422143797632,28149200
2015-11-20,47.44932556152344,47.54564323830531,46.64376561059965,47.50186338709224,37147600
2015-11-23,47.44932556152344,47.685740766300256,47.06405819458448,47.50186338709224,28235900
2015-11-24,47.50187301635742,47.66823782076687,46.9152155427642,47.21291992743714,24600000
2015-11-25,47.01152801513672,47.48435850159317,47.01152801513672,47.361773562183515,21005100
2015-11-27,47.22167205810547,47.35301496229954,47.09908712895836,47.10784176381652,9009100
2015-11-30,47.58944320678711,48.12356630186417,47.28298077855762,47.75581138798879,56241400
2015-12-01,48.35121154785156,48.359966182927415,47.54564817312879,47.6419658599076,39952800
2015-12-02,48.342464447021484,48.999172451667384,48.21112485020609,48.43878215546656,47274900
2015-12-03,47.45808410644531,48.83279216023207,47.22166889882619,48.58762231834049,38627800
2015-12-04,48.95539093017578,49.23558606879876,47.37053446343554,47.38804707712317,43963700
2015-12-07,48.86782455444336,49.0079221046974,48.41250668107046,48.850311943137974,30709800
2015-12-08,48.850303649902344,49.12174072858177,48.14981601755278,48.57010859696252,32878000
2015-12-09,48.141075134277344,48.92036811069165,47.72953704283576,48.48256276752049,36373200
2015-12-10,48.39500045776367,48.736488072821444,48.16733982093215,48.500072799276175,31775800
2015-12-11,47.33549880981445,48.246131075408044,47.29171561823395,47.90464355828688,39549500
2015-12-14,48.281158447265625,48.34245090998739,47.00276802451345,47.5719161385741,46768900
2015-12-15,48.33370590209961,48.946633991583916,48.237388201442016,48.736485977404676,39843000
2015-12-16,49.14802551269531,49.2530978528617,47.94843654672031,48.6314151082755,37503300
2015-12-17,48.771507263183594,49.725922875942125,48.62265173595897,49.3494100802546,41280900
2015-12-18,47.396812438964844,49.03420366170056,47.3092493568835,48.83281358319852,84684200
2015-12-21,48.009727478027344,48.465042019143546,47.484359150280056,48.05350733695901,37246300
2015-12-22,48.46505355834961,48.57888389082547,47.72078575873883,48.149836494877114,28322200
2015-12-23,48.876590728759766,48.92912857507904,48.54385771578409,48.77151837631108,27279800
2015-12-24,48.7452278137207,48.99915562328643,48.53508319491276,48.91159592214786,9558500
2015-12-28,48.990421295166016,48.990421295166016,48.14107781328802,48.4650528500105,22458300
2015-12-29,49.51576614379883,49.77844858882127,49.086718929639495,49.288108915496316,27731400
2015-12-30,49.305633544921875,49.71716825105634,49.288120932292216,49.445731105769866,21704500
2015-12-31,48.5788688659668,49.200551503027675,48.52633103487574,49.069211935583354,27334100
2016-01-04,47.98345947265625,47.98345947265625,46.74884867928611,47.56316679195464,53778000
2016-01-05,48.202362060546875,48.50006979320474,47.755802131654725,48.09728972554683,34079700
2016-01-06,47.326751708984375,47.633217419517166,46.9677515007866,47.56316696904476,39518900
2016-01-07,45.68061065673828,46.8364199053549,45.59305091890197,46.14468661980242,56564900
2016-01-08,45.82070541381836,46.65253283186365,45.663095234776435,45.85572730012478,48754000
2016-01-11,45.794437408447266,46.27602260928251,45.058924311469745,45.97831484764424,36943800
2016-01-12,46.2147331237793,46.49492828933495,45.58429567137401,46.197220508408336,36095500
2016-01-13,45.21652603149414,47.344259829987266,44.918818325609,47.10784459235592,66883600
2016-01-14,46.5036735534668,46.7751106670338,45.15523260026212,45.53174537732822,52381900
2016-01-15,44.64738082885742,45.50547871734619,44.07823266823852,44.92757592141747,71820700
2016-01-19,44.27086639404297,45.25154918138827,43.833061160740215,45.0764264200294,43564500
2016-01-20,44.472259521484375,44.98886986664352,42.992475591352886,43.76301379129294,63273000
2016-01-21,44.20082092285156,45.16399454851902,44.0432107539276,44.65613881749976,40191200
2016-01-22,45.78566360473633,45.820688818546806,44.8837827201518,45.015125601846975,37555800
2016-01-25,45.34788131713867,46.10090709279949,45.22529634718271,45.47922092486724,34707700
2016-01-26,45.68061065673828,45.91702595712419,45.1377329337354,45.34788098080839,28900800
2016-01-27,44.848785400390625,45.70688356741044,44.673662575650035,45.540515380821354,36775200
2016-01-28,45.584285736083984,45.71562531245539,44.8750399989976,45.409162960733,62513800
2016-01-29,48.23738098144531,48.23738098144531,47.2829654344389,47.92216067745217,83611700
2016-02-01,47.90464401245117,48.23737689852388,47.72076663074859,48.0534995168213,44208500
2016-02-02,46.40735626220703,47.5106240168707,46.10089392485295,47.431818938666936,56313800
2016-02-03,45.671844482421875,46.748845018671965,44.88379368019544,46.626260080589866,57559800
2016-02-04,45.53175354003906,46.24099936495791,44.98011789843552,45.61931326846333,46987100
2016-02-05,43.92061996459961,45.531743323500244,43.39525503155781,45.47920549412055,62009000
2016-02-08,43.2639274597168,43.404025047520484,42.19568126509491,43.38651243152128,59290500
2016-02-09,43.15007781982422,43.99066631074443,42.61595496148786,42.92242059407172,46740500
2016-02-10,43.52659606933594,44.122011461722394,43.36023128094725,43.68420622262582,38237000
2016-02-11,43.50907516479492,43.87683323242838,42.475854730275174,42.624710220089845,48878600
2016-02-12,44.218345642089844,44.37595585416795,43.56163753849445,43.999442940891385,34243300
2016-02-16,45.05613327026367,45.05613327026367,44.20951266818602,44.888573994072644,37291200
2016-02-17,46.22906494140625,46.537731082280146,45.37362666133004,45.40890336843083,40789000
2016-02-18,46.026214599609375,46.69645836927301,45.94684371541687,46.149683036041765,27176000
2016-02-19,45.69991683959961,46.10558878152346,45.44416582066761,45.83220277743924,33559100
2016-02-22,46.431888580322266,46.740551252358195,46.10558419654621,46.10558419654621,25008300
2016-02-23,45.13550567626953,46.184962289210276,44.959125537209644,46.15850644581126,28895300
2016-02-24,45.294246673583984,45.4177117595172,44.27124592191705,44.70337372268333,33014500
2016-02-25,45.946861267089844,45.946861267089844,44.63283579415467,45.62056011372753,26939500
2016-02-26,45.24134826660156,46.4583679519699,45.06496806573807,46.3878145259555,35975900
2016-02-29,44.87094497680664,45.55000644392759,44.67692645358011,45.28543450710161,31654000
2016-03-01,46.37017059326172,46.37898808772721,44.906217563271746,44.95031512811481,33024500
2016-03-02,46.696468353271484,46.705285847102154,45.999768594641864,46.22024294629643,29289900
2016-03-03,46.16732406616211,46.714102835172255,45.664642855167,46.714102835172255,24427800
2016-03-04,45.8851203918457,46.255519047167645,45.602913494539266,46.211424850245685,33034200
2016-03-07,45.00321960449219,45.68228095125351,44.6063684979366,45.470627476313375,38407800
2016-03-08,45.54999542236328,45.97330570901732,44.62400059587577,44.800380723024396,33835100
2016-03-09,46.599456787109375,46.60827428050235,45.73519777522532,45.7616536195757,28251600
2016-03-10,45.90276336669922,46.68765158914612,45.117875144252324,46.67883409454228,38387800
2016-03-11,46.80229949951172,46.80229949951172,46.19379144284717,46.74056694437932,32275700
2016-03-14,46.89048385620117,47.26088251920258,46.41426180973029,46.48481185343382,24083600
2016-03-15,47.2608757019043,47.2608757019043,46.51126435430468,46.52008184693134,21104800
2016-03-16,47.931129455566406,48.151603838276785,47.09332949260467,47.137423696312325,31691700
2016-03-17,48.20450973510742,48.50435497314463,47.622457609996545,47.80765524885649,28223900
2016-03-18,47.17268753051758,48.47789511624343,47.13741083151038,48.43379756039884,67625500
2016-03-21,47.49897766113281,47.56071018811133,46.678813100794855,46.96101989960249,23925700
2016-03-22,47.684200286865234,47.84294211509055,47.14624224278745,47.27852822103261,23124100
2016-03-23,47.596004486083984,47.83411719144436,47.393168484666994,47.71946958571419,20129000
2016-03-24,47.80765914916992,47.913489263585134,47.384348784024304,47.48135804015237,19950000
2016-03-28,47.21678161621094,47.87820458234107,47.03158399309558,47.807651184485024,17025100
2016-03-29,48.24859619140625,48.38088212032852,47.13740717230866,47.322604781463106,23924300
2016-03-30,48.54845428466797,49.068773918325235,48.41617168475824,48.44262753190583,23008300
2016-03-31,48.70718765258789,49.02467122001089,48.380886592368135,48.46025748422388,26360500
2016-04-01,49.00704574584961,49.04232245464734,48.12514821093899,48.54845862399543,24399200
2016-04-04,48.883567810058594,49.08640378619591,48.504351700358455,48.883567810058594,18928800
2016-04-05,48.11632537841797,48.76892759792413,48.0281336162065,48.67191834157739,19272300
2016-04-06,48.610191345214844,48.680744763046754,47.807664720323515,47.93995069667229,21188700
2016-04-07,48.02812576293945,48.424980217570486,47.82528978927719,48.38970351845413,19225100
2016-04-08,47.99284744262695,48.751279627152854,47.90465906198626,48.21332175839978,22167200
2016-04-11,47.89584732055664,48.636641245069036,47.88702646293078,48.05458911610726,21414200
2016-04-12,48.1956901550293,48.31033438507146,47.41079870990616,47.948756616402484,24944300
2016-04-13,48.81303024291992,48.89240116055769,48.407358159070135,48.610194200995025,20818000
2016-04-14,48.82183837890625,49.0158568746055,48.56608733715204,48.69837328679634,20877100
2016-04-15,49.077579498291016,49.31568877683616,48.60135421285919,48.76891346625005,28793800
2016-04-18,49.79192352294922,49.90657112030059,48.68955183657058,48.936485381955954,23786000
2016-04-19,49.73017501831055,50.06529684539084,49.10402890879051,49.94183179440608,29596800
2016-04-20,49.02467727661133,49.82720378711121,48.936488881063866,49.64200613795854,36195700
2016-04-21,49.19224166870117,49.58909621811062,48.87475802917361,49.209880022471815,38909100
2016-04-22,45.66463851928711,46.2378730773403,44.77392377720139,45.779286103731955,126834100
2016-04-25,45.95566940307617,45.97330775299235,45.53235909760174,45.66464167571617,33226900
2016-04-26,45.36480712890625,46.1673337359686,45.05614434317922,46.087962824757064,33532600
2016-04-27,44.923851013183594,45.41771475364536,44.579911575646726,45.40007640246764,43369300
2016-04-28,44.00667953491211,44.77392929484074,43.706834298454616,44.64164334539688,43134800
2016-04-29,43.9802131652832,44.315335048914484,43.52162620983273,43.52162620983273,48411700
2016-05-02,44.63282775878906,44.756292855986395,43.900851305159726,44.094869808853595,33114500
2016-05-03,43.900840759277344,44.45643692737135,43.74209899696477,44.394704393602105,26460200
2016-05-04,43.9802131652832,44.14777578918429,43.61863544173949,43.95375732537077,24257600
2016-05-05,44.04195785522461,44.359441478471624,43.85676019638779,43.980225302279,25390700
2016-05-06,44.43880844116211,44.43880844116211,43.79502375744488,44.024315596015754,24787300
2016-05-09,44.15660095214844,44.61518798726637,44.09486840551444,44.52699959612393,17951600
2016-05-10,44.99441909790039,45.06496916145765,44.26244242397983,44.38591092250708,22891000
2016-05-11,45.020870208740234,45.66465503018255,44.97677600314023,45.09142362903803,24039100
2016-05-12,45.426536560058594,45.69110848867208,44.90621692551553,45.15315050127666,24102800
2016-05-13,45.047325134277344,45.770480802613626,45.0120484274873,45.36480540287197,22592300
2016-05-16,45.708740234375,45.82338446508587,44.75628950305455,44.80038369672576,20032000
2016-05-17,44.85619354248047,45.93963469663691,44.72298573041795,45.93075553091335,27803500
2016-05-18,45.12261962890625,45.415679549550475,44.669704222862705,44.829556320560215,24907500
2016-05-19,44.68747329711914,44.95389237455563,44.24344037215754,44.82068452968857,23842400
2016-05-20,44.95388412475586,45.48672556954576,44.75851197726447,44.829555470615404,23905800
2016-05-23,44.42992401123047,45.00716804694159,44.38552140564538,44.93612116784412,26118700
2016-05-24,45.815311431884766,45.92187837159272,44.758514426167906,45.02493346928875,34757900
2016-05-25,46.28598403930664,46.614570792448696,45.99292411545506,46.108370219065336,24040200
2016-05-26,46.081722259521484,46.16164829697866,45.61104858766332,46.117245695658305,24335200
2016-05-27,46.46360778808594,46.46360778808594,45.97517221882779,46.108380071696786,17721400
2016-05-31,47.06748580932617,47.06748580932617,46.25046692703486,46.41031564894667,37653100
2016-06-01,46.934268951416016,47.023077550369074,46.57016216496261,46.57016216496261,25324800
2016-06-02,46.605682373046875,46.83658132661334,46.037320929962384,46.747772733818,22840800
2016-06-03,45.992923736572266,46.55240269232597,45.8241890842672,46.51688263873179,23368300
2016-06-06,46.29486846923828,46.490240630487754,46.08173119877287,46.170539806342624,18243300
2016-06-07,46.26822280883789,46.82770516283144,46.26822280883789,46.3925548557157,20866800
2016-06-08,46.214942932128906,46.570167203266955,46.06396999142616,46.1971812104167,21149400
2016-06-09,45.841957092285156,46.17942305547798,45.7265109737921,46.17942305547798,20305700
2016-06-10,45.717628479003906,46.22382573061304,45.32688073374316,45.33575990144582,25833200
2016-06-13,44.52761459350586,45.04269433644784,43.568505378916555,44.03029995916395,83217800
2016-06-14,44.252315521240234,44.492090279410206,44.02141654179254,44.314479849314196,42577100
2016-06-15,44.12797927856445,44.5098477647989,44.12797927856445,44.207905319583325,33757600
2016-06-16,44.74962615966797,44.820673035539166,43.968127463592275,43.977010016926926,31188600
2016-06-17,44.518733978271484,44.785153007671376,44.2434323948606,44.767391287351145,45710500
2016-06-20,44.4654426574707,45.140374385333374,44.42991922175134,44.97163975951706,35607900
2016-06-21,45.460086822509766,45.673224103880116,44.54538013780429,44.580903582649704,34097800
2016-06-22,45.282474517822266,45.699863120692044,45.246951074432744,45.362400571597675,28816800
2016-06-23,46.09949493408203,46.23270615740481,45.42456642557853,45.54001253890934,29028800
2016-06-24,44.252315521240234,45.238065603999566,43.97701393426854,44.23455380069027,133503000
2016-06-27,43.00901412963867,43.64842239888183,42.66266911303235,43.60401641197237,50216300
2016-06-28,43.90597152709961,43.932615804491114,43.2221604608881,43.44417690883851,38140700
2016-06-29,44.882835388183594,45.04268746417644,44.22566536602397,44.32335312220863,31304000
2016-06-30,45.44232177734375,45.55777127079861,44.8473193643493,45.042694909011075,28527800
2016-07-01,45.43344497680664,45.93076303107244,45.35351892143717,45.40680408758418,21400400
2016-07-05,45.44232177734375,45.540009549674636,45.06045663013505,45.14038268134197,24806400
2016-07-06,45.628822326660156,45.770912720939855,44.74963568300924,45.09598080733462,28167500
2016-07-07,45.628822326660156,45.83307705670584,45.35352070562352,45.66434238445342,19585200
2016-07-08,46.44583511352539,46.499120274732135,45.77978584309901,45.93963793901749,28391000
2016-07-11,46.70337677001953,46.916514035323765,46.596809831218366,46.62345071899318,22269200
2016-07-12,47.25397872924805,47.422713393393835,46.88099273257179,47.014200565226716,27317600
2016-07-13,47.5203857421875,47.83121071503382,47.227325874436566,47.56479172952355,25356800
2016-07-14,47.724647521972656,47.946663925170384,47.58255715943417,47.813452728171164,24545500
2016-07-15,47.68912124633789,47.95554023677975,47.25396763137856,47.911137636322984,32024400
2016-07-18,47.92000961303711,48.25747542374885,47.55590292358786,47.68911409267692,31433900
2016-07-19,47.14741134643555,47.86674583179941,47.00532096030587,47.69801116922528,53336500
2016-07-20,49.651763916015625,50.477665467087576,49.31429792829635,49.864901220812676,89893300
2016-07-21,49.55406951904297,49.93593807293603,49.51854607502918,49.713921629402954,32776700
2016-07-22,50.23787307739258,50.29115823546443,49.536300407436954,49.802722810094636,32157200
2016-07-25,50.37996292114258,50.388845474579725,49.962570989836706,50.149067347299855,25610600
2016-07-26,50.40660858154297,50.877285714958774,50.184592152402146,50.193474706680824,28079000
2016-07-27,49.900413513183594,50.44213416532415,49.829370014446575,50.27340289158447,32327500
2016-07-28,49.91816711425781,50.06025747631903,49.48301686256472,49.73167414924649,37550400
2016-07-29,50.33556365966797,50.40660715337519,49.77608132552837,49.962574307674316,30558700
2016-08-01,50.24675369262695,50.39772321978777,49.85600265724329,50.264512023597625,26003400
2016-08-02,50.24675369262695,50.53093441597792,50.00697557210555,50.486528425446906,35122000
2016-08-03,50.593101501464844,50.717430151260494,50.16683039315049,50.33556164820149,22075600
2016-08-04,50.96609115600586,51.081540648224085,50.326682753199535,50.44213224541776,26587700
2016-08-05,51.47228240966797,51.69429881418279,51.01937043504638,51.19698423619854,29335200
2016-08-08,51.56109619140625,51.58773707856377,51.3124354896961,51.56109619140625,19473500
2016-08-09,51.685420989990234,51.951840004782134,51.52556890357478,51.65877671711994,16920700
2016-08-10,51.52556610107422,51.79198510137546,51.34795230497293,51.64989474203471,15756900
2016-08-11,51.77422332763672,51.907434521495595,51.53444521131156,51.53444521131156,18162300
2016-08-12,51.45452117919922,51.676537585821464,51.170340449738866,51.53444722109129,21655200
2016-08-15,51.614376068115234,51.951841973078025,51.47228569566274,51.51668830186008,19283900
2016-08-16,51.32842254638672,51.4892709437306,51.17651206490423,51.480336436685334,20523500
2016-08-17,51.4356575012207,51.54288863071476,51.14076763409189,51.417785078169004,18856400
2016-08-18,51.471397399902344,51.56075951248959,51.17651095040454,51.31054900606134,14214300
2016-08-19,51.48928451538086,51.5875811628687,51.11397376186404,51.319501566239964,17271000
2016-08-22,51.533939361572266,51.6054290380295,51.16756329176744,51.47138759907989,15221900
2016-08-23,51.73054504394531,51.989690070403114,51.694800197092604,51.7394829600666,18732400
2016-08-24,51.78415298461914,51.864577171140134,51.57862526546896,51.65011153747895,18151500
2016-08-25,51.98076629638672,52.08800086611952,51.632262466797954,51.72162460824196,18552600
2016-08-26,51.85565185546875,52.45436614699202,51.55182745577405,52.07905204910261,20971200
2016-08-29,51.91819381713867,52.36499411989827,51.91819381713867,51.98968350181179,16417200
2016-08-30,51.73054504394531,51.998624577708185,51.480337933608794,51.8109692449558,16930200
2016-08-31,51.34629821777344,51.65012260877632,51.20332223429069,51.51608454172043,20860300
2016-09-01,51.462459564208984,51.66798729664105,50.944169571176616,50.944169571176616,26075400
2016-09-02,51.533939361572266,51.99861203209809,51.310539235866514,51.533939361572266,18900500
2016-09-06,51.48032760620117,51.650110481467266,51.12288602701247,51.632238061626275,16278400
2016-09-07,51.525028228759766,51.68587666493582,51.301628001717134,51.355245283381464,17493400
2016-09-08,51.31948471069336,51.641181484515464,51.096084552074224,51.49820551935185,20146100
2016-09-09,50.22929382324219,51.39991195097067,50.22929382324219,50.74758385819278,35113900
2016-09-12,50.97990417480469,51.122880108163756,49.6931207745731,50.041624399084874,29303000
2016-09-13,50.51525115966797,50.62248570794929,50.08632319299209,50.48844422700587,30130200
2016-09-14,50.27397155761719,50.604606255677346,50.06844381517806,50.390140597714435,24062500
2016-09-15,51.10502243041992,51.247998405017,50.02376640947846,50.17568029994693,26847000
2016-09-16,51.15863037109375,51.49819952715188,50.71183010584402,51.49819952715188,44607000
2016-09-19,50.87269592285156,51.60544833648243,50.80120621965993,51.176520343782656,20937100
2016-09-20,50.765445709228516,51.24798738926126,50.711828451973595,51.24798738926126,17384000
2016-09-21,51.61437225341797,51.694796448596726,51.006726945064635,51.39097209001208,33707300
2016-09-22,51.667991638183594,51.828840035135855,51.49820873420781,51.75735034368324,19822200
2016-09-23,51.31948471069336,51.748412606184196,51.274805360732714,51.71266776268932,19955300
2016-09-26,50.84587860107422,51.0603408492025,50.7833268279688,51.00672699157842,21688700
2016-09-27,51.78415298461914,51.882449591346536,50.64927986762982,50.87268000698641,28065100
2016-09-28,51.85565185546875,51.88246219669998,51.533955031225375,51.721613784578295,20536400
2016-09-29,51.29267883300781,51.980748335889146,51.12289252733769,51.65905496429433,25463500
2016-09-30,51.471397399902344,51.62331128689264,51.23906272480759,51.44459047053419,29910800
2016-10-03,51.310546875,51.42671591213059,50.98885350949481,51.30161236852037,19189500
2016-10-04,51.14971160888672,51.471405035474575,50.908438982333415,51.17651854223157,20085900
2016-10-05,51.50715255737305,51.79310455727164,51.16758327918719,51.194393622739184,16726400
2016-10-06,51.596492767333984,51.70372386953516,51.185433959401436,51.596492767333984,16212600
2016-10-07,51.65011978149414,51.81096818020957,51.3105505610042,51.69479913473373,20089000
2016-10-10,51.86459732055664,52.17735627363659,51.71268339419143,51.748428248491116,18196500
2016-10-11,51.10502243041992,51.84671264220338,50.8369429041524,51.73054359758821,26497400
2016-10-12,51.033538818359375,51.17651480043908,50.39908311093171,51.033538818359375,22177500
2016-10-13,50.863746643066406,51.20331583973678,50.327587624168686,50.66715682083906,25313700
2016-10-14,51.310546875,51.596502214586664,51.042467366004395,51.042467366004395,27402500
2016-10-17,51.1318244934082,51.34628671618454,50.81906225603733,51.25692802483033,23830000
2016-10-18,51.525028228759766,51.784173310245286,51.301628001717134,51.40885915622886,19149500
2016-10-19,51.40884017944336,51.685857585893594,51.29267455861015,51.355226326386706,22878400
2016-10-20,51.15863037109375,51.399902923386456,50.63140592174645,51.38203050371861,49455600
2016-10-21,53.31222152709961,54.01816694987742,53.16031103321437,53.86625304717578,80032200
2016-10-24,54.5096435546875,54.5096435546875,53.553491063400735,53.56242557066172,54067000
2016-10-25,54.50071334838867,54.84027919216236,54.330927017685354,54.37560637514858,35137200
2016-10-26,54.179019927978516,54.688372134489754,54.036043929814255,54.3398683520154,29911600
2016-10-27,53.70539855957031,54.357730044251205,53.69646405280658,54.16113680728896,28479900
2016-10-28,53.49988555908203,54.08072751445461,53.240743885728634,53.624989141145804,33574700
2016-10-31,53.544559478759766,53.99135988859781,53.544559478759766,53.75902517536134,26434700
2016-11-01,53.43732452392578,53.63391778105557,52.945844789917665,53.58923842502145,24533000
2016-11-02,53.106693267822266,53.55349364637785,52.99052421492923,53.455197017685,22147000
2016-11-03,52.910099029541016,53.29434762068058,52.82074031901306,53.19605099381005,21600400
2016-11-04,52.463294982910156,52.9726470966226,52.29351208127803,52.40968112387689,28697000
2016-11-07,53.991363525390625,54.080725658667525,53.41945950768582,53.41945950768582,31664800
2016-11-08,54.036033630371094,54.313047656555206,53.75008168854593,54.10751991141937,22935400
2016-11-09,53.76795959472656,54.14327371095425,52.90116911907003,53.61604909186491,49632500
2016-11-10,52.45436096191406,54.053907008334356,51.49820850038151,54.044969092535304,57822400
2016-11-11,52.74031066894531,52.829669370244225,51.83777210527293,52.03436533870968,38767800
2016-11-14,51.93606185913086,52.7939209587958,51.18543727743372,52.740303699811896,41328400
2016-11-15,52.96165466308594,53.519432341876715,52.466854761834625,52.475853057987884,35904100
2016-11-16,53.66337966918945,53.672374534416036,52.907684011898574,53.0246344190682,27332500
2016-11-17,54.55401611328125,54.8329049669072,53.95126065034582,54.347099905176044,32132700
2016-11-18,54.293113708496094,55.00382805184334,54.2481325265292,54.67995805073097,27686300
2016-11-21,54.751930236816406,54.85089089543578,54.3560876023389,54.428060238369056,19652600
2016-11-22,54.98583984375,55.11178853733573,54.70695443133719,54.85989115016428,23206700
2016-11-23,54.338096618652344,54.96784001013303,54.203149645138424,54.8868725123935,21848900
2016-11-25,54.455055236816406,54.455055236816406,54.0952023060999,54.24813902948938,8409600
2016-11-28,54.527034759521484,54.895886033339494,54.16717835157194,54.2841321989323,20732600
2016-11-29,54.95885467529297,55.246738398980234,54.44606157798474,54.56301541318416,22366700
2016-11-30,54.212158203125,55.039826548190284,54.17617530869648,54.75194280169235,34655400
2016-12-01,53.258548736572266,54.113205177125316,53.02464102938331,54.07721884804313,34542100
2016-12-02,53.30351638793945,53.501437715755756,52.89867886824446,53.15057967596821,25515700
2016-12-05,54.17618179321289,54.509046771471844,53.5824210660112,53.70836979119863,23552700
2016-12-06,53.93327713012695,54.39209081588346,53.798330111574614,54.365102784911095,19907000
2016-12-07,55.210750579833984,55.21974887636808,53.7983200263063,53.98724307138704,30809000
2016-12-08,54.886878967285156,55.399675467838264,54.73394224903797,55.14777464977747,21220800
2016-12-09,55.75054168701172,55.76853485035444,54.994845985842325,55.03982717827664,27349400
2016-12-12,55.93046188354492,56.04741571978729,55.52562775289277,55.61559013040553,20198100
2016-12-13,56.65916442871094,57.05500365894772,55.99343465822889,56.22733887794962,35718900
2016-12-14,56.389286041259766,57.082007417349985,56.25433902613168,56.67716980381088,30352700
2016-12-15,56.29931640625,56.812109506784076,56.04741557255549,56.40727194535067,27669900
2016-12-16,56.047401428222656,56.632167028480005,55.885466444515814,56.632167028480005,42453100
2016-12-19,57.23493194580078,57.369878932119306,56.15536635078586,56.28131847287722,34338200
2016-12-20,57.162960052490234,57.39686426170287,56.70414306602553,57.29790360062836,26028400
2016-12-21,57.162960052490234,57.30690189627746,56.78511056764611,57.06399939141572,17096300
2016-12-22,57.17194747924805,57.66674728841176,57.045998811298425,57.43284310962587,22176600
2016-12-23,56.89308166503906,57.16297225075274,56.49723893627035,57.082004731854134,12403800
2016-12-27,56.929054260253906,57.63976863846626,56.86607991604212,56.86607991604212,11763200
2016-12-28,56.66816711425781,57.03701834859445,56.52422525285436,57.03701834859445,14653300
2016-12-29,56.58720397949219,56.85709456151789,56.434263809509154,56.551217653396776,10250600
2016-12-30,55.90346908569336,56.668162956669505,55.804508419768084,56.64117150024343,25579900
2017-01-03,56.29931640625,56.53322064627557,55.8944788448166,56.488239457637356,20694100
2017-01-04,56.047401428222656,56.452238887489756,55.885466444515814,56.2093364119295,21340000
2017-01-05,56.047401428222656,56.371271395636334,55.80449895266239,55.94844077908583,24876000
2017-01-06,56.53321838378906,56.8121072331363,55.81350909884652,56.04741332951113,19922900
2017-01-09,56.35328674316406,56.74912939945177,56.26332437501378,56.46124227131327,20382700
2017-01-10,56.335304260253906,56.74014185734675,56.029427345988765,56.43426494308161,18593000
2017-01-11,56.84809875488281,56.884085082554975,56.16437568833723,56.32631073101686,21517300
2017-01-12,56.326290130615234,57.03700439890559,55.73252966856295,56.731127589251756,20968200
2017-01-13,56.40726852416992,56.56020524263298,56.09239335911058,56.33529588123824,19422300
2017-01-17,56.25433349609375,56.40727366032726,55.80451473234607,56.38928049795597,20664000
2017-01-18,56.22733688354492,56.407265047941124,55.885473714376566,56.3802735925829,19670100
2017-01-19,56.047401428222656,56.6591550484832,55.957439073649454,55.993425388216274,18451700
2017-01-20,56.44325256347656,56.51522177165382,56.1103842511431,56.38027478753546,30213500
2017-01-23,56.641170501708984,56.785112350014245,56.29031246095518,56.40726628515457,23097600
2017-01-24,57.14497756958008,57.34289892870727,56.62318614346108,56.85709382821957,24672900
2017-01-25,57.28890609741211,57.666752133003875,57.081989920991276,57.53180859108286,23672700
2017-01-26,57.8196907043457,58.06259663771994,57.171954132109846,57.68475058990271,43554600
2017-01-27,59.178157806396484,59.29511508236867,58.37748092428033,58.82729970585974,44818000
2017-01-30,58.5933837890625,59.18714779193342,58.29650865131598,59.097185420989355,31651400
2017-01-31,58.16156005859375,58.611378764594185,57.810702017008516,58.35048309147128,25270500
2017-02-01,57.19895935058594,58.134583263430265,57.09999866705596,57.90067556929666,39671500
2017-02-02,56.83008575439453,57.04600021321704,56.452239741260016,56.902058384616666,45827000
2017-02-03,57.28890609741211,57.30689925603707,56.74012677080532,57.12697110163161,30301800
2017-02-06,57.252933502197266,57.26193179958845,56.80311472429585,57.126984793480055,19796400
2017-02-07,57.06400680541992,57.37887855716266,56.884078619347775,57.34289566542399,20277200
2017-02-08,56.983036041259766,57.40586673962167,56.875080508515374,57.189952242288385,18096400
2017-02-09,57.630775451660156,57.972642090850556,56.96504563044681,57.144973814936385,22644400
2017-02-10,57.576812744140625,57.84670679935516,57.558819578336625,57.801722168922424,18170700
2017-02-13,58.22453689575195,58.35048558972943,57.6937472308277,57.792707899479865,22920100
2017-02-14,58.44176483154297,58.577529953754826,57.943961685199795,58.29695376507102,23108400
2017-02-15,58.40555953979492,58.441764032242986,58.070680068926855,58.3784078967841,17005200
2017-02-16,58.39651107788086,59.04817818030617,58.324108992845794,58.595632348655414,20546300
2017-02-17,58.487022399902344,58.55037853647241,58.197393360539046,58.351257277166205,21248800
2017-02-21,58.36935043334961,58.78569170563997,58.333145943763455,58.477963902108094,20655900
2017-02-22,58.2516975402832,58.278849184186356,57.97112134621578,58.22454589638004,19292700
2017-02-23,58.487022399902344,58.58658302955544,58.09783273088595,58.30599993448716,20273100
2017-02-24,58.487022399902344,58.649939166125506,58.052575388206904,58.405560564140266,21796800
2017-02-27,58.134037017822266,58.414613206594616,57.97112025217681,58.414613206594616,15871500
2017-02-28,57.90776443481445,58.10688225373297,57.708643163245235,57.99827567309624,23239800
2017-03-01,58.77666091918945,58.82191136386582,57.943971254579424,58.04353190029038,26937500
2017-03-02,57.934913635253906,58.604679467108085,57.8172507637902,58.55037618231742,24539600
2017-03-03,58.15213394165039,58.17928558416803,57.581925280227516,57.91681165031338,18135900
2017-03-06,58.170223236083984,58.4327005797282,57.75388545908079,57.89869994994487,18750300
2017-03-07,58.28791046142578,58.631842842761415,58.09784202132171,58.09784202132171,18521000
2017-03-08,58.82190704345703,58.90336888637457,58.152141125842284,58.16119397623348,21510900
2017-03-09,58.58657455444336,59.01196174970545,58.360301684382684,59.00291580671902,19846800
2017-03-10,58.76758575439453,59.06626757811951,58.60466902375358,58.930502485035476,19538200
2017-03-13,58.5684700012207,59.0029169585503,58.44175774393709,58.840000212714216,20100000
2017-03-14,58.296939849853516,58.423652092258685,58.06161415454421,58.405546397458345,14280200
2017-03-15,58.60466766357422,58.75853154302528,58.1521219673304,58.42365214719642,24833800
2017-03-16,58.50511932373047,58.613732799507844,58.19739150031239,58.6046799502012,20674300
2017-03-17,58.713294982910156,59.04817445782756,58.54132536802763,58.749499475796,49219700
2017-03-20,58.76758575439453,58.9938586077681,58.57751738619667,58.749486964456416,14598100
2017-03-21,58.11592102050781,59.283489816522625,58.04351204742944,59.002913677468584,26640500
2017-03-22,58.858097076416016,58.95765769034914,58.034467431050935,58.034467431050935,20680000
2017-03-23,58.713294982910156,59.04817445782756,58.622780298045065,58.776651119135146,19269200
2017-03-24,58.81285095214844,59.238238172925605,58.61372970970358,59.15678324936202,22617100
2017-03-27,58.921451568603516,59.03006502769051,58.24263298623412,58.49605748547074,18614700
2017-03-28,59.093441009521484,59.256357800246654,58.5141828436769,58.79475907564168,20080400
2017-03-29,59.256343841552734,59.28349548272729,58.78569237685904,58.93956318568221,13618400
2017-03-30,59.473567962646484,59.71794656060944,59.15678728501013,59.211090571090395,15122800
2017-03-31,59.60932922363281,59.908011088337325,59.23823837864227,59.41926082935732,21040300
2017-04-03,59.32875442504883,59.68173958045914,59.002920911546916,59.56407325845531,20400900
2017-04-04,59.491668701171875,59.56407077480845,59.08437337362721,59.18393399334033,12997400
2017-04-05,59.33781051635742,60.05283379852601,59.229203930150696,60.00758335604046,21448600
2017-04-06,59.491668701171875,59.79034365501094,59.26539582096938,59.37400238407439,18103500
2017-04-07,59.44640350341797,59.699827990890675,59.22918350062699,59.60026738434077,14108500
2017-04-10,59.31064987182617,59.57312725750843,59.15678596117473,59.383058855180046,17952700
2017-04-11,59.26539611816406,59.38305553055127,58.69518403780218,59.37400268181369,18791500
2017-04-12,59.039127349853516,59.292551889758194,58.93051387333687,59.211090056045514,17108500
2017-04-13,58.78569030761719,59.60932688918915,58.78569030761719,59.09342500913094,17896500
2017-04-17,59.26539611816406,59.274442061601306,58.84000199640212,58.86715363731453,16689300
2017-04-18,59.183937072753906,59.473566098270844,58.97576987910458,59.12963378837593,15155600
2017-04-19,58.86716079711914,59.50977502963956,58.731395670744135,59.41926724715662,26992800
2017-04-20,59.28351593017578,59.509788891741344,58.95768231309716,59.24731142768896,22299500
2017-04-21,60.09809494018555,60.369618328144846,59.23825361505891,59.43737490941039,32522600
2017-04-24,61.120826721191406,61.23849303333308,60.731637107422806,61.07557629023692,29770000
2017-04-25,61.473819732666016,61.58243321042935,61.184190697264675,61.45572093902257,30242700
2017-04-26,61.39235305786133,61.82679307519672,61.20228468711465,61.61862591426922,26190800
2017-04-27,61.79060745239258,61.89016809202895,61.166098873666385,61.682000867554116,34971000
2017-04-28,61.962547302246094,62.57800963993918,61.26563006507666,62.36984251552293,39548800
2017-05-01,62.82240295410156,62.949115208903294,61.99876639259031,62.16168313523539,31954400
2017-05-02,62.72283935546875,63.093923253937646,62.568968563128315,63.093923253937646,23906100
2017-05-03,62.52371597290039,62.79523925147362,62.18882966683072,62.79523925147362,28928000
2017-05-04,62.27935028076172,62.52372887774652,62.125486367282896,62.47847153599353,21749400
2017-05-05,62.451316833496094,62.47846847509736,61.98971821037307,62.36080905972504,19128800
2017-05-08,62.39701461791992,62.496575242361736,61.92636313777669,62.42416625998576,18566100
2017-05-09,62.48751449584961,62.70473451022389,62.16168102163831,62.324597758743955,22858400
2017-05-10,62.731895446777344,62.958168342667086,62.37891028161339,62.4422664162505,17977800
2017-05-11,61.962547302246094,62.20692581127187,61.65481958604873,61.872039556617366,28789400
2017-05-12,61.89016342163086,62.098337535698,61.58243558074162,62.098337535698,18714100
2017-05-15,61.93541717529297,61.98067451647149,61.15703786306751,61.672939788119194,31530300
2017-05-16,63.1824951171875,63.20980238741433,62.04464589186613,62.108365170688906,34956000
2017-05-17,61.425662994384766,62.90031132234285,61.38014624196672,62.70915346297352,30548800
2017-05-18,61.63502502441406,62.017340753304524,61.11616597952514,61.35284059759704,25201300
2017-05-19,61.6168098449707,61.99002075756967,61.38013527546886,61.44385455054088,26961100
2017-05-22,62.30862808227539,62.35414483455972,61.44386534792381,61.798873792121306,16237600
2017-05-23,62.518001556396484,62.58172084892011,62.24491490564839,62.5544135728217,15425800
2017-05-24,62.59990692138672,62.70003820400178,62.30861781147387,62.69094041094964,14593900
2017-05-25,63.37363052368164,63.610298078470215,62.72733322583025,62.78194774695406,21854100
2017-05-26,63.683143615722656,63.9198181954631,63.28261847229735,63.5375025284919,19827900
2017-05-30,64.0927963256836,64.0927963256836,63.510210934616445,63.52842041755633,17072800
2017-05-31,63.573909759521484,64.39316260588247,63.54660248878956,64.20200476587834,30436400
2017-06-01,63.81059265136719,64.27483714886662,63.218909577280705,63.93803122795424,21603600
2017-06-02,65.3216552734375,65.41268182945693,63.93802662037039,64.1200866772903,34770300
2017-06-05,65.79499053955078,66.35026150060533,65.3671581323566,65.51280616241432,33316800
2017-06-06,66.01345825195312,66.10449174678162,65.78588840464307,65.81320262001998,31511100
2017-06-07,65.89512634277344,66.24103002056052,65.49460117752886,66.12269619668407,22301800
2017-06-08,65.49459838867188,66.0134573556991,65.0849754470274,66.00435956224426,24588300
2017-06-09,64.01085662841797,65.61295055471032,62.436069976996684,65.57653853992167,49187400
2017-06-12,63.51931381225586,63.664961891969654,62.01735097840012,63.036866701748615,47761700
2017-06-13,64.31124114990234,64.46598698149414,63.68314614006651,63.73776068183286,25258600
2017-06-14,63.96533203125,64.72086561949868,63.200700649080865,64.547917251559,25510700
2017-06-15,63.6285285949707,63.91071297395173,62.62722268885959,63.05504815397006,26068700
2017-06-16,63.719566345214844,63.74687361961031,63.00954943140636,63.47379393077406,48345100
2017-06-19,64.51152038574219,64.57523968254814,64.03817108528439,64.174714419835,23798300
2017-06-20,63.637611389160156,64.5114784392449,63.60119939396355,64.46596170902964,21512200
2017-06-21,63.96533203125,64.28393538536798,63.66494509961547,63.91071748820387,19891100
2017-06-22,63.95621871948242,64.25660557823339,63.455562380098876,64.21109578503072,22965700
2017-06-23,64.82100677490234,64.8574187907672,63.646745306567894,63.801491165332095,27617300
2017-06-26,64.2020034790039,65.27613342384036,64.12008166845018,64.99394903875908,19607000
2017-06-27,63.00044631958008,63.88341858721799,62.97313904447899,63.81969929702153,25215100
2017-06-28,63.53752517700195,63.57393025312624,62.61814074499865,63.00045654824969,25806200
2017-06-29,62.345035552978516,63.25531497329601,61.98092239587535,63.15518368147062,28918700
2017-06-30,62.74556350708008,63.155186486463734,62.57260818717619,62.60902019899181,24161100
2017-07-03,62.05373764038086,63.35543730513846,61.91719435766757,63.109664952158425,16165500
2017-07-05,62.88210678100586,63.20980794228721,62.09926588959833,62.13567790139416,21176300
2017-07-06,62.417869567871094,62.609027443360716,62.008246541090756,62.14478292009624,21117600
2017-07-07,63.228004455566406,63.57390811737031,62.53619018707814,62.53619018707814,16878300
2017-07-10,63.701358795166016,63.94713119025636,62.9913349923784,63.228009593307604,15014500
2017-07-11,63.710472106933594,64.3385673010854,63.49200693087838,63.719576848193356,17460000
2017-07-12,64.76640319824219,64.88473706119326,64.22023675748501,64.34767536216559,17750900
2017-07-13,65.33073425292969,65.57651352276898,64.91200665992544,65.08496192796946,20269800
2017-07-14,66.25012969970703,66.6961646347412,65.50370091368075,65.75857801941456,25868100
2017-07-17,66.76898193359375,66.86000847007465,66.1955085033725,66.26833251050904,21803900
2017-07-18,66.72346496582031,66.80538675638364,66.14088686110726,66.53230023141491,26435300
2017-07-19,67.23324584960938,67.39709644087503,66.86002791316142,66.90554466707806,22416200
2017-07-20,67.56094360351562,67.63376762813388,66.70527867645416,67.5245315912065,42361000
2017-07-21,67.16954040527344,67.62468025872165,66.60516448683977,66.86004169358948,46717100
2017-07-24,66.99655151367188,67.13309479035698,66.56871915433565,66.93283224386943,21394800
2017-07-25,67.53364562988281,67.6428747369698,66.90555048460382,67.17863714208569,22018700
2017-07-26,67.40618896484375,67.70657587365805,67.18771691949475,67.67016386609988,16252200
2017-07-27,66.5960464477539,67.74299352950507,65.83140811503888,67.14221271690411,36844200
2017-07-28,66.48681640625,66.73258881880268,66.03167665013784,66.15001048656964,18306700
2017-07-31,66.17731475830078,66.85092656709982,65.91333982322797,66.7234879967608,23600100
2017-08-01,66.0680923461914,66.83272384553197,65.98616357418668,66.54143466318101,22132300
2017-08-02,65.77680969238281,66.04988942144473,65.03038065446806,66.04079162522716,26499200
2017-08-03,65.6766586303711,65.94064048385384,65.40357203852535,65.71307063894255,18214400
2017-08-04,66.15909576416016,66.48679684775122,65.7585706742423,65.90421868689589,22579000
2017-08-07,65.90422821044922,66.35936789844281,65.77678965340145,66.26834134982019,18705700
2017-08-08,66.25923919677734,66.56873086314602,65.31254777542728,65.62203944179593,22044600
2017-08-09,65.96796417236328,66.00437618999707,65.58564840453178,65.76770154781852,22213400
2017-08-10,65.00305938720703,65.71307625280602,64.94843789724325,65.44909437677133,24734500
2017-08-11,65.99524688720703,66.17729996273712,64.88470506978639,65.18509889480272,21443700
2017-08-14,66.9874496459961,67.10579039846944,66.40487145573915,66.50500273327205,20096600
2017-08-15,67.00577545166016,67.34436885956994,66.84105188120455,67.34436885956994,19181400
2017-08-16,67.3992919921875,67.81109749227987,66.96002674112258,67.1155970872122,18150400
2017-08-17,66.2553482055664,67.6005890990418,66.2553482055664,67.3352008223395,22977500
2017-08-18,66.33773040771484,66.65802431175096,65.82526016125705,66.13640081606829,18761500
2017-08-21,66.02656555175781,66.32855982853572,65.61475327018407,66.31940658266583,17734800
2017-08-22,66.95085144042969,67.02405646562597,66.20959208706162,66.20959208706162,14343700
2017-08-23,66.54822540283203,66.94173140876947,66.3743485452201,66.76785455115754,13766500
2017-08-24,66.52076721191406,66.67633755505689,65.95338439459506,66.56651949889975,17098300
2017-08-25,66.63972473144531,67.12474221164803,66.32858407693168,66.67633074642634,12794300
2017-08-28,66.64884185791016,66.88677035350777,66.39260687380217,66.85931760262186,14569700
2017-08-29,66.8502197265625,66.95088454059197,65.9350901313016,66.11811325759989,11478400
2017-08-30,67.72872924804688,67.91175233637212,66.64887627040807,66.8135998426541,16897800
2017-08-31,68.42420959472656,68.59808638298367,67.53654010459564,67.74701591807134,27652800
2017-09-01,67.66464233398438,68.39674136476184,67.39010083376759,68.36928861111623,21736200
2017-09-05,67.36266326904297,67.61889833668494,66.78613436684854,67.11557446675825,21556000
2017-09-06,67.17048645019531,67.7561685951113,67.12472719623423,67.4816270351086,16535800
2017-09-07,68.03070831298828,68.26864388417465,67.35351459086968,67.42672660998586,17471200
2017-09-08,67.70125579833984,68.1222143583798,67.5731312973979,68.02154959599186,14703800
2017-09-11,68.4150619506836,68.5797854883756,68.00324961551263,68.00324961551263,17910400
2017-09-12,68.34185028076172,68.85432040864887,68.05816245737874,68.4150622938547,14394900
2017-09-13,68.8268814086914,68.8451879065653,68.22289963463432,68.57064629352274,13380800
2017-09-14,68.42420959472656,69.08310375877248,68.19542728675961,68.63469239008421,15733900
2017-09-15,68.91840362548828,68.99161566455541,67.78364494748512,68.47914535485417,38578400
2017-09-18,68.78113555908203,69.52238820897045,68.67131750721994,68.84519434386395,23307000
2017-09-19,69.03736877441406,69.28445065686373,68.6438628268952,68.82688592634801,16093300
2017-09-20,68.57978057861328,69.13800991738918,68.00324474702563,68.95497989867829,21587900
2017-09-21,67.91175079345703,68.85433294249536,67.8202392513735,68.73536863597508,19186100
2017-09-22,68.09478759765625,68.18629914879507,67.58231034388794,67.71042791185906,14111400
2017-09-25,67.04238891601562,67.94836516326498,66.73124125640553,67.80194109241694,24149200
2017-09-26,67.04238891601562,67.54570595031683,66.79530004193055,67.41758837926679,18019600
2017-09-27,67.58228302001953,67.87512405439692,66.95999494923245,67.30774847759879,19565100
2017-09-28,67.60060119628906,67.69211272624648,67.08812406113964,67.29860686373564,10883800
2017-09-29,68.16798400878906,68.21374326950016,67.60975454115174,67.66466705038165,17079100
2017-10-02,68.27782440185547,68.64387766175378,67.99413644182975,68.36933597135875,15304800
2017-10-03,67.95751953125,68.52489536041111,67.89346074467103,68.3327190006742,12190400
2017-10-04,68.35100555419922,68.37845831445249,67.45417582192748,67.80192242160562,13317700
2017-10-05,69.52236938476562,69.65964016695418,68.59808689870346,68.83602245570484,21195300
2017-10-06,69.54983520507812,69.57728797029459,69.12887651403129,69.24784082393039,13959800
2017-10-09,69.8152084350586,70.05314398515237,69.4217025945458,69.52236736643619,11386500
2017-10-10,69.8152084350586,70.12634901589662,69.67793765685519,69.85181444137163,13944500
2017-10-11,69.93417358398438,69.97077959075008,69.50406173183971,69.87926806477677,15388900
2017-10-12,70.57478332519531,70.73035365081394,69.888436260766,69.99824732266933,16876500
2017-10-13,70.91336059570312,71.26111416423961,70.73033754628104,71.00487212041418,15335700
2017-10-16,71.05979919433594,71.2062162675258,70.78525758201552,70.84931636063918,12380100
2017-10-17,71.00486755371094,71.03232729305178,70.69372699332814,70.89505652387294,16824000
2017-10-18,71.02316284179688,71.24279184870495,70.8035338348888,71.07806834805383,13300700
2017-10-19,71.29772186279297,71.31602137541681,70.78524474485994,70.986574293132,15092800
2017-10-20,72.12133026123047,72.26775428502792,71.58140738271128,71.67291890664382,22866400
2017-10-23,72.13963317871094,72.60634402219348,72.0755744169458,72.2860502133678,20627200
2017-10-24,72.1671142578125,72.47825494223915,71.80106105469328,72.20372027631284,17517200
2017-10-25,71.95661926269531,72.3867311801883,71.38924352632834,71.91086698369831,20410800
2017-10-26,72.07559967041016,72.6795814955469,72.0664464206991,72.4782518932067,32120700
2017-10-27,76.69699096679688,78.88414962254511,76.51396788387656,77.2094681663633,71066700
2017-10-30,76.77021026611328,77.17286946494657,76.05641040046062,76.59633343354731,31756700
2017-10-31,76.12042999267578,77.20028248476432,76.05637124237731,77.20028248476432,27086600
2017-11-01,76.12042999267578,76.65120648479459,75.84588850175085,76.57799448963058,22307400
2017-11-02,76.9166259765625,77.29182538590437,76.06555538722243,76.27603123147,23992900
2017-11-03,76.99897003173828,77.36502310669931,76.32177638128348,76.94406451415273,17633500
2017-11-06,77.30096435546875,77.51144016083727,76.94406452733806,77.05387556252799,19860900
2017-11-07,77.11795806884766,77.69449410861623,76.80681739751161,77.57552280802457,17939700
2017-11-08,77.3833236694336,77.42908292263074,76.71528325679857,76.99897107735192,18034200
2017-11-09,76.95321655273438,77.11794009973147,75.86421747492011,76.97152304789084,21178400
2017-11-10,76.75189208984375,76.96236790578645,76.1662099331341,76.67868007478454,19397800
2017-11-13,76.80679321289062,76.8159464597195,76.37668137639484,76.55971140356412,14196900
2017-11-14,76.9166259765625,76.96237825571576,75.93743783458052,76.41330203269574,18801300
2017-11-15,76.31880187988281,76.97180594436432,76.05208072392053,76.76946527315523,19383100
2017-11-16,76.5211410522461,76.7234817380464,76.28201752988853,76.42916992695879,20962800
2017-11-17,75.78536987304688,76.44757324452247,75.63821044963117,76.44757324452247,22079000
2017-11-20,75.90489959716797,75.96008084917928,75.64737773185576,75.7853378788286,16315000
2017-11-21,76.99939727783203,77.10975981444216,76.09806346615169,76.09806346615169,21237500
2017-11-22,76.43834686279297,77.16493046957352,76.37396639216406,77.10054999894462,20553100
2017-11-24,76.5763168334961,76.73266842264175,76.1348456804982,76.3463855493598,7425600
2017-11-27,77.1373519897461,77.23852231908796,76.61310892722281,76.62230112665671,18265200
2017-11-28,78.06625366210938,78.231804438945,77.27528961911078,77.3212786748214,21926000
2017-11-29,76.6498794555664,78.10304666472855,76.50272710183651,77.9099052534265,27381100
2017-11-30,77.41329193115234,77.73519444561136,76.64991809904343,76.80627676345085,33054600
2017-12-01,77.49604034423828,78.00188494855837,76.53952538026468,76.88901839871924,29532100
2017-12-04,74.5713119506836,77.65238959753086,74.22181192578176,77.64319038188988,39094900
2017-12-05,75.04036712646484,76.04287112874037,74.47934127415303,74.81043585273461,26152300
2017-12-06,76.13484954833984,76.46595117567259,74.89322195431525,75.00359150240826,26162100
2017-12-07,75.86811065673828,76.15323016838258,75.41744738709647,75.9140997119229,23184500
2017-12-08,77.4040756225586,77.79035851960909,76.64070202818762,76.91661537596096,24489100
2017-12-11,78.38818359375,78.51694456320362,77.36728803812012,77.5236396414643,22857900
2017-12-12,78.71009826660156,79.14237031001652,78.25023558500227,78.46176848904726,23924100
2017-12-13,78.49852752685547,79.09635018161714,78.33297674579754,78.85721971632348,22062700
2017-12-14,77.89154052734375,78.9768166985951,77.74438110624988,78.57213530753437,19306000
2017-12-15,79.87814331054688,80.09887542445843,78.0662832921939,78.4157834075802,53936700
2017-12-18,79.44586181640625,80.47595658681827,79.30790864724322,80.1264635300277,22283800
2017-12-19,78.94002532958984,79.41827940507923,78.42497438258518,79.41827940507923,23524800
2017-12-20,78.65489959716797,79.37229118006093,77.90992439667716,79.28031304231666,23674900
2017-12-21,78.63650512695312,79.18833884726175,78.54453400972609,79.14235679712147,17990700
2017-12-22,78.64569854736328,78.75606107312312,78.10305706690896,78.54452822078613,14145800
2017-12-26,78.5445327758789,78.66409452470121,78.20423192884354,78.46175385981242,9891200
2017-12-27,78.82964324951172,79.07797297417969,78.3789798822667,78.7744619848949,14678000
2017-12-28,78.83883666992188,79.03197809882766,78.68248508703799,79.00438746854765,10594300
2017-12-29,78.67329406738281,79.14235588184638,78.63650421752818,78.75606596684595,18717400
2018-01-02,79.05037689208984,79.3814785202471,78.63650336536644,79.21592770616847,22483800
2018-01-03,79.41825103759766,79.56541040330565,79.06875806945834,79.1515299499605,26061400
2018-01-04,80.11725616455078,80.62310778985463,79.62060375523768,79.63899517027336,21912000
2018-01-05,81.1105728149414,81.3129134945788,80.41157965354323,80.62311955051327,23407100
2018-01-08,81.19332122802734,81.4692415325989,80.56790795235067,81.11974154454894,22113000
2018-01-09,81.13818359375,81.60724555691127,80.80708185704188,81.53366583387644,19484300
2018-01-10,80.77025604248047,81.11055684732791,80.39317240943724,80.80704588762171,18652200
2018-01-11,81.00939178466797,81.05537383136951,80.23681902045526,81.05537383136951,17808900
2018-01-12,82.4073715209961,82.5729223276381,81.34968620172472,81.55202685617006,24271500
2018-01-16,81.25773620605469,83.50186838658884,80.9450329438873,82.86725562672845,36599700
2018-01-17,82.90404510498047,83.03280609668973,81.62562738947577,81.92913844862522,25621200
2018-01-18,82.86726379394531,83.3915070333837,82.46258935695944,82.59135036194793,24159700
2018-01-19,82.77526092529297,83.33629381069784,82.46255775215363,82.9040218809322,36875000
2018-01-22,84.25605010986328,84.26524932922608,82.53616097033856,82.77529155513227,23601600
2018-01-23,84.52275085449219,84.89064235342495,84.19164920714736,84.52275085449219,23412800
2018-01-24,84.44917297363281,85.92993120150392,84.22844087628869,85.12057549994422,33277500
2018-01-25,84.9182357788086,85.75518212486476,84.55034426778468,85.04699675512492,26383200
2018-01-26,86.50936889648438,86.50936889648438,85.14817923369344,85.64483179183001,29172200
2018-01-29,86.38060760498047,87.78778633972455,86.19666533235365,87.50267371206861,31569900
2018-01-30,85.29529571533203,86.14144805991683,84.70667226854391,85.81034649398038,38635100
2018-01-31,87.38311004638672,87.74180238211373,86.0035219806835,86.22425410645064,48756300
2018-02-01,86.69328308105469,88.35798313587118,86.0678697815026,87.18073622305431,47227900
2018-02-02,84.41240692138672,86.42660805127946,84.15488489905225,86.12309694626434,47867800
2018-02-05,80.93584442138672,85.75520410173274,80.93584442138672,83.29033946822165,51031500
2018-02-06,83.99852752685547,84.13648774855695,78.40659507388224,79.91494425940223,67998600
2018-02-07,82.41657257080078,84.40317527775713,82.03948188513654,83.22592818964283,41107600
2018-02-08,78.18584442138672,82.66490183812635,77.95591311196242,82.50855023178504,55628700
2018-02-09,81.10137939453125,81.79117338790151,77.10057563637318,79.37229831058417,63499100
2018-02-12,81.97509765625,82.57292038936572,80.87143031584084,81.61640541976973,35720300
2018-02-13,82.61891174316406,82.77526333428399,80.75187081511324,81.79115770643202,26407700
2018-02-14,83.91258239746094,84.07891089482584,81.69487849914066,81.78728165325253,34960900
2018-02-15,85.6220703125,85.67751079358638,83.73701640656893,84.28219993700782,27823900
2018-02-16,85.01220703125,86.39827562415081,84.82740070549366,85.42802478915647,30596900
2018-02-20,85.67754364013672,85.99171588661643,84.09742587422166,84.5317286089882,30911700
2018-02-21,84.54093170166016,86.26889954702081,84.54093170166016,85.91776474979562,26922500
2018-02-22,84.7627182006836,85.68676393379951,84.4208187414633,85.05841255328431,24392800
2018-02-23,86.91573333740234,86.92497576806338,85.34485852065814,86.49067317581166,26329200
2018-02-26,88.17240905761719,88.20012929121759,87.09127764776055,87.22988586566939,30199800
2018-02-27,87.04508972167969,88.56052388983453,87.04508972167969,88.4681207429779,25869100
2018-02-28,86.64776611328125,88.440417108482,86.51840027341207,87.6364947750868,31167300
2018-03-01,85.7976303100586,87.38698982854977,84.86434230445002,86.851041702564,37135600
2018-03-02,85.98243713378906,86.07484027438659,83.95877522013691,84.62408911229147,32830400
2018-03-05,86.52762603759766,87.10977220487422,85.25244569741216,85.32636398459223,23901600
2018-03-06,86.23192596435547,87.31305750971401,85.88079121156342,87.17444927443293,22175800
2018-03-07,86.73090362548828,86.80482895101508,85.40951839380162,86.08407465189637,26716100
2018-03-08,87.25763702392578,87.87674596010696,86.64776346894661,87.109786325782,25887800
2018-03-09,89.20735931396484,89.20735931396484,87.78432830389173,88.05230236259786,36937300
2018-03-12,89.41988372802734,89.82646602125318,88.74533443234772,89.17039453439838,26073700
2018-03-13,87.23915100097656,89.8541947666152,86.83256866925652,89.63242579018092,35387800
2018-03-14,86.72169494628906,88.16321115541987,86.39828033363176,87.8952370335296,32132000
2018-03-15,87.026611328125,87.39623096297869,85.77915122916339,86.42598030272626,27611000
2018-03-16,87.41471099853516,88.13546542740652,86.78635971825351,87.48863633737025,49081300
2018-03-19,85.83457946777344,86.76786732647221,85.11382516003054,86.62001667364949,33344100
2018-03-20,86.05636596679688,86.6477545990143,85.93624257428378,85.98244767520114,23075200
2018-03-21,85.45574188232422,86.90649322105854,85.20624561743446,85.87155959059568,24457100
2018-03-22,82.97004699707031,84.78117534649422,82.84992361901482,84.33763040076025,38604700
2018-03-23,80.55828857421875,83.5891567465144,80.46588543236248,82.70207389486015,44068900
2018-03-26,86.656982421875,86.8602735517899,83.53371129383049,83.72775999513816,56396800
2018-03-27,82.67436218261719,87.91369912012122,81.78727923948756,87.72889281735159,56569000
2018-03-28,82.60044860839844,84.3006964457039,82.1199479228025,82.99778856087393,52501100
2018-03-29,84.337646484375,85.28017703008963,81.6856398829961,83.33044007267993,45867500
2018-04-02,81.7965316772461,83.97728034425434,80.86325048875521,83.59842522959894,48515400
2018-04-03,82.89613342285156,83.21031260604194,81.21437064198659,82.7760100277572,37213800
2018-04-04,85.31713104248047,85.71447092829698,81.06652273717663,81.17740369606881,35560000
2018-04-05,85.36331939697266,86.00091303782193,84.45775876929586,85.41876692002971,29771900
2018-04-06,83.37662506103516,85.43724249143943,82.68359096517672,84.540917266144,38026000
2018-04-09,83.87560272216797,86.09331322081205,83.73700154405242,84.12509894259063,31533900
2018-04-10,85.82536315917969,86.19498285381765,84.67954845072038,85.37258273445056,26812000
2018-04-11,84.88282012939453,86.20420547538524,84.53168537762852,85.02142836427059,24872100
2018-04-12,86.4721908569336,87.00813900879277,85.4095369833945,85.4095369833945,26758900
2018-04-13,86.01016998291016,87.02661877834338,85.41878133647961,86.9064953829433,23346100
2018-04-16,87.0173568725586,87.47014421138465,86.32432279670215,86.9249537390925,20288100
2018-04-17,88.77306365966797,89.20736623506237,87.67344710068292,87.78433511458427,26771000
2018-04-18,89.11494445800781,89.37367605313102,88.26481729557942,88.91165333329467,21043300
2018-04-19,88.81002807617188,89.69711105508857,88.09850897699643,89.11496483296135,23552500
2018-04-20,87.78433227539062,88.81002345860102,86.9064917726001,88.62521715798465,31154400
2018-04-23,88.10774993896484,88.97635509234529,87.44243595338908,88.46812717283359,22331800
2018-04-24,86.04711151123047,89.14266223892555,85.39104011311476,88.93012869169314,34524800
2018-04-25,85.29866027832031,86.21347063980332,83.42284854806067,86.21347063980332,33729300
2018-04-26,87.10053253173828,87.92293247905914,86.02863634651999,86.44446105971308,42529000
2018-04-27,88.54206848144531,90.46408544192673,86.77714466526353,90.18686888131326,48272800
2018-04-30,86.41675567626953,89.0780119555481,86.07486325976916,89.01332903486617,41523600
2018-05-01,87.78433227539062,88.05230634622032,85.7421923389732,86.13028980021268,31408900
2018-05-02,86.40752410888672,87.94143645987243,86.11182973701538,87.77510793507544,27471000
2018-05-03,86.92497253417969,87.71965234364822,85.42801606868831,85.8992813161426,31142500
2018-05-04,87.93220520019531,88.12625397990396,85.86233745014923,86.2319571947939,22531300
2018-05-07,88.91165924072266,89.3644395622717,87.87672574156002,87.94140864463846,24242000
2018-05-08,88.5328140258789,88.85623565264099,87.83977976837565,88.56977669893483,23484600
2018-05-09,89.57698059082031,89.60470083017609,87.83053501232416,88.71761792125012,27327400
2018-05-10,90.47329711914062,90.51025273474403,89.67861743542318,90.0574724195726,22388100
2018-05-11,90.27925109863281,90.4363442064727,89.66938467670109,90.37166129732981,16778300
2018-05-14,90.58415985107422,91.19403313451076,89.91884610547297,90.4825143038348,19454100
2018-05-15,89.92810821533203,90.41785120472846,89.0225405189688,89.85418288299468,24594000
2018-05-16,90.16014099121094,90.39215370241814,89.66827517632625,90.35503081896907,17384700
2018-05-17,89.25992584228516,90.5220754912794,88.93510947977907,89.79819700327563,17246700
2018-05-18,89.42694854736328,89.95593705979779,89.10213228191465,89.10213228191465,17865800
2018-05-21,90.5777359008789,90.95824004027993,89.83529967934611,90.02090696461329,19422500
2018-05-22,90.48493957519531,91.10673181963129,90.20652154431654,90.65198897762964,15441200
2018-05-23,91.56151580810547,91.62647909541855,89.38987276848643,89.75181209501172,21251200
2018-05-24,91.2366714477539,91.82134798046754,89.8445952543834,91.62645816305155,26649300
2018-05-25,91.2830581665039,91.85845209115261,90.81903286353489,91.22737739589617,18363900
2018-05-29,90.95824432373047,91.76564384117565,90.23436596444952,90.80047033531291,28671000
2018-05-30,91.83059692382812,92.10901491444515,90.86543060540667,91.23664515227786,22158500
2018-05-31,91.728515625,92.79577520456068,91.51506795736626,92.14614263289627,34140900
2018-06-01,93.53823852539062,93.6032017964661,92.03479371990264,92.13687987165918,28655600
2018-06-04,94.35490417480469,94.53123605711745,93.59390295495672,93.97440710511283,27281600
2018-06-05,94.83751678466797,94.96744333470636,94.22499983694473,94.66118486084474,23514400
2018-06-06,95.11593627929688,95.21802244636648,94.56838963816595,95.10666086808442,21122900
2018-06-07,93.62174224853516,95.30151865408624,93.15771694719939,95.26439578032368,28232200
2018-06-08,94.31781005859375,94.61478606224334,93.30623798007268,93.81666172484762,22165100
2018-06-11,93.77952575683594,94.28066690236834,93.42686196050546,93.742402879303,23490900
2018-06-12,94.02082824707031,94.150754798112,93.50112204290355,93.82593842050777,18325200
2018-06-13,93.59392547607422,94.6704678453961,93.32478988374376,94.40133225306563,29492900
2018-06-14,94.12290954589844,94.68902109497795,93.73312991289912,94.33636434328318,25691800
2018-06-15,92.92572021484375,94.22499269724399,92.8700394348938,94.20643479741581,65738600
2018-06-18,93.60318756103516,93.8352002196575,92.26679238162184,92.81434593781208,23586000
2018-06-19,93.60318756103516,93.73311408342651,92.34103813169246,92.48024714295875,28653100
2018-06-20,94.54052734375,95.14375463428733,93.84448931885467,94.07650199381979,26180800
2018-06-21,93.86304473876953,95.08807134701695,93.62174958064762,94.73541463935011,23198200
2018-06-22,93.1855697631836,93.51966148530039,92.46168430394751,93.1855697631836,38923100
2018-06-25,91.31088256835938,92.90713046403303,90.29931098357956,92.80504434881229,35433300
2018-06-26,91.95125579833984,92.87930640491058,91.64499739886008,91.70996065810147,26897200
2018-06-27,90.5220718383789,92.8236337545161,90.39214529861948,92.41529623547164,31298400
2018-06-28,91.53363800048828,91.979105451934,90.26221307286839,90.37357462538111,26650700
2018-06-29,91.51508331298828,92.7215520976185,91.2552302407209,91.81205926421747,28053200
2018-07-02,92.81434631347656,92.86074459711017,90.94896254807279,91.04176619580446,19564500
2018-07-03,91.92342376708984,93.38973847757863,91.82133762465226,93.25053653831361,14670300
2018-07-05,92.58235168457031,92.73083613376583,91.90487147130558,92.34105648910352,18977400
2018-07-06,93.88159942626953,94.13216996574344,92.49879897363802,92.70297123270919,19234600
2018-07-09,94.52196502685547,94.8931867333479,93.96513600734939,94.33635771384182,18212000
2018-07-10,94.77255249023438,95.13449174437186,94.53125729398744,94.66118384262828,19293100
2018-07-11,94.64263153076172,94.97672333237824,93.8259422276854,93.87234760371156,19644600
2018-07-12,96.69359588623047,96.89776815449689,95.33864283737478,95.37575863118296,24335900
2018-07-13,97.84439086914062,98.00215779735059,96.60079918212807,96.86065933975458,24635200
2018-07-16,97.36181640625,98.20633898345774,96.99987006691416,97.81655933243879,21786900
2018-07-17,98.32696533203125,98.83739603104411,96.81424529385673,97.08338083693036,25901700
2018-07-18,97.55668640136719,98.41977378487812,97.18546472708402,98.31768764743865,29493900
2018-07-19,96.88849639892578,97.73301887066994,96.41518855010011,97.38036214671135,40171600
2018-07-20,98.62397003173828,100.41510862467736,98.44764516829667,100.3037470436546,56004000
2018-07-23,100.20162963867188,100.35939654958531,98.49401276380756,98.65178675518554,29707000
2018-07-24,99.91397094726562,100.99050639189896,99.54274914273218,100.75849364912392,26316600
2018-07-25,102.85586547851562,103.15284143286216,99.8582584651877,100.19235729888571,30702100
2018-07-26,101.73291778564453,103.01362517123856,101.62154915541102,102.77233001263166,31372100
2018-07-27,99.93250274658203,102.25262956826116,98.50330377477187,102.25262956826116,37005300
2018-07-30,97.78870391845703,99.79328973038106,97.22259243016933,99.4777558938744,34668300
2018-07-31,98.44760131835938,99.04155308748216,97.79796170306261,98.82809835148635,27655200
2018-08-01,98.63324737548828,98.79101432734706,97.83512304430509,98.40123465317843,23628700
2018-08-02,99.83042907714844,100.31301240096798,97.29684715581419,97.81656044354222,26104300
2018-08-03,100.26660919189453,100.27589168241661,99.13438608403362,100.04387898262432,18659600
2018-08-06,100.3501205444336,100.61925609950958,99.82113192389524,100.34084513528494,20265900
2018-08-07,101.04615783691406,101.25033012413171,100.38724268846207,100.74918189563337,16080200
2018-08-08,101.61226654052734,101.85356169883605,100.93479351205549,101.4637821141976,15487500
2018-08-09,101.77931213378906,102.23406204596823,101.71434887211554,101.81643500909743,13677200
2018-08-10,101.15754699707031,101.7979043768377,100.58215289637596,101.54732667150856,18183700
2018-08-13,100.42437744140625,101.6958096018586,100.3222912857257,101.38026864417348,18472500
2018-08-14,101.67724609375,101.85357801620138,100.26661195553653,100.749195269001,16788300
2018-08-15,100.2984619140625,101.53751419200779,99.51589547290916,101.0717030341852,29982800
2018-08-16,100.2798080444336,101.41638820905453,99.96305992391325,100.89468207750905,21384300
2018-08-17,100.2238998413086,100.52201860704051,99.39475680200069,100.01894185717188,18061500
2018-08-20,99.56246948242188,100.52203923441158,99.19913738424545,100.15870713623515,17914200
2018-08-21,98.73330688476562,100.00962453008918,98.6121914706812,99.60902676875041,22881900
2018-08-22,99.73945617675781,100.00030921817454,98.54698106873147,98.61219432908565,18000600
2018-08-23,100.20525360107422,100.78286176270299,99.56243929565929,99.82329230164926,18167700
2018-08-24,100.98783874511719,101.13689458759158,100.20527247206044,100.30775147338589,17234000
2018-08-27,102.10578918457031,102.14305492457841,101.09032442327387,101.79835216028835,19662300
2018-08-28,102.72064971923828,102.94423702215866,102.28278621638972,102.42253094610703,19151500
2018-08-29,104.36030578613281,104.36962399740587,102.72996709126876,102.89765935562043,20818000
2018-08-30,104.29508209228516,104.90995603598638,103.81995998056541,104.03422906442837,22798700
2018-08-31,104.64911651611328,105.06834363532333,103.89449775073722,104.05287891613271,23222700
2018-09-04,104.0715103149414,104.30441585421244,102.68339529104571,103.27031469123203,22634600
2018-09-05,101.07169342041016,103.8013468299189,100.70836132048522,103.4193854128473,32872400
2018-09-06,101.30458068847656,101.53748620318743,100.15868953641798,100.8480878698027,23477600
2018-09-07,100.81082916259766,101.2859584358911,99.89784346160071,100.82946558539263,22498600
2018-09-10,101.90082550048828,102.14304924321148,100.9505740601323,101.39774869993062,20727900
2018-09-11,103.6336441040039,103.95971042907189,101.44433351258995,101.45365172408125,24301800
2018-09-12,104.0715103149414,104.20193684831615,102.95356656952566,103.81065724819193,18891100
2018-09-13,105.189453125,105.95338295108832,104.45347082425319,104.45347082425319,26055600
2018-09-14,105.61800384521484,105.95338838192852,104.75159497665663,105.60868563371923,19122300
2018-09-17,104.47209167480469,105.92541973652146,104.21123864913366,105.91610863397027,20736500
2018-09-18,105.46891784667969,105.92541060223917,104.08080316108219,104.51866660543386,22170900
2018-09-19,104.06217956542969,105.5714098368452,103.44731271184627,105.31987501213203,21728400
2018-09-20,105.80433654785156,106.01861278849196,104.27647665679847,104.60254301628294,23714500
2018-09-21,106.44715118408203,107.40672088239616,105.74843455625566,106.20492742960921,71229700
2018-09-24,106.82910919189453,107.04338541169668,104.5466377897588,105.30124944942493,27334500
2018-09-25,106.6241455078125,107.22970128870917,105.97201288697764,106.95021892594242,22668000
2018-09-26,106.18628692626953,107.19243336247436,105.9626925113686,106.642779751529,19352000
2018-09-27,106.58687591552734,107.05268691327154,106.39122904168845,106.93157150492253,19091300
2018-09-28,106.54963684082031,106.73595844344976,105.90681522863571,106.38194455536839,21647800
2018-10-01,107.704833984375,107.77004724854069,106.88500907661869,106.9036383916463,18883100
2018-10-02,107.27631378173828,107.91912836254839,106.6148627738239,107.41605855416287,20787200
2018-10-03,107.29493713378906,108.23587763422107,107.07134977497344,107.52784270563859,16648000
2018-10-04,105.0776596069336,106.91295631775922,103.99697453768518,106.77321157843052,34821700
2018-10-05,104.4627914428711,105.43167935333447,103.07467639867372,104.92860252822581,29068900
2018-10-08,103.27030944824219,104.36962382209823,101.8635580723057,104.02492819041348,29640600
2018-10-09,104.58391571044922,105.347845670668,103.22374807921645,103.54049623231789,26198600
2018-10-10,98.90100860595703,103.8758673620895,98.55630585952149,103.63364361843985,61376300
2018-10-11,98.6681137084961,101.48160971334948,97.07503344174032,98.14640042688714,63904300
2018-10-12,102.07781219482422,103.63361907563187,99.795341362871,101.55610620071172,47742100
2018-10-15,100.2425308227539,101.99398481982422,99.63697507073942,101.46296053741106,32068100
2018-10-16,103.4100570678711,103.79202555522936,101.50022884650546,102.04988960260663,31610200
2018-10-17,103.13988494873047,104.16466786809498,102.05920697614819,104.04355955021893,26548200
2018-10-18,101.08100891113281,102.9722008438489,100.45682374168024,102.57160301270362,32506200
2018-10-19,101.23004913330078,103.27961467405116,100.81081497198021,101.48158394392374,32785500
2018-10-22,102.13373565673828,102.98151524080322,100.83878141262555,101.8449350593027,26545600
2018-10-23,100.7083511352539,101.5188649495755,97.92280294831062,100.40091412557543,43770400
2018-10-24,95.32357025146484,101.07167673761663,94.64348301059296,100.99715237361737,63897800
2018-10-25,100.89466857910156,101.79833597671153,98.89167979530212,99.26433002842724,61646800
2018-10-26,99.64630889892578,101.3139134771301,97.59674291764615,98.46315184134531,55523100
2018-10-29,96.74895477294922,101.26732058822215,94.6807525499976,100.71766695462088,55162000
2018-10-30,96.63715362548828,97.24270224206404,93.26467941142326,96.57194036950112,65350900
2018-10-31,99.50656127929688,100.74562046596917,98.18365950938407,98.23024346077084,51062400
2018-11-01,98.67742919921875,99.98170179964274,98.31409708229037,99.73016691396688,33384200
2018-11-02,98.90100860595703,99.98168657936364,97.80169420965511,99.19912740286708,37680200
2018-11-05,100.15870666503906,100.3729757948974,98.65879432517694,99.09665790494846,27922100
2018-11-06,100.35435485839844,101.39776728094031,99.01281647774283,100.03759958175962,24340200
2018-11-07,104.30440521240234,104.56525825253792,101.91945500806321,101.95672074347004,37901700
2018-11-08,104.1087875366211,104.53733292321978,103.32622825006185,104.15537149269838,25644100
2018-11-09,102.07781219482422,103.82925882342406,101.32320072366707,103.2702871000591,32039200
2018-11-12,99.56246948242188,102.44117873839099,98.84511639074078,101.93810188528975,33621800
2018-11-13,99.62765502929688,101.30457029860202,99.3481655972236,100.1959449955241,35374600
2018-11-14,98.2148666381836,101.29314612184898,97.74704313863117,101.14343917555054,39495100
2018-11-15,100.37617492675781,100.86271519902778,97.22305017625294,98.23354316785657,38505200
2018-11-16,101.32117462158203,101.87320270794378,99.92706313885574,100.18904305363198,33502100
2018-11-19,97.88737487792969,101.57381856991371,96.88623304561455,101.30248012996041,44773900
2018-11-20,95.16463470458984,96.34355166556425,92.95650769634763,95.24884662815442,64052500
2018-11-21,96.47454833984375,97.70960190994444,95.66053300152458,96.9330133026488,28130600
2018-11-23,96.4371337890625,97.12951055439926,95.43599180759803,95.59505008072324,13823100
2018-11-26,99.61830139160156,99.76800114576433,97.84992976889767,98.04641471159616,32336200
2018-11-27,100.24518585205078,100.4229610075447,98.57973588505854,99.43117066146141,29124500
2018-11-28,103.96906280517578,104.16554775354606,100.91885259577063,100.94692085433529,46788500
2018-11-29,103.09891510009766,103.96906684147154,102.0135614706773,103.22990507076314,28123200
2018-11-30,103.75386810302734,103.82872155665649,102.32232970985662,103.5760929352627,33665600
2018-12-03,104.87663269042969,106.12104448515083,103.6041597759384,105.72807459368657,34732800
2018-12-04,101.53638458251953,105.39125185397661,101.24633636741918,104.73630196877636,45197000
2018-12-06,102.16325378417969,102.21003183078416,98.24289227482421,99.01012219562425,49107400
2018-12-07,98.07449340820312,102.40653535088938,97.58796023236663,101.40539360005613,45044900
2018-12-10,100.66622924804688,101.0311380436939,97.20433916823795,98.05578112738414,40801500
2018-12-11,101.60189819335938,103.81002555163923,100.52590991880392,102.73403727708377,42381900
2018-12-12,102.06034088134766,104.10940224264537,102.0229141577892,103.75385907646647,36183000
2018-12-13,102.40655517578125,103.73517926159448,101.6393249671605,102.52819384710214,31333400
2018-12-14,99.20662689208984,102.22876913089628,98.71073524108253,101.28376388480744,47043100
2018-12-17,96.2686996459961,98.99143528773176,95.1646361253914,98.6265336031472,56957300
2018-12-18,97.27919006347656,97.7844401459934,95.9224980441949,97.07334664410845,49319200
2018-12-19,97.01722717285156,100.0019358628918,94.82780976389968,96.97980044107932,68198200
2018-12-20,94.97750854492188,97.59731529851008,92.42318964329434,96.41840547168374,70334200
2018-12-21,91.9085922241211,96.371624509532,91.18814015988477,95.08978576904043,111242100
2018-12-24,88.07242584228516,91.66531306751581,87.93208454078325,91.39397465391515,43935200
2018-12-26,94.0886459350586,94.21028459541802,87.91337808820255,89.01744166827825,51634800
2018-12-27,94.66874694824219,94.67810541533933,90.19635622393604,92.90973347017926,49498500
2018-12-28,93.92957305908203,95.81958341911141,93.11555784797022,95.52016961771292,38196300
2018-12-31,95.03365325927734,95.81024188243391,93.97637485534001,94.77167327518096,33173800
2019-01-02,94.61259460449219,95.20204944152336,92.57288456187912,93.14362960626289,35329300
2019-01-03,91.13199615478516,93.74245148047763,90.9448625191118,93.65823955982005,42579100
2019-01-04,95.3704605102539,95.91313726448587,92.56352064295133,93.30268233128442,44060600
2019-01-07,95.49211120605469,96.62424299027653,94.48161807579945,95.09914125882105,35656100
2019-01-08,96.18450164794922,97.27920677896326,95.16464284176976,96.40905489929126,31514400
2019-01-09,97.55987548828125,98.13062053009219,96.59616055688764,97.17626406418891,32280800
2019-01-10,96.9330062866211,97.07335473319617,95.791516057491,96.5774630752603,30067600
2019-01-11,96.18450164794922,96.78331507714078,95.09914784602752,96.54940335828722,28314200
2019-01-14,95.4827651977539,96.24999533966209,94.74360331958081,95.34241674065944,28437100
2019-01-15,98.25228118896484,98.28970792089758,95.32370187639646,95.91316398131302,31587600
2019-01-16,98.59847259521484,99.42184647624642,98.20550259113324,98.4861995302885,29853900
2019-01-17,99.29086303710938,99.76803787142265,98.01838253543363,98.24293581854695,28393000
2019-01-18,100.77851104736328,100.95628621497116,99.09435117270229,100.54459935879218,37427600
2019-01-22,98.87914276123047,100.2077593515254,98.11191275882179,99.88028443679323,32371300
2019-01-23,99.84286499023438,100.15163013452457,98.56102635808371,99.29083682779277,25874300
2019-01-24,99.36568450927734,100.11420478358741,98.56102771284047,99.9832148063459,23164800
2019-01-25,100.27326965332031,100.93757804995484,99.36569108068393,100.33876464627248,31225600
2019-01-28,98.31776428222656,99.62767118760921,97.92479435213727,99.42182775610958,29476700
2019-01-29,96.31549835205078,98.21486049936881,95.59504621025587,98.1306485627345,31490500
2019-01-30,99.53410339355469,99.53410339355469,97.61603174856539,97.88737017548377,49471900
2019-01-31,97.70960235595703,98.44876423560315,96.54004377520414,97.12014740108845,55636400
2019-02-01,96.16577911376953,97.40083263186976,95.76345069522982,97.10142593470664,35535700
2019-02-04,98.93531036376953,98.99145403709082,96.15643767143598,96.25000808083145,31315100
2019-02-05,100.32003784179688,100.36681589259241,99.14112103011735,99.2346842701261,27325400
2019-02-06,99.20662689208984,100.11420541038703,98.73880350232167,100.11420541038703,20609800
2019-02-07,98.49555206298828,98.79495880381461,97.5786220422663,98.42070573159653,29760700
2019-02-08,98.86979675292969,98.97271847315882,97.55053846209418,97.67216997762922,21461100
2019-02-11,98.47679901123047,99.7212106311957,98.21481912037814,99.36566037496755,18914100
2019-02-12,100.01129913330078,100.24521086429614,98.69204068246512,99.30956394031472,25056600
2019-02-13,99.93643951416016,100.8440181166995,99.8428762552056,100.58203813625909,18394900
2019-02-14,100.02064514160156,100.3855468254245,98.86044509914963,99.4686098132421,21784700
2019-02-15,101.25570678710938,101.33056025094537,100.45104989692045,100.9656585377689,26606900
2019-02-19,101.20892333984375,101.66739545996238,100.84402162034972,100.85338008809605,18038500
2019-02-20,100.6827163696289,101.42503496017578,99.87462307707938,101.34986182391424,21607700
2019-02-21,102.80631256103516,102.87208726411899,100.41961921228561,100.44780734662083,29063200
2019-02-22,104.27217102050781,104.48828486724231,103.19158028011663,103.40770129575735,27763200
2019-02-25,104.85472106933594,105.40911396699464,104.54464443966386,105.01446577002683,23750600
2019-02-26,105.57825469970703,106.40513769767531,104.4600775889062,104.54464916002046,21536700
2019-02-27,105.39971923828125,105.5782536441448,104.18757930306504,104.94869475986418,21487100
2019-02-28,105.26818084716797,106.06687578663566,104.98629231089409,105.2775792823821,29083900
2019-03-01,105.73799896240234,106.19842190893111,104.92990561279369,106.0762709305597,23501200
2019-03-04,105.48430633544922,106.41455073190467,104.11242866089601,106.19842972621002,26608000
2019-03-05,104.95809936523438,105.60645520038206,104.5164732649181,105.47490578004857,19538300
2019-03-06,105.00508880615234,105.86016724332208,104.70440337999611,105.11784852930069,17687000
2019-03-07,103.72715759277344,104.8171465712415,103.23854654067372,104.67619873176305,25339000
2019-03-08,103.83991241455078,104.02783807908062,102.23312432543547,102.57139625671286,22818400
2019-03-11,106.0198974609375,106.13265000736642,104.28155973740459,104.29095100366997,26491600
2019-03-12,106.76219940185547,107.10986259076586,105.85074489348224,106.01048242184132,26132700
2019-03-13,107.58908081054688,108.05890212413006,106.91253697196241,107.24141045768977,35513800
2019-03-14,107.67366790771484,108.24685060464786,107.42936593475434,107.62669006779436,30763400
2019-03-15,108.91398620605469,110.17310395301489,107.67365098942447,108.37838299765271,54681100
2019-03-18,110.47380065917969,110.51138723041065,109.04554679693075,109.15829934171816,31207600
2019-03-19,110.54895782470703,111.29127636919853,109.92879024238336,110.96239571068507,37588700
2019-03-20,110.42679595947266,111.58255951976362,109.66568774227139,110.30464500143547,28113300
2019-03-21,112.96385192871094,113.52763614181903,110.02276554933995,110.0697505541428,29854400
2019-03-22,109.98516845703125,112.37185433632607,109.97577002380137,112.28728994396941,33624500
2019-03-25,110.55836486816406,110.88723838338427,109.2992399070146,109.52475215046488,27067100
2019-03-26,110.79326629638672,111.54497610143244,109.79724023056718,111.46041170553785,26097700
2019-03-27,109.72206115722656,111.07514876949647,108.54750792960448,110.76506499686728,22733400
2019-03-28,109.87242126464844,110.48319045380126,109.12070423662882,110.35164104923355,18334800
2019-03-29,110.82145690917969,111.17851853690169,109.900603953922,110.94360787339667,25399800
2019-04-01,111.83627319335938,111.9208447658488,110.97180361293991,111.7704984898254,22789100
2019-04-02,111.99600982666016,112.26850705562119,111.36644380234803,111.873851693975,18142300
2019-04-03,112.72894287109375,113.1611776796846,111.95843609597003,112.62558159415842,22860700
2019-04-04,112.15575408935547,112.9732458253119,111.23490108210896,112.85108768529369,20112800
2019-04-05,112.65377044677734,112.97325271449385,112.16515936362343,112.18394906459247,15826200
2019-04-08,112.69135284423828,112.77591724882525,111.47921286282273,112.57859313588389,15116200
2019-04-09,112.08055877685547,112.32486783964987,111.42281187960538,111.46978970432123,17612000
2019-04-10,112.93566131591797,113.0860004239597,112.3248921114055,112.5316146577548,16477200
2019-04-11,113.06721496582031,113.55582604641883,112.68195799336898,113.26453908503733,14209100
2019-04-12,113.6497573852539,113.6779526821024,113.10477018420636,113.35847050461614,19745100
2019-04-15,113.74373626708984,114.24174568348323,113.29270467797846,113.64037501060399,15792600
2019-04-16,113.48065185546875,114.30754206424058,112.85109293299404,114.29814362943947,14071800
2019-04-17,114.42029571533203,114.4954688566591,113.2645391352761,113.92228619962457,19300900
2019-04-18,115.92371368408203,116.06465434326424,113.97865372941985,114.81493509545452,27991000
2019-04-22,116.29017639160156,116.51568862034767,115.17199934385685,115.21898434392685,15648700
2019-04-23,117.86878967285156,118.00033908525297,116.35596426132996,116.60966465127403,24025500
2019-04-24,117.46472930908203,118.25402569149003,117.00429925043957,118.19764942671931,31257000
2019-04-25,121.35484313964844,123.44085098045554,121.05416494575493,122.20992139664241,38033900
2019-04-26,122.05017852783203,122.64215796259982,121.23269404195915,121.8716441371682,23654900
2019-04-29,121.93741607666016,122.32265862020905,121.54276793154186,122.05955985679685,16324200
2019-04-30,122.71736145019531,122.81131713212916,121.58038729764353,121.97503557251443,24166500
2019-05-01,120.16149139404297,122.76429820461674,119.99235544169818,122.65154568232289,26821700
2019-05-02,118.59229278564453,120.27425391551279,117.94393709158189,120.25546421765632,27350200
2019-05-03,121.11993408203125,121.6179435486845,119.56952941608199,119.67289068299922,24911100
2019-05-06,120.41519927978516,120.80045620549538,118.49833459169527,118.76143338539762,24239800
2019-05-07,117.94395446777344,119.50376486911462,116.7224231978234,118.8272209441428,36017700
2019-05-08,117.93455505371094,118.74264833393927,117.22042460792444,117.86878035271118,28419000
2019-05-09,117.92514038085938,118.19763758145014,116.11162996713065,116.78817375219683,27235800
2019-05-10,119.4567642211914,120.20848118803416,116.34654942946551,117.37076361756615,30915100
2019-05-13,115.90492248535156,117.97214067094319,115.61363555025692,116.61905292538538,33944900
2019-05-14,117.20164489746094,118.28222833899515,116.23380683039936,116.39355154836042,25266300
2019-05-15,118.85208892822266,119.50284463137494,116.66404879659433,117.19220137694683,24722700
2019-05-16,121.59658813476562,122.02100411322301,119.26708522249037,119.5405911860931,30112200
2019-05-17,120.78547668457031,123.0395346141815,120.64399994301846,121.01181644564522,25770500
2019-05-20,119.04071044921875,120.3327813609976,118.60687573766724,119.32364237652237,23706900
2019-05-21,119.68203735351562,120.27620089890222,119.38023896920862,120.18189025295149,15293300
2019-05-22,120.40821838378906,120.94580409193694,119.32362813662323,119.41794596324281,15396500
2019-05-23,119.00299835205078,119.1067422292162,117.6449019203884,119.0218576045165,23603800
2019-05-24,119.05958557128906,120.17246856943227,118.8049460832259,119.69148207026386,14123400
2019-05-28,118.98411560058594,120.71945430237123,118.88037174390962,119.7574743168929,23128400
2019-05-29,117.83352661132812,118.257928134776,116.98471636899103,118.24849491112741,22763100
2019-05-30,118.5785903930664,118.60688286795354,117.68262124747336,118.13532243199128,16829600
2019-05-31,116.64519500732422,117.53173096960303,116.30567090242772,117.16391438853874,26646800
2019-06-03,113.02359771728516,117.29594115552322,112.24081289065998,116.80551429055417,37983600
2019-06-04,116.15479278564453,116.2679627073542,113.78755691883471,114.38172059413834,29382600
2019-06-05,118.67290496826172,118.71063066784006,117.14504651482567,117.84295396842124,24926100
2019-06-06,120.5497055053711,120.69117507048792,118.45597608887695,119.24820133626655,21459000
2019-06-07,123.92609405517578,124.72775266419167,120.96469468097705,121.84180469714961,33885600
2019-06-10,125.05780792236328,126.45362249929482,124.49192975802048,124.86917227366267,26477100
2019-06-11,124.58628845214844,126.60456679376516,123.8129223332405,126.26504266195654,23913700
2019-06-12,124.0109634399414,124.46365741007185,123.27533034189874,123.92607162795045,17092500
2019-06-13,124.79374694824219,125.4350621629563,124.07696595429012,124.47307495000427,17200800
2019-06-14,124.91629028320312,126.18006812676008,124.15236508509594,124.73709511014098,17821700
2019-06-17,125.29358673095703,126.12352313452793,124.991781209019,125.08609903234448,14517800
2019-06-18,127.47222900390625,127.54768040559775,125.97267017135654,126.55740054586144,25934500
2019-06-19,127.9720687866211,128.19840857753397,126.19899700643333,127.32131310598274,23744400
2019-06-20,129.16041564941406,129.83003787884442,128.00038087061822,129.63197614056992,33042600
2019-06-21,129.1792755126953,129.89604224199178,128.69828901695627,128.81145892398112,36727900
2019-06-24,129.94320678710938,130.52793718653945,129.2075735778638,129.2075735778638,20628800
2019-06-25,125.84059143066406,129.76397710052322,125.18040980133205,129.44331950783055,33327400
2019-06-26,126.31216430664062,128.01922507636564,126.0009471005298,126.70828771436312,23657700
2019-06-27,126.5196533203125,127.04781307233513,125.91605656602556,126.5102272927499,16557500
2019-06-28,126.34043884277344,126.94403543649413,125.58593950290309,126.91574297045081,30043000
2019-07-01,127.96263122558594,128.92461853109336,127.29302347467325,128.85860755423033,22613500
2019-07-02,128.81146240234375,128.82088843122256,127.6419872316011,128.37762042889418,15237800
2019-07-03,129.64138793945312,129.90546060493,128.5379239697836,129.01892477473723,13629300
2019-07-05,129.26414489746094,129.51879156330088,128.00036637806392,128.20785412195087,18141100
2019-07-08,129.16983032226562,129.30186665783538,127.67025732222461,128.6416705891053,16779700
2019-07-09,128.6982879638672,129.1792744556705,128.07582469855703,128.26444600568286,19953100
2019-07-10,130.0092315673828,130.69770584654648,129.22643943479554,129.3301833172079,24204400
2019-07-11,130.52789306640625,131.30125891213996,130.02804026987266,130.33927181333533,22327900
2019-07-12,130.9994659423828,131.21639407552817,130.1600890535697,130.9523214177587,18936800
2019-07-15,130.9994659423828,131.60306264455315,130.58450490223115,131.50875920442434,16651500
2019-07-16,129.2830047607422,131.1409539421897,128.75485939988272,131.05607652152622,22726100
2019-07-17,128.51910400390625,130.08467394272452,128.47194507525072,129.8677601399705,20211000
2019-07-18,128.66053771972656,128.84915900141928,127.01007632087297,127.84002722937852,30381800
2019-07-19,128.84918212890625,132.66882493002737,128.68885329114553,132.24442337232145,48992400
2019-07-22,130.55621337890625,131.27299444067646,129.5187890703222,129.59424046581816,25074900
2019-07-23,131.36732482910156,132.02752107734537,130.178997485856,131.81059287423204,18034600
2019-07-24,132.71595764160156,132.734824086695,130.95232638371508,130.999470910127,20738300
2019-07-25,132.21609497070312,132.61220394299596,131.39558455601656,132.44243473151045,18356900
2019-07-26,133.30072021484375,133.6213779047087,132.31988069558489,132.385891683082,19037600
2019-07-29,133.0083465576172,133.46104058461356,131.4427623252704,133.45161455582243,16605900
2019-07-30,132.3669891357422,133.1874994971024,131.84826989947115,132.1689274670281,16846500
2019-07-31,128.51910400390625,132.4990758155734,127.39678769997333,132.3481730002295,38598800
2019-08-01,130.20726013183594,132.92345274076433,129.14152898357796,129.20755434962808,40557500
2019-08-02,129.1132354736328,130.4524797120907,127.56651789282414,130.23555156042286,30791600
2019-08-05,124.69001770019531,126.31217237188596,123.34134736044643,125.71801600412759,42749600
2019-08-06,127.0289535522461,127.96263401271166,125.63313868014475,126.18957654519347,32696700
2019-08-07,127.58544158935547,127.93439184688235,124.33167615399702,126.18018574568823,33414500
2019-08-08,130.99008178710938,131.08439964826775,128.1984371529115,128.8303409190795,27496500
2019-08-09,129.877197265625,131.45220758475168,128.69829603356456,130.72600039635486,23466700
2019-08-12,128.06639099121094,130.01865831903575,127.54768596714993,129.27359908003035,20484300
2019-08-13,130.71653747558594,130.90515874130492,127.32129712912392,128.31157676274867,25154600
2019-08-14,126.78011322021484,129.56212437318712,126.48677446196896,129.03222023715523,32527300
2019-08-15,126.4962158203125,127.34785973550814,125.14306896178591,127.16806776100674,28074400
2019-08-16,128.81454467773438,129.12681261342365,127.48031289037117,127.63171815109331,24449100
2019-08-19,130.97206115722656,131.10453719319122,129.53373959617815,130.44215701336793,24355700
2019-08-20,129.88385009765625,131.25594084277455,129.86493526333263,130.78281008619717,21170800
2019-08-21,131.3316192626953,131.99401382354478,130.58407907613025,131.10452575731034,14970300
2019-08-22,130.37591552734375,131.71960519902063,128.96598061637593,131.20863031382734,18697000
2019-08-23,126.22180938720703,130.91527235190958,125.66351861847524,129.81760564678032,38508600
2019-08-26,128.1710968017578,128.2751861276735,126.70438882341962,127.73582466705759,20312600
2019-08-27,128.44554138183594,129.3728736102259,127.42357722779603,129.06060558214665,23102100
2019-08-28,128.2752227783203,128.46447221438393,126.3732421218502,127.63177180794268,17393300
2019-08-29,130.6976318359375,131.00044244210687,129.55266352352007,129.87438896347172,20168700
2019-08-30,130.4516143798828,131.70067208437703,128.9470620208401,131.6722853937389,23940100
2019-09-03,128.72938537597656,129.82705198746444,128.40765998809974,129.26876126636014,18869300
2019-09-04,130.23394775390625,130.29072112187868,129.1457385921619,129.92167979125622,17995900
2019-09-05,132.52392578125,132.83619380847887,131.3032403621913,131.63443766225953,26101800
2019-09-06,131.62496948242188,132.64691911131047,130.77332553994347,132.50498567363243,20824500
2019-09-09,130.12991333007812,132.24007288312882,129.12687823595022,132.0886675454622,25773900
2019-09-10,128.7672576904297,129.53372714187452,127.28162030820413,129.4485670781148,28903400
2019-09-11,128.8050994873047,128.947047363165,127.83045138270464,128.60639267542496,24726100
2019-09-12,130.12991333007812,130.98154308653943,129.51483456036036,130.44218142446266,27010000
2019-09-13,129.94064331054688,130.64086761851087,129.23094714622312,130.3759155389344,23363100
2019-09-16,129.00384521484375,129.35395738521586,128.36985167769146,128.53071441647882,16731400
2019-09-17,130.00689697265625,130.12991561652285,129.09847936950285,129.60001136418668,17814200
2019-09-18,131.07614135742188,131.2180748007653,129.19307585584306,129.9784745995527,23982100
2019-09-19,133.4890899658203,134.7192181180876,132.54282865558287,132.760464714073,35772100
2019-09-20,131.94671630859375,134.03794630330162,130.82066272430222,133.4323394729439,39167300
2019-09-23,131.6627655029297,132.12643862801673,131.00038563766117,131.74792553443604,17139300
2019-09-24,129.99742126464844,133.1295448031249,129.52429047179567,132.81727674718536,29773200
2019-09-25,131.87098693847656,132.43874954390984,128.7199347998079,130.11094018819685,21382000
2019-09-26,132.0413360595703,132.64694290027873,131.0004569727184,131.9467185637507,17456600
2019-09-27,130.32861328125,132.8172860463166,129.306648964479,132.6185647463305,22477700
2019-09-30,131.55874633789062,131.73853834833454,130.3759193626605,130.63141403217585,17280900
2019-10-01,129.70408630371094,132.7131913042607,129.63784106013344,132.15490041756343,21466600
2019-10-02,127.41411590576172,129.04168697762674,126.40162352386297,128.92814020850318,30521700
2019-10-03,128.9564971923828,129.40124118739985,126.0609397363503,127.69796784890939,24132900
2019-10-04,130.6976318359375,130.82065044954436,129.08899019737487,129.40125822043538,22897700
2019-10-07,129.75135803222656,130.75439280203412,129.65674055588423,129.77028730301623,15303700
2019-10-08,128.37928771972656,130.3569706622819,128.33197176000724,129.7135198142711,25550500
2019-10-09,130.8111572265625,131.24642930528125,129.60940142533383,130.07307462456075,19749900
2019-10-10,131.62496948242188,132.16433098440177,130.82064149877064,131.0477494378589,17654600
2019-10-11,132.17379760742188,133.45125639072117,132.00347747034434,132.59015497201733,25446000
2019-10-14,132.0508270263672,132.75105146422987,132.02244032963264,132.18330309073104,13304300
2019-10-15,133.9622039794922,134.17036815818764,132.296775039529,132.53334033770105,19695700
2019-10-16,132.86460876464844,133.41344228331502,132.03189384821536,133.22417839226554,20751600
2019-10-17,132.1832733154297,133.82030169320313,131.54927983315682,133.3755576261333,21460600
2019-10-18,130.02578735351562,132.47660100682907,129.22145935759556,132.24949306427663,32273500
2019-10-21,130.99095153808594,131.05719676310395,129.64726215591472,131.00988080791998,20078200
2019-10-22,129.04165649414062,132.48604725234412,128.93756716743107,131.5019417952013,27431000
2019-10-23,129.86492919921875,130.06363602197183,128.32251838438262,129.5242744928379,29844600
2019-10-24,132.41981506347656,132.87401646667143,131.21805911124613,131.89936843543958,37029300
2019-10-25,133.16737365722656,133.55534432823163,131.71959475206557,131.85207078133507,25959700
2019-10-28,136.4414520263672,137.84191504487853,135.79798667917763,136.6401588615074,35280100
2019-10-29,135.15452575683594,136.7347806587827,134.98419118624554,136.33735257914375,20589500
2019-10-30,136.83885192871094,137.20789327099118,135.11664937220178,135.80743054115874,18496600
2019-10-31,135.66549682617188,137.1416623492386,135.30592730055537,137.11327566139528,24605100
2019-11-01,135.99671936035156,136.65909959772023,135.2870231548552,136.50769427523417,33128400
2019-11-04,136.7821044921875,137.2079192849661,136.41306307993875,137.04705656052994,16912000
2019-11-05,136.6968994140625,137.226803376277,136.17645286588754,137.17948742847926,18250200
2019-11-06,136.31845092773438,136.75373763961446,135.5046653315466,136.61178972889388,16575800
2019-11-07,136.50765991210938,137.09435177935313,136.04400108207145,136.11023186973287,17786700
2019-11-08,138.11631774902344,138.14470443539548,136.03453115638695,136.2427098156506,16732700
2019-11-11,138.25827026367188,138.5516090225391,136.95242475510946,137.52964485568222,14362600
2019-11-12,139.16668701171875,139.63981776605712,138.21095364712016,138.41913233413342,18641600
2019-11-13,139.39376831054688,139.53571618768487,138.41912019717392,138.85440680607223,16919200
2019-11-14,140.10348510742188,140.43468243093935,139.10045015798815,139.11937943216773,19729800
2019-11-15,141.9108428955078,141.92977216898475,140.30220118129054,140.92672281797846,23485700
2019-11-18,142.260986328125,142.45970764632384,140.97406978596527,142.00550605462283,21534000
2019-11-19,142.30821228027344,143.19770006216396,142.12842035344886,142.77188543688422,23935700
2019-11-20,142.0614013671875,143.21976982554105,140.96001396227345,142.71654584634737,25696800
2019-11-21,141.928466796875,142.2323077802058,140.99797913931158,141.8525065510423,18576100
2019-11-22,142.03289794921875,142.70703601728965,141.3018078116547,142.48865938450652,15901800
2019-11-25,143.59002685546875,143.7039744425629,142.3462088965106,142.42216912526263,22420900
2019-11-26,144.34959411621094,144.71989112373146,143.6754707248447,143.71344358985158,24620100
2019-11-27,144.62501525878906,144.79591495830078,143.86542723355166,144.63450485722754,15184400
2019-11-29,143.7324981689453,144.6060193135359,143.63754423429873,144.41612593217906,11977300
2019-12-02,141.99493408203125,144.15975032921867,140.82707611687533,144.14075664622644,27418400
2019-12-03,141.76705932617188,141.88099245305773,139.24143543533958,140.03901078734793,24066000
2019-12-04,142.27978515625,142.59310125030453,141.66261359005057,142.55512837124613,17574700
2019-12-05,142.35569763183594,142.72600917773866,141.92843402462867,142.46964521824145,17869100
2019-12-06,144.08380126953125,144.19773440045816,142.67857286566638,143.36220062710038,16403500
2019-12-09,143.7135009765625,144.52056593755012,143.28623725695448,143.4381577535063,16687400
2019-12-10,143.49510192871094,144.21670244283945,143.14378402425768,143.64700791362546,16476100
2019-12-11,144.03634643554688,144.19775655847502,142.7355613644598,143.8844259123421,18856600
2019-12-12,145.49853515625,145.68842853892974,143.39068528625114,143.9888487172955,24612100
2019-12-13,146.72335815429688,147.06517203448604,145.10924268760104,145.270652785477,23845400
2019-12-16,147.67283630371094,148.02413977443967,146.99871264431604,147.27405586689932,24144200
2019-12-17,146.87525939941406,147.84373434764453,146.64737867984974,147.5968599461329,25425600
2019-12-18,146.57142639160156,147.62535123386945,146.39102262315123,146.5049702330823,24129200
2019-12-19,147.84373474121094,147.90070129927008,145.98274507965075,146.22011539685346,24958900
2019-12-20,149.4578399658203,150.48328140583862,148.3944111643568,149.40087341158596,53477500
2019-12-23,149.4578399658203,150.1319635081712,149.32491317662905,150.1319635081712,17718200
2019-12-24,149.4293670654297,149.74269762341038,149.1824926626928,149.52430649976858,8989200
2019-12-26,150.65420532226562,150.71117188567098,149.448359941088,149.60028043545944,14520600
2019-12-27,150.92955017089844,151.48974064724007,150.22692881024204,151.39478672436357,18412800
2019-12-30,149.62875366210938,150.98651944641657,148.8121991696551,150.95803616662798,16348400
2019-12-31,149.73324584960938,149.79971651600997,148.54639384622322,148.85023491330105,18369400
2020-01-02,152.5056915283203,152.61013505752078,150.33138558688324,150.7586493016358,22622100
2020-01-03,150.60670471191406,151.8695164582388,150.07499755302646,150.32187193960533,21116200
2020-01-06,150.99598693847656,151.0624575735421,148.6032903709724,149.1445015835941,20813700
2020-01-07,149.6192626953125,151.60367510473966,149.37240277675932,151.27136534760285,21634100
2020-01-08,152.00241088867188,152.67654877813231,149.9705221138087,150.9010094437736,27746500
2020-01-09,153.90139770507812,154.02483489198275,152.89494999382345,153.66402741514324,21385000
2020-01-10,153.1893310546875,154.97436078640044,153.03741054817215,154.59457400804902,20725900
2020-01-13,155.0312957763672,155.059779054545,153.11333961410193,153.58808023431078,21626500
2020-01-14,153.93942260742188,155.33516141166606,153.55013175988464,155.13576394480137,23477400
2020-01-15,154.93638610839844,155.65800132949352,154.35721629474406,154.4046787799735,21417900
2020-01-16,157.7752685546875,157.84173918417008,155.74337963292575,156.04722053124934,23865400
2020-01-17,158.6583251953125,159.00962862726476,157.07267873319398,158.96215166642233,34371700
2020-01-21,158.0886688232422,159.6932948669055,158.02219816442164,158.25956853803012,29517200
2020-01-22,157.3290252685547,159.02860465770164,157.31003158873907,158.94314034249766,24138800
2020-01-23,158.29751586914062,158.37347610803346,156.9207709480515,157.79429196341795,19680800
2020-01-24,156.70242309570312,159.0666372872533,156.1422324781189,159.04764360030214,24918100
2020-01-27,154.0818328857422,155.1262681697583,152.10690993192532,153.00891432015612,32078100
2020-01-28,157.10118103027344,157.38601382767297,154.83192132073702,155.50604492516229,24899900
2020-01-29,159.55084228515625,160.22498042935823,157.3195697689756,159.36094890964196,34754500
2020-01-30,164.05142211914062,165.25726775212235,162.16194860666837,165.25726775212235,51597500
2020-01-31,161.6302032470703,163.69057600096366,161.0130461758437,163.51018671757376,36142700
2020-02-03,165.57052612304688,165.6844592239106,161.79158074783197,161.8200640230479,30107000
2020-02-04,171.02056884765625,171.51430318526613,167.40304737617856,168.1911186016925,36433300
2020-02-05,170.8117218017578,174.89449528670966,169.39700359144013,174.73308516483158,39186300
2020-02-06,174.3532257080078,174.53362944198756,170.96357109695458,171.82760240815628,27751400
2020-02-07,174.60011291503906,176.2522155665568,173.26134082611614,173.61265875335346,33529100
2020-02-10,179.1671142578125,179.30004105721275,173.99244419039184,174.30577475067838,35844300
2020-02-11,175.122314453125,181.06606153613225,174.2297998090583,181.0185845786521,53159900
2020-02-12,175.37872314453125,176.46113140653625,172.66320564680828,176.20476736113224,47062900
2020-02-13,174.42926025390625,176.821943305665,173.63168474871478,173.83108224699728,35295800
2020-02-14,175.98634338378906,176.0433099368032,173.42273259468743,173.99242710069515,23149500
2020-02-18,177.77137756347656,178.2176349280417,176.12877899123126,176.23322251246853,27792200
2020-02-19,178.30450439453125,179.16136560083584,177.53332640335643,179.04712131399614,29997500
2020-02-20,175.58163452148438,178.2760079740867,172.42075371010682,177.99038262590284,36862400
2020-02-21,170.031005859375,174.705695811561,168.7552293329656,174.39150943819044,48572600
2020-02-24,162.70005798339844,166.18465515217062,155.40716170842933,159.72958932936746,68311100
2020-02-25,160.01519775390625,166.46073285003268,159.61531360581694,165.8514056385486,68073300
2020-02-26,162.01455688476562,164.95646434698395,160.14849852836164,161.5766106394394,56206100
2020-02-27,150.59913635253906,159.0250014278775,150.40872435941077,155.4928131937102,93174900
2020-02-28,154.24566650390625,155.86420563623892,144.71540092302445,145.105755162117,97012700
2020-03-02,164.50900268554688,164.6327770616493,154.53126258325238,157.38748705939656,71030800
2020-03-03,156.6257781982422,166.6130454071192,154.48361047157923,165.47055885839987,71677000
2020-03-04,162.3763427734375,162.51914816724377,157.6826069544084,160.41507121846044,49814400
2020-03-05,158.301513671875,162.6810499375007,157.74930843082646,158.0920560105286,47817300
2020-03-06,153.82672119140625,155.29290988438083,148.5236579689275,154.8168725190958,72821100
2020-03-09,143.40150451660156,150.1898026214483,142.8112227779223,143.7632975964418,70419300
2020-03-10,153.20787048339844,153.31259928936166,145.26757037585006,150.5801493440142,65354400
2020-03-11,146.26724243164062,150.142178949303,143.90608668965464,149.59950391858936,56371600
2020-03-12,132.39549255371094,146.11489113015546,131.93850080995347,138.33644333258042,93226400
2020-03-13,151.2180633544922,154.15045589148778,133.98550125586877,140.43105262010113,92727400
2020-03-16,128.9299774169922,142.1923879376455,128.5301077140718,133.29048207385222,87905900
2020-03-17,139.5456085205078,140.43103109931985,128.53009626039446,133.29047019596462,81059800
2020-03-18,133.67124938964844,139.00287221719995,128.5490986345937,131.38627647927117,81593200
2020-03-19,135.87059020996094,142.95401395111134,132.3383865929663,135.92771236898116,85922700
2020-03-20,130.76747131347656,140.05020002588367,129.34887472137007,139.00291200117317,84866200
2020-03-23,129.46311950683594,133.83315361883407,126.16894903091577,130.4437553300874,78975200
2020-03-24,141.23074340820312,142.43036670801416,134.4995835056753,136.8607244581916,82516700
2020-03-25,139.87884521484375,146.9337238441079,137.51770348581238,141.77347953164312,75638200
2020-03-26,148.62838745117188,149.1520314608854,141.25932377290354,141.28788485275086,64568100
2020-03-27,142.52557373046875,147.4668435414475,142.0495364003553,144.47732968943524,57042300
2020-03-30,152.5509033203125,152.90318078769192,142.82070011414092,145.1342488589376,63420300
2020-03-31,150.15170288085938,156.88286325614513,149.0568082917914,151.76069687308703,77927200
2020-04-01,144.82009887695312,150.18980018520003,143.5919287730892,145.6674448705902,57969900
2020-04-02,147.81915283203125,148.02861048510954,143.15399134622072,144.58210378402123,49630700
2020-04-03,146.45770263671875,149.8375718763018,144.89630017897633,147.66684198450167,41243300
2020-04-06,157.34939575195312,158.5204436100187,150.02793870466274,152.63662871229192,67111700
2020-04-07,155.6547088623047,161.8527103645991,155.43572120612328,161.46235622358842,62769000
2020-04-08,157.216064453125,158.6822527688212,155.6641783928235,157.7301782832382,48318200
2020-04-09,157.22561645507812,159.34873898293552,155.502363560662,158.38714875924393,51385100
2020-04-13,157.5779266357422,157.63506333834997,154.52177404799758,156.47353068635334,41905300
2020-04-14,165.3754119873047,165.42301863917777,159.94858780651435,160.90066273393407,52874300
2020-04-15,163.64260864257812,165.2516172547934,161.12913194567304,162.99519027424256,40940800
2020-04-16,168.55532836914062,168.78383156754103,164.61373899366873,165.94665252640667,50479600
2020-04-17,170.0405731201172,171.37347209205166,167.44139833358108,170.89743466957376,52765600
2020-04-20,166.67018127441406,170.1833389597177,166.60354360506855,168.16494540659173,36669600
2020-04-21,159.77716064453125,165.34678813930984,158.149106744516,165.18493720638514,56203700
2020-04-22,165.2040252685547,165.66101711012155,162.6334261844166,163.17610127236938,34620200
2020-04-23,163.20462036132812,166.67017120048723,162.7190675625672,165.76570326828318,32790800
2020-04-24,166.1846466064453,166.19416212381853,162.5286831390991,163.81397530484196,34277600
2020-04-27,165.7086181640625,168.42202256727543,164.9945620799262,168.12688171023376,33194400
2020-04-28,161.67178344726562,167.25094111347252,161.27191386364734,167.1747734031397,34392700
2020-04-29,168.92660522460938,169.16462389704049,163.64260231864407,164.91837891627318,51286600
2020-04-30,170.62130737304688,171.75426402305968,167.78411440711412,171.3734399674679,53875900
2020-05-01,166.20370483398438,170.07864171625766,165.6705307427977,167.37475277045658,39370500
2020-05-04,170.26904296875,170.42137841371047,165.4705926725567,166.1275265673795,30372900
2020-05-05,172.09703063964844,174.84852615095244,171.27824575423404,171.96374075260462,36839200
2020-05-06,173.791748046875,175.3721958874202,172.92537091785033,173.35380172275444,32139300
2020-05-07,174.8009490966797,175.70541730295008,173.82982867738997,175.34362420943816,28316000
2020-05-08,175.8291473388672,176.1338182138458,174.57241629834766,176.11477265228294,30877800
2020-05-11,177.7904510498047,178.52353817638254,174.0868807074852,174.37249152173197,30892700
2020-05-12,173.76312255859375,178.07601914929393,173.56319503657724,177.84753055270363,32038200
2020-05-13,171.1354217529297,175.2293457351353,168.0792556733336,173.8012337316338,44711500
2020-05-14,171.87803649902344,172.03037193059697,167.26046860605703,169.03132804745684,41873900
2020-05-15,174.3820343017578,178.09512043320387,168.51724969579894,170.47852157689655,46610400
2020-05-18,176.0481414794922,177.27631148677688,175.14367339319634,176.8478807645849,35264500
2020-05-19,174.8294677734375,177.65713056761624,174.6961779072391,176.16236643542155,26799100
2020-05-20,177.25448608398438,177.4358864095357,175.61235570357988,176.44296291219172,31261300
2020-05-21,175.12545776367188,178.21877656541264,174.99179664947147,177.00626995004328,29119500
2020-05-22,175.20179748535156,176.10879901816836,174.2757119177132,174.89629268058604,20826900
2020-05-26,173.34970092773438,178.05649567052782,172.90097829867662,177.90373593128038,36073600
2020-05-27,173.5787811279297,173.75063943217944,168.60466541040466,172.04167124776492,39517100
2020-05-28,173.18731689453125,175.812813793565,172.2135067154607,172.55720871041643,33810200
2020-05-29,174.95358276367188,175.92740760351523,172.2421637494854,174.45712104187402,42130400
2020-06-01,174.55258178710938,174.714883482626,173.24461163808652,174.2757030486668,22622400
2020-06-02,176.53843688964844,176.6243587570561,173.13961372227922,175.90831405939235,30794600
2020-06-03,176.96804809570312,177.52179103698336,175.26863663396563,176.4525023602853,27311000
2020-06-04,174.63851928710938,177.42631811528722,174.04659368949996,175.95604613904365,28761800
2020-06-05,178.7247772216797,179.2307810427363,173.76974492872102,174.35212860910278,39893600
2020-06-08,179.83224487304688,180.0136451993302,176.0897195580362,177.52180899547244,33211600
2020-06-09,181.2070770263672,182.06632497526755,178.78206376690073,179.48856656059746,29783900
2020-06-10,187.92831420898438,189.53226190698962,182.3622583446839,182.47683540252,43872300
2020-06-11,177.8368377685547,186.89717928906663,177.6458954588808,184.38625950932416,52854700
2020-06-12,179.24034118652344,183.04014821353974,176.7962293435296,181.91356347610142,43373600
2020-06-15,180.385986328125,182.1808764027824,175.67917817531608,176.2233791495134,32770200
2020-06-16,184.80641174316406,186.72540672367077,182.79193828746062,184.15719016136018,42556700
2020-06-17,185.44607543945312,187.43190825230045,184.92097296548414,186.20030294353958,25687800
2020-06-18,187.4319305419922,187.59423231361652,185.2169578676496,185.2169578676496,23061600
2020-06-19,186.31484985351562,190.2674165396573,185.57016443206638,189.59911097783984,44441100
2020-06-22,191.48948669433594,191.6708724785976,186.39123649615428,186.92588096506464,32818900
2020-06-23,192.76876831054688,194.71640332613381,192.31048925090775,192.9406120319374,30917400
2020-06-24,188.883056640625,194.04812966453954,187.6610080841898,192.47283702212528,36740600
2020-06-25,191.26983642578125,191.5276165693965,186.62032466334824,188.84483837625638,27803900
2020-06-26,187.44142150878906,190.8402449016847,186.05707124837497,190.68748519306817,54675800
2020-06-29,189.4559326171875,189.54185450751925,184.787320525546,186.91635658226548,26701600
2020-06-30,194.29635620117188,195.14606207851222,188.78759559511929,188.92125670274692,34310300
2020-07-01,195.43252563476562,197.00783321338326,192.6351837820245,193.94315451896082,32061200
2020-07-02,196.9218292236328,198.6021567312865,195.7188794044441,196.36808625569842,29315800
2020-07-06,201.16085815429688,201.57139809916725,198.6690215611975,199.37552437182802,31897600
2020-07-07,198.82176208496094,204.951103494478,198.5735384788071,200.92215713817126,33600700
2020-07-08,203.19439697265625,203.60492228255777,199.24183073570933,200.55935767068064,33600000
2020-07-09,204.61692810058594,206.58366176020414,201.895952577815,206.53592253616213,33121700
2020-07-10,203.99635314941406,204.3877944025847,201.5236156938623,203.94861392400875,26177600
2020-07-13,197.6951904296875,206.02994730784758,197.15098942267588,204.76970154506353,38135600
2020-07-14,198.917236328125,199.39459949227412,192.88335894065565,196.7977427138655,37591800
2020-07-15,198.6212921142578,201.7623504172187,195.74757063041648,200.07248045476192,32179400
2020-07-16,194.68775939941406,196.38717082147522,193.15064967856486,196.1007500560566,29940700
2020-07-17,193.69483947753906,195.75703682072296,192.2722923172816,195.21285050881585,31635300
2020-07-20,202.02008056640625,202.68838602860433,193.8189709975405,195.71888148175816,36884800
2020-07-21,199.29910278320312,204.2541343042326,198.61169872433393,203.98681212222417,37990400
2020-07-22,202.16329956054688,202.68840195351845,198.9554185219914,199.7287445152915,49605700
2020-07-23,193.37026977539062,201.3708813021191,192.9979270791903,197.80975607251406,67457000
2020-07-24,192.1864013671875,193.6757720198578,188.56798064012895,191.34623758651531,39827000
2020-07-27,194.62095642089844,194.73551891181646,191.7663196224682,192.34870323124602,30160900
2020-07-28,192.87379455566406,195.43245382616968,192.6064723801774,194.39180574531326,23251400
2020-07-29,194.82147216796875,195.384757263023,192.86428008098164,193.33210127421285,19632600
2020-07-30,194.66868591308594,195.20334487589957,190.53473387151706,191.89998548207373,25079600
2020-07-31,195.72845458984375,195.8143910377504,190.00009617315249,195.14607090142806,51044000
2020-08-03,206.73641967773438,207.78662439979686,200.9125981832941,201.94370430096453,78983000
2020-08-04,203.63357543945312,205.04658091707702,200.788495014236,204.4737392836654,49280100
2020-08-05,203.29942321777344,205.2661570897117,201.9914528320211,205.17067863132021,28806400
2020-08-06,206.55503845214844,206.57412248899215,201.9723493513592,202.726576709763,32656800
2020-08-07,202.8602294921875,205.93444918218864,201.38040089130416,205.12294061058364,27820400
2020-08-10,198.82176208496094,202.28742339193712,197.00778784990837,202.0869244488363,36716500
2020-08-11,194.17227172851562,198.24894321605052,193.94313213408086,197.7811365750378,36446500
2020-08-12,199.71920776367188,200.7598559902992,195.48022043293267,195.99576625273997,28013100
2020-08-13,199.2513885498047,201.78142214625402,198.72628613786478,199.9578913011391,22588900
2020-08-14,199.44232177734375,200.10108526689314,198.11525277954402,199.3086606756937,17958900
2020-08-17,200.75987243652344,201.62867698371005,199.46144390964133,200.110665457067,20184800
2020-08-18,201.91510009765625,202.74570743894296,199.73832497927296,200.99855630508833,21336200
2020-08-19,200.6900634765625,202.98695425732413,200.25940101866428,202.4031628267386,27627600
2020-08-20,205.3604278564453,205.76238052182669,199.9340449690193,200.5369666654989,26981500
2020-08-21,203.867431640625,206.95864805211912,203.70473757719722,204.67133687280338,36249300
2020-08-24,204.5086669921875,206.26004155714813,203.30279439814433,205.56139598647127,25460100
2020-08-25,207.16920471191406,207.30318892242852,203.94400397105503,203.94400397105503,23043700
2020-08-26,211.64810180664062,212.5477162669981,208.0209487114188,208.5186105709494,39600800
2020-08-27,216.8448028564453,221.21844139680744,209.97328995814232,213.31334445111278,57602200
2020-08-28,219.07470703125,220.73037214466882,216.8448155439647,218.37606153563638,26292900
2020-08-31,215.8399200439453,218.8737166786634,214.67233716204333,217.24676147372583,28774200
2020-09-01,217.50518798828125,217.67744715159515,214.78719949612562,215.8207982855621,25725500
2020-09-02,221.6969451904297,222.85496288605776,217.58171021018055,218.17506668389095,34080800
2020-09-03,207.96353149414062,219.4575068084066,205.72407500414147,219.41923186637518,58400300
2020-09-04,205.04458618164062,208.97799749718706,196.37385829268598,205.8580711279521,59664100
2020-09-08,193.95260620117188,201.00594546317882,193.512363926365,197.62761500448067,52924300
2020-09-09,202.2117462158203,205.60922048804156,197.81896281811265,198.6803023452128,45679000
2020-09-10,196.54608154296875,205.51350067527326,195.34022387645345,204.23106392788355,35461500
2020-09-11,195.263671875,199.66603470298534,192.5935530845461,198.2974683069397,33620100
2020-09-14,196.58441162109375,200.211565055295,195.26369966410363,195.4646832848915,30375800
2020-09-15,199.8096466064453,200.7666810339513,198.03912707428464,199.46511362841568,21823900
2020-09-16,196.2398681640625,201.5992509913415,195.84748063223293,201.5705411332255,26328100
2020-09-17,194.19180297851562,195.55078971981436,191.36855515523817,191.45468472401757,34011300
2020-09-18,191.7800750732422,194.9000011831459,187.8179542280491,194.08653090763448,55225300
2020-09-21,193.83770751953125,194.00041619027272,187.94238773071473,188.71758312450748,39839700
2020-09-22,198.508056640625,199.15884757102415,193.3974968833189,196.2494550642717,33517100
2020-09-23,191.97146606445312,199.1588014809056,191.43552930649702,198.96738297890863,30803800
2020-09-24,194.4597625732422,196.73750842133498,190.64119122847163,191.2632721600438,31202500
2020-09-25,198.8908233642578,200.0583914708231,193.83767014320424,194.8042838801468,29437300
2020-09-28,200.4412384033203,203.43676002099645,199.12052657898317,201.8193699412056,32004900
2020-09-29,198.3549041748047,201.04418255893373,197.92424170296624,200.355116762719,24221900
2020-09-30,201.29299926757812,202.8720998110342,197.66583157578174,198.80470457764105,33829100
2020-10-01,203.3314666748047,204.79572764616043,202.2404484098106,204.31721060707213,27158400
2020-10-02,197.3308868408203,201.92465398678647,196.7088058400637,199.06311643094566,33154800
2020-10-05,201.3408660888672,201.36957594752798,198.08694094320444,198.3166344156742,21331600
2020-10-06,197.06289672851562,201.14942185632785,196.01973305531848,199.84786948820184,28554300
2020-10-07,200.81448364257812,201.08245204459112,197.83810676012118,198.16349487639658,25681100
2020-10-08,201.5322723388672,202.11606381034258,199.3693802101008,201.46527293243025,19925800
2020-10-09,206.5375518798828,206.5854065113337,202.1543334169171,202.1543334169171,26458000
2020-10-12,211.8873748779297,214.24168553354386,207.494591221442,209.38951492760037,40461400
2020-10-13,213.28460693359375,215.5336427709229,210.9590066206129,213.15062275199844,28950800
2020-10-14,211.37057495117188,214.58621046182856,209.71490986658227,213.41862756429836,23421700
2020-10-15,210.22215270996094,210.89207378296717,206.7289688383401,207.77214729829,22733100
2020-10-16,210.22215270996094,212.7391429273404,209.8967645606699,210.69109015947322,26057900
2020-10-19,205.015869140625,212.74870729118058,204.5373520367776,210.94947830769584,27625800
2020-10-20,205.4273681640625,208.03050214058405,203.93439727230083,206.52796616476093,22753500
2020-10-21,205.57093811035156,207.59984583306044,203.96311314649793,203.96311314649793,22724900
2020-10-22,205.6571044921875,206.7768328944858,202.60416267411318,204.73834511935604,22351500
2020-10-23,206.93954467773438,206.98739931847672,204.00145665693643,205.7911063158486,18879600
2020-10-26,201.05377197265625,207.0448015668945,199.1588481053592,204.6617954528772,37111600
2020-10-27,204.08755493164062,205.44654182171075,201.29301665869846,202.49887456316478,36700300
2020-10-28,193.97169494628906,199.8670294360928,193.41662793161626,198.74730111501765,51195600
2020-10-29,195.92405700683594,198.45062689659414,194.6320549005072,195.30199057234228,31432600
2020-10-30,193.77069091796875,195.5124853460683,191.0431379547193,194.75643484993753,36953700
2020-11-02,193.6367645263672,196.4600129781576,191.5217121575538,195.51254370111144,30842200
2020-11-03,197.56056213378906,199.1779522620544,194.39278128052757,195.12970170057392,27512000
2020-11-04,207.09266662597656,208.93975055271454,203.2932390109168,204.82449984334667,42311800
2020-11-05,213.69615173339844,214.49049184070802,211.6480992096399,212.49985903019407,36080100
2020-11-06,214.10769653320312,214.72019784892188,208.66216949337468,212.7104201487786,25231900
2020-11-09,209.00669860839844,218.31863729684716,208.51861642294992,214.7967584460861,44395000
2020-11-10,201.9437713623047,207.19789411928815,200.70920373036594,205.28382581333628,44045100
2020-11-11,207.2457275390625,208.67169893503305,203.08262355837596,203.26446236534204,29440800
2020-11-12,206.1834716796875,209.6957858040667,205.245582155711,207.8774264775349,21593900
2020-11-13,207.20748901367188,208.0783937229368,204.95846719253126,207.0639397113466,18621100
2020-11-16,207.89654541015625,208.38464222221836,205.30299077827922,205.63794400285644,24953300
2020-11-17,205.24557495117188,208.32721185035146,204.88189725735756,206.81511056205647,24154100
2020-11-18,202.5396728515625,206.46418731553092,202.3957330895279,205.00568264712743,28372800
2020-11-19,203.82546997070312,204.41078991307708,201.4362102764716,202.8275548867203,24792700
2020-11-20,201.87757873535156,204.66023830979884,201.50335879752706,203.61434343759902,22843100
2020-11-23,201.60888671875,203.70067623444444,199.73778723420364,202.41489655187553,25683500
2020-11-24,205.20718383789062,205.581403777196,200.40948479991638,201.10994475986428,33979700
2020-11-25,205.21676635742188,206.5793110767255,203.86382640634406,206.40660094564046,21012900
2020-11-27,206.521728515625,207.51965801723676,205.37987391349907,206.15711338051779,14512200
2020-11-30,205.40867614746094,206.0707462595316,202.30935229104347,205.43746116792425,33064800
2020-12-01,207.4620819091797,208.52717154607495,204.7177978221333,205.83085273018764,30904500
2020-12-02,206.65606689453125,206.75202672406434,204.1900574028058,206.1859017974964,23724500
2020-12-03,205.57180786132812,207.62522240610232,205.0056682633133,205.9268328948881,25120900
2020-12-04,205.68695068359375,206.6656853723853,204.55468611392993,205.55261569818433,24666000
2020-12-07,205.61978149414062,206.81920626860725,204.3723914418279,205.69654643667639,24620000
2020-12-08,207.2701873779297,208.17215713451805,204.2764278806708,205.31273262389476,23284100
2020-12-09,203.23056030273438,206.52177523800023,202.6644352574162,206.45461505637104,32440600
2020-12-10,202.0023193359375,204.45873883924034,201.84878945662726,203.20174406539516,26733300
2020-12-11,204.6314697265625,204.68905441820556,200.64938507745762,201.5513549081159,30979400
2020-12-14,205.53341674804688,207.46210106509508,204.2668318593756,204.47793178105667,28798400
2020-12-15,205.4662322998047,206.7040320203007,203.65270292613042,206.4641471050453,27000600
2020-12-16,210.40786743164062,211.2042871516733,206.03236867599313,206.061153696116,35023300
2020-12-17,210.542236328125,211.95276110706337,209.10292652442595,210.9740263409514,32515800
2020-12-18,209.74578857421875,210.80128814640273,207.2797790521737,209.74578857421875,63354900
2020-12-21,213.58395385742188,214.9369084468528,208.48880002213403,208.74787985959026,37181900
2020-12-22,214.87933349609375,216.50095801273704,212.87389893684067,213.67990881116995,22612200
2020-12-23,212.07749938964844,214.51472413933894,211.86639945368123,214.08293413992092,18699600
2020-12-24,213.73751831054688,214.56272323176842,212.25022849839652,212.4613284532265,10550600
2020-12-28,215.85806274414062,216.88476263524183,213.99655333703302,215.3686881144162,17933500
2020-12-29,215.08082580566406,217.98823003223873,214.53389577009193,217.1534351478008,17403200
2020-12-30,212.71075439453125,216.50094793560592,212.5092592560349,216.11712326944684,20272300
2020-12-31,213.42083740234375,213.97737223508196,210.79169311832163,212.7299675852491,20942100
2021-01-04,208.8822479248047,213.97740256707098,206.11876826469393,213.52641763249963,37130100
2021-01-05,209.08372497558594,209.67864963168427,206.97274025893688,208.469620064535,23823000
2021-01-06,203.6623077392578,207.73076146630103,203.36485276551582,203.58554280387045,35930700
2021-01-07,209.45794677734375,210.46546654506324,205.0632671621536,205.37990242724453,27694500
2021-01-08,210.73410034179688,211.6552648790283,208.24889607857534,209.83213069780732,22956200
2021-01-11,208.69027709960938,210.05282160222308,207.96101761834242,209.63062182705013,23031300
2021-01-12,206.23387145996094,208.31608560211117,204.68902651806664,207.74035589548853,23249300
2021-01-13,207.58680725097656,207.98981215260577,205.27431314841093,205.3606828455848,20087100
2021-01-14,204.4011688232422,208.66152780549393,204.13249885511956,207.17423821247684,29480800
2021-01-15,204.0460968017578,205.83084110217794,203.45118691542206,204.88090623740473,31746500
2021-01-19,207.6827850341797,208.2009300549652,204.0269409433611,205.10162077397675,30480900
2021-01-20,215.2631378173828,216.65446748663234,208.49837984592523,208.89179464606343,37777300
2021-01-21,215.86769104003906,217.1438808555298,213.42086138301298,215.6086111691637,30709400
2021-01-22,216.80801391601562,220.76132783056934,216.66408880322285,217.89229857043895,30172700
2021-01-25,220.2431640625,220.48304900698852,215.14801018418993,219.8497492395992,33152100
2021-01-26,222.9298858642578,224.7050257283065,220.7709212912737,222.47890098214344,49169600
2021-01-27,223.47682189941406,230.71176046047944,220.82849722353762,228.37048091852017,69870600
2021-01-28,229.26283264160156,232.8227316681534,225.57820339979344,226.07716818506384,49111200
2021-01-29,222.5748748779297,228.38968415248007,221.98955497107204,226.44181938602617,42503100
2021-02-01,229.95372009277344,232.68841453250545,223.0258411774408,225.54943567803622,33314200
2021-02-02,229.81935119628906,232.50606531871057,229.03253624582663,231.53693548030532,25916300
2021-02-03,233.16815185546875,235.17358635543027,229.57946803336847,229.87693764522302,27158100
2021-02-04,232.2182159423828,233.39846040880124,230.64457129523996,232.84192558169505,25296100
2021-02-05,232.4005126953125,233.43681732954676,230.69253319854138,232.4292977150345,18054800
2021-02-08,232.6596221923828,233.82065717970994,231.06678257131648,233.312102244531,22211900
2021-02-09,233.90699768066406,234.85693261686325,231.6136983743784,232.08386345870682,23565000
2021-02-10,232.99542236328125,235.96998646180285,231.14350324493915,235.08721175015955,22186700
2021-02-11,234.5978546142578,235.23113965663376,232.35252070277042,234.8761146709095,15751100
2021-02-12,235.07765197753906,235.37510696165688,232.90908274109216,234.06052752923827,16561100
2021-02-16,233.8397979736328,236.17148681897544,233.09135825572343,235.11598740068663,26728500
2021-02-17,234.8592529296875,234.9650459742896,231.72395446941502,232.08942401897397,21653500
2021-02-18,234.4649658203125,234.5996101987233,231.64704608816618,232.55109320398296,16925600
2021-02-19,231.75283813476562,234.53229432170122,230.993047615162,234.42650126233121,25262600
2021-02-22,225.53993225097656,228.82911468835837,223.51063965852657,228.33862759094472,36446900
2021-02-23,224.34738159179688,225.84770894272074,219.9810292498646,221.51983481114613,30228700
2021-02-24,225.57838439941406,226.20351580478894,220.24067088187863,221.21203274988108,26339700
2021-02-25,220.23110961914062,225.61690012530303,219.16356666865607,223.2029132170625,39542200
2021-02-26,223.4914093017578,226.36703163258593,220.76002888675455,222.6739161526136,37819200
2021-03-01,227.87698364257812,228.3867098260675,224.2319439435093,226.87675570412392,25324000
2021-03-02,224.92440795898438,228.22321721235295,224.5204748274745,227.9443015684846,22812500
2021-03-03,218.85577392578125,224.6455116135166,218.56724606158295,223.2798287097905,34029500
2021-03-04,218.05752563476562,223.5972138136232,215.68200248101138,218.06715252474712,44727800
2021-03-05,222.7412567138672,224.34737709839982,217.79786339181743,220.74081539432254,41872800
2021-03-08,218.6923065185547,224.44356674168196,218.44225683064087,222.52006696503778,35267400
2021-03-09,224.83786010742188,226.37666560982453,222.8085675052576,223.97229118428092,33080500
2021-03-10,223.5298614501953,227.93467679656288,223.16439187152451,227.93467679656288,29746800
2021-03-11,228.05972290039062,230.02168593321738,225.3475815614815,225.9727277040274,29907600
2021-03-12,226.73251342773438,226.79984295722946,224.3088998432436,225.05906350687266,22653700
2021-03-15,225.82846069335938,226.19393030127117,222.94321138913833,225.97273196365254,26034900
2021-03-16,228.61752319335938,230.87762613927848,226.91522214846157,227.24221351806312,28092200
2021-03-17,227.97312927246094,229.42538062772473,224.3088654749819,227.1171726758717,29562100
2021-03-18,221.89491271972656,225.23218566499116,221.51983088863727,223.66452881126907,34833000
2021-03-19,221.53907775878906,223.57798268898384,220.57732793509152,222.18344837964992,46430700
2021-03-22,226.9633331298828,227.83851426603098,221.3370911146356,221.46212328057254,30127000
2021-03-23,228.4925079345703,231.82978074938532,228.002020843899,228.4059539788877,31638400
2021-03-24,226.45361328125,228.8964513044981,226.3189688968999,228.75219470524345,25620100
2021-03-25,223.45297241210938,227.8770279046883,222.71243554139588,226.2997586262725,34061900
2021-03-26,227.43458557128906,227.65579858844697,222.69316616439068,222.69316616439068,25479900
2021-03-29,226.24203491210938,227.74236229636642,223.0105549017335,227.54038837534517,25227500
2021-03-30,222.98167419433594,224.90517359760773,222.26036191810903,224.59740664901904,24792000
2021-03-31,226.75173950195312,229.95436788577308,223.50102069627698,224.00113466833557,43623500
2021-04-01,233.080078125,233.55132615154153,228.94455090403778,229.34848407327533,30338000
2021-04-05,239.5430145263672,240.39897120703446,233.41665871011114,233.4743613464268,36910600
2021-04-06,238.37925720214844,239.86034513380605,237.43674670018453,238.13881980138274,22931900
2021-04-07,240.3412322998047,241.33183326791055,237.73489895949572,238.33117904802756,22719800
2021-04-08,243.56312561035156,244.41908230584644,242.3609384158286,243.10148983669302,23625200
2021-04-09,246.06365966796875,246.19830403516193,242.78408976152787,243.1976350767871,24326800
2021-04-12,246.1213836669922,247.81407263023797,244.8807182632371,244.96728689441156,27148700
2021-04-13,248.60267639160156,249.27591293750018,247.00616833012472,247.41974301703107,23837500
2021-04-14,245.8135986328125,248.92965822222618,245.40005331204884,247.63131962681794,23070900
2021-04-15,249.57400512695312,249.98755038425557,247.87171901068032,248.06405130813263,25627500
2021-04-16,250.7666015625,251.0166658707798,247.74672283677018,249.54519003796193,24878600
2021-04-19,248.84310913085938,251.47832327916888,247.95831583894045,250.23765794238443,23209300
2021-04-20,248.3815155029297,250.24731248370563,247.01581785761766,247.9583432382006,19722900
2021-04-21,250.61273193359375,250.7089127767267,247.41011824420272,249.0354776372496,24030400
2021-04-22,247.333251953125,251.76690521331983,245.86176100233394,250.25695072090633,25606200
2021-04-23,251.16094970703125,251.5071948907045,247.4293558567117,248.01603848589244,21462600
2021-04-26,251.54568481445312,252.401656348328,250.21849455281932,251.65149256989199,19763300
2021-04-27,251.94955444335938,253.12289017853598,250.1703117387507,251.57445799551294,31014200
2021-04-28,244.82298278808594,246.7272576163195,243.27456530106036,246.28483165554834,46903100
2021-04-29,242.85145568847656,246.30414889333332,239.47571890978605,245.68862956024947,40589000
2021-04-30,242.53402709960938,243.3996106161242,240.0527258409525,240.18737020905894,30945100
2021-05-03,242.22625732421875,244.62101913579752,241.5145573298802,243.707345266331,19626600
2021-05-04,238.3119659423828,241.6011630269946,236.35961510876282,241.37033780215654,32756100
2021-05-05,237.04246520996094,239.95656581721718,236.41733373419922,239.53339357356575,21901300
2021-05-06,240.177734375,240.30276652470482,235.3305226285614,237.0231967181629,26491100
2021-05-07,242.8033447265625,244.57296071817902,241.56267934946032,242.5051899813875,27032900
2021-05-10,237.7252960205078,242.1012603154502,237.66759338356374,241.2741549439333,29299900
2021-05-11,236.81163024902344,237.16748762572186,233.29163741499903,235.1958977580137,33641600
2021-05-12,229.85816955566406,235.03238744086832,228.96374941275505,232.90691422766648,36684400
2021-05-13,233.73403930664062,236.20574319486232,232.18562163049452,232.5510912295652,29624300
2021-05-14,238.65818786621094,239.64878890678136,236.0999447564151,236.18649870944293,23901100
2021-05-17,235.8018035888672,237.15787429824175,234.20531011006548,237.11941076417176,24970200
2021-05-18,233.78213500976562,236.9847634933357,233.6090124207186,236.85011911302658,20168000
2021-05-19,234.3605194091797,234.46655675985048,230.00338303930883,230.6877939044373,25739800
2021-05-20,237.5994415283203,239.01647932099823,235.07384355914962,235.17024649146305,21800700
2021-05-21,236.33663940429688,239.38278963306004,235.92213916070435,238.65017736788573,21863100
2021-05-24,241.7445526123047,242.1108661573767,238.59236454414025,238.8622751429224,21411500
2021-05-25,242.65065002441406,243.64353844054594,241.7830824773741,242.69885149014343,17704300
2021-05-26,242.428955078125,243.8267094116998,241.71561158716582,242.37110449046097,17771600
2021-05-27,240.3274688720703,242.41928296900434,240.26963299891423,242.12045448501686,24426200
2021-05-28,240.6841278076172,242.99766564489747,240.56845606391062,241.95657582447453,18270200
2021-06-01,238.48626708984375,242.23611129480034,238.06213247651124,242.17827542521047,23213300
2021-06-02,238.38992309570312,240.28894628092957,236.98251960220148,239.19002042782085,19406700
2021-06-03,236.8572235107422,237.46451498894615,234.2448567027044,236.38487261967325,25307700
2021-06-04,241.75413513183594,242.5831502813008,238.59231333132377,238.83330593629586,25281100
2021-06-07,244.6653594970703,244.935270070548,240.80947735136266,240.97335057747247,23079200
2021-06-08,243.47003173828125,246.78609255033888,243.41218115377325,245.966711756898,22455000
2021-06-09,244.45330810546875,246.3234134778532,244.08700926884384,244.6653828204211,17937600
2021-06-10,247.97177124023438,248.18384593485345,244.53040407577595,245.1280611011444,24563600
2021-06-11,248.59837341308594,249.1767321950456,247.364462896783,248.69474693138196,18999700
2021-06-14,250.5262908935547,250.5841267663084,247.54759635652425,248.6079697204137,19150500
2021-06-15,249.05140686035156,250.62268349864868,248.39591397383663,250.41060880971204,18038900
2021-06-16,248.10670471191406,251.1913923218555,245.25334587373584,250.05391431727787,27220000
2021-06-17,251.4999237060547,252.3193045998261,246.78612276850885,246.84395865107643,27565500
2021-06-18,250.08285522460938,252.84944580260748,249.42736235681394,250.27566108833486,37202200
2021-06-21,253.16754150390625,254.02545983082283,248.6272493247297,250.45878713344277,26696100
2021-06-22,255.9437713623047,256.21368187759316,252.9458083429552,253.2542859084391,24694100
2021-06-23,255.71240234375,257.216193725661,254.90267078564716,256.4064621675582,19518700
2021-06-24,257.0813293457031,258.1995388052665,255.90528400185622,256.5704260891659,21446900
2021-06-25,255.47145080566406,257.62111560683655,255.22083848043877,256.63787628931044,25611100
2021-06-28,259.0381774902344,259.21168513568006,256.3294224923796,256.59933308019987,19590000
2021-06-29,261.6216125488281,261.8626051966104,258.3248496012734,259.1827681299934,19937800
2021-06-30,261.1396179199219,261.58303613893975,259.88646796346177,260.937192340073,21656500
2021-07-01,261.81439208984375,262.0457355946611,259.8864511015799,259.8960708022507,16725300
2021-07-02,267.6463928222656,267.98378836748816,262.6819508278436,262.99042843593526,26458000
2021-07-06,267.6560363769531,269.3044175952349,264.4170803954058,268.012700733501,31565600
2021-07-07,269.84423828125,270.57686522962035,267.1644016340529,269.3333351246347,23260000
2021-07-08,267.42474365234375,268.6875428172763,264.9666009084915,266.92346009994077,24618600
2021-07-09,267.92596435546875,268.0319869902947,265.4003663407423,265.78594865890636,23916700
2021-07-12,267.32830810546875,269.6900181971794,266.6149499259008,269.1020103084746,18931700
2021-07-13,270.8564758300781,272.6590961854653,267.3958248289247,267.5211162985636,26120100
2021-07-14,272.331298828125,273.43985895218515,270.4418955818897,272.1770600273276,23113700
2021-07-15,270.9046325683594,272.33131952060614,269.7478561835057,271.83968514433656,22604200
2021-07-16,270.6347351074219,273.86404237165414,269.3912048461886,271.9071833087747,26186800
2021-07-19,267.0295104980469,270.2684376561935,264.56174806763556,268.88031761183106,32935600
2021-07-20,269.2562561035156,270.84680159797193,266.3065086285469,268.01272587997516,26259700
2021-07-21,271.26129150390625,271.37696325645936,267.29938688873733,268.8513652655665,24364300
2021-07-22,275.83050537109375,276.10041590734517,273.20850469691914,273.61335579227523,23384100
2021-07-23,279.2333679199219,279.5418161445663,276.1775682694742,277.0162179583788,22768100
2021-07-26,278.6356201171875,279.25257526675557,276.3124774430795,278.58743336652026,23176100
2021-07-27,276.21612548828125,279.14657473530417,272.7554747958883,279.00198503858365,33604100
2021-07-28,275.90765380859375,279.69605103462703,273.60375005831014,278.57784165912227,33566900
2021-07-29,276.1775817871094,278.2211947883845,275.7727011840036,275.92694001289874,18168300
2021-07-30,274.6448669433594,276.33181549192943,273.6808963441765,274.8955087129223,20944800
2021-08-02,274.5580139160156,276.43773825440945,273.51690957096406,276.0425069213841,16267400
2021-08-03,276.7752380371094,276.88129010205466,273.76765442774865,275.13650564382874,17879000
2021-08-04,276.1872253417969,277.2283006433001,274.3942247328133,275.90766563142967,16191300
2021-08-05,279.0887451171875,279.194797175859,275.79198228582163,276.5438781436811,13900200
2021-08-06,279.0309143066406,279.06948136668063,277.2572119794153,278.11515991153345,16589300
2021-08-09,277.94158935546875,281.04557540856166,277.44033530754433,279.31044035047853,16117600
2021-08-10,276.1196594238281,278.82841365594487,274.92434564681986,278.3946152469135,18616600
2021-08-11,276.611328125,278.2597093320037,275.5605744628409,276.861940433862,13955900
2021-08-12,279.3682861328125,279.5225249418082,276.0233073464592,276.3028670263916,14561300
2021-08-13,282.2987976074219,282.34698437046103,278.87668430824215,279.05022137488925,18249000
2021-08-16,283.9857177734375,284.19779246209333,279.5707163690693,282.62651582587677,22507600
2021-08-17,282.52044677734375,282.85784231873345,280.5925058757382,281.8553342308899,20075300
2021-08-18,280.7916564941406,284.7418398373569,280.3473599755678,282.0568729168721,21813000
2021-08-19,286.62518310546875,287.3012660466153,278.7731243483728,278.82140335515624,29850500
2021-08-20,293.95562744140625,295.38504516727363,287.87100083578923,289.4742582991077,40817600
2021-08-23,294.2358703613281,294.96023243975304,291.53159705828915,292.88373370980867,22830200
2021-08-24,292.2752685546875,295.2016902096625,291.67646727816117,294.59322134017,18175800
2021-08-25,291.68609619140625,294.177888473637,290.1504523062321,293.89779358408,20006100
2021-08-26,288.8658752441406,292.09169682717686,288.73067634422387,290.7009195672093,17666100
2021-08-27,289.47430419921875,290.5849864415194,286.68308247202424,288.76924807528826,22605700
2021-08-30,293.2120361328125,293.8205048461803,290.76852316321674,290.82646975740784,16348100
2021-08-31,291.560546875,294.09098014921955,291.19353206893163,294.01372783579956,26285300
2021-09-01,291.51220703125,294.7573638587632,291.18383315439763,292.5166638438568,18983800
2021-09-02,290.85546875,292.98991375623564,289.9186260953305,291.8695931866592,16285600
2021-09-03,290.8458251953125,292.25590820944143,289.9959024554989,290.70092922538174,14747900
2021-09-07,289.9186096191406,290.7975056245517,288.0063130018472,290.72025332131614,17180400
2021-09-08,289.9476013183594,290.3339218077792,287.3012750177518,289.53230752909224,15046800
2021-09-09,287.0888366699219,291.81169156216345,286.84738264412715,290.5368072321189,19927000
2021-09-10,285.6014099121094,289.6675160495283,285.28270363564104,288.2187922077664,19633400
2021-09-13,286.8376770019531,288.3347094479184,284.02714897759813,287.37853159003885,23652900
2021-09-14,289.54193115234375,291.0872423497249,287.9097000686196,289.3197829043386,21853400
2021-09-15,294.4000549316406,294.88296295581523,291.5026067865931,292.89338425416526,28356300
2021-09-16,294.7864074707031,294.87332738757027,290.478875680079,293.3763241397972,19550800
2021-09-17,289.6192626953125,294.0909958539162,289.2908887656017,293.77228951678643,41372500
2021-09-20,284.2396545410156,288.5085744930262,279.6230549552569,286.2002599629633,38278700
2021-09-21,284.7225341796875,287.3688899615911,284.0175073900998,285.58212453468485,22364100
2021-09-22,288.37335205078125,289.9573045688709,284.442503007703,286.5866158831855,26626300
2021-09-23,289.31982421875,290.6140140574866,287.3592190151945,288.6341031456623,18604600
2021-09-24,289.1170654296875,289.55166500509824,286.7797774181247,288.0353560761729,14999000
2021-09-27,284.1141357421875,286.3355009874164,282.92617132575367,286.01679464242454,23571700
2021-09-28,273.82806396484375,280.8398955658639,273.0843964667549,279.8933855438225,43186200
2021-09-29,274.291748046875,276.9670477955747,273.33559962456496,275.35415155742265,26353700
2021-09-30,272.2828674316406,277.99081421651636,271.99310493878147,275.9432889541892,32343600
2021-10-01,279.2174072265625,280.06733000946844,271.6743867398195,272.4760010388448,30086300
2021-10-04,273.43212890625,277.91352888902685,270.6699095435266,277.57548742469766,31350700
2021-10-05,278.8890075683594,280.47293031117425,274.33999347653463,274.33999347653463,24993000
2021-10-06,283.0903015136719,283.5925446758009,275.7501238068665,276.01088350495075,28002600
2021-10-07,284.77081298828125,286.4996316351916,283.8726113098916,285.0895192542269,20430500
2021-10-08,284.77081298828125,286.4996316351916,283.71807723494913,286.0939760041724,17685700
2021-10-11,284.1719970703125,287.7841387766023,282.74257905730633,282.90678071411924,19298600
2021-10-12,282.8681945800781,285.3406811802425,282.35631327944327,285.24409368544315,17974100
2021-10-13,286.1809387207031,287.11778142661336,283.4573305066921,284.82880220556603,23416300
2021-10-14,292.4007263183594,292.90293991134115,287.6488997295382,288.981730216928,27262900
2021-10-15,293.8108825683594,294.0426984552366,290.2470191041672,292.00481133068763,25384800
2021-10-18,296.78558349609375,297.6741176404027,292.3428243514602,293.192747080356,22729300
2021-10-19,297.6934814453125,298.7268821826882,296.7179978366252,297.80937465142074,17682100
2021-10-20,296.9014892578125,299.1132160698903,295.6459108190313,298.6399462045998,16537100
2021-10-21,300.1369934082031,300.38808552882756,295.88737937467477,296.66971746103866,16918100
2021-10-22,298.5916748046875,300.4556925902874,297.27814973250037,299.789277199686,17449300
2021-10-25,297.59686279296875,298.8234383950236,295.9839372451796,298.7847975055776,17554500
2021-10-26,299.5091552734375,301.72088194222226,298.05079330373104,300.36874557406037,28107300
2021-10-27,312.1227722167969,314.9526060458698,305.197858471987,305.197858471987,52588700
2021-10-28,313.2623596191406,313.764573222759,310.3745503438478,313.24302443961284,26297900
2021-10-29,320.28387451171875,320.65088928161384,312.82777434101513,313.0499226160472,34766000
2021-11-01,318.11077880859375,320.1583038041811,315.2133311036617,320.03274302106945,27073200
2021-11-02,321.74224853515625,322.05131669032914,318.71924011753754,319.01864068212325,26487100
2021-11-03,322.58258056640625,323.45180917006473,319.3470907047737,322.4859930605845,21500100
2021-11-04,324.93902587890625,325.0356133406305,318.24593036982367,321.51039204535914,23992200
2021-11-05,324.5721435546875,327.20883201566943,322.98822053910783,326.93840469718674,22570100
2021-11-08,325.4703063964844,326.10774845813177,323.0074875225243,325.7697069819661,20897000
2021-11-09,324.4658203125,327.1411193895061,323.09434894788325,325.5861406703063,21307400
2021-11-10,319.4919128417969,323.19100453286666,318.6420195419929,323.1330579322974,25500900
2021-11-11,321.0661926269531,322.3603824769051,319.21184248871543,319.92653686758166,16849800
2021-11-12,325.20953369140625,325.7021092362378,322.3797001550684,322.5052609389951,23831000
2021-11-15,324.5817565917969,326.3298810128746,322.6114839029454,326.001507143793,16723000
2021-11-16,327.9042053222656,329.02455543876874,324.04094125475103,324.2051134719756,20886800
2021-11-17,328.1266784667969,331.09716478629724,327.04299044192896,327.95252064743255,19053400
2021-11-18,330.20697021484375,331.34874035580634,326.1915075164425,327.21714291810787,22463500
2021-11-19,331.98736572265625,333.91287583713864,331.1068912391703,331.5326300916386,21963400
2021-11-22,328.8136901855469,338.3347320880204,328.5427681495114,333.44842063285876,31031100
2021-11-23,326.7334289550781,328.44606980827206,322.7469916146541,326.12384692450337,30427600
2021-11-24,326.9559631347656,327.1978588759329,323.0856312760888,325.3787981778286,21661300
2021-11-26,318.99273681640625,326.97529607751204,317.4833097911147,323.5113621421092,24217200
2021-11-29,325.7174072265625,328.0396000732596,323.8886615355074,324.08218990951724,28563500
2021-11-30,319.8732604980469,326.8301846318638,318.32512179204315,324.44993871925334,42885600
2021-12-01,319.3797912597656,328.28156688324964,318.71218613988026,324.2661032432016,33337600
2021-12-02,318.8089294433594,322.67926164029905,317.17371172788904,319.59266935097634,30766000
2021-12-03,312.5389404296875,321.91482044651934,307.7203672897264,321.2278153745193,41779300
2021-12-06,315.6158447265625,316.83500853773074,308.8814765180251,313.4484686429607,30032600
2021-12-07,324.06292724609375,324.91437552408956,319.3991698705705,320.8892560315728,31021900
2021-12-08,324.11126708984375,324.6240848803563,320.07643313181967,324.4402417546736,24761000
2021-12-09,322.3018493652344,325.5819398325856,321.35360755345357,323.5693805212305,22214200
2021-12-10,331.43585205078125,331.8809319131235,323.93708463875004,324.1209277504692,38095700
2021-12-13,328.39764404296875,332.64534732460373,328.08801041527346,329.636149025462,28899400
2021-12-14,317.6961364746094,323.7919258980835,313.60325055577465,322.41794531464876,44438700
2021-12-15,323.80157470703125,324.3240776814525,313.9806152960324,317.9573663886095,35381100
2021-12-16,314.36767578125,325.84322423785716,312.5486152193238,324.82724448403934,35034800
2021-12-17,313.30328369140625,314.3870011788046,306.9656284689242,310.477958587751,47750300
2021-12-20,309.5394287109375,312.33572775319794,307.2752884173399,309.6748749533144,28326500
2021-12-21,316.68023681640625,317.10597568318013,309.4330203308387,312.8099049572173,24740600
2021-12-22,322.3986511230469,322.7953341481106,315.19014632592007,317.6574710399496,24831500
2021-12-23,323.8403625488281,325.4852654901964,321.94390810210103,321.96324913227005,19617800
2021-12-27,331.3487243652344,331.377750666587,324.55627456589707,324.58530086724966,19947000
2021-12-28,330.18768310546875,332.664693105843,329.2878380448936,332.02608481270596,15661500
2021-12-29,330.8650207519531,333.13881719368874,328.6685884299691,330.23606817534716,15042000
2021-12-30,328.3202209472656,332.0067092569597,327.8364295204996,330.82625699451927,15994500
2021-12-31,325.41754150390625,328.358972743025,324.9627762850247,327.53655076547227,18000800
2022-01-03,323.89837646484375,327.0430208965413,319.08948826047026,324.4789321117376,28865100
2022-01-04,318.3445129394531,324.33385446042155,315.54818371439364,323.9758239234221,32674300
2022-01-05,306.1239013671875,315.4997826044344,305.73687408915134,315.2965689226274,40054300
2022-01-06,303.70489501953125,308.3686512181517,301.39235794610454,302.99854894295123,39646100
2022-01-07,303.8597412109375,306.23998686939547,300.037776956861,303.9661611560191,32720000
2022-01-10,304.0822448730469,304.51766895717213,294.81281436875065,299.4572001340922,44289500
2022-01-11,304.76922607421875,306.3463611573554,299.8442334063924,303.2210877642495,29386800
2022-01-12,307.9525451660156,312.92593457694414,306.80111935386,309.3071846120445,34372200
2022-01-13,294.91925048828125,310.477999759612,294.14519599434743,310.0812872347779,45366000
2022-01-14,300.1441955566406,300.74409216648695,293.9032747022667,294.3870661009536,39846400
2022-01-18,292.8388977050781,299.7571080915639,291.95839390632096,294.21287812896793,42333200
2022-01-19,293.4969787597656,303.7340248434242,292.88742618970235,296.36104609400576,45933900
2022-01-20,291.82305908203125,301.54725709970177,291.37797913887493,299.050905777843,35380700
2022-01-21,286.4335632324219,294.25162003175876,286.02716542406625,292.87766885666707,57984400
2022-01-24,286.76251220703125,287.4785140362115,267.1012224531404,282.72770843175715,85731500
2022-01-25,279.13800048828125,285.4272897689935,275.92564748178614,282.06977569492784,72848600
2022-01-26,287.091552734375,298.4993649327911,283.53085426864396,298.00588813814414,90428900
2022-01-27,290.12005615234375,297.3382163920615,288.2719692510956,292.848647044969,53481300
2022-01-28,298.2671813964844,298.4800508635709,284.90486089949263,290.497490140265,49743700
2022-01-31,300.89898681640625,302.25359717758414,296.4384136116129,298.93479441062544,46444500
2022-02-01,298.7508850097656,300.5602601832143,295.23855460093705,300.34739077879186,40950400
2022-02-02,303.2985534667969,304.90474476135483,298.8670363988058,299.59272363577713,36636000
2022-02-03,291.4844055175781,301.1408953745366,290.2362150650332,299.45728072069,43730000
2022-02-04,296.0223693847656,298.7896428155665,290.245897225258,290.4781077150337,35096500
2022-02-07,291.19415283203125,297.8607851983112,290.1781728353683,296.2449379178918,28533300
2022-02-08,294.6870422363281,295.65462512508105,290.2264992927546,291.48434523681885,32421200
2022-02-09,301.1214904785156,301.81815140418445,297.4253459420539,299.8249328306882,31284700
2022-02-10,292.5777282714844,299.0992277076315,290.95219605157683,294.18391946316234,45386200
2022-02-11,285.4757080078125,294.4258511158453,284.68228282928357,293.3615038676102,39175600
2022-02-14,285.43695068359375,287.13990600791016,281.9052790638438,284.24681310649265,36359500
2022-02-15,290.7296142578125,291.04890359942823,287.3914416813156,290.2845344237078,27058300
2022-02-16,290.3902282714844,291.71855279506,284.7472457825976,289.294594295298,29982100
2022-02-17,281.8870544433594,287.772404486028,281.17924775374655,287.34578532918516,32461600
2022-02-18,279.1722412109375,284.9218657300005,277.60152027487555,284.13650526196955,34264000
2022-02-22,278.9685974121094,282.6724139032119,275.8465370047907,276.33132880972005,41736100
2022-02-23,271.7452087402344,282.8275727475832,271.5803960838196,281.35378660921566,37811200
2022-02-24,285.6296081542969,286.1822778670693,263.2613090468984,264.2212168610139,56989700
2022-02-25,288.2668762207031,288.57715005097384,282.7790299038215,286.1628965358633,32546700
2022-02-28,289.701904296875,290.04126448899723,284.0880067320678,285.35815893426843,34627500
2022-03-01,285.9786682128906,290.8459667826752,283.2638166303118,287.384546549291,31217800
2022-03-02,291.05926513671875,292.30033079862653,284.7666778653276,286.3761603919426,31873000
2022-03-03,286.9192199707031,293.90991012485733,285.1060736064637,293.67721950670733,27314500
2022-03-04,281.0434875488281,286.667090171543,278.43533489207505,285.3387653764105,32356500
2022-03-07,270.426513671875,280.87862169595286,270.0580672400942,279.75390138448324,43157200
2022-03-08,267.4596252441406,275.3229335452845,261.7875556211475,269.35029539224405,48159500
2022-03-09,279.7249450683594,280.7914932377901,272.23975644656093,274.8188530783293,35204500
2022-03-10,276.9034118652344,277.8827008939295,272.0457879450381,274.41157459600157,30628000
2022-03-11,271.5513000488281,280.7041720750728,270.93075230973267,279.2012996634574,27209300
2022-03-14,268.0317077636719,276.7191690212427,267.43057063229696,271.81307809759875,30660700
2022-03-15,278.4158935546875,279.0655275130415,270.2520171295623,271.8227376508679,34245100
2022-03-16,285.43572998046875,285.61024792688795,274.58608713792756,280.3163001707601,37826300
2022-03-17,286.2404479980469,286.61857018444255,280.5683784873846,284.3691589056267,30816600
2022-03-18,291.29205322265625,291.8447230887532,283.8262757344605,286.3859615737607,43390600
2022-03-21,290.0606689453125,291.0108716421582,285.9302328335173,289.79889199333064,28351200
2022-03-22,294.8115539550781,295.72296480391606,289.6824490018245,290.6811188141461,27599700
2022-03-23,290.3806457519531,294.0069093216569,288.66449306063384,291.3696401752131,25715400
2022-03-24,294.85040283203125,294.9473671178432,289.2462103485092,290.0412760670834,24484500
2022-03-25,294.4431457519531,296.20779503659236,290.18668905916263,295.946018112128,22566500
2022-03-28,301.24957275390625,301.3465074219661,295.0733016708337,295.0733016708337,29578200
2022-03-29,305.8163757324219,306.21390857071964,299.64980847038635,304.3620002900689,30393400
2022-03-30,304.3135070800781,306.3399629265181,302.10285756421536,304.21657238754335,28163600
2022-03-31,298.9323425292969,305.5546156451536,298.52513395302805,304.3523117591246,33422100
2022-04-01,300.00860595703125,300.69700210930256,296.24661641051176,299.9601090176987,27110500
2022-04-04,305.3898010253906,305.52552736664273,300.28978092985705,300.65822749651744,24289600
2022-04-05,301.4241943359375,305.29282394515957,300.4449053012834,303.74148406124976,23156700
2022-04-06,290.3902282714844,297.66210377077033,287.68508230073564,295.9071601840896,40110400
2022-04-07,292.2033386230469,294.4139875468323,287.3360407054969,287.63660918628034,31411200
2022-04-08,287.937255859375,291.9610220629479,287.26824077806,291.30171228666035,24361900
2022-04-11,276.5833740234375,283.70978844170367,276.3312728673214,282.91475253047315,34569300
2022-04-12,273.480712890625,281.8966903613932,271.95845973176773,280.44231514730166,30966700
2022-04-13,278.8716125488281,279.80240446057144,272.74383748539003,274.130364433045,21907200
2022-04-14,271.3185729980469,279.54065279729,270.82410546962507,279.3273432160326,28221600
2022-04-18,271.987548828125,273.8685431580262,269.8738639301832,270.42653361861943,20778000
2022-04-19,276.6221618652344,277.46572436879006,269.94174690889537,270.88224409138223,22297700
2022-04-20,277.64996337890625,280.88839885014346,276.6900850216622,280.59750599779863,22906700
2022-04-21,272.2687683105469,284.37885800425323,271.5415806106492,279.8024222293234,29454600
2022-04-22,265.6950378417969,274.58613398289475,265.06481431264797,273.1123477234531,29405800
2022-04-25,272.1815185546875,272.5596407849809,262.5341495736,264.9775192651805,35678900
2022-04-26,262.0008544921875,269.8932487938814,261.78754493866387,269.0594211869601,46518400
2022-04-27,274.6054382324219,282.1197103075881,270.66893161567555,273.5195094539181,63477700
2022-04-28,280.82049560546875,282.129439349792,272.898984777169,276.515542164648,33646600
2022-04-29,269.07891845703125,281.06299107825157,268.0899535121553,279.8316005643552,37073900
2022-05-02,275.81744384765625,276.27314931657503,267.8183792644711,269.2630493387839,35151100
2022-05-03,273.20928955078125,275.4878171281924,271.6288634100802,275.3229748824453,25978600
2022-05-04,281.1598205566406,282.03243974710455,268.3128397950904,273.99458463090093,33599300
2022-05-05,268.9140625,277.6403163642119,265.99560590571105,276.8549558835807,43260400
2022-05-06,266.373779296875,270.7562876061403,263.01899790259716,266.4513329848427,37780300
2022-05-09,256.5323486328125,264.07570588016165,255.3106937377557,261.8456760203789,47726000
2022-05-10,261.3027648925781,265.42349495118094,257.00751689764115,263.42615521933493,39336400
2022-05-11,252.625,263.106196550313,251.4130204767044,257.5989686979002,48975900
2022-05-12,247.5832061767578,251.9754191978942,242.4153232289675,249.85202850661503,51033800
2022-05-13,253.17764282226562,255.0392561912561,247.5831565902319,249.52232362114918,34925100
2022-05-16,253.546142578125,257.7347513466333,248.0001225205669,252.05297536549674,32550900
2022-05-17,258.70428466796875,260.168335678037,254.47688508920922,258.0158590570985,28828800
2022-05-18,246.9255828857422,256.1775215944614,245.65247241501044,255.59441054369825,31356000
2022-05-19,246.01205444335938,250.4145118299985,244.7875390054142,246.75064893827593,32692300
2022-05-20,245.44837951660156,251.260004557282,239.5007120368587,249.99659233543315,39199300
2022-05-23,253.31060791015625,254.13667953053155,246.29390757961752,248.2959145287571,33175400
2022-05-24,252.30960083007812,253.97144225049283,246.3619328763729,250.62833324775218,29043900
2022-05-25,255.12794494628906,257.1299370448451,249.88973211622664,250.87130200295312,28547900
2022-05-26,258.41278076171875,259.588701272369,254.06864585399154,254.88498957150392,25002100
2022-05-27,265.5461120605469,265.64330219713014,260.0260563384971,260.9201640734915,26910800
2022-05-31,264.21466064453125,267.03299630860687,261.3574429989598,264.8560798770332,37827700
2022-06-01,264.7491760253906,269.8707720178327,262.4361876229135,267.4508952453175,25292200
2022-06-02,266.8482971191406,266.9163331602478,254.2338100694297,257.00356501404997,44008200
2022-06-03,262.4167175292969,265.75015751179075,260.8520664352407,262.69855996137693,28059000
2022-06-06,261.1825256347656,266.4596203370496,259.6956086286452,264.39932013596905,22400300
2022-06-07,264.826904296875,265.4391694080939,258.45162412939817,259.1319252881435,22860700
2022-06-08,262.79571533203125,265.3127817537817,262.01822418395375,264.0590976675569,17372300
2022-06-09,257.33404541015625,265.03101725984766,257.17854713483496,260.23984343092275,26439700
2022-06-10,245.86630249023438,253.24256456925144,245.41924866437776,253.24256456925144,31422800
2022-06-13,235.43841552734375,242.00807632258994,234.728975085956,238.20817089954593,46135800
2022-06-14,237.60560607910156,238.82040832428856,234.7095068496029,236.99334100220605,28651500
2022-06-15,244.6708984375,248.11122688546928,239.4812665255515,241.31804702603347,33111700
2022-06-16,238.07211303710938,240.453122742363,236.17702428513732,239.05366802425112,33169200
2022-06-17,240.6766357421875,243.44639103289649,237.1585728805667,237.80970516091955,43084800
2022-06-21,246.59518432617188,247.57673936751254,242.48428215744224,243.21316362761155,29928300
2022-06-22,246.00233459472656,249.92858401068787,243.32004157236312,244.7972453506843,25939900
2022-06-23,251.5709686279297,252.0666174651717,246.48825470193722,248.37363027538592,25861400
2022-06-24,260.16204833984375,260.43416284351514,254.350423997837,254.4378861963467,33923200
2022-06-27,257.43121337890625,260.74516813613343,255.86653250823528,260.65770592471864,24615100
2022-06-28,249.25802612304688,259.39433022271277,249.10252785697745,256.54684051732926,27295500
2022-06-29,252.93154907226562,254.59339019807956,248.5582462691214,250.3367184913832,20069800
2022-06-30,249.59814453125,252.2221295498261,245.7788129454486,249.8119509376396,31730900
2022-07-01,252.2707061767578,252.4553585095582,247.4406655990664,249.17055781580504,22837700
2022-07-05,255.44866943359375,255.57501363585047,247.567030411664,248.9470442386843,22941000
2022-07-06,258.7140197753906,260.4438971435167,255.0113045680069,256.3232970437693,23824400
2022-07-07,260.84234619140625,261.4837653703721,257.5575159983353,257.65470611483187,20859900
2022-07-08,260.1231689453125,260.55078169221645,255.87622520098918,257.3339878404552,19658800
2022-07-11,257.0618896484375,259.02499945053415,254.79748159613314,258.16977390244966,19455200
2022-07-12,246.5271453857422,258.4516502503106,244.94303826379172,258.3933421060405,35868500
2022-07-13,245.60389709472656,246.4105276871535,241.12370514299172,243.1451381645319,29497400
2022-07-14,246.9255828857422,247.95573289017767,239.01479069630014,243.51442327742907,25102800
2022-07-15,249.49122619628906,253.0384428078221,247.59613766644088,248.51938440363574,29774100
2022-07-18,247.09080505371094,253.4952396670065,246.16755820714366,252.4359355465149,20975000
2022-07-19,252.2220916748047,252.4067439825156,246.53681142712958,250.32698837282734,25012600
2022-07-20,254.885009765625,257.41180508665093,251.61963463686516,252.58174879832717,22788300
2022-07-21,257.3825988769531,257.4312087657086,249.7925161981688,252.47480926653154,22404700
2022-07-22,253.0287628173828,257.85881862790734,251.7751080213908,257.77135640899604,21881300
2022-07-25,251.54180908203125,254.13663983089467,249.5786992524714,253.65071891343598,21056000
2022-07-26,244.8069305419922,252.5622383728338,242.54255231737497,252.54278255657755,39348000
2022-07-27,261.1727294921875,262.4458397490854,251.56123048216568,253.80618244101655,45994000
2022-07-28,268.6268615722656,270.01658857012063,260.3273222544809,262.1543900332137,33459300
2022-07-29,272.8348388671875,274.059368942466,268.840583577074,269.88046135026275,32152800
2022-08-01,270.1817932128906,273.3597057500872,268.07288310675597,269.99714086754074,21539600
2022-08-02,267.08160400390625,270.0651658211096,264.71030734261404,268.22837035337625,22754200
2022-08-03,274.5161437988281,275.5171396277238,268.82113564913254,268.9669356400914,23518900
2022-08-04,275.6629638671875,275.8087342283953,272.28097285411656,273.86505032359116,18098700
2022-08-05,274.9437561035156,275.66290951585654,270.83285477841,271.28962159231065,16774600
2022-08-08,272.4267272949219,277.86904784198094,271.4548853993135,276.0516785842541,18739200
2022-08-09,274.3509216308594,275.1089570301665,269.7929813266096,271.7658486047469,23405200
2022-08-10,281.0177917480469,281.6494830162943,278.8603016635988,280.05567781115093,24687800
2022-08-11,278.93798828125,283.0100072925939,278.44236919212585,282.66015852380036,20065900
2022-08-12,283.6903991699219,283.6903991699219,278.8603432880128,280.3569882585623,22619700
2022-08-15,285.2063903808594,285.8963896968433,281.940986783647,282.80594014927584,18085700
2022-08-16,284.46783447265625,285.7604008093183,282.24233787382076,283.76810711776506,18102900
2022-08-17,283.7179260253906,285.69495138930665,281.91619637542664,282.1791399463547,18253400
2022-08-18,282.5979309082031,284.2925155216381,281.53634866422476,282.61739830194875,17186200
2022-08-19,278.68280029296875,281.7019105508063,278.10820013531355,281.3610379905131,20570000
2022-08-22,270.5020446777344,275.0891277344879,269.985876348386,274.7190391735939,25061100
2022-08-23,269.2262878417969,271.5831211864213,268.2134183677691,269.2262878417969,17527400
2022-08-24,268.59320068359375,269.9956259083875,267.9309228621196,268.2231121213267,18137000
2022-08-25,271.57330322265625,271.73885036051576,267.3562796674805,270.09294921143464,16583400
2022-08-26,261.0941162109375,273.02444918596143,260.98700095652805,271.79731971202773,27549300
2022-08-29,258.30877685546875,260.4221335952859,256.96478349661675,258.9125930668451,20338500
2022-08-30,256.1076965332031,260.08121426548763,253.8579792613374,259.711155479428,22767100
2022-08-31,254.6468505859375,260.1396573690213,254.51048966845536,258.4645698996899,24791800
2022-09-01,253.60476684570312,254.08200033825852,248.74499211600758,252.11469390871204,23263400
2022-09-02,249.3780517578125,257.8315379852467,247.8295467479486,254.87088889880724,22855400
2022-09-06,246.641357421875,251.10182772851883,245.36554468319423,249.51438808388207,21328200
2022-09-07,251.35507202148438,252.0757520218553,246.6121606696536,248.05353553100252,24126700
2022-09-08,251.77383422851562,253.63399578598168,248.14117383130036,250.79021068457934,20319900
2022-09-09,257.558837890625,258.30876355813575,253.49767178964203,253.70218346204774,22084700
2022-09-12,259.6916809082031,260.47082249672275,258.24057242382844,258.84438857917326,18747700
2022-09-13,245.4142608642578,253.60478843632785,245.0246900517637,252.08549941911832,33353300
2022-09-14,245.63824462890625,247.59578772613622,243.3398289424253,246.91405740824067,23913000
2022-09-15,238.9767303466797,244.83962570319943,237.65221941398767,243.252171211811,31530900
2022-09-16,238.3534393310547,238.89882358010237,235.74336703268992,237.88595437992277,39791800
2022-09-19,238.13919067382812,238.74300685593585,234.5649620689847,236.14268298899873,26826900
2022-09-20,236.12318420410156,237.15552077631924,233.38651445985508,235.7531105348159,26660300
2022-09-21,232.71450805664062,241.19722391131666,232.66580985308437,237.89568781443512,28625600
2022-09-22,234.6915283203125,237.49637834728918,231.37052490044928,231.66268439442186,31061200
2022-09-23,231.71141052246094,234.83765123018225,229.0623884800835,233.28913142247737,34176000
2022-09-26,231.253662109375,235.14928080942127,230.71801156599744,230.8641061836128,27694200
2022-09-27,230.24082946777344,235.49017556599165,228.38066779678476,233.71766175746237,27018700
2022-09-28,234.7792205810547,236.0063351920129,228.60465329387907,230.6303769171642,29029700
2022-09-29,231.3023681640625,233.68843172668625,228.29300618270508,232.65609511384054,27484200
2022-09-30,226.8223876953125,234.26301864836014,226.6568256876074,232.07173317953664,35694800
2022-10-03,234.45782470703125,235.30511704742838,228.53648230029808,229.2669108311526,28880400
2022-10-04,242.38539123535156,243.82676593965982,238.58715422805355,238.69428433273492,34888400
2022-10-05,242.6970672607422,244.04106060731377,237.73016181840845,239.57084125103117,20347100
2022-10-06,240.3499298095703,243.8072944010288,239.65846580764227,241.46018055206,20239900
2022-10-07,228.12744140625,235.02268843917923,227.08535624814024,234.61363538940842,37769600
2022-10-10,223.2676544189453,228.43908604327487,220.81341039260693,226.96849528328906,29743600
2022-10-11,219.52786254882812,223.08260876857707,218.26178346350437,221.68018361933272,30474000
2022-10-12,219.85899353027344,221.91393311184666,218.1157105964302,219.5181209293946,21903900
2022-10-13,228.12744140625,229.93890473575348,213.41174085104754,214.11295342121704,42551800
2022-10-14,222.5956268310547,231.04912625235602,222.38136663614262,229.39347658974367,30198600
2022-10-17,231.33157348632812,232.72426488237133,229.00394193544997,229.66620483401337,28142300
2022-10-18,232.27627563476562,237.56457112933387,229.22794910689007,236.89258935569006,26329600
2022-10-19,230.30897521972656,233.35730163218065,228.17612158677025,230.854359464379,19985700
2022-10-20,229.9875946044922,235.01294654635635,228.74099774675008,229.61752091462319,21811000
2022-10-21,235.80181884765625,236.65885980316088,228.3806692339145,228.6144117292178,26299700
2022-10-24,240.79795837402344,241.37255863130235,235.0032278685901,237.39902532056323,24911200
2022-10-25,244.11892700195312,244.48900063928346,239.41496607006084,240.80764249442944,34775500
2022-10-26,225.2836151123047,232.08146493583703,224.05648582781117,225.1375205085959,82543200
2022-10-27,220.8328857421875,227.59178658537854,219.8881970156547,225.01093027224846,40424600
2022-10-28,229.7148895263672,230.4258506343881,220.1511534041053,220.33619766891604,40647700
2022-10-31,226.072509765625,228.78969742408265,225.1180724304389,227.65996437056043,28357300
2022-11-01,222.21583557128906,229.5883013482599,221.3977591826353,228.47805057491365,30592300
2022-11-02,214.35643005371094,225.26415970324368,214.2979832888999,223.47217862480318,38407000
2022-11-03,208.65904235839844,214.6582977379082,208.39608397835468,214.34664115998913,36633900
2022-11-04,215.61277770996094,215.80755569299043,207.86048915628433,211.8729869376078,36789100
2022-11-07,221.9236602783203,222.44957714073567,215.50563184165273,216.1971107205747,33498000
2022-11-08,222.89756774902344,225.6050216725194,219.94663764635982,222.73200573046222,28192500
2022-11-09,218.6513214111328,222.6638185603741,218.47602571220258,221.43668922544174,27852900
2022-11-10,236.63938903808594,236.9802616693803,228.8676327342918,229.2864046738626,46268000
2022-11-11,240.66160583496094,241.51864677914438,235.61677145070936,236.64912297920634,34620200
2022-11-14,235.24668884277344,237.54510458377084,232.9677553572084,235.67520929864517,31123300
2022-11-15,235.6557159423828,240.55445528008838,233.76633849082606,239.2494265791224,31390100
2022-11-16,236.08544921875,238.10712057795988,234.80604092204587,237.1206951717324,24093300
2022-11-17,236.03662109375,237.56996781309624,232.08120292470986,232.22769437449384,23123500
2022-11-18,235.5873565673828,238.0485170933891,233.44849211403692,237.82387701389203,27613500
2022-11-21,236.39796447753906,238.95678085777178,235.55804548901057,235.79243178186513,26394700
2022-11-22,239.30841064453125,239.58187129502204,235.0892928208964,237.90203306915706,19665700
2022-11-23,241.79885864257812,242.48251023756336,238.56615153433665,239.38653344831891,19508500
2022-11-25,241.71096801757812,242.89270545912507,240.9687049278587,241.53516337435977,9200800
2022-11-28,236.11471557617188,240.89052977739965,235.17714064846845,240.33384745829161,24778200
2022-11-29,234.71812438964844,237.1206732847148,232.64763267479685,235.76313137502686,17956300
2022-11-30,249.1822967529297,249.36786250056446,234.25909694374434,234.95252448977655,47594200
2022-12-01,248.74281311035156,250.13941445901602,245.06084106912186,247.9419535295198,26041500
2022-12-02,249.06512451171875,250.08083329127504,243.8595816230871,243.98655080896413,21528500
2022-12-05,244.357666015625,247.89314681984325,242.26763698881598,246.12539896649085,23435300
2022-12-06,239.3962860107422,245.97890805258777,238.08757944681767,244.96319927673994,22463700
2022-12-07,238.6637725830078,240.4119830868465,236.5542215277534,239.11303779534455,20481500
2022-12-08,241.62303161621094,242.93175300820135,237.38437721752427,239.12281178477338,22611800
2022-12-09,239.6892852783203,242.51180134599122,238.4587124437862,238.98609654359035,20609700
2022-12-12,246.61367797851562,246.64297626158643,241.39837495714013,241.67183553412346,30665100
2022-12-13,250.92076110839844,257.75730647644866,247.16065519497627,255.57936772226543,42196900
2022-12-14,251.2137451171875,256.458347318601,248.37169195338248,251.1258502529427,35410900
2022-12-15,243.1954803466797,248.26429350511532,241.56447751211843,247.7955059299242,35560400
2022-12-16,238.976318359375,244.00605626723987,237.82386444207205,242.74618523388142,86102000
2022-12-19,234.83531188964844,239.48417191084002,233.13595171264518,239.14233870840474,29696400
2022-12-20,236.15380859375,237.23788993522047,232.85272912283375,233.8098412838887,25150800
2022-12-21,238.7223663330078,239.88458131180286,234.5032493698653,236.04635695576684,23690600
2022-12-22,232.62814331054688,236.3394143355442,228.40901038044757,235.6264494814144,28651700
2022-12-23,233.15550231933594,233.2922326364392,228.47735834613724,230.5966857124809,21207000
2022-12-27,231.4268035888672,233.35078882419523,230.32318521167457,233.12616367836742,16688600
2022-12-28,229.0535430908203,234.12235498713048,228.70194877135125,231.35843587345414,17457100
2022-12-29,235.3822479248047,236.27100238515564,230.14740695846007,230.14740695846007,19770700
2022-12-30,234.2200469970703,234.35677730572505,231.13383157030836,232.64764099629804,21938500
2023-01-03,233.9856414794922,240.011565882423,231.85653825258547,237.40391403529475,25740000
2023-01-04,223.75038146972656,227.43233894450995,220.6837029776662,226.85611938033796,50623400
2023-01-05,217.118896484375,222.23654401593947,216.58173640623133,221.89471081098847,39585600
2023-01-06,219.67771911621094,220.4883398206325,214.22802915573828,217.79279312709332,43613600
2023-01-09,221.8165740966797,225.840379162237,221.12316147080284,221.16222088392175,27369800
2023-01-10,223.50619506835938,225.90874396659487,222.02168398090183,222.4416360207006,27033900
2023-01-11,230.26461791992188,230.44040764705468,225.71342844154773,225.88921816868051,28669300
2023-01-12,232.94061279296875,234.2981546866577,228.10620187098192,229.7665026549743,27269500
2023-01-13,233.64381408691406,233.78054439645499,229.4344578762405,231.46589026262427,21333300
2023-01-17,234.7376708984375,235.28459213527947,231.55378456577233,232.41324073937315,29831300
2023-01-18,230.3037109375,236.72030515877833,230.02048914607974,235.92922146628942,30028700
2023-01-19,226.51426696777344,230.02044931118633,225.2934553321454,228.32107414949724,28623000
2023-01-20,234.61068725585938,235.11854904554423,229.03401340452106,229.37584660771927,35389800
2023-01-23,236.91558837890625,239.44510648286737,234.0539981879018,235.47015159128358,31934000
2023-01-24,236.38821411132812,238.25361804107612,234.82558401353157,236.83747939221803,40234400
2023-01-25,234.99160766601562,237.6187968797975,225.50833563928637,229.00474220423706,66526600
2023-01-26,242.20901489257812,242.51177377679628,236.3491193709835,237.96058467842803,33454500
2023-01-27,242.3653106689453,243.99631332473226,241.0663652215849,243.1759314324478,26498900
2023-01-30,237.0425567626953,239.86507262695676,236.54445608504085,238.80051357034338,25867400
2023-01-31,242.02346801757812,242.16019832764178,237.2769516789598,237.765276343828,26541100
2023-02-01,246.84811401367188,249.22136469253888,239.7381082028261,242.20902977404796,31259900
2023-02-02,258.4213562011719,258.50925104302513,251.2429794001739,252.77632563075434,39940400
2023-02-03,252.3173370361328,258.03074104934103,251.0965254865144,253.47955201576713,29077300
2023-02-06,250.77423095703125,252.26850319934903,248.83070838044688,251.42859910463446,22518000
2023-02-07,261.3123779296875,262.49411566061207,254.00702781900983,254.4465320834355,50841400
2023-02-08,260.5016784667969,270.2974697516429,259.9938017557166,266.82060062873455,54686000
2023-02-09,257.4643249511719,267.5824288189988,256.6634652436556,267.4066092650487,42375100
2023-02-10,256.9564514160156,257.9233247404557,254.57342460398476,255.42310477455004,25818500
2023-02-13,264.9845275878906,268.1879364908774,260.9118863953709,261.39046487819326,44630900
2023-02-14,265.8146667480469,268.5492730065141,262.9921358196889,266.3029914231284,37047900
2023-02-15,263.6899719238281,265.0704999795345,260.61559812325817,262.710876554926,28922400
2023-02-16,256.669921875,261.1639673790336,256.42514795944504,258.50082598261054,29603600
2023-02-17,252.6654052734375,254.65296812365867,250.64847075073527,253.96761913922532,30000100
2023-02-21,247.38804626464844,250.14910261263643,246.33062138285374,249.16020664383558,28397400
2023-02-22,246.25230407714844,249.02314613774428,245.10676413376063,248.77837226249528,22491100
2023-02-23,249.4441680908203,251.470888034521,245.24383997273418,250.2176469727612,29219100
2023-02-24,244.0101776123047,245.75296637788725,242.91359545143786,244.73471364848396,24990900
2023-02-27,244.93055725097656,247.53495511519347,244.17664946084787,247.18248010394746,21190000
2023-02-28,244.20602416992188,246.23275924474,243.53044581164914,243.8633496718303,22491000
2023-03-01,241.1219024658203,245.68447707817194,240.65192577267874,245.5180326017815,27565300
2023-03-02,245.8606719970703,246.1446031190087,240.47564673843016,241.3959989002767,24808200
2023-03-03,249.95327758789062,250.27638088786867,246.1348112059888,246.91809057504366,30760100
2023-03-06,251.50027465820312,254.68233526542298,250.62888019720313,251.06947021639408,24109800
2023-03-07,248.83714294433594,252.30314976499983,248.09303566014898,250.94219252685468,21473200
2023-03-08,248.3965301513672,249.21896680166975,245.56694469940246,248.7294190422308,17340200
2023-03-09,247.04539489746094,254.1340370763852,246.32085881638,250.47222930235247,26653400
2023-03-10,243.39337158203125,247.5055701134534,242.42407649965673,245.83132500399927,28333900
2023-03-13,248.61195373535156,252.51855056988012,240.59315835594796,242.22824622027488,33339700
2023-03-14,255.3383331298828,255.61247868470284,250.51138437002095,251.38277879923007,33620300
2023-03-15,259.89111328125,260.9093809729157,253.79133752741032,254.5452601893461,46028000
2023-03-16,270.42620849609375,270.7786685592172,257.7762805795016,259.6659278592618,54768800
2023-03-17,273.5886535644531,277.4071201106938,270.54368084412533,272.44312854039293,69527400
2023-03-20,266.53924560546875,271.6794982703338,264.208992949989,271.1899503974895,43466600
2023-03-21,268.05670166015625,269.2511990840045,263.8857462510504,269.1337124324155,34558700
2023-03-22,266.5979309082031,275.16501681749725,266.49021486222443,267.68471260704814,34873300
2023-03-23,271.85565185546875,275.1845704783979,269.4470853649454,272.1297973919541,36610900
2023-03-24,274.7048034667969,274.76354680040964,269.5253804360551,271.44439905318643,28172000
2023-03-27,270.6023864746094,275.5761778684438,269.7603489086351,274.6362546679593,26840200
2023-03-28,269.47650146484375,270.3674820752308,266.3629546475742,270.0247926282162,21878600
2023-03-29,274.64605712890625,275.2628920047133,272.5899508360895,273.12844134818954,25087000
2023-03-30,278.1120910644531,278.51352384288515,275.59583810054556,278.28835097959796,25053400
2023-03-31,282.273193359375,283.2229170975771,277.0839996638091,277.79875006624843,32766000
2023-04-03,281.2256164550781,282.243854280698,278.01418435050056,280.5304371238125,24883300
2023-04-04,281.1766662597656,284.3783279836004,279.6982522270493,281.2256389673713,25824300
2023-04-05,278.39605712890625,281.1473135505485,277.0057580205523,279.87450114097055,22064800
2023-04-06,285.50433349609375,285.97428034435603,276.1343797736515,277.28970561513864,29770300
2023-04-10,283.3404846191406,283.54608632492165,278.758294590068,283.16422470598815,23103000
2023-04-11,276.91754150390625,280.0017159473279,275.7524454559277,279.77651324649406,27276600
2023-04-12,277.56378173828125,281.01021712063323,276.0657667752644,278.83662385276324,27403400
2023-04-13,283.781005859375,283.8397491927381,277.25045630367333,277.66165963721517,24222700
2023-04-14,280.158447265625,282.44952753077473,277.75965094017215,281.00045519332065,20987900
2023-04-17,282.7628173828125,285.50430318502544,280.1780203528942,283.8692002700218,23836200
2023-04-18,282.341796875,285.6609453421748,281.01024118479097,285.47491478550927,20161800
2023-04-19,282.4200744628906,283.0075077875069,278.59180793950236,280.01147831348476,17150300
2023-04-20,280.1290588378906,282.98803145396386,279.1205914532446,279.2870508707393,23244400
2023-04-21,279.786376953125,280.285695406569,277.1428067987354,279.0520552301976,21676400
2023-04-24,275.8797607421875,278.9933075070845,272.89353106763554,276.19307851016646,26611000
2023-04-25,269.6625061035156,275.7133093545648,269.6135333988626,273.6670032666064,45772200
2023-04-26,289.1954345703125,293.30764764371935,286.61063797416637,290.49764832472823,64599200
2023-04-27,298.4576721191406,298.81996255788124,289.0779502504288,289.7829002150644,46462600
2023-04-28,300.8369140625,302.4719869299771,296.9694746134844,297.65485346356644,36469600
2023-05-01,299.1723937988281,302.1488522384796,298.77096109153786,300.55292192498604,21294100
2023-05-02,299.0255432128906,302.71672228103625,297.5569000465208,301.3264234827943,26404400
2023-05-03,298.0367126464844,302.1586970048939,297.7331953825414,300.2103062048158,22360800
2023-05-04,299.0255432128906,301.3264234827943,297.05755180847615,299.8381792845817,22519900
2023-05-05,304.156005859375,305.44841906822023,297.9093718962461,299.32907229863827,28197100
2023-05-08,302.1978454589844,303.7154615391141,299.6913631590147,303.6469176772524,21318600
2023-05-09,300.5823974609375,303.55885692912756,299.9068189980978,301.5614932181392,21340800
2023-05-10,305.7813415527344,306.4569199007131,301.23835354911984,302.16847643254437,30078000
2023-05-11,303.6272888183594,304.6161848272032,299.85779507616377,303.61751818157876,31680200
2023-05-12,302.5111389160156,304.1560121908101,300.19068735342637,304.05809666453393,19774700
2023-05-15,302.9908447265625,303.4216490795794,301.15994116605026,302.6383847357047,16336500
2023-05-16,305.2231750488281,307.151994084785,303.35309934354046,303.35309934354046,26730300
2023-05-17,308.1080017089844,308.52992586211957,304.909163828607,306.4300970906291,24315000
2023-05-18,312.5433044433594,313.05356636812974,307.83338325207785,308.6281820787948,27276000
2023-05-19,312.3665771484375,312.76888738913846,310.43354157210945,310.79659399922207,27546700
2023-05-22,315.1533203125,316.5368664420845,312.04281946483945,312.6217450177961,24115700
2023-05-23,309.34442138671875,316.6644323894991,309.33459944590936,314.02490557674435,30797200
2023-05-24,307.96087646484375,310.56114546951807,306.7441236524187,308.82436880109975,23384900
2023-05-25,319.80438232421875,320.76597423507536,313.9954532630782,317.1746476449861,43301700
2023-05-26,326.6435852050781,327.14399507810526,317.8026414606866,317.9399988951654,36630600
2023-05-30,324.9951477050781,329.44014532098214,324.31809251004455,328.939735353525,29503100
2023-05-31,322.2280578613281,329.63637661307075,321.1879203022461,326.05487171947954,45950600
2023-06-01,326.3394470214844,327.2716331746607,318.62694664026094,319.81423378408647,26773900
2023-06-02,329.1065368652344,331.1671383819332,326.31000837435346,327.97812149381093,25873800
2023-06-05,329.6363830566406,332.20721626429463,328.38040233133853,328.9298920270993,21307100
2023-06-06,327.4188232421875,329.0771144876542,325.9371772359314,329.0378566628356,20396200
2023-06-07,317.3121032714844,328.2136208854049,316.44861079811517,325.42691423177007,40717100
2023-06-08,319.1568298339844,320.5109403004731,317.2826654870996,317.8615911316955,23277700
2023-06-09,320.6581115722656,323.79804871469764,318.32276516845866,318.8918688562613,22529000
2023-06-12,325.62310791015625,325.8684168614303,319.0586379784676,322.4144476627299,24260300
2023-06-13,328.0173645019531,330.65689152573293,324.1905503980353,328.19397978099306,22951300
2023-06-14,331.01007080078125,332.67818358645866,326.56507396393835,328.06636349307234,26003800
2023-06-15,341.5682067871094,343.2755475907916,330.87274196684893,331.1474868081879,38899100
2023-06-16,335.9064636230469,344.87497388637837,335.5336191446204,344.7277944942439,46552000
2023-06-20,331.7067565917969,335.66113574405455,329.55784775287134,332.943123305957,26375400
2023-06-21,327.301025390625,331.3927920316485,325.838993566958,330.0582957138187,25117800
2023-06-22,333.335693359375,333.738003737129,327.08522445209144,327.8505873806374,23556800
2023-06-23,328.7336730957031,331.6185093238912,327.19315533781804,328.0860537439725,23146900
2023-06-26,322.4341125488281,329.8031735626045,322.326161031866,327.4580354070177,21520600
2023-06-27,328.29205322265625,329.8423925373536,323.1209216371493,325.6328827704176,24354100
2023-06-28,329.5480651855469,331.63810233073093,327.54633567319496,328.38039213208674,20259500
2023-06-29,328.7630615234375,329.8031691350396,326.37866558051627,328.4294449258427,16997000
2023-06-30,334.1500549316406,336.2989637756356,330.87273088226857,331.41239860594516,26832800
2023-07-03,331.64788818359375,334.5032880387074,330.25455007590733,332.8253831560942,12508700
2023-07-05,331.804931640625,335.23925747739463,328.4491214492935,328.80235201893055,18172400
2023-07-06,334.8663635253906,336.5540904646997,329.20464318433727,330.97085581956964,28161200
2023-07-07,330.8923645019531,335.3766196583141,330.6764914106529,332.952965838011,21214800
2023-07-10,325.6034851074219,328.9397110166737,321.4430546068671,328.32152762825416,32791400
2023-07-11,326.23150634765625,326.61417278371005,320.86414468674985,324.8479601120357,26698200
2023-07-12,330.8728332519531,335.23931604022977,329.3715431788461,330.2840855880984,29995300
2023-07-13,336.2303466796875,337.2900684322161,332.65863310330485,333.188508952043,20567200
2023-07-14,338.7618713378906,344.8357239330472,337.84932914089796,341.06778168374007,28352700
2023-07-17,339.24267578125,340.4790125699391,335.7789144838815,339.193596022569,20363900
2023-07-18,352.7444763183594,359.89769425596677,335.74949366384544,339.34079062698265,64738600
2023-07-19,348.4172058105469,355.6587310369043,345.82675878722245,354.9620619812482,39732900
2023-07-20,340.3613586425781,351.2530852592234,338.8895045037058,346.9356524408543,33778400
2023-07-21,337.3194274902344,343.72689620518594,333.4533559589221,342.59848099973897,69405400
2023-07-24,338.63433837890625,340.4104030714341,335.8868895829084,339.36047337459183,26678100
2023-07-25,344.3941955566406,345.2871238413171,338.595087649529,340.59678737512286,41637700
2023-07-26,331.4319763183594,338.20252670051633,326.8594142979924,335.03312456430285,58383700
2023-07-27,324.5143127441406,334.9252104578534,322.8756357431296,334.09118396383514,39635300
2023-07-28,332.02081298828125,333.63005436530796,326.91840387112984,327.40902185998743,28484900
2023-07-31,329.61676025390625,331.3633588709427,327.10476892592203,330.59799610493667,25446000
2023-08-01,330.0289001464844,332.1876312426991,327.4384527759718,328.9004847782133,18311900
2023-08-02,321.3547668457031,327.3697478835023,320.2361435127281,327.3697478835023,27761300
2023-08-03,320.5304870605469,323.69006750515837,319.8338180335655,319.88286784513633,18253700
2023-08-04,321.6295166015625,328.85142872245865,321.0996408070944,325.65258996189004,23741500
2023-08-07,323.915771484375,324.89700739318704,321.374374073945,322.20843058542397,17741500
2023-08-08,319.93194580078125,322.5812946473448,316.9391883531327,320.82487404247576,22327600
2023-08-09,316.1836853027344,320.97209180236405,315.02580407101107,320.34411633722664,22373300
2023-08-10,316.8704833984375,322.1004872075801,315.153320674243,319.90249855805087,20113700
2023-08-11,314.98651123046875,316.3602353505344,313.2202688375786,314.25058438633283,24355500
2023-08-14,317.9596862792969,317.97930021692355,314.07397059332675,315.3594171589749,18836100
2023-08-15,315.820556640625,318.9899592196478,314.87857860821487,316.9391798843772,16966300
2023-08-16,315.0536193847656,319.0065586089997,314.46362532057526,315.44693875811095,20698900
2023-08-17,311.59234619140625,316.4990703161301,310.93351302834594,315.19127673474406,21257200
2023-08-18,311.19903564453125,313.0673251029197,306.35127777604174,309.24222157279775,24755000
2023-08-21,316.5089111328125,317.384044424445,311.7496780411196,312.6248113327521,24040000
2023-08-22,317.0792236328125,320.638813261693,316.09591025429995,320.06850470582657,16084600
2023-08-23,321.5434875488281,323.7067890708429,318.0625496482568,318.41655808292467,21166400
2023-08-24,314.6307678222656,327.4236838653866,314.6209250862832,327.29584833098056,23281400
2023-08-25,317.5905456542969,319.9308061397361,313.4802731864356,316.1057329442358,21684100
2023-08-28,318.2986145019531,320.7077147426084,316.3516428310228,320.2259006961471,14808500
2023-08-29,322.929931640625,323.4904274361002,316.5088968490621,316.5088968490621,19284600
2023-08-30,323.30364990234375,324.30661885641814,321.0026999429876,323.18565708519924,15222100
2023-08-31,322.2908020019531,325.3882331373902,321.32714408962795,323.7067756652974,26411000
2023-09-01,323.1758117675781,326.4502324505812,321.3271776248165,325.7815864865364,14942000
2023-09-05,327.98419189453125,329.26251739486815,323.17580468951513,323.51012766421536,18553900
2023-09-06,327.32537841796875,328.87900042913225,324.67042016143193,327.81703513152416,17535800
2023-09-07,324.4049377441406,327.5220245169093,323.5396171232003,325.7619150807658,18381000
2023-09-08,328.692138671875,330.55061528459504,323.96240391702685,324.5818961212668,19530100
2023-09-11,332.30096435546875,332.77296563529865,329.8328378843995,331.61263290676015,16583300
2023-09-12,326.2338562011719,331.1701083762214,325.94871693840975,330.21629323552526,17565500
2023-09-13,330.4523620605469,331.22918819758786,325.64397421843444,325.7816225164453,16544400
2023-09-14,333.0482482910156,335.1721787492822,330.9537860249842,333.4907212996785,20267000
2023-09-15,324.709716796875,331.76989903822374,324.14922101789426,331.2979278629475,37679800
2023-09-18,323.5690612792969,324.88669745624287,320.91410345472514,322.3300769600515,16834200
2023-09-19,323.1659240722656,323.89359635152607,319.095022437881,320.7273261877417,16505900
2023-09-20,315.4173889160156,324.0902192171902,315.1617478697836,324.0115673587357,21436500
2023-09-21,314.1981201171875,319.92101113625847,309.74371174856566,313.93263631012064,35560400
2023-09-22,311.72015380859375,316.0860671908524,310.87448877989465,315.9582316625795,21447900
2023-09-25,312.2413635253906,312.36919907613066,309.7437389423757,311.3072037379406,17836000
2023-09-26,306.9314880371094,310.60907089739686,304.8468382254269,309.87158577781963,26297600
2023-09-27,307.5705261230469,309.0553085619653,304.5222493808375,307.0886822777445,19410100
2023-09-28,308.4064636230469,310.21575688010876,304.28637761624543,305.80065881535404,19683600
2023-09-29,310.481201171875,314.1391281627372,309.7240606687745,312.4478279409763,24147300
2023-10-02,316.43023681640625,316.51876142882526,309.9207069776333,311.0023577080208,20570000
2023-10-03,308.1606140136719,316.02712155021527,306.0169679036218,315.47643841498,21033500
2023-10-04,313.6376647949219,314.69966017701324,308.76043824911994,308.7899364537143,20720100
2023-10-05,314.0309753417969,314.6406549001424,309.6454056684001,313.76549150792954,16965600
2023-10-06,321.79913330078125,323.6969208452724,311.0219974867104,311.2678258217484,25673600
2023-10-09,324.31640625,324.78837743803706,317.78719140430474,319.33100051797163,19891200
2023-10-10,322.9102478027344,325.5750182685459,322.20226107285646,325.43734001157645,20557100
2023-10-11,326.873046875,327.2663662252011,323.64778019000204,325.6832160795872,20063200
2023-10-12,325.6340637207031,328.062848978579,323.23477666400214,325.0539124253683,19313100
2023-10-13,322.2613220214844,328.25950995278436,320.91415741201166,326.8337234807313,21072400
2023-10-16,327.08941650390625,330.53101374822336,325.0834485648815,325.52592163414295,22158000
2023-10-17,326.5190734863281,327.895706363903,321.9466717819366,324.0902879776136,18338500
2023-10-18,324.6015625,329.9901305761364,322.8217676991399,326.94185312433785,23153600
2023-10-19,325.7913818359375,331.25860158595435,325.3882197669904,326.60751870152404,25052100
2023-10-20,321.218994140625,326.381389371038,320.019350620081,326.18471469225653,25027700
2023-10-23,323.8247985839844,327.1779011119036,318.97707038724695,320.0390357293436,24374700
2023-10-24,325.0145263671875,326.3026643202355,322.1334257551543,325.7716667644608,31153600
2023-10-25,334.9853820800781,340.42310386646625,331.9862582686526,339.2627712727239,55053800
2023-10-26,322.41864013671875,335.9293564408089,321.48448041784866,334.8575484524091,37828500
2023-10-27,324.3066101074219,331.1013097225857,322.92013452668544,324.9162596517857,29856500
2023-10-30,331.6814270019531,333.78573199598327,326.2928589871081,327.84651090030354,22828100
2023-10-31,332.4681396484375,333.3433031373779,329.1052240143818,333.19581210226124,20265300
2023-11-01,340.2952880859375,341.6227672265474,333.9824026215242,334.120080906605,28158800
2023-11-02,342.50775146484375,343.00922092358684,339.016970678104,341.4457561237559,24348100
2023-11-03,346.9129943847656,348.47648927328174,341.53426828379986,343.7959073621998,23637700
2023-11-06,350.5807189941406,351.57387511294206,347.4537896404017,347.5521269803011,23828300
2023-11-07,354.5139465332031,356.4117340199255,351.66234393523393,353.40279769132025,25833900
2023-11-08,357.1394348144531,357.798237980275,354.5336303274662,355.64477925814185,26767800
2023-11-09,354.6712951660156,358.7028859089797,354.3467849553374,356.2544152579837,24847300
2023-11-10,363.5014343261719,363.9242518356229,355.0449340954523,355.45790886941,28042100
2023-11-13,360.56134033203125,362.3214796716584,359.79435710159004,362.0756513284613,19986500
2023-11-14,364.0914306640625,365.7434199318085,361.22017242867213,364.81910296344984,27683900
2023-11-15,364.2392578125,367.64841915601704,361.71683864791095,365.8255911591098,26860100
2023-11-16,370.6437683105469,370.8211167467286,364.74174586188934,365.51028582126,27182300
2023-11-17,364.4165954589844,368.8701819959366,361.60845836518695,368.12133741912425,40157000
2023-11-20,371.8951110839844,373.304096039392,365.54971735826314,365.766486587499,52465100
2023-11-21,367.5893249511719,370.69304303967186,365.66795990773056,370.15113498600977,28423100
2023-11-22,372.299072265625,374.2105744423134,369.46137707263404,372.44686262583303,23345300
2023-11-24,371.8852233886719,372.4172987463729,369.62888709643283,371.78668646032,10176600
2023-11-27,373.0478820800781,375.04808851693826,370.6733134944069,371.2447795697606,22179200
2023-11-28,377.0778503417969,377.3734310799554,372.60453806574077,372.79174922299154,20453100
2023-11-29,373.28436279296875,378.65427940747446,371.89507333786327,378.12223413728344,28963400
2023-11-30,373.3434753417969,374.50613286520945,369.95400962633335,372.9296322886047,30554400
2023-12-01,369.0081481933594,372.6045206628206,365.85514681042775,371.22509383375666,33040500
2023-12-04,363.7170715332031,364.0914637906027,357.5687213567305,363.6776507437524,32063300
2023-12-05,367.04736328125,367.59913401406357,360.2487359832438,361.0665594377977,23065000
2023-12-06,363.3819885253906,368.68295635972305,362.62331133398067,368.0523741639695,21182100
2023-12-07,365.5005187988281,365.9931734783956,360.9385316549522,362.8204761392107,23118900
2023-12-08,368.7322692871094,368.95887115666653,362.8204141424842,363.776165260302,20154400
2023-12-11,365.8453063964844,366.140917208106,360.72171642347627,363.0667572104508,27708800
2023-12-12,368.88006591796875,368.91948670565927,365.0176405940666,365.4019256182351,24838300
2023-12-13,368.87017822265625,372.09215835732533,365.3230593019992,370.4959322910932,30955500
2023-12-14,360.5541687011719,368.269156155742,358.78062426547126,367.8257550121924,43277500
2023-12-15,365.2836608886719,366.92911028032063,360.89902327689896,361.4606566919279,78502300
2023-12-18,367.17547607421875,367.52034031624777,363.2637972546779,364.02250460099197,21802900
2023-12-19,367.7765197753906,367.7765197753906,364.4067490977682,366.03250325578983,20603700
2023-12-20,365.1752624511719,370.50578841631284,365.08658823838834,369.490921222126,26316700
2023-12-21,368.0523681640625,368.9095822665608,364.6037863278298,367.0867544249883,17708000
2023-12-22,369.07708740234375,369.66827890495347,367.2345641067885,368.19031518305366,17107500
2023-12-26,369.1559143066406,371.40241787190627,368.0129521321374,369.49091579531864,12673100
2023-12-27,368.57464599609375,369.5500925516314,367.33314669322573,368.2002236622604,14905400
2023-12-28,369.766845703125,370.92950337498513,368.66330417937627,369.8555199252922,14327000
2023-12-29,370.51568603515625,371.6192275460888,367.9932968475244,370.4762652471226,18730800
2024-01-02,365.4216003417969,370.37770417291745,361.3818268052928,368.3676650837192,25258600
2024-01-03,365.155517578125,367.7764430989032,363.0962253980659,363.5888798928909,23083500
2024-01-04,362.5346374511719,367.6188360826796,361.7759602590735,365.2245421546535,20901500
2024-01-05,362.3475036621094,366.59418444020923,361.11586700792134,363.549582239367,21004600
2024-01-08,369.1854553222656,369.6879725666923,363.5889070595098,363.8746250380008,23134000
2024-01-09,370.2693176269531,370.46636140674497,365.73688972227416,366.5448504063893,20830000
2024-01-10,377.14678955078125,378.52624647847034,370.7915632878579,370.84081671988235,25514200
2024-01-11,378.9794921875,384.9406009736396,374.79192797943045,380.3293610152563,27850800
2024-01-12,382.7630615234375,382.969968033559,378.99917320808413,379.82682931782017,21661200
2024-01-16,384.53662109375,388.24139340844187,381.925557656747,387.8768338056293,27202300
2024-01-17,383.7484130859375,384.3789953999738,379.15686815383947,382.2803118556429,22234100
2024-01-18,388.083740234375,388.201972530476,384.38883063496286,385.965331411229,23392100
2024-01-19,392.8132019042969,392.8132019042969,387.7191405000406,389.9459487436234,29331100
2024-01-22,390.6849365234375,394.73454265352376,387.80782060564184,394.14335115597686,27016900
2024-01-23,393.03985595703125,393.5128152245442,388.14286775502507,389.93613781643626,20525900
2024-01-24,396.6460876464844,399.6709942481896,394.5670995707582,395.64108304053997,24867000
2024-01-25,398.922119140625,401.03069519921775,396.6164992894369,398.3802111244257,21021200
2024-01-26,397.9958801269531,400.20299286144075,396.51791654164043,398.42941851751783,17803300
2024-01-29,403.7008972167969,403.9570872376775,398.39006605624104,400.09466184188676,24510200
2024-01-30,402.5874938964844,406.98196463436994,400.47894778438507,406.2035919940408,33477600
2024-01-31,391.73919677734375,409.2186014629223,391.3746372046445,400.9814013717962,47871100
2024-02-01,397.8481140136719,402.0061196897029,395.8971911373073,395.92674920804393,30657700
2024-02-02,405.1788635253906,406.58784851032016,397.63139120108593,397.8777185090492,28256700
2024-02-05,399.690673828125,405.11973718115985,398.05505693610314,403.87823795810993,25352300
2024-02-06,399.53302001953125,401.97659767351126,396.99093550042556,399.9173050428237,18382600
2024-02-07,407.9672546386719,408.2135819340869,401.4149545944821,401.45437538113845,22340500
2024-02-08,408.0263671875,409.45507751601383,406.46959192466915,407.9672510426615,21225300
2024-02-09,414.3717346191406,414.63778732343934,408.991955292265,409.14960835834074,22032800
2024-02-12,409.1595153808594,414.55899064975375,408.65699805765166,414.3816422071808,21202900
2024-02-13,400.3507995605469,404.0457086747665,397.4638511225893,398.9910681954345,27824900
2024-02-14,404.22039794921875,404.56589993906414,399.3637286843402,402.81868833307914,20401200
2024-02-15,401.32806396484375,403.8649984148582,399.0872869539498,402.88774815292464,21825500
2024-02-16,398.8602600097656,403.0358361421353,398.24824344009687,402.71006595192074,22296500
2024-02-20,397.6065673828125,399.28467227572895,392.8880816547379,398.05075832879675,24307900
2024-02-21,397.0044250488281,397.1130251474651,392.10826265454955,395.0203117904289,18518900
2024-02-22,406.3525695800781,407.51737721520215,403.3122186108832,404.9113664023,27009900
2024-02-23,405.0594482421875,410.50840209542025,403.7070832004783,410.32087486596646,16295900
2024-02-26,402.2955017089844,406.8560435321,402.11779517864807,406.16503956653713,16193500
2024-02-27,402.2362365722656,403.06542317425317,398.6529454575257,402.7396530048111,14835800
2024-02-28,402.4731750488281,404.0328292486966,400.10406595257604,402.9272470121027,13183100
2024-02-29,408.3169860839844,408.8697771758562,400.6963316033454,403.3813298173751,31947300
2024-03-01,410.1530456542969,410.51827940686405,405.5925039738578,405.9774695070198,17823400
2024-03-04,409.5805358886719,411.9792577390108,407.01398846090547,408.11957070674777,17596000
2024-03-05,397.4684143066406,408.91914348036823,395.48430086662944,408.63286696668945,26919200
2024-03-06,396.9156188964844,399.94611920290095,393.26325117893276,397.784299256291,22344100
2024-03-07,403.8748779296875,404.50662623949256,397.06364847725683,400.8937223940283,18718500
2024-03-08,400.9924621582031,405.1384255054804,399.12676961447175,402.71006091285966,18002200
2024-03-11,399.3143005371094,400.4593763393833,396.096273323242,398.5641013130945,16120800
2024-03-12,409.9358825683594,410.22215907857986,401.5551475222323,402.37445324131755,22457000
2024-03-13,409.7582092285156,412.79856038183436,406.15518600344376,412.7196031326607,17115900
2024-03-14,419.7479553222656,422.31450262164736,412.6109854719372,414.8320308055619,34157300
2024-03-15,411.0611572265625,417.16162036244197,407.47786641499846,413.89421874153317,45079900
2024-03-18,411.9496154785156,415.3157366151304,408.45516246098214,408.9191153478435,20106000
2024-03-19,415.9869689941406,416.24363275003464,410.20236440839864,412.45302237396163,19837900
2024-03-20,419.7578430175781,420.4784295685996,415.24664585974097,416.5693981535872,17860100
2024-03-21,423.8445739746094,425.27592645181124,421.66302217216105,424.29864595105556,21296200
2024-03-22,423.22265625,424.3282384659813,420.58703259669744,424.17032397071773,17648500
2024-03-25,417.4183349609375,421.90980053588714,416.18442081257615,419.76771231939466,18060500
2024-03-26,416.2239074707031,420.50805370647623,415.92778013004056,420.13293899173254,16725600
2024-03-27,416.0067443847656,418.987900246969,413.61790346357526,418.9780192938283,16705000
2024-03-28,415.30584716796875,416.4410420434957,413.7264311944793,415.54274902029323,21871200
2024-04-01,419.1063232421875,422.38360623153415,416.78655877307597,418.49430668541237,16316000
2024-04-02,416.0166015625,416.94450735898084,412.4629229935154,414.7037001138204,17912000
2024-04-03,415.0393371582031,417.8131735008708,413.6968230222425,414.3286014685427,16502300
2024-04-04,412.5024108886719,423.1535654935394,412.1964026116657,419.52089960464946,19370900
2024-04-05,420.0440979003906,421.0213783675685,412.9367706496642,414.60502494858775,16554800
2024-04-08,419.1260681152344,421.7814536782747,417.85266032435015,419.698621129678,14272400
2024-04-09,420.7943420410156,422.23554534749115,416.19430642939574,420.9522866687586,12496900
2024-04-10,417.8131408691406,418.57322101093126,414.2989563794078,416.7569033069566,16216600
2024-04-11,422.42303466796875,423.8445059638332,416.9247068169411,420.340202357621,17966400
2024-04-12,416.470703125,419.70849269035864,414.3681085669582,418.59302946474156,19253800
2024-04-15,408.3169860839844,421.32736877280126,408.10966683089106,421.1101986920762,20273500
2024-04-16,409.2449035644531,413.0157525674185,408.40586601327965,409.23505273581486,16765600
2024-04-17,406.5401611328125,413.4895740933759,405.0495831926222,411.8805452142036,15855500
2024-04-18,399.0675354003906,406.5895007512514,398.7516762985985,405.34570574936373,21029900
2024-04-19,393.9838562011719,400.2620271980646,392.65122286516964,398.83067470294037,30565800
2024-04-22,395.8001708984375,397.66586357799235,390.65722508776963,394.9314905053024,20286900
2024-04-23,402.3251037597656,402.94700128728675,397.8731320388209,399.0379397213986,15734500
2024-04-24,403.7958984375,407.16201954597966,401.54524043863097,404.28946405238224,15065300
2024-04-25,393.90484619140625,394.7439137442764,383.0365219371324,388.959309192893,40586500
2024-04-26,401.0911560058594,407.68518518518516,400.5383649444101,406.86587954495434,29694700
2024-04-29,397.0735168457031,401.0911479751383,394.05289784724425,400.0349103833964,19582100
2024-04-30,384.3197937011719,396.9847044226994,384.16187921211525,396.32331323474864,28781400
2024-05-01,389.85760498046875,396.55035342207367,385.28718262896496,387.5575723765422,23562500
2024-05-02,392.72027587890625,394.78337648708447,389.57132491777804,392.54259949156545,17709400
2024-05-03,401.4267883300781,401.9104729912864,396.68854036623503,397.1031487364524,17446700
2024-05-06,408.21826171875,408.603227237703,401.1405174679132,403.49977559314374,16996600
2024-05-07,404.0722961425781,409.33372249534176,403.8255133338143,409.32384154303776,20018200
2024-05-08,405.2568664550781,406.92512065552296,401.4761369476161,402.917370243468,11792300
2024-05-09,407.01397705078125,407.40882353824776,403.83541312066325,405.28649730886616,14689700
2024-05-10,409.4028015136719,410.0345799682454,406.5006332532913,407.6259773286798,13402300
2024-05-13,408.39593505859375,412.96635748889184,405.53326050690544,412.63073648454196,15440200
2024-05-14,411.19940185546875,412.117426712038,406.25386452353786,406.71781742817865,15109300
2024-05-15,418.3887939453125,419.1107104287916,412.64321876209584,413.26623802905556,22239500
2024-05-16,416.3219299316406,420.70283173045664,415.6890421322498,417.12294600008903,17530100
2024-05-17,415.5506286621094,418.23060143126196,413.39480813113437,417.85481010987854,15352200
2024-05-20,420.62371826171875,422.0378548149535,415.33303438679826,415.55059617800293,16272100
2024-05-21,424.28271484375,428.1691308622737,420.1391721073256,422.09719809997813,21453300
2024-05-22,425.74627685546875,427.6153345538536,422.39388170740824,425.3210520448661,18073700
2024-05-23,422.2653503417969,428.79217443912484,420.7028829331948,428.16915515912984,17211700
2024-05-24,425.39031982421875,426.2803344425143,419.70407675613797,422.4532504584075,11855300
2024-05-28,425.54852294921875,426.0429788375184,421.8697699331016,424.86617140902985,15718000
2024-05-29,424.41131591796875,426.1616790443509,420.9698917832297,420.9698917832297,15517100
2024-05-30,410.0720520019531,419.5952468817441,409.64679700979286,419.5952468817441,28394500
2024-05-31,410.5269775390625,412.1290098934204,400.0247386123212,412.1290098934204,47995300
2024-06-03,408.9347839355469,411.81252080542527,404.38581394057536,410.92250624898264,17484700
2024-06-04,411.45654296875,411.8224355088356,405.13738203313136,407.856889503619,14348900
2024-06-05,419.3084716796875,419.37767256450087,411.68394052355205,413.17720689100315,16988000
2024-06-06,419.81280517578125,420.5940539083252,415.9164904670929,419.3084807052153,14861300
2024-06-07,419.1502990722656,421.5533476557977,418.30971795306937,421.4742479856217,13621700
2024-06-10,423.12567138671875,423.33333440686357,419.1898218829819,419.9908379970184,13982900
2024-06-11,427.88232421875,428.02078634829667,420.5347172370151,420.76217780161693,14551100
2024-06-12,436.16943359375,438.4834835709838,428.4460348943523,430.4930895516259,22366200
2024-06-13,436.68365478515625,438.47361288924054,434.498168180252,435.96176849341106,15960600
2024-06-14,437.6626892089844,438.2263761607837,431.877549319742,433.42024926631433,13582000
2024-06-17,443.39837646484375,445.9398870196781,435.8332072728674,437.68246749988464,20790000
2024-06-18,441.3908996582031,445.1487826948382,439.95699562171353,444.7235276745664,17112500
2024-06-20,440.75799560546875,441.57877910996035,436.37709345219747,441.35131853440595,19877400
2024-06-21,444.792724609375,445.58384193574466,441.55899405937,442.4193424510746,34187100
2024-06-24,442.7061767578125,447.72983562691786,441.4601381818841,444.8125336268041,15913700
2024-06-25,445.94976806640625,446.4145577985047,441.79632662300793,443.27969425576566,16413400
2024-06-26,447.1463623046875,448.57039770845984,443.22038125858614,444.02139740080895,16507000
2024-06-27,447.82867431640625,451.11186843959626,446.7606327682888,447.1660901912602,14806300
2024-06-28,441.9941711425781,450.33069094055503,441.46015028408425,448.046306941525,28362300
2024-07-01,451.6656494140625,452.2985372058129,440.7183897051721,443.68512479077776,17662800
2024-07-02,454.1874084472656,454.4939686896818,448.08580938726794,448.17483800659534,13979800
2024-07-03,455.6608581542969,455.9080860928665,452.80291887761234,453.10947910710325,9932800
2024-07-05,462.3755798339844,463.15682857412344,453.88083144181417,454.5137192746822,16000300
2024-07-08,461.0702209472656,462.5140538822785,459.30995917726233,461.37678118625774,12962300
2024-07-09,454.4444885253906,462.1480888962693,452.92155606573874,461.82176131593883,17207200
2024-07-10,461.0801086425781,461.28777166224876,453.7720362415662,456.10588369109234,18196100
2024-07-11,449.6582336425781,459.6264518865709,446.5431371483352,457.84642261488483,23111200
2024-07-12,448.52093505859375,451.2997748037469,445.65309687289607,449.2922850558392,16324300
2024-07-15,448.9263916015625,452.18981864416236,446.4244459584992,448.2737061930426,14429400
2024-07-16,444.53558349609375,449.2625802891123,441.7073104757177,449.18348063071454,17175700
2024-07-17,438.60211181640625,439.9173812942367,434.3102386061198,437.6824311668857,21778000
2024-07-18,435.4870300292969,439.7195707963603,429.5832261150828,439.41301059106655,20794800
2024-07-19,432.26324462890625,436.2485883597653,427.20991955719455,428.297728628943,20940400
2024-07-22,438.0285949707031,439.670192179698,434.04328162510484,436.8913524368939,15808800
2024-07-23,439.9173889160156,443.4181448887154,438.186793389343,438.9779107012884,13107100
2024-07-24,424.1442565917969,436.58478368998954,422.8487845737653,435.5662057633114,26805800
2024-07-25,413.7607116699219,425.03430071497604,412.8805958173141,424.0453888657749,29943800
2024-07-26,420.55450439453125,424.1640565570156,412.64321010602674,413.5629210032518,23583800
2024-07-29,421.99835205078125,427.35823721785147,419.9908622622184,426.7945502371275,15125800
2024-07-30,418.2305908203125,424.2925947905347,412.732213459478,422.97735537825565,32687600
2024-07-31,413.7112731933594,417.1032335524809,407.63934002598563,415.83742760783406,42891400
2024-08-01,412.4849548339844,422.7201972162586,408.50954056683383,416.12417291556886,30296400
2024-08-02,403.9605407714844,410.39836575672,399.85656314975535,407.91618767034436,29437900
2024-08-05,390.7684631347656,396.5931676964823,381.3045706583986,384.85479031825656,40709200
2024-08-06,395.1790466308594,401.17188015725634,394.08136897243253,395.5647367351895,24946500
2024-08-07,394.01214599609375,405.53296315438047,393.0627990585979,404.10895783773424,20650900
2024-08-08,398.2248840332031,401.3597174512935,395.50537665916386,397.97765609010867,20203000
2024-08-09,401.5179443359375,403.5254340135955,397.799656617914,399.5500195790903,19276700
2024-08-12,402.2991638183594,404.2275536933188,399.75765352179553,402.54639174185724,16762900
2024-08-13,409.41937255859375,410.34895203900766,405.0286018746959,405.0483692456352,19414300
2024-08-14,412.23773193359375,413.08821172004394,407.87665773392825,410.2005761710246,18267000
2024-08-15,417.11199951171875,417.19124174906176,413.7733647214418,415.8934346982465,20752100
2024-08-16,414.5758056640625,417.4190931983878,413.4166801400684,416.6859891605723,22775600
2024-08-19,417.6073303222656,417.8252842584304,412.5845034071879,415.0612389392474,15234000
2024-08-20,420.846923828125,421.89705736065446,417.71635646590653,417.77579570483533,16387600
2024-08-21,420.1930847167969,422.43203322162,417.7955912661998,420.1336152453366,16067300
2024-08-22,411.6829833984375,422.8184073246916,410.75172838496667,420.410997320223,19361900
2024-08-23,412.91143798828125,415.3584538355035,408.255163223579,413.0996723021897,18493800
2024-08-26,409.64215087890625,413.3968905070922,407.5121643134923,412.4953551222988,13152800
2024-08-27,409.9888916015625,410.5040417108967,406.43230298651787,409.01800038370646,13492900
2024-08-28,406.7790222167969,411.13807041057737,403.5196300124752,411.019191950483,14882700
2024-08-29,409.2756042480469,418.12249665584295,406.77906561893394,411.078675041423,17045200
2024-08-30,413.2582092285156,413.604928025177,408.2948214180594,411.73253163556785,24308300
2024-09-03,405.6298522949219,415.97270258559973,403.24227554701594,414.02103372225025,20313600
2024-09-04,405.0948791503906,407.41310010382534,400.60703533664076,402.13271297104455,15135800
2024-09-05,404.589599609375,409.25576060406553,402.35062114910426,403.8267457621573,14195500
2024-09-06,397.9618835449219,406.8285787467922,397.070234552708,405.2533785520499,19609500
2024-09-09,401.9444580078125,404.84718480089737,398.40767240518096,403.4503023301037,15295100
2024-09-10,410.3455505371094,412.45570379102855,403.90603822449737,404.4013853254675,19594300
2024-09-11,419.103271484375,420.044412808737,405.7685061452882,411.6334289532487,19266900
2024-09-12,423.02642822265625,423.39298024346107,415.84389519077274,419.37076416429335,17395700
2024-09-13,426.5830078125,427.8114589338371,421.5007417784194,421.8672937914901,15874600
2024-09-16,427.3260498046875,429.4956726087264,424.2350886136153,426.59294574191983,13834700
2024-09-17,431.1005554199219,437.7382183505998,428.2473514166882,436.1332986571775,18874200
2024-09-18,426.8009338378906,431.9723583829489,426.40466223436135,430.951944642908,18898000
2024-09-19,434.6076354980469,437.3914837460106,432.8342844371603,437.1240071994986,21706600
2024-09-20,431.21942138671875,435.1524782767089,430.17920464774005,433.1512870260625,55167100
2024-09-23,429.475830078125,432.39835967664135,426.3848691715516,430.2386536885338,15128900
2024-09-24,425.17626953125,429.3173642884583,422.1348308922367,428.97061525019865,17015800
2024-09-25,428.0888671875,429.08947802981356,424.58183139807875,425.8300855631319,13396400
2024-09-26,427.29632568359375,431.24918598433425,425.13661951946307,431.04114866155544,14492000
2024-09-27,424.0368957519531,427.8312712464172,423.4920260673168,427.5043252487667,14896100
2024-09-30,426.29571533203125,426.4146240359172,421.4116000312542,424.2251680181162,16807300
2024-10-01,416.7751770019531,424.4926938702289,414.9126669274289,424.46297425132013,19092900
2024-10-02,413.2482604980469,418.8853126966806,412.8321556473641,418.6475255390392,16582300
2024-10-03,412.66375732421875,415.64572621192764,410.43469544557,413.7436103396226,13686400
2024-10-04,412.1882629394531,415.84392727991013,411.10840979384466,414.34796923067006,19169700
2024-10-07,405.7289123535156,413.22844449254166,405.1939290185023,412.12878843935687,20919800
2024-10-08,410.85076904296875,411.791940593935,404.37165096666996,407.0762266898708,19229300
2024-10-09,413.5751953125,416.46803570058375,410.4445979894132,411.99007853410836,14974300
2024-10-10,411.9702453613281,413.46620317952954,409.3052757201966,411.3659364512592,13848400
2024-10-11,412.44586181640625,413.2483217876927,409.404423032913,412.26754409691836,14144900
2024-10-14,415.23956298828125,420.0939583051494,413.63461305961806,413.8822865985765,16653100
2024-10-15,414.8432312011719,418.5484476354352,411.39563513716763,418.2512212699832,18900200
2024-10-16,412.2476806640625,412.48543760596397,406.66018089425665,411.3065392799767,15508900
2024-10-17,412.84210205078125,418.5683135090887,411.722612729939,418.429601804324,14820000
2024-10-18,414.2687072753906,415.7448320191293,412.38639426497724,413.2582100340754,17145300
2024-10-21,414.8829345703125,415.06125227829034,409.89974372900497,412.2476842514802,14206100
2024-10-22,423.5317077636719,426.57311612841215,414.1498320229674,414.595626294547,25482200
2024-10-23,420.6487731933594,427.06845240983137,418.59802889539156,426.8504984713963,19654400
2024-10-24,420.7775573730469,422.01592511987707,418.4692229621463,421.3719497046553,13581600
2024-10-25,424.1656799316406,428.4950083833606,422.60039653035216,422.7886308311735,16899100
2024-10-28,422.62017822265625,427.9203975254295,422.33286847795256,427.6430043961381,14882400
2024-10-29,427.93035888671875,429.1390069836367,421.8375655534697,424.01710482121905,17644100
2024-10-30,428.5049743652344,434.4194201314416,428.0789831021246,433.3692866656604,29749100
2024-10-31,402.568603515625,412.2873114234298,402.5190506643278,411.4947379049696,53971000
2024-11-01,406.5511779785156,411.63344411141696,403.7078904341815,405.20384836550784,24230400
2024-11-04,404.6589050292969,406.6006872402375,401.7958147917939,405.9864314998881,19672300
2024-11-05,407.6310119628906,411.03900230330345,404.2824608535884,404.56977062634746,17626000
2024-11-06,416.2698669433594,416.5373737173725,406.6997576825849,408.5821007827268,26681800
2024-11-07,421.4710388183594,422.8778379270892,415.9726979378319,417.3596638124742,19901800
2024-11-08,418.6079406738281,422.5310812867246,417.8550033981939,421.3620693729889,16891400
2024-11-11,414.1201171875,420.8568260602772,412.1288120506796,418.58812774007396,24503300
2024-11-12,419.0933837890625,420.4902662976637,413.317649663667,414.3578665238478,19401200
2024-11-13,421.2431945800781,425.3347363138495,414.31822142109314,417.7163255743709,21502200
2024-11-14,422.91748046875,424.1855678921326,416.0915826132808,421.04505383486753,30246900
2024-11-15,411.1380920410156,418.86549468955633,409.79076244428035,415.91324532993855,28247600
2024-11-18,411.8910217285156,414.5064386408341,408.26507740364855,411.00928939667125,24727000
2024-11-19,413.90216064453125,414.0507587358417,407.7202079437107,409.2656885605185,18133500
2024-11-20,411.6235046386719,413.4067722571845,406.75919271133495,412.9906674094557,19191700
2024-11-21,409.8466491699219,416.70605256605285,407.28555520801666,416.4281041493026,20780200
2024-11-22,413.9463806152344,414.3434454251094,408.04987579157546,408.35760329128635,24814600
2024-11-25,415.7232971191406,417.99650611752486,411.812146489521,415.3162958278843,27691100
2024-11-26,424.8559265136719,425.89825580258685,415.78287220202776,416.5174436728799,23458900
2024-11-27,419.89251708984375,424.10148899734514,418.929618998767,421.9969878965425,18332400
2024-11-29,420.35906982421875,421.76868474809675,414.7405133546205,417.0137525773511,16271900
2024-12-02,427.82403564453125,429.82923270647603,418.22483367708463,418.48293944626425,20207200
2024-12-03,428.04241943359375,429.30310856781665,424.6077345204632,426.69236269283573,18302000
2024-12-04,434.2168884277344,436.45041220115866,429.4619560010729,429.8590208353051,26009400
2024-12-05,439.3787841796875,441.4038541812057,432.9760343176013,434.71321944433936,21697800
2024-12-06,440.3218688964844,442.83334120617906,438.5350316138442,439.0611493611207,18821000
2024-12-09,442.75384521484375,445.04692697507164,437.27427833096584,439.358906375019,19144400
2024-12-10,440.0835876464844,446.32753597079886,438.3662754088612,441.1358533918597,18469500
2024-12-11,445.7021484375,447.05220524938716,440.79832040277716,440.79832040277716,19200200
2024-12-12,446.2679748535156,452.8196506561494,445.8212579806136,445.8212579806136,20834800
2024-12-13,443.9947509765625,448.12429204881937,442.3171239692673,445.15619671011535,20177800
2024-12-16,448.28314208984375,448.86881806653923,442.01935069702205,443.99476884673294,23598800
2024-12-17,451.132080078125,451.9560191338881,446.2779042343056,447.70736185197006,22733500
2024-12-18,434.1871032714844,449.3353370303597,433.8197872534811,448.0150896587636,24444500
2024-12-19,433.8297424316406,439.9347015317489,433.12495005824394,438.38612742715867,22963700
2024-12-20,433.40289306640625,440.4905928728717,425.4912541783927,429.93842886665163,64263700
2024-12-23,432.0627746582031,434.44519400818086,429.6604823749245,433.54185407205193,19152500
2024-12-24,436.11285400390625,436.38089623186573,431.010509030067,431.4671320524487,7164500
2024-12-26,434.9018249511719,437.7111185947039,433.4326819773249,435.86472311645826,8194200
2024-12-27,427.3773193359375,432.0329778888151,423.2279358558446,431.4175228637617,18117700
2024-12-30,421.7190856933594,424.419169171776,418.8105484634703,422.940089683055,13158700
2024-12-31,418.4134521484375,423.6051649635355,417.5796069111211,422.97977346202197,13246500
2025-01-02,415.51483154296875,422.9500047735069,411.81216477472935,422.4139505741353,16896500
2025-01-03,420.24993896484375,420.92495225496697,416.4678408938124,417.996542116602,16662900
2025-01-06,424.71697998046875,431.13960318889787,422.3643396757335,424.865875513533,20573600
2025-01-07,419.277099609375,427.49646630939253,417.7185890028598,425.85855484956164,18139100
2025-01-08,421.4510192871094,423.8433749158129,418.4531451224049,420.3590683350305,15054600
2025-01-10,415.88214111328125,421.5999414060332,411.98089654314987,421.52054055637365,20201100
2025-01-13,414.1350402832031,415.4354451072025,409.27092762989713,412.19930745359136,17604800
2025-01-14,412.62615966796875,416.6663329915462,407.7123952362894,414.7504731982745,16935900
2025-01-15,423.1882019042969,425.0147242617403,415.2070689754285,416.06078709453215,19637800
2025-01-16,421.47088623046875,426.34493507947604,421.28230542678756,425.56074187721237,15300000
2025-01-17,425.8883361816406,431.29843952552403,425.03464825408395,430.9112808415576,26197500
2025-01-21,425.3621826171875,427.74460185190514,422.4834247796493,427.04974598441896,26085700
2025-01-22,442.9325866699219,443.9947282693763,432.8072669314077,434.3558409675422,27803800
2025-01-23,443.4388122558594,443.4785278251988,438.266972657695,438.76331124507635,18389300
2025-01-24,440.8082580566406,443.37928850377745,438.16773293128523,441.9002090925553,15549500
2025-01-27,431.3778381347656,432.01316613773105,420.3988297966623,420.9051049056437,35647800
2025-01-28,443.9252624511719,445.0966142937209,428.2211016468738,431.4175234893937,23491700
2025-01-29,439.0909118652344,443.60761150041753,437.17505205552743,443.41900040059096,23581400
2025-01-30,411.95111083984375,419.7634757332681,410.1345248522129,415.7034295288443,54586300
2025-01-31,412.0205993652344,417.60937689111034,411.87170384291437,415.911907348454,34161900
2025-02-03,407.9109191894531,412.3680300232083,405.6674590737405,408.5859323997036,25679100
2025-02-04,409.3503112792969,410.8889791877868,406.739565274027,409.6679752687522,20532100
2025-02-05,410.26361083984375,410.7996347714461,407.3947588943965,409.33049175194867,16316700
2025-02-06,412.7750244140625,415.1376009046221,410.9683447102107,410.9683447102107,16309800
2025-02-07,406.7494812011719,415.58430218979566,405.1115698860282,413.4302096384315,22886800
2025-02-10,409.201416015625,412.41768060214906,407.91094771202364,410.6804954197058,20817900
2025-02-11,408.4270935058594,409.4693924071674,406.3027498403555,406.6402867338733,18140600
2025-02-12,406.0447082519531,407.742177856358,401.40889219439293,404.2280919312538,19121700
2025-02-13,407.53369140625,407.99031441935836,403.38427783705555,404.0196057632089,23891700
2025-02-14,405.43914794921875,405.91564391864586,402.9078331667541,404.80385028408716,22758500
2025-02-18,406.64031982421875,407.593281493885,403.5232987441634,405.012314606688,21423100
2025-02-19,411.7326965332031,412.4474253032674,404.66483997040297,404.8931666240703,24114200
2025-02-20,413.9110412597656,417.07407700385164,410.340188149201,413.0755241021682,23508700
2025-02-21,406.0332946777344,415.8208212359378,405.7150240823537,415.11461566593005,27524800
2025-02-24,401.8457336425781,407.1870941067446,397.1906962904959,406.3316944915949,26443700
2025-02-25,395.77825927734375,399.77684273234365,394.58467628789543,398.9612079589026,29387400
2025-02-26,397.5985412597656,401.44790050472056,392.1477511905504,395.8877115559134,19619000
2025-02-27,390.4368896484375,403.5764407452776,390.0788238664077,399.13027515598884,21127400
2025-02-28,394.87310791015625,395.50970978817173,384.50868780557136,390.5662102627109,32845700
