Date,Close,High,Low,Open,Volume
2000-01-03,0.08941520005464554,0.09096740349582105,0.08428184411733158,0.09025135606603471,300912000
2000-01-04,0.08702777326107025,0.08810230220875961,0.08261046422156214,0.08786301402584155,300480000
2000-01-05,0.0841626450419426,0.08595322102041388,0.08296892316899622,0.08452112637646439,188352000
2000-01-06,0.07867082953453064,0.08416266749883515,0.07544815122126323,0.08416266749883515,120480000
2000-01-07,0.0799846425652504,0.08081987638150258,0.0771195307261992,0.07831325275460882,71184000
2000-01-10,0.08261044323444366,0.08595322247703198,0.0787909116108215,0.08022300627904017,239856000
2000-01-11,0.07926768064498901,0.08308813524927296,0.07926768064498901,0.0821327927613828,148128000
2000-01-12,0.07723870873451233,0.07938777292481905,0.07616418005483319,0.07926766435870906,123552000
2000-01-13,0.08046138286590576,0.0811783455201971,0.07616417684445961,0.07711951909579744,132192000
2000-01-14,0.08392336219549179,0.08726614186349275,0.08141673853356612,0.08165603351709504,604560000
2000-01-18,0.08750543743371964,0.08786300347513447,0.08117835944151484,0.0849978915768315,261648000
2000-01-19,0.08666928112506866,0.08786300317407472,0.0859532336974855,0.08786300317407472,164688000
2000-01-20,0.08643088489770889,0.09216110074382666,0.0857148376075697,0.08738622712622923,179568000
2000-01-21,0.08547556400299072,0.08655009279403159,0.08332649958995987,0.08619161141462348,544272000
2000-01-24,0.08165605366230011,0.08822150603721242,0.08117837892459694,0.08822150603721242,256944000
2000-01-25,0.08093909174203873,0.08284977721649647,0.07831328077462216,0.08201362092293547,237120000
2000-01-26,0.07759629189968109,0.08308813656324619,0.07616419690794998,0.08093907189740847,232464000
2000-01-27,0.07353745400905609,0.07819313466240962,0.07067234251857661,0.07819313466240962,458208000
2000-01-28,0.07138930261135101,0.07306069215818965,0.06852419805546132,0.07258302445135015,194448000
2000-01-31,0.07079245150089264,0.07329907483762098,0.06685281132145539,0.07174687160768532,182400000
2000-02-01,0.07246296852827072,0.07306074522953906,0.06828495271525788,0.07091168641478388,92976000
2000-02-02,0.07449278980493546,0.0759258066458753,0.07246291885056831,0.07282140018983642,149040000
2000-02-03,0.075686514377594,0.07843243276078896,0.07520883980335918,0.07688022947772709,108240000
2000-02-04,0.0774771124124527,0.07807397354723776,0.07592583086757598,0.07807397354723776,123696000
2000-02-07,0.07270221412181854,0.07783556937672352,0.07258302773421588,0.07783556937672352,217488000
2000-02-08,0.07616417855024338,0.07879091041898903,0.0725830265867827,0.07449278895423153,468816000
2000-02-09,0.07807394862174988,0.08034219918068736,0.07795476223469851,0.07902929090516739,589056000
2000-02-10,0.09407088905572891,0.0955038992755436,0.08284975001139892,0.08284975001139892,970080000
2000-02-11,0.09550388157367706,0.0988466606737374,0.08857995060867728,0.09872655211330443,423792000
2000-02-14,0.11078385263681412,0.11078385263681412,0.0947869255069402,0.09574226781974951,650112000
2000-02-15,0.10648664832115173,0.11114233605598092,0.10195015381020815,0.111023149663044,450480000
2000-02-16,0.1113806813955307,0.1150819480657785,0.10648662208081722,0.10768034373407731,1019568000
2000-02-17,0.1153203547000885,0.11603731744799171,0.10959013796893095,0.11126152774573891,535776000
2000-02-18,0.12869147956371307,0.1303628625959281,0.11281373695273428,0.11364897079523338,960864000
2000-02-22,0.12510937452316284,0.12630309636490353,0.12033450081809628,0.12463262899361946,542496000
2000-02-23,0.12582634389400482,0.12713925218825542,0.12212509010355962,0.1236772865224075,511392000
2000-02-24,0.12463264167308807,0.12737764478298916,0.11937917754803232,0.12654241101237482,244320000
2000-02-25,0.11687253415584564,0.12475181411505343,0.11173918600846289,0.12475181411505343,278736000
2000-02-28,0.11603733152151108,0.11746942649666925,0.1141266533685761,0.11627570434764403,517872000
2000-02-29,0.12224426120519638,0.12367727105608912,0.11532033073936471,0.11532033073936471,306048000
2000-03-01,0.11866316199302673,0.12224431518101381,0.11675339214160992,0.12224431518101381,383568000
2000-03-02,0.11066463589668274,0.11961843645609171,0.1103070768005166,0.11961843645609171,191040000
2000-03-03,0.11245523393154144,0.11364894893692461,0.10982941749518751,0.11078384438983842,273696000
2000-03-06,0.11173918843269348,0.12176752584456194,0.11078384617560232,0.11317219840285615,432096000
2000-03-07,0.15913312137126923,0.166653914385951,0.1370475015904191,0.14325538618337252,1952208000
2000-03-08,0.16044600307941437,0.1618790130100595,0.14755347677686365,0.15904325424835242,668736000
2000-03-09,0.19157448410987854,0.2062878501299235,0.16187911803495905,0.16235587752809066,952944000
2000-03-10,0.22538818418979645,0.27696011971128737,0.20007988425194348,0.2015128945515707,2161200000
2000-03-13,0.2850787043571472,0.28651079931389234,0.20246732913177423,0.2043780140910926,2415168000
2000-03-14,0.21034660935401917,0.2835265100444487,0.206287781729608,0.2835265100444487,1567776000
2000-03-15,0.2017512172460556,0.23123845066297333,0.19482728680126596,0.22541837402433065,995616000
2000-03-16,0.17987467348575592,0.2153607581301265,0.17692062947864393,0.20819752417523243,750384000
2000-03-17,0.19076843559741974,0.2043779219490189,0.17569659384089847,0.17572685493472318,557616000
2000-03-20,0.19064933061599731,0.20461638200266427,0.18456063199685854,0.19828931056617916,365280000
2000-03-21,0.18121783435344696,0.19267825399522176,0.1661762487485089,0.19100687107249914,536640000
2000-03-22,0.18253163993358612,0.18814174745246323,0.17954641991398915,0.1826508263186949,230592000
2000-03-23,0.18575431406497955,0.1957826521485453,0.18050177907064524,0.1808602535930122,309408000
2000-03-24,0.17799514532089233,0.1929175435840939,0.1719064476855578,0.18456060217578454,231600000
2000-03-27,0.16629543900489807,0.18336689612869578,0.16474415779029095,0.177636672512922,388944000
2000-03-28,0.15388059616088867,0.1623558099469231,0.15089537556306062,0.16056522679657215,393312000
2000-03-29,0.14373306930065155,0.1580586087668518,0.13752518434028188,0.15447744249068665,469440000
2000-03-30,0.14289690554141998,0.15614883824960668,0.13466006467947264,0.1394349393560776,361920000
2000-03-31,0.161371111869812,0.1678476301256515,0.14994093977515868,0.15265659715986715,962976000
2000-04-03,0.14874719083309174,0.16044599470216708,0.14456826298685807,0.1599087270091319,329952000
2000-04-04,0.1432553380727768,0.15925225428862433,0.108874055569121,0.15662553664203502,513792000
2000-04-05,0.17513000965118408,0.18623195209061766,0.13728675291767986,0.14468835754691287,639600000
2000-04-06,0.18324768543243408,0.19255904653610809,0.17453317159543946,0.18324768543243408,404592000
2000-04-07,0.19590182602405548,0.20055751341506917,0.18432220756953707,0.19243986049230313,318576000
2000-04-10,0.1785920113325119,0.21082423893372865,0.1748907437547926,0.19924461963843662,395280000
2000-04-11,0.1679668128490448,0.1814571168562009,0.15280604131822856,0.1661459824821711,457584000
2000-04-12,0.15053781867027283,0.17190647743503246,0.1499409576109106,0.16820613833071732,313440000
2000-04-13,0.14409057796001434,0.15710320436052522,0.1415839619100207,0.15173147049316976,313296000
2000-04-14,0.13140715658664703,0.14528528426938464,0.12510941652260144,0.1348984689926485,421920000
2000-04-17,0.13812199234962463,0.1432553538238363,0.12033449174726443,0.12033449174726443,294096000
2000-04-18,0.16259510815143585,0.17142881071671284,0.14755352019989412,0.15202951384761035,477504000
2000-04-19,0.1548350304365158,0.16999672058561177,0.15280607428630705,0.1677284762501324,278352000
2000-04-20,0.1539996862411499,0.1619981493913072,0.15185062986322154,0.1590138460074259,153936000
2000-04-24,0.1463588923215866,0.15161234356805273,0.13871889847815178,0.1451651701804148,205968000
2000-04-25,0.16235584020614624,0.16713163118251867,0.15256680073999832,0.15292527537863732,249696000
2000-04-26,0.16068442165851593,0.17763667937560954,0.16044603518795356,0.17369705229267116,254112000
2000-04-27,0.1738162487745285,0.1754876318975155,0.14910480988658525,0.14994095912171204,280992000
2000-04-28,0.17023512721061707,0.18336694741461934,0.17023512721061707,0.17656219994182507,179040000
2000-05-01,0.17572690546512604,0.1805017795582419,0.1715479633323702,0.1766813256107187,119424000
2000-05-02,0.16892218589782715,0.18599364450878372,0.16402719566279958,0.17572693206018777,234000000
2000-05-03,0.16617625951766968,0.17333947993157453,0.15280605596898947,0.16784764254870735,329184000
2000-05-04,0.1682060956954956,0.17524921288878265,0.1643856421403536,0.16581773671616706,241200000
2000-05-05,0.1759653091430664,0.18002413658733196,0.1652209217845964,0.16748916600636377,170592000
2000-05-08,0.16951900720596313,0.17763664633239343,0.1692797054327012,0.1714287626854657,185136000
2000-05-09,0.16713157296180725,0.17381621617663442,0.16235578364909328,0.17238412149197632,176832000
2000-05-10,0.1506570279598236,0.16557943107162731,0.14922401745613567,0.16546024464348597,274080000
2000-05-11,0.15710324048995972,0.1598491589113585,0.15077616988738862,0.1528060409419782,245904000
2000-05-12,0.15232835710048676,0.16999667315532022,0.15232835710048676,0.1614013592347723,187824000
2000-05-15,0.16283349692821503,0.16546022949136732,0.14421074219363297,0.15161234985765756,282096000
2000-05-16,0.17954646050930023,0.18467982364839156,0.16808602575410514,0.16999671072180278,366432000
2000-05-17,0.21106256544589996,0.2189418444450399,0.18897786725031643,0.18909705361697507,1290624000
2000-05-18,0.1967371255159378,0.21571835592727062,0.1954242168334707,0.2122563892377471,509904000
2000-05-19,0.1950656920671463,0.20151286443089342,0.18957477055351674,0.19100686529181887,521184000
2000-05-22,0.2077207714319229,0.2077207714319229,0.1758461014601648,0.19291755841974695,517152000
2000-05-23,0.2060493677854538,0.22526896629010495,0.19912543611929429,0.20246730021072692,778560000
2000-05-24,0.20342257618904114,0.2091527978769215,0.17620451841525178,0.205810019416653,739632000
2000-05-25,0.20055752992630005,0.2187035217858165,0.19805089961727976,0.2064069396581374,569184000
2000-05-26,0.20157252252101898,0.20712303864204143,0.18909714403189024,0.20157252252101898,183456000
2000-05-30,0.2098688930273056,0.21512142780694254,0.20604935459334323,0.20700377469734577,303648000
2000-05-31,0.2179865539073944,0.22156862138047162,0.20915285315265977,0.20915285315265977,469536000
2000-06-01,0.22407519817352295,0.2264626416080986,0.21846417602075321,0.224433686292247,418992000
2000-06-02,0.25129422545433044,0.25403922841539234,0.2287309197250908,0.2287309197250908,592176000
2000-06-05,0.25669533014297485,0.26932012692671065,0.24090744856628513,0.2509357741499376,491904000
2000-06-06,0.24389266967773438,0.26717109851473586,0.24257883211248868,0.2576213486901358,375888000
2000-06-07,0.23302899301052094,0.24413094897205825,0.22944692626684512,0.24210199370902102,332352000
2000-06-08,0.2348197102546692,0.23923701310935067,0.2253882296978805,0.23899773855333392,460704000
2000-06-09,0.2415042519569397,0.2521294645672463,0.23565485605150102,0.23923692350860895,467280000
2000-06-12,0.23505795001983643,0.24460862526553978,0.22968622971575114,0.2425787409786022,380016000
2000-06-13,0.24245953559875488,0.242578721957152,0.22729876850228947,0.22849249010376874,447840000
2000-06-14,0.24222120642662048,0.24830897456303905,0.23902787487917126,0.24699609369092995,275088000
2000-06-15,0.24854832887649536,0.24854832887649536,0.228492579485353,0.24150428118556344,338592000
2000-06-16,0.28603312373161316,0.2865107983853696,0.24759299234694687,0.24765261287631976,987840000
2000-06-19,0.3039397597312927,0.3270998982170136,0.2781537774472851,0.28531701025446365,1052160000
2000-06-20,0.2998809218406677,0.31277436392042646,0.29606141080810144,0.30919322565677365,610272000
2000-06-21,0.33032265305519104,0.33617297899660215,0.29522531512876604,0.29522531512876604,614880000
2000-06-22,0.31229668855667114,0.3356952272448497,0.3091932248479213,0.32889048256492276,614352000
2000-06-23,0.28281036019325256,0.3077601780125212,0.28269027213299774,0.3039397382689747,607392000
2000-06-26,0.3169523775577545,0.31874296027870574,0.28388400450662377,0.28842049167947614,618288000
2000-06-27,0.2721852660179138,0.31946000263820606,0.26382830919202377,0.3142065376340916,604608000
2000-06-28,0.26168009638786316,0.2884204984916405,0.2540392164348826,0.2779154020008323,586608000
2000-06-29,0.22395607829093933,0.25714365854833837,0.21965796294940637,0.25714365854833837,1184880000
2000-06-30,0.24281807243824005,0.24687688517620418,0.22300069963014904,0.2344611178649216,1209192000
2000-07-03,0.2335066795349121,0.25212942736021193,0.23111833435422077,0.24448944969626513,232680000
2000-07-05,0.20843684673309326,0.23302908622727625,0.20151290024168278,0.23255141155994594,777936000
2000-07-06,0.22109094262123108,0.22873092130203715,0.20366101253878657,0.20867517462847623,603936000
2000-07-07,0.2222847044467926,0.23302907789790853,0.21774820244499427,0.2292086370288149,346560000
2000-07-10,0.23374506831169128,0.23923690461154923,0.21631605470077225,0.2184641965888281,351264000
2000-07-11,0.25260716676712036,0.26454526167390313,0.22801490219886272,0.23064164812428628,755304000
2000-07-12,0.259769469499588,0.27290128634609984,0.25475620851804287,0.2631122355028868,388152000
2000-07-13,0.28412336111068726,0.2855554560979981,0.2647836576890728,0.26526133235457244,458736000
2000-07-14,0.28197428584098816,0.2953444753066319,0.27505035380176157,0.28985353978203704,280200000
2000-07-17,0.2788708209991455,0.2865108011825418,0.2779154716823057,0.286272428357919,105552000
2000-07-18,0.2733789086341858,0.286510722966949,0.2635898596648348,0.2635898596648348,183672000
2000-07-19,0.2559499442577362,0.2654996937976684,0.2504581066775709,0.2635899242267519,189504000
2000-07-20,0.2628737986087799,0.2693200545532926,0.2549945191552709,0.25571056640533296,142992000
2000-07-21,0.26621660590171814,0.27122983861557814,0.25976942059037417,0.26358986049381944,251928000
2000-07-24,0.243534117937088,0.26836475069056326,0.23302902153285324,0.2664549815606312,281112000
2000-07-25,0.23446115851402283,0.24926437207410884,0.2339834838929522,0.24735460259892814,335304000
2000-07-26,0.21703210473060608,0.2344611185610673,0.21058584829116786,0.2344611185610673,380064000
2000-07-27,0.20151282846927643,0.21297325938089975,0.19864772415684434,0.21010815506846767,331560000
2000-07-28,0.20628774166107178,0.221329327035783,0.1910068681489439,0.20246730127720292,512664000
2000-07-31,0.2292085886001587,0.22968626314948892,0.20628772427538422,0.21774815643777146,371232000
2000-08-01,0.2246721088886261,0.2311183797323312,0.22300072597365644,0.2292086103626471,350616000
2000-08-02,0.2292085886001587,0.23290894059178413,0.21798654286985197,0.2215686101615546,345432000
2000-08-03,0.23923693597316742,0.24448949851408294,0.20628774454877502,0.20628774454877502,368664000
2000-08-04,0.243534117937088,0.24830897794259285,0.23971367799208232,0.2449671415412374,194784000
2000-08-07,0.2626345753669739,0.26478364676849325,0.24425022203459207,0.24520557132618953,246936000
2000-08-08,0.2569042444229126,0.2712297773821499,0.255949824588268,0.2569042444229126,128112000
2000-08-09,0.24926429986953735,0.26191843847382296,0.24568316208630828,0.26024706961257044,136248000
2000-08-10,0.2521294951438904,0.25785970535365654,0.23875930521620936,0.2435341661673423,156432000
2000-08-11,0.2461608350276947,0.2545168878192696,0.23446111515457202,0.25260711869726704,131928000
2000-08-14,0.24854832887649536,0.25165182045261253,0.24066904734130334,0.2492643763157351,108576000
2000-08-15,0.2720063328742981,0.2769599710280321,0.249025882665837,0.24974192975761472,443328000
2000-08-16,0.2788708209991455,0.2867491740071646,0.2705138643235322,0.2867491740071646,266232000
2000-08-17,0.28412336111068726,0.2855554560979981,0.2740950348103581,0.27505038414135735,129816000
2000-08-18,0.2941506803035736,0.2974934727548439,0.28245189038056245,0.28292953755107625,204720000
2000-08-21,0.29868724942207336,0.3101476970824042,0.2979712019878431,0.30489513421619724,464472000
2000-08-22,0.2705138325691223,0.2893758861553449,0.26788801576980725,0.28316800166674977,658872000
2000-08-23,0.28627246618270874,0.28674921189494607,0.2607248744548541,0.2662167129147514,352800000
2000-08-24,0.293912410736084,0.29677752969882415,0.2793484977435792,0.2846010336832732,332616000
2000-08-25,0.2865106761455536,0.297015770685735,0.28507858180445284,0.29080878986260644,153048000
2000-08-28,0.2979711592197418,0.3017916266691327,0.2846009713079273,0.28794376420002205,189264000
2000-08-29,0.29725512862205505,0.2998809453215354,0.2941507356531533,0.29916489794977075,149376000
2000-08-30,0.2998809218406677,0.3039397619748976,0.29080884881138974,0.2939123398520512,178080000
2000-08-31,0.30322372913360596,0.31516182268966203,0.29844884145574885,0.3044174510530702,388896000
2000-09-01,0.30370137095451355,0.312296670605622,0.3003585783368724,0.3094315798298496,204144000
2000-09-05,0.30417904257774353,0.3111030011236844,0.3020299989020447,0.3108646010261589,246144000
2000-09-06,0.28316792845726013,0.3053727148624931,0.2807804850718296,0.3053727148624931,230136000
2000-09-07,0.2984488606452942,0.29892653524559354,0.27552799387480326,0.28746611552224605,239760000
2000-09-08,0.2807806432247162,0.30179174709576584,0.27982529372890247,0.29510618596757104,222648000
2000-09-11,0.2693200707435608,0.2788707470272716,0.25881500172914124,0.2771993506707354,285888000
2000-09-12,0.2676486670970917,0.28364557032023896,0.2635898276158221,0.26955843596803974,125976000
2000-09-13,0.2675296366214752,0.2719469394575773,0.2612025364777966,0.2669327754384621,239976000
2000-09-14,0.26502302289009094,0.28078066191630513,0.2616802284415613,0.268842563108916,216336000
2000-09-15,0.2708127200603485,0.2745726655575213,0.26168012402095336,0.26358989336829325,242592000
2000-09-18,0.25499463081359863,0.2731406411726044,0.25212953887368766,0.2714692441846651,163488000
2000-09-19,0.2628737986087799,0.263589845858842,0.24066898375724913,0.2432957290193063,301104000
2000-09-20,0.2542784512042999,0.2607247339478086,0.25021963909633843,0.25571054558783674,227568000
2000-09-21,0.2652016878128052,0.2709914905429399,0.25594990568941367,0.25618827847142794,346824000
2000-09-22,0.26979774236679077,0.273140535043827,0.23875925385712887,0.23899762661595236,387264000
2000-09-25,0.28913748264312744,0.29319632320187305,0.2760056664209934,0.27815380859276145,467568000
2000-09-26,0.2960613965988159,0.29940416193312125,0.27887074244096877,0.29224092941686053,337344000
2000-09-27,0.31229668855667114,0.3261445780086077,0.2936739663148838,0.2936739663148838,676128000
2000-09-28,0.32184740900993347,0.3237571784435695,0.3017916603963594,0.30943163981618854,333816000
2000-09-29,0.3127744495868683,0.3247125731666089,0.30752191347532143,0.3127744495868683,373872000
2000-10-02,0.3053729236125946,0.3294875227327125,0.29749366649500464,0.31707174847815345,340584000
2000-10-03,0.2888983488082886,0.3094317814298113,0.28651090367134213,0.30704433629286493,300264000
2000-10-04,0.2855554223060608,0.29033121206291423,0.27743776830455413,0.28125823616725837,419568000
2000-10-05,0.2788708209991455,0.2877045233240044,0.2729013086064574,0.2877045233240044,525048000
2000-10-06,0.26144078373908997,0.28149652639823125,0.2576212460058163,0.27958675753159445,1027176000
2000-10-09,0.2671710252761841,0.2712298379296632,0.23684855661720633,0.25475615990846767,665256000
2000-10-10,0.24687698483467102,0.26884253574227024,0.24448956751238451,0.25594999037346183,415944000
2000-10-11,0.24902601540088654,0.26263457878535473,0.2225230780870694,0.23183535663087917,535776000
2000-10-12,0.23923693597316742,0.26932010714370686,0.23684859031558925,0.2545169216758435,401616000
2000-10-13,0.2487867921590805,0.25595002885997914,0.23834131040472709,0.24090753508235535,578976000
2000-10-16,0.2430565357208252,0.24878674697222877,0.23732632446942162,0.24878674697222877,339216000
2000-10-17,0.22538818418979645,0.243056504017469,0.22276238076931185,0.24210208371894998,463248000
2000-10-18,0.22180697321891785,0.23470041480280165,0.20079587900256782,0.2108242160867905,416952000
2000-10-19,0.24329574406147003,0.24639923500953234,0.23255134593455024,0.23613251141514435,294888000
2000-10-20,0.26597729325294495,0.27218517654113944,0.23589412751703,0.23756552379752163,387360000
2000-10-23,0.2600087821483612,0.26979780607568316,0.2516518258061865,0.26812643666628677,182112000
2000-10-24,0.251651793718338,0.2631122129175489,0.2506973735704506,0.2588150270533029,193968000
2000-10-25,0.22968626022338867,0.2483089823759081,0.2280148638265068,0.24472784413878979,385512000
2000-10-26,0.23947535455226898,0.24830902908508154,0.2148830894965868,0.2311183983196333,265776000
2000-10-27,0.23398345708847046,0.24562361191408796,0.22538814290685516,0.23971369386667463,210960000
2000-10-30,0.21750974655151367,0.23535683904566937,0.21727044481320212,0.23016389842342863,192120000
2000-10-31,0.2373858243227005,0.24114667102635853,0.21918115676792657,0.2261050875819854,299256000
2000-11-01,0.23732632398605347,0.24066909065919398,0.22347845693999582,0.23159611274632075,304536000
2000-11-02,0.255472332239151,0.2616802188040664,0.24162446383235645,0.24568330579625527,192888000
2000-11-03,0.2721852660179138,0.27696012734582764,0.2502197453804013,0.2521295150392485,268632000
2000-11-06,0.29319626092910767,0.3056110981147763,0.27696002778112083,0.27863142401020646,635040000
2000-11-07,0.2733789086341858,0.2884204920700996,0.2635898596648348,0.2884204920700996,258240000
2000-11-08,0.26526129245758057,0.2764833392291974,0.2612024519250912,0.2764833392291974,187080000
2000-11-09,0.2375655472278595,0.2616801064895653,0.2258658130961965,0.24926433868864847,564528000
2000-11-10,0.2246721088886261,0.257859686657978,0.21870352630150244,0.24568321968186366,805248000
2000-11-13,0.22562745213508606,0.2502197009033328,0.2062877384281138,0.21345097181779596,530040000
2000-11-14,0.2669326663017273,0.26884243550468084,0.2387592670607308,0.24066900893989115,470736000
2000-11-15,0.26341113448143005,0.2705138463277467,0.25141344629721213,0.2621578192171879,423864000
2000-11-16,0.24687698483467102,0.2626346222568471,0.24448956751238451,0.25594999037346183,235536000
2000-11-17,0.24210205674171448,0.26144085585107946,0.23398347387317342,0.2487866867993475,178776000
2000-11-20,0.22347837686538696,0.2332673988388733,0.22085164503965105,0.23314821245510636,298752000
2000-11-21,0.21918116509914398,0.23493879643044394,0.2077207466679195,0.23302902725362776,382512000
2000-11-22,0.2077207714319229,0.21679284553627653,0.19864776831850192,0.2101082017779099,409752000
2000-11-24,0.21965795755386353,0.22777652706891424,0.21010820853882517,0.21010820853882517,165072000
2000-11-27,0.2122563272714615,0.2368485751998933,0.20348221985422804,0.2354164805115189,363864000
2000-11-28,0.19643910229206085,0.2177481641454922,0.19172382150421674,0.21547992037450178,382344000
2000-11-29,0.18432219326496124,0.19960216249557586,0.16951899685767952,0.1993637760839094,636408000
2000-11-30,0.15471574664115906,0.168563604100092,0.13895812065297694,0.168563604100092,981624000
2000-12-01,0.16999667882919312,0.1862319854322757,0.16331112022200603,0.16426646935757422,784080000
2000-12-04,0.1726224720478058,0.17668129814859707,0.15949065840121066,0.17107119117395686,474264000
2000-12-05,0.18384453654289246,0.1914845144986512,0.16760923159309238,0.18479987191927938,997224000
2000-12-06,0.15758095681667328,0.18527670412130187,0.1566256210637249,0.18026344221651672,950928000
2000-12-07,0.15471574664115906,0.1630726848621518,0.1418232242892797,0.1499408744756071,785184000
2000-12-08,0.19005243480205536,0.19100685490601899,0.15477539554340286,0.1707127221328543,853392000
2000-12-11,0.19005243480205536,0.19387195957396533,0.17906967702484314,0.18384455090969282,757632000
2000-12-12,0.1847999095916748,0.18861943484373195,0.17859202491892773,0.18527666886099803,409512000
2000-12-13,0.17047441005706787,0.18718738312088043,0.167131629642444,0.18408298922677843,675072000
2000-12-14,0.15877467393875122,0.17071277055307582,0.1547158462328902,0.16927976013911017,569016000
2000-12-15,0.1430170089006424,0.15805859445861015,0.1423000461649027,0.14874721870363608,1094424000
2000-12-18,0.14773228764533997,0.15280604317798308,0.1456428097017956,0.1489855891459541,658872000
2000-12-19,0.1365698277950287,0.16331113575885292,0.13370472278664322,0.14994094628148405,946200000
2000-12-20,0.1217675507068634,0.1485079449089823,0.11508199106723768,0.12964590343665305,1105392000
2000-12-21,0.10648664832115173,0.13656981851529,0.10505363824073606,0.12009613868493114,845256000
2000-12-22,0.13394398987293243,0.14612046906889536,0.11508196614695589,0.11508196614695589,949080000
2000-12-26,0.1284521222114563,0.13704744745175582,0.11985681063304965,0.13561535319543191,343824000
2000-12-27,0.13704748451709747,0.14230003289683307,0.12176752759065651,0.12702006230849558,339456000
2000-12-28,0.13776351511478424,0.14134558198317482,0.12940749034414217,0.131556547395785,419232000
2000-12-29,0.12516902387142181,0.14206170651667135,0.12224432480799337,0.13752521720297733,495168000
2001-01-02,0.11436595022678375,0.12773614890004004,0.11388828236001403,0.1260647656245458,290808000
2001-01-03,0.14946326613426208,0.1506569881185913,0.10791874639160196,0.1107838581248536,910368000
2001-01-04,0.16665393114089966,0.1704743857370416,0.14277772592749235,0.14683655334824813,815448000
2001-01-05,0.14170321822166443,0.16593790047541154,0.13848053971689306,0.16522093757245804,432768000
2001-01-08,0.1551935225725174,0.1614014082915658,0.13776357399141378,0.13776357399141378,573768000
2001-01-09,0.15829694271087646,0.1614013489333243,0.14970161567702908,0.15734252267707735,302904000
2001-01-10,0.16927967965602875,0.16999664219580524,0.14659812112190748,0.15017927243317464,392928000
2001-01-11,0.18336685001850128,0.19053006833314204,0.16235575758560483,0.16522086184207155,447648000
2001-01-12,0.17954646050930023,0.1976924551259417,0.17763669088887538,0.18647039319486006,669000000
2001-01-16,0.1654602289199829,0.1805018170305424,0.162595109870371,0.1805018170305424,414984000
2001-01-17,0.17142879962921143,0.18336690862009947,0.1707127521729926,0.1781143592544945,592584000
2001-01-18,0.2043183445930481,0.20915281086643858,0.16760921678570753,0.17142874092170046,948168000
2001-01-19,0.1988862007856369,0.2177482314525628,0.19578270865927316,0.2101082503819668,1018704000
2001-01-22,0.1910068392753601,0.20055750161057967,0.1855159185096321,0.19291752368298581,377712000
2001-01-23,0.2100485861301422,0.21392771772384817,0.18766498940620444,0.18861940950191652,433632000
2001-01-24,0.20915280282497406,0.21201790690574893,0.1969763256565099,0.20986885000844482,451728000
2001-01-25,0.18814177811145782,0.2024673172354286,0.1838445781464437,0.2019905579554058,440016000
2001-01-26,0.19411127269268036,0.1963795165497476,0.17632376904098185,0.1776366637293175,259248000
2001-01-29,0.1950656920671463,0.1953049802009836,0.18145711700286188,0.18814176046808545,354168000
2001-01-30,0.19936376810073853,0.20354178045471522,0.19434960680017507,0.1981700600438129,243720000
2001-01-31,0.197214737534523,0.2072430751435046,0.19291753823368196,0.19960218129259616,358344000
2001-02-01,0.19822968542575836,0.19960218692267284,0.18861941524416204,0.19721474309725825,371856000
2001-02-02,0.1790696680545807,0.2029449379680111,0.17763664445695657,0.19840845074605445,320520000
2001-02-05,0.17883040010929108,0.18002412216197008,0.1683253154277695,0.17883040010929108,367584000
2001-02-06,0.17978575825691223,0.18336691093036633,0.17507047667634776,0.17548762910906643,250440000
2001-02-07,0.17142879962921143,0.1800241288074579,0.161879050179053,0.17859203389502026,720384000
2001-02-08,0.17047441005706787,0.1821732193298954,0.1697574471244948,0.17238417995395092,384288000
2001-02-09,0.16927967965602875,0.17023502858572423,0.16307271230129583,0.16904130692800381,259608000
2001-02-12,0.16474412381649017,0.16927969547242944,0.15662555615881008,0.16736992644339987,354336000
2001-02-13,0.1697574108839035,0.1776366786808627,0.16593787190555015,0.16784764139472683,467736000
2001-02-14,0.18217317759990692,0.18718734024230932,0.16044603206019475,0.16760926597512454,690888000
2001-02-15,0.21559911966323853,0.21918118729605435,0.2058100829868355,0.2072430931093924,1108512000
2001-02-16,0.22729884088039398,0.23302905067186316,0.20437798805261942,0.20461636084531798,1081176000
2001-02-20,0.20461639761924744,0.22634354603215895,0.2043780247837082,0.22156867090953922,701304000
2001-02-21,0.2139277309179306,0.22252304537757753,0.19482731901856123,0.19697637647025495,646512000
2001-02-22,0.22300073504447937,0.22920861968598322,0.20628775225262555,0.21273402335854047,815304000
2001-02-23,0.2076006829738617,0.22538818964307286,0.20055756375828412,0.22180703682825764,1034664000
2001-02-26,0.20294493436813354,0.20724306241393928,0.19411124818975337,0.20151283980484178,751824000
2001-02-27,0.19076843559741974,0.2058100162601163,0.18957471400192208,0.19793073784661894,533832000
2001-02-28,0.17071278393268585,0.20055759062676462,0.16713163063810743,0.1893355406662255,784056000
2001-03-01,0.1842021644115448,0.18718737169410593,0.15280607821217748,0.16856371452287838,915288000
2001-03-02,0.16647514700889587,0.18312852403075452,0.16426649606630211,0.17095114041327045,1413504000
2001-03-05,0.168085977435112,0.1723841054450684,0.1590139049129257,0.1599683249441887,742296000
2001-03-06,0.18432219326496124,0.19029078843617042,0.17369700937895735,0.17668130013361427,834408000
2001-03-07,0.19912542402744293,0.1996021832384258,0.18503825975251031,0.1883810389880914,938280000
2001-03-08,0.2058100402355194,0.20795909729937143,0.19339518938003233,0.19339518938003233,829344000
2001-03-09,0.1912461370229721,0.1960210107579221,0.17333944858533307,0.19506567533687036,1216776000
2001-03-12,0.18432219326496124,0.19339519457459556,0.1762045409721767,0.18479986777338614,762144000
2001-03-13,0.20628774166107178,0.20915286018955978,0.18575431934345366,0.18670966852262982,1082352000
2001-03-14,0.2179865539073944,0.21870351661027707,0.19697637305421378,0.19697637305421378,1351128000
2001-03-15,0.22873090207576752,0.24347451944816895,0.2230006931255236,0.23135764745508108,1875984000
2001-03-16,0.22777655720710754,0.23398351372118642,0.21846426441754896,0.22514982462281258,1225200000
2001-03-19,0.2409074455499649,0.24257881491044853,0.21422663179311524,0.22658189281975963,943896000
2001-03-20,0.21846424043178558,0.2530848445099982,0.2158384234831058,0.2380423288687622,1990560000
2001-03-21,0.2347005009651184,0.24114675961912443,0.21774822684154985,0.21894194909635642,1877352000
2001-03-22,0.2583374083042145,0.2592927576675816,0.23493886294687918,0.23684863266439377,1697760000
2001-03-23,0.2559499442577362,0.2678880396989509,0.2430564995264891,0.26311224958173574,1509672000
2001-03-26,0.26979774236679077,0.27122983693756747,0.2559498807885821,0.2559498807885821,1542960000
2001-03-27,0.2600087821483612,0.27385664699654505,0.2487867069791583,0.2645452703847858,1702152000
2001-03-28,0.2601875960826874,0.26693274978524134,0.25212953370554975,0.25284558125448087,1433280000
2001-03-29,0.264067679643631,0.2731406863229068,0.2526072553419682,0.2579193859243859,1632960000
2001-03-30,0.2480110377073288,0.2671710565634526,0.24639926168766446,0.2621577959513971,1423176000
2001-04-02,0.2375655472278595,0.25332317891047135,0.2344611271112449,0.24735456946925455,1265160000
2001-04-03,0.24544396996498108,0.25189115752397856,0.23374514777718014,0.23398352062058117,1991616000
2001-04-04,0.2201356291770935,0.23661022544064741,0.2055717040387877,0.23613255082838622,3362472000
2001-04-05,0.24043066799640656,0.24425020690794919,0.22825328512421625,0.23470045794379718,1724760000
2001-04-06,0.23947535455226898,0.2521294971407547,0.23326744234022198,0.2373262832078825,1547664000
2001-04-09,0.22783340513706207,0.25002813223785575,0.2240514632367388,0.24410722857235959,1097160000
2001-04-10,0.24934042990207672,0.2567136187814334,0.23115685562284724,0.2332958440978706,1186416000
2001-04-11,0.2643921971321106,0.2742866927657517,0.2570960312449223,0.2646975133096493,1426872000
2001-04-12,0.268364816904068,0.27982523788156694,0.2545361876273015,0.25950269793647135,1440264000
2001-04-16,0.26183220744132996,0.26912929714000505,0.25701884968906974,0.2635897825097699,764112000
2001-04-17,0.2746680676937103,0.2767694593484191,0.2578597488076653,0.25797434483403286,1112448000
2001-04-18,0.29514461755752563,0.3224204350700245,0.28624307061186716,0.28624307061186716,2301864000
2001-04-19,0.32050979137420654,0.325590897981953,0.2954884582935914,0.2968251932591707,1632264000
2001-04-20,0.3321993052959442,0.34377434583393895,0.30828552428950456,0.3166516316063187,1773840000
2001-04-23,0.3146650493144989,0.3252856770385149,0.31134154519794743,0.32497945911725773,1239000000
2001-04-24,0.29239407181739807,0.3372804520254692,0.287466089057657,0.3137865527697989,1828320000
2001-04-25,0.3058404326438904,0.3162694353562888,0.29205032926745195,0.2931578721852326,1423728000
2001-04-26,0.281735897064209,0.31248743492195086,0.278870778558895,0.31248743492195086,1486008000
2001-04-27,0.30179160833358765,0.3030522461159356,0.28693063515339506,0.29262324661353756,915672000
2001-04-30,0.3182176649570465,0.3359813297840141,0.30343371482252723,0.3100046507805909,1583280000
2001-05-01,0.3479386866092682,0.3487794125112463,0.3142065031974392,0.3193637058898556,1867368000
2001-05-02,0.3399549722671509,0.35699251116893443,0.33540840070805594,0.35699251116893443,1547784000
2001-05-03,0.33846515417099,0.3399926095967905,0.32761533515122054,0.329678200563579,960504000
2001-05-04,0.34312525391578674,0.34851164790360323,0.32700457117686105,0.32853199853676673,953520000
2001-05-07,0.35852086544036865,0.36100367012450896,0.3378150787873989,0.3418262403928012,975600000
2001-05-08,0.33258166909217834,0.3639832661670317,0.3295258579369276,0.36383014362517146,1620144000
2001-05-09,0.3169955313205719,0.32899045973556507,0.31477954403746794,0.3219996115542022,1319040000
2001-05-10,0.30633726716041565,0.3300218297483754,0.30255532660252626,0.32616379243259125,998904000
2001-05-11,0.2985057234764099,0.3075218657725703,0.2923941007062784,0.3055735971388503,921216000
2001-05-14,0.30106544494628906,0.30461816593096697,0.28861208174757313,0.29938486799541425,702432000
2001-05-15,0.31187674403190613,0.3247124495671306,0.30026320429706416,0.3037013567856537,1242600000
2001-05-16,0.32658371329307556,0.32853198161445657,0.30278452675768774,0.3047327950790687,957096000
2001-05-17,0.33235251903533936,0.3419031699175075,0.32261114804663704,0.32765372755104644,919056000
2001-05-18,0.3296780586242676,0.3399924632167241,0.32318412164648075,0.33124494162810986,575832000
2001-05-21,0.34457656741142273,0.351452817657074,0.32234333642478546,0.3289527971886855,1064688000
2001-05-22,0.35489094257354736,0.3583290676943739,0.33617286248352973,0.3496191452568555,1049976000
2001-05-23,0.3518736958503723,0.38201462600191444,0.34763331649269025,0.3688351313097232,2244912000
2001-05-24,0.3570685088634491,0.36612224854471914,0.33903805528078373,0.34954312569061974,1680576000
2001-05-25,0.3503069281578064,0.3550827187998556,0.3438129895547611,0.3498870159766294,947952000
2001-05-29,0.3359437584877014,0.3483971263441939,0.33120649484130216,0.34832102956406286,920568000
2001-05-30,0.3296780586242676,0.34469122688642057,0.3262399328680469,0.3280360078613605,3308904000
2001-05-31,0.32704219222068787,0.33426225976396934,0.31997524723791954,0.3323139910394391,1262928000
2001-06-01,0.3451496660709381,0.34793868798690525,0.3273860012335883,0.3292966996997816,1022472000
2001-06-04,0.3398017883300781,0.3472125762229067,0.33525611927711163,0.3453789034442508,621552000
2001-06-05,0.35764145851135254,0.36119420714117517,0.33884637886257296,0.3394193860882852,987168000
2001-06-06,0.3591699004173279,0.36386866426153647,0.3537449793796991,0.3589791803236316,698976000
2001-06-07,0.3794548511505127,0.38048626974398064,0.35336357840616117,0.35599947753441324,1141152000
2001-06-08,0.3695988357067108,0.3788817937564366,0.3656637996833774,0.37830878649715577,712680000
2001-06-11,0.3587875962257385,0.3705542339563977,0.35305735893000467,0.37013342016731343,581928000
2001-06-12,0.37074488401412964,0.37609277880998604,0.35049844500786437,0.3512621723543642,1102728000
2001-06-13,0.3582915663719177,0.37911104115117533,0.3550826325812285,0.37345690095958034,938712000
2001-06-14,0.3575269281864166,0.3636394799955572,0.3485877843038948,0.3536688901287914,946152000
2001-06-15,0.363104909658432,0.36940815363549256,0.3467926048718374,0.3533635673787121,1094544000
2001-06-18,0.34874093532562256,0.3680705554295924,0.3447683009422842,0.3621881514759983,856656000
2001-06-19,0.3296780586242676,0.3636009322075314,0.32261111434900797,0.35531184924544895,1513128000
2001-06-20,0.3438514471054077,0.3476333886576578,0.31688094564614466,0.3236040754809664,1759200000
2001-06-21,0.350345253944397,0.3564192773591245,0.3333077245556215,0.34247608498484144,1484568000
2001-06-22,0.3487794101238251,0.3579092468859743,0.34419524212807695,0.34858778833857973,761184000
2001-06-25,0.34809187054634094,0.3541273704255153,0.33792965691743054,0.35267603938180886,640032000
2001-06-26,0.35813841223716736,0.3598574886383744,0.3390380156954302,0.34037475026905895,757920000
2001-06-27,0.3470604121685028,0.35718316987233273,0.3409863859425167,0.35641944232173606,895752000
2001-06-28,0.3511475920677185,0.3562286979683934,0.3476333692857644,0.3517206267309989,909336000
2001-06-29,0.3543180227279663,0.3598575399006947,0.34843559191129836,0.3524082533072878,730920000
2001-07-02,0.338617205619812,0.34316377580215107,0.33349852981908173,0.3402986846364408,1040016000
2001-07-03,0.34293457865715027,0.34648730039286085,0.3345684699538686,0.33628751916270466,406296000
2001-07-05,0.3180655241012573,0.3409478688753315,0.31764468291268594,0.3388465046078162,1020096000
2001-07-06,0.30828553438186646,0.31573481949294807,0.30217298376883833,0.3132896134459588,802824000
2001-07-09,0.298200398683548,0.3116476132782577,0.2952967809274567,0.30427442373312663,1014072000
2001-07-10,0.3006456196308136,0.30618420785473593,0.2970158718392659,0.3021730471860695,1221744000
2001-07-11,0.30007269978523254,0.30488608896462754,0.29078976421476405,0.2994996922269132,904632000
2001-07-12,0.31581100821495056,0.3180269956254378,0.3065665473502245,0.31420652742271343,981552000
2001-07-13,0.3092784285545349,0.31691933479191187,0.3027459937762608,0.31348120978630506,690144000
2001-07-16,0.28440943360328674,0.3094316966895283,0.2828820057735482,0.3058028499311565,1191696000
2001-07-17,0.30030179023742676,0.3030898829909262,0.2769600828521851,0.2796345086170375,1169904000
2001-07-18,0.28991034626960754,0.30125616816363826,0.2837602253037613,0.2931577788913107,840984000
2001-07-19,0.2945716977119446,0.30683434870565773,0.2896051860742694,0.29411325889117645,840024000
2001-07-20,0.2860909104347229,0.29376939042559097,0.2769601430814986,0.28723695263222265,742464000
2001-07-23,0.25900566577911377,0.28689300789783506,0.2586618505424893,0.28651069344255015,1547976000
2001-07-24,0.27654024958610535,0.276769441624163,0.25694290949455145,0.26248240017595614,1365312000
2001-07-25,0.2738657593727112,0.27657868423691045,0.264659826679475,0.2760432471685956,1245888000
2001-07-26,0.30179160833358765,0.303701377437765,0.2698931033658749,0.2712683644548304,1714152000
2001-07-27,0.3094314932823181,0.3127550216975644,0.29224084414071794,0.30121848309131105,1094688000
2001-07-30,0.30205845832824707,0.31107460100978174,0.2987349282468817,0.30981396297497305,582288000
2001-07-31,0.3090493381023407,0.31038700194014657,0.2914772672139484,0.3024793036333429,1187760000
2001-08-01,0.3279213607311249,0.3295258137024066,0.3129457923456663,0.31512327984885735,1204944000
2001-08-02,0.3357144594192505,0.33689807136563166,0.32085348707875494,0.3320847124738428,1097928000
2001-08-03,0.3330785930156708,0.33823576766067504,0.32608771862855035,0.3323524632191168,820344000
2001-08-06,0.34316372871398926,0.3465633548135632,0.32715674141766227,0.33070946271926094,1292568000
2001-08-07,0.3380826711654663,0.3447682294652408,0.3340715110578755,0.34308675057980387,1088616000
2001-08-08,0.32948726415634155,0.3438127973805303,0.3279974073894842,0.33514137523666643,1125696000
2001-08-09,0.32371869683265686,0.3344153899508127,0.3178362656559263,0.3279590497208411,1643616000
2001-08-10,0.3233373463153839,0.32776839284467496,0.3136335708207585,0.3235665383772438,1036488000
2001-08-13,0.3368980288505554,0.34056537286855465,0.32398625536508036,0.3288757377194955,1514784000
2001-08-14,0.32795900106430054,0.3329254831475614,0.3237956472565689,0.33078652190968244,2321160000
2001-08-15,0.3283413350582123,0.33930484408737743,0.3254377172745138,0.3353707093538057,1816392000
2001-08-16,0.3421698808670044,0.3426668186579304,0.3210066209102946,0.32230575788766136,1026096000
2001-08-17,0.32001373171806335,0.3378534928522619,0.31730080664892235,0.33349854425530256,1668840000
2001-08-20,0.3177977502346039,0.3212358762382872,0.3080563795622695,0.3179884430111475,1183320000
2001-08-21,0.31111225485801697,0.3270046799137236,0.310616245876346,0.31860004229415073,1186656000
2001-08-22,0.32391029596328735,0.3242541113184961,0.30656654225563573,0.3166132296876229,1498104000
2001-08-23,0.31672772765159607,0.32696600638856144,0.31516177392651795,0.3228017515070063,1013592000
2001-08-24,0.3257814943790436,0.3323139300383556,0.31825611210524074,0.3201282837104054,1110936000
2001-08-27,0.33705124258995056,0.34136769165583813,0.317263214207045,0.31848535287428786,1279608000
2001-08-28,0.3326578140258789,0.3436222530425637,0.3300604411111239,0.3361344667605017,1178760000
2001-08-29,0.3219619691371918,0.33567597234665203,0.3191729748900583,0.33357460868600025,1435800000
2001-08-30,0.3209305703639984,0.3231841552088586,0.308476301500657,0.31592558840796736,1431312000
2001-08-31,0.32360410690307617,0.3265462244804666,0.3145888647358173,0.31879071882633975,887904000
2001-09-04,0.3011040985584259,0.3227258062162881,0.29884961159263207,0.3227258062162881,1856136000
2001-09-05,0.30752187967300415,0.3098139637367268,0.28861217248539317,0.30083632026347684,2395584000
2001-09-06,0.29495295882225037,0.3109599754882512,0.29357772491221124,0.30144782481768656,1950768000
2001-09-07,0.29804736375808716,0.3025554634238564,0.288802928697234,0.29033128563716176,1970256000
2001-09-10,0.28941428661346436,0.30007247609686677,0.2834163602205859,0.29552590728285844,1872360000
2001-09-17,0.25969335436820984,0.2780300526886012,0.2583941898832613,0.271382993058058,1138596000
2001-09-18,0.24403101205825806,0.2666456265706362,0.23814768150524765,0.2647358577825956,894372000
2001-09-19,0.24105140566825867,0.24823294719800326,0.20674619787079848,0.24540635479387657,1561908000
2001-09-20,0.2206517904996872,0.23646717194901679,0.21392773242208082,0.2281386606257542,1470696000
2001-09-21,0.2060585469007492,0.21606763618478217,0.19872386985727275,0.20361335399115943,1226304000
2001-09-24,0.2292085886001587,0.2325706173867843,0.21255245522630872,0.22240843426338586,1507500000
2001-09-25,0.22026945650577545,0.23982827812171456,0.21958182594013925,0.2298962161152006,941724000
2001-09-26,0.21232327818870544,0.22386072401577836,0.21010820630082355,0.22309608122740535,430812000
2001-09-27,0.20055752992630005,0.2139277322704345,0.19490341701948313,0.2115595379689645,907296000
2001-09-28,0.20987896621227264,0.22011633045218149,0.19750169820010963,0.20628771823134034,1044876000
2001-10-01,0.19207686185836792,0.21316406086368436,0.1887148319388988,0.2097259341550526,972804000
2001-10-02,0.18245001137256622,0.19941144472792433,0.17312855536592642,0.19177146737920603,1123032000
2001-10-03,0.21835963428020477,0.22989616024912984,0.18153315465801234,0.18153315465801234,1798824000
2001-10-04,0.24670451879501343,0.2582419624310818,0.22202700918016827,0.22997230324321366,1980576000
2001-10-05,0.2513658106327057,0.25740133798803533,0.23371673831160047,0.24296117300323894,1078212000
2001-10-08,0.25701895356178284,0.26656960351207437,0.24143275057111813,0.24143275057111813,765900000
2001-10-09,0.24586471915245056,0.2628261556752936,0.23853005645350495,0.2577065510016257,917556000
2001-10-10,0.26168009638786316,0.2635898655335338,0.23990530172365168,0.24150975481309825,968124000
2001-10-11,0.29002493619918823,0.2907895924888135,0.27420954346654125,0.27566180295532383,918000000
2001-10-12,0.3088970184326172,0.309431526344038,0.2816972819280193,0.282690228329258,1253100000
2001-10-15,0.30752187967300415,0.3170716288149739,0.2914772639031479,0.2998809710132563,908568000
2001-10-16,0.33846515417099,0.34090943259699286,0.30079792084772206,0.3071396670197123,1383852000
2001-10-17,0.3185998499393463,0.3461048743317107,0.31707149398500456,0.3459517518365265,1695540000
2001-10-18,0.3320470452308655,0.3351789520602885,0.3178361088439419,0.3185998359451023,1020864000
2001-10-19,0.33892348408699036,0.34381296877143974,0.32318418299448937,0.32730994014987946,1059264000
2001-10-22,0.3469456732273102,0.3514528419299079,0.3289142933615611,0.3364021051834016,970824000
2001-10-23,0.34083330631256104,0.35764162634165314,0.33311629898401607,0.351376906521852,953028000
2001-10-24,0.355884850025177,0.3567246741619647,0.3308240944842306,0.3346445620289316,1212144000
2001-10-25,0.3767428398132324,0.3830836539444994,0.3422845307877044,0.3476333272777816,1152396000
2001-10-26,0.34984830021858215,0.3853756139269417,0.347633215650951,0.3741443908691601,1097124000
2001-10-29,0.3214265704154968,0.35718311926293334,0.3210451848607477,0.3510714963532783,1004796000
2001-10-30,0.32089200615882874,0.33571448019619543,0.30828554629608484,0.3155441116272549,1153380000
2001-10-31,0.32746297121047974,0.3419031035569683,0.32280177817624234,0.33288696255140854,989292000
2001-11-01,0.3554265797138214,0.3581000774122358,0.3266223709784287,0.33166497918776366,1093776000
2001-11-02,0.3603920638561249,0.36474701267811505,0.34075712830227173,0.3538220294158373,1087248000
2001-11-05,0.3616911768913269,0.37666584650589846,0.35939909296521144,0.36665768661679216,933456000
2001-11-06,0.3865218162536621,0.388203295332057,0.3590938073552421,0.3610035767487215,1415376000
2001-11-07,0.3868280053138733,0.4017265771823233,0.3813270151807486,0.3835420731818116,1419144000
2001-11-08,0.3801039755344391,0.39683619379803636,0.3686435558092075,0.39164142104038596,1915188000
2001-11-09,0.40646299719810486,0.4067692150008738,0.389578584187714,0.3969132478699026,2270484000
2001-11-12,0.41738882660865784,0.4277793271312838,0.3925581936096309,0.4049354617281713,1458636000
2001-11-13,0.41395068168640137,0.41876406806038075,0.4079912535399309,0.41868797130200897,1446516000
2001-11-14,0.4024141728878021,0.42098006079394557,0.39118294696445666,0.4170064984088304,1150224000
2001-11-15,0.4045531749725342,0.4100541925104628,0.3927874398455902,0.39783001876251245,874944000
2001-11-16,0.4010390341281891,0.4092135226610544,0.39561411225310045,0.4049355719333834,496128000
2001-11-19,0.3922520577907562,0.4087550853955163,0.3705542570061071,0.40501164307799764,1943052000
2001-11-20,0.3812500536441803,0.4010390141575313,0.3768951046653219,0.394162761670619,937884000
2001-11-21,0.37636059522628784,0.38636968584812637,0.36520548976783057,0.3748322384505912,728412000
2001-11-23,0.3816322684288025,0.3820146102414456,0.3713178923958426,0.37781182859563084,254016000
2001-11-26,0.4089082181453705,0.40944272629803347,0.38698026846275124,0.3880502137772373,1215780000
2001-11-27,0.41326311230659485,0.4225075719365429,0.4011150622559449,0.40867894453833414,1183992000
2001-11-28,0.392405241727829,0.4147915784032091,0.39148839153761444,0.4079914217234517,740844000
2001-11-29,0.4095958173274994,0.42304303351545486,0.40799136387686263,0.42090314290850545,5135472000
2001-11-30,0.4174650013446808,0.4204447161144243,0.4034071807463851,0.40944270706203156,1034028000
2001-12-03,0.41112419962882996,0.4137976693627741,0.4037895084724889,0.4086789929070007,851496000
2001-12-04,0.4442063868045807,0.44466482555885756,0.4131871222631237,0.4131871222631237,1384644000
2001-12-05,0.4800388514995575,0.4809556740011109,0.44733904931862384,0.44772043480103074,1707036000
2001-12-06,0.4724749028682709,0.4775175078792709,0.4604799786797641,0.47629536950521506,1138944000
2001-12-07,0.4580349624156952,0.4732397275250567,0.44986044683469306,0.46896087525628233,807036000
2001-12-10,0.4626189172267914,0.47308638653576834,0.4519231303591577,0.45574266780404865,695868000
2001-12-11,0.47919926047325134,0.49012424665521137,0.4660573847098971,0.4707185525765132,792252000
2001-12-12,0.49409744143486023,0.4943266333257187,0.47354476518488126,0.48286621906930915,1004628000
2001-12-13,0.4798867702484131,0.490582561656391,0.477976071706144,0.48439394001362107,881400000
2001-12-14,0.5015084147453308,0.5038766226800498,0.4775946296190374,0.4798097150082266,754680000
2001-12-17,0.5195398926734924,0.5267975306865954,0.4976880128570546,0.4976880128570546,1080960000
2001-12-18,0.5061688423156738,0.5153371801459964,0.5018908639261265,0.5081556106093057,886968000
2001-12-19,0.4923401474952698,0.5080024220254816,0.49043037792388294,0.49784113854928036,854652000
2001-12-20,0.4729333519935608,0.5032658718788945,0.47117670564604325,0.4943267306054701,951228000
2001-12-21,0.49340999126434326,0.4966188974982331,0.47767072150876516,0.4832477808701348,723972000
2001-12-24,0.5057103037834167,0.5082315797950012,0.4929516208829971,0.4931808675368453,265308000
2001-12-26,0.5180873274803162,0.52672115083135,0.5081552419412432,0.5082313113509225,642156000
2001-12-27,0.5300834774971008,0.5324516310381596,0.5218319638491911,0.5225956639931001,730152000
2001-12-28,0.5173237919807434,0.5367304072121919,0.5122051163982436,0.5332153104385883,757680000
2001-12-31,0.5111350417137146,0.5241238409714353,0.5099889727982561,0.5211441273683317,737580000
2002-01-02,0.5141910910606384,0.5229780429283513,0.5004385848375761,0.5133512667131668,1298904000
2002-01-03,0.5478847026824951,0.5501007172763215,0.5149557018242684,0.5152609632856655,1414752000
2002-01-04,0.5319170951843262,0.5551432509729329,0.5225956367544615,0.5551432509729329,936288000
2002-01-07,0.5176292657852173,0.5348199265801169,0.5104476962321325,0.5340561716638669,973068000
2002-01-08,0.5237419009208679,0.5361952721533304,0.5148027537217817,0.5165603302431784,774360000
2002-01-09,0.5165599584579468,0.5405498060097997,0.509225270448337,0.5310000879066592,1141188000
2002-01-10,0.5041829943656921,0.5208382194156271,0.4996749491518646,0.513809771824544,992508000
2002-01-11,0.48187267780303955,0.5076971103998308,0.4798867841114738,0.5075440424793555,1380852000
2002-01-14,0.45658352971076965,0.48416468702933835,0.45658352971076965,0.480803532420527,1369560000
2002-01-15,0.499216228723526,0.4995215447430739,0.4750732565488046,0.4756077645114319,1838808000
2002-01-16,0.4797336161136627,0.49562513594909274,0.47789997080225277,0.4924162293303292,1115388000
2002-01-17,0.49654191732406616,0.4966189157751893,0.47767073908837576,0.49562509474458255,1121544000
2002-01-18,0.4874507188796997,0.49088887283698035,0.4775177519260135,0.477823942446917,803676000
2002-01-22,0.4752257168292999,0.4933332020393534,0.46972466992667483,0.4920349387946416,1085028000
2002-01-23,0.4841645359992981,0.48760263334093806,0.470030597285386,0.47950424571100436,889164000
2002-01-24,0.5015084147453308,0.5065510210582392,0.4786636457630972,0.4889780503789041,1137684000
2002-01-25,0.5002093315124512,0.5126636277766826,0.48821440293431784,0.4943269004114926,817752000
2002-01-28,0.5194629430770874,0.5195399962036888,0.5049467351490532,0.5099892884852404,924288000
2002-01-29,0.49402090907096863,0.5222135602032663,0.48592246006854817,0.5206861046513096,1381932000
2002-01-30,0.4999801218509674,0.5003624364141976,0.48477623236579986,0.49661896697303143,1218456000
2002-01-31,0.5022721290588379,0.510371392986469,0.48553985824072476,0.5064748562320757,973980000
2002-02-01,0.4899718165397644,0.5067801562647253,0.4870682264969252,0.5014322891165822,688272000
2002-02-04,0.46689802408218384,0.5008209059970028,0.4661343238343258,0.48890204525576314,1104864000
2002-02-05,0.4623136520385742,0.4678146412517183,0.44413008008806015,0.4637650370808628,1474620000
2002-02-06,0.4738503694534302,0.48202575956282473,0.4652935391028385,0.4745380001919665,1242528000
2002-02-07,0.45849329233169556,0.47446175383314954,0.4562782071235564,0.47446175383314954,964476000
2002-02-08,0.4409973621368408,0.4641474474402835,0.4235014170540257,0.46155004748873996,1871292000
2002-02-11,0.4653697609901428,0.46605739187316175,0.43870544309987936,0.44030989694438666,1249224000
2002-02-12,0.4752257168292999,0.48401266980766156,0.45306947224702665,0.4583412724303031,1216500000
2002-02-13,0.46911385655403137,0.48943641773523455,0.46452968953623436,0.4813379740493346,1230432000
2002-02-14,0.4749201536178589,0.48477611799519504,0.4671270807560341,0.4730864540548774,1225692000
2002-02-15,0.4381707012653351,0.4557427687725385,0.4335865339678976,0.4530692723057993,3988548000
2002-02-19,0.40913745760917664,0.4238068145103826,0.405775427716424,0.4194518649769101,1972524000
2002-02-20,0.430529922246933,0.4351140906190899,0.401115115096914,0.4018788425971534,1838736000
2002-02-21,0.4011150598526001,0.42479965327541847,0.40058055177410423,0.42464745973706747,1531044000
2002-02-22,0.3814031779766083,0.39767698653381955,0.37628447415793875,0.39309281818799086,2585616000
2002-02-25,0.41127634048461914,0.4142560549695834,0.3830836761972,0.38316070197511437,1599564000
2002-02-26,0.42021551728248596,0.4274741117779913,0.4091374109133449,0.42029254307152053,1902672000
2002-02-27,0.40608152747154236,0.4315997925340737,0.4049354855777229,0.4297661200392038,1723224000
2002-02-28,0.3897307515144348,0.41066575220794543,0.38629259825937995,0.4034071584675133,1585440000
2002-03-01,0.42739781737327576,0.42785622853507205,0.3923289126533871,0.3934749542197709,1311396000
2002-03-04,0.45123571157455444,0.4561251961380368,0.4245704979511778,0.4286962550044957,1484724000
2002-03-05,0.45008960366249084,0.46216062791671064,0.4439009826492042,0.4442823681820418,1379448000
2002-03-06,0.43595466017723083,0.4410733621888658,0.4265571074563423,0.4366422906511135,1446060000
2002-03-07,0.43244051933288574,0.44359472053643717,0.4203685665327195,0.44214338988841434,1346532000
2002-03-08,0.44535234570503235,0.4545207092178839,0.438552190338289,0.44069208083545774,1270356000
2002-03-11,0.44015657901763916,0.4453522802524551,0.43282191660911645,0.44046282409102644,810540000
2002-03-12,0.4170835018157959,0.42900233031430396,0.4141037878602214,0.42671024685982967,1255032000
2002-03-13,0.40951967239379883,0.4161667320845323,0.40799131590183035,0.4131870175558446,1031616000
2002-03-14,0.3868280053138733,0.40646293826661495,0.38598727949899536,0.40646293826661495,1139460000
2002-03-15,0.4031779170036316,0.40363635562832956,0.3821668480157012,0.3895785365783322,1248288000
2002-03-18,0.4031779170036316,0.41937565367017865,0.3985937493470082,0.4105126071132646,1236996000
2002-03-19,0.3946211338043213,0.4068452808928111,0.39225202408954235,0.40608155347642466,846072000
2002-03-20,0.3554265797138214,0.388891054655443,0.3541274147583663,0.38812639797303583,2292588000
2002-03-21,0.3742975890636444,0.3785764399453944,0.3519112351602297,0.3614619107796774,1721712000
2002-03-22,0.37108877301216125,0.3810208645539143,0.36826218068154065,0.3810208645539143,1249140000
2002-03-25,0.35191139578819275,0.3697896876951712,0.35145298435248107,0.3693312762594595,884160000
2002-03-26,0.3590938150882721,0.36803293174175505,0.34625813378316156,0.34824399999110117,1123512000
2002-03-27,0.34763339161872864,0.3607743899271538,0.3415208666495376,0.35359282134547143,1068012000
2002-03-28,0.33892348408699036,0.35221757833266953,0.3198991791598805,0.3500015908426249,3124080000
2002-04-01,0.3333453834056854,0.3359436848515998,0.30989001106380776,0.3201282909412647,2365344000
2002-04-02,0.3246355652809143,0.3414448129704265,0.3227257954743177,0.3233373294835522,1438008000
2002-04-03,0.3307478427886963,0.33494969388381873,0.3193635259105112,0.3260875806139609,1094640000
2002-04-04,0.32914355397224426,0.3403747812868333,0.3237186604035437,0.32822673135724695,1130964000
2002-04-05,0.3216557204723358,0.3366312891109613,0.3182945936367285,0.3312824931103505,1026900000
2002-04-08,0.33242860436439514,0.33242860436439514,0.3066811449547004,0.30675724172811125,1151316000
2002-04-09,0.311418354511261,0.33846497381448737,0.31065372552019416,0.3357144789557193,1380768000
2002-04-10,0.29422780871391296,0.31630792508738587,0.27199456976865427,0.31393974407038994,3689724000
2002-04-11,0.28131502866744995,0.29560296761758215,0.27810612248380234,0.29185862439736476,1437288000
2002-04-12,0.2802460193634033,0.2898727654700496,0.271459070037499,0.28758068176257223,1376880000
2002-04-15,0.2915533781051636,0.2963667658562009,0.28498244163272946,0.2856700723577061,1157208000
2002-04-16,0.30423590540885925,0.30775105680711545,0.2982764767308754,0.3046182199288238,854856000
2002-04-17,0.3078272044658661,0.3123352759448547,0.29820042926769746,0.3078272044658661,944484000
2002-04-18,0.3027084171772003,0.30798021468179926,0.2960613859695259,0.3046942829518883,693156000
2002-04-19,0.28207963705062866,0.2960613845604466,0.2816973225748215,0.2924701368118216,1125672000
2002-04-22,0.2834550738334656,0.28918528609829397,0.27887090402160286,0.27894700082515794,808176000
2002-04-23,0.2719945013523102,0.2889559368243082,0.2694731983977263,0.285670004859905,773508000
2002-04-24,0.24815671145915985,0.2791759827525642,0.24746910843136458,0.27512632470569215,1582956000
2002-04-25,0.2577836215496063,0.2627492028577354,0.24708690073419035,0.24716299751428367,1168296000
2002-04-26,0.23203521966934204,0.26091551743914076,0.23203521966934204,0.26061020132434065,1191120000
2002-04-29,0.2706952691078186,0.27459180488649243,0.250754124414761,0.25946404560012853,3930852000
2002-04-30,0.2659580409526825,0.2807805149540824,0.2601517351776744,0.2771131702552117,1776504000
2002-05-01,0.27077144384384155,0.274515787214876,0.2548038560819498,0.26160310886551186,1718904000
2002-05-02,0.25984641909599304,0.27879372004147646,0.2597694206504777,0.2720705917544536,1125084000
2002-05-03,0.2502196729183197,0.26213852950255234,0.24892050858843462,0.260151734627609,852756000
2002-05-06,0.24066896736621857,0.25518522183227743,0.2386822000571842,0.24372477790011227,1102044000
2002-05-07,0.24670451879501343,0.2511364924235065,0.23463349615858003,0.24601688825818493,1412448000
2002-05-08,0.2750503718852997,0.27932922407239213,0.25518531465296795,0.26351382700589243,1688688000
2002-05-09,0.2632846236228943,0.2798637201401595,0.26282618495256005,0.2742096067743077,1230840000
2002-05-10,0.24357274174690247,0.2697025522119972,0.24066912283917852,0.26870870341104636,1321548000
2002-05-13,0.25831812620162964,0.2591588794841135,0.24403111304470468,0.24609397786653378,800892000
2002-05-14,0.28398942947387695,0.28689304695173934,0.27008380489772704,0.27482109477926947,1526112000
2002-05-15,0.2895667254924774,0.29491552521712305,0.2757380906703386,0.2796346572242759,1504548000
2002-05-16,0.29010209441185,0.2960615252331228,0.2837603489331144,0.2896436556380571,985560000
2002-05-17,0.2992703318595886,0.30011015599852636,0.2905604079496211,0.29797116741613233,934404000
2002-05-20,0.30247926712036133,0.3044651058463307,0.2953737963703112,0.29674903026387955,953412000
2002-05-21,0.27940523624420166,0.3105776095715612,0.27909994753674855,0.30637575712081927,1382604000
2002-05-22,0.2907126247882843,0.29239410389516735,0.28116287597382617,0.2816212873060899,1547988000
2002-05-23,0.2729874551296234,0.2921648799209088,0.2643536274317131,0.29155334604332417,2556780000
2002-05-24,0.2676395773887634,0.2691670323313462,0.26145095578568217,0.2677917709423069,737784000
2002-05-28,0.25701895356178284,0.2701608518381886,0.2516710584659389,0.27000772929195177,1367088000
2002-05-29,0.266722708940506,0.26779172502089366,0.24899661677143234,0.25289318093092117,1311012000
2002-05-30,0.262826144695282,0.269166986086297,0.25617911287913364,0.2612977883299569,1066080000
2002-05-31,0.2556436359882355,0.26549959985017607,0.2551852247833568,0.264353558176085,674112000
2002-06-03,0.24059292674064636,0.25060111364901694,0.23753621380866405,0.24945507172083123,901248000
2002-06-04,0.2527409791946411,0.25403921453299527,0.2386822323415415,0.239064546841873,1095432000
2002-06-05,0.24907365441322327,0.2533516042803533,0.24028670467368454,0.25327550751300454,1114308000
2002-06-06,0.24914976954460144,0.25251179874811847,0.24639927422818106,0.24647537100113864,739356000
2002-06-07,0.2467816025018692,0.24983741408901985,0.22882631517956703,0.2289033273039837,1371300000
2002-06-10,0.2447187900543213,0.25701906619254167,0.24410728325801376,0.250066687493718,749148000
2002-06-11,0.23371660709381104,0.24983731348522462,0.23310507341897996,0.24876736863740573,859308000
2002-06-12,0.21354630589485168,0.2322644021896983,0.20376643717577314,0.2281386460194468,2267544000
2002-06-13,0.2113303244113922,0.219123412011691,0.20460718193710475,0.21515077827616033,1265892000
2002-06-14,0.21530301868915558,0.21690747222302992,0.19666101461635344,0.20353728112954342,1116444000
2002-06-17,0.21721364557743073,0.2229438547532419,0.21346928866580756,0.22011633404212783,1054140000
2002-06-18,0.21606767177581787,0.22233240461795062,0.21201801119188574,0.21453930129074578,1008300000
2002-06-19,0.18222086131572723,0.20552404393163964,0.1806163942683021,0.20552404393163964,2593620000
2002-06-20,0.1805403083562851,0.18756876820835253,0.17817121201881247,0.18260318687744997,1425048000
2002-06-21,0.17312856018543243,0.1865757721027851,0.1694612294187299,0.179623411375328,1484364000
2002-06-24,0.17633751034736633,0.18176241751552147,0.1635018299423785,0.16869753145942257,1379592000
2002-06-25,0.16174516081809998,0.17954642078366276,0.1606752157262394,0.17954642078366276,1172232000
2002-06-26,0.15334059298038483,0.1587655012598376,0.13943495091546015,0.14340851456104264,2067828000
2002-06-27,0.1304958015680313,0.16021682400563128,0.1283568264702855,0.158994685236788,3182808000
2002-06-28,0.1312604695558548,0.1366844627885426,0.12553024481534183,0.12835685111801834,1991184000
2002-07-01,0.13095420598983765,0.13446935757354042,0.12820371081019807,0.13064890356601058,1164372000
2002-07-02,0.12270275503396988,0.12988522723997126,0.11934164002323686,0.12942681575042309,1368180000
2002-07-03,0.13332326710224152,0.1335524726734533,0.12186283826083492,0.12193893500230538,1073304000
2002-07-05,0.1450890600681305,0.1451651568420202,0.1387473161425644,0.1428730728296286,739524000
2002-07-08,0.14944401383399963,0.15463971545472058,0.14325537915912656,0.14340848804529566,1587180000
2002-07-09,0.14210934937000275,0.15173611068898496,0.13890042893034202,0.14982634118689966,1075080000
2002-07-10,0.13821275532245636,0.1466934719695499,0.13721982249174464,0.1455474302871233,926988000
2002-07-11,0.15227065980434418,0.1528060970841787,0.1362260532870949,0.13744912143977667,1143948000
2002-07-12,0.15211839973926544,0.16105754253248072,0.14898557660129,0.16044600872336534,1344900000
2002-07-15,0.1672462373971939,0.16732233418806583,0.1456236006780135,0.15249986791163747,1495272000
2002-07-16,0.1627381294965744,0.1784004180611033,0.160063730684761,0.16312045775598202,1773432000
2002-07-17,0.14890943467617035,0.1623557286650934,0.14256769356031485,0.15922382182403805,1922364000
2002-07-18,0.1450890600681305,0.15509813568114347,0.14470673184240285,0.14646430774318578,1243188000
2002-07-19,0.1385180652141571,0.14623506871633482,0.13752514599132637,0.1406579688525297,845772000
2002-07-22,0.13210025429725647,0.1418040409960859,0.12644705646503412,0.1379074900314209,1290744000
2002-07-23,0.12224426120519638,0.13370469228631623,0.1177371063408279,0.1328648682637206,1409652000
2002-07-24,0.13003738224506378,0.13202415001246542,0.12048763399154064,0.12056373076005497,1175100000
2002-07-25,0.11506273597478867,0.12537712901217812,0.11086088880715665,0.1249948143994316,1796448000
2002-07-26,0.11238829046487808,0.12117522477939965,0.10925638313386007,0.11842473021760291,1221900000
2002-07-29,0.115521140396595,0.11766011540559694,0.11177770529405559,0.11704949688915112,1227720000
2002-07-30,0.1239258199930191,0.12973212920950217,0.11460435751497315,0.11498667223759447,1818012000
2002-07-31,0.08457797765731812,0.0921418671695264,0.08358505138024334,0.09030819450076712,4837140000
2002-08-01,0.07647957652807236,0.08526560441352073,0.07640256441077217,0.08526560441352073,1725708000
2002-08-02,0.07143697887659073,0.07945927804263889,0.0695262944876999,0.07892384786690534,1795260000
2002-08-05,0.0657067820429802,0.0705201629204069,0.06486604241790492,0.07036705401421378,1330716000
2002-08-06,0.06914490461349487,0.07174229795098905,0.06769264478861825,0.06876259004209932,1168800000
2002-08-07,0.06754045933485031,0.07288835608984502,0.06494215007586235,0.07220073208672834,892980000
2002-08-08,0.07197149842977524,0.07319363702984327,0.06647048804698938,0.06822806368888654,755424000
2002-08-09,0.07029096782207489,0.07258305234772008,0.06883870086979235,0.07006175527093995,581304000
2002-08-12,0.07029096782207489,0.07296445164976355,0.06769265860696976,0.06952632486129577,592800000
2002-08-13,0.06883866339921951,0.07418747249980102,0.06876256664971123,0.07074934075184197,654420000
2002-08-14,0.07349987328052521,0.07411048500402248,0.0695263100953641,0.07013783716606237,632688000
2002-08-15,0.07861853390932083,0.08014689689252513,0.07548571118982321,0.07625035377036911,1140120000
2002-08-16,0.08167435973882675,0.0844248616802714,0.07212461164266726,0.0744166954553797,1657428000
2002-08-19,0.09664992243051529,0.10276154431012599,0.08503638176875551,0.08518949746887207,2243928000
2002-08-20,0.09237106889486313,0.09932342421770078,0.09114893017088486,0.09741366168776303,1429488000
2002-08-21,0.09726053476333618,0.09848359552450098,0.09206575585909138,0.09657291103659889,1194876000
2002-08-22,0.09397552162408829,0.09817737456252164,0.09336399463649665,0.09435784297132326,1358496000
2002-08-23,0.08778689801692963,0.09191265469163969,0.0872523899069215,0.09130112762983289,919932000
2002-08-26,0.08847448974847794,0.09007894921246483,0.08434873488938419,0.08946742241977193,698568000
2002-08-27,0.0834319218993187,0.09046129531175345,0.08289740704661056,0.09000287722014345,686712000
2002-08-28,0.07823622971773148,0.08312662892639452,0.07793092729171064,0.08297351320886517,700356000
2002-08-29,0.07923004776239395,0.08282037258724888,0.076631740267099,0.07724327389385165,815520000
2002-08-30,0.07716720551252365,0.08175137321426998,0.07563884221925,0.07846544097501484,1065888000
2002-09-03,0.07242994010448456,0.07388128481201574,0.07120779427570005,0.07349988552742293,847284000
2002-09-04,0.07197149842977524,0.0745688845023286,0.06883867531539276,0.0726591221660179,930552000
2002-09-05,0.06922100484371185,0.0715891926260067,0.06876259347404129,0.07128388333102806,714312000
2002-09-06,0.07074938714504242,0.07273525403343531,0.06967944155394061,0.07212464211222508,746460000
2002-09-09,0.07067234069108963,0.07288832759697676,0.06807494779486264,0.07021392259122902,578040000
2002-09-10,0.08075755834579468,0.08442489812795763,0.07021395732594511,0.07029097630451518,2317632000
2002-09-11,0.0847310945391655,0.09091972280331845,0.08327882789694353,0.08327882789694353,1657536000
2002-09-12,0.0820566713809967,0.08717535329612568,0.08113983523212806,0.08266819831892729,1294932000
2002-09-13,0.08075755834579468,0.08511252220244084,0.08022304321904268,0.08121597667243399,796872000
2002-09-16,0.07563883811235428,0.07984068421811957,0.07372906890206254,0.07953538181346118,925464000
2002-09-17,0.07449278980493546,0.0809106297369946,0.07403437852202982,0.07900086734773638,884052000
2002-09-18,0.07242994010448456,0.0747981213127049,0.07021394564020954,0.0733467697742233,811692000
2002-09-19,0.06998474895954132,0.07334677923700193,0.06960334279479129,0.07082548195029874,618492000
2002-09-20,0.07036704570055008,0.07197150580346331,0.06883868236811404,0.07052015458865384,687312000
2002-09-23,0.06731124967336655,0.06990864343300693,0.06685283142112071,0.06922101263916296,521676000
2002-09-24,0.06784574687480927,0.07105466696586384,0.0653244505658525,0.06654658924742052,624444000
2002-09-25,0.07158918678760529,0.07296443444635906,0.06899179353230359,0.07181839245374788,896616000
2002-09-26,0.06776965409517288,0.07372907649626828,0.06669970888615152,0.07296443372335193,739560000
2002-09-27,0.06540054827928543,0.06937411115571537,0.06532445151042961,0.06761653537119772,650688000
2002-09-30,0.06540054827928543,0.06822806922533131,0.063796088210558,0.0651713426255881,584124000
2002-10-01,0.06891568005084991,0.06952629161201802,0.06356687059671996,0.06593596612772716,888360000
2002-10-02,0.06883866339921951,0.07296441193344459,0.06883866339921951,0.06945019026692423,749100000
2002-10-03,0.06547757983207703,0.06914491919651296,0.06532447090178564,0.06799887692593,590568000
2002-10-04,0.062191642820835114,0.06738734562283923,0.061122612754115103,0.06532446692887013,529788000
2002-10-07,0.059135809540748596,0.06257394173561247,0.0586773982903181,0.06135180318824077,493068000
2002-10-08,0.05737825110554695,0.06127479525030958,0.05501006692961679,0.06112260170418991,714252000
2002-10-09,0.05630921572446823,0.0602057663190572,0.05531536737409862,0.05653842478388371,573132000
2002-10-10,0.05921191722154617,0.061045582842784225,0.05577378478917084,0.05577378478917084,538032000
2002-10-11,0.06731124967336655,0.06838027975338518,0.061122613514473345,0.06150401963159841,994140000
2002-10-14,0.06532444804906845,0.0673112293820094,0.06394920053785763,0.06532444804906845,611484000
2002-10-15,0.07212460786104202,0.07518041888936568,0.07113075954131585,0.07258302596573853,852768000
2002-10-16,0.06608817726373672,0.06784575318634346,0.06494213524331054,0.06723422611511218,578124000
2002-10-17,0.07113075256347656,0.07449278100919667,0.07006172293241307,0.07181837623759217,585792000
2002-10-18,0.07181837409734726,0.07258301668240183,0.0680749398062366,0.0707493444981417,498372000
2002-10-21,0.07831323146820068,0.08091061721064594,0.06922098102544422,0.07082544076006117,930624000
2002-10-22,0.08091063797473907,0.08557090952159688,0.07464591311246085,0.0747220098849991,1272168000
2002-10-23,0.08419564366340637,0.08534168540141406,0.08098672406460583,0.08213276580261351,925428000
2002-10-24,0.07991771399974823,0.08679397294258659,0.0786946530282339,0.08587713659528834,1055172000
2002-10-25,0.08480721712112427,0.0851895386362302,0.07915309525357271,0.08022304082262115,745956000
2002-10-28,0.08526559174060822,0.08939134078101758,0.0847310769037298,0.08870371707944066,1070544000
2002-10-29,0.08152215927839279,0.08602931440653029,0.07724329443264147,0.08541870279515333,772728000
2002-10-30,0.08587712049484253,0.08862762219011745,0.08381424251564934,0.08411955173542496,1139496000
2002-10-31,0.09091971069574356,0.09153032233724188,0.08625853112201436,0.08648773676274012,1255476000
2002-11-01,0.10772804915904999,0.10902720686840114,0.08939135688836211,0.08954447261159822,2128836000
2002-11-04,0.1194937601685524,0.1261408046524771,0.11391665378266468,0.11422195613886277,2688132000
2002-11-05,0.11475741863250732,0.12117525932205155,0.10963782032588248,0.11918847775547747,2034540000
2002-11-06,0.12361951917409897,0.12377264170880098,0.11399276634944117,0.11865395265149645,1646016000
2002-11-07,0.11116618663072586,0.1204106196815832,0.11047855594533419,0.1204106196815832,1660560000
2002-11-08,0.08679395914077759,0.09955262652838034,0.08411955412982738,0.09397551938768446,3798900000
2002-11-11,0.0800698921084404,0.0838903388265796,0.07808402624736678,0.08266820026889306,1378452000
2002-11-12,0.08717536181211472,0.09015507617154633,0.08129295203697237,0.08198058263127102,1381188000
2002-11-13,0.08992588520050049,0.0924471820436352,0.08343194687478891,0.08511250404412517,1802112000
2002-11-14,0.09588528424501419,0.09771894973468562,0.09298258224569206,0.09588528424501419,1138728000
2002-11-15,0.10291466861963272,0.10627669780218199,0.09970574832922298,0.10085179031423373,2054328000
2002-11-18,0.10673511028289795,0.11154849046238798,0.10642889251491305,0.11116617592596925,1982472000
2002-11-19,0.1082625612616539,0.113687468612992,0.10497754428148452,0.10612358623763563,1971948000
2002-11-20,0.11368746310472488,0.11460429935760372,0.11009622169103787,0.111548488184342,1292796000
2002-11-21,0.12331423163414001,0.12896835841591864,0.11804243306881106,0.1182716387321084,2053920000
2002-11-22,0.1201053038239479,0.12255051018039781,0.11460429994058872,0.11582643861430972,1251900000
2002-11-25,0.12446027994155884,0.12751609147755502,0.12079294815661676,0.1256824187541346,1230084000
2002-11-26,0.12109824270009995,0.1275160831511053,0.12071684349822598,0.12507180568555834,1084332000
2002-11-27,0.1304958015680313,0.1326356920129591,0.12461338438148577,0.12621785137253974,1088556000
2002-11-29,0.13087809085845947,0.13584458610435576,0.1298851579480823,0.13393390169509317,519396000
2002-12-02,0.1298852115869522,0.1395880851162521,0.12927369122542035,0.13783050884516004,1167504000
2002-12-03,0.12132742255926132,0.12774526164548416,0.12109821694801656,0.12743995927947793,1046220000
2002-12-04,0.10681118071079254,0.11460427343567382,0.10642886626865579,0.11277060817561488,2206548000
2002-12-05,0.10780413448810577,0.11445118686531144,0.10520674152324237,0.11368745951739714,1594872000
2002-12-06,0.10795728117227554,0.11002015998313472,0.10146334222778525,0.10314389955725438,1159224000
2002-12-09,0.09932342171669006,0.1061235833275041,0.09848360439108525,0.10444302649822045,969792000
2002-12-10,0.1076519563794136,0.10963782264072738,0.10054649170338202,0.10184472728276261,1389888000
2002-12-11,0.1070403978228569,0.11002010485474442,0.10329696355827216,0.10688728213897342,1364208000
2002-12-12,0.10528282076120377,0.1123121933157198,0.1050536151588468,0.11101303596054711,1302552000
2002-12-13,0.10115710645914078,0.10337309380732632,0.10039337897897241,0.10337309380732632,707724000
2002-12-16,0.10711649805307388,0.10772802496867814,0.10199780949387607,0.10467221425364698,1056972000
2002-12-17,0.1069643422961235,0.11269455296250531,0.10612360263945023,0.10902722086840093,1077744000
2002-12-18,0.09878890961408615,0.10375540565239619,0.09855970395501981,0.1036022899330193,1126836000
2002-12-19,0.09664992243051529,0.10215093269657623,0.09565607413957812,0.09703132841383037,1100604000
2002-12-20,0.09794817119836807,0.1007756852146012,0.09313478432953716,0.0997057400904836,804576000
2002-12-23,0.09863580763339996,0.101004903831563,0.09741366881994233,0.0977189712710282,498648000
2002-12-24,0.09664992243051529,0.10115708440563906,0.09611449223099554,0.09917121851783706,300336000
2002-12-26,0.09489235281944275,0.09970573249042587,0.09405161340509355,0.09825438146791551,719760000
2002-12-27,0.09130110591650009,0.09771894507044054,0.09046128873343409,0.09748973945677732,702528000
2002-12-30,0.08809223026037216,0.0926764062977333,0.08602935138510719,0.09168347293056629,784740000
2002-12-31,0.08794000744819641,0.09015507917433417,0.08549480789221978,0.08717536471565746,825396000
2003-01-02,0.09405162185430527,0.09512156699298592,0.08855061797355064,0.09168344127525142,1302540000
2003-01-03,0.09405162185430527,0.09741365763575749,0.09244716181983945,0.09435784644839788,1037496000
2003-01-06,0.10169252753257751,0.10321996869218637,0.09626761333795356,0.09634371693964225,1033428000
2003-01-07,0.10138630867004395,0.10604749571806946,0.10024026664633906,0.10367839271745372,1498272000
2003-01-08,0.09130110591650009,0.10169250725282987,0.0906134822445629,0.09878889004508727,1852524000
2003-01-09,0.09290558844804764,0.09512157569537381,0.0919887521070604,0.09412864258019386,1436076000
2003-01-10,0.0945100486278534,0.0958853031393132,0.090461310876758,0.09168344966169145,924492000
2003-01-13,0.09374628961086273,0.09894198942245942,0.09328787162816402,0.098101250200081,849120000
2003-01-14,0.09443395584821701,0.09535079222797238,0.09160735676248996,0.09405163443574976,868524000
2003-01-15,0.09153033792972565,0.09527469557841503,0.09153033792972565,0.09451005275245444,904584000
2003-01-16,0.08534170687198639,0.09130112950748777,0.08411956807042656,0.09015508748115474,2039976000
2003-01-17,0.08213277161121368,0.08419564961789756,0.08106374190066032,0.08304960096789135,1058832000
2003-01-21,0.0800698921084404,0.08541870194942965,0.07984067965034272,0.08366113319942986,967356000
2003-01-22,0.080146923661232,0.08220980212987933,0.07961149333900945,0.07984069902177045,550992000
2003-01-23,0.08236198127269745,0.08366113885624127,0.08014690963470034,0.08228588450751013,918456000
2003-01-24,0.07770171761512756,0.0820566867209102,0.07632646996567961,0.08167436533325062,897108000
2003-01-27,0.07655568420886993,0.07999381737965472,0.07464592141281465,0.07602116921636871,889116000
2003-01-28,0.07930619269609451,0.08075754422230175,0.07304146665935285,0.07556275676849938,1785480000
2003-01-29,0.08091063797473907,0.08152217185846565,0.07716720957988406,0.07716720957988406,1022040000
2003-01-30,0.07762561738491058,0.0832027249995964,0.07678488470551721,0.08251510120550185,743064000
2003-01-31,0.07884776592254639,0.08098674098634866,0.07464591256692397,0.07533353638721435,949656000
2003-02-03,0.08037612587213516,0.08190356699181923,0.07869464685879493,0.08029910692530709,755556000
2003-02-04,0.07678486406803131,0.08022298894538722,0.07563882244224601,0.07984066767751428,627720000
2003-02-05,0.07747252285480499,0.08060534681325494,0.07716722037476922,0.07846545608729791,581508000
2003-02-06,0.07808402180671692,0.08297349793736966,0.07678487121584744,0.08282038907896921,1226184000
2003-02-07,0.07456891983747482,0.07999383602822464,0.07441672623999482,0.07961151450859454,915156000
2003-02-10,0.07548575103282928,0.07602118145883226,0.0712838965026002,0.07449281766892461,982632000
2003-02-11,0.0741104707121849,0.07831323875836874,0.07372906473374563,0.07609724509067659,850716000
2003-02-12,0.07449278980493546,0.0772432984880594,0.07349986364338522,0.07411047528682044,641400000
2003-02-13,0.07540964335203171,0.07617336404753343,0.07372908621825151,0.07579196478890313,889164000
2003-02-14,0.09198874235153198,0.0920657612957,0.08366113988445503,0.08572401801743076,3548844000
2003-02-18,0.09726053476333618,0.0990942071425664,0.09435783950218107,0.09550388132372592,1740516000
2003-02-19,0.09817738085985184,0.09878890788666828,0.09557998773015719,0.09664993289803932,1141212000
2003-02-20,0.09817738085985184,0.10115709536130446,0.09779597483522917,0.09855970223160981,978132000
2003-02-21,0.09825438261032104,0.09848359507214603,0.09473923822221232,0.0981012737407235,913260000
2003-02-24,0.09947654604911804,0.1030677880960315,0.0968791593752596,0.09741367436282726,1137012000
2003-02-25,0.09886503219604492,0.09932345046480866,0.094739274608122,0.09626763834281431,1239204000
2003-02-26,0.09405162185430527,0.09917122655179532,0.0938224162055024,0.09756676651732951,746892000
2003-02-27,0.09603843092918396,0.0964968491898583,0.09344103712178776,0.09496848548213598,675312000
2003-02-28,0.09642070531845093,0.09664991092139169,0.0903081688196882,0.09305867020971346,1653336000
2003-03-03,0.09481627494096756,0.09932343094293289,0.09359321395607804,0.09756677718199207,702036000
2003-03-04,0.09405162185430527,0.09603840325009455,0.09313478559719664,0.09512156699298592,538392000
2003-03-05,0.09557998180389404,0.09611449668112583,0.09290557672357799,0.09313478236442498,522156000
2003-03-06,0.09397552162408829,0.09573309730630826,0.09359320027685332,0.09481626108298492,548064000
2003-03-07,0.09542690217494965,0.09573312685226755,0.0916834661928474,0.09252419908026972,581148000
2003-03-10,0.09275339543819427,0.0948923705765527,0.09260028654172582,0.09443395240339747,344796000
2003-03-11,0.09344103187322617,0.09496848014777795,0.09237108648627676,0.09344103187322617,417144000
2003-03-12,0.09603843092918396,0.09626763664404586,0.09336402498525105,0.09420476471743715,493920000
2003-03-13,0.10558908432722092,0.1061996960922333,0.0984066002669512,0.09886501847207953,1362732000
2003-03-14,0.10253234207630157,0.10696432307947494,0.10176862151740397,0.10597047468940375,1094220000
2003-03-17,0.10849177092313766,0.11055464925269586,0.10062258582804268,0.10085179149534952,1307808000
2003-03-18,0.1076519563794136,0.10933251336105437,0.10543596909754664,0.10811037455705262,932280000
2003-03-19,0.10818648338317871,0.10895020409461126,0.10436603546949526,0.10788117406949771,712992000
2003-03-20,0.10917937755584717,0.11147146104820935,0.10535984635624951,0.10818644466989845,780060000
2003-03-21,0.10818648338317871,0.11330516702085149,0.10329700544438171,0.1129237677542654,1681800000
2003-03-24,0.10413680225610733,0.1069643231978827,0.10314386921206445,0.10375540306527442,839016000
2003-03-25,0.10711649805307388,0.10872095783954265,0.10406068733804272,0.10444300864027181,672828000
2003-03-26,0.11009622365236282,0.11192989619078672,0.10864487931125816,0.10948561198128602,1107840000
2003-03-27,0.1069643422961235,0.11093698369778092,0.10665811764127855,0.1086448994312282,1392732000
2003-03-28,0.10260936617851257,0.1073457348095967,0.10092789380177737,0.1069643355746324,1290684000
2003-03-31,0.0984065905213356,0.10069868131998191,0.0979481791925554,0.09947653573277838,680508000
2003-04-01,0.10131020843982697,0.10238015365198928,0.09825439704260039,0.10046946889220888,533808000
2003-04-02,0.10505364835262299,0.10681121746784829,0.10337309136046671,0.1047483390710396,771900000
2003-04-03,0.10642889887094498,0.10696432915428124,0.10421382017521083,0.10696432915428124,702780000
2003-04-04,0.10230313986539841,0.10688730772917987,0.10184472171283047,0.10673511418674572,513840000
2003-04-07,0.10337310284376144,0.11002015012213884,0.10238016959659074,0.10917941727453478,671256000
2003-04-08,0.10238014906644821,0.10482442647112333,0.10169252527266463,0.10428991839351809,475032000
2003-04-09,0.10184473544359207,0.1055120743276192,0.1016925418806391,0.10276157187233632,694260000
2003-04-10,0.10238014906644821,0.10337308211450749,0.10138630067125673,0.10321996639832917,364104000
2003-04-11,0.10123412311077118,0.10436603163448249,0.10024027455872225,0.10352620733910473,374184000
2003-04-14,0.1029907613992691,0.10329698600262519,0.09940043520751501,0.09970574446373309,445776000
2003-04-15,0.10245625674724579,0.10375541453507528,0.09978185122538315,0.10230314784570987,490212000
2003-04-16,0.10245625674724579,0.10505365014472563,0.10161551714774383,0.10482443763508713,671988000
2003-04-17,0.10428992658853531,0.10451913226082438,0.10108100619079263,0.10321997450927042,520740000
2003-04-21,0.1069643422961235,0.10726964477272659,0.10344919693572477,0.10444304550434554,597144000
2003-04-22,0.1083395704627037,0.10841566723122181,0.10467223220318121,0.10642889263277291,787392000
2003-04-23,0.11078385263681412,0.11147147641311331,0.10734572009342104,0.10818645958200525,606204000
2003-04-24,0.10749883204698563,0.11086086087476227,0.10604748094707173,0.11086086087476227,660912000
2003-04-25,0.10352618247270584,0.10872096828653934,0.10253233415937363,0.1068872958795503,884652000
2003-04-28,0.10665810108184814,0.10856878579282256,0.10352619299216512,0.10474833171802352,674988000
2003-04-29,0.10994401574134827,0.11147146348193207,0.10826254379018661,0.10910328318124134,670344000
2003-04-30,0.10948560386896133,0.11231220923539555,0.10887407689607315,0.10933249499671269,466620000
2003-05-01,0.11017324030399323,0.11124227008741036,0.10811036215670608,0.10872097381506513,733368000
2003-05-02,0.1214805543422699,0.1222442817367957,0.11101306121628368,0.11162458824161492,1691088000
2003-05-05,0.12446027994155884,0.13019050378677294,0.120410619920725,0.12262662088003716,1576164000
2003-05-06,0.12461341172456741,0.12782233274888902,0.12262664339915606,0.12384878243616507,1143864000
2003-05-07,0.12262661010026932,0.12568240770574002,0.12048763511401475,0.1227797189858501,897372000
2003-05-08,0.12270275503396988,0.12759314246842454,0.11957084576801096,0.12109828749674544,1957452000
2003-05-09,0.16327261924743652,0.16449567324222322,0.13981724622895428,0.14386690570344327,9230856000
2003-05-12,0.1586884707212448,0.1673222987577798,0.15739022149054843,0.1636549533665624,3007860000
2003-05-13,0.15570873022079468,0.15815392275114726,0.15234761684151624,0.1532644393755951,1824108000
2003-05-14,0.1555565744638443,0.15815396114912642,0.15356979271816318,0.15624419153134905,965580000
2003-05-15,0.1609044224023819,0.16120972478110182,0.15700787220137752,0.15784861158850086,1105656000
2003-05-16,0.16243283450603485,0.16525944067108325,0.1586884901952563,0.15891769589486054,1028916000
2003-05-19,0.15326443314552307,0.16182124729525207,0.15135376238393017,0.16029289102300104,1220484000
2003-05-20,0.1543334424495697,0.15547948408119566,0.15280600172596054,0.1534936321696937,884124000
2003-05-21,0.15975838899612427,0.1598344857580365,0.15356975493960423,0.15441049437072046,905472000
2003-05-22,0.16029290854930878,0.1617451682212853,0.15624416432946633,0.159987606132661,888816000
2003-05-23,0.15945304930210114,0.16350179263063402,0.15876543250568476,0.1604459821098488,867612000
2003-05-27,0.17358702421188354,0.17419854442893098,0.1547158171600288,0.15777162853662607,1677408000
2003-05-28,0.17312856018543243,0.17496223239973116,0.16885061102463908,0.1730524634306481,1235556000
2003-05-29,0.18497133255004883,0.19085466452116767,0.17267017421412995,0.1730524887378826,2297736000
2003-05-30,0.1999460607767105,0.2034612134980964,0.1975017825769383,0.20246736477961677,2142312000
2003-06-02,0.18886791169643402,0.20537093920823266,0.1876457728598041,0.20514171986686958,1566144000
2003-06-03,0.19276447594165802,0.19849468662558903,0.18443686484471658,0.186728949118289,1596804000
2003-06-04,0.19734859466552734,0.1975017035392894,0.18917317919769988,0.1921528934658355,1175604000
2003-06-05,0.20300275087356567,0.20369038159493638,0.1921529348625173,0.1947512505266143,1204404000
2003-06-06,0.19681410491466522,0.21201796640655304,0.19528573475243638,0.21094802122303707,1378836000
2003-06-09,0.19444507360458374,0.20063371084750123,0.19146535785852312,0.1955911160204681,720588000
2003-06-10,0.19727247953414917,0.19742467304667685,0.19230598443399866,0.19444495905598222,563304000
2003-06-11,0.19742470979690552,0.19918228561776083,0.19253522588982927,0.1960494621843911,943836000
2003-06-12,0.19444507360458374,0.20093992874690797,0.19383446850080557,0.19880003751732497,1046688000
2003-06-13,0.1793171763420105,0.19138912610166114,0.17801894123937548,0.1860412324937426,1826808000
2003-06-16,0.1831376850605011,0.18542976897443664,0.16946126468561098,0.18145712135298658,1904868000
2003-06-17,0.18749257922172546,0.1887147175060181,0.18183845459648365,0.18733947038886833,999852000
2003-06-18,0.19467423856258392,0.19841859658693964,0.18413063961627188,0.1856590100742984,1122072000
2003-06-19,0.18283234536647797,0.1965078486287967,0.18183849707905161,0.19551491568840326,1190532000
2003-06-20,0.18092168867588043,0.18489525174157057,0.17801899983175143,0.18481823962191682,937848000
2003-06-23,0.17450381815433502,0.18168630027796698,0.17091349927048335,0.18076946411492006,734784000
2003-06-24,0.17412243783473969,0.1772543458066093,0.16854442180886922,0.17343480722264015,1008816000
2003-06-25,0.17526847124099731,0.18168631110280364,0.17389322374543784,0.17458085432416587,1060620000
2003-06-26,0.17549772560596466,0.17786592040256705,0.170302022922172,0.1758030417555321,960540000
2003-06-27,0.17236493527889252,0.17916510653447731,0.17152420908922952,0.17756063897881724,709104000
2003-06-30,0.17503932118415833,0.17809513321041992,0.17267022460761391,0.17465700654882788,544128000
2003-07-01,0.18222086131572723,0.1824500669905312,0.1712188386442513,0.17282330569167645,977016000
2003-07-02,0.18168634176254272,0.18627052362448687,0.17916505198489757,0.1839014137385409,846828000
2003-07-03,0.17962346971035004,0.18428374851436644,0.17710217984328933,0.1774835790880359,420912000
2003-07-07,0.19138912856578827,0.19238206134459848,0.18199158999348689,0.18206768674190077,832200000
2003-07-08,0.18925020098686218,0.19177150410972135,0.1856589663870769,0.18611737768474376,602856000
2003-07-09,0.1936051994562149,0.19673710800157712,0.1888679220574045,0.18917322453102742,755352000
2003-07-10,0.1856590211391449,0.19001398439887596,0.1823740033337711,0.18756879098405133,644568000
2003-07-11,0.18665188550949097,0.18902098125951786,0.18504741876336528,0.18787493943881214,495000000
2003-07-14,0.1852005124092102,0.19253517345296073,0.1842836763632679,0.19138913181100634,694344000
2003-07-15,0.1791650354862213,0.1887917960169613,0.17740745968009164,0.18795105649879223,1143456000
2003-07-16,0.17694897949695587,0.18336681735290342,0.17267011581072922,0.18252607816195746,880476000
2003-07-17,0.168085977435112,0.17381619999641554,0.16579389387534885,0.17160112854252457,853764000
2003-07-18,0.16243283450603485,0.16533553745518026,0.1563963922135134,0.1648010156099746,1280832000
2003-07-21,0.15998758375644684,0.16388412023464616,0.15616713037309307,0.16334961224349195,985140000
2003-07-22,0.16266199946403503,0.16571781056330517,0.16174516323335592,0.16449567192539327,582444000
2003-07-23,0.16480101644992828,0.16579394969940317,0.15761946097009608,0.1625089321184033,605328000
2003-07-24,0.15838319063186646,0.16900288732860835,0.15700794262835682,0.16778074825663594,1116828000
2003-07-25,0.1609044224023819,0.16182124488554012,0.1528060196216532,0.15868843562862575,1002084000
2003-07-28,0.15593795478343964,0.1625850009337661,0.15525032413751355,0.16220360172963516,703752000
2003-07-29,0.14570054411888123,0.15402815219889743,0.14027563787782293,0.14180400773020502,2794788000
2003-07-30,0.14409610629081726,0.1468466012464552,0.1431792700849725,0.14516513602261402,788724000
2003-07-31,0.14585280418395996,0.1495971624331599,0.14432536264343865,0.14745727152348007,897600000
2003-08-01,0.15066619217395782,0.15188924655263566,0.14447755587127162,0.14592982962782394,767556000
2003-08-04,0.156320258975029,0.1590707677145529,0.14959711649886648,0.15051395274537444,1428852000
2003-08-05,0.15586188435554504,0.1640373020694669,0.1545627332774047,0.16036995622054337,1063488000
2003-08-06,0.14952006936073303,0.15586181117250447,0.14577662848524134,0.15379893351655946,1025868000
2003-08-07,0.14745721220970154,0.15127766571186377,0.14547134637301942,0.14913869100995444,1040340000
2003-08-08,0.11842475831508636,0.1269815737097044,0.11659108573090136,0.1264470519625748,3767580000
2003-08-11,0.1248425543308258,0.12644700702536807,0.1195707577712278,0.12033447124259707,1675752000
2003-08-12,0.127363920211792,0.12766922271607922,0.12438420493031972,0.1264470836896543,764160000
2003-08-13,0.12820373475551605,0.1302666133564897,0.12468951152447363,0.12789843227466596,693552000
2003-08-14,0.12377268075942993,0.12575946266829952,0.12239741918766134,0.12392578968054187,1527696000
2003-08-15,0.12339035421609879,0.12415499714704265,0.12224431199799311,0.12300895492893697,217716000
2003-08-18,0.12705768644809723,0.12705768644809723,0.12316113513247073,0.12537712254011782,717684000
2003-08-19,0.13676142692565918,0.137525154239616,0.12980815027459872,0.12988516238273035,1403976000
2003-08-20,0.13485072553157806,0.13737201447256733,0.1318710117255671,0.13485072553157806,870348000
2003-08-21,0.1385180652141571,0.13981722948086595,0.13599677610804262,0.13813666608452,644748000
2003-08-22,0.13951198756694794,0.1488325190773322,0.13943496176815992,0.14684665244728118,1002396000
2003-08-25,0.13874730467796326,0.1421854304124605,0.1375251659988623,0.1421854304124605,434028000
2003-08-26,0.13653221726417542,0.13905350644706627,0.1327878605338629,0.1369906285112844,768984000
2003-08-27,0.14065799117088318,0.14210933551904534,0.13599679768679956,0.13744907104398596,567816000
2003-08-28,0.13699066638946533,0.14279698731400903,0.1353862129190537,0.1420332598114294,828312000
2003-08-29,0.13882431387901306,0.13943491870124206,0.1362259986840145,0.13676143574923127,532884000
2003-09-02,0.13760124146938324,0.14249162612311267,0.13691361096415214,0.14126857228619374,711456000
2003-09-03,0.13492780923843384,0.14004650025042678,0.13424019206881313,0.13966418559594612,849972000
2003-09-04,0.13622601330280304,0.13943493366438867,0.13446936640461765,0.13546229951951277,740064000
2003-09-05,0.14272089302539825,0.14592981368413457,0.13485077811004273,0.13645524527036074,1198740000
2003-09-08,0.14929094910621643,0.150972414971917,0.14325542153227927,0.14501299785190558,1508712000
2003-09-09,0.15845921635627747,0.1640372453318924,0.1431792606007725,0.1451651264068702,2489436000
2003-09-10,0.14761033654212952,0.15807783621819324,0.14638819787139337,0.15395207990027598,1380624000
2003-09-11,0.14570054411888123,0.15395205544390492,0.1398172266539416,0.1495970941694524,2612736000
2003-09-12,0.14783954620361328,0.15104846635333377,0.14287306392455457,0.14447751716846605,1162404000
2003-09-15,0.14539439976215363,0.14982637537466703,0.14485989151359943,0.14906173238920212,596028000
2003-09-16,0.14990240335464478,0.15036082826127237,0.1457005507460206,0.1457005507460206,620736000
2003-09-17,0.1516600400209427,0.15456274316177648,0.14959716126447603,0.1508193002892019,902784000
2003-09-18,0.15280607342720032,0.15288217021192563,0.1491387412175526,0.15081929157465493,603492000
2003-09-19,0.1515829712152481,0.155556533664423,0.15020772377903943,0.15456268537861356,648096000
2003-09-22,0.14562354981899261,0.14890948187549835,0.14440141119299882,0.1486032641241678,735504000
2003-09-23,0.1469988226890564,0.14783956229159062,0.14394302475412665,0.14585278062957888,628932000
2003-09-24,0.13584460318088531,0.145165145726437,0.13561539752957658,0.14386691027187026,1600668000
2003-09-25,0.1339339315891266,0.13935883929085377,0.13332332669085345,0.1369136463323352,736776000
2003-09-26,0.12881523370742798,0.13393392329585666,0.12705767154060182,0.1335525240948548,895908000
2003-09-29,0.12186291068792343,0.12667628519168572,0.119952225570591,0.12232132210279577,1944996000
2003-09-30,0.12201502919197083,0.12614078403506745,0.12033446616337994,0.12079289095810859,1020888000
2003-10-01,0.12300892919301987,0.12446027360667677,0.12193898398672845,0.1222442864220545,877224000
2003-10-02,0.12491870671510696,0.12667626902550305,0.12186289513601431,0.12224429436817151,857628000
2003-10-03,0.12820373475551605,0.13141265550570838,0.1261408561545424,0.1283568436695934,862812000
2003-10-06,0.1272108107805252,0.12973210095996043,0.12614086533680754,0.12843294980209433,377028000
2003-10-07,0.12835687398910522,0.12835687398910522,0.12545325503389157,0.12721083156917687,510588000
2003-10-08,0.12384872138500214,0.12950283304353322,0.12308499415856035,0.12835679136135195,739440000
2003-10-09,0.12560632824897766,0.1304958127524963,0.12461339506178366,0.1256824250286894,852408000
2003-10-10,0.12782227993011475,0.12873911608133712,0.12606471804800795,0.12759307430778305,413976000
2003-10-13,0.12912055850028992,0.13179495714707612,0.12828073426187453,0.12927366739929957,434904000
2003-10-14,0.131489560008049,0.1318709589600984,0.1269814918845565,0.12774520513521068,623556000
2003-10-15,0.12980817258358002,0.135462299523633,0.12896836202609333,0.13301709294526326,703488000
2003-10-16,0.13141264021396637,0.1318710515555511,0.1279745141663855,0.12996128209088384,446088000
2003-10-17,0.12728683650493622,0.13317015330870743,0.1271346430120547,0.13064886453691316,459696000
2003-10-20,0.13011448085308075,0.13026667449127868,0.12659932696315468,0.12736397020698773,467388000
2003-10-21,0.13408702611923218,0.13660832924496144,0.13064890039712557,0.13248257291367463,758724000
2003-10-22,0.13179495930671692,0.1350799765708408,0.13110734227072782,0.13202416498537997,620952000
2003-10-23,0.1311834454536438,0.1337047353658513,0.1296559904289921,0.12988519611884738,451524000
2003-10-24,0.1307249814271927,0.13187102319659588,0.1286621035098878,0.12988515738445905,447084000
2003-10-27,0.13141264021396637,0.13294099679687998,0.13049580386889845,0.13141264021396637,254460000
2003-10-28,0.13966412842273712,0.14042875741868824,0.13255865827872262,0.13317017840607698,956064000
2003-10-29,0.13966412842273712,0.1413455935980994,0.13546227568555289,0.1355383724463349,494004000
2003-10-30,0.13706670701503754,0.14333143674686952,0.13683750142200957,0.14325533999815604,581256000
2003-10-31,0.1350799947977066,0.13943495792753213,0.13294101930017663,0.1382889157176781,598152000
2003-11-03,0.13760124146938324,0.1401995426548692,0.13378170347902946,0.13439232188146336,773724000
2003-11-04,0.13805969059467316,0.14096330860934606,0.13714285422333172,0.140580980369438,700896000
2003-11-05,0.1385951191186905,0.13997036675925328,0.13301708911349472,0.1352330762964176,882024000
2003-11-06,0.13882431387901306,0.14134560329901438,0.13630301079711482,0.1406579863636851,1175280000
2003-11-07,0.16617625951766968,0.16854444037059585,0.16197440593846807,0.1654886288298417,4292820000
2003-11-10,0.16571785509586334,0.16900287272009598,0.16472492183332085,0.16671078835840583,1210056000
2003-11-11,0.161592036485672,0.16480095610722487,0.1586884328994837,0.1619743646246409,799140000
2003-11-12,0.16373103857040405,0.1642664756593754,0.16029291275553492,0.1610575554997847,617664000
2003-11-13,0.16380800306797028,0.1661000999401352,0.1628141549573535,0.16373099097384075,580332000
2003-11-14,0.15410424768924713,0.16426644325214654,0.15364583646912772,0.16426644325214654,888420000
2003-11-17,0.15249978005886078,0.15433343842450356,0.14974927201755625,0.15120154496305643,599880000
2003-11-18,0.1502847820520401,0.15815396825105685,0.1497493448598564,0.15624419854752097,991428000
2003-11-19,0.15448659658432007,0.15509811674233698,0.150819251682789,0.15135377339102637,567552000
2003-11-20,0.1503608226776123,0.15540340082999024,0.14974928892978182,0.15204137239211635,738852000
2003-11-21,0.1509723961353302,0.15242375441095926,0.14806879156057756,0.15219453505417607,543240000
2003-11-24,0.1600637137889862,0.16044602834613844,0.15135378922925574,0.1524237344428755,940644000
2003-11-25,0.16281422972679138,0.16418949121403256,0.15891769194467428,0.16075135115782946,822804000
2003-11-26,0.16296732425689697,0.16602312185784893,0.15991151299404752,0.165488613779808,430032000
2003-11-28,0.16220363974571228,0.16334968198292463,0.1608283917934377,0.16289127055280014,206136000
2003-12-01,0.16449569165706635,0.1657178304415769,0.16212659551501674,0.16403728031768758,526980000
2003-12-02,0.16380800306797028,0.16716911578924776,0.1628141549573535,0.16350178538519233,574740000
2003-12-03,0.16212663054466248,0.16961441812137334,0.16174521758233482,0.164266521479375,710028000
2003-12-04,0.16128674149513245,0.16556469095503837,0.15746628794288106,0.1626619889210658,521952000
2003-12-05,0.1560911387205124,0.1619744739440678,0.15479198723733265,0.15746638701167284,559848000
2003-12-08,0.15723706781864166,0.15884153438588233,0.15471577882657164,0.15609102612571032,340980000
2003-12-09,0.1490616351366043,0.15845918679339774,0.14898553839286593,0.15693174617577094,598128000
2003-12-10,0.1523476094007492,0.15318741978460504,0.14898556717672978,0.14906166393516998,568656000
2003-12-11,0.1600637137889862,0.16197439855136922,0.15196530945126444,0.15227061188868157,694872000
2003-12-12,0.15922388434410095,0.16327262870604808,0.15662558267271148,0.1622035988748063,700692000
2003-12-15,0.15601499378681183,0.16411339939591815,0.155556582385132,0.16388418003317795,622752000
2003-12-16,0.15815392136573792,0.1591468543151719,0.15234761550696943,0.15509811040890453,601728000
2003-12-17,0.15509815514087677,0.1573902394408498,0.15249985301254387,0.15685481591487263,499116000
2003-12-18,0.15861238539218903,0.16021685267030095,0.1552503555769115,0.15540346449786585,436728000
2003-12-19,0.16098050773143768,0.16503016650779415,0.15922384767097386,0.16258496062495129,916956000
2003-12-22,0.16120979189872742,0.16159210654154796,0.15700793756961504,0.1586123912450311,371184000
2003-12-23,0.16778074204921722,0.16938520937886903,0.1605221603212744,0.1605991724578983,722760000
2003-12-24,0.16655857861042023,0.16823914248300506,0.1661001672473656,0.1677046206799559,210852000
2003-12-26,0.17374010384082794,0.1747330367594226,0.16716914185928627,0.16785677239436114,363960000
2003-12-29,0.18107476830482483,0.1816862883812223,0.17618528542504006,0.17702510942665542,756624000
2003-12-30,0.18145711719989777,0.1848952429921112,0.17901192445353337,0.17916503333842215,550884000
2003-12-31,0.1772543340921402,0.18222082960723093,0.17435163196217315,0.18138009016827786,497268000
2004-01-02,0.17633751034736633,0.1825261448987492,0.17633751034736633,0.18008186752784947,436416000
2004-01-05,0.18206772208213806,0.18329077603735866,0.17740744427715974,0.17901191105726164,575292000
2004-01-06,0.18947941064834595,0.19200069998091118,0.1806924613687257,0.18153320081590088,1093344000
2004-01-07,0.19115996360778809,0.19207679983307271,0.18604127443508153,0.18733952349228877,673032000
2004-01-08,0.191847562789917,0.1944449485024671,0.1900138906394899,0.19352811242725354,433752000
2004-01-09,0.19459807872772217,0.19696627275895218,0.18902097857362998,0.19054843318943587,766584000
2004-01-12,0.19681410491466522,0.19742470977231963,0.1934520621613803,0.19528573475243638,541980000
2004-01-13,0.18665188550949097,0.19773090456163966,0.18458900749984147,0.19582022007513658,865800000
2004-01-14,0.18527668714523315,0.19024317024585352,0.18352002641054183,0.18756877139392178,544872000
2004-01-15,0.18558286130428314,0.1871103023252216,0.18061636571024053,0.1839013823996467,609204000
2004-01-16,0.1884094774723053,0.19001393069573796,0.1857350654350138,0.18749264120381634,451728000
2004-01-20,0.19368121027946472,0.1939865125960549,0.18856252259635173,0.19070149682989276,487764000
2004-01-21,0.18474213778972626,0.19284054189709487,0.18443683536099323,0.19207681448979036,494460000
2004-01-22,0.18046322464942932,0.18871473546119996,0.17824815344596823,0.1857350217056279,605724000
2004-01-23,0.17641451954841614,0.18313767572086054,0.17603220502050634,0.1795464274828126,482472000
2004-01-26,0.18336685001850128,0.18413056359664662,0.17618528377921788,0.17756053108994296,393684000
2004-01-27,0.17289941012859344,0.18260318398049316,0.17152416235693468,0.1796995658695515,934104000
2004-01-28,0.17244094610214233,0.17786586650658603,0.17152412356962676,0.17511535792335067,615204000
2004-01-29,0.1673983484506607,0.17381618741833355,0.1615920295506647,0.17297636342869457,929700000
2004-01-30,0.16999667882919312,0.1738162173534697,0.16602311607779155,0.16701696443919248,466464000
2004-02-02,0.1727471798658371,0.17610829328529462,0.169614356735579,0.17137193238638268,560844000
2004-02-03,0.17213566601276398,0.17526848950618934,0.16984358206066855,0.17228877490370606,418032000
2004-02-04,0.16747544705867767,0.17106576751077968,0.16724624133327293,0.1696905194964495,436800000
2004-02-05,0.16999667882919312,0.1719064480913314,0.1673222805140363,0.16839222564189865,331980000
2004-02-06,0.1738932579755783,0.17633753569787045,0.17129494233901074,0.1722117787371579,471132000
2004-02-09,0.1726701706647873,0.17801898080848297,0.17259407390043877,0.1751914600299141,373992000
2004-02-10,0.17901194095611572,0.17916504985511914,0.17312860821327336,0.17320562033638234,509700000
2004-02-11,0.18527668714523315,0.18588820744096518,0.18069250498595613,0.1813040389435879,737808000
2004-02-12,0.17969956994056702,0.1852766852565829,0.17687297755397924,0.1842837520531144,974892000
2004-02-13,0.1780189722776413,0.18252612740024104,0.17343479138541187,0.17496224600543248,1747500000
2004-02-17,0.18000493943691254,0.18054036310418084,0.1762614958561537,0.17870668971556056,575976000
2004-02-18,0.18000493943691254,0.18145719979849098,0.17878278651907883,0.18054036310418084,320244000
2004-02-19,0.1799287050962448,0.18542970739524664,0.17954637701390702,0.18222078824900448,631032000
2004-02-20,0.1844368875026703,0.18489529894894036,0.17862965031356842,0.1796234990073266,618120000
2004-02-23,0.1780189722776413,0.1844368118648665,0.175573766132143,0.18413058046609934,853332000
2004-02-24,0.17091351747512817,0.177178248755977,0.1690028328390799,0.17496226170269824,708384000
2004-02-25,0.1719064712524414,0.17519148849798208,0.1700727985097122,0.1719825680291554,652512000
2004-02-26,0.1730525642633438,0.17473312860032922,0.17091358843662813,0.17442781239443747,344976000
2004-02-27,0.16999667882919312,0.17358701170698435,0.16739837728049772,0.17343480451216448,595548000
2004-03-01,0.1725180596113205,0.1728233621617454,0.16930913812985315,0.16953834387955014,506628000
2004-03-02,0.1693090945482254,0.1739693597909131,0.16862146381423337,0.1727472208943862,813348000
2004-03-03,0.16709303855895996,0.16885061404996513,0.1643425438501257,0.16885061404996513,552492000
2004-03-04,0.1707603931427002,0.1710656955323072,0.167398364483211,0.16877361191888507,413352000
2004-03-05,0.16953827440738678,0.17343481154125037,0.16632935424084744,0.166939959091488,354888000
2004-03-08,0.16365495324134827,0.17190646670337556,0.16235580232634353,0.16961438266656764,465168000
2004-03-09,0.16250890493392944,0.1651833170970393,0.15975840966096216,0.16503020820636374,371232000
2004-03-10,0.16014070808887482,0.16533549399227296,0.15899466623022154,0.16357883366483458,481692000
2004-03-11,0.15891772508621216,0.1636550035115882,0.15800088845748272,0.15800088845748272,526872000
2004-03-12,0.1622796654701233,0.16426644657021394,0.15929995149347437,0.16105752697887551,377952000
2004-03-15,0.15861238539218903,0.16197442886936725,0.15761946577435013,0.1612867980841906,421224000
2004-03-16,0.1654125452041626,0.16617627272873836,0.15952921198302095,0.16059915733049823,597504000
2004-03-17,0.16946128010749817,0.17106573352850782,0.1673984016648436,0.16808601870446244,524592000
2004-03-18,0.17137199640274048,0.17343486156156135,0.16808604950992065,0.16854447461558203,528048000
2004-03-19,0.1693851798772812,0.17221177207948482,0.1683922467385837,0.1704551251391895,452964000
2004-03-22,0.168085977435112,0.16938514174162392,0.16426645295414508,0.1667877421375054,576708000
2004-03-23,0.1687736213207245,0.17221174693238467,0.16686385209819726,0.1703780881366373,576036000
2004-03-24,0.17633751034736633,0.17916503126150787,0.1680859976121892,0.16846832580831148,787344000
2004-03-25,0.18657580018043518,0.18749263642555852,0.1780189852241793,0.178324287636222,997128000
2004-03-26,0.18604125082492828,0.18894395266158456,0.18351996177179025,0.18604125082492828,551604000
2004-03-29,0.19406355917453766,0.1965848482620123,0.18833335049305205,0.18871474961986948,985764000
2004-03-30,0.19986985623836517,0.2007866923213707,0.19261127798899602,0.19276440050338794,724956000
2004-03-31,0.20170357823371887,0.20384255328620565,0.19979380884313336,0.20086283869579544,604752000
2004-04-01,0.19811232388019562,0.20605852012434467,0.19306973150646248,0.2019327639696445,1319508000
2004-04-02,0.2009398341178894,0.20376643958310742,0.1963556666131836,0.2024672888293315,649740000
2004-04-05,0.2081214040517807,0.20896214353037545,0.19986989151043855,0.19986989151043855,576744000
2004-04-06,0.1997167468070984,0.2054469688938033,0.19864771722163002,0.2039956111897733,624096000
2004-04-07,0.19864778220653534,0.2013212792226853,0.19513264390222596,0.2012451824452314,447864000
2004-04-08,0.20430096983909607,0.2062877513992755,0.20155047450208607,0.20307883106483163,447096000
2004-04-12,0.20048139989376068,0.2068222270272681,0.19925834604517897,0.2059053908988489,443784000
2004-04-13,0.19582024216651917,0.20246730187077303,0.1948273227658825,0.20231510833045693,442704000
2004-04-14,0.19681410491466522,0.20048143643487962,0.1926113226362719,0.19482732343562123,512016000
2004-04-15,0.1864996999502182,0.19498041798272006,0.18565896048694652,0.19413967851944838,828084000
2004-04-16,0.18038713932037354,0.18581204556747438,0.18000482485105887,0.18573503346543296,654864000
2004-04-19,0.18015798926353455,0.18145714024414752,0.17694906871757055,0.18023408604207783,522804000
2004-04-20,0.1725180596113205,0.18260323555511648,0.17244103380117615,0.18061645328476517,513804000
2004-04-21,0.1727471798658371,0.17878269148113696,0.17144802914944918,0.17320559113835643,688812000
2004-04-22,0.17374010384082794,0.17664372118449798,0.16755147001084136,0.17114270422769054,695520000
2004-04-23,0.177560493350029,0.18054020660818376,0.17534450716958655,0.1758790286878774,443928000
2004-04-26,0.1706072986125946,0.1787066040479306,0.17014887365424555,0.17794197498910536,429912000
2004-04-27,0.16915595531463623,0.17717826299403433,0.16854443508391953,0.17259409498403444,494568000
2004-04-28,0.16846832633018494,0.17183035532496052,0.16716916186369657,0.16923204005388112,468768000
2004-04-29,0.16380800306797028,0.16862138873905494,0.1615920166049584,0.16747534713391926,645048000
2004-04-30,0.15677863359451294,0.16388408831538118,0.15616709995684525,0.16289116928320183,512928000
2004-05-03,0.1547919362783432,0.16006373559781997,0.15204142693961184,0.15845926840141836,610668000
2004-05-04,0.1646479219198227,0.1666347039396863,0.1566256260585338,0.15700794070899873,772380000
2004-05-05,0.16602309048175812,0.1674753635741276,0.16342570468060671,0.16480095200939185,464280000
2004-05-06,0.1673983484506607,0.16869749900126488,0.16082831597627623,0.16434253782047936,711348000
2004-05-07,0.1686975359916687,0.1754976909110813,0.16778069970069528,0.17228877072362314,956772000
2004-05-10,0.16212663054466248,0.16594707196636993,0.15853629652765752,0.16418950934137655,669072000
2004-05-11,0.16610008478164673,0.167704537417655,0.16350177046382908,0.16418940082891395,399936000
2004-05-12,0.16380800306797028,0.16541246951229635,0.15807779504229194,0.16518326392364793,482328000
2004-05-13,0.16434258222579956,0.16732229690774317,0.16197440143866373,0.1624328127765481,347952000
2004-05-14,0.16434258222579956,0.16793381714065259,0.16350184266204956,0.1650302128945245,459000000
2004-05-17,0.16174516081809998,0.16411335495542037,0.159299968231705,0.16197438011876952,308340000
2004-05-18,0.16434258222579956,0.16625235167505098,0.16258500632438241,0.16319654021919022,204420000
2004-05-19,0.16396021842956543,0.17037807140091357,0.16312040805709732,0.1680098774656475,498276000
2004-05-20,0.161592036485672,0.16640542274894893,0.16075129711300779,0.16365491436109136,421488000
2004-05-21,0.16197440028190613,0.16373104716168885,0.1597584130584303,0.16350184149438357,282096000
2004-05-24,0.1614389419555664,0.16327261437690396,0.15952917277085246,0.16166814759275946,301620000
2004-05-25,0.16846832633018494,0.16923204005388112,0.15884156599662272,0.16212658287604303,681264000
2004-05-26,0.1719064712524414,0.17419855534990347,0.16747541195816967,0.1684683451062483,524568000
2004-05-27,0.17244094610214233,0.17733134481640497,0.17221174046901344,0.17473304341911994,556548000
2004-05-28,0.1791650354862213,0.18015796854397348,0.17320560644542612,0.17458086770831588,637980000
2004-06-01,0.17901194095611572,0.18084560001719735,0.17587911729774391,0.17610832297264176,318420000
2004-06-02,0.17763665318489075,0.18420761563783475,0.17748354430864036,0.18336687617717876,643800000
2004-06-03,0.16907984018325806,0.17809507999185628,0.1685444167843189,0.1777127518088726,700824000
2004-06-04,0.1673983484506607,0.17289935132839535,0.16724615494394907,0.1725179522146728,649608000
2004-06-07,0.17144808173179626,0.17335783783255,0.16800994148585363,0.17014891695506398,571956000
2004-06-08,0.16839224100112915,0.17076042177224235,0.16587093767412853,0.17045511933144863,615000000
2004-06-09,0.16052208840847015,0.16961433910791968,0.15998758042843464,0.16938513349548087,498336000
2004-06-10,0.15891772508621216,0.16342579776988153,0.15746636651409154,0.16312049523009972,564516000
2004-06-14,0.15395213663578033,0.15807789447415035,0.15272908216720718,0.15807789447415035,424752000
2004-06-15,0.1562441885471344,0.15861236949801674,0.1547919286500593,0.15654950467300302,394584000
2004-06-16,0.1537989377975464,0.15677865156817314,0.1531874040897703,0.1557857187602678,252576000
2004-06-17,0.15074315667152405,0.15654947649682457,0.1499785139664428,0.15280603478715496,482376000
2004-06-18,0.1509723961353302,0.15517425007335828,0.14898561434011062,0.15158301475205593,534336000
2004-06-21,0.1482979655265808,0.15356976369047542,0.14730503251505978,0.151201583141994,266568000
2004-06-22,0.15249978005886078,0.15318739682276675,0.14814481923988213,0.14913866734755143,430308000
2004-06-23,0.15509815514087677,0.15570877376488612,0.15166002869091724,0.15204142795540923,264660000
2004-06-24,0.1537228673696518,0.15975839269504274,0.15257682551730573,0.15922387099329227,590652000
2004-06-25,0.15471574664115906,0.15654941843314954,0.15295817158642727,0.15479184337841775,329124000
2004-06-28,0.15341666340827942,0.1574663094798524,0.15280604488797891,0.15693180139196256,299376000
2004-06-29,0.1586884707212448,0.15891767639272125,0.15372288976122955,0.15433349465369953,363852000
2004-06-30,0.15639638900756836,0.1588415958546946,0.15448663300388507,0.15448663300388507,329268000
2004-07-01,0.14921480417251587,0.1583831394489537,0.14898558486108715,0.15815393379942222,505620000
2004-07-02,0.14715193212032318,0.15089536042161306,0.14600589016312532,0.1508192636509768,294948000
2004-07-06,0.1385180652141571,0.14692268556605953,0.1369136122362375,0.14539432934467103,575388000
2004-07-07,0.1392056792974472,0.14317924106137525,0.1385180488669778,0.14027562415941655,344136000
2004-07-08,0.13492780923843384,0.14019960918170052,0.13469860351522694,0.13790752462582834,430056000
2004-07-09,0.12912055850028992,0.1349277808055754,0.12659925509061465,0.13477467190656575,1114500000
2004-07-12,0.12614084780216217,0.1291205626575898,0.12446028392400767,0.12553022921899387,676044000
2004-07-13,0.1259116232395172,0.1298851723538534,0.12453636202821672,0.12766918531781904,567108000
2004-07-14,0.12033448368310928,0.12484256723739617,0.1178892915126033,0.12148052534394696,901608000
2004-07-15,0.1194937601685524,0.1228557884601386,0.11873003294269721,0.1215566379272731,611352000
2004-07-16,0.11597960442304611,0.12331428442162375,0.11597960442304611,0.12316117546482769,464700000
2004-07-19,0.11727870255708694,0.1185769378941433,0.11468038752700321,0.1162848542647301,461088000
2004-07-20,0.11964690685272217,0.12010531820543541,0.11605565815979973,0.11720170020348165,341544000
2004-07-21,0.11238829046487808,0.12163364964762874,0.11200688452660404,0.12148052713464672,613416000
2004-07-22,0.11475741863250732,0.115368037178961,0.11002013488912132,0.11368747340185362,521460000
2004-07-23,0.11170070618391037,0.11567426982748678,0.11093698547556798,0.11552116091308567,371496000
2004-07-26,0.10856880992650986,0.11414591205478976,0.10749886450384045,0.11315297876690236,503208000
2004-07-27,0.1121591180562973,0.11246534269870016,0.1057412769059502,0.10910331321780002,789888000
2004-07-28,0.10933250933885574,0.11231222396841498,0.10619968581696318,0.1119299025802199,505116000
2004-07-29,0.11651405692100525,0.11934157750947218,0.11032542308243097,0.11086085326904749,747360000
2004-07-30,0.11781319975852966,0.11995217432209601,0.11483348584921356,0.11506269145872369,403956000
2004-08-02,0.11934156715869904,0.11979997836836218,0.11590342843864732,0.11788929410635353,420984000
2004-08-03,0.11315292865037918,0.11995217359568519,0.11223609938694344,0.11987607684196044,741540000
2004-08-04,0.11437509953975677,0.11544504472803824,0.1117777063605408,0.11192989990205793,507816000
2004-08-05,0.11124227941036224,0.11613266516970633,0.10925641321039817,0.11559724171697039,859920000
2004-08-06,0.07204759120941162,0.07793091577446205,0.07105465829933459,0.07724329207623365,5088948000
2004-08-09,0.07525651901960373,0.0769379911561294,0.07265912597976953,0.0738812646439855,1579212000
2004-08-10,0.08121594041585922,0.08198058312755922,0.07816012927224782,0.07945928687208065,2051916000
2004-08-11,0.07884776592254639,0.08014691679114505,0.07831325099338769,0.08014691679114505,963816000
2004-08-12,0.07701409608125687,0.07930618011914957,0.07686098718458362,0.07907697444773999,654384000
2004-08-13,0.08022300153970718,0.08075751638875549,0.0781601235570608,0.07884775410524159,815700000
2004-08-16,0.0794592797756195,0.08144513878756365,0.07884775282886315,0.07930616407896564,531732000
2004-08-17,0.08381425589323044,0.08427267405410231,0.08045222670571052,0.08121594730413931,744912000
2004-08-18,0.08939137309789658,0.08939137309789658,0.08350804637724867,0.08419567715836655,872424000
2004-08-19,0.08908607065677643,0.09046132538885908,0.08771081592469378,0.0888568649502378,724404000
2004-08-20,0.09435783326625824,0.09565606852526315,0.08832139315497264,0.08862761770628455,1199040000
2004-08-23,0.09642070531845093,0.09741363814411295,0.0953507603938572,0.09588527518269048,800028000
2004-08-24,0.09282951056957245,0.09825441928366074,0.09099584434529907,0.09779600101985475,939420000
2004-08-25,0.09680213034152985,0.09748976099634092,0.09313479189601728,0.09489236776187072,721308000
2004-08-26,0.09703132510185242,0.09764285204156505,0.09588528332790083,0.0966499191315559,612720000
2004-08-27,0.09886503219604492,0.10024028700233611,0.09703136595194066,0.09710837808983636,565128000
2004-08-30,0.09557998180389404,0.0990181142332372,0.09550388503930456,0.09848359935600541,628056000
2004-08-31,0.09519767016172409,0.0964207310951693,0.09221796237217535,0.09596231293578894,587064000
2004-09-01,0.09703132510185242,0.0984065724982152,0.09275337573393096,0.0939755142663513,591744000
2004-09-02,0.10100488364696503,0.10176861095756452,0.09657290993461626,0.09748974611376945,770088000
2004-09-03,0.09794817119836807,0.09993494573616674,0.09710834706703148,0.09794817119836807,715056000
2004-09-07,0.09611449390649796,0.10062257130724432,0.09481625854866478,0.09855969327537914,727332000
2004-09-08,0.09412862360477448,0.09703132559096501,0.0938994179812079,0.09619150154066494,834984000
2004-09-09,0.10352618247270584,0.10520673917612808,0.09596230087124653,0.0964207189729938,1299324000
2004-09-10,0.10749883204698563,0.10803334692325893,0.10146330665981715,0.10176861589565449,1039344000
2004-09-13,0.10956170409917831,0.11170067896687756,0.10719352358937906,0.10734571711939005,967752000
2004-09-14,0.11002013832330704,0.11078386578833317,0.10772805424290982,0.108568793831301,683556000
2004-09-15,0.10390759259462357,0.10696431907183987,0.10253233823471965,0.10665809448348296,1163904000
2004-09-16,0.10780413448810577,0.1088740795880889,0.10528283828772098,0.10566515963521673,810024000
2004-09-17,0.1122361347079277,0.11284674645472975,0.10772805640198105,0.1086448927848948,1003800000
2004-09-20,0.11208300292491913,0.11529192980562206,0.10864487722773165,0.11002012477422722,794628000
2004-09-21,0.11506273597478867,0.11597957242943441,0.11322906989644724,0.11460432457841585,503904000
2004-09-22,0.10971484333276749,0.11475743001875739,0.10917941299072065,0.11200692756904018,625920000
2004-09-23,0.11070776730775833,0.11131929438012525,0.10780414935933325,0.11101306975486541,578664000
2004-09-24,0.10734567046165466,0.11131923140992514,0.10574121117148667,0.11116612259937926,476316000
2004-09-27,0.10543595254421234,0.10772803624160339,0.10352618335810916,0.10650589762947614,406020000
2004-09-28,0.1069643422961235,0.10788117190417462,0.1037554215905697,0.10520676620044916,474840000
2004-09-29,0.10956170409917831,0.11261751519717442,0.1055120514897447,0.10688729900424161,537228000
2004-09-30,0.1109369695186615,0.11345826598818654,0.10872098231766719,0.11078386062628322,619680000
2004-10-01,0.115521140396595,0.11613266059828718,0.11093696577322418,0.11147148068868866,590412000
2004-10-04,0.11880619078874588,0.12033454771141998,0.11628490052573896,0.11651410624748477,673932000
2004-10-05,0.11613265424966812,0.1189592597377705,0.11506270913008579,0.11590344860495652,633180000
2004-10-06,0.11659108847379684,0.11712559657160346,0.11322905248496437,0.115903457823076,498504000
2004-10-07,0.11727870255708694,0.12140444489289305,0.11666716876467943,0.11873004676353052,798072000
2004-10-08,0.11086089164018631,0.11651409724882993,0.10986704302920913,0.11605567217884202,693420000
2004-10-11,0.11101305484771729,0.11322904182028126,0.10902719569453503,0.11101305484771729,373848000
2004-10-12,0.10940861701965332,0.11024935665244595,0.10551207251100243,0.10726964172580426,827232000
2004-10-13,0.10872097313404083,0.11414588017220896,0.10780413688966768,0.11269452903947542,672816000
2004-10-14,0.10543595254421234,0.10971481753820292,0.10467222520680469,0.10971481753820292,513264000
2004-10-15,0.10253234207630157,0.10581828115209045,0.09993494896882982,0.10566516543670097,1280484000
2004-10-18,0.10436601936817169,0.1054359645755271,0.10108100232115937,0.10192173503405125,573972000
2004-10-19,0.10367836058139801,0.1078041160526794,0.10291464019503475,0.10673508648258669,618480000
2004-10-20,0.10490143299102783,0.1053598510762263,0.10276154291605114,0.10337306986834102,540204000
2004-10-21,0.10726958513259888,0.1086448390264819,0.10513061096722817,0.10597043480968125,1013964000
2004-10-22,0.10146330296993256,0.10849175425864478,0.10115708522910277,0.10826254862654425,686460000
2004-10-25,0.10192171484231949,0.10413678624314815,0.10039335177977037,0.10062256422882457,529164000
2004-10-26,0.11070776730775833,0.11605565602029484,0.10826256753454488,0.11192990610528869,2455776000
2004-10-27,0.11376359313726425,0.11582647189397459,0.10872100593382274,0.10872100593382274,1074036000
2004-10-28,0.11254142969846725,0.11460430800767164,0.11147148448396578,0.11223612726079853,561552000
2004-10-29,0.11055465042591095,0.11299985017360642,0.10956171731087398,0.11147148676676616,742860000
2004-11-01,0.11292373389005661,0.11299983065109144,0.11063165026486163,0.11208299446863425,653892000
2004-11-02,0.11452821642160416,0.11689639727572336,0.11170069520751913,0.11261753157111876,1095756000
2004-11-03,0.11559721827507019,0.11957078056356178,0.1149865998584151,0.11918845241969574,910356000
2004-11-04,0.11773715913295746,0.11918850389799544,0.113992807677987,0.11643800794884557,995544000
2004-11-05,0.13477464020252228,0.14340846633728846,0.1332462839516974,0.13599677872736174,3849012000
2004-11-08,0.13622601330280304,0.13805968598425153,0.13271179049734005,0.13332332439418695,718620000
2004-11-09,0.13538618385791779,0.1373720361487678,0.13408701947129661,0.13416311623485142,615936000
2004-11-10,0.13538618385791779,0.13668441923557634,0.1346215411722089,0.13523306132184557,645912000
2004-11-11,0.13805969059467316,0.13805969059467316,0.13530918148064883,0.13622601785199026,507000000
2004-11-12,0.13828891515731812,0.14058099956773845,0.13691366724344606,0.14019960028486822,647076000
2004-11-15,0.14035171270370483,0.1413455607600353,0.13607376419961165,0.13691358807609624,536472000
2004-11-16,0.13989336788654327,0.14233856096411115,0.13729596758870272,0.14081020428769928,472728000
2004-11-17,0.14226242899894714,0.14600587045688695,0.14073407270054591,0.1421093201311883,602772000
2004-11-18,0.14409610629081726,0.14531824489562514,0.14050485823041414,0.14348457248393556,532524000
2004-11-19,0.14485988020896912,0.15685482418157434,0.14371382433668206,0.1550981633149974,2126052000
2004-11-22,0.1489855796098709,0.1489855796098709,0.1440190976151127,0.14539434512572633,733788000
2004-11-23,0.14959712326526642,0.15120159018470095,0.1465403966278808,0.14776345068931196,676896000
2004-11-24,0.1502077281475067,0.15265292070131153,0.1490616726451236,0.14944400081556947,428580000
2004-11-26,0.1517360955476761,0.1531113431240419,0.1495971205837498,0.15089535604456197,350760000
2004-11-29,0.14875641465187073,0.15395211737095332,0.14745726355074237,0.15288217197396334,704388000
2004-11-30,0.14615899324417114,0.14952010686442913,0.14531825375007487,0.14936791332920377,576540000
2004-12-01,0.14982636272907257,0.14982636272907257,0.14638823611979163,0.14745726618857397,514572000
2004-12-02,0.15181222558021545,0.15295826775528318,0.1472280568799445,0.14837409905501223,758652000
2004-12-03,0.15838319063186646,0.16044606946808176,0.1549450637921415,0.1554795720314083,1347312000
2004-12-06,0.16594699025154114,0.16724615446028288,0.1563202318278719,0.159146836842868,970500000
2004-12-07,0.17427463829517365,0.19070156757548853,0.17221176003879995,0.1756498859121235,2927052000
2004-12-08,0.17633751034736633,0.1795464304486133,0.17496226277880259,0.1767198385434886,872724000
2004-12-09,0.17473308742046356,0.1765667466091436,0.16984360282197702,0.17320563238919942,869964000
2004-12-10,0.17809508740901947,0.18000485672360764,0.17702514225177216,0.1787827043673602,652848000
2004-12-13,0.17320562899112701,0.17771278523878392,0.17236488936352118,0.17542070105147692,738024000
2004-12-14,0.17671984434127808,0.17687295322941515,0.17305249915559415,0.1733578015847187,512988000
2004-12-15,0.17832429707050323,0.17885881881852847,0.17572691073918545,0.178477405958174,432768000
2004-12-16,0.18069246411323547,0.18993782480760432,0.18038716170807143,0.18351998489823465,1524036000
2004-12-17,0.1761852651834488,0.18481817457601252,0.17412238760414367,0.18405444741658133,1214244000
2004-12-20,0.17427463829517365,0.18099871016236943,0.17335780199657447,0.17824820126657193,898728000
2004-12-21,0.17557379603385925,0.1767959484721835,0.1699966949145501,0.17427464513658383,899400000
2004-12-22,0.1758030205965042,0.17992877739401267,0.17542069236054186,0.1790880378080599,421824000
2004-12-23,0.17626141011714935,0.17824819149392104,0.17396932632726633,0.1748100658090965,366972000
2004-12-27,0.17473308742046356,0.17947036479467088,0.17381625099517373,0.17870663727903882,308208000
2004-12-28,0.1738162487745285,0.17649064757314095,0.17312861804887125,0.17511539978372592,291612000
2004-12-29,0.17534461617469788,0.177483591600551,0.17282332612988732,0.1732817375337073,294732000
2004-12-30,0.17465689778327942,0.1768728840562397,0.17389317067368135,0.17542061123098507,259812000
2004-12-31,0.18000493943691254,0.180921762469319,0.1764907016142553,0.17717833255046384,575964000
2005-01-03,0.18015798926353455,0.18886791450802265,0.17939426177446358,0.1862705278940431,1066716000
2005-01-04,0.17167729139328003,0.18176246567118212,0.1689267818655426,0.18145716317118785,790224000
2005-01-05,0.1732816845178604,0.17534456252770972,0.16892672286637772,0.1698435590554103,724812000
2005-01-06,0.17160119116306305,0.17840043221765273,0.17037813683099354,0.1763375535287031,563568000
2005-01-07,0.16831521689891815,0.17328169910217842,0.16579391375139807,0.1719825483018147,763092000
2005-01-10,0.1686975359916687,0.17037809968638823,0.16770460293065367,0.16885064487889603,579552000
2005-01-11,0.1635018140077591,0.16800988447022347,0.16098052476746338,0.1670930482932352,1093380000
2005-01-12,0.16212663054466248,0.16556475731855214,0.15815398187983973,0.1649541386370121,1057800000
2005-01-13,0.16380800306797028,0.168085951805735,0.15891761896464968,0.16250885262144563,898764000
2005-01-14,0.16434258222579956,0.16724620013382602,0.16273811521940745,0.16686387190796043,573912000
2005-01-18,0.16693992912769318,0.16732225726297123,0.1621265565727779,0.16250887104616085,464556000
2005-01-19,0.16312046349048615,0.1680860313438985,0.16243283273726103,0.16770463208025338,336492000
2005-01-20,0.1635018140077591,0.1674753764520964,0.15983448296170208,0.15983448296170208,640080000
2005-01-21,0.16380800306797028,0.16701692229472886,0.16319648304928447,0.16373099097384075,596352000
2005-01-24,0.15723706781864166,0.16525937333105567,0.15632023173191767,0.16289119319210393,463704000
2005-01-25,0.15998758375644684,0.1622035704955633,0.1570078697470742,0.1579247058777962,439704000
2005-01-26,0.1620505005121231,0.1642664877828701,0.1578486469900275,0.16052213025796017,429120000
2005-01-27,0.17503932118415833,0.17580304876935857,0.16136289766401066,0.16235583096093684,1002912000
2005-01-28,0.17481005191802979,0.17641450497869318,0.1709895983481805,0.17572688809350714,671052000
2005-01-31,0.17511534690856934,0.17840036331346154,0.1726701545361891,0.17626138866402383,562968000
2005-02-01,0.17840039730072021,0.17916504006865472,0.1738932415244697,0.17496227137935555,507180000
2005-02-02,0.1883333921432495,0.1897847365713624,0.18015797566035766,0.18542977427794824,2035404000
2005-02-03,0.186346635222435,0.18764578627659825,0.18374923479950675,0.186346635222435,690120000
2005-02-04,0.1970432996749878,0.19757780773265995,0.18634659447288823,0.1864226912390991,806448000
2005-02-07,0.19467423856258392,0.20093988664118367,0.19291759141101605,0.19727255441120142,521628000
2005-02-08,0.19658489525318146,0.1997168034928927,0.19284055143142761,0.1934520716662766,455772000
2005-02-09,0.1897086352109909,0.19773092894521566,0.18871478679087328,0.19711940873609235,783756000
2005-02-10,0.19413968920707703,0.19513262225465625,0.19001393278447284,0.1907015634088727,602376000
2005-02-11,0.19979383051395416,0.20124518873816005,0.19222994721750342,0.19291757793968964,556512000
2005-02-14,0.19559098780155182,0.20048138582051772,0.19482727424871976,0.19971674325887379,432900000
2005-02-15,0.19734859466552734,0.20361332560225906,0.19658486732894792,0.19689018339130485,748500000
2005-02-16,0.19666096568107605,0.19956458320932013,0.19314674334697812,0.19673706244504002,466464000
2005-02-17,0.1949034184217453,0.19941148942579773,0.1933759636206486,0.19933539265607475,1017408000
2005-02-18,0.2159905731678009,0.21621977878285945,0.20407171724201403,0.20987895169285212,3132120000
2005-02-22,0.21874111890792847,0.22378371192520627,0.212629496007045,0.21453926545290974,1420800000
2005-02-23,0.21163563430309296,0.21790128105373255,0.208121411735546,0.2152268826486883,1107840000
2005-02-24,0.21721364557743073,0.21751894797461702,0.20873292780009237,0.20873292780009237,695496000
2005-02-25,0.22034555673599243,0.2214915985888245,0.21515077085898068,0.2175189513283512,525132000
2005-02-28,0.22149161994457245,0.2215686320627721,0.21736586341182182,0.21927654813611017,758064000
2005-03-01,0.22095705568790436,0.22615275641350088,0.21874106895855164,0.2224854255686667,737148000
2005-03-02,0.21446318924427032,0.21973498843560324,0.2131640382203626,0.21851193419277473,947460000
2005-03-03,0.21155954897403717,0.21530299106009515,0.20842672542931168,0.21392774339869777,761292000
2005-03-04,0.21064269542694092,0.21400472414536748,0.20888511980127797,0.21217105175772658,593124000
2005-03-07,0.2127816379070282,0.21721362496391278,0.2101081553306971,0.21155949942531346,511176000
2005-03-08,0.20200885832309723,0.21270556309669902,0.20063361084190717,0.21224715182360115,1332384000
2005-03-09,0.1967371255159378,0.2044541322458404,0.19612652051433338,0.2007106894107927,910140000
2005-03-10,0.19666096568107605,0.19910617193139424,0.19352814251386902,0.19734859625986148,689280000
2005-03-11,0.19222994148731232,0.19872387927430765,0.19047236550164046,0.19841857681681271,732180000
2005-03-14,0.1976539045572281,0.19849464403608505,0.1948273127176209,0.19620256025430782,572148000
2005-03-15,0.19368121027946472,0.20055745947519135,0.19352808778587083,0.198647690815796,378108000
2005-03-16,0.190396249294281,0.19597336379241656,0.1903192371773403,0.19291755250190945,535356000
2005-03-17,0.18848556280136108,0.19169448271537562,0.18802713786398959,0.1910068521402666,442584000
2005-03-18,0.1846659630537033,0.1892501289326054,0.18122783864452674,0.18863860898617352,639012000
2005-03-21,0.1910068392753601,0.19146525051995966,0.183442958106198,0.18458899987959254,654456000
2005-03-22,0.18756873905658722,0.19291754950020176,0.18688110843577002,0.19115997372123625,622992000
2005-03-23,0.1916183978319168,0.1929175486372269,0.18695811971519577,0.18733953256559113,728784000
2005-03-24,0.19200071692466736,0.19734861212416435,0.1918476080373604,0.1921529104648297,865356000
2005-03-28,0.18986085057258606,0.19482734720248138,0.18802717775784145,0.19207683798036448,511188000
2005-03-29,0.1856590211391449,0.1917715606644175,0.18481828140121534,0.189631669755703,587400000
2005-03-30,0.1856590211391449,0.18833343393229843,0.17931727589744462,0.18573511792882733,858708000
2005-03-31,0.18153321743011475,0.18588817958233503,0.18069247790599374,0.18458902874193725,518316000
2005-04-01,0.1797756403684616,0.18481823312212717,0.17870661054074174,0.1837492032944073,510756000
2005-04-04,0.17870664596557617,0.17931726460123132,0.17473309591385539,0.17878274275046485,421428000
2005-04-05,0.17557379603385925,0.18252615848600395,0.174503850804757,0.17878271637397838,430128000
2005-04-06,0.17824816703796387,0.18183848576319536,0.17763663328664608,0.17885878544230568,567468000
2005-04-07,0.18153321743011475,0.18336689001901732,0.17610831009563507,0.17916503675460516,506352000
2005-04-08,0.1791650354862213,0.18634660324128438,0.17878270728108372,0.182296943546202,621540000
2005-04-11,0.17564992606639862,0.181074848327478,0.17511541785518267,0.1804633143189296,328380000
2005-04-12,0.1777898222208023,0.178095124706071,0.17121885804933956,0.17511540961021738,512232000
2005-04-13,0.17037807404994965,0.17847737858614623,0.1692320186122542,0.17801896734058456,498408000
2005-04-14,0.16900283098220825,0.17236485990895162,0.16839222615445612,0.17076040671677345,352080000
2005-04-15,0.16312046349048615,0.1680860313438985,0.16159209307019595,0.1668638924131883,630156000
2005-04-18,0.16197440028190613,0.16564173194448567,0.16120975749753405,0.16212659382865352,473100000
2005-04-19,0.16762763261795044,0.1688506869883948,0.16388418975044175,0.1646479173446531,365460000
2005-04-20,0.16250890493392944,0.17152414549757344,0.1623557960432539,0.1704551156424409,564672000
2005-04-21,0.17152415215969086,0.17213567239898017,0.16434258394035328,0.16579392840496354,538152000
2005-04-22,0.1699196696281433,0.17160114861971876,0.1679338035655048,0.1704551067057512,336276000
2005-04-25,0.1725941002368927,0.17389325117340806,0.1705312218372299,0.17137196142355296,318168000
2005-04-26,0.17183031141757965,0.17626136908574544,0.16831517443743024,0.17267013535680795,353148000
2005-04-27,0.16525940597057343,0.16793380434396812,0.16182126655083592,0.16732228415765701,609348000
2005-04-28,0.16579394042491913,0.1680099278479973,0.16312045697320618,0.1647249104507607,372948000
2005-04-29,0.16755147278308868,0.16869751458591165,0.1598344825518992,0.1673983639152891,478356000
2005-05-02,0.16693992912769318,0.17144801297398152,0.16441864004291806,0.16953824397722433,334908000
2005-05-03,0.16602309048175812,0.1701488461300085,0.165335473648313,0.16709303544466542,439512000
2005-05-04,0.17129486799240112,0.17251793533185325,0.16625229048405585,0.16678771374597967,468816000
2005-05-05,0.17465689778327942,0.17679587196871502,0.1713718820909971,0.17228870436696053,619272000
2005-05-06,0.17702515423297882,0.1771021663538686,0.17267019188781701,0.1767198517909841,355728000
2005-05-09,0.18031105399131775,0.1815331925467148,0.17671981973800385,0.1777897647736021,745332000
2005-05-10,0.1732816845178604,0.17809507109480752,0.1712949032695917,0.17801897433322691,735120000
2005-05-11,0.17037807404994965,0.1749622411531489,0.1700727580066817,0.17419851386431928,555420000
2005-05-12,0.17412243783473969,0.1764145216592084,0.17022588713600448,0.1703780943332031,835584000
2005-05-13,0.19352814555168152,0.1945980906612238,0.18183850750021652,0.1898608142850185,2650320000
2005-05-16,0.1942158043384552,0.1955149552791753,0.1911599927906585,0.19123608956686508,664104000
2005-05-17,0.1963556855916977,0.1972725219136339,0.19291755963086057,0.19306975317608355,639804000
2005-05-18,0.19780704379081726,0.19826546881465745,0.19383440945071,0.19589728790324315,550056000
2005-05-19,0.19742470979690552,0.19910618884733172,0.19520963800632676,0.19826544932211862,452880000
2005-05-20,0.2009398341178894,0.20101593088314584,0.1949034069818082,0.1971954907341611,517008000
2005-05-23,0.2056000977754593,0.20766297574173592,0.20170354746984878,0.2023150812525997,703668000
2005-05-24,0.20850373804569244,0.20926745177035178,0.20361333892643999,0.20460718731223035,522192000
2005-05-25,0.20582933723926544,0.20911435430215822,0.20384255570634946,0.20804532443680396,535272000
2005-05-26,0.21163563430309296,0.21324010120621112,0.20728067222591146,0.20766300042716793,788784000
2005-05-27,0.21026037633419037,0.21224715767856772,0.20804530469402796,0.21224715767856772,322740000
2005-05-31,0.20705147087574005,0.2111011306138945,0.20361334500574318,0.2093435547890713,763176000
2005-06-01,0.2089621126651764,0.21278163695074495,0.20323190405891325,0.20567618101135765,796632000
2005-06-02,0.216755211353302,0.216755211353302,0.20819748183327147,0.20819748183327147,684348000
2005-06-03,0.21621976792812347,0.21797732966622574,0.21392768456881553,0.2159905623245716,559620000
2005-06-06,0.21415698528289795,0.21652608179349647,0.21217111874432393,0.2123233123163304,512892000
2005-06-07,0.2089621126651764,0.2162197757763978,0.20819747006573444,0.21270554019577537,974136000
2005-06-08,0.20750989019870758,0.2124002756687607,0.20529481846351222,0.20949665796642616,618720000
2005-06-09,0.21621976792812347,0.21629678002726052,0.20567617354579126,0.20590537914934318,619908000
2005-06-10,0.21377556025981903,0.21621985173281977,0.21232330031459437,0.21599064604042997,465096000
2005-06-13,0.21851187944412231,0.22454831998481065,0.21331709368271096,0.2139277121348063,1409916000
2005-06-14,0.2056000977754593,0.22217920460374968,0.19872383333390523,0.2185888856939741,2408412000
2005-06-15,0.20498864352703094,0.20590548005242476,0.19689025104866376,0.20430101271751028,1669788000
2005-06-16,0.2060585469007492,0.2074337945770578,0.20193279020992505,0.20491250489350898,489240000
2005-06-17,0.2056000977754593,0.2089621264053151,0.20506557609970463,0.20857981191140285,456348000
2005-06-20,0.2087329477071762,0.21010819530815047,0.20223809523650121,0.20560012430009508,606060000
2005-06-21,0.2107188105583191,0.21171265894780333,0.2081214106214326,0.21010819205327416,428172000
2005-06-22,0.21048963069915771,0.21438618217749994,0.2078922439372957,0.21293483755716802,700668000
2005-06-23,0.21377556025981903,0.21637296064350775,0.2093435853278279,0.2101082281958832,836976000
2005-06-24,0.20697534084320068,0.21346927699228124,0.20582929907070951,0.21339318023390944,475632000
2005-06-27,0.20529481768608093,0.20735768221451412,0.20346114514758773,0.20567621687439483,354588000
2005-06-28,0.20659303665161133,0.2079682841147485,0.20384252806344072,0.20613461172263475,262308000
2005-06-29,0.20468325912952423,0.2070514394540665,0.20300269567749143,0.20667004031179143,283572000
2005-06-30,0.20414872467517853,0.20796826258838066,0.20254427174457482,0.20605849363177958,593232000
2005-07-01,0.20506562292575836,0.20537093904428816,0.20093986605110223,0.20346116950889154,315168000
2005-07-05,0.20827455818653107,0.2091143825005102,0.20384258319381754,0.20582936499464416,388440000
2005-07-06,0.21385158598423004,0.2147684083905819,0.20659300785171011,0.20896210328985562,703632000
2005-07-07,0.21232327818870544,0.21392774519203436,0.2098019885113581,0.2104896055168719,465900000
2005-07-08,0.21499766409397125,0.21568528101527917,0.21087190791853697,0.21362240292756204,408132000
2005-07-11,0.21820655465126038,0.22042254131644592,0.21599056798607483,0.216907390424314,399492000
2005-07-12,0.21698445081710815,0.21866500076833184,0.21255246311751688,0.21805346693436162,564252000
2005-07-13,0.21728971600532532,0.21851185445490243,0.21362237164775646,0.21790123607263795,594780000
2005-07-14,0.20766299962997437,0.2238607091746576,0.20735768354604087,0.21958184388292123,1871496000
2005-07-15,0.20544694364070892,0.20766292998568894,0.20185661186012419,0.20705139633768216,1223352000
2005-07-18,0.2003282904624939,0.2049124574296239,0.19826541259490635,0.20483636067329117,1044900000
2005-07-19,0.20307880640029907,0.20353723134205587,0.20002300899312986,0.201550450023177,517896000
2005-07-20,0.206134632229805,0.2069753717473387,0.19796014508506513,0.20071064028497068,526500000
2005-07-21,0.20262041687965393,0.2043779927473471,0.198418563497808,0.203461156427272,594528000
2005-07-22,0.19734859466552734,0.20651694310704546,0.1958972504176142,0.20361332560225906,699264000
2005-07-25,0.19849465787410736,0.2046071959419453,0.19421579242428422,0.19505653196175318,974952000
2005-07-26,0.20262041687965393,0.2029257193166552,0.19689020695655718,0.19765392072264695,759492000
2005-07-27,0.2067462056875229,0.20766304215038534,0.1994876244308319,0.20292575092014087,807828000
2005-07-28,0.20835061371326447,0.20934354674341626,0.20353724041263976,0.20636383230584524,411240000
2005-07-29,0.2067462056875229,0.20972592077635077,0.2050656416777303,0.20750993323445305,351660000
2005-08-01,0.20987896621227264,0.21079580239782875,0.20659303428544348,0.20796828173282955,389040000
2005-08-02,0.2127055674791336,0.2133931980648443,0.2098019635835433,0.21010818133662523,422652000
2005-08-03,0.2127055674791336,0.2146923488096386,0.21079581192233593,0.2127055674791336,518256000
2005-08-04,0.21048963069915771,0.21201800111156396,0.21003121930730567,0.2111011646659599,356424000
2005-08-05,0.21583841741085052,0.21629684241206876,0.20873295968000308,0.21018430413401634,684096000
2005-08-08,0.2166021168231964,0.22133940680829003,0.21507376044563428,0.21728974740508125,725544000
2005-08-09,0.21606767177581787,0.21744291967865964,0.21369856158804487,0.2169074824692761,291900000
2005-08-10,0.21285872161388397,0.2180534946700022,0.21064273431317104,0.2169844784167736,440556000
2005-08-11,0.21583841741085052,0.2162198302907197,0.210795838030739,0.21285871638147497,701556000
2005-08-12,0.22882628440856934,0.2308130521352228,0.2207278806675667,0.22852096833175084,2295420000
2005-08-15,0.23463349044322968,0.23700167071843217,0.22668728122672785,0.2295908848451793,882804000
2005-08-16,0.23065996170043945,0.23448040201387269,0.22897939803905906,0.23241753747747781,637488000
2005-08-17,0.23065996170043945,0.23348748263445293,0.22951391977493235,0.2296670149972249,607572000
2005-08-18,0.22470055520534515,0.23004935251552974,0.2237076220648363,0.22890332413743447,822732000
2005-08-19,0.22309610247612,0.22577051496482195,0.2224084854051143,0.22508288423191664,422232000
2005-08-22,0.2212623655796051,0.22630495761677147,0.21866497963297826,0.22271463875331413,547224000
2005-08-23,0.22271467745304108,0.22386071943400632,0.2202694845995115,0.2210331983631662,254460000
2005-08-24,0.22286684811115265,0.22760412444013925,0.22019336521552133,0.221262381305426,514620000
2005-08-25,0.22439520061016083,0.2256173528786006,0.22195000805001364,0.22386069257445163,296484000
2005-08-26,0.22095705568790436,0.22462440019463376,0.21881808106193731,0.22462440019463376,323436000
2005-08-29,0.22133943438529968,0.22156864005385282,0.21713666558277261,0.2188942278193081,343392000
2005-08-30,0.22928474843502045,0.22982018563005263,0.2206518346457459,0.22095713713088022,948852000
2005-08-31,0.2344043254852295,0.23730701442938734,0.2280625814585781,0.22875021213801555,906804000
2005-09-01,0.23448042571544647,0.23661938723658224,0.23249365774675862,0.23371669824965274,556884000
2005-09-02,0.23065996170043945,0.23493881331931657,0.22989623431184422,0.23493881331931657,469800000
2005-09-06,0.232570618391037,0.23379275700988494,0.22798645097104603,0.23150067329988944,423096000
2005-09-07,0.23998133838176727,0.2405928447024193,0.2316537316401802,0.232264336275909,588012000
2005-09-08,0.24280792474746704,0.24578763815299906,0.2385299763436127,0.2385299763436127,646116000
2005-09-09,0.24594086408615112,0.24647539957698203,0.24143279236781948,0.24540635591911975,454236000
2005-09-12,0.2451002150774002,0.24693388851811673,0.24219752496686905,0.24617016075669176,556584000
2005-09-13,0.2525118291378021,0.2537339680500018,0.24395409704863655,0.24395409704863655,854724000
2005-09-14,0.24945509433746338,0.25396316569021676,0.2483090249815754,0.250601136369554,503448000
2005-09-15,0.25388699769973755,0.25671358909475056,0.25174710778701,0.253275463962867,759756000
2005-09-16,0.2540392279624939,0.25740125682652953,0.2519763361906321,0.25602599564528833,519828000
2005-09-19,0.25044897198677063,0.2545747019237604,0.24907371045857368,0.2537339759053011,428316000
2005-09-20,0.25533831119537354,0.25816492972690236,0.25205330879851084,0.2523585974804002,522192000
2005-09-21,0.2531221807003021,0.25938782225705365,0.2509071244488307,0.25434524739733505,625656000
2005-09-22,0.24632318317890167,0.2537339434091123,0.24181508455467782,0.2537339434091123,739152000
2005-09-23,0.24991348385810852,0.2520533741841736,0.24372483556629754,0.24578772743816618,314640000
2005-09-26,0.2519763708114624,0.25373394675473165,0.24731610590013584,0.251824177260004,406776000
2005-09-27,0.2528170049190521,0.25526218307135157,0.25090723632428835,0.2530461968235486,404160000
2005-09-28,0.2543454170227051,0.25503304753574774,0.250678072502338,0.2535807607440951,353556000
2005-09-29,0.25961723923683167,0.2597694327646958,0.252358646261853,0.25442153799734407,513372000
2005-09-30,0.2619093358516693,0.2642775164447258,0.2592349374936582,0.2597694455616552,458832000
2005-10-03,0.2690908908843994,0.2710006600882615,0.2628261462207216,0.2649651347259715,549888000
2005-10-04,0.26557669043540955,0.2746680002865766,0.264965156568766,0.270236955021135,514476000
2005-10-05,0.25678980350494385,0.26588204460158493,0.2551853498396943,0.26588204460158493,599184000
2005-10-06,0.2558729350566864,0.260457103182805,0.24815683130889016,0.2564844416409945,685512000
2005-10-07,0.2525879442691803,0.25892968934099037,0.25060117600233617,0.25633138706902686,551952000
2005-10-10,0.2461700737476349,0.25434549087366554,0.24609397696885113,0.2538870795064644,459216000
2005-10-11,0.24311426281929016,0.24922588614004196,0.24028674149594442,0.24708689721679467,540048000
2005-10-12,0.2460169494152069,0.24976132076147117,0.24212041183626573,0.24242662964370157,657660000
2005-10-13,0.2447187900543213,0.2458648324831652,0.23532123120827853,0.24548251777834237,509304000
2005-10-14,0.2447187900543213,0.24953217918498843,0.24066912864767523,0.24647546491765496,311256000
2005-10-17,0.2470868080854416,0.24953201393717664,0.24487082149720193,0.24487082149720193,243912000
2005-10-18,0.24303723871707916,0.24846216036986918,0.24143278525407472,0.24800374899812488,299832000
2005-10-19,0.24097421765327454,0.24135653199761786,0.23310502336066566,0.23990520204377716,635952000
2005-10-20,0.24265579879283905,0.24769837740037118,0.24028668935216976,0.24135663442428473,359520000
2005-10-21,0.24403101205825806,0.24754523363528974,0.242349533512929,0.24678150645706956,298368000
2005-10-24,0.25067809224128723,0.25067809224128723,0.24395403474235175,0.24617002165443672,291012000
2005-10-25,0.2522825300693512,0.25304625735296477,0.24792758228057155,0.24899659828157678,334680000
2005-10-26,0.2454063445329666,0.2528932292083752,0.24502402994723377,0.2523586937423452,415344000
2005-10-27,0.24028678238391876,0.24662852781533656,0.2395230547602046,0.2458648001916224,227784000
2005-10-28,0.2476983219385147,0.24815673310495845,0.2349387420808286,0.24089816921595683,464640000
2005-10-31,0.25633129477500916,0.25808887036063827,0.24869131666540503,0.24869131666540503,432420000
2005-11-01,0.2531993091106415,0.25824188601559944,0.25121251484738233,0.256331215812927,400488000
2005-11-02,0.2678687572479248,0.2681740459953424,0.25212945966569805,0.25327550154638695,523668000
2005-11-03,0.2647359371185303,0.27122987429195233,0.2625969757617951,0.26970244680156047,465072000
2005-11-04,0.2602279782295227,0.2654997789513573,0.25747748182102864,0.2648891738308997,570276000
2005-11-07,0.25908175110816956,0.26251987599903437,0.2580127352355949,0.2616030536243189,370824000
2005-11-08,0.25426843762397766,0.2603048925049649,0.25312239566785155,0.2600756731842215,538968000
2005-11-09,0.26572880148887634,0.26741028001697215,0.25190017824140154,0.25480379511436274,818880000
2005-11-10,0.2558729350566864,0.2809336661991952,0.2509073540435992,0.27497426402951936,2503620000
2005-11-11,0.2600755989551544,0.2631314094042372,0.2569427900722303,0.2580888317012608,545928000
2005-11-14,0.26557669043540955,0.26741036302629384,0.25617913548449983,0.26015176943316926,493668000
2005-11-15,0.26618728041648865,0.2697024318609795,0.2653474562855432,0.2671811287739483,496200000
2005-11-16,0.265270471572876,0.2679448976152081,0.2600756983861644,0.2664935394271335,455280000
2005-11-17,0.2770370543003082,0.27726627357452815,0.26435356957761263,0.26748640604262147,703260000
2005-11-18,0.27650171518325806,0.2802460867173883,0.27107772236017286,0.2779539751352347,465768000
2005-11-21,0.28139209747314453,0.28185050880894547,0.27497425680054177,0.27680790214374545,454704000
2005-11-22,0.2888789772987366,0.2916294728557019,0.28062746330404176,0.28284345070920003,731700000
2005-11-23,0.2880391478538513,0.2922410015554586,0.2865107911962924,0.28918518992568454,411948000
2005-11-25,0.2908656895160675,0.29132410075719406,0.2874275368981408,0.2894143317110416,116676000
2005-11-28,0.28941428661346436,0.29415064644998584,0.2842185865984993,0.2916293440309817,424524000
2005-11-29,0.2710777223110199,0.2800168673112592,0.2698546817146203,0.27229986122203087,1043136000
2005-11-30,0.2761964499950409,0.2775716842734087,0.26909097725683323,0.269167074045398,575448000
2005-12-01,0.2794813811779022,0.2807805456525754,0.2755087473179908,0.27848846179612946,562032000
2005-12-02,0.2795584201812744,0.28146818959025177,0.2758140491265626,0.2807805589360279,334476000
2005-12-05,0.2743627429008484,0.2801690501045182,0.2734458928386407,0.2801690501045182,387708000
2005-12-06,0.2755088806152344,0.27925232429493835,0.27443893493806054,0.2748212496608507,375252000
2005-12-07,0.27596715092658997,0.27825923471909964,0.27122986079939165,0.2765786847625121,352668000
2005-12-08,0.27375122904777527,0.2781062056842141,0.27061932037424535,0.27451585828404806,386664000
2005-12-09,0.2776477038860321,0.27803004574111484,0.27077145243413403,0.2745918926913714,262896000
2005-12-12,0.28169742226600647,0.2823089562362157,0.27795397967985835,0.27841241839806447,281136000
2005-12-13,0.2853648364543915,0.2878100439120005,0.28016913264741056,0.28223199807848787,443412000
2005-12-14,0.2826903760433197,0.2846010474599578,0.2793292479864595,0.2832257859194623,287472000
2005-12-15,0.2790999412536621,0.28460093050749385,0.27619632411013895,0.28246104060552846,332724000
2005-12-16,0.2815442681312561,0.28276730849208537,0.277418511796871,0.2800929101444782,1065600000
2005-12-19,0.2768840193748474,0.2842187105847711,0.2761964159822409,0.2821558184355556,292296000
2005-12-20,0.27673089504241943,0.28078055481217645,0.27306354982295217,0.27657870150002994,304356000
2005-12-21,0.2761964499950409,0.2803222074777485,0.27367514616566346,0.27803012302333335,289380000
2005-12-22,0.28460100293159485,0.2849063190336604,0.27589107829340387,0.27596717506665003,318336000
2005-12-23,0.2868160009384155,0.2871983153823408,0.2834548744331488,0.2853646432827567,214536000
2005-12-27,0.28857359290122986,0.29170642963341836,0.2855939060249923,0.28651072855248194,367968000
2005-12-28,0.29124805331230164,0.2921648759497875,0.28673998224802055,0.28857362752299237,264420000
2005-12-29,0.2847532331943512,0.2920118279936968,0.2835310942670175,0.2910949778839963,310464000
2005-12-30,0.2793291509151459,0.2832256874940404,0.27818310913760097,0.28314868905022095,229608000
2006-01-03,0.2920118570327759,0.2941508189587188,0.28001689889737474,0.28093372177444853,472812000
2006-01-04,0.3001871109008789,0.30064554945368027,0.2911709705371832,0.2942277102761536,510072000
2006-01-05,0.30698633193969727,0.3075217688794793,0.299728669476231,0.3002631774072381,646092000
2006-01-06,0.312029093503952,0.3131751356980235,0.29835358564689884,0.31050163836881667,623388000
2006-01-09,0.320738822221756,0.32242027326552963,0.3111890776062012,0.31187668064036805,560484000
2006-01-10,0.3208159804344177,0.3208159804344177,0.3151618669145218,0.319211527015927,339660000
2006-01-11,0.33242860436439514,0.33426224970373264,0.32058677149841575,0.3211212796066609,626304000
2006-01-12,0.3276922106742859,0.33747117872766813,0.32532312825249254,0.33235250269883176,495504000
2006-01-13,0.32478857040405273,0.3296019295973918,0.32020437585396144,0.32692753148700554,421296000
2006-01-17,0.3245593309402466,0.3247124534609261,0.31607860023967876,0.32035747847234985,329232000
2006-01-18,0.32624009251594543,0.32731003819018845,0.3117238550033536,0.31470357091498213,459948000
2006-01-19,0.34434744715690613,0.3488555185295649,0.3299843378091034,0.3305949427110945,914760000
2006-01-20,0.3347206115722656,0.3488554268787541,0.3346445148163125,0.34488279368493985,461604000
2006-01-23,0.33663126826286316,0.3394578596031188,0.33273473198697096,0.3373188987406769,334884000
2006-01-24,0.33831191062927246,0.3453412852006466,0.3364782652843098,0.33739508795679113,388896000
2006-01-25,0.3353321850299835,0.34220843626059944,0.3312825255918191,0.3399924492820246,400236000
2006-01-26,0.346792608499527,0.3470979245725456,0.3380826846899756,0.34022164592391546,448836000
2006-01-27,0.35336360335350037,0.357260140662082,0.34839709350192094,0.3513007113733362,385044000
2006-01-30,0.34939005970954895,0.35527336522899905,0.3477855789721855,0.3548910506485731,315780000
2006-01-31,0.3435075581073761,0.3495430832672848,0.340833159963505,0.34763331412746046,384456000
2006-02-01,0.34373700618743896,0.34511226821741897,0.3360199970361398,0.33731916225388314,450852000
2006-02-02,0.3332691490650177,0.34709776963153105,0.3327346412473799,0.3468685504268401,473736000
2006-02-03,0.336325079202652,0.3404508350971359,0.3300603622635507,0.3311303072903145,504252000
2006-02-06,0.34579962491989136,0.3461810377182059,0.33395689278498997,0.3354082505905687,363468000
2006-02-07,0.3334985375404358,0.34648731362139235,0.3333454149900636,0.34648731362139235,399408000
2006-02-08,0.34312525391578674,0.34312525391578674,0.33449142711416024,0.33449142711416024,393072000
2006-02-09,0.33731895685195923,0.34954310307273007,0.3351790666120387,0.34419520816711735,437100000
2006-02-10,0.3354083001613617,0.340069466353827,0.32753910184318585,0.33854110987938213,414996000
2006-02-13,0.3365543782711029,0.3389234608491643,0.33204720850290836,0.334339292618327,280740000
2006-02-14,0.33716586232185364,0.33838800107514416,0.3327348169510876,0.3365543557644703,342348000
2006-02-15,0.34365972876548767,0.34457657855550045,0.335637436552776,0.33647818958626413,493296000
2006-02-16,0.36062124371528625,0.36138590016343775,0.3477094655982723,0.3500776463743215,1305888000
2006-02-17,0.36268413066864014,0.3875156687976332,0.3606212387008074,0.38713335424077194,2356956000
2006-02-21,0.35496804118156433,0.36253192346437085,0.3518352041189633,0.36192038960397044,684060000
2006-02-22,0.35435643792152405,0.3571830293339294,0.3415207597539967,0.3499253662453354,939756000
2006-02-23,0.34893152117729187,0.3556556053582073,0.3479386019689961,0.35328649613794033,385128000
2006-02-24,0.3488554060459137,0.3546617384592387,0.3470217612367438,0.3504598862396204,416412000
2006-02-27,0.36299043893814087,0.3652055250031489,0.347862670031549,0.3515300162282389,666468000
2006-02-28,0.36008667945861816,0.364441654778564,0.35657245722928826,0.3613858438134936,563316000
2006-03-01,0.37376320362091064,0.3759021652586177,0.35909384829788077,0.36138593250549805,703932000
2006-03-02,0.3742975890636444,0.3795693864775519,0.36948420287620926,0.37338073928690957,545460000
2006-03-03,0.37559688091278076,0.3820908468125897,0.3701719860653094,0.370859616850545,595800000
2006-03-06,0.37483224272727966,0.38545286744717683,0.37299856978492746,0.3829315637359675,529020000
2006-03-07,0.36841434240341187,0.377811897658583,0.3610035823533222,0.3749092087993499,606204000
2006-03-08,0.36658069491386414,0.3704011630314204,0.353439724007162,0.3684913934772123,670800000
2006-03-09,0.36849138140678406,0.3772013063151468,0.3682621620708545,0.37101265748302237,536700000
2006-03-10,0.36207354068756104,0.37276933186687494,0.3587876081414803,0.3681090396376494,521580000
2006-03-13,0.3664284348487854,0.36818508151881324,0.36299030926404546,0.3657408042670788,372132000
2006-03-14,0.3765897750854492,0.3781181317008287,0.36535854669716294,0.36673380807492784,627792000
2006-03-15,0.3826253116130829,0.3831607487639613,0.37590215443001607,0.377353512622668,510600000
2006-03-16,0.3696373999118805,0.383771316284054,0.3683382354021947,0.3833129049651695,568416000
2006-03-17,0.37261709570884705,0.37361001506738506,0.36237878803933865,0.3678798055603596,618588000
2006-03-20,0.36978957056999207,0.3759781913014553,0.36940815773072844,0.37590209453540124,293772000
2006-03-21,0.3880501389503479,0.3950025142785929,0.3778888846303649,0.3880501389503479,1235472000
2006-03-22,0.3768951892852783,0.380028000107492,0.36841445412163204,0.37819432690119537,1158576000
2006-03-23,0.3839244246482849,0.3854528085316103,0.37391536276590914,0.3781942146566591,661992000
2006-03-24,0.39691317081451416,0.39760080137830583,0.38430671066557276,0.3849173154581124,687936000
2006-03-27,0.40760892629623413,0.4079151440141444,0.39591928965318396,0.39721845391065524,651444000
2006-03-28,0.41387468576431274,0.41929867822077355,0.404935541366677,0.40577536561628796,795204000
2006-03-29,0.43610790371894836,0.4368716311571347,0.41219318794371407,0.41563131394348324,987096000
2006-03-30,0.4390875995159149,0.4414557801874735,0.42869619618056914,0.43656629629490595,1063308000
2006-03-31,0.43748316168785095,0.44489392173914666,0.43480873582301516,0.438781397224748,835560000
2006-04-03,0.4423726797103882,0.448485232395346,0.4342742878778033,0.43977530659150377,968916000
2006-04-04,0.4630776345729828,0.4637652653940961,0.44252584503486936,0.442984256474344,1200612000
2006-04-05,0.4668217897415161,0.46911387333239346,0.45238163033043893,0.4622376225597615,1112976000
2006-04-06,0.4677387475967407,0.4712529707598541,0.4591809882063104,0.46559885690643954,789312000
2006-04-07,0.46651583909988403,0.4698778698480651,0.45734749895028165,0.4657521386397912,682674000
2006-04-10,0.4584171772003174,0.4681970731357694,0.45490295488664856,0.46544655083661723,634230000
2006-04-11,0.44726207852363586,0.4599455928519522,0.44451158335711827,0.4599455928519522,702072000
2006-04-12,0.46529343724250793,0.46773864352560285,0.4477204673185263,0.4501656736016213,598308000
2006-04-13,0.4523046314716339,0.4605561159969685,0.45047095913585117,0.4553613440467581,738360000
2006-04-17,0.4535277783870697,0.4648351311096344,0.4498604328528932,0.45154101037919414,443868000
2006-04-18,0.4428310692310333,0.4455815646204046,0.43075908777837557,0.44542844206135074,1165488000
2006-04-19,0.4455815851688385,0.4504710695935453,0.43396804184867016,0.440080566812614,517476000
2006-04-20,0.44496992230415344,0.45291611775103935,0.4342741338231149,0.4416088228394698,552684000
2006-04-21,0.42892545461654663,0.4481789775380541,0.4237306541603766,0.446345304784987,770016000
2006-04-24,0.442067414522171,0.44634536552203646,0.4240360279793534,0.4316760088251452,676848000
2006-04-25,0.4417611360549927,0.4428310813318085,0.42938386547890584,0.4370247469615997,719766000
2006-04-26,0.43870529532432556,0.450165715101575,0.43396800486036163,0.44344255846449343,330528000
2006-04-27,0.44573459029197693,0.44986031881734273,0.4275500881099503,0.4370246400252524,462966000
2006-04-28,0.4464983642101288,0.4521525045792153,0.4422195124502754,0.4460399528895815,284736000
2006-05-01,0.4721696972846985,0.48087964846351916,0.4495541481663912,0.4495541481663912,902472000
2006-05-02,0.47155827283859253,0.48133811619884803,0.4634598814086446,0.47568400251399406,539700000
2006-05-03,0.4746149778366089,0.4798097783720542,0.4657519573775179,0.46621034141803247,378114000
2006-05-04,0.47155827283859253,0.4767539478272474,0.46284832014399274,0.4652935268982458,511128000
2006-05-05,0.477975994348526,0.47965750060154194,0.46743239820148685,0.4740033880091371,338184000
2006-05-08,0.47583702206611633,0.48714437262627813,0.47140597722226746,0.4767538446124295,503622000
2006-05-09,0.4613208770751953,0.47767083757401313,0.46070937044232524,0.4752256307565178,561648000
2006-05-10,0.4510825276374817,0.4611677125986528,0.4464983327832812,0.4558197903844494,753264000
2006-05-11,0.4350380003452301,0.4599456652843902,0.43152377723390273,0.4556667856522292,1201110000
2006-05-12,0.4023372232913971,0.4267864472975663,0.39332198247916783,0.42464748584305495,1568172000
2006-05-15,0.40814444422721863,0.41165866688995223,0.3980592585507581,0.4015734812134916,553380000
2006-05-16,0.3974476456642151,0.41058864007012075,0.3948502734832368,0.4104364465582171,497532000
2006-05-17,0.3814031779766083,0.3983646172504536,0.37437380289027333,0.39607253307753926,841074000
2006-05-18,0.3641364276409149,0.3881263133255777,0.36367801626471646,0.3844589949921911,686730000
2006-05-19,0.37177640199661255,0.38048632730451387,0.3638302041833426,0.3674975497836585,932808000
2006-05-22,0.36673370003700256,0.37055413960730926,0.35664851665996605,0.369789510682216,734886000
2006-05-23,0.3627610504627228,0.3830836113308207,0.36123269425197285,0.37437368866644016,532314000
2006-05-24,0.3674975037574768,0.3783473183175771,0.3577185360541417,0.36597004895951585,579522000
2006-05-25,0.36551162600517273,0.37987473369156816,0.3635248309497839,0.3743737434790722,423666000
2006-05-26,0.3662753701210022,0.3693311814444985,0.36245490237889627,0.36688687666552544,294642000
2006-05-30,0.3509944975376129,0.36703908560842313,0.35084230398998467,0.36688689206079483,448788000
2006-05-31,0.3511475920677185,0.35909381663720197,0.3490086306186,0.35573178740257155,598422000
2006-06-01,0.3694842755794525,0.3694842755794525,0.34961922049848365,0.35512023826995504,537126000
2006-06-02,0.3641364276409149,0.3772774262475414,0.36046908198372934,0.37544375341894864,673710000
2006-06-05,0.3488554060459137,0.3688726496730374,0.34778546112969694,0.3621495221789161,581052000
2006-06-06,0.33953389525413513,0.35359263801409446,0.33006027475537353,0.3532864203641678,824130000
2006-06-07,0.3334225118160248,0.3438129884188995,0.3308241822464699,0.3432014544199489,565380000
2006-06-08,0.32730990648269653,0.3338808698090174,0.31416893616295055,0.32960199051950445,730572000
2006-06-09,0.32624009251594543,0.33724210578452346,0.3234895960297529,0.3315889192014961,433824000
2006-06-12,0.30820947885513306,0.3248646978218508,0.30637580632681305,0.3205867479284472,463230000
2006-06-13,0.3034721910953522,0.31432110380798833,0.30056857339674065,0.3080563587911698,532548000
2006-06-14,0.31233513355255127,0.31325195585640225,0.30209682909645463,0.3053057618075043,480492000
2006-06-15,0.33968719840049744,0.34075714371262966,0.3211974023650164,0.3237957043612008,837336000
2006-06-16,0.33097726106643677,0.3383119247232369,0.32776832693147573,0.33739510201256107,503448000
2006-06-19,0.3210451006889343,0.33632505564225545,0.32028044443793974,0.33464450596502043,388044000
2006-06-20,0.31600260734558105,0.32318417615052086,0.3109600275174671,0.31218216641040003,535818000
2006-06-21,0.31951677799224854,0.32455935656106083,0.31462729463241085,0.31462729463241085,441174000
2006-06-22,0.31019535660743713,0.32394786010234816,0.30805636791823965,0.32303103746553896,532338000
2006-06-23,0.3103485107421875,0.3167663523894271,0.30668119217505113,0.30958478318703403,335202000
2006-06-26,0.30744481086730957,0.3132520459987089,0.3059173834859007,0.30989001714916997,281736000
2006-06-27,0.2976659834384918,0.30958481793615733,0.29354022567904503,0.3092786000666244,608514000
2006-06-28,0.31416893005371094,0.3190583868163507,0.29216488547492353,0.2999579874428062,833376000
2006-06-29,0.3283798098564148,0.3283798098564148,0.3045421225187526,0.30561113861705297,687666000
2006-06-30,0.32532307505607605,0.33678349300323057,0.32287879794695024,0.33158872105154596,468240000
2006-07-03,0.33006033301353455,0.33311611628665905,0.3277682223208006,0.33281082759151065,174696000
2006-07-05,0.31523776054382324,0.32776811834558944,0.31523776054382324,0.32486452949860156,459708000
2006-07-06,0.3054589331150055,0.31829461251096125,0.3022500269279128,0.31523789984789874,470634000
2006-07-07,0.2959843575954437,0.30820943124466466,0.29262323082351094,0.30759789749335276,541230000
2006-07-10,0.2831486761569977,0.2988879716059938,0.28055127667644797,0.29674898335082994,449922000
2006-07-11,0.2926233112812042,0.29369235487169076,0.27810617748885924,0.2822319070198988,600582000
2006-07-12,0.27856460213661194,0.2949154094583557,0.27825928600498095,0.29155337991652625,461034000
2006-07-13,0.27138298749923706,0.2811628566550283,0.27000772627314423,0.2742866051721531,540582000
2006-07-14,0.2700076103210449,0.2779538035375631,0.2623676347382798,0.2764254477470772,572148000
2006-07-17,0.27214667201042175,0.2752033844225627,0.2674103115657508,0.2687855452514169,502806000
2006-07-18,0.2869691848754883,0.28987280276982785,0.2713830081943111,0.28146819419921243,979332000
2006-07-19,0.2994995415210724,0.3031668590908489,0.28360712163341434,0.2857470118320823,1055550000
2006-07-20,0.2935400605201721,0.31019527577432227,0.29308164932122394,0.30484738192609323,505602000
2006-07-21,0.27153608202934265,0.2848302009843093,0.2693961917426711,0.2836071332968381,633918000
2006-07-24,0.29888802766799927,0.3057642793099265,0.28009291798769537,0.2816212744698704,983178000
2006-07-25,0.3094314932823181,0.31264039842546376,0.29812417389648244,0.30255524455519145,574104000
2006-07-26,0.3094314932823181,0.3130988368662991,0.3002631343223657,0.3094314932823181,495318000
2006-07-27,0.31386280059814453,0.32624007511140934,0.3082096143167082,0.3134043890955362,694338000
2006-07-28,0.3464103043079376,0.3470218381574142,0.3201283112395443,0.32196198377895374,815298000
2006-07-31,0.33831191062927246,0.34625813519692455,0.33739508795679113,0.3427429834066946,594762000
2006-08-01,0.3247126042842865,0.3347977653101677,0.31860005097113436,0.33418623127606223,600966000
2006-08-02,0.34961915016174316,0.35130062887315966,0.33113028908324527,0.33189398901311234,756774000
2006-08-03,0.3716232180595398,0.3810977702861804,0.34350755516391474,0.34839703846100234,890568000
2006-08-04,0.36658069491386414,0.38201470629269113,0.3571070422355813,0.3814031723642748,818232000
2006-08-07,0.3623026907444,0.3668868583433396,0.35527331680334673,0.3601628004785717,436146000
2006-08-08,0.37192946672439575,0.37972254075840084,0.364288558901123,0.36520540882051994,619806000
2006-08-09,0.37177640199661255,0.3896546913053036,0.36902590645827493,0.3792641884407927,584706000
2006-08-10,0.36917901039123535,0.37131799936728044,0.36138593496188576,0.3676506536806458,1072140000
2006-08-11,0.3575654923915863,0.3668869525249727,0.34106249026376323,0.3422846292440478,1603272000
2006-08-14,0.3557317852973938,0.3656638487008094,0.35374499008355986,0.36199650338414857,809412000
2006-08-15,0.3899599015712738,0.39194669653864916,0.36138585367478315,0.3649000760000071,902172000
2006-08-16,0.41792336106300354,0.4196048400323085,0.3820146493577619,0.392099807137585,1029246000
2006-08-17,0.41135334968566895,0.42357752402946636,0.40722759316206786,0.4127286109681345,814224000
2006-08-18,0.4180765450000763,0.4202155065692428,0.39744776046874736,0.411811826524644,665898000
2006-08-21,0.4026433229446411,0.4125753835177833,0.40172650053863496,0.4118116836236463,500220000
2006-08-22,0.40203192830085754,0.41318706016253315,0.4011151055777036,0.4014204216982413,473928000
2006-08-23,0.401726633310318,0.4092134905072124,0.39286358571697544,0.405087733669034,485412000
2006-08-24,0.405852347612381,0.40799130892207036,0.3963777670950538,0.4027956073569422,260802000
2006-08-25,0.40462934970855713,0.4118118476088079,0.39882304229792476,0.40279567684258005,238314000
2006-08-28,0.4185349643230438,0.4304538239064737,0.4105887664802378,0.411353395663065,764562000
2006-08-29,0.43748316168785095,0.43946902788417913,0.4194517786067699,0.42250759002132915,727962000
2006-08-30,0.4464983642101288,0.4510825593869885,0.4388583850167748,0.4399274285237434,681564000
2006-08-31,0.4448177218437195,0.4474151213244324,0.4351909768148509,0.4454283265796283,511278000
2006-09-01,0.4261748790740967,0.4417610818840434,0.4244943290924588,0.43824683205251175,605742000
2006-09-05,0.43549633026123047,0.43717688021715234,0.4212854162180589,0.4275501337571841,549354000
2006-09-06,0.41364553570747375,0.42846708640001213,0.4125755902534642,0.42785648138799026,493572000
2006-09-07,0.42189693450927734,0.43121749079282645,0.40249031850539124,0.40692136367019077,742836000
2006-09-08,0.42327219247817993,0.4304537600731823,0.4139507345815011,0.42862008753812947,447978000
2006-09-11,0.42984217405319214,0.43473255890198154,0.409061201174684,0.41379756181173555,598266000
2006-09-12,0.4411504566669464,0.4439009791612797,0.4267864196357981,0.42785636479825045,498432000
2006-09-13,0.44466474652290344,0.45047105347059985,0.44084427852271135,0.4422195398934947,476286000
2006-09-14,0.4429841637611389,0.45077726589638223,0.4371769278735328,0.4425257524176063,428814000
2006-09-15,0.45169395208358765,0.45383294024364246,0.4423724961758379,0.4445114843358927,649764000
2006-09-18,0.46880778670310974,0.4695724159485506,0.4515410571765441,0.4529162914015399,793896000
2006-09-19,0.45658352971076965,0.46911392130590024,0.45276308944023824,0.4657518923356649,708054000
2006-09-20,0.4732397198677063,0.47385035211687493,0.4616261764905298,0.46254299922583514,511884000
2006-09-21,0.4694191515445709,0.47751754021978726,0.4649880526010991,0.47278117990000373,539106000
2006-09-22,0.4555136263370514,0.47094760969364463,0.45031885337448196,0.4680440190812366,653334000
2006-09-25,0.47186437249183655,0.4738502658060354,0.4498603576145081,0.4623898470832172,684486000
2006-09-26,0.46193158626556396,0.4726283090760526,0.45597215530648866,0.4714061699683906,516120000
2006-09-27,0.46055617928504944,0.47522555998712795,0.45612513402715804,0.46055617928504944,578142000
2006-09-28,0.4518462121486664,0.4536798845625845,0.4405389162515127,0.44252568387673163,647346000
2006-09-29,0.4521525800228119,0.4584172989760235,0.4497073731371543,0.4549030757288231,373890000
2006-10-02,0.4406920373439789,0.4529161838278934,0.43702469230076507,0.45001259348708844,647442000
2006-10-03,0.43244051933288574,0.4358016465703272,0.4228137728677516,0.43244051933288574,907692000
2006-10-04,0.4749201536178589,0.47507327613836176,0.43182892430634157,0.4330510901199699,1460382000
2006-10-05,0.46147289872169495,0.4778237274907727,0.4602507602728333,0.47308643819302093,662682000
2006-10-06,0.4726282060146332,0.47751769038841696,0.4608624692600323,0.46223773066571494,593610000
2006-10-09,0.5030365586280823,0.5093012459953644,0.4701827167800632,0.47155797735932153,932304000
2006-10-10,0.49157610535621643,0.5024249573503754,0.4859219410212864,0.500438190696975,624648000
2006-10-11,0.49432680010795593,0.5030367506700401,0.48149112088060003,0.48897800386043,481944000
2006-10-12,0.49631252884864807,0.5065508050056043,0.489130964301661,0.4970771575935607,414720000
2006-10-13,0.5160247087478638,0.5189282993199427,0.48653380716568656,0.49463219795197927,584190000
2006-10-16,0.5151077508926392,0.5261097293636855,0.5059393626366621,0.5177060246793551,478968000
2006-10-17,0.4953957498073578,0.5102182492689022,0.49050632180750786,0.5067040275415869,526506000
2006-10-18,0.48225489258766174,0.508079319839845,0.478740670265334,0.5027305234029907,822750000
2006-10-19,0.4914235472679138,0.49509089451362354,0.4766010902966496,0.4804215055307846,473040000
2006-10-20,0.48576903343200684,0.49554887310359863,0.4787405899662314,0.4952435570910083,359478000
2006-10-23,0.48256033658981323,0.49646596662213155,0.4813381975108116,0.48470022757780945,280248000
2006-10-24,0.4966188371181488,0.5021198810189423,0.48210170773479616,0.48347696870999457,519288000
2006-10-25,0.501203179359436,0.5088431868271319,0.49295166526777456,0.5013553729204498,389436000
2006-10-26,0.5170947909355164,0.5187753141682069,0.5024254057088479,0.5024254057088479,366690000
2006-10-27,0.4947853684425354,0.528555125200064,0.48897813208818547,0.5170947040716564,566988000
2006-10-30,0.5007448792457581,0.5096069724377725,0.4927986799532685,0.498146549458126,479592000
2006-10-31,0.5328338146209717,0.5328338146209717,0.5091483504064408,0.5117466243324161,996174000
2006-11-01,0.4917285740375519,0.530693999457103,0.4843938838642476,0.5258045156779075,1176540000
2006-11-02,0.4883674681186676,0.5047173727701085,0.4816434094400712,0.49402070717333196,862944000
2006-11-03,0.4981464147567749,0.4987579759654858,0.48592224012200175,0.4938684919133914,548070000
2006-11-06,0.5132740139961243,0.5201502637015648,0.49325677124323136,0.49952151458524313,739602000
2006-11-07,0.5210672616958618,0.5265682518079274,0.5141909557462954,0.5170946006666185,553254000
2006-11-08,0.528708279132843,0.5351260934864006,0.5161779119292953,0.5174000508956011,648324000
2006-11-09,0.5392518043518066,0.553156502190352,0.5346676362556743,0.5395571204612062,1207758000
2006-11-10,0.5262628197669983,0.5372648522142747,0.5129687040574862,0.5346674529473158,1317192000
2006-11-13,0.5501007437705994,0.5516290731121799,0.5271798475690596,0.527332970135481,852282000
2006-11-14,0.5556014180183411,0.5566713627073343,0.5363478783730341,0.548113608565057,628530000
2006-11-15,0.5464332699775696,0.5615610327831192,0.5433774317253821,0.5539210272957703,491892000
2006-11-16,0.5534626841545105,0.5554485228574745,0.5439881039248653,0.5487253940396879,457182000
2006-11-17,0.5549901723861694,0.5565185563721211,0.5462802744730922,0.5496423039204507,361608000
2006-11-20,0.5601857304573059,0.563241513837025,0.5439880237957858,0.5481137521447728,608634000
2006-11-21,0.5514757633209229,0.5627831123402491,0.5476553511209697,0.56186628991887,387384000
2006-11-22,0.5609495043754578,0.5615610655241566,0.5505590307297603,0.5534626756296767,240258000
2006-11-24,0.5650752782821655,0.5662983459111237,0.5531564211200057,0.5581990271457471,144336000
2006-11-27,0.5395569205284119,0.5692008796094532,0.5357364539784094,0.5617140526682932,585294000
2006-11-28,0.5496422052383423,0.5545316887846555,0.5293187130076417,0.5377233479363056,480966000
2006-11-29,0.5577406883239746,0.564464747135483,0.5525458878410419,0.5546849040466273,579792000
2006-11-30,0.5652284026145935,0.5698125700534354,0.5510174616951489,0.5577405903161156,583632000
2006-12-01,0.5430713295936584,0.5597274240897969,0.5381818455116055,0.5589637239786273,785010000
2006-12-04,0.5650752782821655,0.5721046519553938,0.5481138150942644,0.5501006373893376,621570000
2006-12-05,0.5592690706253052,0.5624779774572987,0.5530043248774698,0.5591159480615578,663354000
2006-12-06,0.5585052967071533,0.5611026968519746,0.5508644154605923,0.5611026968519746,478242000
2006-12-07,0.5450581312179565,0.5615611588277412,0.540168646833274,0.5585053198896587,486894000
2006-12-08,0.543224573135376,0.5507123887393204,0.533292533852278,0.541085611009015,564858000
2006-12-11,0.5525457262992859,0.559115786264237,0.5421543250007702,0.5433773924909602,515484000
2006-12-12,0.5468915700912476,0.5502535982415434,0.5395569364277085,0.5484199534875526,568116000
2006-12-13,0.5533097386360168,0.5577407850849295,0.5513229702884185,0.5513229702884185,491952000
2006-12-14,0.5630894899368286,0.5701179905585501,0.5572823084489162,0.5577406924882196,715380000
2006-12-15,0.5730213522911072,0.5730213522911072,0.5632414583902289,0.5667566089815808,746094000
2006-12-18,0.5829535126686096,0.589829763199247,0.5733267400666847,0.5736329304657434,688356000
2006-12-19,0.5913581848144531,0.5944140234025419,0.5747020911950721,0.5754667202750724,545622000
2006-12-20,0.5846351385116577,0.5953309302933546,0.5841766998138213,0.5883024841515565,306594000
2006-12-21,0.5795924663543701,0.5895245568419049,0.5730215306389721,0.5878439794558364,367920000
2006-12-22,0.5658400654792786,0.5806616426259675,0.5630895423968213,0.5786757487847433,370170000
2006-12-26,0.5656865835189819,0.5739380928765684,0.563394500622295,0.5688955432923971,228192000
2006-12-27,0.5731744766235352,0.5751603148448302,0.5681318716572455,0.5681318716572455,264954000
2006-12-28,0.5690487623214722,0.5743966839301652,0.5664504884173325,0.5737851228469778,213912000
2006-12-29,0.5655333995819092,0.5809674009170591,0.5649228223837645,0.5690485492904445,386094000
2007-01-03,0.5513226985931396,0.5733267100694143,0.5316107158595738,0.5664504598985521,1154820000
2007-01-04,0.5487254858016968,0.5513228860971361,0.535278242260789,0.549336992414488,797298000
2007-01-05,0.5143440365791321,0.5378764334971726,0.5106766919192739,0.5357365434348751,1243344000
2007-01-08,0.5181645154953003,0.5280965500209464,0.5073146747893145,0.5161777479161139,657270000
2007-01-09,0.5080793499946594,0.5224424852091963,0.507467843469386,0.5189282626782974,764166000
2007-01-10,0.5331391096115112,0.5378763989986763,0.49509051367007473,0.5027304638994402,1108746000
2007-01-11,0.5311524271965027,0.5372649785519488,0.5224424759633198,0.5331391949212028,924504000
2007-01-12,0.5383350253105164,0.5404739869727591,0.5207620516316194,0.5232072584371953,698190000
2007-01-16,0.5392518043518066,0.54276602719898,0.5331392523380643,0.5424607110895805,711864000
2007-01-17,0.5279434323310852,0.5349728050995125,0.5259575393005976,0.5317638445974965,707934000
2007-01-18,0.4842415750026703,0.5233592392906095,0.47767064110572405,0.5233592392906095,1501638000
2007-01-19,0.4871445596218109,0.4972297207977214,0.4756840821271226,0.4790461121888643,942606000
2007-01-22,0.4871445596218109,0.4996749279612179,0.4853108591777138,0.49172872876064355,730644000
2007-01-23,0.4872974753379822,0.4950906041575325,0.475837056071102,0.48485226893836103,630354000
2007-01-24,0.5024253129959106,0.5089963040787691,0.49127020818513806,0.49356229237289395,685722000
2007-01-25,0.4848521947860718,0.508843029456391,0.4824079177692976,0.5070093298655786,616284000
2007-01-26,0.4808797538280487,0.49371543677667573,0.4721698007408089,0.48897814562306785,829584000
2007-01-29,0.46116766333580017,0.47904589293556316,0.457041880210606,0.4787406315440384,1258284000
2007-01-30,0.470030814409256,0.47308659874911113,0.4600978485530123,0.46422357819831517,636174000
2007-01-31,0.4683493971824646,0.47278137229072087,0.46193152824510586,0.46773876488619626,467976000
2007-02-01,0.47430849075317383,0.4767536962169516,0.46300119836013226,0.4639180206210732,650898000
2007-02-02,0.4866858422756195,0.48897792553307423,0.47293334273089094,0.4769068772376275,586590000
2007-02-05,0.49463212490081787,0.49875790828657407,0.48821431249753294,0.4889780125003932,579906000
2007-02-06,0.5122052431106567,0.5186230573795216,0.49829961454410904,0.5057873741941907,775386000
2007-02-07,0.5322222113609314,0.5334443496587866,0.5132739855199892,0.5163306974539246,761058000
2007-02-08,0.5253461599349976,0.532833918409091,0.5195398532339384,0.5241240211767624,726276000
2007-02-09,0.49891114234924316,0.5323756405833143,0.496924374080768,0.527943665301611,937956000
2007-02-12,0.5099130272865295,0.5207619394899659,0.4972295409408867,0.5025783374584434,789360000
2007-02-13,0.5195398926734924,0.5236656222761913,0.5129689017120327,0.5181646312567273,849732000
2007-02-14,0.5126635432243347,0.5271797455127369,0.5114404755956262,0.5241239617826925,1081848000
2007-02-15,0.5157192945480347,0.5183166941610833,0.5074677827750015,0.5123572659556935,488682000
2007-02-16,0.4999801218509674,0.5141910099169731,0.49845266696862767,0.5135804323562281,915060000
2007-02-20,0.5044119358062744,0.5071624029530207,0.4972294409522418,0.5007445916297033,625578000
2007-02-21,0.4969242513179779,0.5056342027833081,0.491881644961861,0.5002862803425352,655332000
2007-02-22,0.5001332759857178,0.5128158916420354,0.49891113699684375,0.5047174447936541,655452000
2007-02-23,0.49891114234924316,0.5051758889530975,0.4987580744121764,0.5048705727930147,403050000
2007-02-26,0.49127012491226196,0.504105805117499,0.4905064248647137,0.5002862665755784,494070000
2007-02-27,0.47644874453544617,0.4973828208920593,0.4756840606089513,0.4859223439158002,714630000
2007-02-28,0.47369807958602905,0.4839354308205676,0.46926610555850434,0.4750733407835073,780048000
2007-03-01,0.46789082884788513,0.4766007797114065,0.4573472328802467,0.4634597839762684,837228000
2007-03-02,0.45490309596061707,0.4694193573250731,0.4539862458019696,0.46376524308490263,682728000
2007-03-05,0.43946900963783264,0.45581981462055,0.4379415548366116,0.4469567951602076,663558000
2007-03-06,0.465446412563324,0.4704890170645339,0.44726191456798,0.4490955864480759,805974000
2007-03-07,0.4523046314716339,0.46529340570309824,0.45031876561619943,0.46315444464288663,811656000
2007-03-08,0.4709476828575134,0.4761424839509159,0.46147310012692494,0.4617793452913203,770622000
2007-03-09,0.466210275888443,0.48286642381868955,0.46086240818652874,0.4775176271077632,555306000
2007-03-12,0.4634597897529602,0.4701829184123153,0.4602508288093788,0.46086238995308576,428010000
2007-03-13,0.443901002407074,0.461473017827718,0.4435947572972944,0.45872254983694066,617070000
2007-03-14,0.4417611360549927,0.4477205383408438,0.4284670154415302,0.4451231654395507,971610000
2007-03-15,0.437330037355423,0.4446647279278138,0.430606880667089,0.44069206654222826,655752000
2007-03-16,0.4332042336463928,0.43839993491147855,0.4301484225764471,0.43763530588010824,525648000
2007-03-19,0.43534326553344727,0.44237261261889743,0.43396800423264814,0.43549636076249393,461508000
2007-03-20,0.4332042336463928,0.443900952242764,0.43152368374021677,0.43396796099258467,656490000
2007-03-21,0.45795878767967224,0.46514032786037013,0.44221948977057013,0.45077722017518007,1268376000
2007-03-22,0.4680440127849579,0.47079448080195635,0.45627827665820103,0.45841723810648016,810954000
2007-03-23,0.4628482460975647,0.47278126508478685,0.4594871461453786,0.4645297524064626,524640000
2007-03-26,0.46376511454582214,0.467585527409816,0.4553613811681735,0.4631544823996017,447336000
2007-03-27,0.4550553262233734,0.46361303224153244,0.45459691476899133,0.4626962093327683,469020000
2007-03-28,0.4463452994823456,0.4550552244630907,0.44558157201640086,0.4512356854480471,459504000
2007-03-29,0.43855220079421997,0.4536799667963537,0.43137063237191414,0.4530693618870075,719016000
2007-03-30,0.43977516889572144,0.44772043566453823,0.4374830853136257,0.4445115295791208,581244000
2007-04-02,0.43931686878204346,0.44237265311238816,0.4321343711624899,0.4387053348475551,400830000
2007-04-03,0.43763548135757446,0.44420641909736697,0.4335097235357652,0.43931696094694045,473724000
2007-04-04,0.4367183446884155,0.4405388111397894,0.4354962063737222,0.43702456236174697,361692000
2007-04-05,0.4721696972846985,0.47262813590111624,0.438552140524452,0.438552140524452,1332900000
2007-04-09,0.463612824678421,0.47751757426155916,0.46269600218012547,0.472169652503903,640950000
2007-04-10,0.45887574553489685,0.46834939907677425,0.45795889540136553,0.463001475502485,794220000
2007-04-11,0.45062413811683655,0.4643766695300646,0.4490957815451354,0.4597925015002542,810150000
2007-04-12,0.4634597897529602,0.4648350509219827,0.4452761877834755,0.4481789036507157,743640000
2007-04-13,0.4672800302505493,0.4681969071235532,0.45627805425016876,0.4619312357234378,638694000
2007-04-16,0.46483516693115234,0.469572403469028,0.4588757368098144,0.4660573058670141,671838000
2007-04-17,0.46926602721214294,0.48745050088328384,0.46697394381488344,0.4766007159424048,1059108000
2007-04-18,0.47507330775260925,0.4791990364106025,0.4660571667920898,0.46850231829576877,683802000
2007-04-19,0.48164331912994385,0.4843938413655108,0.4698775848383992,0.47125284595618266,568056000
2007-04-20,0.4872974753379822,0.4889780526629917,0.48087966240756513,0.48867273657952576,590052000
2007-04-23,0.4793511927127838,0.48592212701183507,0.47797593171770786,0.48500530456431107,595272000
2007-04-24,0.4973825216293335,0.5018135653075929,0.4842415294332938,0.48745043482507755,1028088000
2007-04-25,0.5059396028518677,0.5086901260993404,0.4943269868205565,0.4966190713109155,509640000
2007-04-26,0.5122052431106567,0.5160247825393696,0.5013553991003623,0.5059395677631519,500070000
2007-04-27,0.5053288340568542,0.5161777457074845,0.49722951560456913,0.5105236334096255,554058000
2007-04-30,0.5025784373283386,0.5186230266989398,0.5024253147592179,0.5122052128097384,563388000
2007-05-01,0.5079261064529419,0.5151076715767829,0.5038003241758999,0.5117465181060719,544554000
2007-05-02,0.5019668936729431,0.5126636136830484,0.4993694935397036,0.5105237232050893,659658000
2007-05-03,0.5114404559135437,0.5148024845877621,0.5057872179772083,0.5067040951446612,500250000
2007-05-04,0.5151077508926392,0.5177060246793551,0.5093013909861833,0.5141908738137362,405246000
2007-05-07,0.5048702359199524,0.5284016968244056,0.5042587296461584,0.5225953928395421,557100000
2007-05-08,0.508689820766449,0.5099128880765426,0.4920346069943305,0.5018135714227302,737100000
2007-05-09,0.5109821557998657,0.5138858013247951,0.49921641844133174,0.5050227258344087,417870000
2007-05-10,0.5015084147453308,0.519845085486686,0.49707736960552196,0.5131219565042077,802584000
2007-05-11,0.5369596481323242,0.5421543931014486,0.5204566233453406,0.5285550132001618,1530630000
2007-05-14,0.5316109657287598,0.539862480741709,0.5265684126885606,0.5348199277015098,731568000
2007-05-15,0.5268745422363281,0.5363481951756321,0.5256515289933951,0.5331392882218776,621360000
2007-05-16,0.5335977077484131,0.5335977077484131,0.5172478027895697,0.5273329619879653,523104000
2007-05-17,0.5247347354888916,0.534819951309683,0.5216789506161362,0.5320694279680841,443664000
2007-05-18,0.5351260900497437,0.5366535451574093,0.5242763006135499,0.5287082757374021,604266000
2007-05-21,0.5368064641952515,0.550100581155219,0.5310001587445319,0.5335975582558043,645768000
2007-05-22,0.539710283279419,0.5445997683447533,0.528555177186893,0.5372651308897224,401736000
2007-05-23,0.5253461599349976,0.5432243930529741,0.5238177760685013,0.5400154864225158,448248000
2007-05-24,0.5063977837562561,0.5293186169887852,0.5042588229438335,0.5277912172108743,607800000
2007-05-25,0.5143440365791321,0.5169414362078415,0.5085377308658905,0.5100651854634511,308976000
2007-05-29,0.5198450088500977,0.5215255859195029,0.5106766748310342,0.5122050583863662,316242000
2007-05-30,0.5210672616958618,0.5210672616958618,0.5073147044443165,0.5137325717813827,331650000
2007-05-31,0.5293189287185669,0.5325278909790245,0.522442674699202,0.5248878819733319,481572000
2007-06-01,0.5329858660697937,0.5432241424453563,0.5320690438337085,0.5352779489837906,429084000
2007-06-04,0.5358896851539612,0.5389454688198455,0.5259575958498526,0.5280965569798354,322002000
2007-06-05,0.5517813563346863,0.5526981792163096,0.5365013939392749,0.5374182168208982,698586000
2007-06-06,0.5559070706367493,0.5647700914486987,0.5456696627148911,0.5479617469515073,950736000
2007-06-07,0.5499475002288818,0.5615610410175735,0.549795306705086,0.5533095289437701,791862000
2007-06-08,0.5585052967071533,0.5592690514814858,0.53864024050172,0.545363424701532,533268000
2007-06-11,0.5604910850524902,0.563853113701988,0.5554484792589139,0.558505191857816,434634000
2007-06-12,0.5546848773956299,0.5653815426898998,0.5543795612910258,0.557588467978398,526770000
2007-06-13,0.5679788589477539,0.5681319814819926,0.5536148504254248,0.5607972918672725,587232000
2007-06-14,0.5780642032623291,0.5802031648917708,0.5646169595516429,0.5653815887414733,508548000
2007-06-15,0.6043469905853271,0.6089311583442947,0.5844819357442596,0.5846350582922488,1081998000
2007-06-18,0.6046522259712219,0.6125984217193838,0.5997627427778949,0.610458531664459,685662000
2007-06-19,0.6084726452827454,0.6098478516006434,0.5967059832853889,0.6008317115342403,491952000
2007-06-20,0.6090835928916931,0.6142793238894829,0.604957862135147,0.6112234840789567,822792000
2007-06-21,0.656758725643158,0.6621075771027245,0.6161127225781267,0.6208500128582367,1297326000
2007-06-22,0.6665382981300354,0.670358763935053,0.6471316914719233,0.6570646511861775,882618000
2007-06-25,0.6489658355712891,0.6637882881403417,0.6419373884393855,0.6478968191127831,819702000
2007-06-26,0.6188629865646362,0.6491185028230203,0.6173346034065386,0.6472848037072463,868482000
2007-06-27,0.6355194449424744,0.6362831997877336,0.61580750946498,0.6188633485600037,613140000
2007-06-28,0.6416309475898743,0.6485072536911446,0.6310873510980449,0.6373530250418361,597534000
2007-06-29,0.6312404870986938,0.646062935463556,0.6309351710134455,0.645909867564007,516570000
2007-07-02,0.6575234532356262,0.6578287146936148,0.6382699037545245,0.6402557973068523,563850000
2007-07-03,0.6585926413536072,0.6637883173211474,0.6517163875006934,0.6570651860655353,238770000
2007-07-05,0.6656216979026794,0.6677606588950202,0.6555364867139896,0.6587454473545263,373290000
2007-07-06,0.6688305735588074,0.6714279729955782,0.66348270681608,0.664704845276083,282720000
2007-07-09,0.6882371306419373,0.6914460908797078,0.6711226031770618,0.6712757256815531,536784000
2007-07-10,0.6949604153633118,0.6990861439261781,0.6773874467919466,0.68472213606769,552654000
2007-07-11,0.6919047236442566,0.6995447305826992,0.6822779487629363,0.6948074399172743,582612000
2007-07-12,0.7051987051963806,0.7059624051782024,0.6919045875163962,0.6967940707703166,438732000
2007-07-13,0.7009199261665344,0.7116165906476647,0.7001561714585393,0.7032120100043595,372630000
2007-07-16,0.7136025428771973,0.716506133478633,0.7013783679722277,0.7015314905300585,541710000
2007-07-17,0.710546612739563,0.7308701049092395,0.7099351062435367,0.7165060413726873,643812000
2007-07-18,0.6975579261779785,0.7024482844997624,0.6838053679316936,0.7003083941091622,550656000
2007-07-19,0.6967941522598267,0.711005094113041,0.6919046684340849,0.7074908715388346,407376000
2007-07-20,0.6891539692878723,0.7038232902032875,0.685791941380341,0.7013780846065499,505650000
2007-07-23,0.6960304975509644,0.710241440330346,0.6851806550174838,0.6867090389159858,360474000
2007-07-24,0.6776937246322632,0.6990862341197371,0.673414872990193,0.693279927692197,457560000
2007-07-25,0.6744847893714905,0.6874726629199356,0.6588985869766479,0.6778458892452508,437196000
2007-07-26,0.6778460144996643,0.687320596393696,0.6582872021119686,0.667302416299967,710268000
2007-07-27,0.6761653423309326,0.707337691352703,0.6758600262701278,0.6761653423309326,615480000
2007-07-30,0.6951136589050293,0.6961826751069634,0.6784575099315142,0.6786106324853338,538158000
2007-07-31,0.6992392539978027,0.7323974940186708,0.6983224315165619,0.7226185278311448,711492000
2007-08-01,0.6940436363220215,0.7061155613686494,0.6616490936525908,0.689154152835016,705828000
2007-08-02,0.690987765789032,0.702600377332591,0.6816663088411213,0.7019897998795266,468606000
2007-08-03,0.6500356197357178,0.6937383919498856,0.6497303036396335,0.688695785405017,623412000
2007-08-06,0.6555367112159729,0.6604261959611119,0.6372000368077947,0.6555367112159729,524724000
2007-08-07,0.6659271717071533,0.6767769597807848,0.6468267444528548,0.6555366420182928,565764000
2007-08-08,0.6966408491134644,0.7174227757511097,0.6728031939744196,0.6779988669003465,660744000
2007-08-09,0.7048927545547485,0.7242994311645418,0.6853339390084664,0.7013785309237183,1251834000
2007-08-10,0.6721925735473633,0.6767767401780228,0.6324624736440586,0.6471318505802306,1141014000
2007-08-13,0.6648581027984619,0.6821248847160631,0.6509524758425463,0.6775407165842391,700410000
2007-08-14,0.6906816363334656,0.7013783561640126,0.667455480349918,0.6694422482367034,1092174000
2007-08-15,0.6614956855773926,0.6967938032118677,0.6605788634181669,0.6870139660979997,695142000
2007-08-16,0.6504939794540405,0.6596623141339849,0.6188631920196813,0.6549250242600189,780030000
2007-08-17,0.6888478398323059,0.6894593462624486,0.647743404972634,0.6685252788611541,728712000
2007-08-20,0.6860975027084351,0.6967942230745434,0.677693795454424,0.689306464170672,519684000
2007-08-21,0.7232292890548706,0.7287302795721845,0.6799858300758193,0.690223236655804,715338000
2007-08-22,0.7397323250770569,0.7440111769117387,0.7265913278359394,0.7415659703913127,566154000
2007-08-23,0.7334674000740051,0.7519571898316951,0.7302584942362782,0.7432472401034889,667986000
2007-08-24,0.7372878789901733,0.738663140087152,0.7259796544492145,0.7313285053159062,361644000
2007-08-27,0.7539430856704712,0.7617362135601229,0.7339258399069689,0.7372878685172557,635946000
2007-08-28,0.7079491019248962,0.7594440027224413,0.7062675960732696,0.7563881650325774,560022000
2007-08-29,0.7481368780136108,0.749053700636206,0.7212433779857569,0.7227708327824524,538560000
2007-08-30,0.7438579797744751,0.7623477722073201,0.7406490734724746,0.7409552639018021,465660000
2007-08-31,0.7817546725273132,0.7846573894594092,0.7553186741319001,0.7594444591525034,720834000
2007-09-04,0.8058973550796509,0.8092593836582272,0.7730444306491804,0.785268603055317,683268000
2007-09-05,0.7997850179672241,0.8251510664090064,0.7991744403634323,0.8023833472724676,656274000
2007-09-06,0.8033000230789185,0.8170525255858158,0.7999379942174106,0.8097178903706895,425496000
2007-09-07,0.773961067199707,0.7890888259793083,0.7589855019011665,0.7809895097035349,602304000
2007-09-10,0.7761002779006958,0.8045221600749131,0.7696824652696328,0.7907696575961319,872112000
2007-09-11,0.7926034331321716,0.7985628627829304,0.7772464749691216,0.7854979887434341,405424000
2007-09-12,0.761431097984314,0.8049807521154264,0.7536380226904676,0.8010841598209056,554452000
2007-09-13,0.7616601586341858,0.7767879225644713,0.7561591684725151,0.7758710999787909,452864000
2007-09-14,0.7391976714134216,0.7550130652321883,0.7369055877287127,0.7540962426878219,487308000
2007-09-17,0.7375932931900024,0.7481368901397184,0.729571026802778,0.74034381574996,374828000
2007-09-18,0.8022301197052002,0.8136905390571851,0.7442403376718079,0.7453864069308014,844740000
2007-09-19,0.7875607013702393,0.825150861500509,0.7797675734080702,0.8095647148713383,521360000
2007-09-20,0.7829765677452087,0.7964998789103944,0.7742666709382356,0.788019174095092,324172000
2007-09-21,0.7905404567718506,0.8022301228094213,0.7829765745055133,0.7907697034130904,457532000
2007-09-24,0.8107107281684875,0.8228587767019638,0.7896235372090382,0.7953537735275082,456360000
2007-09-25,0.8210252523422241,0.8244633509205092,0.8036054035088296,0.8058974874435502,360748000
2007-09-26,0.8405081033706665,0.8423417488999475,0.8230882522521012,0.8251510898106428,518032000
2007-09-27,0.843029260635376,0.8526560349242065,0.8340901169848612,0.8485302510943116,378280000
2007-09-28,0.8306519985198975,0.8510515612404619,0.8288182986458347,0.8480718467617507,404292000
2007-10-01,0.8657206296920776,0.8698464121967928,0.8368403707493653,0.8377571930901109,398200000
2007-10-02,0.8574694991111755,0.8652626290780938,0.8448630633853802,0.8636581209616712,284960000
2007-10-03,0.8210252523422241,0.8423416383998845,0.8075019407330953,0.8423416383998845,467196000
2007-10-04,0.8246928453445435,0.8295062066593436,0.7965001443646915,0.8201086760977983,378976000
2007-10-05,0.8464674353599548,0.8510516033002815,0.8288183396068642,0.8377574834847789,344840000
2007-10-08,0.8602200746536255,0.8615953361818265,0.8423417840822143,0.8524269988572878,252484000
2007-10-09,0.8450921773910522,0.8641164798834164,0.8324856881814935,0.8602199425834856,403008000
2007-10-10,0.8460090160369873,0.850822376090031,0.8256094518421552,0.850822376090031,389136000
2007-10-11,0.8084188103675842,0.8487595555406205,0.7992504740957836,0.8382159578985309,529104000
2007-10-12,0.8281307816505432,0.8281307816505432,0.8047515012434331,0.8173579915098191,409952000
2007-10-15,0.8340900540351868,0.8448628967907027,0.8269846108389667,0.8308811477302865,355900000
2007-10-16,0.8416539430618286,0.8565525148161444,0.8301935242691193,0.8331732386199825,276360000
2007-10-17,0.9062907099723816,0.9088119855133485,0.8735139093494793,0.8744307318509597,717944000
2007-10-18,0.9056032299995422,0.9092705752627781,0.8806194984568146,0.9033111460409688,340620000
2007-10-19,0.857011079788208,0.9039988310901816,0.8567818331252416,0.9035403924118441,505768000
2007-10-22,0.8975808024406433,0.8994145021787296,0.8446336310195126,0.8515098820802686,537656000
2007-10-23,0.901935875415802,0.9092705658664779,0.8774105827772677,0.9092705658664779,294292000
2007-10-24,0.8714510202407837,0.8824529995853443,0.8285890080356241,0.8824529995853443,565500000
2007-10-25,0.7953537106513977,0.8526558507157844,0.7699115464730296,0.8446335314336417,806192000
2007-10-26,0.7884775996208191,0.8260678180095153,0.7770171805139212,0.8205667731201332,616580000
2007-10-29,0.7699117660522461,0.7735791114943664,0.7463032946626158,0.7614310604566151,813896000
2007-10-30,0.7981042861938477,0.814378063150542,0.7632645394147344,0.7761002183393815,525212000
2007-10-31,0.8109403252601624,0.8113987093892946,0.777934263467929,0.8029180018766702,455188000
2007-11-01,0.8109403252601624,0.8272141094441058,0.787331793886425,0.7983338326997053,587236000
2007-11-02,0.8421123623847961,0.8480717909500275,0.8107107664291675,0.8221711849593869,491844000
2007-11-05,0.8421123623847961,0.862282731786534,0.8297350666540902,0.8350068646427499,436636000
2007-11-06,0.8687005043029785,0.8755767551044763,0.8462380522295354,0.8501346435332094,554620000
2007-11-07,0.8274427652359009,0.8716800292354292,0.8205665159270098,0.8682419319047696,546768000
2007-11-08,0.7756418585777283,0.8343192653891417,0.7520333369531426,0.8194206943925749,996824000
2007-11-09,0.7646398544311523,0.797645903893812,0.7483660763263595,0.7919156672393606,871056000
2007-11-12,0.6883136034011841,0.7699118732443108,0.6883136034011841,0.7644108816390445,715732000
2007-11-13,0.7490537166595459,0.7497413473030994,0.6883134652089229,0.6995446928568401,726696000
2007-11-14,0.7373639345169067,0.7754125298752323,0.7334673982028106,0.7680778957859368,666720000
2007-11-15,0.7275082468986511,0.7394271069635157,0.7105467795799748,0.732550854152463,496436000
2007-11-16,0.7437819242477417,0.7458448161952937,0.727508144610632,0.7334675738051655,423592000
2007-11-19,0.693585216999054,0.7369056167397987,0.6896886800464055,0.7332382717703685,568412000
2007-11-20,0.6883136034011841,0.7077963480356885,0.6672264051587938,0.70665027851714,622628000
2007-11-21,0.6809787750244141,0.6972526091817938,0.6718104393038137,0.6738733312352262,648452000
2007-11-23,0.6926683783531189,0.6956480926561964,0.6770821762564375,0.6857921271877677,141976000
2007-11-26,0.6766238212585449,0.7064209679711374,0.6752486145736195,0.6922100252811004,385896000
2007-11-27,0.7057331800460815,0.7077960715851845,0.6809786455195888,0.6862504430211313,458856000
2007-11-28,0.7529503703117371,0.763035529498822,0.7245284835377761,0.727966637037689,574548000
2007-11-29,0.759138822555542,0.7816012746820259,0.748595227038832,0.7518041331575914,489084000
2007-11-30,0.7229239344596863,0.7838934294921404,0.7206318506455754,0.7838934294921404,652656000
2007-12-03,0.7334674000740051,0.7469907085588017,0.722236174994382,0.7334674000740051,490688000
2007-12-04,0.7327801585197449,0.7391979736015327,0.7185692120060043,0.7366766969119172,371712000
2007-12-05,0.7708284854888916,0.7850394266805287,0.7513458008244407,0.7607433278597884,666704000
2007-12-06,0.7864146828651428,0.7889359585944823,0.7621185841989657,0.7689948354451902,371152000
2007-12-07,0.7765587568283081,0.7905404520133954,0.7685364359753697,0.7896236293967256,320292000
2007-12-10,0.7850391268730164,0.7942074584249097,0.776787617546799,0.7790797004347724,336360000
2007-12-11,0.7859565019607544,0.8164412859269058,0.7841228562195687,0.801771901407,582436000
2007-12-12,0.8130030035972595,0.8272139471162168,0.7971876066459743,0.8191916253069805,617504000
2007-12-13,0.7907695770263672,0.808418614611156,0.767390303335467,0.803146817066663,500364000
2007-12-14,0.8038346171379089,0.8125445691127727,0.7818305998429809,0.7871023984994528,354016000
2007-12-17,0.7628063559532166,0.8029178563030162,0.7609726558263267,0.7953539730676391,507408000
2007-12-18,0.7822888493537903,0.7907695526251729,0.7667026491582812,0.7744957219322458,396896000
2007-12-19,0.7896235585212708,0.7969582480914583,0.776329495153839,0.7795384013479517,253536000
2007-12-20,0.8061267733573914,0.8079604735073508,0.7854980155416336,0.8022302356791746,279940000
2007-12-21,0.8058973550796509,0.8228587624812533,0.798562665834188,0.8157533198449242,433408000
2007-12-24,0.8201085329055786,0.8240050706202098,0.8058975888628781,0.8118570187726428,104008000
2007-12-26,0.831110417842865,0.831110417842865,0.8136905688602918,0.8217128900243105,215340000
2007-12-27,0.8054390549659729,0.83431937834174,0.8033762176622403,0.8297351557895992,241368000
2007-12-28,0.7974166870117188,0.8136904646082851,0.7905403813820878,0.8040636913743868,262064000
2007-12-31,0.7797676920890808,0.8054390541888204,0.7795385000883521,0.7909989198386659,276236000
2008-01-02,0.7566176056861877,0.7850394336751084,0.7463032013355412,0.7820597192914811,483964000
2008-01-03,0.7506581544876099,0.7761002673326367,0.7479076321702723,0.760972503882453,475308000
2008-01-04,0.6876258850097656,0.7318631682031385,0.6830417168148415,0.7281958227176801,736092000
2008-01-07,0.6165710687637329,0.6979401157954469,0.6039645820643962,0.6922098796645898,1006800000
2008-01-08,0.6296359896659851,0.671351934972172,0.6055690834303733,0.6200092162422232,1106956000
2008-01-09,0.6621837019920349,0.6624129486511919,0.6287192638097518,0.6381167920549483,741036000
2008-01-10,0.6484313011169434,0.6587457083495313,0.6355956174120443,0.6440763243167305,554432000
2008-01-11,0.6200094223022461,0.646368421004154,0.6154252533669234,0.6330743529507599,572612000
2008-01-14,0.661267101764679,0.6621839247669653,0.6190926971833818,0.6291778595037565,539188000
2008-01-15,0.6126745343208313,0.6436176893078885,0.6019016925441296,0.6360538081921097,725692000
2008-01-16,0.5434535145759583,0.5812729187203225,0.5308470283119769,0.5741674764392158,1464472000
2008-01-17,0.5340563058853149,0.5666039352963187,0.5326810439324692,0.5519346019770731,1133900000
2008-01-18,0.5693538784980774,0.5723335914742569,0.5161775379736513,0.5356602136091767,920428000
2008-01-22,0.5409325361251831,0.5542266615278224,0.5118230629349981,0.5150319709123196,709092000
2008-01-23,0.5507883429527283,0.5670621231301748,0.513885751910009,0.5189283039746632,929880000
2008-01-24,0.5929622650146484,0.5931915115106912,0.5562889461740549,0.5615607412221457,597092000
2008-01-25,0.5718754529953003,0.6294068518660003,0.5691249851000398,0.6156543484469257,688012000
2008-01-28,0.5649992227554321,0.5755428200402253,0.5528511721422044,0.569812637388329,577608000
2008-01-29,0.5824189782142639,0.5847111164829921,0.5601857725539252,0.5750843434151535,414484000
2008-01-30,0.5773763060569763,0.5860862001332808,0.5608732855836311,0.5730213316950378,530476000
2008-01-31,0.5636240243911743,0.5741676218314552,0.5462041202310636,0.5647700390794168,588708000
2008-02-01,0.6156544089317322,0.618863315781923,0.5576646203717592,0.5624779806470454,593104000
2008-02-04,0.596400797367096,0.6323865636744656,0.5931918908460183,0.6289484105107462,565128000
2008-02-05,0.5590397715568542,0.5847111877491874,0.5588105795610806,0.584481941105823,494928000
2008-02-06,0.5572060942649841,0.58058537056528,0.5468916899818105,0.5649991681492202,557380000
2008-02-07,0.562707245349884,0.5785226442727345,0.5294719938718422,0.5411616626897593,664128000
2008-02-08,0.5727925300598145,0.5771474527415011,0.5501008751094075,0.5574355133692857,393932000
2008-02-11,0.5746260285377502,0.587003326474588,0.5707294910077148,0.5776057433514709,503732000
2008-02-12,0.5959423184394836,0.6041938308269588,0.5801269242507886,0.5833358852025083,609688000
2008-02-13,0.6193218231201172,0.6211555235764387,0.5941088926884553,0.6005267076665628,742312000
2008-02-14,0.5182406306266785,0.6016725806023017,0.5168654240434868,0.6012141419761783,2184296000
2008-02-15,0.5104474425315857,0.5301593700441549,0.502195931637071,0.5161776781644015,817364000
2008-02-19,0.5028838515281677,0.5207621445305335,0.49852887431257475,0.5198452669553287,558608000
2008-02-20,0.499216228723526,0.5065509173778462,0.4861513589591754,0.48821425038962385,759016000
2008-02-21,0.4879852533340454,0.5067803684670339,0.4850055379600007,0.5042590918611523,644272000
2008-02-22,0.5115935802459717,0.5125104027690689,0.4882143053452779,0.49188159543766685,723052000
2008-02-25,0.5113643407821655,0.517094577264947,0.497841030772676,0.5111351488100815,671784000
2008-02-26,0.5157192945480347,0.5235123677485061,0.500591532072071,0.5083846052725424,565420000
2008-02-27,0.5237419009208679,0.5278676317409624,0.5099893373427901,0.5131982998113221,537816000
2008-02-28,0.5040299296379089,0.5200745787941141,0.5040299296379089,0.5191577557517179,503608000
2008-02-29,0.4902772903442383,0.502425342722867,0.4882144527065246,0.4957783364384104,540576000
2008-03-03,0.4845472276210785,0.4930279362664006,0.4781293571275817,0.4895897816006676,449028000
2008-03-04,0.4797336161136627,0.4822549467263418,0.4609385057575453,0.4813380694230445,778888000
2008-03-05,0.48523464798927307,0.49669506748917186,0.4792752189198075,0.4843177707112085,644656000
2008-03-06,0.45474985241889954,0.4824841046673187,0.4540622218137661,0.47927519827508847,1075284000
2008-03-07,0.4481028914451599,0.4657519613749699,0.4354964012136677,0.4464984106705964,767500000
2008-03-10,0.42243143916130066,0.4481027983345187,0.4217438085899122,0.4426017810872036,776100000
2008-03-11,0.43641310930252075,0.4407680568698414,0.41807641462363015,0.4354962595404919,857940000
2008-03-12,0.4244944155216217,0.4444355707328519,0.42082706972273337,0.44053903289890806,743320000
2008-03-13,0.4515409469604492,0.45795878708197596,0.41532599003727727,0.4178472658295881,1220528000
2008-03-14,0.419910192489624,0.4542914797558962,0.41670125850071504,0.45383306842142246,1154972000
2008-03-17,0.40936651825904846,0.42357745822411746,0.396760031325064,0.4015734177421088,800952000
2008-03-18,0.4348087012767792,0.43549633188157694,0.4070744763656908,0.41899330666160695,1075256000
2008-03-19,0.40478241443634033,0.43068296824199764,0.40478241443634033,0.4247235664339445,880476000
2008-03-20,0.4244944155216217,0.4254112383094437,0.4022611760170363,0.4095958402910129,633460000
2008-03-24,0.4591047763824463,0.4616260518858787,0.43228737706598325,0.4338918300815841,887440000
2008-03-25,0.4657520353794098,0.4744619347314412,0.45681288932113134,0.46116786632094997,735388000
2008-03-26,0.4508533775806427,0.4627722368494223,0.44581079798743484,0.4595633300147804,721652000
2008-03-27,0.4444354474544525,0.45658349630434475,0.4371007578911868,0.4439770361876965,601308000
2008-03-28,0.4510825276374817,0.4627721657695364,0.4478735939719207,0.45245776150232747,561788000
2008-03-31,0.4536038637161255,0.4643766807044457,0.44787365354097536,0.4558959477861856,569992000
2008-04-01,0.48133793473243713,0.48248400371706335,0.4604799928994647,0.46712705092659623,676872000
2008-04-02,0.46666860580444336,0.48271318882929715,0.4630012616121044,0.48271318882929715,616536000
2008-04-03,0.45795878767967224,0.46345980521550084,0.4444354768124137,0.462772174608048,841984000
2008-04-04,0.4304538071155548,0.45108259123458394,0.4293077650713753,0.44879047982242726,1535528000
2008-04-07,0.44076812267303467,0.4474151819758859,0.43732999703066827,0.44099734197870993,729496000
2008-04-08,0.43824681639671326,0.4524577574734695,0.4354963213677195,0.4354963213677195,639476000
2008-04-09,0.4469567537307739,0.45154092108000565,0.43916365284280445,0.4432894089218715,675232000
2008-04-10,0.45566681027412415,0.4701069744311955,0.4421434962490165,0.45177024502993,1092184000
2008-04-11,0.42472347617149353,0.4497072020275255,0.4219729541882314,0.44695670736805326,1106280000
2008-04-14,0.41051262617111206,0.42403593778024085,0.4079913229134011,0.4231190878120752,780004000
2008-04-15,0.41532599925994873,0.41693045249501015,0.40363636066031106,0.4125754767726494,439916000
2008-04-16,0.4318291246891022,0.4373301439593276,0.4235776367694684,0.43114152118865157,646836000
2008-04-17,0.4258696138858795,0.42747406718858494,0.41165867151501323,0.4118878908398837,596968000
2008-04-18,0.43595466017723083,0.44283093759226827,0.42999525982575554,0.43893437401486296,573540000
2008-04-21,0.4554376006126404,0.4584173157883496,0.4325167293584627,0.4325167293584627,679892000
2008-04-22,0.4469567537307739,0.45199933235017026,0.4373299804383532,0.4471859457039599,587668000
2008-04-23,0.4685024619102478,0.4735450692802946,0.44718607223986967,0.45314550240967016,1020496000
2008-04-24,0.45727109909057617,0.47354490300034535,0.45039484853553974,0.4712528194819999,655764000
2008-04-25,0.46185529232025146,0.46300130675282747,0.4471859141206916,0.461626045715671,552208000
2008-04-28,0.4536038637161255,0.4666687647745058,0.45177019099531796,0.45979251256432563,535700000
2008-04-29,0.4630013108253479,0.4687315469813752,0.4485611791033543,0.4485611791033543,573408000
2008-04-30,0.47102364897727966,0.47606620015875445,0.4652934125966407,0.46850231873895815,1068320000
2008-05-01,0.49279844760894775,0.49394446204278647,0.47446172483929305,0.4767538083545522,1014624000
2008-05-02,0.5161779522895813,0.5161779522895813,0.49875809884951017,0.5063219832991148,1131016000
2008-05-05,0.5033420920372009,0.5150317027163536,0.5021960228434634,0.5127396189764656,943392000
2008-05-06,0.5164071917533875,0.5175532068052147,0.49417392048326175,0.5019670523556534,729036000
2008-05-07,0.5044880509376526,0.5246584184124008,0.5001330759179489,0.5177821679511964,715632000
2008-05-08,0.5031130313873291,0.5099892851488235,0.4815674471975016,0.5083848314025687,1360000000
2008-05-09,0.5164071917533875,0.5370359545147774,0.5035715062167783,0.5044883291877622,2030352000
2008-05-12,0.5017375349998474,0.5230539718013226,0.49669498405548257,0.5230539718013226,1006652000
2008-05-13,0.4914235472679138,0.504259235304087,0.4877562000222041,0.504259235304087,854108000
2008-05-14,0.5058633685112,0.5189282403832866,0.4914232354636123,0.4976118561057803,751148000
2008-05-15,0.5450581312179565,0.5473502153500046,0.5024253007847468,0.5047173849167949,1165464000
2008-05-16,0.5594982504844666,0.5606443198410431,0.5416199619845544,0.5542264516689228,1091556000
2008-05-19,0.5478085875511169,0.5801269534964242,0.5439119958167051,0.5597273908026934,1158532000
2008-05-20,0.5335977077484131,0.5390986987068473,0.527409086089225,0.5329100770476592,771404000
2008-05-21,0.529242753982544,0.5556017498045615,0.5280966845501266,0.534972991849434,1066660000
2008-05-22,0.5420783162117004,0.5464332916521213,0.5283258139607161,0.5368065182173978,693108000
2008-05-23,0.5297009944915771,0.5455163860672849,0.521907867350779,0.5411614112897181,802672000
2008-05-27,0.5354312658309937,0.5361188964195621,0.5205326941579889,0.5306179063586015,832856000
2008-05-28,0.540473997592926,0.5514759802728371,0.534285375504526,0.550100773423548,751736000
2008-05-29,0.5390985608100891,0.5416198363028685,0.5292425961504835,0.5407030138189107,693460000
2008-05-30,0.5661452412605286,0.567978886429136,0.552851122521567,0.5544555757059955,830244000
2008-06-02,0.568437397480011,0.5727923736198851,0.5599566918612422,0.5661453134033817,734660000
2008-06-03,0.5491839051246643,0.5711879801455276,0.542536898858521,0.5702711027006244,840696000
2008-06-04,0.5556014180183411,0.5567474321187995,0.5340557955245515,0.5370355086923355,831724000
2008-06-05,0.569583535194397,0.5810440126999943,0.563165720252965,0.5748553351738334,827860000
2008-06-06,0.5514757633209229,0.5633946187415861,0.5482668575223069,0.5627069882636573,784876000
2008-06-09,0.5429951548576355,0.5558308349351327,0.5319931745898309,0.5482669530081716,637916000
2008-06-10,0.5109061002731323,0.5290135826934265,0.5074679464886964,0.5283259519365393,1225208000
2008-06-11,0.487068235874176,0.5232831900163333,0.48638060532042504,0.5109059493439846,999428000
2008-06-12,0.4900479018688202,0.5076969386193441,0.48592211895202514,0.49807022110864685,825992000
2008-06-13,0.4884434938430786,0.49646575917265046,0.4740033616022652,0.4907355774583254,705748000
2008-06-16,0.4817964434623718,0.48775587189664105,0.47789990671248467,0.4831717045852932,630496000
2008-06-17,0.470106840133667,0.4889018935983447,0.468960770965165,0.4886727016236786,687912000
2008-06-18,0.4563542902469635,0.4813379904138351,0.44879038162189233,0.46529340530606283,1065272000
2008-06-19,0.4552082419395447,0.4652934265768909,0.4442062347550729,0.45887561409942584,784928000
2008-06-20,0.45291614532470703,0.45795875116139395,0.444893852632986,0.44512307192512346,741008000
2008-06-23,0.44351866841316223,0.456812788538287,0.4396221310378929,0.4563543771983371,776616000
2008-06-24,0.4581879675388336,0.4687315910343818,0.44099733942649044,0.44099733942649044,1078928000
2008-06-25,0.4607093036174774,0.4687316246354452,0.45337464056185045,0.4652934714427187,900976000
2008-06-26,0.43710073828697205,0.4503948556931944,0.43710073828697205,0.4469567303610376,845532000
2008-06-27,0.4419141113758087,0.444435414139659,0.42884924097174465,0.43893439737956486,584140000
2008-06-30,0.4290783405303955,0.44076797472008966,0.4260986271757887,0.4368714390981198,653940000
2008-07-01,0.42976614832878113,0.43022455965172524,0.41624283669725626,0.4240359384824899,881464000
2008-07-02,0.41326311230659485,0.4304537687613677,0.4125754816765967,0.4277032735651703,763196000
2008-07-03,0.2862814962863922,0.30095084732805827,0.2842186320311192,0.2975127220200759,2987520000
2008-07-07,0.27734243869781494,0.2924702041069617,0.2695493366625164,0.29063653143255047,2202692000
2008-07-08,0.2757378816604614,0.2860522841818167,0.2704660844280587,0.279176034050106,1805288000
2008-07-09,0.2709246873855591,0.2805514379476296,0.2709246873855591,0.2764256798999406,1413168000
2008-07-10,0.270236998796463,0.27550879810280365,0.2651943915237372,0.27229986371799636,1056992000
2008-07-11,0.26748645305633545,0.274133485291523,0.25946413225789616,0.2647359305774215,807760000
2008-07-14,0.25533831119537354,0.2716121133376056,0.2535046391150986,0.2695492493246637,882316000
2008-07-15,0.25808897614479065,0.2633607760535335,0.24525329178644317,0.2530463682958522,1122484000
2008-07-16,0.2594640851020813,0.2663403354020653,0.2519002043073409,0.25900567388017365,1034392000
2008-07-17,0.2603810727596283,0.263589980336112,0.25029588391790014,0.263589980336112,862080000
2008-07-18,0.26496511697769165,0.2665695700085548,0.25121258826285947,0.25854727753044765,899720000
2008-07-21,0.2665695548057556,0.2729873938869821,0.2642774713713026,0.2690908575131699,571636000
2008-07-22,0.2608393430709839,0.2651942906143594,0.25579676504081506,0.26404824891096695,555924000
2008-07-23,0.2686324715614319,0.271382966476758,0.26152700131669626,0.2626730431417315,594876000
2008-07-24,0.2528170049190521,0.26840317469997943,0.2521293745579936,0.2658818724840263,705628000
2008-07-25,0.26496511697769165,0.2658819394742445,0.2500665464802727,0.25533834414492995,1039600000
2008-07-28,0.26427745819091797,0.2729873802722051,0.2603809220114388,0.26152696367150846,734808000
2008-07-29,0.26702815294265747,0.2736752159496664,0.2617563518884942,0.2647360679037873,764636000
2008-07-30,0.26313140988349915,0.27275818144391906,0.2571719824721714,0.2722997429324417,588492000
2008-07-31,0.26221466064453125,0.2679448703983795,0.25946413810364777,0.2624438526404079,487236000
2008-08-01,0.24846212565898895,0.2562552271851183,0.24525321918127357,0.2553383772459175,881060000
2008-08-04,0.2425026148557663,0.2498373025991268,0.24181498446435304,0.24846204181630024,522052000
2008-08-05,0.25648441910743713,0.25648441910743713,0.24433636917573584,0.24708686434500152,685844000
2008-08-06,0.2633606791496277,0.2656527628471143,0.24892051906691026,0.25717203130737937,814864000
2008-08-07,0.2592349350452423,0.2727582458815109,0.25625522063563777,0.2610686075529831,819232000
2008-08-08,0.2521294951438904,0.26358991556342276,0.25121264511604924,0.2612978314795163,853764000
2008-08-11,0.2574011981487274,0.2635898174059529,0.25304622361676327,0.25396307330318135,1196436000
2008-08-12,0.2537339925765991,0.26015183459019414,0.25006664647631555,0.2594642037809157,1410868000
2008-08-13,0.281009703874588,0.2851354597851514,0.26725720238857104,0.2739042611677542,2095260000
2008-08-14,0.2979711592197418,0.3092023859317937,0.2789468587269139,0.2789468587269139,1635304000
2008-08-15,0.2970544397830963,0.30668121668523507,0.294991547308151,0.30324306256032624,777652000
2008-08-18,0.3030138909816742,0.3057643871437022,0.29590841751628083,0.29911732515134604,893968000
2008-08-19,0.3075978755950928,0.309431547709616,0.2968250621686892,0.2968250621686892,1014140000
2008-08-20,0.32272568345069885,0.32364250597977345,0.3098900041009003,0.3121820877473791,1143692000
2008-08-21,0.3121822774410248,0.31951697142562585,0.30576443386640334,0.3169956669529431,1021560000
2008-08-22,0.3119528889656067,0.3181415370770667,0.30530585688326084,0.3144741920720381,459264000
2008-08-25,0.3073686957359314,0.31745387999673436,0.3064518732230365,0.31011921792219976,471600000
2008-08-26,0.30003413558006287,0.3092024731185738,0.29682520104730337,0.30897328107439176,613112000
2008-08-27,0.30232611298561096,0.3059934576328339,0.29040725654403193,0.29315777869134496,454620000
2008-08-28,0.3011801242828369,0.30599351156521887,0.29820040964725747,0.30278457760236543,365192000
2008-08-29,0.28971976041793823,0.29797124793843816,0.28880291025534827,0.29705442509964985,516004000
2008-09-02,0.2823850214481354,0.2970543756956564,0.27848848404562715,0.2945330723226115,693928000
2008-09-03,0.2672571539878845,0.27963441947803275,0.2647358515758766,0.27848837789508124,714856000
2008-09-04,0.26358991861343384,0.26702804477907627,0.2619854652008936,0.2642775493113219,716128000
2008-09-05,0.26748645305633545,0.26817405635226915,0.2610686128118609,0.26129780480257386,791100000
2008-09-08,0.25648441910743713,0.2700077302856687,0.2521294706997494,0.2700077302856687,1314840000
2008-09-09,0.24777460098266602,0.27115388823412057,0.24685777797523142,0.2555677058410864,1098296000
2008-09-10,0.24800372123718262,0.25579682297968975,0.24639926795377684,0.2507542164835634,644284000
2008-09-11,0.23608484864234924,0.24112745483259218,0.22829176103446702,0.23379276485543665,1066976000
2008-09-12,0.2335635870695114,0.2356264516736181,0.2202694811706048,0.23402199839000226,1209200000
2008-09-15,0.2131640762090683,0.2287502708702221,0.2104135664470169,0.2253121302521823,863984000
2008-09-16,0.2198110669851303,0.2214155340094539,0.20170358668405589,0.20560013774721445,1240840000
2008-09-17,0.2292085886001587,0.234251167275616,0.21270556410041763,0.21476844216288526,1392580000
2008-09-18,0.249608114361763,0.2617561617062181,0.23150063931661996,0.2319590505265677,1611060000
2008-09-19,0.26152703166007996,0.26358989625496804,0.24983739275892589,0.26152703166007996,1107344000
2008-09-22,0.2560260593891144,0.2670280696068773,0.25465079786546885,0.25946418587442777,700072000
2008-09-23,0.24869126081466675,0.2633606089634433,0.24777441118573876,0.2539630573786992,821468000
2008-09-24,0.25785964727401733,0.26290222565807475,0.2441071458681563,0.24548237961446756,866036000
2008-09-25,0.26290231943130493,0.2690909691303721,0.2535047625224854,0.25785973924863637,588328000
2008-09-26,0.2679448425769806,0.2697785149725762,0.25167103763628423,0.2564843969354561,646852000
2008-09-29,0.23150065541267395,0.2640482634388089,0.22920857187977944,0.26083935742227293,975240000
2008-09-30,0.24548238515853882,0.24777446877794765,0.23264670596033254,0.2351680088711991,659044000
2008-10-01,0.23860621452331543,0.24617009847521468,0.23425123778795465,0.2418151217398539,557208000
2008-10-02,0.21385158598423004,0.2402105580523104,0.2127055306525015,0.2402105580523104,787728000
2008-10-03,0.20697534084320068,0.2234783642261064,0.2056000934485904,0.21728973045751676,915828000
2008-10-06,0.1799287050962448,0.1975777535696301,0.1675514396770708,0.19711934240383544,1677440000
2008-10-07,0.16594699025154114,0.1868049736671051,0.1645717429515583,0.18634656245440906,1059984000
2008-10-08,0.1693851798772812,0.17924114686800957,0.1583831571867507,0.15998762423695465,1219456000
2008-10-09,0.15861238539218903,0.17809513012778744,0.15677872606821913,0.1755738263567402,909636000
2008-10-10,0.1560911387205124,0.16800998912168016,0.14394308254780194,0.14485991929587708,1200252000
2008-10-13,0.18451298773288727,0.18474219346029344,0.16732233958699505,0.16938521845745427,916536000
2008-10-14,0.18038713932037354,0.1925351870476046,0.17534454754258733,0.19138914532472978,1209012000
2008-10-15,0.1609044224023819,0.18015794046282332,0.1609044224023819,0.1792411043177696,854064000
2008-10-16,0.17649056017398834,0.17740739613354234,0.15815388196858646,0.1657177615575411,1019820000
2008-10-17,0.17534461617469788,0.1854298036777408,0.16823915744408616,0.17144807825652703,839416000
2008-10-20,0.17878274619579315,0.18267929785229348,0.17442778312648133,0.1813040499519583,595764000
2008-10-21,0.16503016650676727,0.17717821382693308,0.16411333042681042,0.17534454166701935,659116000
2008-10-22,0.1588415950536728,0.16961439927891758,0.1544866322248249,0.162738132833121,600996000
2008-10-23,0.14990240335464478,0.16227967090515608,0.1434845639570231,0.15838312067735164,832192000
2008-10-24,0.1515069454908371,0.15930003616578625,0.13683758708701316,0.13752521795847136,798336000
2008-10-27,0.15975838899612427,0.16915592923539963,0.14577665412981033,0.15059004072773577,698936000
2008-10-28,0.1838252991437912,0.18405450479919708,0.16525940880365664,0.16823912330962573,849920000
2008-10-29,0.1897847056388855,0.20170354858676334,0.18176239935629898,0.18267923553104282,977284000
2008-10-30,0.19780704379081726,0.201703595014913,0.18565899241848802,0.20055755294816116,657176000
2008-10-31,0.20078667998313904,0.20468322968099797,0.191159922195982,0.19161834704026207,608672000
2008-11-03,0.19345203042030334,0.20880901194234555,0.19024311074341482,0.20514166736196124,723924000
2008-11-04,0.20582933723926544,0.20582933723926544,0.19482732871840291,0.20009912731421164,619560000
2008-11-05,0.1950564980506897,0.20399562660110018,0.1950564980506897,0.19826541774338777,787620000
2008-11-06,0.17465689778327942,0.19047227331014216,0.1741984729834053,0.18359602426906205,797936000
2008-11-07,0.19986985623836517,0.2078921617182425,0.18565893110651613,0.19895302015535965,1132068000
2008-11-10,0.1870342195034027,0.20857983803424,0.182679257398485,0.20743378243220076,576396000
2008-11-11,0.17878274619579315,0.18565901302127014,0.1769490868826465,0.184283765120935,576484000
2008-11-12,0.16823914647102356,0.17740748324463937,0.1661762679645801,0.17328172623175248,646092000
2008-11-13,0.18199162185192108,0.18222082748417018,0.15723708568351094,0.16044600552068677,797228000
2008-11-14,0.16434258222579956,0.1755737966229507,0.1636549515570746,0.17465697394718194,741024000
2008-11-17,0.1609044224023819,0.16709304247317733,0.15929995573306405,0.16273808103059384,388224000
2008-11-18,0.15563265979290009,0.16503021531441464,0.15036086102043575,0.16411337896330364,564488000
2008-11-19,0.14279694855213165,0.15815391667444384,0.14210931801609689,0.15425736640673968,500220000
2008-11-20,0.13523313403129578,0.14875645153299652,0.13362868004263506,0.14165097730974632,847036000
2008-11-21,0.14623507857322693,0.14623507857322693,0.1317949324891445,0.13958803327314284,599064000
2008-11-24,0.15586188435554504,0.1576955572800068,0.14669353339513644,0.15517425359339682,600308000
2008-11-25,0.1602167934179306,0.16319650750251877,0.1556326263105,0.16273808259463832,528256000
2008-11-26,0.17442770302295685,0.17488612788714367,0.15654944754324104,0.157466269947826,600792000
2008-11-28,0.1712188422679901,0.1741985570892015,0.16892675814764258,0.17167726728919902,175248000
2008-12-01,0.15654949843883514,0.16594704043620762,0.15632027910127338,0.16434258704466795,547112000
2008-12-02,0.16525940597057343,0.16732228415765701,0.15746630452519222,0.15952918271227579,479988000
2008-12-03,0.17374010384082794,0.173969309465221,0.15746628591859008,0.15884154698873978,584632000
2008-12-04,0.1622796654701233,0.1787826746561945,0.1583831153728212,0.17030195761752182,466292000
2008-12-05,0.1686975359916687,0.1693851666253732,0.15448660763632477,0.15723710284734738,438484000
2008-12-08,0.16319648921489716,0.17534453615304954,0.1592999394130869,0.17190641120774913,707992000
2008-12-09,0.17901194095611572,0.18542978182464825,0.15929999333882372,0.16113366606180407,829760000
2008-12-10,0.19597338140010834,0.2005575495903662,0.17947035405614178,0.18245006884456896,961124000
2008-12-11,0.1877218335866928,0.2017035549536083,0.18542974990843078,0.19482730391882222,582700000
2008-12-12,0.19711939990520477,0.19826544181589456,0.1785534963606152,0.1822208414043403,679268000
2008-12-15,0.19070158898830414,0.19941151431013837,0.1845129535242958,0.19826547222368118,476996000
2008-12-16,0.2035372257232666,0.20399563699047196,0.1907015462987611,0.19253520502947882,521940000
2008-12-17,0.21362236142158508,0.21660207515399624,0.19711935358821353,0.19986984806282845,674180000
2008-12-18,0.19391046464443207,0.21293477799939875,0.1913891617087533,0.2122471474420507,550808000
2008-12-19,0.19528572261333466,0.2039956463865892,0.1945980920189578,0.19643176449603147,593120000
2008-12-22,0.1838252991437912,0.19872385801173903,0.17671984185482364,0.19826544670092727,522464000
2008-12-23,0.18130402266979218,0.18886790547629267,0.17855351362111083,0.1849713544061354,377452000
2008-12-24,0.17694897949695587,0.1819915702871696,0.17328163577247596,0.17763659619887662,146616000
2008-12-26,0.17213566601276398,0.17924113719377827,0.16732229244574318,0.1769490532416828,226156000
2008-12-29,0.17763665318489075,0.17763665318489075,0.163196520207546,0.17442773322749228,460168000
2008-12-30,0.1838252991437912,0.1865758079943544,0.17580300557130257,0.17992876201619862,409860000
2008-12-31,0.18497133255004883,0.18955551375618734,0.17832428687851917,0.18153320689186764,441580000
2009-01-02,0.19964073598384857,0.20101598386535796,0.1842837625982758,0.18497137970808028,497124000
2009-01-05,0.20330803096294403,0.20789219852775231,0.19597335466211255,0.19734860219917566,705736000
2009-01-06,0.2101842612028122,0.21614368936811662,0.20468325794509035,0.2092674250495426,657904000
2009-01-07,0.1975778192281723,0.2053709209316101,0.1904723481638313,0.2053709209316101,870096000
2009-01-08,0.19253520667552948,0.1950565096524033,0.18061636334543263,0.1950565096524033,1014496000
2009-01-09,0.1817624866962433,0.1925352930176807,0.1813040752195449,0.1925352930176807,761352000
2009-01-12,0.17442770302295685,0.18267921395937603,0.17190641408655957,0.18176237789289676,645532000
2009-01-13,0.17534461617469788,0.18199167716338993,0.16525944233355527,0.16846836314599617,1824424000
2009-01-14,0.16755147278308868,0.17121880381974297,0.16503018354925736,0.16915592584228245,974908000
2009-01-15,0.17351090908050537,0.17626140406923063,0.1650301911517921,0.16846831671864695,998204000
2009-01-16,0.1831376850605011,0.18474213833549688,0.17259408812687935,0.17832429791171822,831324000
2009-01-20,0.16525940597057343,0.1833668846894752,0.16388414473791948,0.18267925407314825,705788000
2009-01-21,0.1732816845178604,0.17442772633867712,0.1622796775732616,0.16846831160280948,648472000
2009-01-22,0.1700727492570877,0.17465692978634398,0.1638841157890129,0.16778066582340703,547656000
2009-01-23,0.17671984434127808,0.18199164279927543,0.16503020547023156,0.1652594111288624,633616000
2009-01-26,0.18267928063869476,0.1879510796987764,0.17465698603711796,0.1776366872634212,581748000
2009-01-27,0.19345203042030334,0.19482729146889521,0.18497131315553397,0.1856589436798299,725300000
2009-01-28,0.20147433876991272,0.2046832584838549,0.19391045756289868,0.20032829699078306,723752000
2009-01-29,0.1897847056388855,0.19711938137494017,0.18886786946414166,0.19482729776902857,413128000
2009-01-30,0.18222086131572723,0.19345207600010844,0.17992877724389023,0.18840949650682645,506760000
2009-02-02,0.19207686185836792,0.1941397406159272,0.17855354707680177,0.17947038359815046,577992000
2009-02-03,0.1943688988685608,0.19597336580460736,0.1872634278095932,0.1925352262736212,396948000
2009-02-04,0.19986985623836517,0.20972583388425353,0.1948272782746767,0.1948272782746767,779232000
2009-02-05,0.21453917026519775,0.21683125325738997,0.19253514894874632,0.1945980263740978,919192000
2009-02-06,0.22622884809970856,0.2276040954279627,0.21155949772534807,0.21522684214988566,1157880000
2009-02-09,0.2232491821050644,0.22852098060084713,0.21706056096818713,0.22531206037132276,716128000
2009-02-10,0.21362236142158508,0.22599962754303424,0.20949660604776868,0.22301991381062305,1129664000
2009-02-11,0.18680492043495178,0.20376634906167163,0.18015787777364015,0.19666088165640255,1983400000
2009-02-12,0.19070158898830414,0.1918476310747613,0.1801579908633787,0.1826792807212046,1024020000
2009-02-13,0.19047239422798157,0.19276449235866303,0.18497138877052852,0.1863466503813176,764304000
2009-02-17,0.17947028577327728,0.1877217963058173,0.17878265534160107,0.18336683544961976,779576000
2009-02-18,0.18428373336791992,0.19024314901713535,0.1792411403863544,0.17947034605326684,646252000
2009-02-19,0.1700727492570877,0.18955548576716336,0.1700727492570877,0.1879510191664499,743988000
2009-02-20,0.17442770302295685,0.1771782112223947,0.166176205748432,0.16778065861834998,770056000
2009-02-23,0.16640542447566986,0.1783242669562724,0.16525938271764434,0.1774074308174729,679548000
2009-02-24,0.18130402266979218,0.18153322834170765,0.16709307974445306,0.1673222990782671,659524000
2009-02-25,0.18336685001850128,0.18886785292329633,0.17465692761408458,0.18084554734329478,702360000
2009-02-26,0.18932628631591797,0.19574412606690175,0.18703420264226608,0.18978471124778615,1117556000
2009-02-27,0.1897847056388855,0.1941396672224967,0.1831376604493627,0.18451290788053046,755444000
2009-03-02,0.17374010384082794,0.1890970719417022,0.1730524733057531,0.18520053534133324,700064000
2009-03-03,0.1806163638830185,0.18749262860362695,0.17121880983992824,0.17694903271741802,1041372000
2009-03-04,0.19391046464443207,0.19941146811752805,0.1838252802255093,0.18542974697202275,1108668000
2009-03-05,0.18932628631591797,0.19895304594239363,0.18840946377597428,0.191159958719598,955252000
2009-03-06,0.1923060268163681,0.19918229243819402,0.18680502251604628,0.18932631216897347,974756000
2009-03-09,0.19024311006069183,0.20537088590764505,0.18978469882073665,0.19093074058252008,682768000
2009-03-10,0.2074337750673294,0.21110112007509274,0.1952857254683818,0.19711939797226347,1254800000
2009-03-11,0.2131640762090683,0.2716122754491153,0.20399572399746568,0.20743385095360337,864916000
2009-03-12,0.2257704734802246,0.22806255728621314,0.20972587317640776,0.21247636827883515,1604604000
2009-03-13,0.2246244251728058,0.2278333451420774,0.21889420215931574,0.22256154707385287,1195156000
2009-03-16,0.2159145623445511,0.22714579294388454,0.2140809029163774,0.2269165872231005,699344000
2009-03-17,0.22668740153312683,0.22714581301520156,0.21385171609220227,0.216602212308456,1005384000
2009-03-18,0.23379279673099518,0.2404398570135854,0.2230199932665923,0.2232491989441543,1359560000
2009-03-19,0.23104228079319,0.23539722926647275,0.22943782753060138,0.23539722926647275,822648000
2009-03-20,0.2184358388185501,0.2347096615402906,0.21247640885539165,0.23448044218640007,1093672000
2009-03-23,0.2342512309551239,0.23470966967880122,0.22026951931607705,0.22531209936232338,816048000
2009-03-24,0.22416600584983826,0.2305838596112441,0.22301996395077575,0.22852096779865513,1114868000
2009-03-25,0.22783340513706207,0.2383769903880389,0.21912346550241116,0.23104232595133337,1243852000
2009-03-26,0.24204431474208832,0.242502726105401,0.22897942694488785,0.23150071676690576,1333664000
2009-03-27,0.23975227773189545,0.24548248920923638,0.23608493145687579,0.23952305834328036,731892000
2009-03-30,0.22439520061016083,0.23356356268162823,0.22118628071609545,0.23058384842387544,780052000
2009-03-31,0.2259996384382248,0.23150064131454584,0.22439517186577151,0.22783331061763,805272000
2009-04-01,0.2317298948764801,0.23379275930622045,0.214768445199744,0.2232491632071637,887920000
2009-04-02,0.2425026148557663,0.2468575891188598,0.23700162637203168,0.24043975100531223,1002860000
2009-04-03,0.2594640851020813,0.2601517155968377,0.23860611492928047,0.24273187057402887,1003208000
2009-04-06,0.26015180349349976,0.262443887701247,0.2516710973895949,0.2551092237012157,887288000
2009-04-07,0.2512126564979553,0.25785971703672667,0.24960820303128595,0.25510922147617937,607804000
2009-04-08,0.26152703166007996,0.2622146622996412,0.251900257353814,0.25396314927249763,731652000
2009-04-09,0.27596715092658997,0.27688397351407623,0.2661111851540395,0.2681740496377806,904412000
2009-04-13,0.26702815294265747,0.2727583928636419,0.26106874823588033,0.2725291734302313,767628000
2009-04-14,0.2686324715614319,0.27505031124638785,0.2622146318764759,0.26336067370151117,711960000
2009-04-15,0.26106858253479004,0.2622146243268286,0.25006654854266963,0.25923491020277,1045368000
2009-04-16,0.2677156329154968,0.2709245665542185,0.2557968029008865,0.2658819604539121,1038772000
2009-04-17,0.26954928040504456,0.272070583221615,0.26129776875426053,0.267715608113338,695764000
2009-04-20,0.2532755136489868,0.26152702651375725,0.2519002523969267,0.2592349426428538,590660000
2009-04-21,0.2525879442691803,0.26313154356141183,0.2461701024097264,0.24983744842192912,932184000
2009-04-22,0.26015180349349976,0.27069540177865653,0.24617007889672216,0.2502958359354269,916404000
2009-04-23,0.2560260593891144,0.26496520464520945,0.24800376425671647,0.26267312032166723,753952000
2009-04-24,0.2619854211807251,0.263819093625724,0.2523586476754291,0.2585472955927746,759508000
2009-04-27,0.2525879442691803,0.26588203940866306,0.25098349063526726,0.2585473747080593,787024000
2009-04-28,0.2532755136489868,0.25854731201682374,0.24708686533851146,0.24937897653320995,634392000
2009-04-29,0.249378964304924,0.2555675849881456,0.24639924995410067,0.25442154310889,859668000
2009-04-30,0.26313140988349915,0.27046607085789565,0.2521294047600105,0.25419226876650747,1110276000
2009-05-01,0.26748645305633545,0.27367507398630225,0.2622146547368101,0.2624438467275231,840548000
2009-05-04,0.28192660212516785,0.2839894667728728,0.268403290280203,0.2720706355692299,927704000
2009-05-05,0.27046626806259155,0.27757174228584175,0.26473605572894066,0.2757380688743119,837076000
2009-05-06,0.26496511697769165,0.2759671235552826,0.2596933193130344,0.2734458207040752,935088000
2009-05-07,0.24594086408615112,0.27092462612983936,0.2425027377110673,0.27092462612983936,1289196000
2009-05-08,0.2120179831981659,0.24066904797758953,0.20880906274062336,0.24066904797758953,2930564000
2009-05-11,0.21614374220371246,0.22141554112726397,0.20674618641286857,0.20857985916764274,1038596000
2009-05-12,0.20582933723926544,0.22095710237092597,0.20170358062846747,0.22095710237092597,1201384000
2009-05-13,0.19253520667552948,0.20560010550723032,0.19093075356469738,0.20445406366752272,1305608000
2009-05-14,0.19528572261333466,0.19941147885580193,0.1909307607267074,0.1923060082535642,1017864000
2009-05-15,0.2003282904624939,0.20720454091318893,0.1943688624757087,0.1966609459592737,780308000
2009-05-18,0.21247641742229462,0.21385167895348833,0.20491253364833045,0.20537095871269512,938320000
2009-05-19,0.2166021168231964,0.21912340618694642,0.2104134825719228,0.21385162181945036,859768000
2009-05-20,0.22301994264125824,0.234938785449803,0.21958181727258308,0.22049865343660893,1309436000
2009-05-21,0.22164474427700043,0.2246244590540329,0.2154561090466789,0.2202694965575619,965600000
2009-05-22,0.2250828593969345,0.22829177969326378,0.21751897681715116,0.22164473343555993,718260000
2009-05-26,0.23723091185092926,0.23906458450997306,0.2207278989052298,0.22301998289808544,865540000
2009-05-27,0.2376892864704132,0.2447947566802482,0.2337927497491908,0.23608483338800307,814152000
2009-05-28,0.2408982217311859,0.24296108609177547,0.2305838452806533,0.24135663299756221,995288000
2009-05-29,0.2390645295381546,0.2415858322800521,0.23081301813175384,0.2411274210516499,834232000
2009-06-01,0.2507542073726654,0.25212946860778496,0.2408982413844281,0.241815063991978,1022764000
2009-06-02,0.24869126081466675,0.2562551404653406,0.24410709464138386,0.25075412466312974,907984000
2009-06-03,0.2408982217311859,0.2463992388990788,0.23493879329691675,0.24548238904253375,735688000
2009-06-04,0.249608114361763,0.2500665255717107,0.2413566032875473,0.2415858225544157,673180000
2009-06-05,0.2482328861951828,0.2541923146830029,0.24525319927506548,0.2541923146830029,559992000
2009-06-08,0.24685771763324738,0.2502958440564202,0.24066906821249637,0.24639930624158432,473948000
2009-06-09,0.2603810727596283,0.2631315688714435,0.24846221073542188,0.25029588391790014,725032000
2009-06-10,0.2686324715614319,0.2702369246517228,0.25602598416225153,0.2617561932874279,833320000
2009-06-11,0.2651944160461426,0.27963458112735107,0.2635899623672758,0.2693201735945161,835156000
2009-06-12,0.26381915807724,0.2647359808618243,0.255338424362735,0.2612978544339331,595000000
2009-06-15,0.2594640851020813,0.2624437990301657,0.2548799182354253,0.25900567388017365,445164000
2009-06-16,0.25235867500305176,0.26267308020763125,0.2486913570397177,0.2594641462504432,594912000
2009-06-17,0.2585473954677582,0.2610686994690673,0.24639934156620272,0.2562553108570422,799016000
2009-06-18,0.2535046637058258,0.26244380571786996,0.2507541689805009,0.25763041945570847,566376000
2009-06-19,0.2562551498413086,0.2626729881834802,0.25281702508555093,0.2560259305947434,747564000
2009-06-22,0.2418150156736374,0.25717199620999837,0.2408981932492827,0.25717199620999837,574864000
2009-06-23,0.24066896736621857,0.24456553087209745,0.23127141481783428,0.24410711967252008,589764000
2009-06-24,0.24869126081466675,0.25442146853127035,0.24364865616502704,0.24364865616502704,515096000
2009-06-25,0.26175618171691895,0.26221462028570247,0.24387792457188978,0.24639922740503423,870444000
2009-06-26,0.2651944160461426,0.2661112662367825,0.2583181625734542,0.2606102470643503,513956000
2009-06-29,0.2651944160461426,0.2700078044065454,0.2624439201218277,0.2658820468581719,510056000
2009-06-30,0.25877657532691956,0.26794494066107527,0.2539632142657657,0.26427759452741295,589844000
2009-07-01,0.25992250442504883,0.2633606570059883,0.25556755669550996,0.26038094298503456,696420000
2009-07-02,0.24983741343021393,0.25465077365780375,0.2463992872717364,0.25144186683941055,552312000
2009-07-06,0.2418150156736374,0.24983733484379284,0.23768926011646266,0.24960811557580953,752456000
2009-07-07,0.23127144575119019,0.2441071523226961,0.23058384252174904,0.2427318912162296,1072996000
2009-07-08,0.2317298948764801,0.23333434802447742,0.22256154628454916,0.23264671743996615,1205860000
2009-07-09,0.23677247762680054,0.24066901457319254,0.23493880514502966,0.23562643574116796,714564000
2009-07-10,0.2376892864704132,0.23929376687661563,0.23172988540377665,0.2367724639444052,520008000
2009-07-13,0.24043987691402435,0.24250274184471798,0.22806260535846257,0.24250274184471798,556012000
2009-07-14,0.24548238515853882,0.2463992350005776,0.23952295681855904,0.24227347902088328,452568000
2009-07-15,0.2555675208568573,0.2606100983954551,0.25212939608184237,0.25442147926518566,1022808000
2009-07-16,0.2688617706298828,0.2697786208494023,0.2569429363665562,0.2583181707101304,952076000
2009-07-17,0.2766548693180084,0.2775716921964235,0.2661112695972213,0.2688617655562693,850356000
2009-07-20,0.28009286522865295,0.2830725791769802,0.2752794790564481,0.27894682350420325,782756000
2009-07-21,0.2743627429008484,0.28055136469460645,0.2679449017605887,0.27940532260969575,941296000
2009-07-22,0.28123894333839417,0.28376024638789316,0.267028002257645,0.26886167471875394,600908000
2009-07-23,0.2979711592197418,0.29888800910934654,0.27871763942356437,0.2816973537481411,1046120000
2009-07-24,0.2970544397830963,0.29797126266720336,0.286969251438904,0.2888029245309211,650592000
2009-07-27,0.29842960834503174,0.30278455667182197,0.29155332956390895,0.29430385200587583,677484000
2009-07-28,0.29888802766799927,0.30209693417138056,0.29384542127154983,0.2963667244697746,563180000
2009-07-29,0.2929285168647766,0.29728349141638927,0.28994880318710214,0.2954498193590675,373972000
2009-07-30,0.29522067308425903,0.30186773251973525,0.2926993699667001,0.29797116818827246,468444000
2009-07-31,0.29636678099632263,0.3004925382331508,0.288344485883968,0.29522073883741484,541560000
2009-08-03,0.30438899993896484,0.3078271528791319,0.29774196801016006,0.30347217737078264,471900000
2009-08-04,0.30645203590393066,0.3117238364611055,0.29865893111216596,0.2991173426119624,695380000
2009-08-05,0.30713945627212524,0.30943153952369584,0.3009508096338545,0.3046181537658825,610768000
2009-08-06,0.3007216453552246,0.3137865156257734,0.29888797312059895,0.3082855262456866,957588000
2009-08-07,0.31424498558044434,0.32616381531089994,0.30989001017253265,0.3169954805453506,1401872000
2009-08-10,0.30393052101135254,0.32112117259102024,0.30209684895930117,0.3165370061227855,693312000
2009-08-11,0.2968251407146454,0.30645191503238534,0.29522068743628727,0.3018677471949075,481884000
2009-08-12,0.3078272044658661,0.31103611131605685,0.29682516786115964,0.29705438720351535,634940000
2009-08-13,0.3169955313205719,0.3181415733498345,0.30461826101025713,0.31011927914499615,564028000
2009-08-14,0.3075978755950928,0.3169954281046568,0.3034721201683625,0.31653701690697306,427148000
2009-08-17,0.2947622239589691,0.2991171717044445,0.2915532906462797,0.2982003492286994,465032000
2009-08-18,0.3055349886417389,0.308973140983597,0.2945329831191593,0.2947622023832128,636200000
2009-08-19,0.302096962928772,0.303930635672597,0.2979712060861151,0.30095092087935604,552996000
2009-08-20,0.31401583552360535,0.3153910969712059,0.3000341109935961,0.30072174171739635,819840000
2009-08-21,0.31928756833076477,0.3197459796101616,0.3101192334476555,0.3165370733305906,607324000
2009-08-24,0.3103485107421875,0.3208921096857812,0.3085148377967189,0.3174539831594529,461456000
2009-08-25,0.3130989968776703,0.3163079036607496,0.30668115598771417,0.31195292751365905,444088000
2009-08-26,0.3167663812637329,0.3174540120964386,0.3112653892496943,0.31241143152960266,434308000
2009-08-27,0.3211212754249573,0.3224965094115519,0.3147034348494607,0.3181415608016414,551072000
2009-08-28,0.33762434124946594,0.3445005939561689,0.3293728270719027,0.3298312384542563,883992000
2009-08-31,0.3328108489513397,0.33533215174851216,0.32845587387656827,0.3337276714282438,431796000
2009-09-01,0.3215796947479248,0.3419792589655847,0.31974602206308617,0.33258170353315974,736856000
2009-09-02,0.3261638581752777,0.32937279215921306,0.32020442886496664,0.3220381015238159,404656000
2009-09-03,0.3339570164680481,0.3344154278791248,0.3252470903623864,0.3261639131845398,534020000
2009-09-04,0.34633418917655945,0.3486262728983432,0.33258165952206376,0.33258165952206376,513048000
2009-09-08,0.35596105456352234,0.35596105456352234,0.346105085794084,0.34885558171667547,549712000
2009-09-09,0.3658168911933899,0.366504521756604,0.35023071683030516,0.3552732954208875,571684000
2009-09-10,0.3775065541267395,0.37796499274883777,0.362837201314455,0.3669629576467786,607952000
2009-09-11,0.3740684390068054,0.37796500346232303,0.37131794381522454,0.37658974220463504,712732000
2009-09-14,0.3678799569606781,0.3715473034839818,0.36467102192183604,0.36856758784927324,490516000
2009-09-15,0.3754436671733856,0.3800278345299097,0.3678797855703623,0.3713179110877554,546136000
2009-09-16,0.3653585612773895,0.37521452868122934,0.3598575701943992,0.3745268979649059,707064000
2009-09-17,0.34931379556655884,0.364441554386449,0.34312514957055884,0.364441554386449,923096000
2009-09-18,0.3488554060459137,0.35527324484937434,0.3461049115083702,0.35275196957487137,604740000
2009-09-21,0.34725114703178406,0.35321057795985317,0.34175015488572325,0.3447298430259539,588776000
2009-09-22,0.3479386866092682,0.3518352239675669,0.34518819125775124,0.3497723592848784,361388000
2009-09-23,0.3424376845359802,0.35298128241909815,0.3419792731766703,0.3500015675978867,478936000
2009-09-24,0.33785346150398254,0.3481678656966085,0.3367074196296678,0.3481678656966085,552876000
2009-09-25,0.33235251903533936,0.3376243178769573,0.3298312156212359,0.33601983716409284,377556000
2009-09-28,0.3399163484573364,0.34839705274238303,0.3334985085873198,0.3334985085873198,467708000
2009-09-29,0.3337276875972748,0.3461049555779006,0.3330400570443858,0.34197919958435863,470928000
2009-09-30,0.34450048208236694,0.34862623783134206,0.333040037302418,0.34060391828824066,875956000
2009-10-01,0.3199751675128937,0.3433544410296707,0.3197459482337917,0.3433544410296707,999960000
2009-10-02,0.31745392084121704,0.32433017254402136,0.3149326176206706,0.3167662902061775,612476000
2009-10-05,0.31584957242012024,0.3220381955421698,0.31034855283756163,0.32089215321127895,754276000
2009-10-06,0.3211212754249573,0.32662226601892796,0.317453930146446,0.31974601411456655,761272000
2009-10-07,0.3185998499393463,0.3222671938113377,0.31516172530577397,0.31882906917776543,459608000
2009-10-08,0.32066282629966736,0.32135042955001897,0.30920238048610776,0.32043360700035484,1241524000
2009-10-09,0.32478857040405273,0.32524698166192423,0.31837073082247525,0.3188291420803468,618540000
2009-10-12,0.3211212754249573,0.32730989667412336,0.31905838345937115,0.3192876027857017,499008000
2009-10-13,0.3199751675128937,0.32662219872136367,0.31699545350352104,0.3229548815222663,602124000
2009-10-14,0.31951677799224854,0.3323524573708547,0.31791229757707845,0.3323524573708547,1101948000
2009-10-15,0.3101191520690918,0.32203797882474827,0.30805626086744087,0.3190582653048876,1092196000
2009-10-16,0.3030138909816742,0.3071396488866186,0.29751287133381343,0.3062227986167394,1018832000
2009-10-19,0.31401583552360535,0.3165371390696066,0.30301382591419795,0.30553510213640034,695588000
2009-10-20,0.31424498558044434,0.32157964792812527,0.3117236825904011,0.31928756423673793,660180000
2009-10-21,0.30668118596076965,0.31791238812301054,0.3050767050886208,0.31309902747796453,503956000
2009-10-22,0.30874404311180115,0.3103484966196495,0.2998048981558467,0.3050766973877481,379328000
2009-10-23,0.30140936374664307,0.3128697844000599,0.2995756909773367,0.3128697844000599,429528000
2009-10-26,0.29751282930374146,0.30828564767915023,0.2959083757128724,0.30370147894878086,481652000
2009-10-27,0.2874276340007782,0.30049253639128637,0.28444794626492215,0.29613758714365046,591836000
2009-10-28,0.2755088806152344,0.2874277169705889,0.27413361870646696,0.2810098736026878,773632000
2009-10-29,0.2876568138599396,0.28903207518287,0.2773424359093508,0.27986371190299464,637100000
2009-10-30,0.2741334140300751,0.287427502368424,0.2727581804719072,0.28628146074139027,604144000
2009-11-02,0.2766548693180084,0.2826142999991147,0.2688617655562693,0.2736751539774553,593136000
2009-11-03,0.27527955174446106,0.27665481310645673,0.2649651735008853,0.2677156689010794,876472000
2009-11-04,0.27459195256233215,0.2803221906787738,0.2734459104038039,0.2773424756018402,916840000
2009-11-05,0.28123894333839417,0.2839894383681608,0.27688396782778624,0.27780081772023746,955156000
2009-11-06,0.30163857340812683,0.30782722278198155,0.2952207320020773,0.2988880777551913,1641112000
2009-11-09,0.3085147738456726,0.31286974960390646,0.3055350593424168,0.3057642786595115,818124000
2009-11-10,0.3009509742259979,0.30966090081024206,0.29705443603204207,0.30966090081024206,781472000
2009-11-11,0.3094314932823181,0.3167661531264965,0.3055349304779195,0.3059933689187548,871512000
2009-11-12,0.3085147738456726,0.31745391735543993,0.3075979512248839,0.3121821189764174,505864000
2009-11-13,0.31080687046051025,0.31241135109834606,0.30691033317675803,0.3082855944881041,388524000
2009-11-16,0.31516191363334656,0.3188292596967906,0.31195297899688257,0.31355745997701556,402820000
2009-11-17,0.31470340490341187,0.31539103549317477,0.308743976223858,0.31539103549317477,350124000
2009-11-18,0.30989009141921997,0.3128698064640009,0.3046182920821152,0.31172376431783905,455516000
2009-11-19,0.29751282930374146,0.3032430402167032,0.2920118377568186,0.3032430402167032,833840000
2009-11-20,0.29567909240722656,0.2970543536584621,0.28994888273340336,0.29063651335902113,426748000
2009-11-23,0.2979711592197418,0.30553504102096174,0.2965959253710249,0.3000340509785073,390924000
2009-11-24,0.2961374819278717,0.2986587573719413,0.29132409567060813,0.29659589316099433,418504000
2009-11-25,0.29957571625709534,0.3037014735052379,0.29751282397112383,0.29957571625709534,441760000
2009-11-27,0.29315775632858276,0.29659588142666427,0.2871983285623924,0.2888027814767392,279932000
2009-11-30,0.2993464469909668,0.29957566631468385,0.2910949338702956,0.2943038677833548,509836000
2009-12-01,0.3053058981895447,0.3087440243504966,0.29934646858104225,0.30095092199139356,461936000
2009-12-02,0.3144741356372833,0.3151617661178,0.3041597604009013,0.3059934325743493,602292000
2009-12-03,0.3169955313205719,0.32387178349614765,0.31653711997362627,0.3181415733498345,660036000
2009-12-04,0.3268515169620514,0.3282267784054731,0.31791237222740815,0.3229549793040884,824564000
2009-12-07,0.3687966465950012,0.3770481596272829,0.3461049994181244,0.36329565612267717,2732184000
2009-12-08,0.35091835260391235,0.36444166280193985,0.34885546088364056,0.3628371823560197,1075512000
2009-12-09,0.35962823033332825,0.36237872495311013,0.35114749988029886,0.35458565230976313,671588000
2009-12-10,0.3532104790210724,0.36444170688199123,0.35206443703468043,0.3621496229092073,417012000
2009-12-11,0.3486262857913971,0.35664857911432424,0.34770943587450026,0.35619016781777296,416744000
2009-12-14,0.3591699004173279,0.36031594237863207,0.349772345405115,0.3536688826087902,405488000
2009-12-15,0.3587115406990051,0.36467094336078276,0.3557318257062165,0.35664864847762856,446152000
2009-12-16,0.38759180903434753,0.39171756610887554,0.36948432724164126,0.37154721944080493,1683400000
2009-12-17,0.3857581317424774,0.40065670637432244,0.3800279212393828,0.3887378466688464,1016132000
2009-12-18,0.38552895188331604,0.3903423124635382,0.38094475601237143,0.38896707829367466,812828000
2009-12-21,0.39928147196769714,0.4008859255524747,0.3873626387787485,0.3878210501852848,427792000
2009-12-22,0.40982502698898315,0.4139507838529815,0.3988230177929201,0.3992814291502982,793044000
2009-12-23,0.4155552089214325,0.4167012508986071,0.40844973773343124,0.4137215362931938,442196000
2009-12-24,0.41463837027549744,0.4173888654498634,0.4130339170341002,0.4167012348253232,136812000
2009-12-28,0.40799129009246826,0.4176180637029037,0.4038655338771093,0.4139507187728527,465760000
2009-12-29,0.41303399205207825,0.41418003419319877,0.4056993004898669,0.4066161505970433,475848000
2009-12-30,0.4279324412345886,0.4304537442933331,0.41395071940663036,0.41693043375138467,704008000
2009-12-31,0.4281615912914276,0.43435021096113735,0.4277031800795582,0.4288492217711263,700340000
2010-01-04,0.42380672693252563,0.4267864415720098,0.41509680234164753,0.4242651382638779,800204000
2010-01-05,0.4299953281879425,0.43457949564424875,0.42220222711794586,0.42220222711794586,728648000
2010-01-06,0.43274593353271484,0.43366275632821794,0.4256404612342649,0.4297662184616294,649168000
2010-01-07,0.4242650866508484,0.4322874069306587,0.42105618039795867,0.43045373450452473,547792000
2010-01-08,0.4251819849014282,0.42816169951744265,0.4183057330139163,0.42082700897839304,478168000
2010-01-11,0.41922253370285034,0.42930771900369885,0.4132631047830855,0.4274740464650178,556612000
2010-01-12,0.4050116539001465,0.414638429368089,0.3963017285035217,0.41303397589803154,627432000
2010-01-13,0.41051262617111206,0.4118878874614627,0.39194673537035724,0.40776213091420654,508868000
2010-01-14,0.40409475564956665,0.4084497038722796,0.3972185043565713,0.40547001683768324,608524000
2010-01-15,0.3921758532524109,0.40455312055500514,0.38690405573410913,0.40111499530269407,818192000
2010-01-19,0.39951056241989136,0.40203183800418324,0.38805011701170333,0.3891961588201429,545328000
2010-01-20,0.39790618419647217,0.39951066499929194,0.3891962587511896,0.3944680578883711,719728000
2010-01-21,0.3908006548881531,0.40478237644151666,0.3871333100245122,0.3976769060146349,608632000
2010-01-22,0.3772774636745453,0.3933220546997532,0.37498537924237274,0.3862165820304976,1067916000
2010-01-25,0.383695125579834,0.39102978685775347,0.3807154117508636,0.38346590631460975,643676000
2010-01-26,0.3715471923351288,0.38438287400307447,0.37131797299956654,0.38186157060707887,714636000
2010-01-27,0.3816322684288025,0.38300752949604705,0.36719213651790045,0.3713178923958426,812504000
2010-01-28,0.3687966465950012,0.38598730329955394,0.36352484812014324,0.38461204201957516,687764000
2010-01-29,0.35275208950042725,0.37704819204357914,0.3472510712313637,0.37292243517273094,774700000
2010-02-01,0.37979865074157715,0.3804862813741039,0.35114757476079655,0.3541272892858821,949832000
2010-02-02,0.383695125579834,0.38850851155923155,0.3772772867152336,0.3784233283937769,849812000
2010-02-03,0.3869040608406067,0.3885085411718942,0.37842335723773285,0.380257029527925,562296000
2010-02-04,0.36444172263145447,0.3834660258924613,0.36031596583738834,0.3834660258924613,783480000
2010-02-05,0.37177640199661255,0.37269325205859083,0.35756545828823744,0.36398332675068956,604856000
2010-02-08,0.37108877301216125,0.38002791770820676,0.3637541091011128,0.370630361640933,445160000
2010-02-09,0.3681090176105499,0.3788818339299773,0.364441699720439,0.377048161323024,930144000
2010-02-10,0.3752146065235138,0.37865273349460865,0.36787994111660566,0.3704012451582636,535828000
2010-02-11,0.392405241727829,0.39653099927428825,0.3784235154103286,0.38117401133336737,695980000
2010-02-12,0.39767685532569885,0.4056991472840519,0.3852995884813946,0.3896545633673458,780212000
2010-02-16,0.4050116539001465,0.4066161346940028,0.3981354013223583,0.4029487890563296,457024000
2010-02-17,0.4089082181453705,0.4102834522641559,0.3972185778548009,0.4100542602395911,876560000
2010-02-18,0.3820907771587372,0.3885086177779834,0.3715471799039901,0.38644572579833475,1515508000
2010-02-19,0.3800278902053833,0.38461205823350475,0.3781942175293754,0.3804863015434361,510548000
2010-02-22,0.380715548992157,0.3873626095181306,0.3781942454609603,0.38163237173597464,458084000
2010-02-23,0.3715471923351288,0.3834660239846227,0.36765062757335426,0.38186157060707887,489764000
2010-02-24,0.37934020161628723,0.3830075464083491,0.3736099924560609,0.37475603428810617,445868000
2010-02-25,0.37590208649635315,0.37681893638157316,0.36123273424697316,0.37063028845866647,576972000
2010-02-26,0.3713180422782898,0.3768190614439617,0.3690259577902104,0.3740685381992246,393396000
2010-03-01,0.38621649146080017,0.38805016404129317,0.3685674509366201,0.37154716546444677,555868000
2010-03-02,0.3859873414039612,0.3944680472709184,0.3832368458962721,0.3896546869634121,538648000
2010-03-03,0.38117390871047974,0.3903422442014331,0.3779650022181641,0.38827937964548664,399300000
2010-03-04,0.38186153769493103,0.3857580747970708,0.37704815065336167,0.3827783603105657,557396000
2010-03-05,0.39355120062828064,0.39630169596883214,0.37911106593563965,0.37911106593563965,632832000
2010-03-08,0.38782092928886414,0.3949263995084735,0.3862164488804546,0.39378035768749087,439312000
2010-03-09,0.4022611081600189,0.4061576453366598,0.3914882919394649,0.39171751125965365,830832000
2010-03-10,0.4031779170036316,0.4075328926717005,0.4008858331753199,0.4011150524876689,418520000
2010-03-11,0.3940095603466034,0.401344250058911,0.3924051072184585,0.3999689889069051,540660000
2010-03-12,0.3953847885131836,0.39951054430121247,0.3933218969572737,0.39836450254474837,520352000
2010-03-15,0.3933219313621521,0.3988229486686423,0.38965461381495176,0.39492641182058247,358904000
2010-03-16,0.4070744514465332,0.40936653510635257,0.39286351089661903,0.393092730192118,664988000
2010-03-17,0.4148675501346588,0.4203685676463038,0.409366559946808,0.409366559946808,651168000
2010-03-18,0.4001982808113098,0.41555523895042046,0.3965309352898216,0.41555523895042046,740964000
2010-03-19,0.3953847885131836,0.407303617315652,0.39034218292570894,0.4061575755591879,584612000
2010-03-22,0.4018027186393738,0.40340717199634296,0.3903422711603727,0.3903422711603727,435336000
2010-03-23,0.4100542664527893,0.4121171313241237,0.402031944347891,0.4047824672747358,493612000
2010-03-24,0.3963017165660858,0.40776216450765235,0.3956140858642601,0.40661612244587547,436252000
2010-03-25,0.3974476456642151,0.4045531153572149,0.39653082320489463,0.4020318126083981,495184000
2010-03-26,0.3974476456642151,0.4050115265868751,0.3942387397328031,0.4008857708723524,344676000
2010-03-29,0.4024902582168579,0.40340708069224884,0.3944679386001289,0.39996895542384675,394456000
2010-03-30,0.40409475564956665,0.4091373344663379,0.3972185043565713,0.40707447000795677,324104000
2010-03-31,0.3988230228424072,0.4043240411719859,0.39676013072239086,0.40249036839545965,389840000
2010-04-01,0.3946971893310547,0.40524078525713675,0.39057143321546633,0.4006566178673259,339664000
2010-04-05,0.4006565809249878,0.40134421143481536,0.3967600171438949,0.39721845569964026,413636000
2010-04-06,0.3908006548881531,0.39653086416022126,0.38392437643787813,0.3956140142824145,809260000
2010-04-07,0.3933219313621521,0.3999689905253536,0.38507041906431333,0.38827935265738095,817468000
2010-04-08,0.3869040608406067,0.39378033875977503,0.3848411965915099,0.39080062470368665,1037600000
2010-04-09,0.38942545652389526,0.3908007179004546,0.3839244383414555,0.3859873304062945,817572000
2010-04-12,0.39653080701828003,0.3981352599184913,0.38919611834796114,0.3898837488262772,546460000
2010-04-13,0.40478241443634033,0.4061576483964469,0.3965309013805182,0.3981353546625404,648696000
2010-04-14,0.40982502698898315,0.4155552372657037,0.4034071860142966,0.41349237249560344,900720000
2010-04-15,0.41280466318130493,0.41532596615241313,0.4070744539958706,0.41120021007414187,957596000
2010-04-16,0.3910299837589264,0.39767704523584524,0.3823200571513998,0.3960725915427278,1917736000
2010-04-19,0.38919615745544434,0.3903421992598654,0.3761312863498027,0.38805011565102326,1094492000
2010-04-20,0.3905714452266693,0.3960724626578903,0.3855288664075621,0.391946706415423,678188000
2010-04-21,0.38048622012138367,0.3930927068247924,0.3759020530742499,0.3926342955848372,895908000
2010-04-22,0.3820907771587372,0.38323681915060986,0.36902587659235164,0.37429767521972523,656932000
2010-04-23,0.3768189549446106,0.3818615339284539,0.37017189541353995,0.3809446839980676,752916000
2010-04-26,0.38048622012138367,0.38507038716851744,0.37658968359607814,0.3772773141179064,491092000
2010-04-27,0.3697134852409363,0.3816323157820521,0.36856744331729446,0.3777357787064289,606704000
2010-04-28,0.3704010248184204,0.37567282183616824,0.36283711719297573,0.36948417511058407,672164000
2010-04-29,0.3816322684288025,0.3820907070004116,0.36604609473646044,0.37154711168164717,987128000
2010-04-30,0.36008667945861816,0.3777357453848428,0.3598574874883846,0.37704811482655737,1068048000
2010-05-03,0.35619017481803894,0.36398327630774674,0.3506891571799285,0.36192038444703223,1078972000
2010-05-04,0.3380826711654663,0.3513767619930976,0.33304006520327345,0.35068913142336283,1311376000
2010-05-05,0.33235251903533936,0.34083322465509125,0.32822676223216896,0.3312064769968919,1330840000
2010-05-06,0.3254762589931488,0.33693670738847464,0.29888807117768723,0.3300604547455586,1002888000
2010-05-07,0.3199751675128937,0.3284558709828076,0.3085147227098165,0.3284558709828076,1153712000
2010-05-10,0.3337276875972748,0.3433544606901367,0.3300603701881869,0.3392287046965947,979156000
2010-05-11,0.33006033301353455,0.33670736385395916,0.32753903037817955,0.3305187442225657,829124000
2010-05-12,0.3364782929420471,0.33831193843773116,0.3302896437608173,0.3323525359291602,901236000
2010-05-13,0.3357906639575958,0.35046001926560116,0.33258172967593885,0.3351030332312551,1252000000
2010-05-14,0.2970544397830963,0.3140158817295003,0.2888029245309211,0.31309905884539324,2493068000
2010-05-17,0.2977420389652252,0.30140938475950824,0.2883444824447501,0.29751281960665754,856060000
2010-05-18,0.28788599371910095,0.3020969070379433,0.2862815132877248,0.3002632346333653,674112000
2010-05-19,0.29247015714645386,0.29292856841050263,0.28444786439232733,0.28651072874244293,826520000
2010-05-20,0.2855938971042633,0.2924701478170281,0.2752794937113246,0.283989416745585,1129136000
2010-05-21,0.2917824685573578,0.29980475971597176,0.27734233900709526,0.27734233900709526,1069600000
2010-05-24,0.2833018898963928,0.2943039278520481,0.2823850670619889,0.2908658012373314,664564000
2010-05-25,0.2908656895160675,0.2922409232394472,0.27161214415084184,0.2743626662451832,966652000
2010-05-26,0.29224100708961487,0.30828562372291474,0.29132418434430574,0.30255541325523577,995028000
2010-05-27,0.3094314932823181,0.3094314932823181,0.2988879009712105,0.29957553130867987,713560000
2010-05-28,0.3011801242828369,0.3089732262007983,0.2965959563277289,0.3089732262007983,545116000
2010-06-01,0.28834444284439087,0.3004924933803015,0.28811522351730345,0.2970543674167681,527492000
2010-06-02,0.2915533781051636,0.2920118168043473,0.2869692097037181,0.28880288252905606,649088000
2010-06-03,0.29109489917755127,0.2917825297429546,0.2846770594401081,0.2855939093019101,586360000
2010-06-04,0.27734243869781494,0.2876568167521068,0.2757379580303322,0.2826142373903235,671456000
2010-06-07,0.26358991861343384,0.28032216540811783,0.2624438765582197,0.2784884926550156,577248000
2010-06-08,0.2562551498413086,0.26244376893691507,0.24960809225257177,0.26244376893691507,967636000
2010-06-09,0.2500666379928589,0.26450680252642,0.24914981516079218,0.2576305219907141,697152000
2010-06-10,0.26015180349349976,0.26129784559737335,0.25442159297413175,0.2551092237012157,611768000
2010-06-11,0.2661111056804657,0.2672571472344574,0.2567135540082192,0.2574011844053714,442104000
2010-06-14,0.2603810727596283,0.2704662342775522,0.2596934419007234,0.27000782281288366,375080000
2010-06-15,0.2732166349887848,0.274591868765058,0.2629022313858795,0.2633606699684292,528632000
2010-06-16,0.26977846026420593,0.2739042154866861,0.26611111621671535,0.27138291303856293,366480000
2010-06-17,0.28009286522865295,0.2807804957280808,0.2695492704341996,0.2791760427786092,859068000
2010-06-18,0.28192660212516785,0.2853647280872069,0.27963451815047513,0.2816973827981801,932832000
2010-06-21,0.27527955174446106,0.28857364472316266,0.27275827567919864,0.287886041365962,579836000
2010-06-22,0.26496511697769165,0.28215574371649266,0.263589855909071,0.27871761836873243,818164000
2010-06-23,0.2679448425769806,0.27069533750847774,0.2599225224307757,0.2674864313090298,614060000
2010-06-24,0.254650741815567,0.2677156414431485,0.2537339192174675,0.26634038022220485,725028000
2010-06-25,0.25396305322647095,0.2567135474207137,0.24983729827321424,0.2564843281862829,507220000
2010-06-28,0.2544216215610504,0.2580889676350301,0.24983745263047685,0.2557968831697433,372008000
2010-06-29,0.2402106076478958,0.2491497509125145,0.2386061544436189,0.24892053160170594,660808000
2010-06-30,0.23402200639247894,0.24319034241099363,0.23402200639247894,0.24066903907638343,623072000
2010-07-01,0.23791851103305817,0.23952296415100258,0.22760412076807113,0.23470960479716937,737008000
2010-07-02,0.2349388301372528,0.2392938061602047,0.22691653608443255,0.23883539482194577,737096000
2010-07-06,0.23241758346557617,0.2415859206837574,0.23035469119720525,0.23402203701399785,712020000
2010-07-07,0.2436487376689911,0.24502399891053464,0.23287594902288267,0.2333343603287989,608412000
2010-07-08,0.2363141030073166,0.24548243951507265,0.23333438817753624,0.2452532474966576,783272000
2010-07-09,0.23723091185092926,0.2388353925049654,0.23425119719545764,0.23746013117973344,571516000
2010-07-12,0.2415858954191208,0.2445656101681763,0.23700172728943456,0.23723091930164047,565396000
2010-07-13,0.2502957284450531,0.2519001812366785,0.24410710920661957,0.2454823427463896,723316000
2010-07-14,0.2528170049190521,0.26313137836357664,0.24914966120926293,0.26129770650868206,1355664000
2010-07-15,0.2457117736339569,0.25327566025085146,0.2427320574122941,0.2530464408015655,953088000
2010-07-16,0.2303546518087387,0.24639926652087873,0.22943782917320865,0.24571163588233344,1288604000
2010-07-19,0.23975227773189545,0.24066910063874855,0.23195917372842959,0.23356365480112795,798440000
2010-07-20,0.2457117736339569,0.2470870083582399,0.23150082354968982,0.23356371662183062,1160988000
2010-07-21,0.2376892864704132,0.24823288213846662,0.23539720283160093,0.24800369016886073,624940000
2010-07-22,0.2415858954191208,0.24410719881996715,0.2388354000060685,0.24021063405069598,462612000
2010-07-23,0.23746007680892944,0.24158583251616203,0.235167993340888,0.2413566132398418,817604000
2010-07-26,0.2418150156736374,0.24273186542178138,0.23310509334711055,0.23677243769210793,683548000
2010-07-27,0.23975227773189545,0.24296118522968493,0.23677256229891744,0.24250277377625837,683472000
2010-07-28,0.23218831419944763,0.2399814155541461,0.2315006835911221,0.2358556592279874,1320808000
2010-07-29,0.2092674821615219,0.2200402859941687,0.2078922343872413,0.21545611763863373,2664476000
2010-07-30,0.21064269542694092,0.21431002654032652,0.204454061365075,0.2076629812124985,984288000
2010-08-02,0.21041348576545715,0.21522687258791254,0.20949664952966104,0.21431003635211643,917020000
2010-08-03,0.20491251349449158,0.20903827035848993,0.2033080600817694,0.2088090646798009,955444000
2010-08-04,0.21362236142158508,0.21430999187118582,0.2058292755276508,0.20674611157315378,855496000
2010-08-05,0.21637296676635742,0.21683137816410897,0.21041353662418652,0.2143100881526752,800504000
2010-08-06,0.21889424324035645,0.22118632741116134,0.21362244418274548,0.21545611698414913,739904000
2010-08-09,0.22095705568790436,0.22141548058219312,0.21568525820590226,0.22118626130410113,466456000
2010-08-10,0.21178875863552094,0.21774817400416047,0.21087192234913849,0.21728976269191805,772560000
2010-08-11,0.2035372257232666,0.20743376248020104,0.20284959516056228,0.20743376248020104,796148000
2010-08-12,0.2053709626197815,0.20995513137923802,0.1982654901131034,0.19986994371415295,1343584000
2010-08-13,0.2152269035577774,0.2182066183374037,0.21155955808688387,0.21201798310169495,1797392000
2010-08-16,0.20972590148448944,0.21660215383058795,0.20697539234891063,0.21224719127901243,814008000
2010-08-17,0.21247641742229462,0.21637296899084293,0.2097259216837078,0.21178880031859806,481224000
2010-08-18,0.21362236142158508,0.21545603351259102,0.21041344209327167,0.21178870299247313,352920000
2010-08-19,0.22645807266235352,0.22714570321497374,0.214768435239186,0.215914477052289,1615100000
2010-08-20,0.22852104902267456,0.23402206848769722,0.22462451064566094,0.2248537163745614,1305308000
2010-08-23,0.2250828593969345,0.2349388259509676,0.22439522873990034,0.22920861601534329,748620000
2010-08-24,0.22279079258441925,0.22508287673522986,0.21728978789009393,0.21774819925549638,641332000
2010-08-25,0.22737492620944977,0.22920859871520743,0.21912341359543736,0.22026946915795872,757532000
2010-08-26,0.2246244251728058,0.23287593756861757,0.2246244251728058,0.2303546345243991,657596000
2010-08-27,0.23195920884609222,0.23379288226121261,0.22026957839493547,0.2259997907398068,1060416000
2010-08-30,0.22095705568790436,0.231042239419515,0.22095705568790436,0.2292085671661503,602804000
2010-08-31,0.21385158598423004,0.2246243858778079,0.21316395551757178,0.21774812219690848,931488000
2010-09-01,0.21545609831809998,0.21981106059771677,0.21431005633198494,0.21706056529579992,851440000
2010-09-02,0.21935264766216278,0.22004026465165893,0.21408084909986885,0.21614372739215335,596292000
2010-09-03,0.22691647708415985,0.22760409391276187,0.22187388536493757,0.22462439366503015,566484000
2010-09-07,0.22897939383983612,0.23425117840335186,0.2257704737748847,0.22622888507192185,899820000
2010-09-08,0.23654323816299438,0.2381477185251884,0.2269164926087879,0.2294377954718429,1224156000
2010-09-09,0.23333430290222168,0.23975214157692082,0.2303545891614198,0.23952292231847908,697748000
2010-09-10,0.23081304132938385,0.23562642802084718,0.22875017693235267,0.23493879744723914,609292000
2010-09-13,0.24387793242931366,0.24685764660345283,0.23493878990689615,0.23493878990689615,1015792000
2010-09-14,0.2415858954191208,0.2447948021803822,0.23952300336648358,0.24181508743132668,698536000
2010-09-15,0.24204431474208832,0.24227353408564378,0.23608488504762892,0.23929381923841408,555572000
2010-09-16,0.24227361381053925,0.2443364792861718,0.2388354864686135,0.2388354864686135,365280000
2010-09-17,0.2418150156736374,0.24479472953847412,0.241127412517266,0.24456553759428007,416884000
2010-09-20,0.24548238515853882,0.2463992350005776,0.23952295681855904,0.24181504043796787,443168000
2010-09-21,0.25877657532691956,0.26290233289633896,0.24410724543987555,0.24410724543987555,1779624000
2010-09-22,0.26106858253479004,0.2633606661188672,0.25625519607871133,0.257859649122807,999996000
2010-09-23,0.2663404941558838,0.2745920103637453,0.2617563245568065,0.26404840935634516,1240872000
2010-09-24,0.281009703874588,0.2819265537012641,0.270236916508633,0.27229978080201894,1086976000
2010-09-27,0.2750503718852997,0.2833018584504401,0.27138302630714944,0.2830726664291797,999504000
2010-09-28,0.2743627429008484,0.27825928052478505,0.269549355214704,0.2752795656392575,723192000
2010-09-29,0.27229976654052734,0.280322085977666,0.2693200525765256,0.271841355313094,974904000
2010-09-30,0.2677156329154968,0.2789468596653322,0.2654235491694643,0.27573792602661057,787632000
2010-10-01,0.26015180349349976,0.2720706632328245,0.25808893863604687,0.2716122245322358,999120000
2010-10-04,0.25763046741485596,0.26198544325412804,0.2523586689377348,0.25763046741485596,749500000
2010-10-05,0.2594640851020813,0.2635898407468297,0.25877645460732496,0.263131429524922,753588000
2010-10-06,0.2470868080854416,0.2606101161845312,0.2445655328059355,0.2594640745146315,1057604000
2010-10-07,0.24525322020053864,0.24846212669159012,0.23791852995162946,0.24823290737488857,761488000
2010-10-08,0.24892055988311768,0.25098345194338967,0.24089826562647618,0.2443363917364654,706932000
2010-10-11,0.24777460098266602,0.2521295785774968,0.24662855856146948,0.2500666858250591,442680000
2010-10-12,0.2525879442691803,0.25373398648251844,0.24364879861086183,0.2457116909891515,605208000
2010-10-13,0.25992250442504883,0.26358984896219045,0.253963103706932,0.2567135984478929,968732000
2010-10-14,0.25579679012298584,0.26061014935493465,0.254650720983426,0.26015173809338604,599172000
2010-10-15,0.25877657532691956,0.26290233289633896,0.2557968873325968,0.25992261757821367,639940000
2010-10-18,0.2603810727596283,0.26152711508320164,0.2544216417475251,0.2590058110418185,448156000
2010-10-19,0.25877657532691956,0.2606102483937507,0.2525879526346917,0.2546508177575001,866136000
2010-10-20,0.25877657532691956,0.26588204821446426,0.2544216257015228,0.2590057947066994,763532000
2010-10-21,0.25419238209724426,0.2594641814155561,0.2502958442789442,0.2590057700234855,1014428000
2010-10-22,0.27046626806259155,0.27252916089699053,0.2530464116387698,0.25579693541796833,1322676000
2010-10-25,0.2729874551296234,0.27505034707769904,0.27000774053160037,0.2725290438046497,673136000
2010-10-26,0.27207067608833313,0.2761964333219825,0.26748650745623387,0.2697785917722835,675248000
2010-10-27,0.27596715092658997,0.27688397351407623,0.2688616802402923,0.26954931084280404,496796000
2010-10-28,0.2761964499950409,0.2805513995289088,0.27367514616566346,0.2796345766766635,704448000
2010-10-29,0.2755088806152344,0.27848859653502506,0.27275838412150766,0.27573807271749023,554664000
2010-11-01,0.27596715092658997,0.2816973604078642,0.2736750671340803,0.2773424121316134,473920000
2010-11-02,0.28169742226600647,0.28628159085766675,0.27550880013202506,0.27711325367434614,581036000
2010-11-03,0.28376027941703796,0.28559395209158284,0.27619639671191326,0.2835310600862961,671748000
2010-11-04,0.2842186987400055,0.2894904975810123,0.28376028738943915,0.2865107828166348,700016000
2010-11-05,0.28903210163116455,0.2915533778555214,0.2849063446086365,0.2862815787336132,735116000
2010-11-08,0.290178120136261,0.2926993961556137,0.2865107747869158,0.28880285879930734,605156000
2010-11-09,0.28857359290122986,0.2924701569525417,0.2869691398162268,0.2901780733100252,633964000
2010-11-10,0.2920118570327759,0.2920118570327759,0.286510837798925,0.29063659539336245,521016000
2010-11-11,0.28903210163116455,0.2938454620542815,0.28123899896110066,0.28513553663423313,1089980000
2010-11-12,0.30393052101135254,0.3135572924536754,0.2986587241081251,0.3000339849781105,2142560000
2010-11-15,0.3002632260322571,0.30966077975915385,0.2995756228085555,0.3053058318313482,733548000
2010-11-16,0.2913241684436798,0.2993464626605693,0.29086575709604556,0.2952207058842667,739356000
2010-11-17,0.2961374819278717,0.299575607161977,0.28834438166962545,0.2910948763921516,551764000
2010-11-18,0.3053058981895447,0.30828561299379587,0.3000340992779922,0.3000340992779922,993120000
2010-11-19,0.31516191363334656,0.31630795586269755,0.3041599027668166,0.3046183141937966,716484000
2010-11-22,0.31539106369018555,0.31722470899509586,0.310348457130294,0.31309897973525164,462668000
2010-11-23,0.30805638432502747,0.31493263643870556,0.30576430028713475,0.3117237297151746,457832000
2010-11-24,0.3156202435493469,0.3167662854827251,0.31103607581583403,0.31126529513202766,397784000
2010-11-26,0.3117237687110901,0.3172247601606749,0.3117237687110901,0.3153911145600136,143104000
2010-11-29,0.31516191363334656,0.31630795586269755,0.3089732910596116,0.3103485253405516,468192000
2010-11-30,0.3119528889656067,0.31355736948267804,0.3062226794726209,0.3103484357723295,720936000
2010-12-01,0.3257054090499878,0.32776827347446674,0.317683116006669,0.3181415272872428,626536000
2010-12-02,0.32960203289985657,0.33166492519250934,0.3254762756383515,0.3257054950010242,529316000
2010-12-03,0.338999480009079,0.338999480009079,0.32730984276738656,0.3279974733093317,606044000
2010-12-06,0.33258166909217834,0.34083318165755633,0.3312064352138114,0.3401455510564758,438424000
2010-12-07,0.34335458278656006,0.3513768783341343,0.3396872367495768,0.3403748675469864,1026812000
2010-12-08,0.34633418917655945,0.3500015067371375,0.34037476057040444,0.34289606359388386,613252000
2010-12-09,0.34060391783714294,0.34289602864912944,0.33326925613967373,0.33808264239440156,942408000
2010-12-10,0.342666894197464,0.34587580094578224,0.33968717946042715,0.34060400215314746,451900000
2010-12-13,0.3339570164680481,0.34472980758545546,0.3330401663220936,0.34404220413074094,609108000
2010-12-14,0.3344152867794037,0.3465633343282209,0.33395687556174425,0.34037471458034485,755160000
2010-12-15,0.327080637216568,0.33922868520703003,0.3266221986584524,0.3351029294505234,624176000
2010-12-16,0.32753920555114746,0.33235259412972107,0.32662235531895056,0.33051892098913094,631872000
2010-12-17,0.3293728530406952,0.3312065260384817,0.32387183404733555,0.327768372090256,593156000
2010-12-20,0.3279975354671478,0.33212329217688663,0.32776831613513024,0.330518838824154,344088000
2010-12-21,0.34083330631256104,0.34083330631256104,0.33097733695584197,0.33120655634796725,466952000
2010-12-22,0.34450048208236694,0.34495889331585516,0.3369366010965443,0.3401455070547524,477988000
2010-12-23,0.3419792056083679,0.34450050857211,0.3406039444783645,0.34450050857211,273784000
2010-12-27,0.3438129425048828,0.34633424594161016,0.3348737981305021,0.34106244705268784,255500000
2010-12-28,0.3424376845359802,0.3461050300580555,0.34037481975718664,0.34381294593770795,194260000
2010-12-29,0.3424376845359802,0.3449589879978817,0.3392287776970129,0.34220849251822427,177660000
2010-12-30,0.3435836136341095,0.34564650505847194,0.34083311905874863,0.3419791607421314,174488000
2010-12-31,0.3529811203479767,0.3534395588205928,0.34335437692739146,0.3438127880762221,391252000
2011-01-03,0.36260804533958435,0.36604617140401213,0.35527335454310077,0.35573179321072884,817448000
2011-01-04,0.36146196722984314,0.36490009295100934,0.3534396738804553,0.36329563974589063,651384000
2011-01-05,0.38919615745544434,0.3896545960362463,0.3644416490151911,0.36810896639506335,1428216000
2011-01-06,0.4430602490901947,0.44328946841793804,0.3981353647848239,0.3992814067759478,3493312000
2011-01-07,0.4554376006126404,0.4568128621779835,0.42816177994121163,0.4380177482960338,2579984000
2011-01-10,0.4728573262691498,0.47377414885126323,0.44374784041583043,0.44718596608444666,1750348000
2011-01-11,0.46552276611328125,0.483859496106103,0.45543760560293167,0.4792753272697983,2711088000
2011-01-12,0.5352020263671875,0.5356604102871736,0.4641473818966081,0.465751834911724,3431896000
2011-01-13,0.5361189246177673,0.546433329341213,0.5129688393119048,0.529471865010382,2695192000
2011-01-14,0.5407029986381531,0.5496421405628259,0.523741591894605,0.5269504978221551,1595352000
2011-01-18,0.528096616268158,0.5370357599538437,0.5150317433839356,0.5333684147509271,1813348000
2011-01-19,0.513656497001648,0.5409323128455212,0.5125104823317639,0.5283258782388324,1197896000
2011-01-20,0.5141146183013916,0.5170943311103793,0.4994452461194341,0.5086136310569371,1111408000
2011-01-21,0.509301483631134,0.5269505782205962,0.5083846610330346,0.5196158881406227,739244000
2011-01-24,0.5668329000473022,0.5741675903816367,0.52672140449922,0.5326807789173272,2056900000
2011-01-25,0.5494128465652466,0.5702707858678638,0.54574550276595,0.5643113590249531,1086856000
2011-01-26,0.5624778866767883,0.5730214828353196,0.551246659929867,0.5551431968323526,1074660000
2011-01-27,0.5608735084533691,0.5718754900423186,0.5501007188753076,0.5705002833293957,657396000
2011-01-28,0.5445995330810547,0.5716461507088921,0.531763854770181,0.5622486249132437,1094796000
2011-01-31,0.5482668280601501,0.5558307082633304,0.5365772198586787,0.5455163609438144,750160000
2011-02-01,0.5608735084533691,0.5649992378873266,0.5494130881950491,0.5530804336072304,654104000
2011-02-02,0.5863155126571655,0.599838821103893,0.5576644428493637,0.5576644428493637,1606616000
2011-02-03,0.5753136277198792,0.5872324863218189,0.5627071384564742,0.5872324863218189,1030776000
2011-02-04,0.5883784294128418,0.5929625968331904,0.5810437943288359,0.5833358780390101,872900000
2011-02-07,0.5638532042503357,0.5828775067050446,0.5617903122788345,0.5803562307271604,934236000
2011-02-08,0.5471210479736328,0.5682082447972896,0.5445997170615008,0.5645408990913147,1076584000
2011-02-09,0.5338267683982849,0.5546847670105428,0.5239708036430337,0.5491837227582482,1277520000
2011-02-10,0.5230540633201599,0.5319932069868646,0.518011456845908,0.5219079940383607,1042352000
2011-02-11,0.5379526615142822,0.5549141287351942,0.5127397346857474,0.5212204409724037,1359276000
2011-02-14,0.5297009944915771,0.5615609695846822,0.5276381030736385,0.5443703170636819,1287828000
2011-02-15,0.5168654918670654,0.5324516421342411,0.514573353083261,0.5306179966843133,886980000
2011-02-16,0.5358896851539612,0.5434535667084227,0.5219079365530187,0.5237416362724069,1318364000
2011-02-17,0.5886077284812927,0.5961716108635579,0.5182406484789203,0.5207619790380694,3470096000
2011-02-18,0.5874619483947754,0.5947966423905853,0.5782936082238221,0.5853990554620255,1394412000
2011-02-22,0.5319929718971252,0.5698123671225006,0.5301592727860835,0.5682079145550685,1396648000
2011-02-23,0.5067802667617798,0.5370357985508298,0.4992163838145172,0.5319932463510517,1491604000
2011-02-24,0.519157350063324,0.5280964360508814,0.5056340431508307,0.5093013324546631,1246120000
2011-02-25,0.5299302339553833,0.5386401296440093,0.5258044507495214,0.5331391400171096,775652000
2011-02-28,0.5193867087364197,0.5388694489940984,0.507467850729596,0.5386402023533278,903696000
2011-03-01,0.4962366819381714,0.5269506532017926,0.4962366819381714,0.520303592786463,988448000
2011-03-02,0.4756079316139221,0.5049466418916353,0.4641475107197211,0.49554905850507225,1718140000
2011-03-03,0.47835832834243774,0.4893603635450167,0.46391819470927037,0.4866098410824747,1593704000
2011-03-04,0.47583702206611633,0.48363009568115656,0.4705652241153337,0.47881673632732336,959760000
2011-03-07,0.46918997168540955,0.48087963697264463,0.45727114174302963,0.4792751838249039,1019140000
2011-03-08,0.4481028914451599,0.4767539435081,0.4382468967469503,0.4742326673208404,1947184000
2011-03-09,0.43870529532432556,0.45108256507803257,0.43480873074102394,0.44672758916840016,1318976000
2011-03-10,0.410741925239563,0.4318290960683029,0.4102834865045764,0.42862018886620373,1722736000
2011-03-11,0.41372138261795044,0.4251818254565548,0.40478226944590634,0.4141798210975719,1486832000
2011-03-14,0.41715970635414124,0.42747408456423647,0.41028342689028063,0.4169304870199536,1003360000
2011-03-15,0.40478241443634033,0.4116586662082602,0.3898838416067183,0.39676009337863816,1256280000
2011-03-16,0.4018027186393738,0.4205978295529461,0.3965309199032205,0.4011150879653021,1476520000
2011-03-17,0.40936651825904846,0.4132630548556226,0.39423875579730017,0.4125754243212174,1238516000
2011-03-18,0.40386566519737244,0.417159788060553,0.40340725376300823,0.41578452643365776,886960000
2011-03-21,0.4070744514465332,0.4167011973530161,0.40294869539409983,0.41257544130058266,751832000
2011-03-22,0.3999689519405365,0.4098249164222122,0.39813527968193324,0.4059283799500494,718332000
2011-03-23,0.408220499753952,0.4093665416020467,0.3905714334342592,0.39928135694453754,782396000
2011-03-24,0.44076812267303467,0.44581072880754036,0.416013612583238,0.41693043515835154,1780592000
2011-03-25,0.42701563239097595,0.44581074163577783,0.4263280017779573,0.4446646997220116,1196392000
2011-03-28,0.4428310692310333,0.4501657327106224,0.43320429438253827,0.43710083179446396,1204284000
2011-03-29,0.43939295411109924,0.44443553367121813,0.4334335245158146,0.44283108026442547,715764000
2011-03-30,0.4228898882865906,0.4446647126026991,0.41738887054688695,0.44283104002279783,1176320000
2011-03-31,0.42311909794807434,0.428161704584294,0.4153260233128563,0.42357753660503716,655112000
2011-04-01,0.41715970635414124,0.4290785379321585,0.41142946891362453,0.42862012658758036,850072000
2011-04-04,0.4022611081600189,0.41830572283075557,0.3992813936165422,0.4171596808774026,924328000
2011-04-05,0.40294867753982544,0.41142938124062667,0.4020318277222469,0.4082204751885801,821076000
2011-04-06,0.4001982808113098,0.4063869024704979,0.39676012730754084,0.4059284911112614,856984000
2011-04-07,0.4148675501346588,0.41738885324297037,0.39951059414676393,0.4011150473412376,1021208000
2011-04-08,0.4022611081600189,0.4180765035105668,0.401115066206666,0.4180765035105668,746552000
2011-04-11,0.3969893157482147,0.4059284595146132,0.3926343671887511,0.40386556757292313,546208000
2011-04-12,0.39813533425331116,0.400885829356324,0.3857580653040621,0.393092755343822,840756000
2011-04-13,0.4070744514465332,0.40959572707805897,0.39721848624455136,0.4022610648313955,749588000
2011-04-14,0.4242650866508484,0.4244943059505375,0.401115030333967,0.40340711403568624,1254704000
2011-04-15,0.4288492798805237,0.4341210778408272,0.41899328720899687,0.42105617892761626,969720000
2011-04-18,0.41463837027549744,0.4215146218733099,0.40799131067000177,0.4187641266989439,743584000
2011-04-19,0.41303399205207825,0.41647211847543986,0.40180276267481707,0.41486763761883116,659860000
2011-04-20,0.42564040422439575,0.4343503289102772,0.41876415220772034,0.4281617075600287,650516000
2011-04-21,0.4244944155216217,0.43297514926607594,0.42357759273379963,0.4302246262550097,421300000
2011-04-25,0.4311414957046509,0.43824694093847294,0.42609888817405295,0.4263281075431897,619612000
2011-04-26,0.4423726797103882,0.4467276562742094,0.43045384681640414,0.4348087960564252,676000000
2011-04-27,0.4423726797103882,0.4446647913339468,0.4332043425113543,0.4446647913339468,450004000
2011-04-28,0.4471859931945801,0.45612513686918393,0.4373300268822815,0.44237260603719375,684000000
2011-04-29,0.4584171772003174,0.468502334551232,0.4494780343756588,0.45016566495044685,836000000
2011-05-02,0.45222869515419006,0.46827328596797746,0.44993661075222047,0.4680440939220613,613824000
2011-05-03,0.4306829273700714,0.4483319937688011,0.42518193740409926,0.4469567599392046,808000000
2011-05-04,0.42747408151626587,0.4368716369701985,0.41945178741005895,0.43205824957695554,639356000
2011-05-05,0.4277031719684601,0.4327457498509727,0.41830561934630434,0.4240358276954752,544000000
2011-05-06,0.4428310692310333,0.44695682597698877,0.43320429438253827,0.43664242045020163,841080000
2011-05-09,0.45268696546554565,0.4549790491530639,0.4430601921189346,0.4442062339626937,706328000
2011-05-10,0.45337480306625366,0.45681293016752217,0.44879060627409034,0.45635451868544746,690976000
2011-05-11,0.4554376006126404,0.4602509614437387,0.449248978216199,0.4556668199814647,616000000
2011-05-12,0.4698776602745056,0.4703360989365613,0.4526870301613194,0.4538330721688651,1224000000
2011-05-13,0.4185349643230438,0.44122661407722114,0.41532605740368883,0.4400805719883374,2025192000
2011-05-16,0.4056991934776306,0.41830568102851334,0.40547000150414103,0.4173888311631766,728188000
2011-05-17,0.40409475564956665,0.4045531669376743,0.392405117521957,0.40432397495551736,1420364000
2011-05-18,0.4134924113750458,0.41693053786435474,0.40432407407022186,0.40569930827166517,658844000
2011-05-19,0.40753287076950073,0.41693042489004,0.40134425023041553,0.41670120559001006,650884000
2011-05-20,0.41463837027549744,0.4155551928923545,0.4047824041872073,0.4066160767447163,575820000
2011-05-23,0.41418009996414185,0.41715981546898784,0.40340728026786743,0.4086790804189328,588000000
2011-05-24,0.4157845377922058,0.43251676053211613,0.41509690695997326,0.41624294923909305,720372000
2011-05-25,0.4208269715309143,0.4235774939001995,0.409595744719783,0.41372150094991705,545312000
2011-05-26,0.4313705563545227,0.4350379012008296,0.41968091856523837,0.4208269604142352,706436000
2011-05-27,0.4469567537307739,0.4476443569741245,0.4327458130891215,0.4332042243592861,658824000
2011-05-31,0.4593340754508972,0.459563322111998,0.44466474828222363,0.45566675732062756,1200716000
2011-06-01,0.43870529532432556,0.4579588169443822,0.437788445347868,0.457271186292988,762208000
2011-06-02,0.43664243817329407,0.4426018678619862,0.43137063919080454,0.4393929609981047,607592000
2011-06-03,0.42311909794807434,0.43549636788634566,0.4210562332869273,0.43159983056873663,549300000
2011-06-06,0.41418009996414185,0.4263281540538653,0.4137216611758545,0.4224316156200532,435988000
2011-06-07,0.41395068168640137,0.4196808905488572,0.41211700938565726,0.4173888070038749,433956000
2011-06-08,0.40271952748298645,0.414409166569104,0.39951062087932077,0.4118878906158798,569288000
2011-06-09,0.39813533425331116,0.4034071324729657,0.38369520080775105,0.4024903098798929,741632000
2011-06-10,0.392405241727829,0.4013443876324579,0.38919630704778174,0.39882308376412096,493548000
2011-06-13,0.3896546959877014,0.39744777132727216,0.38690417309251274,0.39240519155909115,574760000
2011-06-14,0.39286360144615173,0.4015735268257391,0.3912591479792327,0.3930928207944825,534576000
2011-06-15,0.38438287377357483,0.38988386458581153,0.37636055224305065,0.3875917805267467,935916000
2011-06-16,0.37108877301216125,0.3905715158654506,0.3655877819098246,0.38461208606808694,1024908000
2011-06-17,0.3623788356781006,0.375672956270614,0.35091841515744887,0.3754437369306818,1467884000
2011-06-20,0.35802388191223145,0.36673380685354007,0.35527335916586217,0.35916992394861946,745960000
2011-06-21,0.3658168911933899,0.3685674134462462,0.35596092598410156,0.3593990514763794,704276000
2011-06-22,0.36077427864074707,0.3681089402023879,0.36008664814226415,0.36329558136058765,651720000
2011-06-23,0.3715471923351288,0.3740684684073271,0.3529812731923025,0.35619020727118755,744024000
2011-06-24,0.36077427864074707,0.3729223263679781,0.3584821951949974,0.36971342047344463,529052000
2011-06-27,0.3532104790210724,0.3630664455688024,0.34060398984696466,0.3607743615960185,1142152000
2011-06-28,0.3552733063697815,0.35939906255242193,0.35068913890546843,0.353210441940358,692200000
2011-06-29,0.36077427864074707,0.36444162308346245,0.3451881057448915,0.3575653454224236,960544000
2011-06-30,0.3653585612773895,0.3692550989048243,0.3561902245898732,0.36169121567286355,652300000
2011-07-01,0.37017181515693665,0.3715470760924497,0.35802376797253355,0.3653584292064296,540804000
2011-07-05,0.36398324370384216,0.37315157828897527,0.3607743102047702,0.36971345281955037,535296000
2011-07-06,0.3591699004173279,0.3644416989040864,0.3548149245700944,0.36375406826254475,529580000
2011-07-07,0.3605450987815857,0.3628371824779068,0.354127258967128,0.3610035373798843,986136000
2011-07-08,0.35366880893707275,0.35802378387713407,0.35068909499361817,0.35550248115795174,619516000
2011-07-11,0.3412916958332062,0.34839716864666936,0.3403748729712507,0.34702193435373613,714388000
2011-07-12,0.3367074131965637,0.3428960610586582,0.33097720393447105,0.33968712747761054,867604000
2011-07-13,0.33601975440979004,0.34358363546548476,0.33281084842193936,0.34129155195307975,634368000
2011-07-14,0.32272568345069885,0.339457899534753,0.3211212303629221,0.337395035182439,1088996000
2011-07-15,0.323184072971344,0.3266221982097445,0.3165370417732859,0.3245593339962204,827736000
2011-07-18,0.31630784273147583,0.32249646309177793,0.312182086716677,0.32066281803968266,818200000
2011-07-19,0.32593464851379395,0.3266222518152917,0.31722469702514533,0.31722469702514533,602224000
2011-07-20,0.3218088448047638,0.3289142873587174,0.3208919949978146,0.32708064239240103,662956000
2011-07-21,0.3369366526603699,0.33922873650237556,0.317453912679527,0.32226729967725676,1143420000
2011-07-22,0.3438129425048828,0.34495898455361385,0.33556142882450024,0.3399164050039568,737192000
2011-07-25,0.33831191062927246,0.3399163912918097,0.33349855061305056,0.3385411299592911,566920000
2011-07-26,0.33006033301353455,0.3369365831203693,0.3252469470092346,0.328685072062652,698276000
2011-07-27,0.3176831901073456,0.32708074650819097,0.3167663400085462,0.325476265666242,652212000
2011-07-28,0.3169955313205719,0.3236425641607762,0.31149451318583293,0.31653711997362627,648176000
2011-07-29,0.3169955313205719,0.31997524606141414,0.31218214386814996,0.31378659724435815,677656000
2011-08-01,0.3339570164680481,0.3348738392902015,0.32157974442617066,0.3243302402164319,1019620000
2011-08-02,0.33051881194114685,0.3525228277208419,0.33051881194114685,0.33166485386042693,1356432000
2011-08-03,0.33945780992507935,0.3406038514457881,0.32799739471799194,0.3312063273702475,765236000
2011-08-04,0.30713945627212524,0.33326922173430273,0.30713945627212524,0.33326922173430273,979732000
2011-08-05,0.2968251407146454,0.318141553947472,0.28880284699905917,0.314245016750375,1270588000
2011-08-08,0.2734457850456238,0.2924701089442634,0.2716121129678451,0.2823849261783745,1084180000
2011-08-09,0.29636678099632263,0.29682519239512567,0.27505039137587733,0.2787177098901021,1329832000
2011-08-10,0.28284329175949097,0.2959081861296333,0.2812388391965668,0.2876566767720469,1140052000
2011-08-11,0.3073686957359314,0.31149445169154205,0.28284337929238706,0.28284337929238706,1078792000
2011-08-12,0.29522067308425903,0.3406039652575547,0.2904072861593898,0.3401455539608515,3195784000
2011-08-15,0.30645203590393066,0.3071396668155285,0.29659606570117886,0.29820051961236954,864152000
2011-08-16,0.2977420389652252,0.3071395954857004,0.2922410202738007,0.30301383829808204,716868000
2011-08-17,0.29361629486083984,0.30370148258260343,0.28971975685816354,0.298658875059821,553328000
2011-08-18,0.2736750841140747,0.2830726391759473,0.27046615021118847,0.2803221439190418,802564000
2011-08-19,0.2688617706298828,0.28398953967582263,0.2670280975146472,0.2690909900157135,761332000
2011-08-22,0.2736750841140747,0.2796345132738665,0.27069536953417883,0.2764255793709802,611876000
2011-08-23,0.30324292182922363,0.3034721411057742,0.27986364857267865,0.2803220871257797,938312000
2011-08-24,0.29888802766799927,0.3034721954292841,0.29109492607953796,0.3025553728065452,687500000
2011-08-25,0.2860523760318756,0.2982004272966707,0.28559396467399234,0.29292862837151834,690968000
2011-08-26,0.298200398683548,0.3011801132095745,0.2798637002134912,0.28490630663774935,732660000
2011-08-29,0.30622273683547974,0.3073687789487581,0.2995757035079852,0.3066811755398305,601528000
2011-08-30,0.3135572671890259,0.3160785421491326,0.30209682461806847,0.3041597157568306,684760000
2011-08-31,0.30507656931877136,0.3190582882830228,0.3025552941002229,0.3158493826144019,705808000
2011-09-01,0.30438899993896484,0.3158494459840035,0.3041598079588161,0.3092023867314052,762312000
2011-09-02,0.2961374819278717,0.301638471372924,0.29384537111467773,0.2975127156272395,471356000
2011-09-06,0.302096962928772,0.30278459362318105,0.2837602901381174,0.286510785591956,696248000
2011-09-07,0.3266223073005676,0.3355614523003296,0.31768318962460534,0.3266223073005676,1606620000
2011-09-08,0.3250178098678589,0.3312064583867802,0.3197460113224573,0.3234133565689443,880164000
2011-09-09,0.3181416690349579,0.33097735455271265,0.31539117280224055,0.3222674270459366,869828000
2011-09-12,0.3257054090499878,0.32845590405722414,0.313786551812308,0.313786551812308,916480000
2011-09-13,0.33304011821746826,0.33464459891018566,0.3234133706801496,0.3284559501212406,853836000
2011-09-14,0.35023069381713867,0.3545856688821402,0.3415207710109264,0.34174999029153363,1547192000
2011-09-15,0.3552733063697815,0.35985750115788795,0.3520644000742797,0.358023828707404,752908000
2011-09-16,0.35435643792152405,0.36902578830209676,0.35252276570847874,0.3559608908615175,1391588000
2011-09-19,0.34702181816101074,0.3509183550053543,0.3380826752929122,0.3483970519934768,968204000
2011-09-20,0.3380826711654663,0.35275202313256704,0.3364782180519471,0.3513767619930976,792436000
2011-09-21,0.3316648602485657,0.3458757748565935,0.3314356409307769,0.33991637315583095,715252000
2011-09-22,0.3096609115600586,0.3190584692868358,0.3037015080341297,0.3186000578346572,1314632000
2011-09-23,0.31607863306999207,0.32501777592842573,0.3059934756809723,0.30782714811273765,1011440000
2011-09-26,0.3167663812637329,0.32089213893616353,0.3025554624576305,0.31997531604175816,972124000
2011-09-27,0.31722477078437805,0.3275391779144249,0.3147034943371322,0.3247886820975197,781388000
2011-09-28,0.3075978755950928,0.3259345694165371,0.30255529777299506,0.31791225050002425,1236532000
2011-09-29,0.30003413558006287,0.31837083798088595,0.2922410322780479,0.3130990384314819,866416000
2011-09-30,0.28673994541168213,0.29682510242360954,0.2862815068280374,0.29522064935222914,677784000
2011-10-03,0.2706952691078186,0.2920116745810131,0.2706952691078186,0.28307253415769423,949896000
2011-10-04,0.29567909240722656,0.29567909240722656,0.2629022602844039,0.26404830221916853,1361548000
2011-10-05,0.30622273683547974,0.3089732597663871,0.28903210513630495,0.29499150773107263,856708000
2011-10-06,0.3183707892894745,0.31928761197358685,0.30736875313734385,0.30782719180319706,773192000
2011-10-07,0.3243301808834076,0.3291435681286537,0.31309898040956147,0.31974601296366695,806976000
2011-10-10,0.3387703597545624,0.3387703597545624,0.3291435847771362,0.3298312154646377,534376000
2011-10-11,0.33510294556617737,0.34152078512674433,0.3339569037633544,0.336019768078919,816080000
2011-10-12,0.33487382531166077,0.3417501054859811,0.3346446332775901,0.34152088612811043,612064000
2011-10-13,0.35435643792152405,0.3550440684168898,0.33235242601255993,0.3332692484571877,854832000
2011-10-14,0.3603159785270691,0.3642125161216616,0.351606053282581,0.3605451705480461,702452000
2011-10-17,0.3424376845359802,0.3561902165818635,0.3406040117749426,0.3561902165818635,611780000
2011-10-18,0.3548150062561035,0.35573185643050287,0.33854119572948577,0.3406040608052308,590916000
2011-10-19,0.34770938754081726,0.3614619157922316,0.34679256507515854,0.35527326851576846,557568000
2011-10-20,0.33028969168663025,0.33968724917271376,0.31722478802944026,0.33831198752759817,990308000
2011-10-21,0.3318939805030823,0.33991629968231524,0.32639299130315086,0.3344152831585946,628428000
2011-10-24,0.34427133202552795,0.34954313058010666,0.3325816929403228,0.33326932359071065,535256000
2011-10-25,0.3312065005302429,0.34220851034582855,0.33051886979355644,0.33945798739908256,577996000
2011-10-26,0.33510294556617737,0.33945789348738786,0.325476172563431,0.33762424846190464,503116000
2011-10-27,0.34954318404197693,0.35298131049597403,0.33968721607575847,0.3474803190990987,577732000
2011-10-28,0.3575654923915863,0.36077442692886935,0.34564665903948083,0.3465634818651039,490156000
2011-10-31,0.33922886848449707,0.3481680153405063,0.33922886848449707,0.3461051226858248,519984000
2011-11-01,0.3222673535346985,0.3277683447453219,0.3190584192253354,0.32685152198481776,790824000
2011-11-02,0.3167663812637329,0.327080789106711,0.310119346969786,0.32547630805579675,961608000
2011-11-03,0.3357906639575958,0.33647829468393653,0.3117237524784652,0.3202044585732032,749372000
2011-11-04,0.33968719840049744,0.34083324049219677,0.32753914676372514,0.3328109458503017,654840000
2011-11-07,0.33785346150398254,0.34289606761000213,0.33006038768815993,0.337165830914635,613536000
2011-11-08,0.34564653038978577,0.34770939464153977,0.3367073882100059,0.34220840508766837,549728000
2011-11-09,0.3282266855239868,0.34197918677132977,0.3268514244697361,0.3376242389725209,532244000
2011-11-10,0.3316648602485657,0.3396871538380421,0.32341334734130045,0.33624902801398077,990484000
2011-11-11,0.34335458278656006,0.3461050786523966,0.32249657610954446,0.341062498344396,1751560000
2011-11-14,0.3367074131965637,0.34679259789212263,0.3357905906441461,0.34335447233486704,500292000
2011-11-15,0.34106236696243286,0.34358364248330187,0.3325816359342798,0.3334984857522432,505660000
2011-11-16,0.3341860771179199,0.34358363030720984,0.3330400353789231,0.33464451567255094,512420000
2011-11-17,0.3222673535346985,0.3344154053922745,0.3163079236200237,0.3334985826317703,657504000
2011-11-18,0.31928756833076477,0.32410095507391445,0.3158494427495988,0.32410095507391445,501352000
2011-11-21,0.3353321850299835,0.3385410913414202,0.3094316059394447,0.31424499273039325,1330788000
2011-11-22,0.34564653038978577,0.3474802026823399,0.3371657994521967,0.3389994717447508,1287480000
2011-11-23,0.33097726106643677,0.34450057365359116,0.3307480417268689,0.3419792702135359,825340000
2011-11-25,0.3218088448047638,0.33418608494635466,0.3208919949978146,0.32662220382703094,406620000
2011-11-28,0.3399163484573364,0.3449589271681377,0.33235246672923796,0.33235246672923796,690616000
2011-11-29,0.3417501151561737,0.34610506448854467,0.3362490963258201,0.3394580034840092,623440000
2011-11-30,0.35825303196907043,0.35916988188508414,0.34908469675169923,0.35206441116210374,730324000
2011-12-01,0.36260804533958435,0.36352486802724626,0.3536689011777939,0.35527335454310077,529760000
2011-12-02,0.3603159785270691,0.36787986169527714,0.35687785229822894,0.3665046002742217,546464000
2011-12-05,0.3548150062561035,0.3667338672566809,0.35183529100595917,0.3662754558313822,644696000
2011-12-06,0.3497723340988159,0.3575654082542573,0.3461049890116701,0.3568778049587379,573832000
2011-12-07,0.34770938754081726,0.3502306903070645,0.340374725844176,0.34748019558629784,510016000
2011-12-08,0.3367074131965637,0.3500015041493773,0.3355613713441452,0.34427129488728464,491488000
2011-12-09,0.3415207862854004,0.34427128115674854,0.32960192963657176,0.334186096863416,555840000
2011-12-12,0.33304011821746826,0.33556142159991237,0.32685149675232034,0.3341861602415252,573208000
2011-12-13,0.3238716423511505,0.34152070376927723,0.3218087785270038,0.33739494879719845,516596000
2011-12-14,0.31126531958580017,0.32295495915414296,0.3078271935155579,0.32112128645192095,636020000
2011-12-15,0.3085147738456726,0.3185999592933233,0.30782717054197867,0.3165370947346513,435148000
2011-12-16,0.3096609115600586,0.31699560409013033,0.3082856772035228,0.31103617324039795,619116000
2011-12-19,0.30163857340812683,0.31470347557622036,0.3004925312757537,0.31103612982310647,463276000
2011-12-20,0.3185998499393463,0.3197458914838704,0.30851466795326266,0.30851466795326266,445208000
2011-12-21,0.3144741356372833,0.32020434410194004,0.308285515960212,0.316766219023146,548424000
2011-12-22,0.3279975354671478,0.32891435814762454,0.3153910733297107,0.3153910733297107,576560000
2011-12-23,0.32478857040405273,0.3300603681790553,0.32203804820923954,0.3296019295973918,248948000
2011-12-27,0.3222673535346985,0.32730993336506986,0.32135050345039506,0.3234133956472283,195712000
2011-12-28,0.31424498558044434,0.3229549090724748,0.31401576628178846,0.32226727850030007,233960000
2011-12-29,0.3202044665813446,0.32089209732488255,0.3128698024058054,0.31745397093099237,211112000
2011-12-30,0.3176831901073456,0.32249655066179345,0.31722475139604606,0.3190584242698451,186956000
2012-01-03,0.3218088448047638,0.3300603564483517,0.32112121428049967,0.32776824559287415,468044000
2012-01-04,0.3254762589931488,0.32685152045125165,0.31905841772833404,0.3220381326716908,347372000
2012-01-05,0.33716586232185364,0.3387703429543875,0.3224965085698894,0.3238717698766909,563548000
2012-01-06,0.3332691490650177,0.3371656842782913,0.3293726138517441,0.3369364923973821,533252000
2012-01-09,0.3332691490650177,0.3396869862347645,0.33097706631323537,0.3334983682697086,508244000
2012-01-10,0.3318939805030823,0.3385410387204378,0.32960189711581267,0.3383118194521951,546328000
2012-01-11,0.32524698972702026,0.33189402144046287,0.32387172859551155,0.3289143072047224,484272000
2012-01-12,0.323184072971344,0.3261637869760492,0.31607860321580006,0.32593459502109684,652364000
2012-01-13,0.31470340490341187,0.3215796561534539,0.31309895174316077,0.32089202556369095,504300000
2012-01-17,0.30989009141921997,0.31951686730602,0.30943168002551524,0.31951686730602,627176000
2012-01-18,0.3204335868358612,0.32295488967446456,0.31424496670558816,0.3158494197284306,632676000
2012-01-19,0.3289143145084381,0.3293727531116493,0.31974597962490603,0.3231841052062306,608312000
2012-01-20,0.32593464851379395,0.3323524888102016,0.324788606579571,0.3284559243748075,546272000
2012-01-23,0.33487382531166077,0.33510304466953145,0.3220381423945028,0.32616389956957503,562792000
2012-01-24,0.3424376845359802,0.34381294593770795,0.3323525253359702,0.33258171735372616,730920000
2012-01-25,0.34037482738494873,0.34129165012411444,0.3236425801428862,0.3332693555231193,1274152000
2012-01-26,0.33716586232185364,0.3493139401097432,0.3353322170111797,0.3454173755150708,799672000
2012-01-27,0.3417501151561737,0.34358376077582414,0.33235255839836175,0.3351030541516382,449996000
2012-01-30,0.33922886848449707,0.34083332233337915,0.330748133110482,0.33579074138383325,399076000
2012-01-31,0.33854109048843384,0.34037476294340335,0.33258166184073135,0.3401455436401096,357900000
2012-02-01,0.3422084152698517,0.3461049519300987,0.33762424806396296,0.34243760723587097,428020000
2012-02-02,0.3550441861152649,0.35641942023810136,0.34060402289699016,0.3440421765135786,696236000
2012-02-03,0.36260804533958435,0.3655877600601812,0.3596283306189875,0.3603159612966325,495232000
2012-02-06,0.3598574101924896,0.3612326436898735,0.35664847738435423,0.3607742325240789,278868000
2012-02-07,0.36077427864074707,0.36283714281240576,0.3543564395278901,0.36031586741635513,410296000
2012-02-08,0.3738393187522888,0.3809447637504146,0.358940743347637,0.3607744162685019,847612000
2012-02-09,0.37360984086990356,0.3804860890722485,0.37292221058491276,0.3784232255410576,561944000
2012-02-10,0.36444172263145447,0.3713179748469656,0.3623788305725227,0.3699427134743444,440268000
2012-02-13,0.37017181515693665,0.37498520110744366,0.36260793465919217,0.3736099401719306,610668000
2012-02-14,0.3722347319126129,0.37544366544165425,0.36696293401216784,0.3701718675412091,453756000
2012-02-15,0.37063029408454895,0.3873625383368115,0.36971347150920564,0.3756729002203185,1110856000
2012-02-16,0.3770480751991272,0.38002778908933693,0.34381283851452904,0.34518809948656104,1888588000
2012-02-17,0.3632955849170685,0.3797985804232639,0.35985745971478655,0.3772773050025313,1020360000
2012-02-21,0.36512935161590576,0.3740684685248862,0.3623788288834835,0.36306645956658906,518176000
2012-02-22,0.36260804533958435,0.37223479285522265,0.3621496339957534,0.36329567601722934,492432000
2012-02-23,0.36467087268829346,0.36673376450988565,0.3575654019535774,0.36329563879769294,323968000
2012-02-24,0.36192044615745544,0.3662754226123267,0.36031599265252373,0.36581698390480377,366668000
2012-02-27,0.35458576679229736,0.3589407157360204,0.34954315981687284,0.3573362623001118,745268000
2012-02-28,0.35137683153152466,0.3587115226285267,0.34770948598302365,0.3545857657174126,699884000
2012-02-29,0.34725114703178406,0.35848237803871374,0.3470219549645838,0.35252294711064464,689196000
2012-03-01,0.34954318404197693,0.35366894125153353,0.3472510997393122,0.3486263612504311,449944000
2012-03-02,0.3525228202342987,0.3575653991072826,0.34839706394775044,0.34839706394775044,684076000
2012-03-05,0.34060391783714294,0.3506891015794798,0.33808264239440156,0.3500014710682629,514848000
2012-03-06,0.3373950719833374,0.33945793656065554,0.33143564292295896,0.33670744134963293,471400000
2012-03-07,0.33945780992507935,0.3408330706794439,0.33464445193237374,0.3392286180152087,441984000
2012-03-08,0.34060391783714294,0.3440420703932275,0.3385410536272827,0.3403747258825976,430852000
2012-03-09,0.33968719840049744,0.34404217474323406,0.3378535255890188,0.3415208712119761,367836000
2012-03-12,0.3344152867794037,0.34335442848081543,0.3334984643440848,0.34106234506872873,299948000
2012-03-13,0.338999480009079,0.34083315234633543,0.33418609353925466,0.3357905739117239,553288000
2012-03-14,0.3293728530406952,0.33968723291396774,0.3282268108325538,0.3389996021243226,735708000
2012-03-15,0.3341860771179199,0.3360197493650729,0.32914349893109207,0.33028954067008887,382380000
2012-03-16,0.334644615650177,0.33601984975356064,0.3325817235094038,0.3344153963043805,428340000
2012-03-19,0.33556148409843445,0.33808278795047286,0.33395703043068375,0.33647833428272217,405400000
2012-03-20,0.33006033301353455,0.333727650009573,0.3270806191691484,0.333727650009573,449616000
2012-03-21,0.3314357101917267,0.33441542532668406,0.32639313006076853,0.33006047596899313,467840000
2012-03-22,0.33097726106643677,0.3337277565222621,0.32799754627104355,0.3289143689817194,425372000
2012-03-23,0.3334985375404358,0.33441536017697915,0.32776830042875554,0.330060411667705,315456000
2012-03-26,0.3373950719833374,0.33899952524611765,0.33349853482407243,0.33670744134963293,288600000
2012-03-27,0.33968719840049744,0.3438129553953747,0.3380827449368782,0.3387703756566575,419968000
2012-03-28,0.3474802076816559,0.35206437481709973,0.34152077947606235,0.34404208233007305,892448000
2012-03-29,0.34908464550971985,0.3518351402064285,0.3426668063348729,0.34702178131813594,372700000
2012-03-30,0.3529811203479767,0.35504401150339276,0.3470217207656075,0.3520642980503154,527240000
2012-04-02,0.35137683153152466,0.35504417708002567,0.34633425189518446,0.3520644622373434,407776000
2012-04-03,0.34564653038978577,0.35435645328657467,0.3438128580972316,0.3538980420443839,430476000
2012-04-04,0.3357906639575958,0.3447297814286279,0.33372777177857366,0.34037483236813515,495896000
2012-04-05,0.3353321850299835,0.3403747638010098,0.33418611583442065,0.33624900759788157,369424000
2012-04-09,0.33097726106643677,0.3321233031166805,0.3245594201203124,0.3300604383557609,365504000
2012-04-10,0.3245593309402466,0.3341860760523668,0.3229548779755249,0.3296019091109962,470360000
2012-04-11,0.3286851644515991,0.3357906358220957,0.3277683144520336,0.3289143564586429,372960000
2012-04-12,0.3364782929420471,0.33831193843773116,0.32776834021855344,0.3291436016641153,384868000
2012-04-13,0.3245593309402466,0.33533214511149967,0.32433011166366194,0.3334984728701934,311324000
2012-04-16,0.32066282629966736,0.32776826936904685,0.31539102832961613,0.3268514468193827,463468000
2012-04-17,0.3213505148887634,0.32547627210548563,0.3202044727354406,0.3215797342489481,460696000
2012-04-18,0.31791236996650696,0.3208920848568638,0.314015832336255,0.31928763140014815,400764000
2012-04-19,0.3130989968776703,0.3257054593200208,0.3114945161623331,0.3137866002427605,667188000
2012-04-20,0.3069104254245758,0.31584957198756475,0.3062227945622221,0.31493272172982506,509592000
2012-04-23,0.30324292182922363,0.3046181828409464,0.2959082601888796,0.3016384688647406,706244000
2012-04-24,0.2938452661037445,0.3066809673106404,0.29224081369930033,0.30415966544381323,730440000
2012-04-25,0.29980480670928955,0.30209689025674075,0.2926993367826743,0.2982003536908319,727112000
2012-04-26,0.30003413558006287,0.30255543933267387,0.2975128318274519,0.2995757241678976,539208000
2012-04-27,0.29751282930374146,0.30140939458359617,0.2943039221220033,0.2995757216266882,475356000
2012-04-30,0.2979711592197418,0.2995756396956017,0.29384540302600426,0.29590829478476977,262268000
2012-05-01,0.30324292182922363,0.3064518550819799,0.29636667141819045,0.29636667141819045,408680000
2012-05-02,0.2945330739021301,0.30324299876396194,0.29292862053058677,0.3020969567380314,684008000
2012-05-03,0.28949037194252014,0.2970542515774411,0.2876567000122688,0.29522057964718973,419536000
2012-05-04,0.281009703874588,0.28926121569571484,0.281009703874588,0.28765676265377116,545092000
2012-05-07,0.28582319617271423,0.29086580377737553,0.283531111742887,0.28605241554521765,604440000
2012-05-08,0.2855938971042633,0.2874275421019674,0.278259207818281,0.2833017862095502,462312000
2012-05-09,0.28673994541168213,0.2890320290347376,0.2778008028874904,0.2805512977703986,520608000
2012-05-10,0.2846769392490387,0.2899487349263131,0.28009277384684894,0.2894903238508504,597092000
2012-05-11,0.3027845621109009,0.31355737811326867,0.3016385201807592,0.30828557976985793,1435140000
2012-05-14,0.3009509742259979,0.30553514323625247,0.2940747207106161,0.3002633434096992,437472000
2012-05-15,0.2979711592197418,0.3075979327797273,0.2965959253710249,0.3009508735443186,599940000
2012-05-16,0.2920118570327759,0.3018678259184313,0.29109500683189937,0.29842969914370054,470484000
2012-05-17,0.28994888067245483,0.2959083096203895,0.28994888067245483,0.2931578144612638,335364000
2012-05-18,0.2768840193748474,0.29201181316436536,0.2755087852658357,0.290636551731555,567288000
2012-05-21,0.28169742226600647,0.2830726837730246,0.27550880013202506,0.2773424730334492,416260000
2012-05-22,0.2782593071460724,0.28192665309816395,0.2741335497809197,0.2814682416851028,410140000
2012-05-23,0.28513553738594055,0.28559397608594034,0.2711538128071238,0.27527956984052865,496000000
2012-05-24,0.2775716185569763,0.2871983928453757,0.2755087539659168,0.2867399815277842,520420000
2012-05-25,0.2842186987400055,0.2865107828166348,0.27734244651011764,0.27734244651011764,391752000
2012-05-29,0.2915533781051636,0.2933870509305016,0.2876568404286947,0.28880288252905606,310000000
2012-05-30,0.2881152629852295,0.29040734727490325,0.28307268301270727,0.2883444823437169,379792000
2012-05-31,0.2849063277244568,0.28926127651449757,0.281238982294256,0.2881152344830345,358192000
2012-06-01,0.27459195256233215,0.28169742487472743,0.27413354116368094,0.27894692915901975,440984000
2012-06-04,0.2688617706298828,0.2775716974343996,0.2665696860667891,0.27596724370499465,432856000
2012-06-05,0.2766548693180084,0.27734250013872114,0.2674865312386467,0.2674865312386467,365224000
2012-06-06,0.28398942947387695,0.28467706004073107,0.2766547671829495,0.2787176315597191,368968000
2012-06-07,0.27252906560897827,0.289719723923137,0.2722998462662542,0.2881152431716648,526780000
2012-06-08,0.27780070900917053,0.27871753121905046,0.2729873240978438,0.27344573520278376,370308000
2012-06-11,0.281009703874588,0.29178251856433457,0.28032210065932045,0.28673994015088666,839080000
2012-06-12,0.28673994541168213,0.2894904402945903,0.28376023123695154,0.28421864249680423,496128000
2012-06-13,0.27917608618736267,0.28719837950588745,0.2778008249746693,0.28651074889954076,494276000
2012-06-14,0.2757378816604614,0.28100967889286416,0.27298738707253495,0.27871759551562725,589884000
2012-06-15,0.28169742226600647,0.2819266416251095,0.27527958077292203,0.2778008844278552,385288000
2012-06-18,0.2842186987400055,0.2865107828166348,0.27734244651011764,0.2796345305867469,304424000
2012-06-19,0.3034721910953522,0.3078271668006558,0.29453304769423094,0.29590830893249415,960476000
2012-06-20,0.30828553438186646,0.31401574318893277,0.30461818981582767,0.30645186209884706,972720000
2012-06-21,0.29430386424064636,0.30805636772702083,0.2936162336015685,0.30805636772702083,516376000
2012-06-22,0.2979711592197418,0.3014093121510177,0.29384540302600426,0.2979711592197418,865360000
2012-06-25,0.28857359290122986,0.2991171885863225,0.2874275510799716,0.2982003660588329,494616000
2012-06-26,0.2917824685573578,0.2938453324972009,0.28605226058691924,0.2901780157903924,437152000
2012-06-27,0.3011801242828369,0.30324298893311696,0.29201178837262093,0.29201178837262093,506064000
2012-06-28,0.3034721910953522,0.3053058636384382,0.29590830893249415,0.29842961209471175,545896000
2012-06-29,0.3167663812637329,0.3174540120964386,0.31034853903148574,0.3105777584169887,616508000
2012-07-02,0.30828553438186646,0.3185999102345858,0.3057642315772409,0.31837071827657765,581684000
2012-07-03,0.31630784273147583,0.31699547328790767,0.3080563307018782,0.30828554999528623,219284000
2012-07-05,0.3130989968776703,0.3156202729718619,0.3082856093792538,0.31424503891788397,280076000
2012-07-06,0.30713945627212524,0.31172362277526644,0.30370133139476935,0.31080677308036564,382760000
2012-07-09,0.3030138909816742,0.3066812374135814,0.3004925868942624,0.305305975670665,306336000
2012-07-10,0.2938452661037445,0.30874383078438566,0.2915531834334583,0.29980469197600096,512028000
2012-07-11,0.28903210163116455,0.29842965777560077,0.2876568401823889,0.2947623121280649,485216000
2012-07-12,0.2842186987400055,0.2862815634794528,0.2816973953261943,0.2858231521288865,472160000
2012-07-13,0.28788599371910095,0.2892612275296899,0.2826141958023614,0.28444786820693946,324260000
2012-07-16,0.2888028919696808,0.29109497624532904,0.28330187331384504,0.28605239630366286,334460000
2012-07-17,0.2835310101509094,0.2913241108142577,0.2787176236434357,0.28971965775303044,447476000
2012-07-18,0.2993464469909668,0.3034722035513024,0.2814681867787098,0.2828434207496244,616008000
2012-07-19,0.30232611298561096,0.3062226495959157,0.2993463988752162,0.3014092904857009,403036000
2012-07-20,0.29361629486083984,0.30255544038629856,0.29040736031690545,0.30049254803866904,451000000
2012-07-23,0.29751282930374146,0.2995757216266882,0.28261428093004104,0.2858231881117792,451584000
2012-07-24,0.29430386424064636,0.2998048547056779,0.2908657383690528,0.2979711821094022,351164000
2012-07-25,0.30003413558006287,0.30301385074483916,0.2920118402338658,0.2933870744703617,415044000
2012-07-26,0.30140936374664307,0.3089732468426578,0.2991172522921616,0.3055350933228346,338440000
2012-07-27,0.30897319316864014,0.3098900157321262,0.30026324219655554,0.3025553532528575,376516000
2012-07-30,0.3055349886417389,0.31286967720598446,0.30301371335609467,0.308973140983597,363552000
2012-07-31,0.3103485107421875,0.3147034874031504,0.30507671127039065,0.30553512267580757,387788000
2012-08-01,0.3069104254245758,0.31516194112521106,0.3055351636998685,0.31218222560421477,335912000
2012-08-02,0.30805638432502747,0.31264055240081284,0.30026328220191406,0.30530588894431565,367912000
2012-08-03,0.3144741356372833,0.31768306877176467,0.3055349940381453,0.3128696827319373,326548000
2012-08-06,0.3211212754249573,0.3227257287378824,0.31699551881758115,0.317453930146446,360324000
2012-08-07,0.3243301808834076,0.32776830682321306,0.3224965082507521,0.3250178115361279,407340000
2012-08-08,0.3261638581752777,0.32960198416419645,0.32318414352012215,0.32410099351144506,517064000
2012-08-09,0.33716586232185364,0.3378534929752544,0.32616385383882945,0.32662226516649795,822300000
2012-08-10,0.33510294556617737,0.34885544720005285,0.330747970321175,0.3461049523380361,1278744000
2012-08-13,0.33945780992507935,0.33968702915873517,0.3341860134650621,0.33556127421942666,447244000
2012-08-14,0.3344152867794037,0.34106234506872873,0.33304002580263586,0.34060390652727973,388828000
2012-08-15,0.3318939805030823,0.3383118194521951,0.3302895275967514,0.3355613248522294,594404000
2012-08-16,0.3387703597545624,0.33991640179246574,0.3337277529287496,0.334873794966653,371008000
2012-08-17,0.3357906639575958,0.3387703788892062,0.3328109490259854,0.3387703788892062,309864000
2012-08-20,0.3357906639575958,0.3362490753338899,0.3307480568469633,0.33464462185496097,314392000
2012-08-21,0.33487382531166077,0.338999582486733,0.3314356988864006,0.3369367175610969,340248000
2012-08-22,0.33556148409843445,0.3369367457129649,0.33166494595566787,0.33281098819317584,313556000
2012-08-23,0.3279975354671478,0.33510300687413114,0.32662227412263595,0.33487378754211355,379040000
2012-08-24,0.334644615650177,0.33624906909935715,0.32730992447027035,0.3279975551838614,347724000
2012-08-27,0.3289143145084381,0.3353321817154624,0.32868512253062576,0.3344153318328333,340944000
2012-08-28,0.32753920555114746,0.3307481130543274,0.32570553241055733,0.32639316325375406,310764000
2012-08-29,0.3282266855239868,0.3302895497815718,0.32662220518609725,0.32730983571322264,250412000
2012-08-30,0.3220381438732147,0.32868520472018586,0.32043369033215274,0.3275391625731702,307488000
2012-08-31,0.3215796947479248,0.3266222741383834,0.31837078804230484,0.3243301901132843,485064000
2012-09-04,0.30438899993896484,0.31745389914021915,0.30140931293047596,0.3163078572680946,694452000
2012-09-05,0.3053058981895447,0.3098900664041472,0.30209696404504416,0.30553509020599606,480256000
2012-09-06,0.31470340490341187,0.32295491733297976,0.30736871504433216,0.30759793434885097,657296000
2012-09-07,0.30713945627212524,0.3092023202690237,0.2968250543162699,0.3066810450865686,781064000
2012-09-10,0.30438899993896484,0.3108068398876208,0.30370139667472495,0.3064518917030651,371108000
2012-09-11,0.30805638432502747,0.31286977173412095,0.30301380490642293,0.3041598469253693,382808000
2012-09-12,0.3114945888519287,0.31309906994168357,0.3075980504706753,0.3105777659353293,322608000
2012-09-13,0.3135572671890259,0.3153909390933305,0.30759784033098225,0.3142448975686133,433836000
2012-09-14,0.31722477078437805,0.3227257897419898,0.3133282327667789,0.3133282327667789,339468000
2012-09-17,0.3085147738456726,0.3179123286658343,0.3050766480320225,0.3179123286658343,493348000
2012-09-18,0.3105776607990265,0.3142450058715676,0.30484745120055257,0.3050766431902147,359952000
2012-09-19,0.31424498558044434,0.31859993366456313,0.3075979264811453,0.3112652713168822,451936000
2012-09-20,0.3119528889656067,0.3151618226759552,0.3094316131829694,0.31355736948267804,320596000
2012-09-21,0.3133281469345093,0.31516181941806853,0.31126528246787627,0.31241132435462654,340136000
2012-09-24,0.3130989968776703,0.31355740822899625,0.30782719802792785,0.3082856093792538,357832000
2012-09-25,0.3073686957359314,0.3185999217997489,0.306910284479484,0.3172246607066147,481544000
2012-09-26,0.302096962928772,0.3064519391108311,0.2984296447649197,0.3062227197714288,436812000
2012-09-27,0.30438899993896484,0.3048474385468495,0.30026324373455787,0.30278454678274924,558888000
2012-09-28,0.30576419830322266,0.3101191729169484,0.29911714041610055,0.3030137038399046,485508000
2012-10-01,0.3007216453552246,0.308973156749145,0.29957560362405733,0.30713948451451933,504236000
2012-10-02,0.3018677830696106,0.30278460581654537,0.29842965678290695,0.30278460581654537,295492000
2012-10-03,0.29888802766799927,0.3034721954292841,0.2972835744163086,0.3025553728065452,430872000
2012-10-04,0.3121822774410248,0.31401595093717505,0.2979713283387169,0.299575809725229,502608000
2012-10-05,0.3048475682735443,0.31630799187172803,0.30370152591372596,0.31309908419375865,483068000
2012-10-08,0.3018677830696106,0.3050766900076812,0.2995756988784748,0.303701455887279,240596000
2012-10-09,0.29544997215270996,0.3023262254309197,0.29453312198800097,0.3014094025900124,366360000
2012-10-10,0.2904071807861328,0.2954497851915589,0.28926113929831493,0.2940745244766637,326568000
2012-10-11,0.2920118570327759,0.2940747221680932,0.28971977251628867,0.29315789929101943,320516000
2012-10-12,0.28949037194252014,0.2922408661760044,0.2876567000122688,0.2899487830941366,260696000
2012-10-15,0.29315775632858276,0.2933869482741812,0.2865106980780182,0.2899488231760997,249580000
2012-10-16,0.30163857340812683,0.30255542350830517,0.292928647737331,0.29567914339026663,367696000
2012-10-17,0.2993464469909668,0.3007217082856773,0.29499147110691415,0.2979711856962563,391752000
2012-10-18,0.2947622239589691,0.29865876046657197,0.29361618220239233,0.29865876046657197,254772000
2012-10-19,0.2775716185569763,0.2924701913071669,0.2759671652835083,0.2904072993923118,709412000
2012-10-22,0.2743627429008484,0.28032217267190346,0.272070658731027,0.2787176918939896,480840000
2012-10-23,0.28261420130729675,0.2844478737475922,0.27115375538639863,0.2718413859669836,573948000
2012-10-24,0.2789468467235565,0.28559390567293574,0.2761963518206858,0.28444786385309023,332916000
2012-10-25,0.27917608618736267,0.284218665094248,0.2780300442847163,0.2812389506826085,307356000
2012-10-26,0.2761964499950409,0.2812390303299937,0.2761964499950409,0.2796345766766635,389376000
2012-10-31,0.27459195256233215,0.27963455991889674,0.2739043491262555,0.2773424756018402,347112000
2012-11-01,0.2876568138599396,0.28788603318836015,0.2757379552579999,0.27596717458642045,473220000
2012-11-02,0.2862814962863922,0.29109488264708394,0.2844478513145011,0.2906364714041112,256700000
2012-11-05,0.29842960834503174,0.2995756502545865,0.285593928028501,0.285593928028501,444840000
2012-11-06,0.298200398683548,0.29911722131134294,0.2931578195830851,0.29911722131134294,350804000
2012-11-07,0.28903210163116455,0.29774202705121294,0.2876568401823889,0.295908354227445,324620000
2012-11-08,0.2906365692615509,0.29980490650315306,0.28994893850367065,0.2922410228140712,839024000
2012-11-09,0.27940523624420166,0.2956790397491426,0.27848841378918676,0.29224091455715145,846280000
2012-11-12,0.2732166349887848,0.28100970835904243,0.2704661127886543,0.2798636665502521,643624000
2012-11-13,0.2711537182331085,0.278029995772982,0.27092452628684605,0.2718413487194748,492120000
2012-11-14,0.2645067870616913,0.2755087970222521,0.2642775677051755,0.2727583013630619,619300000
2012-11-15,0.26565274596214294,0.27298740786314823,0.2638190736559438,0.2661111572077449,466688000
2012-11-16,0.2608393430709839,0.2665695515879461,0.25556754577062074,0.26565272915474797,624552000
2012-11-19,0.26817405223846436,0.26909090215863607,0.26244384270162,0.26565277643652946,404092000
2012-11-20,0.26505976915359497,0.2682893778856282,0.26229150166891013,0.2671359422670343,336976000
2012-11-21,0.272672563791275,0.27336460345184194,0.2648291818040198,0.26505988002426606,422312000
2012-11-23,0.2745179831981659,0.2777475922945748,0.27244178235040806,0.2738259162489133,276932000
2012-11-26,0.27936244010925293,0.28005450716568997,0.27451802571435713,0.2749793945852879,364600000
2012-11-27,0.2805158793926239,0.2846682542808421,0.2759021356279553,0.2782090075102896,451404000
2012-11-28,0.28282269835472107,0.2842068322251629,0.27590208400266564,0.2793623911786934,398332000
2012-11-29,0.27774760127067566,0.28466821598670367,0.2768248636419033,0.28328410954354505,488688000
2012-11-30,0.2761327922344208,0.2795930995368475,0.2745179876599705,0.27751689865534473,460504000
2012-12-03,0.2710576355457306,0.27959308167997593,0.2703655961295063,0.27959308167997593,391380000
2012-12-04,0.2791317105293274,0.27959307930291316,0.26990419755723266,0.2715190295148967,528068000
2012-12-05,0.27590203285217285,0.2786702725797655,0.2719803576130773,0.2768247977614183,633024000
2012-12-06,0.2763635218143463,0.27820902493582267,0.27428734799023774,0.27521008580093403,412896000
2012-12-07,0.27590203285217285,0.2779782332729212,0.2726724244199934,0.276594099659089,338288000
2012-12-10,0.28512969613075256,0.28720589785626655,0.2752101389979788,0.2759022062398168,513644000
2012-12-11,0.2918194830417633,0.29551048797748963,0.28536023815427924,0.28605230501723716,816724000
2012-12-12,0.2888205349445343,0.29435704215596126,0.28766709937966284,0.2927422378651558,399404000
2012-12-13,0.28905126452445984,0.2945877448385303,0.2862830243674246,0.288359197610182,377556000
2012-12-14,0.2904353737831116,0.2934343121085207,0.2881285023789624,0.29020470314274244,338660000
2012-12-17,0.28928202390670776,0.2913582252864659,0.2848989779384704,0.28974342032448813,445232000
2012-12-18,0.2897433042526245,0.29297291288279104,0.2883591705539397,0.28928190801968057,416436000
2012-12-19,0.2918194830417633,0.295279789856479,0.2906660474368581,0.2918194830417633,458544000
2012-12-20,0.2915889322757721,0.29320373728637533,0.2883592947544803,0.2929730390705383,334332000
2012-12-21,0.28489890694618225,0.2876671472626403,0.28166927032691647,0.2876671472626403,462172000
2012-12-24,0.28259214758872986,0.28559108724682264,0.2816693821169613,0.28466832177505413,127376000
2012-12-26,0.28236135840415955,0.28651373293951954,0.2812079225610084,0.28189998956691503,196740000
2012-12-27,0.2805158793926239,0.28328414765149074,0.2772862697573887,0.2828227512749582,299804000
2012-12-28,0.2791317105293274,0.28351475512850594,0.27751687857166335,0.27797827484532506,220600000
2012-12-31,0.28282269835472107,0.2839761340800636,0.2775168885181299,0.2782089554533508,326460000
2013-01-02,0.29343435168266296,0.2936650498542216,0.28858993758065166,0.2897433734382848,478836000
2013-01-03,0.29366493225097656,0.2968945403589645,0.29020462606381703,0.293434234171805,298888000
2013-01-04,0.3033539056777954,0.304276643280584,0.2932036545467333,0.2941263921495219,524968000
2013-01-07,0.2945878505706787,0.3040460376269882,0.29251167658275024,0.3031232997434835,610732000
2013-01-08,0.28812849521636963,0.29620257243025433,0.28605232200427755,0.2952798073914879,466424000
2013-01-09,0.2816693186759949,0.29181957157875493,0.27982384314829517,0.2904354374328978,695020000
2013-01-10,0.2821306586265564,0.28559096579899024,0.2805158266126925,0.28420683192998597,506368000
2013-01-11,0.2816693186759949,0.2835148217037769,0.27890107788436297,0.28328415101285565,513172000
2013-01-14,0.2814386487007141,0.2835148224246967,0.2782090115188626,0.2835148224246967,305684000
2013-01-15,0.2763635218143463,0.280054528057299,0.2747487168955859,0.280054528057299,375888000
2013-01-16,0.2789011597633362,0.28120803235028796,0.2759022199002808,0.2759022199002808,337376000
2013-01-17,0.28259214758872986,0.2837455838033741,0.2791318389447971,0.27982390617360137,580736000
2013-01-18,0.2807465195655823,0.2825920221900993,0.2772862124571414,0.2825920221900993,397088000
2013-01-22,0.27936244010925293,0.2830534460768626,0.27797833349646056,0.28051587603662076,308224000
2013-01-23,0.2798237204551697,0.28051575972458037,0.2768247827874657,0.2802850891348002,421808000
2013-01-24,0.2812078297138214,0.28236126517613946,0.2775168252343754,0.2789009587891853,396980000
2013-01-25,0.28628304600715637,0.28651371666263437,0.28028516896347894,0.28166927539658115,393920000
2013-01-28,0.29089677333831787,0.29274227598242536,0.2869750699070608,0.28766713683611067,422492000
2013-01-29,0.28466811776161194,0.2904352947016636,0.2835146823736016,0.2897432554689125,388872000
2013-01-30,0.2842068672180176,0.2888206106874531,0.2832841295241626,0.284898934238449,287592000
2013-01-31,0.28282269835472107,0.28743646875616824,0.28097722319423446,0.2842068322251629,470544000
2013-02-01,0.2853602170944214,0.286282982010289,0.2828226479508753,0.2851295189904365,288816000
2013-02-04,0.2805158793926239,0.28951269623377696,0.2802852087044397,0.28374551652794117,511744000
2013-02-05,0.28697508573532104,0.2885899178255299,0.28097723618625314,0.2818999738091626,367296000
2013-02-06,0.28466811776161194,0.28697498853763265,0.2784395721663699,0.2800543762095706,530688000
2013-02-07,0.28351476788520813,0.2860523375042212,0.28074652761906116,0.2837454660324192,440000000
2013-02-08,0.2853602170944214,0.2876670881339825,0.283514714762758,0.2853602170944214,307232000
2013-02-11,0.2885898947715759,0.2915888330565793,0.284898889574637,0.28766712972230324,408308000
2013-02-12,0.28674444556236267,0.2899740550859517,0.28559100966106926,0.2860523785215704,277804000
2013-02-13,0.2853602170944214,0.29228083021310486,0.2844374796786257,0.2869750213220998,856396000
2013-02-14,0.29366493225097656,0.29389563033014815,0.2779782053691729,0.2814385115563324,882096000
2013-02-15,0.29366493225097656,0.295049065725868,0.2872056885349316,0.29297286551353086,733860000
2013-02-19,0.2897433042526245,0.29412634846500385,0.2878978018210693,0.2938956778486054,433552000
2013-02-20,0.2855909764766693,0.2952798314217157,0.2846682113628071,0.2906660883526386,713012000
2013-02-21,0.28351476788520813,0.28835920897602324,0.2828227009436521,0.2851295724154541,580408000
2013-02-22,0.2888205349445343,0.2890512330575378,0.2837454239591144,0.28536022824991986,370148000
2013-02-25,0.28374549746513367,0.29181954851086667,0.2832841286196793,0.2895126767835144,644444000
2013-02-26,0.2871108949184418,0.2887356059298349,0.28339724603344246,0.28432567208908444,487504000
2013-02-27,0.2924494445323944,0.29453838376113556,0.28641476809665634,0.28711108117290335,476980000
2013-02-28,0.2938419282436371,0.2982518628074616,0.290360392218895,0.29152090422714233,591392000
2013-03-01,0.2950025200843811,0.29593091887470335,0.2891999584728764,0.29175306898066067,389396000
2013-03-04,0.2938419282436371,0.296627151529673,0.2905924780192712,0.2929135020357659,353680000
2013-03-05,0.29709142446517944,0.29755562384982226,0.2940740869618079,0.2954667127845319,366168000
2013-03-06,0.2968592345714569,0.30173336790523525,0.2954666092367854,0.2989481449046782,342928000
2013-03-07,0.2961629033088684,0.30150126319821363,0.2945381922996201,0.2984839269417329,314824000
2013-03-08,0.29755544662475586,0.29894807161802756,0.29546653680362756,0.2968591617968992,246464000
2013-03-11,0.2947703003883362,0.2959308122926687,0.29221716313129,0.2945382146087414,299748000
2013-03-12,0.295698881149292,0.2966272800907513,0.29152103057512363,0.29430625506830227,310856000
2013-03-13,0.295698881149292,0.30080513066491965,0.29291362898731255,0.295698881149292,485840000
2013-03-14,0.2959308922290802,0.2984840301757762,0.294074067146828,0.2975556038002532,383304000
2013-03-15,0.2933777868747711,0.29593089719552074,0.2922172469686923,0.29593089719552074,355776000
2013-03-18,0.2912888526916504,0.29407407656987905,0.28919994170017754,0.2915209662101672,298312000
2013-03-19,0.2894320487976074,0.29291358581817756,0.287343137652784,0.2915209876112275,355480000
2013-03-20,0.2929134964942932,0.2938419226846,0.2896640740001902,0.2922171837687602,340588000
2013-03-21,0.2882712781429291,0.29175281204376197,0.2878070791565724,0.29128861305740533,339032000
2013-03-22,0.289664089679718,0.29082460172882885,0.2880393783447208,0.28919989039383165,232476000
2013-03-25,0.2880394458770752,0.29152098284067224,0.28595050709763925,0.29128886930891396,362076000
2013-03-26,0.2901281714439392,0.29036028482725557,0.28757503490257363,0.2887355464815982,232540000
2013-03-27,0.29360973834991455,0.29523444920480224,0.28827137896775645,0.28896769152521734,254944000
2013-03-28,0.2977876365184784,0.2980197499665828,0.29082456510078103,0.2929134754585757,349276000
2013-04-01,0.2880394458770752,0.29709143091490897,0.28595050709763925,0.29709143091490897,442828000
2013-04-02,0.2850220799446106,0.2889678159102734,0.28316525488171235,0.28827150305308735,371524000
2013-04-03,0.2815403938293457,0.28618244018726496,0.27945145636701474,0.28455770182697016,353156000
2013-04-04,0.28432580828666687,0.2852542071182456,0.279683758791178,0.2806121576227568,294676000
2013-04-05,0.2891998589038849,0.2891998589038849,0.2794515366177823,0.28014784930518777,551352000
2013-04-08,0.28850361704826355,0.2894320157468815,0.2831652553592264,0.2894320157468815,326660000
2013-04-09,0.29314562678337097,0.29523453741106914,0.2866467537533913,0.2887356643810895,380584000
2013-04-10,0.2977876365184784,0.298251835745901,0.29268138967925755,0.29337770235478455,384688000
2013-04-11,0.29639503359794617,0.2982518583169431,0.2854862264184231,0.2936098103538449,969220000
2013-04-12,0.3038223385810852,0.30707176115305546,0.2952345275416987,0.29778766504023885,770548000
2013-04-15,0.29755544662475586,0.3038222314256992,0.29569865019209923,0.3028938055405917,430420000
2013-04-16,0.30080509185791016,0.3028940030411025,0.2987161530059206,0.3003408924470671,468844000
2013-04-17,0.2968592345714569,0.3012691686832734,0.2950024100148236,0.29848394568271636,532948000
2013-04-18,0.291056752204895,0.29941245188249344,0.291056752204895,0.2975556266576053,402548000
2013-04-19,0.29175296425819397,0.2926813903840611,0.28711091663521726,0.29082456580111316,303028000
2013-04-22,0.2922171652317047,0.29477030250710246,0.2891998563937811,0.2915208802191294,245568000
2013-04-23,0.29987654089927673,0.3028938493733782,0.2943060677888473,0.29477026696418734,376948000
2013-04-24,0.3100891709327698,0.3126423090324364,0.3005729591090621,0.3008050726340483,556556000
2013-04-25,0.3126421868801117,0.3133384995142188,0.3089285379440635,0.31171378848049197,353224000
2013-04-26,0.31124967336654663,0.3126422991347852,0.3096249617494647,0.31217809976830385,324332000
2013-04-29,0.31496331095695496,0.3161238231608385,0.31032126214142086,0.3117138878535985,269712000
2013-04-30,0.3196052312850952,0.3196052312850952,0.31357055918343674,0.31565949691191036,276712000
2013-05-01,0.3168201446533203,0.32169430711001623,0.3156596324178017,0.3196053684848062,341316000
2013-05-02,0.32053378224372864,0.3214621809280419,0.3147311936259948,0.31658801866341446,323480000
2013-05-03,0.3219263255596161,0.3242473495447401,0.3207658135670541,0.32262263828891097,293864000
2013-05-06,0.3209979832172394,0.32378320695312723,0.31914115817038313,0.32192638190627093,217116000
2013-05-07,0.3168201446533203,0.32169430711001623,0.31380280730721305,0.3209979942349462,448068000
2013-05-08,0.3226225674152374,0.3244793917291875,0.3161236961508035,0.3172842078884245,334032000
2013-05-09,0.32285478711128235,0.3242473850535893,0.3163559137074754,0.3168201130215777,566800000
2013-05-10,0.3374771177768707,0.33886974286151794,0.3295856217451713,0.3295856217451713,861136000
2013-05-13,0.330514132976532,0.33654880634213946,0.3291215075325339,0.33515618089814136,289812000
2013-05-14,0.3353883624076843,0.3381735861919781,0.3312105128968468,0.3344599360337239,454140000
2013-05-15,0.3411908745765686,0.3423513866260621,0.33376357532477835,0.33376357532477835,313172000
2013-05-16,0.339566171169281,0.34420821947563834,0.3384056314239013,0.34072668324587035,308368000
2013-05-17,0.34513670206069946,0.3474577267787149,0.33863782731649683,0.34119096557383266,312116000
2013-05-20,0.344440221786499,0.3458328470083061,0.3425833973803509,0.3437439091755955,236380000
2013-05-21,0.34805625677108765,0.34945595661582013,0.34245751301084343,0.3464232921584617,357784000
2013-05-22,0.33592551946640015,0.34945584501004107,0.3345258200686899,0.34945584501004107,480404000
2013-05-23,0.34129104018211365,0.3424574472255456,0.33102664151430977,0.33195975602532035,393884000
2013-05-24,0.33919140696525574,0.3422240700903277,0.33545889422527014,0.3394246994400038,283304000
2013-05-28,0.338958203792572,0.34269071751592717,0.33569227514163974,0.3417576029897574,279300000
2013-05-29,0.3368586301803589,0.33895815144466473,0.33545893079793254,0.3368586301803589,335052000
2013-05-30,0.34129104018211365,0.3447902613124096,0.3354589771556163,0.33639211947596437,284504000
2013-05-31,0.3375585675239563,0.34432371807391604,0.3375585675239563,0.3394248245820165,577508000
2013-06-03,0.3370920717716217,0.3405912939660107,0.3300935995734978,0.338025186566387,444468000
2013-06-04,0.3375585675239563,0.3452568605076166,0.3354590179051357,0.3391915320212561,363676000
2013-06-05,0.3303268551826477,0.33965811332265167,0.32939371268304163,0.3370920340197563,464520000
2013-06-06,0.3324262201786041,0.3349923260792032,0.3300934067450885,0.33032669921217195,341044000
2013-06-07,0.3370920717716217,0.3391915939645167,0.33335955697386843,0.3347592291660164,274584000
2013-06-10,0.3368586301803589,0.33895815144466473,0.3342925239156885,0.3361587804891457,224148000
2013-06-11,0.33055999875068665,0.3370918820661282,0.33055999875068665,0.33242622728995824,296336000
2013-06-12,0.3277606666088104,0.33499240099367616,0.3258944098827803,0.33219302980929893,312588000
2013-06-13,0.3352256715297699,0.33685863562946006,0.32636097351945087,0.3265942382140728,236256000
2013-06-14,0.33475908637046814,0.33685863547712097,0.33242627256929885,0.33639207827875395,236012000
2013-06-17,0.33802512288093567,0.34105778710657436,0.3354590159647781,0.3373252730120435,255336000
2013-06-18,0.33592551946640015,0.3433905180324088,0.3331261206709797,0.33965800484473746,486772000
2013-06-19,0.3461898863315582,0.3611199111570307,0.33779174562914666,0.33895815251507416,1159588000
2013-06-20,0.3368586301803589,0.34385707147382333,0.33452581641587076,0.34339051428279244,628696000
2013-06-21,0.33639204502105713,0.33989126537685754,0.3307932757661776,0.33872485859159074,714228000
2013-06-24,0.3293936252593994,0.33569224507967343,0.3244947327217074,0.33149317446926924,580772000
2013-06-25,0.3317265510559082,0.3335927804140919,0.32822730148595736,0.33289295830944426,457360000
2013-06-26,0.32986027002334595,0.33592559842665065,0.3284605702966324,0.33545901331151917,579752000
2013-06-27,0.3268274962902069,0.33125983092379974,0.32332827595547636,0.3307932737743686,808036000
2013-06-28,0.3275274336338043,0.3307933623637987,0.3226285127294741,0.3268275838175659,431536000
2013-07-01,0.3289271593093872,0.330560151751079,0.32682763732627373,0.3298603018202601,199524000
2013-07-02,0.32869383692741394,0.3335927299658144,0.3256611729649727,0.32706084477194214,256392000
2013-07-03,0.3296269178390503,0.33359269593490887,0.32589440444922135,0.32589440444922135,140388000
2013-07-05,0.3321930468082428,0.3328928965924837,0.3284605331651828,0.33056008251790553,184684000
2013-07-08,0.33055999875068665,0.33475904077337804,0.3286937424020847,0.33312607689685025,262084000
2013-07-09,0.3321930468082428,0.3342925683516282,0.3303267899867128,0.3312599044928091,157364000
2013-07-10,0.3366253077983856,0.3375584499069473,0.33125983105448253,0.3321929731630442,208468000
2013-07-11,0.34129104018211365,0.34175759743761897,0.3377917912424802,0.3384916410304069,239832000
2013-07-12,0.3415243625640869,0.3447903195226841,0.3394248406551862,0.3405912478955404,216360000
2013-07-15,0.3408244252204895,0.3422241246735626,0.33545894772948925,0.3422241246735626,201332000
2013-07-16,0.34269052743911743,0.3445567832656571,0.3405910070150869,0.3422239704348131,162560000
2013-07-17,0.3408244252204895,0.34385708882925786,0.3398913107913308,0.34269068188814195,166100000
2013-07-18,0.3394247889518738,0.3415243105409622,0.33499242542808777,0.34035790347828243,344488000
2013-07-19,0.3321930468082428,0.33895819650078446,0.32869382569637556,0.33732523221044725,480532000
2013-07-22,0.33195966482162476,0.33779169843647244,0.33055999343965925,0.33475903539488566,292384000
2013-07-23,0.3314931392669678,0.336158766603218,0.3298601752611467,0.336158766603218,246792000
2013-07-24,0.3314931392669678,0.3354589169409139,0.33102658209520924,0.3345258025973969,284252000
2013-07-25,0.33265966176986694,0.3370920259660781,0.32892714747930407,0.3312599619585703,243320000
2013-07-26,0.33125990629196167,0.3333594556560876,0.3286938274815911,0.3286938274815911,227360000
2013-07-29,0.33055999875068665,0.33475904077337804,0.32962685667172054,0.33055999875068665,179540000
2013-07-30,0.3361589014530182,0.34059126588609384,0.33149327224515557,0.3317265648292862,266076000
2013-07-31,0.3368586301803589,0.34012455832690885,0.3342925239156885,0.33452581641587076,270160000
2013-08-01,0.3415243625640869,0.34222421247016793,0.3340593617876883,0.33802514084302426,277648000
2013-08-02,0.34432369470596313,0.34502354453140716,0.3384916591761613,0.340824473388082,209628000
2013-08-05,0.3459567725658417,0.3471231799606219,0.3415244077800692,0.34339066517358674,185188000
2013-08-06,0.3408244252204895,0.3468897524380263,0.3401245754939529,0.3461899027114897,206608000
2013-08-07,0.3405912518501282,0.3440904736118201,0.33872499468202394,0.3389582594471979,244380000
2013-08-08,0.342924028635025,0.34455699304898074,0.3384916648721859,0.3424574713466576,345696000
2013-08-09,0.33802512288093567,0.34315730890391005,0.3291604227634304,0.3293936875135006,906224000
2013-08-12,0.3352256715297699,0.3401245638288404,0.30583217868867635,0.3242614244118486,257568000
2013-08-13,0.33639204502105713,0.33779171647777845,0.3335926464889517,0.33569219538803075,197468000
2013-08-14,0.35062211751937866,0.35272163800191064,0.3354588058870572,0.3356920983003711,828508000
2013-08-15,0.35295507311820984,0.3557544441631717,0.34549004658586546,0.3468897460130137,723616000
2013-08-16,0.3543547987937927,0.35925369153302233,0.35155539973213396,0.35225524949754866,660456000
2013-08-19,0.3487560451030731,0.3534216733491068,0.34852275256703624,0.3522552662875984,393432000
2013-08-20,0.3505145013332367,0.35285907769402985,0.34816992497244353,0.3486388346546912,234192000
2013-08-21,0.34887319803237915,0.35285897105121616,0.34746644146123834,0.3484042605423012,261540000
2013-08-22,0.35074901580810547,0.35403141196068183,0.3486388800389705,0.3486388800389705,129016000
2013-08-23,0.35074901580810547,0.35403141196068183,0.35004563721839377,0.3512179255513937,245120000
2013-08-26,0.3514522910118103,0.3523901382466439,0.3500455620838887,0.3509833813691698,300152000
2013-08-27,0.3469976484775543,0.35051451313717813,0.3458253602576797,0.3481699366974289,277464000
2013-08-28,0.3469976484775543,0.3502800443133809,0.34559089143388244,0.34770102699939026,318824000
2013-08-29,0.3462941646575928,0.3495765874448845,0.3448874080416752,0.345825255102136,276216000
2013-08-30,0.34582528471946716,0.3474664822788956,0.34418408716003873,0.346528663087665,378120000
2013-09-03,0.34605976939201355,0.3509833906437246,0.34394966196959637,0.34676314784933704,284680000
2013-09-04,0.34934210777282715,0.3514522146811994,0.34559077554733586,0.34605968508813567,222080000
2013-09-05,0.35027992725372314,0.3516866838272726,0.3477009108016111,0.34793535159750505,174904000
2013-09-06,0.34887319803237915,0.3523900615106847,0.3462941536351365,0.35051439539901247,226756000
2013-09-09,0.35473471879959106,0.35473471879959106,0.3507489448634899,0.35168676416037736,246408000
2013-09-10,0.36223727464675903,0.36247174339243665,0.3556724572127969,0.3573136825334473,292132000
2013-09-11,0.36833322048187256,0.36927106761164663,0.35918935770170946,0.3617684023716515,396164000
2013-09-12,0.3680988550186157,0.37278800777879917,0.3664576291929074,0.3664576291929074,303808000
2013-09-13,0.37044331431388855,0.3720845116713138,0.3666919821115912,0.36927102649436394,159696000
2013-09-16,0.3706778287887573,0.37607035942036865,0.369271099895436,0.37349134247450366,231412000
2013-09-17,0.37185022234916687,0.37489817774051015,0.37044349305670365,0.37208469120602394,168608000
2013-09-18,0.3751324713230133,0.3760702904131419,0.37020885122597147,0.37208451735577536,268168000
2013-09-19,0.3734913766384125,0.3774771507917364,0.37185015085508405,0.37677377230596054,227572000
2013-09-20,0.3702089786529541,0.3767737983921239,0.3695056001184794,0.37442922191024586,356036000
2013-09-23,0.36669206619262695,0.3730224162796749,0.36458193086390916,0.3699744616601177,271244000
2013-09-24,0.3680988550186157,0.3695055840769377,0.3648164313167543,0.3669265668285699,229732000
2013-09-25,0.36856773495674133,0.3713812207958572,0.3657542211680726,0.36739544686131365,233156000
2013-09-26,0.36739540100097656,0.37020888648889755,0.3652852659228738,0.36950550812953,148816000
2013-09-27,0.36528533697128296,0.3676299133254981,0.3631752294323113,0.3645819584751075,151920000
2013-09-30,0.3648163080215454,0.36739535234784115,0.3594237785799106,0.36153391337857416,226640000
2013-10-01,0.3645819127559662,0.3669265167657191,0.36247180548160524,0.36528529116393693,226976000
2013-10-02,0.3643474280834198,0.36575415678056017,0.36083056441624684,0.36083056441624684,162036000
2013-10-03,0.3605961799621582,0.3678643777533619,0.35895498212369253,0.3645819541268761,436768000
2013-10-04,0.3655197322368622,0.3685676864739452,0.3591893549946323,0.3601272021173382,246228000
2013-10-07,0.3655197322368622,0.36809877688736686,0.3622373092317154,0.36411297552757793,169952000
2013-10-08,0.3624718189239502,0.36974001615993835,0.3596583331372798,0.36458192627656494,290712000
2013-10-09,0.3568447530269623,0.36505079596519585,0.3549691148177574,0.36481632721427165,275860000
2013-10-10,0.3608306348323822,0.3617684541468247,0.3568448328721182,0.3594238779111651,223484000
2013-10-11,0.3577827513217926,0.35965841827342004,0.3540314174185377,0.35520370576961,213704000
2013-10-14,0.36317524313926697,0.36317524313926697,0.3568448643843213,0.3568448643843213,166628000
2013-10-15,0.3612995445728302,0.36528531858445895,0.3610650757693889,0.3631752111517006,208820000
2013-10-16,0.36575421690940857,0.36716097378736334,0.3629407311030516,0.3634096407458523,210072000
2013-10-17,0.3664575517177582,0.3673953988412516,0.3629406878911434,0.3629406878911434,213324000
2013-10-18,0.3706778287887573,0.37185011684130104,0.3643474788949318,0.3657542077882531,255068000
2013-10-21,0.3716157078742981,0.37536701319445925,0.3704434197212063,0.37513257233357344,195008000
2013-10-22,0.3697400391101837,0.3718501465937755,0.366457615530697,0.3716157057342398,179452000
2013-10-23,0.3634095788002014,0.3690365774033076,0.3622372909182478,0.3690365774033076,252216000
2013-10-24,0.3608306348323822,0.36669207542153115,0.3601272563717737,0.3643474991858716,236436000
2013-10-25,0.3573136627674103,0.3629406328569331,0.3561413750029643,0.3627061920737709,330492000
2013-10-28,0.3566102981567383,0.3584859642414923,0.3516866781779523,0.35684473894886626,394024000
2013-10-29,0.35707923769950867,0.35778261603409667,0.35285899564152917,0.3561414185530903,387952000
2013-10-30,0.3568447530269623,0.35989270704124093,0.3537967990126836,0.35825150963341307,204032000
2013-10-31,0.35614147782325745,0.3598927829827832,0.3554380993716111,0.35731376592615044,293368000
2013-11-01,0.3577827513217926,0.359423949423382,0.35520370576961,0.3580171922222717,206136000
2013-11-04,0.3474665582180023,0.3589549995439092,0.3467631796960805,0.3589549995439092,410264000
2013-11-05,0.3469976484775543,0.3486388463954676,0.34160511707621993,0.34535645055964104,422368000
2013-11-06,0.34934210777282715,0.3495765765180002,0.34348066863896354,0.3469975321192817,198044000
2013-11-07,0.34113621711730957,0.34910776606021504,0.34043283857539286,0.34816994663736384,553076000
2013-11-08,0.3648163080215454,0.3659885958153988,0.35027991701812666,0.35168667355056904,734532000
2013-11-11,0.36786434054374695,0.36880215979956527,0.3627062787376428,0.3634096292047307,297624000
2013-11-12,0.36856773495674133,0.3716156895947639,0.3643474922232911,0.3695055542532623,316032000
2013-11-13,0.3786493241786957,0.3786493241786957,0.3669264461342809,0.36762979645730903,332792000
2013-11-14,0.3802906274795532,0.3826352037417312,0.3772426727488111,0.3774771415548504,307980000
2013-11-15,0.37911826372146606,0.38216621784419835,0.37536693127048043,0.3816973082752122,450332000
2013-11-18,0.36997437477111816,0.3741946164878714,0.36903655570052685,0.3709122217912556,316948000
2013-11-19,0.36396336555480957,0.3715066347840208,0.36349191649690554,0.36820646327777695,206716000
2013-11-20,0.3585416078567505,0.3651419785415958,0.35783442026535395,0.36419905238609585,204776000
2013-11-21,0.36137041449546814,0.36207760225198143,0.35736305467645313,0.359013140707704,213568000
2013-11-22,0.35783451795578003,0.3618418779331697,0.35712733017131804,0.3618418779331697,158668000
2013-11-25,0.36561352014541626,0.3660849692920845,0.35783451087216833,0.35783451087216833,248208000
2013-11-26,0.3686780631542206,0.3726854239371063,0.3672636873010012,0.36962096165574887,753176000
2013-11-27,0.3700922727584839,0.37127090940640295,0.3660848856748275,0.3684421589706657,181272000
2013-11-29,0.36773499846458435,0.37103519818253816,0.3653777249950101,0.370092300035075,116964000
2013-12-02,0.371271014213562,0.3738639987104165,0.3656135398459371,0.36632072765450546,373872000
2013-12-03,0.3710351884365082,0.3762211843131671,0.36867791502885267,0.37127092701764,290560000
2013-12-04,0.37622126936912537,0.3769284571714859,0.3691494475473642,0.3700923739841522,493176000
2013-12-05,0.3700922727584839,0.37692835407604897,0.3696207956185848,0.37692835407604897,271812000
2013-12-06,0.36467063426971436,0.3745711790905594,0.363727707843349,0.3745711790905594,281000000
2013-12-09,0.3585416078567505,0.3658491661329924,0.35783442026535395,0.3646705295143026,385220000
2013-12-10,0.366792231798172,0.3684423181981839,0.35807032245445797,0.35854177169718615,524268000
2013-12-11,0.3632563054561615,0.36797085389230283,0.36254911757055525,0.3674994046688737,414156000
2013-12-12,0.3561842739582062,0.36396327993691135,0.35547708648724957,0.3620774560479967,258724000
2013-12-13,0.35406285524368286,0.3594845905869128,0.3535914061053412,0.3568916062755734,184588000
2013-12-16,0.3545343577861786,0.35759881979838537,0.35406290857682166,0.35429864723196236,237620000
2013-12-17,0.3561842739582062,0.35712717185220916,0.35123398976241865,0.35429845006929145,274104000
2013-12-18,0.36113470792770386,0.36184189574698133,0.3524127997590749,0.35689163721388406,426232000
2013-12-19,0.3625490069389343,0.363020456018501,0.358305909021001,0.360663182519751,258544000
2013-12-20,0.3698565661907196,0.37009230478106664,0.362313268510615,0.36325619477108645,382080000
2013-12-23,0.37197813391685486,0.37504259535713586,0.36891370057749306,0.37197813391685486,168568000
2013-12-24,0.372920960187912,0.37409959672551074,0.36914931202723134,0.37409959672551074,79600000
2013-12-26,0.36938509345054626,0.37551401539782336,0.3684421672504725,0.3743353787234174,168920000
2013-12-27,0.37150654196739197,0.3722137294280231,0.3691492691658937,0.3712708315477872,210976000
2013-12-30,0.37645697593688965,0.37669271455123693,0.3712709793295266,0.37174242845730143,248180000
2013-12-31,0.3776357173919678,0.3795215425262611,0.37480699374099147,0.3771642681336263,235776000
2014-01-02,0.3738638758659363,0.3766926261707369,0.3705637046448862,0.3752782510183366,260092000
2014-01-03,0.36938509345054626,0.3752782768225762,0.3682064567761403,0.3745710891977496,259332000
2014-01-06,0.3743354082107544,0.37716413083197137,0.36962083304083665,0.37315674334258714,409492000
2014-01-07,0.3804643154144287,0.38187869082335674,0.37551405768501667,0.37810704180016064,333288000
2014-01-08,0.38565030694007874,0.38753613129076464,0.3804642829504637,0.38187865823870704,308192000
2014-01-09,0.371271014213562,0.3804643714221844,0.3700923772329221,0.37975718361361605,292172000
2014-01-10,0.3707994222640991,0.37504251970233216,0.36749925097931424,0.37244953600740505,218492000
2014-01-13,0.36207765340805054,0.3731568361556781,0.36137046555162233,0.3707995620348669,243332000
2014-01-14,0.37339237332344055,0.3740995607982663,0.36231316845329203,0.36396328192818833,241828000
2014-01-15,0.3773999512195587,0.3788143269924763,0.3733925906641926,0.37504267699864624,175044000
2014-01-16,0.3785786032676697,0.37928579118203215,0.37574987971114626,0.3773999661107077,220652000
2014-01-17,0.3769284188747406,0.3830573417379239,0.3745711451736577,0.37857850484531486,340400000
2014-01-21,0.3783428370952606,0.38070011106275764,0.3743354769707002,0.37739991064770845,246076000
2014-01-22,0.3778713643550873,0.3795214504092391,0.37339252723562305,0.3790500012653273,337940000
2014-01-23,0.37645697593688965,0.380700074288703,0.3736282530693207,0.37669271455123693,185028000
2014-01-24,0.366792231798172,0.37480698132825696,0.366792231798172,0.37339260549914594,246696000
2014-01-27,0.3644348382949829,0.3719781080143826,0.3623132752451748,0.36679211183860266,233812000
2014-01-28,0.3679708242416382,0.36820656288481984,0.36231334971358625,0.36372772537083,167996000
2014-01-29,0.3644348382949829,0.36867793629368184,0.36419909970025405,0.36655637324387375,162944000
2014-01-30,0.3705638647079468,0.37127105258961296,0.3653778389763452,0.3665564760788137,202896000
2014-01-31,0.3700922727584839,0.37221380748437255,0.36514198759685795,0.36537769806589315,335348000
2014-02-03,0.3651420772075653,0.373156797139968,0.36372770164259016,0.37268534798528336,431728000
2014-02-04,0.3672635555267334,0.36797074319960393,0.3630204575904269,0.3649062820177761,280692000
2014-02-05,0.36396336555480957,0.3658491898873412,0.3611346150055544,0.3646705531921234,214676000
2014-02-06,0.3686780631542206,0.36962096165574887,0.36396351444472513,0.36443496369548933,168380000
2014-02-07,0.3740997612476349,0.37457121044982666,0.3663207510582367,0.36962092357450305,157248000
2014-02-10,0.37527838349342346,0.38022867017338674,0.3733925586581554,0.37362829730041003,324372000
2014-02-11,0.3830574154853821,0.3840003139069775,0.3755141438098454,0.37739994065303617,235384000
2014-02-12,0.3967295289039612,0.39955827978378233,0.38423597285448025,0.38423597285448025,744528000
2014-02-13,0.4092230200767517,0.41158032146985774,0.3995582164393138,0.40663003631588923,902836000
2014-02-14,0.4221881031990051,0.4231310013914594,0.40521571092748543,0.4054514495260578,817536000
2014-02-18,0.42195236682891846,0.42383819132470457,0.4184164564371637,0.4224238440285534,428988000
2014-02-19,0.42760998010635376,0.43138163033091703,0.4200666796572272,0.42195250476950885,450340000
2014-02-20,0.44269639253616333,0.44363929070027414,0.42784556379545796,0.42855272336808264,398088000
2014-02-21,0.4393962323665619,0.447646718500346,0.436567509518335,0.44198924470297285,451052000
2014-02-24,0.4457608461380005,0.4490610177571656,0.43444592785656566,0.4384532871372423,403112000
2014-02-25,0.4437481462955475,0.44706324769240785,0.4390123113524352,0.44516890806960235,242184000
2014-02-26,0.4430377781391144,0.449431149443119,0.441617016414757,0.44280097510912086,360884000
2014-02-27,0.4380650818347931,0.4475367501249081,0.4368811232985287,0.44303771897822275,388848000
2014-02-28,0.43522369861602783,0.43995953397569476,0.42883029829823327,0.4356972765064335,321692000
2014-03-03,0.43309253454208374,0.43309253454208374,0.42172652459035836,0.4255152039835348,375948000
2014-03-04,0.4375915825366974,0.44043307788772174,0.43451328414483636,0.43522366503954324,260344000
2014-03-05,0.44138023257255554,0.44161703561284343,0.43522366403090457,0.43711797544199527,241472000
2014-03-06,0.43522369861602783,0.44445856627625613,0.43451331766651674,0.4420906485964227,290144000
2014-03-07,0.4347500205039978,0.43782831862358174,0.4314349475923232,0.4371179377917084,268452000
2014-03-10,0.4283566176891327,0.4352235942506515,0.426462278353962,0.43332925491548085,300888000
2014-03-11,0.4326188862323761,0.4364075650086492,0.42906701046504486,0.4304877438352977,297220000
2014-03-12,0.4338028132915497,0.4364075332893944,0.4288301762875906,0.43048771254631124,239428000
2014-03-13,0.42006900906562805,0.4364076580140572,0.4179378662143693,0.4347500930538097,385172000
2014-03-14,0.42196324467658997,0.42575192357833136,0.4158066767460106,0.4158066767460106,460048000
2014-03-17,0.42196324467658997,0.426225501384099,0.42148966687082234,0.4231472033049091,299656000
2014-03-18,0.4319085478782654,0.43475004312581256,0.4217264973657361,0.42362083694003494,293904000
2014-03-19,0.43948590755462646,0.4477736472789815,0.4340396914970464,0.43522367851007204,366168000
2014-03-20,0.43972259759902954,0.4435112760292125,0.43522356666250955,0.4371178776498042,191800000
2014-03-21,0.4390123188495636,0.44706325532702423,0.43664440133756993,0.4435113790590337,566116000
2014-03-24,0.4368812143802643,0.4428010082957548,0.43048781436929123,0.4392491319464605,306096000
2014-03-25,0.4368812143802643,0.44209062738033517,0.4335661128509071,0.44161704951265673,304424000
2014-03-26,0.4269358515739441,0.44919428912597836,0.42314717294404086,0.4409065793223886,557756000
2014-03-27,0.4212529957294464,0.4295407081668388,0.4165171318231292,0.42598883140795635,540728000
2014-03-28,0.4238576889038086,0.42646240982111,0.41935865629516855,0.4205426152161588,398820000
2014-03-31,0.4240943193435669,0.4283565753696618,0.4217264024654915,0.4245678970736228,273404000
2014-04-01,0.4416169822216034,0.44682639442789407,0.4323820881839157,0.43759152861800604,656272000
2014-04-02,0.4387754797935486,0.4425641303213569,0.4368811404157448,0.44161697474635464,239948000
2014-04-03,0.44351139664649963,0.4541670258730208,0.43948591413423693,0.4397227171859481,599548000
2014-04-04,0.4297774136066437,0.4484839772237544,0.4278830741200273,0.44587925690118174,368032000
2014-04-07,0.4311981499195099,0.4394858605292689,0.4276462739438989,0.4300141912609729,428576000
2014-04-08,0.44658973813056946,0.44777369704738373,0.4304878629885269,0.43119824398417694,470692000
2014-04-09,0.4461161494255066,0.4525095504085423,0.4425642725361793,0.4487208704354699,421968000
2014-04-10,0.43522369861602783,0.45037836047583973,0.43380293671700565,0.444221791444956,372748000
2014-04-11,0.42906704545021057,0.4385387149353926,0.4233840268224204,0.43190854065020484,353112000
2014-04-14,0.4338028132915497,0.4354603495502703,0.429066979279321,0.4319084740410988,290184000
2014-04-15,0.4368812143802643,0.4392491319464605,0.4300142365016128,0.4342764937663268,304636000
2014-04-16,0.43782830238342285,0.4394858387777779,0.4323820871781422,0.43901226098336216,235136000
2014-04-17,0.43948590755462646,0.44351139000662304,0.43522367851007204,0.43617083424712766,153532000
2014-04-21,0.4430377781391144,0.44422173683347826,0.43688118163730144,0.4397226768582144,117004000
2014-04-22,0.44682642817497253,0.44966795161828554,0.44138021254569165,0.44374812992991797,255120000
2014-04-23,0.45203590393066406,0.45321986271425996,0.4468264627005988,0.4475368436163172,261580000
2014-04-24,0.45606133341789246,0.46079716829545975,0.45511417773349994,0.45511417773349994,391492000
2014-04-25,0.44351139664649963,0.45937646718823033,0.4425642126674595,0.45511420985206097,313600000
2014-04-28,0.4416169822216034,0.44943111464493923,0.4361707670036542,0.4470631974395526,226788000
2014-04-29,0.44256412982940674,0.444221694425517,0.43759152072447344,0.4432745106237684,171300000
2014-04-30,0.4373546838760376,0.442327320824004,0.43640752837537594,0.44185374307367314,305740000
2014-05-01,0.43972259759902954,0.44493200926968346,0.4361707221561569,0.44398485377603614,198104000
2014-05-02,0.43640753626823425,0.4418537510650316,0.4338028162526102,0.4418537510650316,156376000
2014-05-05,0.4411434829235077,0.4444585563098159,0.43546046368265895,0.4359340415624452,239260000
2014-05-06,0.4321453273296356,0.4491943261124093,0.4309613686887791,0.4454056753983488,416188000
2014-05-07,0.4326188862323761,0.43617076199970733,0.42788305187593445,0.4321453084422918,293900000
2014-05-08,0.4380650818347931,0.4449320300540073,0.42883018831525205,0.4309613306172068,432728000
2014-05-09,0.4274095296859741,0.4288302915626807,0.41935862099211657,0.4248048372157519,539532000
2014-05-12,0.4399595260620117,0.4409066818257862,0.42811990964800184,0.4283567127028479,299856000
2014-05-13,0.4328557550907135,0.44114349524354945,0.43143502141167733,0.43403971393714647,221104000
2014-05-14,0.42859336733818054,0.43474996275961675,0.4283565925775388,0.4330924265239368,214320000
2014-05-15,0.42622557282447815,0.43001425236124646,0.42196331540256504,0.4276463347077175,325896000
2014-05-16,0.4252783954143524,0.42835669385286507,0.4229104778813124,0.4229104778813124,283960000
2014-05-19,0.4390123188495636,0.4413802363615573,0.42788311218875386,0.4297774518439095,360076000
2014-05-20,0.43389782309532166,0.44032064091330053,0.4317568932752664,0.439131229155978,256200000
2014-05-21,0.43389782309532166,0.4393691228505678,0.43128110588608687,0.4355629938840105,216712000
2014-05-22,0.43580082058906555,0.4381796437380475,0.432946238481849,0.432946238481849,130364000
2014-05-23,0.43984484672546387,0.44198580473220705,0.43556295906978826,0.4381796760698708,182656000
2014-05-27,0.4476950466632843,0.4476950466632843,0.4410343345331169,0.4424616401173727,209680000
2014-05-28,0.45150119066238403,0.4543557735658907,0.44507837204003986,0.4493602605742082,224676000
2014-05-29,0.45078736543655396,0.45506925233304935,0.44983584761857975,0.451263124345541,171884000
2014-05-30,0.4519769549369812,0.45316636685690154,0.4484087191772202,0.45078754301706087,239128000
2014-06-02,0.4505496323108673,0.456258797608869,0.4467435032069901,0.45340421495986816,181500000
2014-06-03,0.448646605014801,0.45197694698888646,0.44269951716196293,0.45150118790084803,243212000
2014-06-04,0.4491223394870758,0.4524526812786299,0.4472192748814099,0.44745716859129875,161236000
2014-06-05,0.45102542638778687,0.4524527036442281,0.4472192969883108,0.4498360144951777,188696000
2014-06-06,0.4526905119419098,0.45673450594210485,0.4515011002737459,0.45316627093761314,161052000
2014-06-09,0.4531663656234741,0.45744825419509627,0.44912237077831535,0.4522148474332545,247456000
2014-06-10,0.45554521679878235,0.4576861753920028,0.4495981568584233,0.4515012217109019,217608000
2014-06-11,0.4614920914173126,0.46268150285466425,0.45387983553201794,0.45387983553201794,266228000
2014-06-12,0.46434682607650757,0.466487756025496,0.4574482204538945,0.4614922433585847,337148000
2014-06-13,0.46482253074645996,0.469342312182297,0.46030274931062287,0.46910441850121715,227852000
2014-06-16,0.46339523792266846,0.46648771407138234,0.45935124373949443,0.4626816135757295,198620000
2014-06-17,0.46648773550987244,0.4683908000240646,0.4614922230626583,0.46387104661594514,157608000
2014-06-18,0.46601206064224243,0.46815301924159036,0.461016518934916,0.4652984077757931,215536000
2014-06-19,0.455307275056839,0.45982702851038215,0.451976905034079,0.4574482049331881,474592000
2014-06-20,0.45031172037124634,0.45816184360644974,0.4467434851150459,0.45649667282511885,353148000
2014-06-23,0.4450782537460327,0.4453161190493781,0.4391311674374516,0.44436460112037823,414200000
2014-06-24,0.4381796717643738,0.44793285864214505,0.4362766074519049,0.44436462369044494,275780000
2014-06-25,0.4426994323730469,0.4429373260504113,0.43532509702629474,0.4393690910368119,215420000
2014-06-26,0.43675243854522705,0.44293739149238903,0.4353251613436003,0.44269949777987694,256908000
2014-06-27,0.437228262424469,0.4398449516911941,0.4336599982283572,0.43627671585289995,302820000
2014-06-30,0.4410342872142792,0.4422236989542744,0.4355629875387388,0.4355629875387388,180512000
2014-07-01,0.4460298418998718,0.4486465591533223,0.43913123657614506,0.44055854205217504,321180000
2014-07-02,0.44436466693878174,0.4462677314364687,0.4417479497097355,0.44436466693878174,179284000
2014-07-03,0.44840866327285767,0.4495980750444907,0.4403206462110649,0.4403206462110649,136892000
2014-07-07,0.4448404312133789,0.4493602129933491,0.44412677847361376,0.4491223192941562,127496000
2014-07-08,0.4412720799446106,0.445553966900482,0.4369901929887392,0.4436509028803384,221940000
2014-07-09,0.4545936584472656,0.4564967231318562,0.44174799309464163,0.44507836338212914,387668000
2014-07-10,0.4522148072719574,0.454117871841202,0.4424616190782129,0.44602985451136606,266308000
2014-07-11,0.4531663656234741,0.4545936712666205,0.45102543551657154,0.4526906065283643,191188000
2014-07-14,0.458875447511673,0.4600648591372039,0.4534041483626687,0.45506931896685,272636000
2014-07-15,0.4607786238193512,0.46196803573407974,0.456496735254765,0.45958921190462265,395440000
2014-07-16,0.4603027403354645,0.4662498270261992,0.4576860516836646,0.462681592026445,319728000
2014-07-17,0.4591134488582611,0.46387112512790324,0.4550694538047747,0.4550694538047747,324832000
2014-07-18,0.43865546584129333,0.4531663004820599,0.4379418131223058,0.44959806524493495,567816000
2014-07-21,0.4412720799446106,0.44436455543261805,0.4369901929887392,0.4369901929887392,243364000
2014-07-22,0.43936917185783386,0.4469814022822039,0.43841765368896873,0.44460257850222473,298816000
2014-07-23,0.4300916790962219,0.4398448665084988,0.42961592008148425,0.43960700118003604,297352000
2014-07-24,0.43080535531044006,0.43365993791248036,0.42771287900914073,0.4324705261318124,254576000
2014-07-25,0.42319321632385254,0.43032968853801246,0.42247956343087256,0.4293781418947659,266132000
2014-07-28,0.4215279817581177,0.4250962175686727,0.4143915101370076,0.4250962175686727,330352000
2014-07-29,0.4229552447795868,0.4286644385155167,0.4215279392561506,0.4217658329626615,217972000
2014-07-30,0.4300916790962219,0.4312810908119722,0.4243825142037456,0.42557192591949583,246184000
2014-07-31,0.41629454493522644,0.4281886634473924,0.41558089215293337,0.4248583216071121,401880000
2014-08-01,0.4208143353462219,0.423193159095923,0.41486724761415344,0.41629455320710046,219884000
2014-08-04,0.41986289620399475,0.4239068919411021,0.41772196562488595,0.4203386554040386,241724000
2014-08-05,0.420100599527359,0.42628555139740676,0.41510505929710423,0.41867329421648325,298136000
2014-08-06,0.4196248948574066,0.4248583010783229,0.4141535949346157,0.4172460429121021,223456000
2014-08-07,0.41534292697906494,0.42699914897655117,0.4124883165359341,0.4231930489820576,407696000
2014-08-08,0.4519769549369812,0.4543557787768219,0.4334221233146606,0.4334221233146606,894348000
2014-08-11,0.44959816336631775,0.4543558113874715,0.4484087513610293,0.4524527465074462,344624000
2014-08-12,0.44959816336631775,0.4519769873768946,0.44460262160097863,0.4493602979799515,296152000
2014-08-13,0.4522148072719574,0.4560209364104466,0.44745716002775315,0.4503117427027128,256596000
2014-08-14,0.4472191631793976,0.45387987345667397,0.44531609904906033,0.45387987345667397,255992000
2014-08-15,0.452928364276886,0.4555450526933174,0.44436458970465403,0.44864647699077004,369796000
2014-08-18,0.4591134488582611,0.4595892363356982,0.450311805892951,0.45483156006605613,284076000
2014-08-19,0.4628169536590576,0.465206300606004,0.4575603675891657,0.45923293323863806,248260000
2014-08-20,0.45994964241981506,0.46329474471101306,0.45875496913365676,0.46114431570597336,221468000
2014-08-21,0.45564886927604675,0.46114437276905296,0.4549320880022619,0.458755025901073,272796000
2014-08-22,0.45588770508766174,0.459710670545049,0.4523036856525816,0.4551708955039948,251224000
2014-08-25,0.45660462975502014,0.46090545985775844,0.4556488739081551,0.45779930320115514,153380000
2014-08-26,0.4647284150123596,0.4656841423527934,0.45612675501541167,0.4577992921028013,269636000
2014-08-27,0.4594717025756836,0.46544506801549423,0.4587548930262557,0.4618610487516079,182972000
2014-08-28,0.4632946848869324,0.4642504119991452,0.4570823732077863,0.45851599235935975,179704000
2014-08-29,0.4647284150123596,0.4656841423527934,0.45994969286040777,0.4649673326058375,207932000
2014-09-02,0.4659229516983032,0.4659229516983032,0.46162212296196414,0.4659229516983032,192636000
2014-09-03,0.47022390365600586,0.471896440690853,0.46520626406820437,0.46831242055192623,259456000
2014-09-04,0.4785865843296051,0.48145382302974626,0.46926811552066267,0.46950706157342714,491832000
2014-09-05,0.4771529734134674,0.4802591297380178,0.47404681708891694,0.47810870067490197,253792000
2014-09-08,0.47285208106040955,0.47763077370034523,0.47094059830778434,0.47667504656566007,319288000
2014-09-09,0.46687865257263184,0.47380777306011757,0.46640078906945204,0.4707016175645723,198588000
2014-09-10,0.46855130791664124,0.4702238733268691,0.46425047833067784,0.4695070636486655,172376000
2014-09-11,0.4637726843357086,0.4668788410854343,0.45875504431820846,0.4652063039073551,250720000
2014-09-12,0.45684346556663513,0.46663979746443146,0.4563656019703843,0.46663979746443146,262536000
2014-09-15,0.45063120126724243,0.4589939142533917,0.4487197183166139,0.4582771045864988,294152000
2014-09-16,0.4573213756084442,0.4597107221668017,0.44800290694089534,0.44943652626921293,219936000
2014-09-17,0.45756039023399353,0.4618612206479991,0.45397636963619953,0.4561267990848342,173584000
2014-09-18,0.46448948979377747,0.4649673534854531,0.45899398613135217,0.4604276056896413,219604000
2014-09-19,0.45588770508766174,0.4664008458538495,0.4551708955039948,0.46592298229248974,601316000
2014-09-22,0.4513480067253113,0.46520622238406795,0.4508701146296671,0.46520622238406795,221464000
2014-09-23,0.44943657517433167,0.4544541864029155,0.44728614594785787,0.4489586830240525,196144000
2014-09-24,0.45206475257873535,0.45349837178713226,0.44871967907014965,0.44919754264519685,159592000
2014-09-25,0.4422684609889984,0.45278160300414155,0.441312733752739,0.45158692971718833,298440000
2014-09-26,0.44322407245635986,0.44656914517783497,0.4417904535852999,0.4437019359189637,241188000
2014-09-29,0.44250738620758057,0.4456135423040807,0.4353393468233141,0.4396401761505253,208540000
2014-09-30,0.4408349394798279,0.44394109621116956,0.4355783534037439,0.4405959933915468,277204000
2014-10-01,0.43653395771980286,0.4446577231353145,0.43533928465968336,0.4415515959656058,350976000
2014-10-02,0.4346226453781128,0.4379677198634849,0.42458736495546917,0.4358173189062119,288996000
2014-10-03,0.43557825684547424,0.4432241881763817,0.43557825684547424,0.4372508221261453,239140000
2014-10-06,0.432949960231781,0.44083480852027923,0.43008272195723335,0.4372507891603486,199032000
2014-10-07,0.42841026186943054,0.4353393842939133,0.4279323982326667,0.43103855459652035,301896000
2014-10-08,0.43629512190818787,0.4384455510494817,0.42458730587205834,0.42793240837520663,260172000
2014-10-09,0.42793238162994385,0.4348615037855937,0.4243483617683774,0.4343836116841118,306956000
2014-10-10,0.4026053249835968,0.42602095890280894,0.40236640738233664,0.4245873393622002,691376000
2014-10-13,0.40117165446281433,0.4133573326944831,0.4006937908716865,0.40523353771228515,397628000
2014-10-14,0.41049009561538696,0.42172001744155285,0.4042777838903142,0.4066671301717646,376620000
2014-10-15,0.4167024791240692,0.418852908384763,0.4018885343111995,0.40451679876325464,404428000
2014-10-16,0.41694146394729614,0.42172015810410535,0.40833980307173406,0.40929555899305425,351116000
2014-10-17,0.41622471809387207,0.42673786394450464,0.4145521805786007,0.4219591690532903,290716000
2014-10-20,0.419808566570282,0.42363153230394973,0.41335733681756726,0.41622454687618976,200336000
2014-10-21,0.437728613615036,0.4382064771236946,0.4217199724505881,0.42291464546386026,351092000
2014-10-22,0.42745447158813477,0.43844547602989964,0.42745447158813477,0.43701185684766775,239512000
2014-10-23,0.4370119571685791,0.44011811378763077,0.4317553997657862,0.43486155638483787,214476000
2014-10-24,0.44155171513557434,0.4441799794872255,0.437011939191933,0.4396402320268443,210156000
2014-10-27,0.4417905807495117,0.4434631175916693,0.43653402418133497,0.44131271714936054,145092000
2014-10-28,0.4523037075996399,0.45278157118418694,0.44011802953578194,0.44059589312032904,192580000
2014-10-29,0.44943657517433167,0.4530205954018605,0.44537466279652366,0.45039230250836837,168340000
2014-10-30,0.4465693235397339,0.4501533436656098,0.44083490273163645,0.44824188905175066,170260000
2014-10-31,0.46687865257263184,0.4671175985658473,0.45445403059045086,0.45684337658960084,256316000
2014-11-03,0.4747636020183563,0.4793033774815743,0.4723742555061123,0.47763081213639774,308732000
2014-11-04,0.480975866317749,0.4826484030126646,0.46998486206558227,0.47786971046533194,360196000
2014-11-05,0.480975866317749,0.4840820221701661,0.47739184690724956,0.48384310463275204,335652000
2014-11-06,0.4831264019012451,0.48384321163852406,0.4745247135371586,0.4819317000169398,394088000
2014-11-07,0.47285208106040955,0.4943562264233749,0.4680733884204739,0.4886218066487541,450800000
2014-11-10,0.4783477187156677,0.48145387532268935,0.4711796496700157,0.47237432309708083,293388000
2014-11-11,0.47261321544647217,0.47810868979960636,0.46855130346962265,0.47548042564881565,212992000
2014-11-12,0.4695071280002594,0.47213539253623016,0.4630558684954625,0.4709407190698992,204584000
2014-11-13,0.46711769700050354,0.47189639000580674,0.4632947312029581,0.47117958035835983,225328000
2014-11-14,0.47285208106040955,0.47285208106040955,0.4630557497552395,0.46759552485313133,160248000
2014-11-17,0.470701664686203,0.475719303180031,0.4675955088797026,0.470701664686203,158732000
2014-11-18,0.4819316565990448,0.48312635837571777,0.46974597761290965,0.47094065090632453,207772000
2014-11-19,0.48013201355934143,0.483731229367493,0.47509316863552375,0.4822915430442324,240300000
2014-11-20,0.488050252199173,0.4885301667301763,0.47533311780735354,0.47677280419276646,220968000
2014-11-21,0.4906899034976959,0.4930893627506686,0.4866108284884044,0.4923695192540147,198976000
2014-11-24,0.4938091039657593,0.4959685768008132,0.4899699585146723,0.4918895026364112,136004000
2014-11-25,0.49356886744499207,0.4971680823553338,0.49188925288935936,0.4928490244629237,190240000
2014-11-26,0.5019671320915222,0.5024470466108394,0.4904496984962715,0.4906896843597279,219264000
2014-11-28,0.5031669735908508,0.5060463470985062,0.4990878992600802,0.503646888244664,124832000
2014-12-01,0.4938091039657593,0.5038867964163023,0.4930892606182049,0.501007480233694,190060000
2014-12-02,0.4945288896560669,0.4966883622393473,0.48877014354704534,0.49332913181415317,245952000
2014-12-03,0.5072459578514099,0.5074858865048479,0.4954885957190254,0.49692828205484313,284424000
2014-12-04,0.5026870369911194,0.5084457258920504,0.49932780656620984,0.5065261819942742,185332000
2014-12-05,0.5055661797523499,0.5082055657114125,0.5026868080096805,0.5029267365857107,165680000
2014-12-08,0.4990876317024231,0.509885219360002,0.4950085595584167,0.5048463756305084,226944000
2014-12-09,0.4974081814289093,0.49860793921275587,0.4885301912173239,0.49596849497133333,239448000
2014-12-10,0.486370712518692,0.4978881481791081,0.48589085512092833,0.4959685469652358,204364000
2014-12-11,0.48613065481185913,0.4926091856232618,0.48517088306342737,0.4892499558999553,135652000
2014-12-12,0.4710140526294708,0.4839711139436289,0.4705341381628916,0.479652083970978,323964000
2014-12-15,0.4695742726325989,0.4851707745859165,0.46813458672804986,0.4765326877624115,254696000
2014-12-16,0.4642956256866455,0.4765328748687918,0.4640556970108741,0.46909457105147556,185308000
2014-12-17,0.48325133323669434,0.4839711764257024,0.45829695050847,0.4736535003267154,345596000
2014-12-18,0.48517096042633057,0.4950087225297194,0.4806119723848383,0.4892500339132869,226156000
2014-12-19,0.48996978998184204,0.4918893334433237,0.4839711165514301,0.488530103781936,325528000
2014-12-22,0.49860793352127075,0.49860793352127075,0.4878103424203026,0.4894899575324355,148976000
2014-12-23,0.49548858404159546,0.5048464877962731,0.4950086695384349,0.5024470296956578,109280000
2014-12-24,0.49356886744499207,0.4974080109468298,0.49308901026199997,0.49668816796476145,45644000
2014-12-26,0.494049072265625,0.4966884599464038,0.492369456722619,0.49356915759293163,52636000
2014-12-29,0.49332913756370544,0.4966883680280501,0.4902098357874988,0.4926092942916883,82944000
2014-12-30,0.48877012729644775,0.4923693434949197,0.4880502840567533,0.48996988509847195,112120000
2014-12-31,0.4810919165611267,0.49212943712665685,0.47965220141267273,0.4894899927255931,166300000
2015-01-02,0.4830113351345062,0.48661055056209357,0.4753330470273788,0.4830113351345062,113680000
2015-01-05,0.4748532176017761,0.4844510788762667,0.4726937166923893,0.4830113925341437,197952000
2015-01-06,0.460456520318985,0.47605300016081925,0.45997663435230407,0.47557311419413834,197764000
2015-01-07,0.45925670862197876,0.46789476888611964,0.4578170223766901,0.46381566739240015,321808000
2015-01-08,0.47653284668922424,0.4794122194586118,0.4642955982307224,0.4645355554961042,283780000
2015-01-09,0.47845250368118286,0.4820517202799351,0.4717340137031846,0.47821257497713504,209540000
2015-01-12,0.4724537432193756,0.47989207472539636,0.46813471294503445,0.47965211747534536,190732000
2015-01-13,0.471733957529068,0.4856508218397424,0.46837472724198803,0.47605298832945664,236720000
2015-01-14,0.4736534059047699,0.47509309199578725,0.4654952609991185,0.46669498987370206,155260000
2015-01-15,0.4702942669391632,0.4798920997815794,0.4700543096765835,0.47701275564961415,188932000
2015-01-16,0.47893232107162476,0.47941220698610504,0.46813473067493105,0.4695744170221696,181512000
2015-01-20,0.4803720712661743,0.4849310023615734,0.4743733964245817,0.4822916151792262,140308000
2015-01-21,0.48709046840667725,0.48829022610098216,0.4743733343265416,0.4777325929422404,144780000
2015-01-22,0.49548858404159546,0.49692827034348336,0.4830113790353587,0.48805022388437264,159712000
2015-01-23,0.49692824482917786,0.49788801657862664,0.49188934303128784,0.4959684158721383,120416000
2015-01-26,0.49476879835128784,0.4971682567305674,0.4916494967374644,0.49476879835128784,133240000
2015-01-27,0.4710140526294708,0.4875703294240002,0.47005425230010695,0.48709041495742095,357948000
2015-01-28,0.4633357524871826,0.4786922999276984,0.46309579526006756,0.4767727279221597,272728000
2015-01-29,0.47461336851119995,0.4772527557758273,0.4614163177728535,0.46357584764806037,235340000
2015-01-30,0.46069633960723877,0.4767727302021865,0.4599765251300391,0.47125397138629355,298200000
2015-02-02,0.4707741439342499,0.47269371618709605,0.45445782269075397,0.46357576943892503,259604000
2015-02-03,0.48253151774406433,0.48301143230014815,0.47173395510057875,0.4741334134657978,183468000
2015-02-04,0.4837311804294586,0.48924993930524047,0.47965207912749314,0.48109179390889817,181516000
2015-02-05,0.4916495680809021,0.4918894967913661,0.48373134855950395,0.484211205980432,140448000
2015-02-06,0.48948991298675537,0.49692827318653493,0.4873303835215683,0.4911695279460362,210524000
2015-02-09,0.48901012539863586,0.490449754706391,0.48349136522816766,0.4866106669422411,273944000
2015-02-10,0.5026870369911194,0.5029269656764408,0.4873304569784999,0.4894899867692,226204000
2015-02-11,0.49932777881622314,0.503886709621981,0.4959684913704024,0.503886709621981,320832000
2015-02-12,0.5350797772407532,0.5398786943920743,0.5247620996446521,0.5278814015137714,676904000
2015-02-13,0.5353196263313293,0.5360394695177437,0.5257217934559328,0.5338799399585006,310084000
2015-02-17,0.5369994044303894,0.5396388493179416,0.5310007856655088,0.5343600167504511,203340000
2015-02-18,0.5307607650756836,0.5372393552977757,0.5298009930008734,0.5362795260153553,170948000
2015-02-19,0.5322004556655884,0.5384390600086811,0.529800996857292,0.5374792879268846,169432000
2015-02-20,0.5360394716262817,0.5362794002868315,0.5278813250916236,0.5317204696984029,157752000
2015-02-23,0.5317205786705017,0.5357996527738061,0.5290811340331336,0.5357996527738061,125008000
2015-02-24,0.5373808145523071,0.5373808145523071,0.5289504035430027,0.5337677976705675,149356000
2015-02-25,0.5332860946655273,0.5376217843198148,0.5308773973335479,0.5352130295599611,123820000
2015-02-26,0.5347312688827515,0.5378625808311307,0.5303955796798255,0.5337678015358351,152864000
2015-02-27,0.531359076499939,0.5344903882835806,0.5294320844796165,0.533286011092396,157492000
2015-03-02,0.544366180896759,0.5472566410221372,0.5291913800942863,0.5299139951256309,301512000
2015-03-03,0.5342497229576111,0.5429210474489599,0.5325636400603894,0.540271496814453,160344000
2015-03-04,0.5402712821960449,0.541475602032272,0.530154731403541,0.5323225760221922,226840000
2015-03-05,0.5506288409233093,0.5515923085498702,0.5388262045712555,0.5402714347250392,323056000
2015-03-06,0.5431618094444275,0.5501469917072241,0.5426800469931179,0.5474974417947108,257392000
2015-03-09,0.5446069836616516,0.5487018209410193,0.5421982862532521,0.5434026636713899,222388000
2015-03-10,0.554000973701477,0.5576140488731388,0.5460522657517028,0.5470157333215188,527212000
2015-03-11,0.5511104464530945,0.5612269397918773,0.5496652167110202,0.5540008485093745,262120000
2015-03-12,0.5460521578788757,0.5499060848246762,0.5356947543367302,0.5458113053909727,406972000
2015-03-13,0.5467748045921326,0.5482200344594023,0.5359356380154834,0.5434026398537524,359288000
2015-03-16,0.5532782673835754,0.5566504894633817,0.5474974054905637,0.5511104800661161,236956000
2015-03-17,0.56002277135849,0.5602636239046596,0.5482201351779157,0.5520740630560506,299900000
2015-03-18,0.5508697628974915,0.5629132533170204,0.545811514149657,0.5600228500730687,413844000
2015-03-19,0.5593000054359436,0.56122694014133,0.5487017497005806,0.5527965290204284,310756000
2015-03-20,0.5653217434883118,0.5686939655078663,0.558577414304945,0.563876571111784,462084000
2015-03-23,0.5470157265663147,0.5556870494433374,0.5467748740338054,0.548460956617132,426012000
2015-03-24,0.5395488739013672,0.549183665991552,0.537140175878821,0.5453297376698999,330480000
2015-03-25,0.5067904591560364,0.5393079041065466,0.5051043192216422,0.5393079041065466,542552000
2015-03-26,0.5051044225692749,0.5072722679902983,0.4928200800392556,0.4964331557409613,311920000
2015-03-27,0.514979898929596,0.5169068335077482,0.49980510248608573,0.5079946605850303,318288000
2015-03-30,0.5171478390693665,0.5197973889614389,0.5106443044523016,0.5173886915792252,253252000
2015-03-31,0.5041409134864807,0.5161844024573505,0.5036592083843772,0.5157026973552469,357276000
2015-04-01,0.5060678124427795,0.5077538948436103,0.4973964905043109,0.5060678124427795,330768000
2015-04-02,0.5072720646858215,0.5104033765630361,0.502936433009299,0.5089581468615729,192204000
2015-04-06,0.5219651460647583,0.5236512282060036,0.49980511090347757,0.5051042097965728,515864000
2015-04-07,0.5265418887138367,0.5323227521820809,0.5190748850322954,0.5219653454803613,413964000
2015-04-08,0.5303956866264343,0.5323226791366854,0.5219652738562106,0.5270235215183449,366432000
2015-04-09,0.5426799058914185,0.5443659878907918,0.5260598809189172,0.5263007333680103,379432000
2015-04-10,0.5482199192047119,0.5484607716559968,0.5412346812666947,0.543161673160559,258728000
2015-04-13,0.5431618094444275,0.5501469917072241,0.5407530546157551,0.5470156793434011,236724000
2015-04-14,0.5385853052139282,0.5431618478272078,0.5332861475865582,0.5409940027849365,220276000
2015-04-15,0.5450887680053711,0.54918354802131,0.537380913017793,0.5400305204729546,243560000
2015-04-16,0.5417165756225586,0.5465339703895067,0.537862648323425,0.5419574281325433,155284000
2015-04-17,0.5347312688827515,0.5400304254325936,0.5301547272000636,0.5303955796798255,293636000
2015-04-20,0.5320817828178406,0.5405121948942384,0.5311182579280735,0.5371400300636793,231624000
2015-04-21,0.531359076499939,0.5385851673634509,0.5287094696504788,0.5385851673634509,230456000
2015-04-22,0.5373808145523071,0.5381034294142286,0.5263007965733345,0.534490412532489,207420000
2015-04-23,0.5352131128311157,0.5402714182147811,0.5214835416455048,0.5275053146262882,259380000
2015-04-24,0.5306366682052612,0.5352131540005733,0.5246148947612733,0.5349723014397378,240960000
2015-04-27,0.5347312688827515,0.5441252047278892,0.5277460301188387,0.5323225718015265,248456000
2015-04-28,0.5373808145523071,0.5393078066600538,0.5287094936371168,0.5337677976705675,234484000
2015-04-29,0.5332860946655273,0.5388261042718673,0.5311182498383836,0.533526947170363,195156000
2015-04-30,0.5347312688827515,0.5373808184437384,0.5294321123329092,0.5306364895874559,218844000
2015-05-01,0.5479792356491089,0.5496653181835033,0.5366583055315076,0.5390670030703396,256968000
2015-05-04,0.5446069836616516,0.5511105183494188,0.5429209012185595,0.5474974435228814,200720000
2015-05-05,0.5306366682052612,0.5434027727757434,0.5282279703132436,0.5426801576653494,292928000
2015-05-06,0.5323226451873779,0.5385852699475001,0.5253374054604819,0.5335269651800835,316484000
2015-05-07,0.5417165756225586,0.5434026580482029,0.5284687112995134,0.5301547937251577,534564000
2015-05-08,0.5017321705818176,0.5260600563151863,0.49354261030352253,0.5060678606782423,1146552000
2015-05-11,0.4969147741794586,0.5019730792792588,0.4908930589644889,0.4947469291366871,544144000
2015-05-12,0.5017321705818176,0.5058269507209652,0.4930608478168486,0.49330175777412566,388800000
2015-05-13,0.504622757434845,0.5091993012105437,0.49980536106923407,0.505345372632476,308524000
2015-05-14,0.5128123164176941,0.5154619246009814,0.5048636067236206,0.5060679845210956,293052000
2015-05-15,0.5130529403686523,0.5173885716807572,0.5099216287546301,0.5149798748567296,215824000
2015-05-18,0.5123302936553955,0.5154616050743058,0.5094398346755217,0.5118485313494636,324972000
2015-05-19,0.5091361999511719,0.5147018525464316,0.508168215217804,0.5130079081098828,253808000
2015-05-20,0.5091361999511719,0.5154278122496124,0.5086522075844879,0.5093781672876687,196824000
2015-05-21,0.5055065751075745,0.5115562221479405,0.5050225825746095,0.5093783422901635,239692000
2015-05-22,0.5047804713249207,0.5086522374043047,0.5035705768778157,0.5067163832114594,212592000
2015-05-26,0.5016348361968994,0.5057485710309642,0.4977630687960993,0.5023607961904065,259732000
2015-05-27,0.528494656085968,0.5309145010877162,0.5033282219128626,0.5050221076447208,432332000
2015-05-28,0.5357545018196106,0.5374483885338939,0.5275270355806091,0.5284949626039582,327656000
2015-05-29,0.535512387752533,0.5391421275189369,0.5347864282605175,0.535754355018647,335168000
2015-06-01,0.5415621399879456,0.5468858253371326,0.5355125526169381,0.5389003261601976,372660000
2015-06-02,0.530914843082428,0.5410782217140861,0.530430850692847,0.5381743827639859,224304000
2015-06-03,0.5251069068908691,0.5364801731120349,0.5241389226941953,0.5323664422039744,250788000
2015-06-04,0.5345445275306702,0.536238413991658,0.5219613050276972,0.5219613050276972,323712000
2015-06-05,0.5386582612991333,0.5410781073481776,0.5272849329443122,0.5328505846264824,313320000
2015-06-08,0.5263171195983887,0.5405942316756542,0.5202675320176261,0.5369644906659353,342812000
2015-06-09,0.5289790034294128,0.5328507118775492,0.5258331970450313,0.5268011241570654,256888000
2015-06-10,0.5195416212081909,0.5260752017959824,0.5166377819719731,0.522687427816194,529460000
2015-06-11,0.5251069068908691,0.5287366457005926,0.519541257381456,0.519541257381456,283052000
2015-06-12,0.5108302235603333,0.5248653136302955,0.5096202711662869,0.521719506638222,323728000
2015-06-15,0.5098622441291809,0.5122820909761446,0.5042965906117944,0.5081682994119766,306548000
2015-06-16,0.5161537528038025,0.5168797125611957,0.5038125523155073,0.5088942129235651,256892000
2015-06-17,0.5222035646438599,0.5251074045988867,0.5147020550183241,0.5159119498704434,233544000
2015-06-18,0.530914843082428,0.5343026167284164,0.5251072228759203,0.5265591423509705,299404000
2015-06-19,0.5292211174964905,0.5352707068940622,0.5243814229009489,0.530915004835559,355656000
2015-06-22,0.5270431041717529,0.5330927497312498,0.5190576043416868,0.5301889106316999,514236000
2015-06-23,0.5134918093681335,0.5321246179272642,0.5093780769091317,0.5280108854682624,414064000
2015-06-24,0.5084103941917419,0.5154279683182446,0.5059905470129866,0.5127660960360184,253368000
2015-06-25,0.5122820138931274,0.5154278200902012,0.5084102479818298,0.5084102479818298,350460000
2015-06-26,0.5018766522407532,0.508652257571743,0.4996988306108777,0.5081682651574952,421296000
2015-06-29,0.4868737757205963,0.5011508925190238,0.4861478157398532,0.49606917265382205,391724000
2015-06-30,0.4866316616535187,0.49195534797469126,0.48324388749172786,0.489777468430525,315916000
2015-07-01,0.4936492145061493,0.5057484486472413,0.4892935132928358,0.49873093323099743,302892000
2015-07-02,0.4941330850124359,0.49727889088220173,0.4909872791426701,0.493407125373745,145764000
2015-07-06,0.48808354139328003,0.49679500116309067,0.4844538001438488,0.4900194533941807,214776000
2015-07-07,0.4788881242275238,0.48711562052672314,0.4636430838570166,0.48517976619453396,594252000
2015-07-08,0.47550031542778015,0.47913008530471324,0.4716285493536462,0.47622627517253613,332492000
2015-07-09,0.46969276666641235,0.48517983427175937,0.46678895591383623,0.4830019545721876,357588000
2015-07-10,0.47792020440101624,0.48227593440903205,0.4745324015739598,0.4757423249735837,216708000
2015-07-13,0.4810659885406494,0.4837278025873892,0.47792018207918613,0.48275987545163795,212472000
2015-07-14,0.4813079535961151,0.48227590957407857,0.47501636955016774,0.4817919460085207,249216000
2015-07-15,0.47792020440101624,0.4832438615899914,0.4735644743930005,0.48009805498159946,265732000
2015-07-16,0.4885675311088562,0.4885675311088562,0.47913011160273045,0.48082399853556895,282848000
2015-07-17,0.48566368222236633,0.48735756912120565,0.4793720693445657,0.486873634403649,220372000
2015-07-20,0.4767102599143982,0.4875995988761789,0.47550033656829455,0.48566368690619544,188412000
2015-07-21,0.4788881242275238,0.4856637009307324,0.4757423176674431,0.4757423176674431,149720000
2015-07-22,0.46969276666641235,0.4755004170184175,0.4638851451612601,0.4755004170184175,356472000
2015-07-23,0.47550031542778015,0.48251785898444544,0.4696926663165792,0.47066062225853605,169916000
2015-07-24,0.46993476152420044,0.47937215365384916,0.4679988780792627,0.478888190004328,188844000
2015-07-27,0.46727272868156433,0.4725963843610229,0.4619490730021057,0.465820809474966,192420000
2015-07-28,0.4774361848831177,0.48058196227616035,0.46364303666567125,0.4684827296972396,198308000
2015-07-29,0.4832439422607422,0.48711570932461506,0.4745324807904552,0.47646836432239165,232680000
2015-07-30,0.48445382714271545,0.4892935208741404,0.48203395143015293,0.48203395143015293,190180000
2015-07-31,0.482759952545166,0.48663169055330935,0.47985614182734543,0.48638972315415496,218340000
2015-08-03,0.4909874200820923,0.4914713548510112,0.48034007630090525,0.48663166099961275,397132000
2015-08-04,0.49292320013046265,0.49437511960543185,0.4873575472722094,0.4892934591367326,260100000
2015-08-05,0.4980050325393677,0.50550654128936,0.4970370475381958,0.5050225487887741,234628000
2015-08-06,0.49485933780670166,0.5004249932046467,0.48663180959209645,0.4967951928608916,655676000
2015-08-07,0.5560814738273621,0.5655188380887359,0.5294630953344989,0.5434982445539148,1405248000
2015-08-10,0.5754398703575134,0.5795536023427593,0.5488215095457546,0.5522093397339041,662304000
2015-08-11,0.5725365281105042,0.5781021838961697,0.5669708723248386,0.5669708723248386,435008000
2015-08-12,0.573988139629364,0.578101872963809,0.5633408264288188,0.5633408264288188,384048000
2015-08-13,0.5691484212875366,0.5759240258914511,0.5676965018942914,0.5747140738325168,276884000
2015-08-14,0.5696324706077576,0.5730202444016156,0.5652767119924869,0.568664485786345,214652000
2015-08-17,0.5660027265548706,0.5686645408371998,0.5589851532356016,0.5686645408371998,273880000
2015-08-18,0.5608511567115784,0.5681412425069203,0.5564770704725021,0.5642531851621142,287084000
2015-08-19,0.5586640238761902,0.5664401373170364,0.5525889243874461,0.5601220523884042,249248000
2015-08-20,0.5384946465492249,0.5550188109740753,0.5358215756467603,0.5523457980080384,426932000
2015-08-21,0.5217276811599731,0.5435979396123707,0.5212416522420047,0.5346068391533638,382664000
2015-08-24,0.5032592415809631,0.5304755750422615,0.4860060043258407,0.492567073333462,682284000
2015-08-25,0.4928102195262909,0.5273166433028155,0.4928102195262909,0.5253725859718261,622684000
2015-08-26,0.5299898386001587,0.5304758675835956,0.5049605336506425,0.5088485917087497,614976000
2015-08-27,0.5499158501625061,0.5501588355756278,0.5324196258161475,0.5355786679324743,463764000
2015-08-28,0.5523458123207092,0.5557478394449891,0.5460277288405156,0.5499157846695909,320944000
2015-08-31,0.5462708473205566,0.5535609899865437,0.5440838624572039,0.5496729332101651,219352000
2015-09-01,0.5239145159721375,0.5394667416427972,0.5200265174909106,0.5304756437661934,353408000
2015-09-02,0.5397096276283264,0.5399526130045262,0.5292605032781774,0.5382515994982726,344044000
2015-09-03,0.5411679148674011,0.5504020588213946,0.5401959149607847,0.5477289866576306,262556000
2015-09-04,0.5285314321517944,0.5404385833464764,0.5282884468018277,0.5319334587970118,287972000
2015-09-08,0.551131010055542,0.5533180532769626,0.5392239099239792,0.5414108952089453,238448000
2015-09-09,0.5401958227157593,0.5574490064054878,0.5389807795876309,0.5528319931533574,289392000
2015-09-10,0.5487009882926941,0.5555051035333525,0.5346068447612211,0.5370368735036444,357076000
2015-09-11,0.5504019260406494,0.5540469392952398,0.540438770076124,0.5426258127907428,301584000
2015-09-14,0.5513738989830017,0.5547759266387452,0.5484578421715425,0.5530749128108734,192460000
2015-09-15,0.5574491620063782,0.5603652199786899,0.5499160894931879,0.5516171039982161,327976000
2015-09-16,0.5613367557525635,0.5644957966311498,0.5523456616890536,0.5564767017757251,173508000
2015-09-17,0.5664400458335876,0.5761601570965681,0.5652250029574986,0.5710570581280002,268712000
2015-09-18,0.5659542679786682,0.5708143257645815,0.5552621524369508,0.5586641812997982,326412000
2015-09-21,0.5717862844467163,0.5730013277736877,0.5637671838853597,0.5666832415209274,281840000
2015-09-22,0.556233823299408,0.5632809203003568,0.5533177671786224,0.5593928647847842,228356000
2015-09-23,0.5589070320129395,0.5623090600552979,0.5545330042351135,0.5567199891558041,161632000
2015-09-24,0.5695992708206177,0.5754313278651709,0.5467569556634022,0.555505070198458,382440000
2015-09-25,0.5737301707267761,0.584908311073993,0.5681411005531677,0.5766461695544606,369692000
2015-09-28,0.5661970973014832,0.5773752387128837,0.562552083935755,0.5737302253471556,395584000
2015-09-29,0.5761604905128479,0.5771324906143426,0.5642533299442541,0.5722724321704024,380736000
2015-09-30,0.599002480506897,0.5997314947347528,0.57810422713887,0.5815062549112371,556380000
2015-10-01,0.5873385667800903,0.6007036969457051,0.5703283063096464,0.5990026824859527,489296000
2015-10-02,0.602647602558136,0.602647602558136,0.5781042759773977,0.5841793757439437,386144000
2015-10-05,0.6177138686180115,0.6252469398477946,0.6033766825908699,0.6065357255438486,482024000
2015-10-06,0.6257330179214478,0.6284060321931226,0.6087228164957366,0.6111528452708382,453216000
2015-10-07,0.6322938799858093,0.638611964291628,0.6169846979895705,0.627190838632542,310152000
2015-10-08,0.6359388828277588,0.6376398964300823,0.618928630931662,0.6296207991983109,460068000
2015-10-09,0.6335089802742004,0.6386120220893194,0.6216018247691474,0.6325369226496084,423248000
2015-10-12,0.6403129696846008,0.6439580405580485,0.6296208583498808,0.6342378708743333,227588000
2015-10-13,0.6415281295776367,0.6454161286362172,0.6330230012799872,0.6352100442027736,298444000
2015-10-14,0.6648564338684082,0.6753055620137153,0.641528149123919,0.642257105517278,612148000
2015-10-15,0.6665574312210083,0.6801656018075981,0.6592673460428116,0.6660714023678831,526048000
2015-10-16,0.6770064830780029,0.6833245677768979,0.6670433272311146,0.6687443990578051,448396000
2015-10-19,0.6757915616035461,0.6823526908500753,0.6680155049832258,0.6791936479324153,294712000
2015-10-20,0.6748194694519043,0.6779785119374034,0.6677723702199108,0.6728754700468785,264824000
2015-10-21,0.666071355342865,0.6830816108275036,0.6648563702005009,0.6789505107087147,386280000
2015-10-22,0.690128743648529,0.6923157867185938,0.6728755583707748,0.6738475582008757,306884000
2015-10-23,0.6947456002235413,0.699362670408002,0.6857545031892557,0.6962036284856271,381776000
2015-10-26,0.6915866732597351,0.6969327584638885,0.6852685883647652,0.6952317445208492,247436000
2015-10-27,0.691100537776947,0.6954745643120408,0.6876984527647314,0.6881844814625989,208268000
2015-10-28,0.6966898441314697,0.6966898441314697,0.6852686583052608,0.6954748009416067,217036000
2015-10-29,0.6726323366165161,0.6925585885642856,0.6714173516351486,0.6855115482121967,327168000
2015-10-30,0.6893997192382812,0.6942598341908112,0.6748195481900405,0.6799226486124396,301160000
2015-11-02,0.6974185705184937,0.6981475846046987,0.6874554745677399,0.6915865157652824,190088000
2015-11-03,0.6925587058067322,0.6971757769777046,0.6847826499748494,0.6932877200935408,376768000
2015-11-04,0.6811375021934509,0.6957176704224696,0.6779784599501865,0.6906146289232445,442264000
2015-11-05,0.673361599445343,0.6864838012959027,0.671417599582682,0.6845397434967851,478800000
2015-11-06,0.7666745781898499,0.7761517050178148,0.7246350869003915,0.7399442694930892,1172272000
2015-11-09,0.7632725834846497,0.7654596262171347,0.7525804131945728,0.7591415413920278,492568000
2015-11-10,0.7486923336982727,0.757440445747942,0.7326541379299516,0.7533093461645809,552260000
2015-11-11,0.7414023876190186,0.7545245291613958,0.7387293158704261,0.749178443600657,619896000
2015-11-12,0.7387292981147766,0.7465054118459591,0.7355702555325115,0.7397012978470633,291080000
2015-11-13,0.7241489291191101,0.7426171506980165,0.7205038587051812,0.7394581089847543,292940000
2015-11-16,0.7387292981147766,0.7392153269491423,0.7277941418013291,0.7336262560679382,344280000
2015-11-17,0.7387292981147766,0.7450473832793069,0.7355702555325115,0.7406733555157946,257048000
2015-11-18,0.7569016218185425,0.7578773704618018,0.7337286674351562,0.7417782157252268,350216000
2015-11-19,0.7590969800949097,0.7666586541735605,0.7534866870183511,0.75958485442365,254072000
2015-11-20,0.7656830549240112,0.7700737499366388,0.760072761178837,0.7647073643066856,239744000
2015-11-23,0.7542184591293335,0.7720250286167872,0.7515352957490045,0.7720250286167872,242552000
2015-11-24,0.7603166103363037,0.7669025936843418,0.7508034974307232,0.7542184431435677,195428000
2015-11-25,0.7593409419059753,0.7678783652461469,0.7566577782991505,0.7588531256991555,138300000
2015-11-27,0.7656830549240112,0.7681223105455461,0.7569017230551977,0.7608045436809416,86996000
2015-11-30,0.7737328410148621,0.7771478464549875,0.7656832891853866,0.7664150719113807,327244000
2015-12-01,0.7988569140434265,0.7995886964657248,0.7798306873765392,0.7805624697988375,409496000
2015-12-02,0.7927588820457458,0.8083701073574616,0.7910514088207492,0.8000766493627793,294240000
2015-12-03,0.7910513281822205,0.8073943343753037,0.7871485077130277,0.7991008772260434,246656000
2015-12-04,0.8232495188713074,0.8247130838070562,0.791051322910587,0.791051322910587,458756000
2015-12-07,0.8076382279396057,0.8230055421712494,0.8051989726354787,0.8230055421712494,333588000
2015-12-08,0.8186150193214417,0.8220299658317463,0.7925149879120476,0.7976374076775045,314488000
2015-12-09,0.7978811264038086,0.823249427387218,0.7895876702314318,0.8183709169144749,372676000
2015-12-10,0.8044672608375549,0.8088578975077809,0.7976373104926668,0.8003204741157806,236596000
2015-12-11,0.7925148010253906,0.8020279139091466,0.7908073281728855,0.7964176210410161,227320000
2015-12-14,0.7944662570953369,0.7988569518368481,0.7849531433118337,0.7932466584380978,275892000
2015-12-15,0.8042232394218445,0.8098335325446424,0.7991008206318079,0.80349145700092,307296000
2015-12-16,0.8091019988059998,0.8117852212262389,0.7988571580771142,0.805930960059501,236356000
2015-12-17,0.7969054579734802,0.81861484762434,0.796417641806578,0.8103213912226649,254160000
2015-12-18,0.7839775085449219,0.7993448249209193,0.7830018179184101,0.7912952754784234,395896000
2015-12-21,0.8025157451629639,0.8032475275644394,0.7854409581602122,0.7925148159368537,284216000
2015-12-22,0.8032475113868713,0.8112970594845496,0.7983690009129109,0.8049549842371143,130012000
2015-12-23,0.8064185380935669,0.8095895756743561,0.8030035924393113,0.8044671571929727,122524000
2015-12-24,0.8091019988059998,0.8110534385803967,0.8027599213130023,0.803979578441557,52448000
2015-12-28,0.8083701133728027,0.8083701133728027,0.7893439414695138,0.8005645297370835,142024000
2015-12-29,0.8215423226356506,0.8239815789649494,0.8066628183174075,0.8088581664607138,203660000
2015-12-30,0.8144681453704834,0.8278840790470672,0.814224237279262,0.8208102209937254,180344000
2015-12-31,0.8039794564247131,0.816907517611796,0.8039794564247131,0.8132486630943279,148528000
2016-01-04,0.789587676525116,0.7947100951153965,0.781538128365285,0.7876362955830375,358076000
2016-01-05,0.802271842956543,0.8156877762065989,0.792758729824127,0.8044671901770468,490272000
2016-01-06,0.7690979838371277,0.7927587552282137,0.7600726865824283,0.7890998430767903,449344000
2016-01-07,0.7386074066162109,0.7549504150501084,0.7288503250272015,0.7498279370385001,645304000
2016-01-08,0.7227521538734436,0.7488521835519988,0.7212885888499571,0.7481204010402556,398472000
2016-01-11,0.7239718437194824,0.7290943219462471,0.7110437813126826,0.7234840274212331,409372000
2016-01-12,0.736167848110199,0.7469006168466759,0.731045429956263,0.736899630440251,469356000
2016-01-13,0.713726818561554,0.7466567945714739,0.7129950361474282,0.741778225758491,481672000
2016-01-14,0.6993352770805359,0.7073848264279634,0.6786015752689336,0.6990913108094577,600236000
2016-01-15,0.6612827777862549,0.6793333147237678,0.6498182829345871,0.6712837658863947,841452000
2016-01-19,0.6666490435600281,0.6939687230899436,0.663965822324272,0.6749424990099009,457140000
2016-01-20,0.6703081130981445,0.6788455375120275,0.6451837724375578,0.6539651049855257,481180000
2016-01-21,0.6781136393547058,0.6886024433661257,0.6637220150810121,0.6776258231696941,481456000
2016-01-22,0.6939687728881836,0.6986033752130375,0.6895780786362911,0.6910416433869219,257996000
2016-01-25,0.6932371258735657,0.7017745498149659,0.6917735608371608,0.6937250002711816,270728000
2016-01-26,0.7000669836997986,0.7029941136270949,0.6876267978216688,0.6947006563750083,227944000
2016-01-27,0.6917735934257507,0.7012867084540909,0.678601623790477,0.6990913607960635,231700000
2016-01-28,0.6842119693756104,0.6998231959749415,0.6707960324429455,0.6973839400014069,276776000
2016-01-29,0.7144584655761719,0.7159220302461913,0.6873827518065256,0.6900659149306091,310504000
2016-02-01,0.7147025465965271,0.7183614007028781,0.7076286883260945,0.7137268560452628,289884000
2016-02-02,0.6844558119773865,0.7110437169895899,0.6795773004975204,0.7073848624579124,341908000
2016-02-03,0.6878706216812134,0.693968788897377,0.6720154916007668,0.689822060779216,326772000
2016-02-04,0.6881146430969238,0.703725866350664,0.6812846929408619,0.688846367391366,348140000
2016-02-05,0.6446957588195801,0.691041667363272,0.6427443778553215,0.6834799934312282,600428000
2016-02-08,0.6151807904243469,0.6381097785734563,0.6061554934891454,0.63493874087329,608852000
2016-02-09,0.6217668652534485,0.6476229868186961,0.6049359837929009,0.6078631138404543,425372000
2016-02-10,0.620303213596344,0.6437200762369782,0.6168882677887676,0.6256695985485597,335800000
2016-02-11,0.617132306098938,0.623474382883546,0.6044481525297221,0.6044481525297221,340144000
2016-02-12,0.627621054649353,0.6288407115302733,0.603716314822573,0.626889272152089,340816000
2016-02-16,0.658355712890625,0.6593314616964455,0.6346949384001234,0.6366463196988776,485352000
2016-02-17,0.6746987700462341,0.6810408464230201,0.6639659985671612,0.6666492205151507,771468000
2016-02-18,0.7327530980110168,0.7556821481000559,0.7293381516647057,0.7300699341898357,1068660000
2016-02-19,0.7425101399421692,0.7490961828380928,0.7232400019820973,0.7288502960484023,525628000
2016-02-22,0.7688540816307068,0.7773915052575247,0.7517792925335116,0.7532428575159879,449668000
2016-02-23,0.7708055377006531,0.7781233046152124,0.7590970757434932,0.7627559882789937,369380000
2016-02-24,0.7761717438697815,0.7773914005764234,0.7464128064736252,0.767634379549019,336852000
2016-02-25,0.7778792977333069,0.7817821181819499,0.7639755471371228,0.7790989545669498,349616000
2016-02-26,0.7727567553520203,0.7834894662565818,0.7649511156997414,0.7815380854217268,361964000
2016-02-29,0.7677382230758667,0.7838959757332155,0.7672486295822034,0.773858608693242,323344000
2016-03-01,0.8017673492431641,0.8017673492431641,0.7684725456644408,0.7696966459345074,348700000
2016-03-02,0.8064188957214355,0.8093566901019407,0.7958918770157213,0.7973607742059738,233812000
2016-03-03,0.799319326877594,0.8088670419209336,0.7885474530123908,0.8054396540403337,302004000
2016-03-04,0.7968713045120239,0.8061742242149229,0.7907509180579694,0.8054397755057031,175304000
2016-03-07,0.7917298674583435,0.7978502516235122,0.7814476477429161,0.7924643158928961,239968000
2016-03-08,0.7772859334945679,0.7883026033637904,0.7748377911201093,0.7836511153418237,274940000
2016-03-09,0.7767965197563171,0.7853649908651203,0.7667590928410069,0.7841409485788621,222788000
2016-03-10,0.7755720615386963,0.7858542804971667,0.7599039656144168,0.781447590214263,286084000
2016-03-11,0.7887923121452332,0.7890371672763016,0.7777756990336148,0.7870786180693887,277400000
2016-03-14,0.7907506227493286,0.7939332131779543,0.7814476481523277,0.7851198903270147,190312000
2016-03-15,0.7868337035179138,0.7917299882497336,0.7728792978690592,0.7865889067918183,226216000
2016-03-16,0.8103359341621399,0.8130289317961324,0.7772859809068358,0.7809582238766793,363644000
2016-03-17,0.8034811615943909,0.8113151826802484,0.7924644910099711,0.8073982013214807,353680000
2016-03-18,0.8277178406715393,0.8384896568018142,0.8078878440837309,0.8130289845752575,545512000
2016-03-21,0.8301660418510437,0.8304108386260667,0.8115601444777096,0.8203734704301657,337780000
2016-03-22,0.828697144985199,0.8345726761677533,0.8184149216394814,0.8274731027409846,242012000
2016-03-23,0.8428964018821716,0.8490167297913029,0.8286971384047273,0.8323693818448695,429008000
2016-03-24,0.8441202640533447,0.8455891611160642,0.832614001009237,0.8353069400453448,244956000
2016-03-28,0.8526887893676758,0.8563609736476622,0.8416721197910833,0.8426513650411918,265388000
2016-03-29,0.8663984537124634,0.8683569443386768,0.8470581107132437,0.849016601339457,261812000
2016-03-30,0.8754564523696899,0.887452366287746,0.8690912711736475,0.8695809229457708,376700000
2016-03-31,0.8722739815711975,0.881332102837195,0.8654192060298979,0.8793736122163438,379884000
2016-04-01,0.8850043416023254,0.8854939934394248,0.8602780620110491,0.86688804078613,348292000
2016-04-04,0.8764358162879944,0.8970002596103173,0.873008428523714,0.8923487714340395,393940000
2016-04-05,0.8752117156982422,0.8832905910983753,0.8651742914435917,0.8686017373469181,339568000
2016-04-06,0.8764358162879944,0.8769254681264573,0.8477925553934335,0.8641951040096213,453376000
2016-04-07,0.867377758026123,0.8786392258136764,0.8637055732601043,0.8708051460392938,378104000
2016-04-08,0.8730082511901855,0.8801078803799954,0.8644397251516827,0.8744771480388784,255936000
2016-04-11,0.8783944845199585,0.8928385444797879,0.8754566898270005,0.8781496293833265,387524000
2016-04-12,0.8774150609970093,0.8825561422979163,0.8602780065906865,0.8813320419681863,292764000
2016-04-13,0.8994484543800354,0.8996932511293447,0.8813321524597002,0.8813321524597002,350716000
2016-04-14,0.9018965363502502,0.9058135759175043,0.8933280086488621,0.8970002514832627,416564000
2016-04-15,0.9089962244033813,0.9170751007816562,0.8987140021851252,0.9016517966384336,436972000
2016-04-18,0.9050791263580322,0.9072824720562561,0.8962658019334561,0.9072824720562561,307320000
2016-04-19,0.8889212608337402,0.910220091418088,0.8832905281269422,0.9085063977727554,309152000
2016-04-20,0.8923488259315491,0.8977347630102911,0.8864732953527638,0.887452540721174,200172000
2016-04-21,0.8913694620132446,0.8967553983756706,0.8874524226922361,0.8925935039688819,178280000
2016-04-22,0.8879420161247253,0.9004275234193821,0.8850042222350122,0.8943071973068959,223540000
2016-04-25,0.8923488259315491,0.8972451111419241,0.8857388467343751,0.8881869893395626,191972000
2016-04-26,0.8930832743644714,0.9080169851108407,0.8891662345233201,0.8977347628238589,214536000
2016-04-27,0.9134026169776917,0.913892268713631,0.8891659942306962,0.8908796877540223,352396000
2016-04-28,0.8862285017967224,0.9131581306927891,0.8840252141568279,0.9077721932399102,381224000
2016-04-29,0.8698258996009827,0.88451475538383,0.8602781258316345,0.88255626462678,321904000
2016-05-02,0.8813321590423584,0.886718096145657,0.87398773119331,0.8781495678042717,256076000
2016-05-03,0.8708052635192871,0.8749671007207983,0.8632160378422177,0.8712949154593664,224024000
2016-05-04,0.8509751558303833,0.8610125224991186,0.8421618312188571,0.8602780739174648,525764000
2016-05-05,0.8561162948608398,0.8661537205700216,0.8497511123058282,0.8580748439991722,246884000
2016-05-06,0.8649296164512634,0.867132962334566,0.8529337000221596,0.8546473940308423,183240000
2016-05-09,0.8637054562568665,0.870805028074301,0.8566058260711152,0.8671328438057406,333336000
2016-05-10,0.8803527355194092,0.8818216324656345,0.8607675985519035,0.869091270089431,269676000
2016-05-11,0.8828010559082031,0.8925936263694122,0.8781495674286316,0.8830459110275601,328176000
2016-05-12,0.8708052635192871,0.8930834053470809,0.8551371602250689,0.8891663649314432,670540000
2016-05-13,1.003250241279602,1.003739834990835,0.954776961766579,0.9594283938650391,2110256000
2016-05-16,1.0328718423843384,1.0478056046466715,0.9924774787579331,0.9956600685205165,973032000
2016-05-17,1.0350761413574219,1.0424205137890354,1.015001282121842,1.0282212458881022,628392000
2016-05-18,1.0615156888961792,1.0735116641207343,1.0282208778129762,1.0282208778129762,541072000
2016-05-19,1.0661672353744507,1.073756519086883,1.0558850703988918,1.057353851049692,398880000
2016-05-20,1.0852625370025635,1.0896692281592737,1.0710632766553634,1.0727769704268675,391084000
2016-05-23,1.0869762897491455,1.094075861939624,1.080366311023765,1.0899140840130122,413636000
2016-05-24,1.1133623123168945,1.1167987179791823,1.0873445981411096,1.0902900218288971,415788000
2016-05-25,1.1086982488632202,1.1214615493929436,1.0998619826814058,1.1167981010100143,458076000
2016-05-26,1.1204801797866821,1.1285800345338668,1.1074713257090758,1.1106621811258388,309964000
2016-05-27,1.126616358757019,1.1283345025190077,1.1180255229073093,1.1217073598599416,277416000
2016-05-31,1.1467434167861938,1.1491979751777053,1.1307891383607271,1.1315255526940948,412524000
2016-06-01,1.148952603340149,1.1599977655650942,1.1379073240754116,1.1413436123729224,387132000
2016-06-02,1.1570523977279663,1.1668703972106484,1.1437979930905382,1.1550887041996012,329208000
2016-06-03,1.1408525705337524,1.1472342819053676,1.1207257066939116,1.1457616873178742,461076000
2016-06-06,1.1349616050720215,1.1526340238849642,1.1290707597877867,1.1437977559586119,322512000
2016-06-07,1.137170672416687,1.1482159493766733,1.1366798076308375,1.14183423900156,193400000
2016-06-08,1.1334888935089111,1.1415887472531234,1.1241617608241186,1.1374160456710547,234616000
2016-06-09,1.1629431247711182,1.164661268825019,1.1271074150300011,1.1295619734154514,472168000
2016-06-10,1.1339799165725708,1.1595067603093294,1.1325072050462364,1.1491978966647667,400024000
2016-06-13,1.1484616994857788,1.1707976919778167,1.1352074102829697,1.1352074102829697,475588000
2016-06-14,1.1506707668304443,1.156070631811614,1.1329983431177684,1.1457617667458007,298344000
2016-06-15,1.162451982498169,1.172515411989413,1.147479554447311,1.160242974110258,301036000
2016-06-16,1.1671158075332642,1.1690793839846476,1.1425708092915108,1.1538615201866957,246456000
2016-06-17,1.1467434167861938,1.1688339741506533,1.1420798494741509,1.1685885417194595,471000000
2016-06-20,1.1673609018325806,1.1823333288673057,1.1644154794887576,1.1651518935945884,293768000
2016-06-21,1.1602431535720825,1.175461016348796,1.158524892622674,1.1722701609395105,212508000
2016-06-22,1.1592615842819214,1.1703068646523596,1.1572980074924624,1.1626978729234259,202620000
2016-06-23,1.190187931060791,1.1914152100646256,1.1695700885474885,1.1703065027656963,297880000
2016-06-24,1.1224437952041626,1.1624522055124176,1.1118894989440626,1.1413434959524376,1017684000
2016-06-27,1.1104166507720947,1.1217073599401566,1.0939713932779322,1.1131165240898326,449088000
2016-06-28,1.126616358757019,1.1327525195985413,1.1111529478593543,1.1315253576540962,381920000
2016-06-29,1.145025372505188,1.1538616430368758,1.1334892279553144,1.1364346514658772,318932000
2016-06-30,1.15386164188385,1.1609796511607668,1.1376619296317396,1.1469889480194728,430940000
2016-07-01,1.145270586013794,1.1624521418475748,1.1413434334436705,1.1474797117442903,218488000
2016-07-05,1.162207007408142,1.164170584196625,1.129807580758862,1.1388891672955215,371084000
2016-07-06,1.1695704460144043,1.1764431403125837,1.1482162997959913,1.1541071471830584,273104000
2016-07-07,1.2000058889389038,1.2041785905966906,1.172024607416537,1.177424470997411,395400000
2016-07-08,1.2481143474578857,1.2540051937914394,1.2081059363620292,1.2127695035361288,481932000
2016-07-11,1.2768317461013794,1.2861587612061323,1.2645591914860002,1.266031902721436,448776000
2016-07-12,1.295976996421814,1.3077585703682644,1.2748681724180986,1.291067997524146,436760000
2016-07-13,1.2954859733581543,1.3057949526428732,1.293522397269557,1.298431396010931,324604000
2016-07-14,1.308740258216858,1.3205219488276139,1.2915588211424422,1.302358665189048,316892000
2016-07-15,1.293522596359253,1.2994134425714832,1.2724138868184676,1.2920498848061952,428616000
2016-07-18,1.3001500368118286,1.3114407499378047,1.2952410361935698,1.3094771730984625,252992000
2016-07-19,1.3136496543884277,1.318804086610935,1.2969589614739168,1.299413519888322,382652000
2016-07-20,1.3308311700820923,1.3379492962529291,1.3126678815437318,1.3180677465038406,296460000
2016-07-21,1.3062858581542969,1.3320581316104096,1.301867724037309,1.3278854298821827,361308000
2016-07-22,1.3418761491775513,1.3418761491775513,1.3013768784409867,1.3109494439823355,315768000
2016-07-25,1.3666664361953735,1.3698572910484674,1.3440850198565186,1.3499758648283087,312528000
2016-07-26,1.3899846076965332,1.39710261625066,1.3767303202979335,1.3786938967570255,514508000
2016-07-27,1.3759942054748535,1.404466479968205,1.3676489159274394,1.4020119210802426,446676000
2016-07-28,1.378939151763916,1.3892480146276012,1.3747664499154135,1.379184584159751,221916000
2016-07-29,1.4015209674835205,1.4052026885428146,1.359303540414888,1.3840939750084984,409588000
2016-08-01,1.3924386501312256,1.4125656249307312,1.3833570677195253,1.4074111943122392,301120000
2016-08-02,1.3755030632019043,1.3998026295026769,1.3622487755905348,1.399066215168831,282748000
2016-08-03,1.3791847229003906,1.3818847136057226,1.3661758682943417,1.3737848585295076,299828000
2016-08-04,1.4047117233276367,1.411093435129374,1.3831121464047227,1.3858120203702156,272712000
2016-08-05,1.4285200834274292,1.429256380594045,1.4140385191260925,1.42091109417357,371588000
2016-08-08,1.441774606704712,1.4515926061186122,1.4265566256853168,1.4481563180277257,305064000
2016-08-09,1.4454561471939087,1.459446847284083,1.4417744271321993,1.4488924348568069,372344000
2016-08-10,1.4361293315887451,1.4604289000446493,1.4314657638600607,1.4582198909267658,375740000
2016-08-11,1.4653377532958984,1.4714740321678144,1.4407927548480195,1.4437381780697218,681064000
2016-08-12,1.5473178625106812,1.5556631487098456,1.4881644449296774,1.5193365812453032,1425744000
2016-08-15,1.54584538936615,1.558608811533775,1.5249821121336686,1.5490362449080561,573304000
2016-08-16,1.5365183353424072,1.5460907846987217,1.5318547683515076,1.5436363435160143,287652000
2016-08-17,1.5009276866912842,1.539954359884616,1.4889006811691434,1.5365180725925758,595212000
2016-08-18,1.5242459774017334,1.5267004189050322,1.4928282834729982,1.4987191303445844,331684000
2016-08-19,1.5281727313995361,1.5397088726428363,1.5168820225384692,1.523509165017817,291560000
2016-08-22,1.5345547199249268,1.536763845845373,1.514673288879614,1.5328365758977929,244748000
2016-08-23,1.546972632408142,1.5570546079141554,1.5425463563608248,1.5501693677886295,339764000
2016-08-24,1.5231201648712158,1.553120326039933,1.515989039569586,1.5523826719420237,298448000
2016-08-25,1.5130382776260376,1.52434979524726,1.4941038648563916,1.5236121411059802,406032000
2016-08-26,1.5253331661224365,1.5339397157719528,1.5049232143759321,1.5169725011406998,300024000
2016-08-29,1.524349570274353,1.5376282809013673,1.5218906062441964,1.531480812198251,274652000
2016-08-30,1.515497088432312,1.5304971085901358,1.5113166972790928,1.5223823282089597,285544000
2016-08-31,1.5083658695220947,1.5226282358859757,1.5039397108876245,1.5184479619250375,388544000
2016-09-01,1.5528748035430908,1.558530504712614,1.5083663794349214,1.5095959204736829,428492000
2016-09-02,1.5376282930374146,1.557792361070005,1.5201693082447005,1.5560710510586748,323148000
2016-09-06,1.5521366596221924,1.5521366596221924,1.5351694429289848,1.5430383395314358,306812000
2016-09-07,1.5292682647705078,1.5548421581708718,1.5204158263464198,1.5472191436560327,397988000
2016-09-08,1.5403335094451904,1.5427925911499965,1.5103334630815632,1.5277924507127132,315808000
2016-09-09,1.4636119604110718,1.5319728368697403,1.450825017007944,1.5233662854466614,697760000
2016-09-12,1.493857979774475,1.4968088310814176,1.4095134190709984,1.444185746044357,598260000
2016-09-13,1.4722182750701904,1.5073823637736596,1.463857609710134,1.4901691464402842,471768000
2016-09-14,1.4852514266967773,1.4901694731193968,1.4633661611555375,1.475661218584348,319048000
2016-09-15,1.541562795639038,1.5432841056458624,1.4842674442899462,1.4877101815590452,515212000
2016-09-16,1.545251727104187,1.55533370525084,1.527546735533134,1.5469730375864088,902444000
2016-09-19,1.565661072731018,1.604759546284376,1.5543495580218771,1.561480681906916,417128000
2016-09-20,1.5513989925384521,1.5836122327714994,1.5427924419150854,1.5836122327714994,331112000
2016-09-21,1.594923973083496,1.5978748243551957,1.5558254868721642,1.5560713716022267,336212000
2016-09-22,1.5988578796386719,1.6091858559655217,1.5897595611011257,1.6042678110855015,308732000
2016-09-23,1.5971370935440063,1.6054977608562178,1.590005967168864,1.6008257163552142,276132000
2016-09-26,1.582136869430542,1.5885303407889313,1.5622188012396199,1.5789401337513473,230040000
2016-09-27,1.6362354755401611,1.6386945572561809,1.5752517264017962,1.57598938056332,402752000
2016-09-28,1.642136812210083,1.643366352794319,1.6212350912998492,1.6386941923785778,319788000
2016-09-29,1.6573829650878906,1.6625470128642472,1.624186185128235,1.6394320919883247,336684000
2016-09-30,1.684923768043518,1.7013992118161954,1.656644923264978,1.6664810125995744,429932000
2016-10-03,1.683202862739563,1.7092686365365168,1.6802521288289276,1.68492429029935,242596000
2016-10-04,1.6795141696929932,1.7139404891870202,1.6669731122664733,1.6856617560593623,281624000
2016-10-05,1.6777927875518799,1.7109896821518258,1.6726288574377868,1.693776464516063,305440000
2016-10-06,1.6559076309204102,1.6679568019469937,1.6293500901134426,1.657628941067065,360212000
2016-10-07,1.6438583135604858,1.6713993926752537,1.6391861526006508,1.6669731164098112,286260000
2016-10-10,1.6500056982040405,1.661317213551307,1.6345137917968402,1.6524646621027803,287876000
2016-10-11,1.6261533498764038,1.6470550735307914,1.6136122922326797,1.64459610929493,388540000
2016-10-12,1.633530855178833,1.6421374078795399,1.6059897692810845,1.6195143688472649,419920000
2016-10-13,1.6069731712341309,1.6180388050514745,1.5663992587408548,1.614350299530852,390116000
2016-10-14,1.622710943222046,1.6377109670763774,1.6131207352031762,1.6266453334195683,330636000
2016-10-17,1.613366723060608,1.6377110717594985,1.6111536430899749,1.6224651622002317,195328000
2016-10-18,1.637956976890564,1.647301300892609,1.6291045396423784,1.6357438968923885,269372000
2016-10-19,1.6345138549804688,1.6421368661465785,1.6185301786267456,1.6268909610698068,199060000
2016-10-20,1.6654976606369019,1.6709075928367854,1.6303336876149368,1.653694374732943,312084000
2016-10-21,1.6608258485794067,1.6637765825252129,1.6450880536762387,1.6595963077029623,279508000
2016-10-24,1.738776683807373,1.7407438785728757,1.6718911237366476,1.6721371256808584,339836000
2016-10-25,1.7673014402389526,1.7778753034764434,1.727465303392065,1.7358259697455305,397460000
2016-10-26,1.7744325399398804,1.7938588373803064,1.7508258510321477,1.7525471611056376,333792000
2016-10-27,1.7380388975143433,1.7913997439447518,1.730907772580028,1.787957123820913,388664000
2016-10-28,1.7350878715515137,1.772956803785978,1.7318911366531569,1.746399386018358,290856000
2016-10-31,1.7498421669006348,1.7613995670782845,1.7397600747301596,1.7407437306570543,252388000
2016-11-01,1.697956919670105,1.765826019518417,1.6792682759776176,1.7562358129797127,473224000
2016-11-02,1.6908257007598877,1.7341045731304803,1.6878748498985243,1.7109897701422314,295848000
2016-11-03,1.6711534261703491,1.700169929286442,1.6386943029903744,1.6986945039368566,309664000
2016-11-04,1.6615632772445679,1.690088011978248,1.6372189340212473,1.6600878518441737,328780000
2016-11-07,1.7525471448898315,1.7636127765487113,1.7090223895678132,1.710251930253345,487580000
2016-11-08,1.7498421669006348,1.7648421869392488,1.7336126062672634,1.7591863705566326,429884000
2016-11-09,1.7203340530395508,1.7434489743336665,1.6898422387677159,1.7023831796152191,456532000
2016-11-10,1.6664811372756958,1.7582028003010772,1.6416450274360663,1.7579569156376318,869280000
2016-11-11,2.1632046699523926,2.182876854777623,1.9303349534355565,1.9551711864445604,2175344000
2016-11-14,2.0567290782928467,2.1686147236605224,2.056237308821463,2.1661556417926504,1348796000
2016-11-15,2.119434118270874,2.150417703511412,2.0638599504937214,2.0727125039242775,626092000
2016-11-16,2.253204345703125,2.2760731420772613,2.123367872319532,2.147712211078956,987984000
2016-11-17,2.2718937397003174,2.3309102954554772,2.2291065139924275,2.269926427370767,832988000
2016-11-18,2.295745849609375,2.3195981876241447,2.2573850258264994,2.271893277083706,576060000
2016-11-21,2.2864012718200684,2.320089931189042,2.272138789584836,2.313696461275873,436436000
2016-11-22,2.30287766456604,2.305090744692863,2.271648071749586,2.2942711115667396,330368000
2016-11-23,2.3142058849334717,2.34572836409874,2.284653428606132,2.3080489764098306,443236000
2016-11-25,2.3188846111297607,2.3420340192136915,2.300414123848623,2.3252876538888483,195564000
2016-11-28,2.3176534175872803,2.3331684026939925,2.3050934664286857,2.311742879967003,278736000
2016-11-29,2.296473979949951,2.3257802971493104,2.2787426023395776,2.314944233462178,444568000
2016-11-30,2.2706148624420166,2.3188839215910213,2.2681521002219203,2.30509259407564,440500000
2016-12-01,2.158316135406494,2.2698767657520067,2.0876365264406753,2.268152878578743,1035524000
2016-12-02,2.178264856338501,2.1868842950375815,2.0962566512379497,2.124085225407306,478292000
2016-12-05,2.2627341747283936,2.2807119170132384,2.191808216577734,2.2161890000131517,602284000
2016-12-06,2.2999215126037598,2.3082948123126283,2.255100215348623,2.2708615687134395,498796000
2016-12-07,2.3412954807281494,2.346959648445298,2.2681531015081657,2.2863772211752935,480804000
2016-12-08,2.302138090133667,2.3794671115208224,2.2915486318256058,2.3442504925654344,381544000
2016-12-09,2.261256694793701,2.321592963774016,2.2339206430883483,2.31986907708492,382312000
2016-12-12,2.206339120864868,2.2152049281076334,2.1558536459306885,2.212742164729858,601332000
2016-12-13,2.2452492713928223,2.272831696930923,2.2176670807166996,2.2186520918517103,387796000
2016-12-14,2.37528133392334,2.391535198553158,2.2551010019540647,2.2789892931315356,983980000
2016-12-15,2.4309375286102295,2.4612288526525896,2.3789743152404124,2.386362368587189,746548000
2016-12-16,2.4728035926818848,2.4799452759171126,2.406802912562164,2.4585197564874592,1089528000
2016-12-19,2.5028486251831055,2.5230427638573825,2.4380793244255434,2.4553184295141146,744656000
2016-12-20,2.590029001235962,2.6136709189212217,2.5641704556028615,2.5754990261754505,848056000
2016-12-21,2.6062827110290527,2.6092379799243726,2.5540733519817773,2.601603554849965,576136000
2016-12-22,2.637805700302124,2.6811492572253806,2.623521859994354,2.630663780148239,718612000
2016-12-23,2.7035598754882812,2.7050376275668815,2.617118894476073,2.6198277934707606,647692000
2016-12-27,2.889247179031372,2.8902321901742787,2.739021941225048,2.7597088192599473,1194272000
2016-12-28,2.690506935119629,2.953523953469792,2.6767158386551704,2.9453970237872364,2295764000
2016-12-29,2.744194269180298,2.7456720211159054,2.53166267996832,2.583379535335879,2175368000
2016-12-30,2.628692865371704,2.756261210498699,2.6178570375647214,2.7422237439925206,1212932000
2017-01-03,2.512206554412842,2.6195805088245656,2.4474372634964885,2.571065074469904,1501996000
2017-01-04,2.5708203315734863,2.598156399220732,2.5003868367032593,2.546439533525571,1199220000
2017-01-05,2.5055577754974365,2.6060362082428243,2.488565038928948,2.57426736281114,984296000
2017-01-06,2.539050579071045,2.5673716482821622,2.492259022680329,2.532893671723845,822856000
2017-01-09,2.6419920921325684,2.659723707207968,2.5489019350038964,2.5489019350038964,916248000
2017-01-10,2.622044086456299,2.6890295556190273,2.601357204034373,2.6550443153617653,880920000
2017-01-11,2.58978271484375,2.615394891024939,2.5649094146691085,2.610469598992737,525664000
2017-01-12,2.547423839569092,2.5784540443368833,2.502602537065401,2.5668793394711082,625616000
2017-01-13,2.547177314758301,2.585841703531684,2.538065139551288,2.5513637296009475,457820000
2017-01-17,2.4900431632995605,2.5415136514913375,2.4767445693881065,2.5365883594206755,580612000
2017-01-18,2.5353569984436035,2.542252548316213,2.4407890882645953,2.4686176580485046,654424000
2017-01-19,2.58978271484375,2.6217979350702363,2.536095833896295,2.5383122270538885,644872000
2017-01-20,2.561461925506592,2.6301715302285062,2.539543892051241,2.612439913265785,492024000
2017-01-23,2.5880582332611084,2.608006236824073,2.5538266277355985,2.556289390617346,369904000
2017-01-24,2.643223524093628,2.6493804328598896,2.5833797330854846,2.5981560792624574,428052000
2017-01-25,2.6545519828796387,2.691738864749506,2.6185964827108714,2.685581956244005,522760000
2017-01-26,2.7003581523895264,2.7077462073253162,2.6277082800785005,2.6572607346836925,458800000
2017-01-27,2.752568244934082,2.755523514667342,2.6806572294363074,2.7072544221735533,471996000
2017-01-30,2.7094695568084717,2.733850344632813,2.6575065774391713,2.731633952078234,496004000
2017-01-31,2.6887831687927246,2.710208690294052,2.6646485140342357,2.6831190017564905,362756000
2017-02-01,2.8062541484832764,2.8104405634912486,2.7055293556844564,2.7232607314969033,590004000
2017-02-02,2.841716766357422,2.850336435921291,2.7597088341494733,2.7902462935021592,483240000
2017-02-03,2.8168435096740723,2.8542767521322983,2.8050226711572512,2.843194554555165,372744000
2017-02-06,2.8890013694763184,2.889493875143351,2.807485692600748,2.807485692600748,506768000
2017-02-07,2.9338226318359375,2.9779050590505225,2.903531302551721,2.92323293812711,746224000
2017-02-08,2.9210169315338135,2.9382558062266355,2.8660984330863104,2.915845269125967,449580000
2017-02-09,2.866098165512085,2.9320988586324153,2.8468892697117103,2.927173332115989,842568000
2017-02-10,2.7981278896331787,2.9724873605506597,2.7730082192546597,2.9535245987689605,1651092000
2017-02-13,2.669081449508667,2.8069928856819946,2.664648429257081,2.7924629131847976,1180724000
2017-02-14,2.6789331436157227,2.7126722552859253,2.6176115947615703,2.6594776388819072,850632000
2017-02-15,2.6843509674072266,2.704052607784147,2.653813495281624,2.6818884385066712,373020000
2017-02-16,2.641253709793091,2.6951869665902732,2.6020965654778925,2.6939555847397623,647176000
2017-02-17,2.6407599449157715,2.6451929648306307,2.580670037034632,2.6277077251145333,563740000
2017-02-21,2.73532772064209,2.7392679996271694,2.665140400304959,2.665386770493631,551952000
2017-02-22,2.7311360836029053,2.756780575952077,2.7121491603299304,2.7474104548892346,433772000
2017-02-23,2.4778974056243896,2.62338052618306,2.457924458672057,2.6014348350766414,1592888000
2017-02-24,2.501814603805542,2.515129973575822,2.3597836793781255,2.3935653483880603,1029904000
2017-02-27,2.5745575428009033,2.5895989829331714,2.5042818500584194,2.5200630986839743,715400000
2017-02-28,2.5023090839385986,2.594037576076002,2.485048453635691,2.5841740900075396,625360000
2017-03-01,2.534611463546753,2.5735713410547736,2.4931857144494813,2.559269473963886,504804000
2017-03-02,2.4411568641662598,2.5358443562535564,2.438444546559245,2.5217891706237956,754332000
2017-03-03,2.4271018505096436,2.435485484330551,2.372607172460729,2.4305539765226847,864692000
2017-03-06,2.40836238861084,2.4189654513182277,2.346716992386363,2.3908550716266017,883568000
2017-03-07,2.4347445964813232,2.454224643340531,2.395538291977259,2.408360535815173,603400000
2017-03-08,2.430307626724243,2.4978710095620866,2.428088436150157,2.483076013804045,638712000
2017-03-09,2.429814577102661,2.4522533999649787,2.401704201842593,2.414280007428749,478060000
2017-03-10,2.4441158771514893,2.468034313950776,2.425868991975661,2.456198553740133,499740000
2017-03-13,2.511431932449341,2.521295180103309,2.4537318278523594,2.4544716360949597,774136000
2017-03-14,2.5097060203552246,2.533624215101391,2.477403723621219,2.524254329153352,522016000
2017-03-15,2.528693437576294,2.5395429432260777,2.4737056305102527,2.5212960580495527,615036000
2017-03-16,2.559762477874756,2.5602558402955933,2.5252412179229315,2.5392964031140797,523100000
2017-03-17,2.615490198135376,2.616723133920902,2.5597625823584975,2.5772698942594374,1119688000
2017-03-20,2.6988344192504883,2.7027799075810854,2.616969416504881,2.632997345557023,748568000
2017-03-21,2.611544132232666,2.71140979235719,2.603653627139775,2.681573364355289,913484000
2017-03-22,2.6648058891296387,2.6694909500585573,2.5965027190663954,2.600447971649062,616764000
2017-03-23,2.640641212463379,2.676888770359785,2.631024643006741,2.65691558781957,533940000
2017-03-24,2.6500113010406494,2.6948891732848392,2.6241203565681026,2.6869986669194272,439500000
2017-03-27,2.6692447662353516,2.6731900195531146,2.5540912005854275,2.60340745495359,506644000
2017-03-28,2.6554369926452637,2.685026753407314,2.645080611652323,2.670478436729084,432444000
2017-03-29,2.646805763244629,2.6751625781436457,2.644586573104795,2.662833456617593,349992000
2017-03-30,2.6976001262664795,2.712395112166139,2.648283898531487,2.6539552118103886,525532000
2017-03-31,2.68601131439209,2.709683296200746,2.6729426233303966,2.6879840579289334,440808000
2017-04-03,2.672450304031372,2.703766118009938,2.648778315067436,2.6865054886890993,445232000
2017-04-04,2.4850478172302246,2.5748035421363564,2.474198314555238,2.5496521764514792,1271280000
2017-04-05,2.466554641723633,2.5242547596173197,2.4534857121123093,2.4663079605331286,747048000
2017-04-06,2.48455548286438,2.4966379248374797,2.426608674354388,2.471733232357855,635120000
2017-04-07,2.4739511013031006,2.508472580801707,2.4589096683893645,2.490965277532712,429068000
2017-04-10,2.4108259677886963,2.4813480609142125,2.4066340359197054,2.4746904942619627,756332000
2017-04-11,2.4194579124450684,2.4386912877018054,2.375812972649988,2.3807444807074165,618148000
2017-04-12,2.3994839191436768,2.4337587233918083,2.394305731609071,2.419457096175999,414092000
2017-04-13,2.354606866836548,2.3970188710755305,2.354606866836548,2.3753198592424907,506892000
2017-04-17,2.4468283653259277,2.447074811380511,2.362250807230907,2.367428996278547,497292000
2017-04-18,2.4483072757720947,2.4544719533265704,2.406635090200816,2.4325260304544023,370116000
2017-04-19,2.4579238891601562,2.4899792693379843,2.4512660849463948,2.465814393631354,380828000
2017-04-20,2.496884346008301,2.501569407634582,2.4512666654532906,2.472472783374026,404016000
2017-04-21,2.5072405338287354,2.5099528510853704,2.4746917861154194,2.4865275447285375,341896000
2017-04-24,2.5385568141937256,2.5516255108319195,2.5178440564312443,2.538803260267012,371820000
2017-04-25,2.5826950073242188,2.597243321738379,2.5316526838320663,2.553105251167051,388440000
2017-04-26,2.564940929412842,2.598722381252554,2.562968185183768,2.5962567449142733,327004000
2017-04-27,2.604887008666992,2.6132706423688514,2.5543378197723112,2.572338258058545,319700000
2017-04-28,2.571845293045044,2.604887172995872,2.56617374132484,2.5979829206322775,348248000
2017-05-01,2.629545211791992,2.6347236362787503,2.575543892946792,2.5826948266109233,307732000
2017-05-02,2.5516250133514404,2.6039004951876685,2.5289395156332364,2.6026675595862154,629972000
2017-05-03,2.5706121921539307,2.5802287615689274,2.5299262539396286,2.5447210122947688,336904000
2017-05-04,2.56074857711792,2.587872453681382,2.5528578366474366,2.5767762689148723,209788000
2017-05-05,2.560994863510132,2.5681457951749005,2.53362430747982,2.549159106279724,228428000
2017-05-08,2.5341179370880127,2.574310508901094,2.522775070659255,2.572831127275649,365240000
2017-05-09,2.5383105278015137,2.587380347242144,2.5314062741400485,2.539790145105258,847672000
2017-05-10,2.9907872676849365,3.0038561996028252,2.811522674503588,2.8181802459210843,2129096000
2017-05-11,3.119255304336548,3.2161619645433097,2.956758263206955,2.9602103885186835,1939792000
2017-05-12,3.1535305976867676,3.1956961514136606,3.101502028827095,3.1224614650907334,962620000
2017-05-15,3.3118362426757812,3.314302114245131,3.190271549176618,3.194710165033139,1087540000
2017-05-16,3.3734805583953857,3.389015356262445,3.2884101324740143,3.362877502113648,1120700000
2017-05-17,3.1493396759033203,3.3253988428790047,3.145147740584222,3.306658592152561,1271368000
2017-05-18,3.281259298324585,3.2901362923457884,3.1328172114633026,3.1932296367206923,1156032000
2017-05-19,3.3570404052734375,3.411838946254208,3.3377867747751786,3.3824649715929116,1018372000
2017-05-22,3.428623676300049,3.442940367029761,3.3898694818353388,3.400730646918908,836608000
2017-05-23,3.382464647293091,3.4505928174305334,3.3498816196363177,3.448371290164133,681248000
2017-05-24,3.420478343963623,3.482188639434038,3.4083829433762913,3.4794732301236926,815996000
2017-05-25,3.4128260612487793,3.4565169595371077,3.3679009288645783,3.4557763719983674,608228000
2017-05-26,3.501195192337036,3.5861085217259445,3.384439423278809,3.404680344797055,779140000
2017-05-30,3.575988292694092,3.6110395538433995,3.53106315834622,3.547107731481699,989652000
2017-05-31,3.563153028488159,3.6285657995532823,3.506379426843917,3.6209136880190407,887316000
2017-06-01,3.56339955329895,3.57993800984728,3.517980768450587,3.5789504811984973,503340000
2017-06-02,3.5456273555755615,3.5866028529975438,3.5397031248767825,3.5604376969163782,487456000
2017-06-05,3.653496742248535,3.666332496754541,3.5177342620430214,3.529335782222743,817376000
2017-06-06,3.6369576454162598,3.694965232363003,3.623628247466925,3.6488058683678517,758728000
2017-06-07,3.680896043777466,3.6996560284363498,3.6458447784590664,3.6613957068655045,612612000
2017-06-08,3.947977304458618,3.9494582439549397,3.746801643329772,3.788024068553089,1161744000
2017-06-09,3.6927435398101807,4.1592733887572,3.523657251851845,4.066461253801084,3692928000
2017-06-12,3.7018778324127197,3.7445814477211483,3.5078608004569722,3.6009199076344367,1697532000
2017-06-13,3.737175464630127,3.820360914025602,3.5952416010454633,3.8112276286147133,1672504000
2017-06-14,3.745074510574341,3.8028353997716846,3.665591758657904,3.740137809194948,1184640000
2017-06-15,3.7611191272735596,3.791480392407653,3.6162231473938036,3.627577960175783,963824000
2017-06-16,3.742605686187744,3.8186329046912255,3.7085417201511537,3.770745658213769,924960000
2017-06-19,3.883305311203003,3.8884889530914366,3.7830877638811313,3.7867902307122523,778176000
2017-06-20,3.8776280879974365,3.992409276782975,3.8734319742905727,3.925515338191267,1095444000
2017-06-21,3.936375856399536,3.9400785585353675,3.843316775121516,3.905274005920417,682652000
2017-06-22,3.909223794937134,3.9578516323588255,3.885280170016598,3.9445219975320556,469132000
2017-06-23,3.7971580028533936,3.932673759321234,3.782100487329326,3.91687589162527,1088588000
2017-06-26,3.755688428878784,3.8655326738965305,3.661395109731288,3.8299875323316153,1063960000
2017-06-27,3.6181976795196533,3.746801899792202,3.612520391286069,3.738162496957167,999492000
2017-06-28,3.745814800262451,3.7505047956732276,3.5977100041620442,3.6858323884445774,994948000
2017-06-29,3.620666742324829,3.7203904204655136,3.5564879744280744,3.7174285407836116,1064424000
2017-06-30,3.5683364868164062,3.6515219452853827,3.5421713326624933,3.63794560388452,731060000
2017-07-03,3.4392385482788086,3.595242188432103,3.4207255042580216,3.580431847377924,709072000
2017-07-05,3.5310635566711426,3.559943885735314,3.48366994867735,3.502676638835246,820188000
2017-07-06,3.5416781902313232,3.588578160097646,3.4498533082067464,3.501936921783637,746284000
2017-07-07,3.6226418018341064,3.640908141361102,3.5754951306853524,3.598451466763625,654972000
2017-07-10,3.7939486503601074,3.8013538193428444,3.670034422208088,3.696199572326098,958492000
2017-07-11,3.8477602005004883,3.8554123106075004,3.755688409048308,3.797651426443737,757956000
2017-07-12,4.011416435241699,4.023511602003124,3.864546082326431,3.907496400854175,1145208000
2017-07-13,3.965009927749634,4.104968741727634,3.918603852287999,4.0235111686700415,1369132000
2017-07-14,4.071645736694336,4.073126441119593,3.974390056845251,3.981301580203844,941948000
2017-07-17,4.054366588592529,4.134590168241512,3.9926562875739995,4.105709604237921,930792000
2017-07-18,4.096576690673828,4.111140325132777,3.981548319439998,3.9933967798154524,776640000
2017-07-19,4.075346946716309,4.132120291307743,4.0632517845701726,4.105708204844681,687044000
2017-07-20,4.134589672088623,4.134836377669169,4.04597387501835,4.095835709394924,699596000
2017-07-21,4.149399757385254,4.179020903668448,4.099784631618497,4.1141015582230525,648332000
2017-07-24,4.101266384124756,4.166185738711283,4.090652393568662,4.156559041368289,652524000
2017-07-25,4.081519603729248,4.0958365340906395,4.037828695754412,4.078310547287298,496556000
2017-07-26,4.128664970397949,4.194571605405604,4.093860184221281,4.139032253341611,640404000
2017-07-27,3.9924097061157227,4.165198742665717,3.889230024989945,4.153596987256577,782856000
2017-07-28,4.057821750640869,4.082259255988734,3.9316862285042915,3.9566169095934502,513348000
2017-07-31,4.011416435241699,4.107437652472493,3.9647636491619176,4.07139885780842,559672000
2017-08-01,4.060290336608887,4.062018217299158,3.974143007676133,4.00203580430133,431384000
2017-08-02,4.057821750640869,4.095341713576656,3.980807709367627,4.091392541148992,478444000
2017-08-03,4.109412670135498,4.113115137651735,4.040296961354836,4.057329065229124,442420000
2017-08-04,4.127431869506836,4.1980282794236645,4.109412473212524,4.132121630081853,589096000
2017-08-07,4.254307746887207,4.254801158043025,4.146931498163025,4.156558665447548,717412000
2017-08-08,4.203705787658691,4.308859814493777,4.164457939096253,4.292321593524357,755336000
2017-08-09,4.248382568359375,4.250851036023595,4.138785052290761,4.157545029889179,530784000
2017-08-10,4.066462516784668,4.261960719208786,4.056341936297165,4.2496183756341726,1328088000
2017-08-11,3.849735736846924,3.9247754459620343,3.774449322096812,3.878863009394681,1497196000
2017-08-14,4.156805992126465,4.160508459597006,3.9297120612925163,3.9413135811520457,1279020000
2017-08-15,4.121754169464111,4.1881542271919665,4.08744325920215,4.16198930970338,764532000
2017-08-16,4.0765814781188965,4.16026080197758,4.044245629930377,4.136811062009823,596632000
2017-08-17,3.9857447147369385,4.085221688617511,3.9835234226485636,4.068190056295138,525444000
2017-08-18,3.986485719680786,4.0570826081170654,3.940573283499436,4.040050503199522,601204000
2017-08-21,3.9284777641296387,4.02227745018217,3.884540153979132,4.01092287152525,623672000
2017-08-22,4.015934467315674,4.021863910948588,3.9457700126282442,3.9650405866285805,450456000
2017-08-23,4.096230506896973,4.1073481598629655,3.973936324271053,3.9825838065572787,579520000
2017-08-24,4.081159591674805,4.132795204652275,4.054724713764202,4.128347766638082,469700000
2017-08-25,4.047064781188965,4.115500080497786,4.040641019929581,4.105370593112831,357200000
2017-08-28,4.075724124908447,4.078936006132708,4.010500694155444,4.066088952462368,389496000
2017-08-29,4.0690531730651855,4.090794629376174,4.008771029495037,4.016924193418326,324096000
2017-08-30,4.093265533447266,4.104383185093519,4.058430099295217,4.0888180958074,384400000
2017-08-31,4.186159133911133,4.190111783263288,4.106112329809888,4.113523782958517,612684000
2017-09-01,4.211359977722168,4.246936658163168,4.190112832838803,4.198760315722758,445432000
2017-09-05,4.098948001861572,4.164912678840168,4.0408895673400025,4.1599713951112145,695364000
2017-09-06,4.096477031707764,4.145641999785319,4.061642068031826,4.1318067834343974,397672000
2017-09-07,4.115500450134277,4.147864768406107,4.075229890952082,4.113276731523238,352868000
2017-09-08,4.044101715087891,4.118713416583968,4.0198900801185635,4.103890033920867,498856000
2017-09-11,4.175288200378418,4.185912005249824,4.084370672577162,4.089806272009039,567444000
2017-09-12,4.1903581619262695,4.199993331420849,4.125134751152866,4.199993331420849,411488000
2017-09-13,4.209136486053467,4.238042007108358,4.1327953938231845,4.165159719340718,580960000
2017-09-14,4.185171127319336,4.263241609649804,4.145641804966695,4.170100355230046,513712000
2017-09-15,4.449769973754883,4.449769973754883,4.265464285589707,4.270652490782241,1364792000
2017-09-18,4.63358211517334,4.723758885369627,4.567123598869018,4.574041206941933,1684460000
2017-09-19,4.628641605377197,4.690406236476538,4.561194451035463,4.583182833118268,874280000
2017-09-20,4.591333866119385,4.679780736852511,4.55106331482083,4.632345656809842,724920000
2017-09-21,4.465831279754639,4.513760708185951,4.388007689275052,4.487572274322983,1075600000
2017-09-22,4.422347068786621,4.504123749191941,4.41246497379538,4.454464937768215,491232000
2017-09-25,4.224700450897217,4.392700306558007,4.203947627340066,4.3914647501691135,874580000
2017-09-26,4.248416423797607,4.414439902429137,4.208640191171523,4.3593459797456715,1125620000
2017-09-27,4.341558933258057,4.354900303134278,4.26793541860981,4.3388413689716705,713720000
2017-09-28,4.340325355529785,4.352678096113213,4.2928897761412825,4.348724974088555,435244000
2017-09-29,4.416665077209473,4.440382388246096,4.379112079034777,4.424323924764225,619092000
2017-10-02,4.422347068786621,4.495970584939476,4.372935651377029,4.46681767431394,503480000
2017-10-03,4.431488037109375,4.461382184906847,4.387264357945185,4.428523078993048,390332000
2017-10-04,4.46854829788208,4.490783606724383,4.401101131563518,4.437665976848528,427848000
2017-10-05,4.466076850891113,4.496465320738952,4.436182697890911,4.49300651648571,437364000
2017-10-06,4.479170322418213,4.49251169230366,4.422346981467149,4.438405915640862,318800000
2017-10-09,4.5802154541015625,4.613321471136721,4.497203724446299,4.515980215155614,563492000
2017-10-10,4.667675971984863,4.766993590671148,4.626417249329684,4.729440594579086,974876000
2017-10-11,4.717334747314453,4.718817226419681,4.638276106360156,4.684228717582172,529508000
2017-10-12,4.719560146331787,4.770454058540462,4.692383552117749,4.720795231874772,528292000
2017-10-13,4.807510852813721,4.81764034092914,4.734875976645561,4.781816748376553,628728000
2017-10-16,4.8900275230407715,4.8929924806686795,4.774157148583689,4.837404237411181,576640000
2017-10-17,4.885580539703369,4.91399220365702,4.850992509016591,4.869274686490091,478596000
2017-10-18,4.881382465362549,4.8952176832155025,4.776135852059215,4.89447691473918,567316000
2017-10-19,4.8868184089660645,4.891759221955359,4.754642119159731,4.803806624797513,570772000
2017-10-20,4.86458158493042,4.9310400933826175,4.8556871818684755,4.90386398111849,451620000
2017-10-23,4.857665061950684,4.912759009527121,4.837406081193506,4.886323659659775,428696000
2017-10-24,4.9085588455200195,4.910288247677687,4.840864767329364,4.866805799694375,407244000
2017-10-25,4.784535884857178,4.921900855246322,4.723018638877206,4.869030149948913,828160000
2017-10-26,4.83468770980835,4.846299206401788,4.788240780981238,4.812205484960618,322744000
2017-10-27,4.987123489379883,4.987370412186639,4.860876193571652,4.886817696309636,572192000
2017-10-30,5.036042213439941,5.091630016146725,4.971312610077775,4.987124626623722,504056000
2017-10-31,5.109416961669922,5.136099231620547,5.062228790245137,5.067911313130441,411908000
2017-11-01,5.119051456451416,5.187486759903278,5.054816196101893,5.172169066524548,502576000
2017-11-02,5.087922096252441,5.134122097990003,5.031345684014674,5.089404575245795,342308000
2017-11-03,5.155863285064697,5.155863285064697,5.073098920547906,5.119051530118745,353640000
2017-11-06,5.1790876388549805,5.187734649433972,5.106699672800351,5.119052410419844,389944000
2017-11-07,5.2383809089660645,5.259875442286922,5.189710733592025,5.201816546741778,427700000
2017-11-08,5.167476177215576,5.237640896029847,5.1200410801021095,5.233934697736557,522988000
2017-11-09,5.072606086730957,5.097558959009352,4.950312367405639,5.071371001311025,978564000
2017-11-10,5.339921474456787,5.402427327060702,5.228498059540233,5.264321648266947,1253256000
2017-11-13,5.253206253051758,5.365370484312944,5.237888554559257,5.339923765667353,582376000
2017-11-14,5.291498184204102,5.3068158773590675,5.218615915951695,5.2623452769031385,529292000
2017-11-15,5.187731742858887,5.237637924673506,5.133873384635917,5.236402368867771,501948000
2017-11-16,5.228005409240723,5.291993761130126,5.219111475522284,5.261852684387913,441768000
2017-11-17,5.221827507019043,5.320403873566843,5.206757208686107,5.2850746006574525,515664000
2017-11-20,5.289028644561768,5.301134458382418,5.200581278626358,5.237393036892428,396100000
2017-11-21,5.337698459625244,5.349310427078759,5.296934054605311,5.3288045275695,399176000
2017-11-22,5.313716411590576,5.364893222064665,5.281082046766109,5.364893222064665,356640000
2017-11-24,5.363903999328613,5.3648933195992035,5.305557681063277,5.330033690903596,180752000
2017-11-27,5.294186592102051,5.373794828943314,5.290972479270649,5.372558885614221,422896000
2017-11-28,5.209386348724365,5.308772975975196,5.148320564993011,5.299378203743134,512752000
2017-11-29,4.856094837188721,5.194799891301983,4.727782135553212,5.192080438771233,1396788000
2017-11-30,4.962155818939209,5.01086027993232,4.86178082192131,4.92482429874323,823768000
2017-12-01,4.88724422454834,4.947815802745965,4.758437373134229,4.927542754736434,811548000
2017-12-04,4.614798545837402,4.952020584397823,4.5613969260194205,4.945839452767795,1240844000
2017-12-05,4.641499996185303,4.764126251814109,4.464483264208015,4.509478966185353,981488000
2017-12-06,4.679078102111816,4.700834193729968,4.569802040659538,4.5910639435784715,467032000
2017-12-07,4.746572017669678,4.7863763741601435,4.7003399067002745,4.74583026300785,542600000
2017-12-08,4.734210014343262,4.815548847726423,4.725804091460977,4.796511738297458,466876000
2017-12-11,4.812581539154053,4.81554855719424,4.73247912537966,4.748301649747178,372748000
2017-12-12,4.7181396484375,4.792308969396166,4.694652956155313,4.769069371433169,455016000
2017-12-13,4.602931499481201,4.760416909136335,4.595514424320586,4.759180965719972,554280000
2017-12-14,4.610100746154785,4.681055965999012,4.563868637217065,4.596503011578501,438164000
2017-12-15,4.7359395027160645,4.756212550593718,4.589084867402659,4.654106499933219,670036000
2017-12-18,4.892685413360596,4.895651960446319,4.7468195716777695,4.776486928751553,477704000
2017-12-19,4.848430156707764,4.888481600496074,4.819998747979577,4.883289790334076,373100000
2017-12-20,4.8654890060424805,4.896886960757909,4.809862132799577,4.887739755339642,288820000
2017-12-21,4.842991352081299,4.893920605894958,4.834585429296911,4.868950403426557,300904000
2017-12-22,4.827663421630859,4.8370581940822435,4.728276792059835,4.806154424199499,466276000
2017-12-26,4.881312370300293,4.888976539556863,4.74236894622792,4.772283868609482,355080000
2017-12-27,4.874637126922607,4.9438617456869025,4.853375694024708,4.867962278123153,329488000
2017-12-28,4.8803229331970215,4.929274489862355,4.874142273974676,4.898370722196552,240248000
2017-12-29,4.783901691436768,4.906527871235675,4.783901691436768,4.906527871235675,279964000
2018-01-02,4.928533554077148,4.932242327469947,4.808627236270741,4.840272292194952,355616000
2018-01-03,5.252898693084717,5.283308271761449,5.037314076259116,5.045967093389714,914704000
2018-01-04,5.280588626861572,5.390853534850007,5.258337875477712,5.334237807459487,583268000
2018-01-05,5.325336933135986,5.362668450590756,5.218533247472981,5.295422017377992,580124000
2018-01-08,5.4885101318359375,5.56267899650096,5.403957173425836,5.448953341140706,881216000
2018-01-09,5.487025737762451,5.5335049357571915,5.405439811164437,5.493948151440218,497000000
2018-01-10,5.530043601989746,5.533504808749186,5.340170947315524,5.394561406614446,582664000
2018-01-11,5.539934158325195,5.594077534291679,5.51842468732009,5.562679101203703,406032000
2018-01-12,5.512738227844238,5.562431543153365,5.472192590731405,5.528066565771384,359916000
2018-01-16,5.441783428192139,5.624733705324499,5.357230940283199,5.539192368368986,702348000
2018-01-17,5.555755615234375,5.565644575410841,5.362421751821587,5.456368995491275,538408000
2018-01-18,5.548833847045898,5.603224313227922,5.505321191167811,5.536472055944906,408632000
2018-01-19,5.68901252746582,5.713240974940806,5.612124223726254,5.639072123450914,609380000
2018-01-22,5.777520179748535,5.779250782933958,5.639318547657464,5.696923112923974,550944000
2018-01-23,5.906575679779053,5.929320619616138,5.812380864664879,5.830922842923659,475228000
2018-01-24,5.829684734344482,5.9456355973075246,5.774057877121423,5.909787125813341,579972000
2018-01-25,5.843285083770752,5.927343378708648,5.828451405709394,5.8840778163280145,409884000
2018-01-26,6.0158514976501465,6.016098592001294,5.874188628015064,5.88704460758633,516356000
2018-01-29,6.102878093719482,6.134029438436938,5.948606765991485,6.001266642751335,455116000
2018-01-30,6.0007710456848145,6.092246423963267,5.894214893577583,5.960967158411522,570832000
2018-01-31,6.0769171714782715,6.162706065166608,6.043541044074206,6.076175416884301,478576000
2018-02-01,5.945885181427002,6.104112805070538,5.885561150426025,5.896933620882777,519224000
2018-02-02,5.773318290710449,5.883336103665258,5.715219526064751,5.859354748914135,718464000
2018-02-05,5.2833075523376465,5.766147728693334,5.068217153463015,5.612123573187965,1165204000
2018-02-06,5.5770182609558105,5.579984807938679,5.043495325321507,5.053384758372647,1114800000
2018-02-07,5.656626224517822,5.809167386600395,5.604708113856801,5.675910431016301,802932000
2018-02-08,5.377750396728516,5.815347401730895,5.377502830833202,5.782218840951147,1144000000
2018-02-09,5.737718105316162,5.906081798787461,5.377751115232891,5.890259270861358,1674604000
2018-02-12,5.637588977813721,5.82177564678138,5.563420121542526,5.818808628460244,1093172000
2018-02-13,5.751316070556641,5.7975481843109264,5.568859974043135,5.60124725742038,625524000
2018-02-14,5.968629837036133,5.997555905547845,5.699890712604371,5.7110160872970255,744988000
2018-02-15,6.094222068786621,6.140454166893206,5.97110167492339,6.051945837257789,698900000
2018-02-16,6.028460502624512,6.180754091033498,6.019312824355167,6.067028442104457,637656000
2018-02-20,6.158009052276611,6.226986100852342,6.047249480483804,6.050958253536445,686240000
2018-02-21,5.970854759216309,6.229457834989471,5.96714645808926,6.222535421390149,892292000
2018-02-22,5.99039888381958,6.07648834238074,5.924842326398158,6.004747284195494,534364000
2018-02-23,6.083909511566162,6.083909511566162,5.999551739231379,6.050265396158643,415300000
2018-02-26,6.099989891052246,6.134623471587733,6.037648974241224,6.130170650068477,469312000
2018-02-27,6.087125778198242,6.157630120817602,6.064118983738408,6.073271874464876,455436000
2018-02-28,5.986687660217285,6.137591445047274,5.975060403629006,6.098010078024938,523116000
2018-03-01,5.7444987297058105,6.0383905825890505,5.64331866891923,5.984460818430372,1040120000
2018-03-02,5.851614952087402,5.8580471710584225,5.488208263789195,5.636885853366034,913428000
2018-03-05,5.829599380493164,5.869180750754734,5.677952895895069,5.801397548016186,620776000
2018-03-06,5.990646839141846,6.009943031146286,5.871902711804681,5.914947446168223,636808000
2018-03-07,5.982728481292725,6.034926560855363,5.8864962197728055,5.887732930882715,581208000
2018-03-08,5.966402530670166,6.01018947484931,5.92212061882495,6.01018947484931,411912000
2018-03-09,6.069066047668457,6.081929542728346,5.997819498018098,6.013899102766499,505524000
2018-03-12,6.178656578063965,6.258808766880113,6.102214994554553,6.110378892445852,605060000
2018-03-13,6.127943992614746,6.2959178016109165,6.086630943949415,6.22145513174335,619772000
2018-03-14,6.153426647186279,6.198203068197893,6.091085710576988,6.170990690936661,505496000
2018-03-15,6.168267250061035,6.249408911960656,6.126211988070576,6.167030538758575,401952000
2018-03-16,6.196469783782959,6.215518254193494,6.146992832821653,6.184595277804472,399456000
2018-03-19,5.961949348449707,6.168514583670847,5.862995928228588,6.139571009058713,713772000
2018-03-20,6.174204349517822,6.21304350057435,5.964917508158366,5.964917508158366,554696000
2018-03-21,6.148972988128662,6.234072995646785,6.118544503834749,6.167773741085662,438688000
2018-03-22,5.982975482940674,6.132148033289416,5.9456207693164025,6.085639959179118,551196000
2018-03-23,5.763300895690918,5.999057449941208,5.752168605260439,5.99658355519586,735620000
2018-03-26,6.048040390014648,6.049277101659331,5.8357850945044305,5.887735476831607,611424000
2018-03-27,5.578999042510986,6.184594527299858,5.438732578298572,6.128933082184735,1409000000
2018-03-28,5.4758405685424805,5.674736886875905,5.36822874571568,5.544613235986637,945904000
2018-03-29,5.729161739349365,5.825888521930046,5.459760597305427,5.544118378156464,916628000
2018-04-02,5.468419551849365,5.804861717973978,5.380598403789468,5.65865796983592,922092000
2018-04-03,5.574793815612793,5.698485713845776,5.475840391395836,5.635403053359699,667432000
2018-04-04,5.5968122482299805,5.6072023244283224,5.294014191523086,5.3189999183591805,789168000
2018-04-05,5.476582050323486,5.668304378728764,5.4050882498799,5.655193163416321,701240000
2018-04-06,5.300197124481201,5.482024347827779,5.271005831846002,5.3739175715561425,662988000
2018-04-09,5.328895092010498,5.491178916008509,5.308856685002309,5.3632814287612,499524000
2018-04-10,5.638124465942383,5.665089116084822,5.502063088259853,5.559208970692893,761676000
2018-04-11,5.5968122482299805,5.664595463319572,5.564157588221694,5.623282406479335,460244000
2018-04-12,5.803624153137207,5.821435912629541,5.645545908279811,5.689827823160644,593920000
2018-04-13,5.726934432983398,5.875612043769235,5.678694671207499,5.867200897075143,503036000
2018-04-16,5.726687431335449,5.760084299811818,5.632434078425284,5.733614147299692,350792000
2018-04-17,5.876355171203613,5.897630289129326,5.723224715418315,5.778886169123359,447224000
2018-04-18,5.847410678863525,5.918657239850551,5.75835283151511,5.82588831463755,391364000
2018-04-19,5.666078090667725,5.766515942150485,5.610664363972203,5.733119074287897,471996000
2018-04-20,5.65791654586792,5.741779379344047,5.626746314231516,5.657421578066124,386200000
2018-04-23,5.538428783416748,5.726935028899402,5.512453596964896,5.675726871586774,427508000
2018-04-24,5.4721293449401855,5.660140599894155,5.406820043029598,5.564156045646277,414596000
2018-04-25,5.359817981719971,5.4815309656689335,5.202481950090471,5.442444087729937,588492000
2018-04-26,5.571578502655029,5.579742403142693,5.455555519484757,5.521607051664017,375824000
2018-04-27,5.599036693572998,5.697248363053848,5.55673418614317,5.677457680431636,400848000
2018-04-30,5.563661098480225,5.665088409491538,5.544365382775312,5.615364217374966,327844000
2018-05-01,5.619076728820801,5.621797871796966,5.496868768064128,5.555499089338503,253788000
2018-05-02,5.598542213439941,5.660140436063277,5.57231931117262,5.615611753924378,268248000
2018-05-03,5.763794422149658,5.790017324562317,5.585183309460886,5.630454679177173,443144000
2018-05-04,5.9139556884765625,5.917171797870949,5.717780564971549,5.735097351176653,400660000
2018-05-07,6.15194034576416,6.2090862262742945,6.008705008550383,6.018600587036718,687616000
2018-05-08,6.194489002227783,6.197210144065036,6.103204059751557,6.152186028363202,506616000
2018-05-09,6.327582359313965,6.329809005936761,6.18731589010323,6.214528257984125,596760000
2018-05-10,6.435194969177246,6.444347860329408,6.362711224455021,6.38052298278593,994080000
2018-05-11,6.296659469604492,6.426783586418015,6.197953766438804,6.253367494531822,1214456000
2018-05-14,6.317192554473877,6.394624087913714,6.2934440153883,6.334757064764962,523140000
2018-05-15,6.0747551918029785,6.256335147814276,5.9743173571949955,6.253613534038062,963528000
2018-05-16,6.085887908935547,6.147981097524908,5.999303497560304,6.036163719751042,553828000
2018-05-17,6.127943992614746,6.221702379647557,6.071540328544249,6.087620407413383,519784000
2018-05-18,6.084157943725586,6.243225661234405,6.079210153831284,6.179895743606753,483716000
2018-05-21,6.0421013832092285,6.185336708689338,5.949332465811545,6.181626102984507,640624000
2018-05-22,6.0040059089660645,6.08069476723508,5.943396660564159,6.055461792974166,518264000
2018-05-23,6.127525329589844,6.128763277877394,5.947070995802195,5.947813670346937,442956000
2018-05-24,6.1312384605407715,6.17356760620898,6.070592212062383,6.1238126590922075,437372000
2018-05-25,6.170596122741699,6.186933544844222,6.108217132244192,6.143862202222926,292112000
2018-05-29,6.153517246246338,6.221590245286395,6.106732994097086,6.152527170792134,352684000
2018-05-30,6.26243257522583,6.271096324244064,6.162427888193122,6.1871816591618956,390996000
2018-05-31,6.2426300048828125,6.317138722779872,6.219856855361887,6.230500755573351,493868000
2018-06-01,6.377042293548584,6.383231090742736,6.278770350797195,6.287434100302282,421968000
2018-06-04,6.55601167678833,6.5780421515053655,6.379022843816979,6.411202417021347,642024000
2018-06-05,6.561458110809326,6.599083811090331,6.514425985458069,6.559230086922034,391712000
2018-06-06,6.563436508178711,6.5666546066653595,6.45501548407705,6.471352905135367,371356000
2018-06-07,6.507742881774902,6.571607234441996,6.417391531749834,6.559725384611143,369448000
2018-06-08,6.4923930168151855,6.53496907805435,6.416151570049807,6.434964412971348,360456000
2018-06-11,6.451302528381348,6.5213551872191315,6.438430606684715,6.479769196571022,265372000
2018-06-12,6.499821186065674,6.511950436451786,6.427540485399622,6.477790709138214,319160000
2018-06-13,6.495366096496582,6.57631055349467,6.486207071745903,6.5013070217214795,338208000
2018-06-14,6.607003211975098,6.663689148856311,6.5255635063348665,6.540416050873598,430016000
2018-06-15,6.566160202026367,6.621113395780901,6.518880682219291,6.549822778805801,432260000
2018-06-18,6.561954021453857,6.579528924871867,6.494871563162496,6.522100293417708,356268000
2018-06-19,6.440163612365723,6.526058894012536,6.312682338417278,6.458728585155146,594932000
2018-06-20,6.493137836456299,6.546110411737297,6.442887614438491,6.481255987302386,369780000
2018-06-21,6.364419460296631,6.543388480226873,6.356745784675552,6.525070902359956,359516000
2018-06-22,6.211934566497803,6.398577676227888,6.1965876921605,6.3852104802199605,434160000
2018-06-25,5.919099807739258,6.109207973107595,5.830481687176863,6.10549507239046,665816000
2018-06-26,5.990142345428467,6.080741085711662,5.938654650262679,6.03247148952847,478884000
2018-06-27,5.834936618804932,6.100048276676049,5.829490496596424,6.033708512012404,453892000
2018-06-28,5.962172031402588,5.97405388200921,5.817362744360287,5.825036419871272,338012000
2018-06-29,5.864145755767822,6.039896622122751,5.862907807616656,6.02727257266971,392300000
2018-07-02,5.996330738067627,6.0000436384038744,5.7740425488243545,5.794588145344211,357572000
2018-07-03,5.862660884857178,6.036926888634016,5.854244536442996,6.030985964585119,222732000
2018-07-05,6.008460998535156,6.013411375771005,5.878999073003289,5.917862249103859,306216000
2018-07-06,6.122326850891113,6.130743199231445,5.962665521773146,5.983953793416658,296352000
2018-07-09,6.169854640960693,6.2062428645906875,6.091138213143959,6.196589038786397,303880000
2018-07-10,6.268868923187256,6.29089939744523,6.1418824386193105,6.182230958788451,360016000
2018-07-11,6.1272783279418945,6.210698201105286,6.11663395495908,6.176043201019297,367508000
2018-07-12,6.21886682510376,6.266889024728982,6.162676149038038,6.172577847662981,345508000
2018-07-13,6.171586990356445,6.237431960918624,6.129505717590321,6.237431960918624,246988000
2018-07-16,6.143864154815674,6.196837211129183,6.131487501950183,6.143864154815674,197036000
2018-07-17,6.279759407043457,6.2948593520955205,6.069105683576071,6.094602126347052,362136000
2018-07-18,6.230501174926758,6.286197048460998,6.179508749806437,6.272335048317182,277640000
2018-07-19,6.238668441772461,6.272333832325408,6.196587647859032,6.211687121314572,235752000
2018-07-20,6.210450649261475,6.275057671624511,6.199558875725473,6.236194497881875,222352000
2018-07-23,6.173816204071045,6.185698055259281,6.0220759087703915,6.18396530496679,301584000
2018-07-24,6.156486511230469,6.3084741533269995,6.138911141559025,6.221836197381276,354620000
2018-07-25,6.234708786010742,6.24733330877444,6.107969701056329,6.165893593151828,319112000
2018-07-26,6.308228015899658,6.345111042926848,6.197826807796357,6.214659507646244,325124000
2018-07-27,6.2384209632873535,6.351792837802582,6.184457850904925,6.344861839160698,295420000
2018-07-30,6.043116092681885,6.258473322404388,6.00821321783401,6.252532397491154,340340000
2018-07-31,6.061185836791992,6.13594195847816,5.993855988753482,6.03271916268441,283988000
2018-08-01,6.101037502288818,6.1478222114875445,6.0371731707705685,6.092621627572978,283556000
2018-08-02,6.203766345977783,6.20772664707661,5.97083425863733,6.029747750663035,269668000
2018-08-03,6.240402698516846,6.264166398260496,6.211441220610638,6.22827344781323,214288000
2018-08-06,6.288177490234375,6.291642990430668,6.181241785812209,6.227778637630707,207508000
2018-08-07,6.360456943511963,6.37902238928245,6.310207200534674,6.336941121389724,258132000
2018-08-08,6.396843910217285,6.441895870579155,6.326791253938566,6.361694117770964,262100000
2018-08-09,6.348328113555908,6.417390707637706,6.340654439531383,6.414667882430087,204280000
2018-08-10,6.3069891929626465,6.339416637264538,6.255254100262608,6.266393273458125,256396000
2018-08-13,6.3399128913879395,6.460711074432068,6.313921638689791,6.315654388869668,375208000
2018-08-14,6.471354007720947,6.485463880030126,6.362190290589358,6.445362758913174,466220000
2018-08-15,6.413183212280273,6.526059830539484,6.334466318825714,6.492147034403031,591136000
2018-08-16,6.372586727142334,6.485463815944609,6.3124352821307586,6.482988391491337,801260000
2018-08-17,6.060196399688721,6.261939036378466,6.033214599757653,6.261196361721583,1143188000
2018-08-20,6.134953022003174,6.267632591927562,5.90919926587753,6.019600955001107,854388000
2018-08-21,6.270601272583008,6.275056847309131,6.131485547982805,6.151288469540267,673988000
2018-08-22,6.505762100219727,6.510712949551802,6.234462072339854,6.237927572444511,749856000
2018-08-23,6.605271339416504,6.670621033220095,6.453283679521441,6.467145678553846,720684000
2018-08-24,6.73844575881958,6.753050431540471,6.609231727820069,6.613687302658173,531512000
2018-08-27,6.829541206359863,6.90380206681837,6.736714894717211,6.768151800308104,505776000
2018-08-28,6.791914939880371,6.846373340370309,6.6718594356791865,6.823599715841663,475384000
2018-08-29,6.897422790527344,6.922437639205942,6.763432050074536,6.7842364225521194,420108000
2018-08-30,6.880579948425293,6.977419943062345,6.843676756958824,6.866214824072654,346608000
2018-08-31,6.951663970947266,6.964542937545964,6.850613472281395,6.860520587694516,306592000
2018-09-04,7.026460647583008,7.064106456076372,6.91005440916586,6.93853665598784,391720000
2018-09-05,6.89569091796875,7.044294370373898,6.81470217104119,7.0088773236560575,393156000
2018-09-06,6.754515171051025,6.881818649609334,6.721574916490937,6.879341871254845,322796000
2018-09-07,6.733215808868408,6.858785591335433,6.617552667541865,6.662381269786257,295420000
2018-09-10,6.804297924041748,6.834018794495546,6.711916398092858,6.755754386763955,220140000
2018-09-11,6.756497383117676,6.845659048570117,6.7371786994648915,6.757983072323888,243112000
2018-09-12,6.642567157745361,6.736187297091982,6.487028979311036,6.716621079585774,419092000
2018-09-13,6.720337390899658,6.810985219630127,6.6911120649443445,6.708449042647122,305536000
2018-09-14,6.846401214599609,6.912529728349468,6.773833455423996,6.810736647663345,386936000
2018-09-17,6.784485340118408,6.869932562188689,6.765167125283479,6.820893471764685,205528000
2018-09-18,6.712412357330322,6.891231731163302,6.705725573942201,6.788448005073297,299520000
2018-09-19,6.736189842224121,6.754022368931884,6.643808293297171,6.693838004640845,224860000
2018-09-20,6.595015525817871,6.656438032238799,6.541022883197873,6.614086202422878,430584000
2018-09-21,6.524922847747803,6.652474330646971,6.491735058157093,6.60690264968893,435128000
2018-09-24,6.580650806427002,6.584118202388503,6.406784991218473,6.493965434992196,293912000
2018-09-25,6.647768974304199,6.672783823248832,6.561083615661837,6.646778357375283,280388000
2018-09-26,6.610865592956543,6.69309293692581,6.595014777741767,6.6527223457164295,268548000
2018-09-27,6.622754096984863,6.667335165375485,6.591300001938439,6.646035248104846,214428000
2018-09-28,6.960085391998291,6.98237593229046,6.726778272323888,6.75476545198755,709396000
2018-10-01,7.1666436195373535,7.233514760452344,6.99921705008512,7.037853950727943,622060000
2018-10-02,7.095312118530273,7.250849824693952,7.073021586648799,7.139150101577554,383964000
2018-10-03,7.101505279541016,7.173082437819138,6.997482933630596,7.165652101540807,320552000
2018-10-04,6.917236804962158,7.089616437538756,6.840210549809722,7.065344668739879,391220000
2018-10-05,6.683683395385742,6.954636804566432,6.626223346105543,6.892471205478364,426636000
2018-10-08,6.582383155822754,6.715878345387611,6.441457631121017,6.600463212831702,408612000
2018-10-09,6.576686382293701,6.656436465691452,6.508824172659155,6.561825713394717,273500000
2018-10-10,6.085058689117432,6.516503829718721,6.082829446452293,6.470684129980975,684940000
2018-10-11,5.823517799377441,6.13137441707936,5.8019703398441695,5.997878710056664,725436000
2018-10-12,6.1061110496521,6.180413002790353,5.935465085650344,6.0806011233936115,608236000
2018-10-15,5.829707622528076,6.09273553773784,5.828717005642487,6.09273553773784,449760000
2018-10-16,6.088526248931885,6.099671517763144,5.893112976327913,5.942399600876374,408712000
2018-10-17,6.0199198722839355,6.1888325728382965,5.970880792586964,6.150690751475859,329668000
2018-10-18,5.932491302490234,6.127657000012227,5.872059421159257,6.089268115778525,524020000
2018-10-19,5.675903797149658,6.007289040294297,5.639496142249984,5.987723291616021,613608000
2018-10-22,5.726675987243652,5.828221541576727,5.6238922798857685,5.7281621487911725,368844000
2018-10-23,5.475042343139648,5.5525636803262675,5.367304586824653,5.459438588836769,626436000
2018-10-24,4.938831806182861,5.483215342224924,4.924962222130487,5.4366530322213045,884288000
2018-10-25,5.147619247436523,5.194924635184144,4.796915311699883,4.841248848377289,951720000
2018-10-26,4.911091327667236,5.073316288477235,4.783044773124897,4.911586399881422,664784000
2018-10-29,4.597289085388184,5.055730050774415,4.359276113725178,5.052262656870374,758016000
2018-10-30,5.027746200561523,5.037653316749706,4.597292111487205,4.62032573146716,807192000
2018-10-31,5.221673488616943,5.26526394696704,5.052760757758614,5.192448158936238,745772000
2018-11-01,5.4019775390625,5.4113891073410265,5.1315193096027505,5.2580797005613515,566528000
2018-11-02,5.322970867156982,5.4983228235564425,5.2063170990310255,5.392566786769668,452960000
2018-11-05,5.244953632354736,5.333125149139406,5.0842143500962385,5.309843526433358,379332000
2018-11-06,5.2273688316345215,5.321236508464822,5.190217629718907,5.2370279362778325,299012000
2018-11-07,5.294983386993408,5.3846405939087765,5.230341028321325,5.293992770092266,483812000
2018-11-08,5.101800441741943,5.236533815970145,5.048302866495386,5.235790735042061,511352000
2018-11-09,5.093873977661133,5.1842742736201375,4.979201912013973,5.012885251719588,413240000
2018-11-12,4.694378852844238,5.024525930729689,4.672583390016098,5.002482931759498,617116000
2018-11-13,4.93635368347168,5.057712983290463,4.7860165977763,4.7922087795974075,644712000
2018-11-14,4.883848190307617,5.123842523624307,4.775863376941356,5.109477395863765,526580000
2018-11-15,5.012638092041016,5.084710798072551,4.841991665770096,4.877904250702254,840708000
2018-11-16,4.07247257232666,4.226772091675713,4.0026286691583834,4.044980953870245,1963520000
2018-11-19,3.5838165283203125,4.007831039907984,3.582082830610161,4.007088431515515,1697820000
2018-11-20,3.6922972202301025,3.82059133515084,3.301718237146986,3.3202936052318517,1692032000
2018-11-21,3.584064245223999,3.84634910213924,3.556820388947692,3.829507432648508,1025496000
2018-11-23,3.591247320175171,3.7049287825756094,3.53651182748592,3.5493907947302903,411968000
2018-11-26,3.7906229496002197,3.8010251362467353,3.6298836564620114,3.7123585412141398,814832000
2018-11-27,3.807464599609375,3.8887010946548317,3.728704883143022,3.7646172277455934,738060000
2018-11-28,3.9644880294799805,3.969689121865692,3.7926034998618636,3.925108060046948,804524000
2018-11-29,3.9012696743011475,4.003908458780381,3.871023494431321,3.9667205482148544,549172000
2018-11-30,4.051756381988525,4.062416759669402,3.8606098614678235,3.9109376350113156,729564000
2018-12-03,4.21563196182251,4.3306670254902615,4.148693442717484,4.27909961576816,890804000
2018-12-04,3.895070791244507,4.175963975872411,3.8799474686671274,4.171005462941813,812112000
2018-12-06,3.9243252277374268,3.9292835040716687,3.738881058712686,3.7544999483526666,692308000
2018-12-07,3.6595470905303955,3.9387051145908196,3.6102111573920945,3.928540303661,681676000
2018-12-10,3.7649130821228027,3.7897051766590972,3.610954690480573,3.6146735755914983,629472000
2018-12-11,3.673926591873169,3.8648248715949456,3.5948400502405327,3.856643513372085,671912000
2018-12-12,3.691528558731079,3.7877213948459665,3.5903772095658275,3.679628316558138,654136000
2018-12-13,3.6912808418273926,3.802597010032099,3.6553325649979467,3.7383857739369306,471384000
2018-12-14,3.6307878494262695,3.7334266009480745,3.6072353875321768,3.6496295825066505,471820000
2018-12-17,3.5596354007720947,3.6729347887822197,3.5016220682361747,3.600790212603076,662868000
2018-12-18,3.6429367065429688,3.7269815279542295,3.576246210263398,3.603517326389618,564372000
2018-12-19,3.4339399337768555,3.662770180692982,3.382372527549566,3.6092193217512043,745364000
2018-12-20,3.3493993282318115,3.515505750691875,3.2896505634525437,3.4255108095773554,749588000
2018-12-21,3.21229887008667,3.4088994534166117,3.184779739367255,3.3759260060210834,863740000
2018-12-24,3.1505672931671143,3.222464081148635,3.0866038427631026,3.135940009905203,463840000
2018-12-26,3.2998147010803223,3.3008063090229123,3.0856117807779193,3.196679909134374,695100000
2018-12-27,3.251966714859009,3.2819651082807484,3.103462632882509,3.2475042416371585,637044000
2018-12-28,3.313450336456299,3.406172541259121,3.230645157413482,3.272543550935909,628728000
2018-12-31,3.3097329139709473,3.3893150418275453,3.2789906901735124,3.356837621601379,465140000
2019-01-02,3.377166271209717,3.4331961511819213,3.224199719565695,3.238827003762373,508752000
2019-01-03,3.173128128051758,3.350886775601996,3.1656905940167737,3.3169217137144797,705552000
2019-01-04,3.3764233589172363,3.4146028811864277,3.2155232005585312,3.246265187330931,585620000
2019-01-07,3.5551724433898926,3.5921125609040048,3.3823720977241196,3.433691713612336,709160000
2019-01-08,3.4666645526885986,3.6389690757826787,3.3940239537216352,3.6367376033397765,786016000
2019-01-09,3.5348434448242188,3.5821961609359905,3.467409127423472,3.51798468814783,617260000
2019-01-10,3.6005420684814453,3.6092192305726094,3.455013056291232,3.5155056435531016,523156000
2019-01-11,3.6897928714752197,3.7126015097739375,3.5504617853290545,3.5782286999005897,874764000
2019-01-14,3.729708671569824,3.7549965720560086,3.6139300212068006,3.637482489131921,730168000
2019-01-15,3.7155768871307373,3.8018529349791064,3.6972307195557197,3.762433559468091,617012000
2019-01-16,3.6900408267974854,3.775821067288721,3.6845867462873194,3.742847854702118,470104000
2019-01-17,3.7614424228668213,3.8013576074068123,3.629796861824297,3.6570682145919076,493436000
2019-01-18,3.8906090259552,3.916640752284803,3.759707279205107,3.8112746913030144,651336000
2019-01-22,3.6883065700531006,3.8720153717099572,3.658060388081846,3.8603631463133268,661552000
2019-01-23,3.701197862625122,3.8323476199523814,3.6699600770627745,3.743592304161815,591020000
2019-01-24,3.9131689071655273,3.9307710132003244,3.7810275649683733,3.7857380576415314,708972000
2019-01-25,3.9704391956329346,3.9885373467771843,3.7510301450986026,3.8536689295318864,1154572000
2019-01-28,3.421544075012207,3.5115390206214054,3.247752326096619,3.3853477751296337,2511528000
2019-01-29,3.2626266479492188,3.423774764411695,3.2479993664716593,3.3754302112555026,1153932000
2019-01-30,3.40617299079895,3.42055225446587,3.2591563273056403,3.3387386726274992,974228000
2019-01-31,3.5638504028320312,3.5995509001077153,3.3811332267987457,3.402950263032487,842852000
2019-02-01,3.588146209716797,3.6392178132657,3.5348436060100865,3.582444108105326,625048000
2019-02-04,3.6984705924987793,3.7356584977000353,3.5819481270012767,3.6040129444490905,528592000
2019-02-05,3.7175607681274414,3.754252873405005,3.6766539732218897,3.7103710173758713,542424000
2019-02-06,3.7931759357452393,3.8576351905941415,3.7453274168733373,3.7507814978286778,702464000
2019-02-07,3.654836654663086,3.7490462858022933,3.6119466466132097,3.7468150492407886,637120000
2019-02-08,3.6734306812286377,3.6840910594863083,3.5732709327499834,3.5876501960683105,461604000
2019-02-11,3.6307878494262695,3.683594637100797,3.582443297492617,3.6293002010777515,495180000
2019-02-12,3.747807264328003,3.763426395657847,3.654837246541475,3.669216749261967,591060000
2019-02-13,3.790201425552368,3.863337852939571,3.7636738954712596,3.777309572710049,605372000
2019-02-14,3.8311078548431396,3.8593708148593726,3.74607119097593,3.7892094553256914,827264000
2019-02-15,3.900773048400879,4.0626645299708235,3.877964408162225,4.039856126167089,1516748000
2019-02-19,3.8834187984466553,3.963992988178719,3.871022987504742,3.8901127444180337,551892000
2019-02-20,3.930771827697754,3.9979581308316945,3.9015174940275297,3.912673677475732,540988000
2019-02-21,3.861849308013916,3.9679589308459438,3.8472220259307006,3.9434150958074023,448548000
2019-02-22,3.946638584136963,3.965480557983859,3.9000296900398594,3.913665366339842,401740000
2019-02-25,3.9342429637908936,4.097622121326246,3.92556556435629,4.030188033766175,656020000
2019-02-26,3.8948235511779785,3.985562322643165,3.8613542914970975,3.929532439339813,488464000
2019-02-27,3.8529245853424072,3.9069710078849105,3.795902865732788,3.8804437188639986,500256000
2019-02-28,3.828355312347412,3.8690562226778793,3.806019715350334,3.846720389002192,324944000
2019-03-01,3.8827064037323,3.9248960274274887,3.8199179282721687,3.878239094469569,357188000
2019-03-04,3.8908958435058594,3.9440053413367644,3.8343116669269635,3.9211731920185997,409992000
2019-03-05,3.884443759918213,3.922662627458118,3.820910691259915,3.875261101862644,362924000
2019-03-06,3.773508310317993,3.883946327742124,3.770778459449249,3.875508499293919,403524000
2019-03-07,3.704267740249634,3.7596110121209874,3.6581071254970987,3.7499320399349445,450104000
2019-03-08,3.738516092300415,3.749187694646447,3.593581441786159,3.614924646478223,422416000
2019-03-11,3.9991002082824707,4.02193212019245,3.7149391385250428,3.7620926175007154,859728000
2019-03-12,4.033348560333252,4.079756975177056,3.9507058339743053,4.0268957547605755,579576000
2019-03-13,4.1847357749938965,4.214020495872586,4.063377858129775,4.070823294632877,768900000
2019-03-14,4.108794689178467,4.205831522907976,4.101101212402681,4.193919012199835,519384000
2019-03-15,4.214268684387207,4.256954619660461,4.148501850393394,4.151976292489557,661484000
2019-03-18,4.192924976348877,4.299640511747437,4.165873560400984,4.245786192369545,486992000
2019-03-19,4.360692024230957,4.405115656151409,4.270604564374885,4.28748022396908,854972000
2019-03-20,4.32818078994751,4.443085881950919,4.293435898567081,4.389728112353983,719148000
2019-03-21,4.564939975738525,4.591246802463729,4.346297702344163,4.35126132600661,824312000
2019-03-22,4.405114650726318,4.586282632615262,4.391216884812334,4.537640451916316,747644000
2019-03-25,4.312793731689453,4.428691450790533,4.246530826598151,4.364414279076793,525212000
2019-03-26,4.3894805908203125,4.510589989844559,4.33314445111661,4.454502362696895,703508000
2019-03-27,4.380298137664795,4.461451455032326,4.310809290185452,4.415043034761738,474372000
2019-03-28,4.398911476135254,4.464677841788595,4.345801737164983,4.406356439276526,480264000
2019-03-29,4.456239700317383,4.480561269794919,4.415290983655715,4.46567039704771,456896000
2019-04-01,4.523742198944092,4.554019539047849,4.476340692437984,4.548063286674984,483824000
2019-04-02,4.541611194610596,4.586034818572296,4.504881518137105,4.5478159604328825,440920000
2019-04-03,4.68108606338501,4.740152047019069,4.586283031911772,4.591246655415244,783504000
2019-04-04,4.672152996063232,4.71459089807257,4.609364517015921,4.665700189350782,457376000
2019-04-05,4.7389116287231445,4.756284313640403,4.678853479238198,4.715335123514189,481744000
2019-04-08,4.759757995605469,4.784823678760386,4.6843124336172295,4.708385486749751,424192000
2019-04-09,4.696969985961914,4.737422621771342,4.654780129105895,4.726254704563654,439972000
2019-04-10,4.767450332641602,4.79326060305794,4.691757215386249,4.696224286543477,444772000
2019-04-11,4.75355339050293,4.8014514592230695,4.704166613377398,4.769932969819874,374600000
2019-04-12,4.715583324432373,4.796240564706644,4.706897218354501,4.7922695704893545,471708000
2019-04-15,4.583801746368408,4.712853132130294,4.544093700496634,4.707889508057011,440092000
2019-04-16,4.670912742614746,4.689774141178598,4.590255956852302,4.623015128387962,394964000
2019-04-17,4.648080348968506,4.726751865826296,4.625744509436068,4.705905208491312,351004000
2019-04-18,4.623510360717773,4.688780652570656,4.595714819861417,4.6547808175384775,380988000
2019-04-22,4.677363872528076,4.69299886151223,4.5684150280058,4.599933045157507,279936000
2019-04-23,4.731962203979492,4.763232654575449,4.680838205315907,4.690516940172109,346856000
2019-04-24,4.744370460510254,4.785071126541376,4.681582004121221,4.742384727353693,318204000
2019-04-25,4.63864803314209,4.7265021784394925,4.558983913717464,4.704166346695598,499296000
2019-04-26,4.419758319854736,4.489247643416205,4.300882210132827,4.484780097311116,868988000
2019-04-29,4.450531959533691,4.478327497963614,4.355480401234242,4.427699571996782,391920000
2019-04-30,4.491975784301758,4.517537541596611,4.399158028752715,4.418267455281727,362920000
2019-05-01,4.478823184967041,4.58653134894412,4.478574672452426,4.544341497677258,354280000
2019-05-02,4.546326637268066,4.588019935758864,4.445319320073938,4.488501800184308,394684000
2019-05-03,4.541860103607178,4.564692015477626,4.480312305186082,4.554765241338322,336824000
2019-05-06,4.463437080383301,4.475597628396843,4.318254148476516,4.355480383487374,422176000
2019-05-07,4.2961649894714355,4.415041040845223,4.248018896400284,4.415041040845223,555220000
2019-05-08,4.3162689208984375,4.396429606729053,4.256706849757391,4.268619358657053,419168000
2019-05-09,4.223697185516357,4.256952884421815,4.104821611774642,4.247274153007397,660248000
2019-05-10,4.189698696136475,4.2584434142362335,4.070078020530973,4.192925098748698,569500000
2019-05-13,3.9323408603668213,4.080749939884971,3.9164575961922776,4.057669516159789,656912000
2019-05-14,4.021434783935547,4.056675744214368,3.9333323832384957,3.9720475477103396,524880000
2019-05-15,3.9603846073150635,3.996866246148692,3.906530522834444,3.965844309174504,502320000
2019-05-16,3.9755232334136963,4.018209640365021,3.912486963102783,3.9549248575161338,781088000
2019-05-17,3.884690999984741,4.06288110796303,3.845231234428484,3.9335816975546996,1022068000
2019-05-20,3.7660634517669678,3.8410124679471944,3.741245805830737,3.785917473844507,572064000
2019-05-21,3.848209857940674,3.8640931248649055,3.788151469373441,3.8268668881240107,361848000
2019-05-22,3.7772316932678223,3.835552858546069,3.7663118145120333,3.8094945410851397,325868000
2019-05-23,3.6561214923858643,3.7149389637297254,3.5963111543301847,3.7149389637297254,591844000
2019-05-24,3.6022677421569824,3.7102239603420277,3.5955668971144394,3.674982987427909,357584000
2019-05-28,3.5570995807647705,3.65264720758781,3.5551140839343893,3.6198880482974656,428356000
2019-05-29,3.4828953742980957,3.544442703052247,3.4481507160128766,3.509450005571907,559800000
2019-05-30,3.4563097953796387,3.5219028913834802,3.4180470770611535,3.486124817476955,394300000
2019-05-31,3.3656225204467773,3.4746959572244664,3.3638833165670223,3.4073636505096556,389720000
2019-06-03,3.3238816261291504,3.415562787127336,3.2945634824817485,3.3768031832936085,478644000
2019-06-04,3.5529603958129883,3.5581780071440128,3.365870880848056,3.387983648434124,641836000
2019-06-05,3.510225534439087,3.632218832975695,3.473950577102758,3.6267526623672257,511616000
2019-06-06,3.572340250015259,3.596937662493112,3.5119647614833687,3.514449406044464,408140000
2019-06-07,3.6150755882263184,3.6493627870032497,3.5591722634338714,3.5783037445811052,348856000
2019-06-10,3.687873601913452,3.7564482276821622,3.6712267677547046,3.6712267677547046,402780000
2019-06-11,3.745516061782837,3.785517987924492,3.706011254133817,3.747752147204667,383872000
2019-06-12,3.632467269897461,3.7082472722594373,3.617311316814816,3.702035660701794,358892000
2019-06-13,3.683650493621826,3.7020362983221227,3.636940067068439,3.65458066781247,308080000
2019-06-14,3.5937082767486572,3.6148272857316397,3.5489858506867122,3.590478427749487,394428000
2019-06-17,3.603397846221924,3.640418247125348,3.569110412356097,3.5919686226170606,276040000
2019-06-18,3.7984375953674316,3.853843793364638,3.653834650270297,3.664766754332175,581920000
2019-06-19,3.804401397705078,3.845148532930124,3.778313099230887,3.833719545104363,331644000
2019-06-20,3.828749656677246,3.909001829038441,3.8143391445083283,3.895088198399658,350168000
2019-06-21,3.7706100940704346,3.8630369263040083,3.7641501605527314,3.813842102657364,434428000
2019-06-24,3.7929718494415283,3.8225385535974685,3.744770783364017,3.791978086310683,282948000
2019-06-25,3.7636537551879883,3.872975757310153,3.7609207880670037,3.797941190099981,311868000
2019-06-26,3.9569544792175293,4.0180756486661435,3.878193185474219,3.891113053531932,584072000
2019-06-27,4.055593490600586,4.074724737198405,4.006646975741638,4.042673620003699,445440000
2019-06-28,4.080438613891602,4.108762994332991,4.0337284316468605,4.0995698564825584,397668000
2019-07-01,4.128640174865723,4.32194109801543,4.0911226520561925,4.2876536610419675,709756000
2019-07-02,4.030745983123779,4.133111145761216,4.01757779517521,4.111991906695179,400228000
2019-07-03,4.043666362762451,4.0598163154070654,3.9837879929011004,4.054101585545819,246636000
2019-07-05,3.98105525970459,3.9897512792010867,3.9176980046329453,3.9852791083025343,396552000
2019-07-08,3.9060206413269043,3.9403080763131437,3.875957292084664,3.921425154839491,329788000
2019-07-09,3.9085049629211426,3.9365807835488655,3.851110999361085,3.863782307750123,342860000
2019-07-10,3.9768311977386475,4.034224923336196,3.9380715955348835,3.951985225982774,452076000
2019-07-11,4.131373405456543,4.1721205428015145,4.012609927908385,4.049878656869001,682560000
2019-07-12,4.164417743682861,4.235477257878733,4.15920013178468,4.15920013178468,506392000
2019-07-15,4.155969619750977,4.201686036695759,4.127645714579826,4.185536558037907,289840000
2019-07-16,4.151248931884766,4.178330750463174,4.095593939397551,4.141062031922187,341444000
2019-07-17,4.216594219207764,4.223551034878386,4.123670496867281,4.152988641164196,348204000
2019-07-18,4.228270530700684,4.2911306531086675,4.170379696570208,4.227028445580013,442192000
2019-07-19,4.18503999710083,4.272994435132429,4.179076944192116,4.266534737588228,344896000
2019-07-22,4.256595611572266,4.269515478899345,4.198953090120873,4.20640702377409,315940000
2019-07-23,4.364427089691162,4.366414615941003,4.280199385711847,4.295852695096325,428176000
2019-07-24,4.438965320587158,4.444680051936244,4.3316313017865005,4.407659644086569,366236000
2019-07-25,4.3077778816223145,4.4101430552782395,4.284422791957234,4.397471510474665,392700000
2019-07-26,4.34976863861084,4.396478829436491,4.33486124181273,4.33486124181273,274160000
2019-07-29,4.3435564041137695,4.3597063572260515,4.255353652473047,4.342562641043361,248160000
2019-07-30,4.35921049118042,4.371384921611379,4.282685026002463,4.297095779407486,197772000
2019-07-31,4.1919965744018555,4.328649191087962,4.149758561811245,4.327654954078514,359416000
2019-08-01,4.097582817077637,4.292871266318309,4.045406220824762,4.202432180338209,421212000
2019-08-02,4.004907608032227,4.074227926198215,3.9574522139465893,4.004907608032227,428348000
2019-08-05,3.7465102672576904,3.822538597461443,3.6995515230292635,3.8212962750592467,589156000
2019-08-06,3.7852694988250732,3.8667639972502372,3.7375655524461435,3.8212961363345754,361272000
2019-08-07,3.8235318660736084,3.8354579700331706,3.707004741035037,3.7243967785187824,372560000
2019-08-08,3.9321084022521973,3.9333507244902846,3.8237804147476293,3.8811743752343184,309300000
2019-08-09,3.8307368755340576,3.8945907635856605,3.7802997346850566,3.8911123564201238,341816000
2019-08-12,3.762908697128296,3.8307378917995485,3.7410442484667956,3.7785615335257896,279200000
2019-08-13,3.8771989345550537,3.9231639105801226,3.7224093240755445,3.7614172480245873,351956000
2019-08-14,3.728621006011963,3.8001771631502885,3.6848923486268808,3.7889964987881273,419880000
2019-08-15,3.696321487426758,3.7673807659323457,3.6620342890673627,3.7475040811256988,477200000
2019-08-16,3.9644083976745605,4.013602988071271,3.8978212945052966,3.9591907860120497,1007960000
2019-08-19,4.243178367614746,4.25907999699463,4.061555269228273,4.077705220878908,815112000
2019-08-20,4.170876502990723,4.2382087902532914,4.14975726633966,4.237711671903758,463188000
2019-08-21,4.254358768463135,4.3095166386107,4.215350848971618,4.236966732632359,427244000
2019-08-22,4.2605719566345215,4.306536704921334,4.221315228637832,4.264050364895171,303488000
2019-08-23,4.035963535308838,4.238457535663887,4.016086855598353,4.18404510718528,568056000
2019-08-26,4.110751628875732,4.13882769459052,4.072489133377176,4.114727156182363,318208000
2019-08-27,4.020062446594238,4.151745274110044,3.9907443080013145,4.149012307613659,290968000
2019-08-28,4.009617805480957,4.062343184476461,3.9544053221293782,3.993700906842057,255612000
2019-08-29,4.1533684730529785,4.185699873722705,4.097658391534521,4.101140241981516,357976000
2019-08-30,4.166053295135498,4.24936963634604,4.147897859053402,4.199628494635267,290616000
2019-09-03,4.082984924316406,4.126259488032992,4.060104327706823,4.093181907869908,296140000
2019-09-04,4.197141647338867,4.204602961362762,4.143670082751071,4.143670082751071,227728000
2019-09-05,4.470219612121582,4.476437136282169,4.297618447020891,4.299359372760523,695676000
2019-09-06,4.443110466003418,4.503794298218014,4.4050586682068325,4.446840885593928,376976000
2019-09-09,4.4891204833984375,4.575670103266216,4.472705973928685,4.474198331435024,417524000
2019-09-10,4.555773735046387,4.582384755788009,4.446592082100578,4.456291457142539,352812000
2019-09-11,4.58437442779541,4.632623206126897,4.541348426023521,4.570447023636486,361512000
2019-09-12,4.582882404327393,4.685597491850589,4.574923954851905,4.630882618044122,327840000
2019-09-13,4.5249342918396,4.55328671309348,4.481162107744134,4.516229663520425,324592000
2019-09-16,4.481908321380615,4.51647826679335,4.439379926352239,4.449825480416518,231832000
2019-09-17,4.503297328948975,4.507525359346143,4.442115883815484,4.488623743817637,223048000
2019-09-18,4.476186275482178,4.5119999970351605,4.3896371599455435,4.496331671743166,258152000
2019-09-19,4.400581359863281,4.500560763185718,4.389886764733637,4.482156287610649,245476000
2019-09-20,4.294881820678711,4.423213649169267,4.284685309889253,4.399586870249028,350244000
2019-09-23,4.348352432250977,4.393865529031068,4.291399037851985,4.295129930615291,249712000
2019-09-24,4.290902614593506,4.409286020008458,4.255337926785013,4.3796902872463725,317268000
2019-09-25,4.432663917541504,4.452311706754026,4.245637779443651,4.290404701956607,308432000
2019-09-26,4.410529613494873,4.4316697627793165,4.359545161459809,4.422965134946498,234564000
2019-09-27,4.27175235748291,4.419482924890661,4.211068061333984,4.3687470450950885,362056000
2019-09-30,4.329203128814697,4.339400113814063,4.266280767666534,4.297617901367833,186184000
2019-10-01,4.3274617195129395,4.501555200642923,4.322736554076414,4.352332284583876,366008000
2019-10-02,4.303586483001709,4.317513885941315,4.2312133218406105,4.305575976459771,293372000
2019-10-03,4.509266376495361,4.5154839009583325,4.277722293130005,4.3080642109773395,450588000
2019-10-04,4.5256805419921875,4.555027710607367,4.44634366460313,4.5115040939582975,265524000
2019-10-07,4.58437442779541,4.684104793019114,4.581887323571799,4.590591951171126,480984000
2019-10-08,4.40779447555542,4.492602702362428,4.389639038964574,4.492602702362428,444436000
2019-10-09,4.494343280792236,4.543835851922609,4.455794348513797,4.484643905690134,292412000
2019-10-10,4.5520429611206055,4.603027416423513,4.486882532257541,4.492105309291985,309124000
2019-10-11,4.625658988952637,4.708974836516087,4.617202930407315,4.636104540908654,446404000
2019-10-14,4.639089107513428,4.659980212895733,4.585866122915701,4.616954212886972,200040000
2019-10-15,4.883813858032227,4.956436057481802,4.7154407688692315,4.729368645375923,664124000
2019-10-16,4.830094337463379,4.954695742202176,4.818654037777898,4.849742128344207,428944000
2019-10-17,4.8320841789245605,4.919628061305716,4.777617405465998,4.874612568063043,263436000
2019-10-18,4.737577438354492,4.86516311562896,4.663214760109028,4.832582659477246,307440000
2019-10-21,4.874861240386963,4.8882915079634115,4.780104611767795,4.799006223870478,261868000
2019-10-22,4.864913463592529,5.037016997583001,4.857203582752448,4.931814812544666,328720000
2019-10-23,4.851980686187744,4.866156658213106,4.751006533420689,4.782840802817358,279916000
2019-10-24,4.89600133895874,4.929576058826617,4.859192861915762,4.8932651923567185,232020000
2019-10-25,5.08700704574585,5.10789815355083,4.968872195281978,4.976582076643339,423092000
2019-10-28,5.142963409423828,5.195439723602948,5.101429306149844,5.130776460953553,330792000
2019-10-29,5.04671573638916,5.135503401740243,5.027316989858623,5.12903683665235,211236000
2019-10-30,5.048707962036133,5.079298929984199,4.980562795484537,5.073578540415818,205960000
2019-10-31,4.999463081359863,5.048706614170909,4.919629063134394,5.027815504681381,209732000
2019-11-01,5.038508892059326,5.070840295500885,4.939026628988037,4.964145762847227,283640000
2019-11-04,5.23523473739624,5.24767025937287,5.096457822450334,5.119586992030212,376716000
2019-11-05,5.213099956512451,5.261099692380898,5.1650997462773764,5.234985809574233,300868000
2019-11-06,5.163855075836182,5.214590470723479,5.076310737836193,5.188974205232624,269012000
2019-11-07,5.181513786315918,5.265078678110565,5.136746863055693,5.25040509656934,280340000
2019-11-08,5.167586803436279,5.1991725049956825,5.127047906243742,5.164602563014109,189100000
2019-11-11,5.177536487579346,5.200665661020841,5.080541297434083,5.166841889457222,243436000
2019-11-12,5.213099956512451,5.269058615645752,5.180768075961376,5.215835628849345,283504000
2019-11-13,5.187235355377197,5.209369779596259,5.120831133986629,5.181763535584075,300188000
2019-11-14,5.217575550079346,5.21981408576045,5.136249202497248,5.196186837359422,518080000
2019-11-15,5.078301906585693,5.26706851096581,4.990011369192455,5.215337882919801,1053628000
2019-11-18,5.279504776000977,5.306115798093272,5.067857068134432,5.070841308927021,574588000
2019-11-19,5.1728105545043945,5.272043801328032,5.114613823191554,5.248417018509723,414564000
2019-11-20,5.2521467208862305,5.335960191924732,5.137245157265,5.149929247041148,472588000
2019-11-21,5.227276802062988,5.3033804014515775,5.205639513498913,5.247670775490448,288388000
2019-11-22,5.244933605194092,5.296415186005282,5.221306355043956,5.249907338687189,224100000
2019-11-25,5.501596927642822,5.506571135659727,5.360083887817993,5.373016544041995,506476000
2019-11-26,5.39689302444458,5.48866494408061,5.390426458356778,5.483939303575425,385244000
2019-11-27,5.431735515594482,5.476784215604721,5.405353619051224,5.442437999805944,215784000
2019-11-29,5.394403457641602,5.429247658021355,5.37051002040027,5.400874794693056,141556000
2019-12-02,5.207986831665039,5.400875619644017,5.192804916916327,5.3874354404637055,372036000
2019-12-03,5.168412685394287,5.172394608073015,4.986973159959638,5.024306296013905,465232000
2019-12-04,5.212216854095459,5.2744389077986815,5.1835947663579685,5.252038930488194,273424000
2019-12-05,5.195293426513672,5.2497999186570175,5.164679898566728,5.234120027389068,184884000
2019-12-06,5.280661582946777,5.313515297936631,5.254528431528692,5.264484189049856,232236000
2019-12-09,5.280661582946777,5.335417299879885,5.24905304972204,5.257764100194735,211880000
2019-12-10,5.325710773468018,5.377479573305453,5.258012856525484,5.310777137172616,256388000
2019-12-11,5.409337520599365,5.414813377798335,5.333675747912461,5.336164687599864,233796000
2019-12-12,5.576838970184326,5.595007801220223,5.3715064467402796,5.380466249132867,404348000
2019-12-13,5.57484769821167,5.699043065992247,5.520838711177942,5.579825576915695,454704000
2019-12-16,5.6037187576293945,5.6761453290181985,5.594260977611441,5.622385566135441,320976000
2019-12-17,5.6818695068359375,5.704518236970812,5.612927360953992,5.622385140255545,321196000
2019-12-18,5.71223258972168,5.772712424182313,5.708250192810405,5.716712489549037,343548000
2019-12-19,5.86032247543335,5.87376265328227,5.741851713065646,5.746829591877591,445360000
2019-12-20,5.957637786865234,5.983024208500768,5.907611198148669,5.926775508813562,603044000
2019-12-23,5.943948268890381,6.018365791078846,5.933246258070049,5.986259283901261,355060000
2019-12-24,5.93897008895874,5.95614343547066,5.89417013713922,5.928516830163061,138864000
2019-12-26,5.953158378601074,5.981282493413734,5.923540330405871,5.94245589111793,182852000
2019-12-27,5.89541482925415,5.981779064559832,5.869032456133393,5.968338889160913,254644000
2019-12-30,5.78217077255249,5.8787395160607945,5.75081099594718,5.8735128866265764,258056000
2019-12-31,5.856339931488037,5.865797710341713,5.7276646736081585,5.7468289828147485,231004000
2020-01-02,5.9710774421691895,5.9710774421691895,5.8916825092904785,5.94220660064208,237536000
2020-01-03,5.875504493713379,5.9193089700123815,5.826473387405685,5.851362305182769,205384000
2020-01-06,5.900144577026367,5.9053712073821005,5.756038640237342,5.782171792016009,262636000
2020-01-07,5.971574306488037,6.0173697369100445,5.883467865087548,5.928516566383579,314856000
2020-01-08,5.9827752113342285,6.024090748052185,5.927273243197032,5.967344072941984,277108000
2020-01-09,6.048482418060303,6.120908991813925,5.9947226534222215,6.069140188913055,255112000
2020-01-10,6.080837249755859,6.1861170582643075,6.066650817633669,6.155752757707768,316296000
2020-01-13,6.271485328674316,6.296622997009059,6.141316611691496,6.163965815587761,319840000
2020-01-14,6.1545090675354,6.254064276830669,6.141317640332306,6.228677378026615,359088000
2020-01-15,6.111947059631348,6.1896002429565025,6.086062665189629,6.167200267969764,263104000
2020-01-16,6.195575714111328,6.201549074459292,6.1420646972518265,6.165460160816054,284192000
2020-01-17,6.20428466796875,6.222204742953625,6.156747027530316,6.214737926364124,253792000
2020-01-21,6.170935153961182,6.2045351231948365,6.1368372069696315,6.167699485326466,217916000
2020-01-22,6.224943161010742,6.311556154821581,6.197316553531429,6.216232111329572,239240000
2020-01-23,6.2933878898620605,6.301850188800662,6.176161835918426,6.265015025340445,244516000
2020-01-24,6.234152317047119,6.458649601386447,6.179894581687254,6.408871766709822,373512000
2020-01-27,5.97829532623291,6.029317393777205,5.779931189053332,5.929512971699287,470536000
2020-01-28,6.171682357788086,6.204037622473159,5.99098904942448,6.044251311365819,310976000
2020-01-29,6.111201286315918,6.193334376160934,6.071378736202756,6.1572454719838525,258848000
2020-01-30,6.117922782897949,6.131362962972072,5.958385680709814,6.0133896841235055,290504000
2020-01-31,5.884464740753174,6.084073126385558,5.842651697517958,6.072126406970737,370420000
2020-02-03,5.981532096862793,6.000945161876539,5.86007440324119,5.866296515119098,255564000
2020-02-04,6.150774955749512,6.169939741532912,6.073370982195707,6.123397571961286,271544000
2020-02-05,6.241122245788574,6.2819398115033085,6.1577444293662715,6.271735301395451,208220000
2020-02-06,6.327983379364014,6.327983379364014,6.194330704477738,6.275468324748292,218284000
2020-02-07,6.26177978515625,6.310064167998149,6.236392886603285,6.287912938328408,189752000
2020-02-10,6.54501485824585,6.5457611128780195,6.2794507479977755,6.2844286271790315,529608000
2020-02-11,6.667466640472412,6.782204223899052,6.5913069033457505,6.653280208935729,638556000
2020-02-12,6.783200740814209,6.7896720787960385,6.68140534110795,6.7202319448488455,374644000
2020-02-13,6.739395618438721,6.806595557928401,6.697831327462878,6.725209186080892,528016000
2020-02-14,7.212531566619873,7.341455573951124,7.118203005797297,7.149562784000862,1041924000
2020-02-18,7.3812785148620605,7.3996965714360154,7.089830500246091,7.109243562917757,620164000
2020-02-19,7.832512378692627,7.85018370495676,7.503731241571927,7.503731241571927,694332000
2020-02-20,7.683178901672363,7.87283149258455,7.375801824411447,7.784476295990353,810052000
2020-02-21,7.319057464599609,7.596070333575789,7.2341866608210745,7.570932659355315,768180000
2020-02-24,6.8016180992126465,7.015413401615063,6.670205129276669,6.724711623637992,856916000
2020-02-25,6.522116184234619,6.938755036778845,6.420320797299767,6.876781729497486,1055496000
2020-02-26,6.66149377822876,6.8556267817629495,6.520872260486998,6.522365244375088,747732000
2020-02-27,6.290677547454834,6.649291124091377,6.198284706095649,6.347955969591056,906416000
2020-02-28,6.725743770599365,6.78526370684369,6.021467195918768,6.038152538087511,1133252000
2020-03-02,6.8841328620910645,6.913021448545588,6.499868777188003,6.895837826861566,890744000
2020-03-03,6.621648788452148,6.999687085177929,6.536228945565324,6.9399182276917,652792000
2020-03-04,7.085355281829834,7.094818719160174,6.654271795151663,6.7289832174965545,597408000
2020-03-05,6.805935859680176,7.052731462294098,6.761358000504376,6.885876565799117,540328000
2020-03-06,6.625382900238037,6.683906769581396,6.42515686299559,6.626378976418261,515412000
2020-03-09,6.112367153167725,6.460022945569988,5.931566248093233,5.974400377600928,614160000
2020-03-10,6.501861095428467,6.501861095428467,6.126064361631653,6.388798124872372,580648000
2020-03-11,6.138016700744629,6.390291382312683,6.04089239234254,6.36190107562578,499964000
2020-03-12,5.386920928955078,5.8802631082003245,5.374219890329719,5.614789598406931,816540000
2020-03-13,5.997808933258057,6.002291513290289,5.469103414722863,5.740304494178519,634836000
2020-03-16,4.891088962554932,5.630729524713613,4.8313201098048415,5.289797356213266,726972000
2020-03-17,5.410829544067383,5.500234162523847,4.756609277259598,5.003404879250918,833632000
2020-03-18,5.05096960067749,5.2282839626354765,4.499601844322408,4.983231679255495,874268000
2020-03-19,5.303744792938232,5.397382631405638,4.81612997187546,5.02955443747792,765512000
2020-03-20,5.123938083648682,5.735821893342123,5.1084977163710255,5.453911927886964,804636000
2020-03-23,5.296770095825195,5.391155563804582,4.943884554727425,5.12294220354484,643876000
2020-03-24,6.205506801605225,6.292172088354584,5.679291623084315,5.702949978590255,1101644000
2020-03-25,6.116849899291992,6.520289773591496,6.068038360857843,6.320561989030691,793432000
2020-03-26,6.40623140335083,6.530251693453912,6.225928288320753,6.324048693944389,696108000
2020-03-27,6.293913841247559,6.552663238248432,6.193053660221969,6.225926544778391,638828000
2020-03-30,6.614176273345947,6.623390809349524,6.315331566479305,6.359411144117115,602252000
2020-03-31,6.56461763381958,6.8584814665930685,6.418930693842656,6.654270660343303,949960000
2020-04-01,6.0533447265625,6.513067390574506,6.00876734687262,6.366633735921976,656912000
2020-04-02,6.3621506690979,6.375349509282011,6.034417867069975,6.082481747363266,675764000
2020-04-03,6.074264049530029,6.366135274074595,5.93679555989796,6.324546124267488,663212000
2020-04-06,6.68415641784668,6.721014090642787,6.298895768250316,6.356423567850926,727884000
2020-04-07,6.450808048248291,6.929457580587798,6.407724545831599,6.905798751803751,784520000
2020-04-08,6.648045063018799,6.672948867099333,6.489906453358047,6.559885910074075,542444000
2020-04-09,6.548430442810059,6.7967203623339065,6.485423993071213,6.773809185156452,525564000
2020-04-13,6.720266819000244,6.728983080179184,6.400254158571719,6.488662221958455,398408000
2020-04-14,7.071408748626709,7.105526615595516,6.820877290444887,6.848520424449045,530948000
2020-04-15,6.99395751953125,7.076886915806902,6.857983386674097,6.903307939292964,366148000
2020-04-16,7.339123725891113,7.446209763060646,7.136158815907621,7.14935765781439,745620000
2020-04-17,7.279853820800781,7.442723944434023,7.14587181183315,7.421306640026413,539120000
2020-04-20,7.1486101150512695,7.309239162563449,7.1042816355442255,7.153342070869762,449388000
2020-04-21,6.711799621582031,7.091830043239888,6.6520307684707305,7.030567313176255,735160000
2020-04-22,7.126195907592773,7.169030505274513,6.858481334583749,6.904054785314269,483356000
2020-04-23,7.072903156280518,7.30027407803628,7.047750448452174,7.168284705768839,424160000
2020-04-24,7.211864471435547,7.213856623609894,6.987980102075522,7.062691508619764,352328000
2020-04-27,7.398394584655762,7.558276460300396,7.321691013396195,7.346345919337004,479388000
2020-04-28,7.255945682525635,7.5757094537182095,7.2504670253091525,7.545824789354154,442904000
2020-04-29,7.4327616691589355,7.485557509288624,7.315465024460151,7.390674242239296,379160000
2020-04-30,7.2788567543029785,7.432761694690941,7.26491073705107,7.378720402839211,375916000
2020-05-01,7.042271137237549,7.194681722002568,6.993957878668124,7.0813698596363315,342096000
2020-05-04,7.254201889038086,7.267899006058061,6.994954166898053,6.994954166898053,317556000
2020-05-05,7.315216541290283,7.477837751175259,7.254202237542955,7.358300046895456,368896000
2020-05-06,7.416075229644775,7.520920200232866,7.3568046614743645,7.394658405012081,323464000
2020-05-07,7.592393398284912,7.655648744920754,7.503985348163967,7.555286831262217,373732000
2020-05-08,7.78240966796875,7.788635500703007,7.630247978940607,7.664116946015508,339216000
2020-05-11,8.03443431854248,8.0812532199306,7.748788480019479,7.777427686453684,469060000
2020-05-12,7.772447109222412,8.141021876961775,7.762734773214537,8.092210821639759,493060000
2020-05-13,7.750033378601074,8.0473832087613,7.565496639217167,7.887003569169019,625852000
2020-05-14,7.999570369720459,8.005049026479924,7.657891048162896,7.811547087740847,602312000
2020-05-15,8.458045959472656,8.467757819588039,7.843671294571095,7.859360560912241,987660000
2020-05-18,8.716547966003418,8.882157876251767,8.647066777794294,8.726758578966196,774460000
2020-05-19,8.771586418151855,9.052499909442956,8.729000708833206,8.756394946991293,717320000
2020-05-20,8.935450553894043,9.008169334494243,8.854513314184649,8.956369577080315,587536000
2020-05-21,8.741449356079102,9.017630765345775,8.703844520777375,9.016635164411149,761068000
2020-05-22,8.991485595703125,9.05797903478298,8.679691377999005,8.791259527464495,1038764000
2020-05-26,8.684171676635742,9.146385199656716,8.638598225066781,9.121480921476104,770780000
2020-05-27,8.492414474487305,8.599499552152,7.96594949684625,8.591779842948718,1175892000
2020-05-28,8.45431137084961,8.726757430888176,8.346975498703378,8.379848386112114,734896000
2020-05-29,8.841313362121582,8.841313362121582,8.45231740901086,8.521549680755234,745256000
2020-06-01,8.772333145141602,8.806700393114223,8.656033032800373,8.799229582685854,389876000
2020-06-02,8.79125690460205,8.803210767049968,8.624651431110726,8.762369274520486,391320000
2020-06-03,8.735722541809082,8.832100150941315,8.666490263414596,8.788269951310621,365440000
2020-06-04,8.73672103881836,8.91286985853475,8.64802266856335,8.698351038544422,424280000
2020-06-05,8.889699935913086,8.9664380418545,8.678420180221178,8.764626517663563,481748000
2020-06-08,8.775092124938965,8.859553476790385,8.656246888070454,8.847096125961984,387736000
2020-06-09,9.015270233154297,9.078803940290415,8.721522237530877,8.770106557565944,468488000
2020-06-10,9.334930419921875,9.46772799834327,9.12240468175973,9.136607026501476,632180000
2020-06-11,8.766368865966797,9.229788430093894,8.756153594691645,9.118916430156073,583652000
2020-06-12,8.902158737182617,9.156043675178562,8.673687479512639,9.131377987164072,570908000
2020-06-15,9.142586708068848,9.151057932425964,8.714047113327261,8.785305003482147,400004000
2020-06-16,9.03769302368164,9.23527031783515,8.808723825272349,9.19366219211201,535716000
2020-06-17,9.204627990722656,9.267413723881686,9.039440494590265,9.082793634649544,408304000
2020-06-18,9.186684608459473,9.250965341706902,9.083535858324524,9.195653858376762,254408000
2020-06-19,9.229790687561035,9.412916672824586,9.195906734704266,9.211105138399326,524160000
2020-06-22,9.49438762664795,9.498872728106782,9.241748771132274,9.26840846511835,398468000
2020-06-23,9.417899131774902,9.609745343124262,9.375543956112791,9.518555877885476,375108000
2020-06-24,9.204129219055176,9.524038946174473,9.11343777249672,9.44406080156849,449372000
2020-06-25,9.457763671875,9.47271306129178,9.151059303167177,9.323970010638464,376072000
2020-06-26,9.123900413513184,9.467728722723272,9.094002588931565,9.467728722723272,592084000
2020-06-29,9.168745994567871,9.173231095152873,8.869764950633526,9.138599161455831,342248000
2020-06-30,9.465486526489258,9.49388931691423,9.23502227034489,9.282360571198074,367892000
2020-07-01,9.497626304626465,9.543221507665718,9.381024126433216,9.488408038637727,326648000
2020-07-02,9.579597473144531,9.704421861503496,9.545712575907153,9.60625621550432,364056000
2020-07-06,9.805825233459473,9.875089108391597,9.679505816564967,9.708656597453645,315892000
2020-07-07,9.838217735290527,10.035794141571895,9.81728915886992,9.912464758969064,357800000
2020-07-08,10.181296348571777,10.190266551563438,9.931647558636042,9.95980133623924,365480000
2020-07-09,10.473302841186523,10.534095507053468,10.198738363384658,10.344990331412106,494548000
2020-07-10,10.443652153015137,10.619053927193539,10.343493443043974,10.552780115287433,497676000
2020-07-13,10.018104553222656,10.755590702486899,9.990946826745457,10.559011304257547,457076000
2020-07-14,10.341750144958496,10.36741283425982,9.752259134498587,10.040775965444766,542676000
2020-07-15,10.19250774383545,10.397558316682144,10.02159013052711,10.378872771488924,403984000
2020-07-16,10.100323677062988,10.172078651972994,9.861886201857047,9.980980432503275,344964000
2020-07-17,10.166844367980957,10.21368463559378,10.053481282951243,10.190763004726778,266284000
2020-07-20,10.475044250488281,10.495474793400428,10.12224671574614,10.239347866244826,284852000
2020-07-21,10.293414115905762,10.524128339173833,10.25180598532388,10.477287115097871,277036000
2020-07-22,10.403289794921875,10.56648323144531,10.256539828820165,10.332281869444877,367292000
2020-07-23,10.095338821411133,10.51117107626877,9.99717318149924,10.414500470016959,411660000
2020-07-24,10.159869194030762,10.329540792966707,9.743787900157928,9.841454567795491,473292000
2020-07-27,10.386099815368652,10.406280397838827,10.183041317578041,10.19749267897111,292132000
2020-07-28,10.18079948425293,10.346734002040979,10.17457128474858,10.339010768533832,271636000
2020-07-29,10.429945945739746,10.480523314739726,10.3118487633201,10.355449943492497,284508000
2020-07-30,10.577945709228516,10.586914962321845,10.260278088332438,10.339757247035065,308880000
2020-07-31,10.578694343566895,10.729929450653795,10.397561404856253,10.527368956424281,386080000
2020-08-03,10.972848892211914,11.061048285507654,10.678850914559442,10.696042378108977,412720000
2020-08-04,11.189608573913574,11.189608573913574,10.868951887154713,11.012462764883185,310336000
2020-08-05,11.248408317565918,11.333119607322317,11.128318048466182,11.205804134027222,249924000
2020-08-06,11.296992301940918,11.319415905932198,11.140775066047947,11.311193696033985,244316000
2020-08-07,11.161454200744629,11.465667401571428,11.000004828368997,11.274070244186436,342516000
2020-08-10,11.127074241638184,11.369497853821477,10.819621877894193,11.295749813064376,427796000
2020-08-11,10.813142776489258,11.098918523004569,10.759076349780809,11.036131858187444,354512000
2020-08-12,11.40139102935791,11.428049779226821,10.921027900324939,10.95341777293297,464412000
2020-08-13,11.404128074645996,11.681931581652819,11.317174705404247,11.506777872851407,374460000
2020-08-14,11.524718284606934,11.664990101368055,11.401637932009832,11.490833384099657,366436000
2020-08-17,12.295092582702637,12.367595550910881,11.777108468542542,11.81099241956231,621300000
2020-08-18,12.219099044799805,12.453550352682827,12.04519232222542,12.40770613943423,503448000
2020-08-19,12.097265243530273,12.273165034891452,12.056902184955947,12.254728503615555,622624000
2020-08-20,12.099757194519043,12.33296250907546,11.838398102854091,11.934321676834784,921388000
2020-08-21,12.640416145324707,12.765240551057842,12.153823934972618,12.160302098658159,999868000
2020-08-24,12.677040100097656,12.868637287738805,12.465012367409239,12.839984531805605,490564000
2020-08-25,12.706687927246094,12.717899254502674,12.531036196749055,12.587842725979177,289076000
2020-08-26,12.729608535766602,12.824784104588067,12.63468198080618,12.75576924769513,321244000
2020-08-27,12.585352897644043,12.80634988794029,12.523812247203733,12.73808206029818,317604000
2020-08-28,13.103086471557617,13.103335485435085,12.599552848710347,12.63194271103962,537160000
2020-08-31,13.329066276550293,13.528884701935283,12.993460206549758,13.137967138426383,500840000
2020-09-01,13.77817153930664,13.95038574188467,13.394862527172423,13.438227675991252,511316000
2020-09-02,14.302044868469238,14.681116564248631,13.856927663087648,14.658187119451874,874012000
2020-09-03,12.975167274475098,13.841473875875945,12.838840818617765,13.785896742009523,945128000
2020-09-04,12.583385467529297,13.134173137133722,11.668479059045653,12.744134944953624,1463684000
2020-09-08,11.876083374023438,12.51110948315677,11.667980489453653,11.698136345800078,795728000
2020-09-09,12.675597190856934,12.769554842405869,12.193844135233684,12.361572823047036,736200000
2020-09-10,12.273598670959473,13.024763704510125,12.129296630055405,12.94899900089753,698684000
2020-09-11,12.12680435180664,12.613292032426472,11.858886975902417,12.446809721859445,636928000
2020-09-14,12.832362174987793,13.273740196264075,12.592109741002641,13.040466040853438,1201744000
2020-09-15,12.950743675231934,13.257539768805044,12.787999584615463,13.23884768114521,727556000
2020-09-16,12.475720405578613,13.052178487115969,12.47497314034895,12.91709841286544,556384000
2020-09-17,12.424877166748047,12.550736199701985,11.99745577232178,12.09465347967906,792512000
2020-09-18,12.151479721069336,12.593355945948336,11.951601465197568,12.554726323030696,698460000
2020-09-21,12.478461265563965,12.483694973903694,11.867610018715604,11.88804667529522,721044000
2020-09-22,12.598587036132812,12.608805364071547,12.117832199845257,12.536031626594971,646452000
2020-09-23,12.086179733276367,12.687560838178767,12.041818234122381,12.53652961819629,647012000
2020-09-24,12.309735298156738,12.530549304190643,11.97677067037228,12.034840589809768,731240000
2020-09-25,12.833857536315918,12.843577688833532,12.207804227081587,12.4089288617746,588016000
2020-09-28,12.994606971740723,13.01130540147052,12.710490282252483,12.999840680216156,573808000
2020-09-29,13.18476390838623,13.401091441820128,12.893170810331622,12.897407213832448,621460000
2020-09-30,13.488571166992188,13.580286078672284,13.109499534654345,13.116726900529311,689184000
2020-10-01,13.572309494018555,13.720099703122544,13.419035538099738,13.715365122828189,525004000
2020-10-02,13.021773338317871,13.477606072110225,13.010557705011829,13.184019258253107,552496000
2020-10-05,13.600225448608398,13.601970018218562,13.18177592914348,13.194985220785789,479820000
2020-10-06,13.69393253326416,14.098176363229637,13.622654275454853,13.787142928368265,784420000
2020-10-07,13.920727729797363,14.07549718453107,13.820539055423023,13.956367334628082,418084000
2020-10-08,13.795865058898926,14.040853931484282,13.715365781402312,14.031382869002927,378900000
2020-10-09,13.720102310180664,13.781412284485725,13.618419097926854,13.72433966527739,346892000
2020-10-12,14.181914329528809,14.302539646954472,13.869386394451777,13.946147441512323,434744000
2020-10-13,14.204096794128418,14.304036377631371,13.975308163127476,14.252197472284319,344604000
2020-10-14,14.051570892333984,14.298303391544927,13.916739922173088,14.246215398362194,276100000
2020-10-15,13.92671012878418,13.962348784110764,13.725086380494536,13.767953352964803,267224000
2020-10-16,13.768698692321777,14.077738441600156,13.749757518796747,13.993250901187118,242392000
2020-10-19,13.455924034118652,13.940168059936457,13.365205465785674,13.859917859739575,298068000
2020-10-20,13.603214263916016,13.756986404471803,13.4651432473735,13.54140612135768,229212000
2020-10-21,13.482840538024902,13.748764292958706,13.435737157219936,13.582780136172405,219596000
2020-10-22,13.319597244262695,13.569569814147943,13.190747236945244,13.480596768269912,290480000
2020-10-23,13.548137664794922,13.551128627236945,13.250064394396585,13.408322054619655,233484000
2020-10-26,13.100526809692383,13.650318109771362,12.998095392130589,13.385391699339385,336896000
2020-10-27,13.355236053466797,13.400345770075305,13.150621352779737,13.264766581144487,250520000
2020-10-28,12.587869644165039,13.218908393043177,12.569925774801279,13.157100253005204,376520000
2020-10-29,12.983641624450684,13.151868514765228,12.710490523520622,12.798716304089377,320080000
2020-10-30,12.495160102844238,12.896412039377154,12.261885015446573,12.810180868510429,416820000
2020-11-02,12.541766166687012,12.796972459300246,12.356591747437816,12.61852723013102,299652000
2020-11-03,12.979154586791992,13.064389401209851,12.563696069043367,12.669118451633498,272900000
2020-11-04,13.751503944396973,13.784651715579656,13.295671227164691,13.347759223710232,410228000
2020-11-05,14.116120338439941,14.294565548026274,13.947644368672051,14.11861312375407,319028000
2020-11-06,14.516874313354492,14.543541030292754,13.851941452053909,14.066025304842766,383348000
2020-11-09,13.58851146697998,14.645974479427236,13.568573936280314,14.50740526601168,582976000
2020-11-10,12.730427742004395,13.564334744395342,12.589116673777136,13.564334744395342,644068000
2020-11-11,13.376419067382812,13.393366583689211,12.90812437650842,13.013297662236877,404744000
2020-11-12,13.41505241394043,13.72334404061881,13.27473861470219,13.437233644333537,365812000
2020-11-13,13.2557954788208,13.626393386360808,13.018782160079738,13.58502189438396,346312000
2020-11-16,13.473367691040039,13.6072013508254,13.115230905233268,13.131679294091388,413776000
2020-11-17,13.380657196044922,13.554117795380119,13.262524644847927,13.510503557144846,312028000
2020-11-18,13.387134552001953,13.563586077407344,13.144140309723676,13.423521416256097,510924000
2020-11-19,13.398601531982422,13.445704907564874,13.059405888959795,13.17180655068119,565936000
2020-11-20,13.047194480895996,13.452683781596887,13.024514126113623,13.412309593696861,341088000
2020-11-23,13.099282264709473,13.341030162070899,12.975167790038975,13.130435427576792,361356000
2020-11-24,12.917597770690918,13.121214239336203,12.845073111917616,13.101774885108085,346500000
2020-11-25,13.193737983703613,13.228380285277073,12.979654112179025,12.992115187065773,259916000
2020-11-27,13.220152854919434,13.36595034788881,13.129684348278111,13.333550799371297,167276000
2020-11-30,13.359970092773438,13.370936636357785,12.93205052330156,13.223893683304208,286952000
2020-12-01,13.348505973815918,13.486826076488711,13.187256431069839,13.450439209421589,296948000
2020-12-02,13.502530097961426,13.631130077502323,13.19324118615636,13.3091310010847,283360000
2020-12-03,13.358430862426758,13.621690414266775,13.291619326739935,13.549393512083505,199520000
2020-12-04,13.520228385925293,13.521973470709733,13.351203372803964,13.410785417444142,202244000
2020-12-07,13.568594932556152,13.692746096765697,13.462144733657698,13.56311051484009,223244000
2020-12-08,13.312564849853516,13.560617048875113,13.2442564174415,13.546905529989491,271920000
2020-12-09,12.894487380981445,13.376381837972524,12.832162653647892,13.26320049071074,401300000
2020-12-10,12.935873031616211,13.032102820669692,12.813466967276163,12.83291301548905,207764000
2020-12-11,12.976758003234863,12.983489181090265,12.787041115310338,12.930886519220268,209264000
2020-12-14,13.271427154541016,13.35120272682699,13.040825861183126,13.051296369383167,270156000
2020-12-15,13.323033332824707,13.426242500782983,13.149770658003526,13.40206047490147,193016000
2020-12-16,13.205364227294922,13.399567920519228,13.175447671879173,13.38485880478983,223116000
2020-12-17,13.303838729858398,13.341981438331054,13.141544871847286,13.329266568173495,231384000
2020-12-18,13.234782218933105,13.367408674603341,13.03384733749289,13.341481562449765,342064000
2020-12-21,13.294859886169434,13.332504261276176,12.931132904097742,13.038082338831583,302332000
2020-12-22,13.241012573242188,13.299847130440972,13.017391613694233,13.281897959126036,185580000
2020-12-23,12.972768783569336,13.237773491477867,12.96853112758679,13.218826718555903,179144000
2020-12-24,12.95730972290039,13.095670686086326,12.90246461252926,13.000687677493834,97884000
2020-12-28,12.863824844360352,13.025869534762169,12.727459055388337,13.025869534762169,212564000
2020-12-29,12.906952857971191,13.03584092625599,12.806236260344338,12.888754523484122,170372000
2020-12-30,13.108885765075684,13.176694914698261,12.860584432443018,12.953821418799093,225396000
2020-12-31,13.018388748168945,13.114119243433588,12.878781023033149,13.09966024211231,192424000
2021-01-04,13.076726913452148,13.61421596546019,12.926150323127079,13.067503164125954,560640000
2021-01-05,13.367161750793457,13.405802788001981,13.050302773083237,13.063016693796978,322760000
2021-01-06,12.579124450683594,13.20785614214832,12.550704770549924,13.185419202200734,580424000
2021-01-07,13.306577682495117,13.340233565879808,12.850361199167793,12.931133417291425,461480000
2021-01-08,13.239516258239746,13.383361639460059,13.005424797193161,13.325026358914794,292528000
2021-01-11,13.583298683166504,13.92184698556936,13.325025220518834,13.381117087674065,518344000
2021-01-12,13.446935653686523,13.715929810060743,13.307578014456512,13.713934612043133,291476000
2021-01-13,13.49380111694336,13.586789879363465,13.34746316660913,13.45216824681422,210028000
2021-01-14,13.163232803344727,13.561612396886156,13.143538544960627,13.536932045657988,283120000
2021-01-15,12.823439598083496,13.287883293274248,12.81247076358303,13.190906014849554,277780000
2021-01-19,12.988724708557129,13.057281347523123,12.807982403646784,12.97974917056158,226188000
2021-01-20,13.328269004821777,13.392837146187576,13.020135512164993,13.074980630078048,258572000
2021-01-21,13.828611373901367,13.959992011036567,13.215834583904515,13.380870156744221,337780000
2021-01-22,13.67404556274414,13.802933631043508,13.589034728801968,13.701468596467407,246820000
2021-01-25,13.61496353149414,13.789722151701353,13.199382220355169,13.743103178778743,251112000
2021-01-26,13.397573471069336,13.606485325863583,13.34995690590269,13.542415511367036,163980000
2021-01-27,12.881526947021484,13.195643218846815,12.75787411482353,13.19290053466498,371272000
2021-01-28,13.01440143585205,13.302342356675961,12.924155341787754,12.959805478023089,228316000
2021-01-29,12.953323364257812,13.297356163278318,12.875292865521274,13.03833420279187,271552000
2021-02-01,13.199880599975586,13.2335355380806,12.866567471839382,13.01664572884835,217204000
2021-02-02,13.5187349319458,13.533941422844492,13.248244838960066,13.36117799763432,220440000
2021-02-03,13.492554664611816,13.892679260911207,13.478593987915998,13.597758063712506,245408000
2021-02-04,13.625933647155762,13.635157396759686,13.300349265838179,13.49305706545569,201340000
2021-02-05,13.552886962890625,13.69872756323,13.507763916332621,13.686511968620373,169152000
2021-02-08,14.398259162902832,14.433160858990226,13.688754280440907,13.688754280440907,434624000
2021-02-09,14.223252296447754,14.542354624618508,14.182616068463537,14.300534356614135,287560000
2021-02-10,14.722841262817383,14.863196439995074,14.301277407496707,14.422685819749905,485352000
2021-02-11,15.207982063293457,15.229422356874197,14.883146161796272,14.938241392149193,450828000
2021-02-12,14.919293403625488,15.248367885003656,14.733565033067464,15.007794401549177,374756000
2021-02-16,15.287257194519043,15.32938933887205,14.908073601340806,15.022003377958422,321960000
2021-02-17,14.864197731018066,15.180807447722142,14.73855068235919,15.128453956031041,274756000
2021-02-18,14.787413597106934,14.831539037044887,14.534125260124792,14.687693659586431,233868000
2021-02-19,14.88464069366455,15.13443792178438,14.805114282360956,14.982365438062779,271724000
2021-02-22,14.315495491027832,15.090815475255614,14.284831442431003,14.733320256663706,325884000
2021-02-23,14.102341651916504,14.198820593637908,13.35195136230545,14.035778314628121,391780000
2021-02-24,14.458338737487793,14.466067513196569,13.717422369270516,14.08314457417038,448320000
2021-02-25,13.270182609558105,14.334440047309721,13.17918902800684,14.006113004928865,824436000
2021-02-26,13.676041603088379,13.815648400098299,13.323532538638371,13.713934197276801,500932000
2021-03-01,13.802933692932129,13.885950280412095,13.515242901527062,13.836090305328044,353184000
2021-03-02,13.368659019470215,13.881466870203898,13.358437669063736,13.861024169390939,264116000
2021-03-03,12.768841743469238,13.413777543276217,12.762858052083374,13.388598869860433,377592000
2021-03-04,12.33556079864502,12.938615575725441,12.04986423160692,12.764853610702268,573344000
2021-03-05,12.426553726196289,12.514805563806275,11.646497027872458,12.514805563806275,542840000
2021-03-08,11.560738563537598,12.43627563829937,11.534063017322843,12.415085459306246,543112000
2021-03-09,12.489449501037598,12.5857115477266,12.029583156574535,12.100408589821392,521824000
2021-03-10,12.437575340270996,12.948065579929416,12.426851970545927,12.808909118795265,384376000
2021-03-11,12.961533546447754,13.014154358534435,12.703170905345067,12.91814061708739,299916000
2021-03-12,12.824372291564941,12.857041851117744,12.559026896264074,12.617133067544048,243964000
2021-03-15,13.158795356750488,13.174257290527175,12.735838738933504,12.83309870703744,221988000
2021-03-16,13.258550643920898,13.479255898576616,13.0844794904959,13.323639558080519,272128000
2021-03-17,13.308430671691895,13.420154662329283,12.957545610939825,13.007672048190122,243864000
2021-03-18,12.691202163696289,13.151567029011133,12.685715853663865,13.104184222736647,293896000
2021-03-19,12.81414794921875,12.88971194628079,12.58147210380223,12.718633648966629,299208000
2021-03-22,13.153810501098633,13.36154823506086,12.874998085903743,12.880983842945088,297804000
2021-03-23,13.038595199584961,13.311671106919352,12.989216509091099,13.221643113543065,222048000
2021-03-24,12.611898422241211,13.126879078644556,12.60566436776516,13.118898385374361,245840000
2021-03-25,12.504410743713379,12.6834697198719,12.241808987248234,12.468749258322461,295144000
2021-03-26,12.807662010192871,12.824620384035123,12.343058124473357,12.523612577983327,363968000
2021-03-29,12.916394233703613,13.030363335870426,12.668754976475395,12.788708883498062,273520000
2021-03-30,12.84008502960205,12.943330782149033,12.673745284717413,12.810408344776906,200204000
2021-03-31,13.315411567687988,13.437360417469511,12.950561058891067,12.98347986602582,314776000
2021-04-01,13.777772903442383,13.835879080768066,13.47801127894021,13.538862038226707,308276000
2021-04-05,13.953089714050293,13.979524270576526,13.699215418219154,13.833385038729487,255672000
2021-04-06,13.827398300170898,14.019674081792544,13.739615448630643,13.965308533350179,191744000
2021-04-07,14.108707427978516,14.208460857964388,13.677769984773475,13.846603166850237,251284000
2021-04-08,14.281780242919922,14.435900177020958,14.213946732959487,14.217688306990038,244416000
2021-04-09,14.364574432373047,14.372555124634204,14.140128521718337,14.179032137087,195172000
2021-04-12,15.17158317565918,15.314730471035531,14.104465091205773,14.254595135072282,869324000
2021-04-13,15.640926361083984,15.661376111521582,15.088538607928012,15.194028535206293,676212000
2021-04-14,15.239418029785156,15.681826557633755,15.190039338700716,15.586561501348141,385500000
2021-04-15,16.09754753112793,16.174357748910218,15.593041201255907,15.623965067235979,598480000
2021-04-16,15.873353958129883,16.12598105828335,15.82621945225456,16.013507430530804,335208000
2021-04-19,15.323960304260254,15.768614011420238,15.195527176784763,15.498280752880156,404420000
2021-04-20,15.133928298950195,15.458876336209281,14.926190558835732,15.28555384611717,334132000
2021-04-21,15.322711944580078,15.324706879775038,15.065097029883184,15.081555958737745,216776000
2021-04-22,14.81371784210205,15.400520875772711,14.747131525503809,15.33717668577237,277788000
2021-04-23,15.227697372436523,15.297275618549515,14.863595508360055,14.897511312075965,227500000
2021-04-26,15.439923286437988,15.44092122976747,15.087791990367876,15.147644806930623,197796000
2021-04-27,15.34390926361084,15.631948601560827,15.316726012485972,15.540174924345006,164572000
2021-04-28,15.239168167114258,15.494040417919788,15.178069111051128,15.32670273224523,209416000
2021-04-29,15.287049293518066,15.39852402553531,15.034422195968673,15.362113842578646,173196000
2021-04-30,14.972573280334473,15.327198902340966,14.960104223015762,15.137168261722612,201912000
2021-05-03,14.800249099731445,15.209240277723236,14.75112061320419,15.087789925219155,203912000
2021-05-04,14.31594467163086,14.601490591862607,13.975783949931254,14.6012413438704,405324000
2021-05-05,14.422931671142578,14.77705885779142,14.35210623381281,14.672815161485438,292024000
2021-05-06,14.487273216247559,14.535404719230742,14.183024162475034,14.459591465964824,193380000
2021-05-07,14.775812149047852,14.933921959028272,14.635657709157325,14.771822278211939,229328000
2021-05-10,14.2306547164917,14.76957547077731,14.214943531610285,14.750871407443766,268904000
2021-05-11,14.2710542678833,14.319435012067427,13.71617310026738,13.790988399639572,285584000
2021-05-12,13.724652290344238,14.225167908494997,13.675523802229213,13.97503424774267,303408000
2021-05-13,13.631633758544922,14.046112281477168,13.425890936508688,13.999227017101628,285404000
2021-05-14,14.207961082458496,14.292752013541277,13.714677433186372,13.855829803441582,258616000
2021-05-17,14.130651473999023,14.134392096499555,13.819419695219413,14.122172285711322,216980000
2021-05-18,13.981269836425781,14.368814302100715,13.96954852184947,14.231902003595811,186256000
2021-05-19,14.031147003173828,14.044863252937322,13.509932366145637,13.533124795954503,344000000
2021-05-20,14.576550483703613,14.647625156234405,14.235391865290197,14.267312727841873,321592000
2021-05-21,14.95486831665039,15.184552232588912,14.832919461611446,15.126445108164015,672992000
2021-05-24,15.573593139648438,15.706265365867367,15.13866492809838,15.17507511104745,554816000
2021-05-25,15.60925579071045,15.779585403800763,15.444412487570158,15.727214784284769,435408000
2021-05-26,15.661375045776367,15.754894404271841,15.547905385492475,15.695541043507959,370440000
2021-05-27,15.449897766113281,15.71125330157703,15.421966770902706,15.66112686872143,581476000
2021-05-28,16.204532623291016,16.237452376617053,15.462863062278457,15.462863062278457,644536000
2021-06-01,16.224485397338867,16.347931629920918,15.864124228355527,16.22997265762719,472804000
2021-06-02,16.736967086791992,16.87712240828872,16.19555310936582,16.212262231087504,594168000
2021-06-03,16.928003311157227,17.21654307093119,16.54220545944608,16.659665958022718,580008000
2021-06-04,17.53500747680664,17.617552324507795,17.053445127711075,17.070401602049834,617120000
2021-06-07,17.575654983520508,17.76867947172536,17.150455047093143,17.528023884085115,575756000
2021-06-08,17.4140567779541,17.578151395074354,17.208562256214222,17.484133522613572,323848000
2021-06-09,17.31951141357422,17.53577879071623,17.217241151516543,17.4766611402099,381656000
2021-06-10,17.38611602783203,17.452967859710565,17.137673016665815,17.311284529275444,287772000
2021-06-11,17.78546905517578,17.899214954964485,17.40482022564648,17.440489877133697,416308000
2021-06-14,17.97854232788086,17.99924607215233,17.623337708587435,17.866044815690444,321376000
2021-06-15,17.748804092407227,17.97604663575129,17.68843990745718,17.875022883618865,243032000
2021-06-16,17.770505905151367,17.91468418538893,17.545259694850984,17.751050591544338,307124000
2021-06-17,18.61561393737793,18.792966905127752,17.716625537466296,17.734834323579165,809656000
2021-06-18,18.597156524658203,19.331763460015086,18.542528261234434,18.742082709800528,968856000
2021-06-21,18.386131286621094,18.495138525894447,17.782980352467526,18.394112856856477,672384000
2021-06-22,18.8446044921875,18.921434238935472,18.344972300218704,18.430282227083815,580144000
2021-06-23,19.014724731445312,19.11001257671834,18.865558432257274,18.96533567291674,332356000
2021-06-24,19.16264533996582,19.376667140371925,19.0456565249528,19.184846818923116,320924000
2021-06-25,18.988534927368164,19.302333968295713,18.852340103189597,19.237478474504314,278364000
2021-06-28,19.94040298461914,20.0339437763487,19.275888834778623,19.31804423186524,495436000
2021-06-29,19.982059478759766,20.05389740507961,19.613133627200476,19.838130514850587,367632000
2021-06-30,19.95786476135254,20.117507567563237,19.819424307190975,19.954621891960947,326568000
2021-07-01,20.16689682006836,20.410351816483264,19.97432670783761,20.080091067121554,480136000
2021-07-02,20.441280364990234,20.45949105387134,20.24247574556543,20.39463557614334,342764000
2021-07-06,20.65230941772461,20.795488562446426,20.30483712715848,20.691221944768234,446708000
2021-07-07,20.3262939453125,20.82842115434022,20.286633492945466,20.806969493155897,418428000
2021-07-08,19.858335494995117,20.088071080613446,19.656786608504444,19.812189314423424,503300000
2021-07-09,20.005508422851562,20.035442165140385,19.710169397353443,19.917954748254353,296624000
2021-07-12,20.466726303100586,20.48692953104882,20.142700097359224,20.194833408061367,321984000
2021-07-13,20.204811096191406,20.41558998557854,20.06911490682044,20.354974593131452,290708000
2021-07-14,19.797225952148438,20.37219021147144,19.708675050402782,20.312324625479327,380100000
2021-07-15,18.923927307128906,19.802712615853245,18.81641780631907,19.767541563589802,550564000
2021-07-16,18.12047004699707,19.11424759877164,18.032667088106123,18.988030726422647,688224000
2021-07-19,18.73784637451172,18.999510194615794,17.825635073987275,17.875275342534227,749060000
2021-07-20,18.570465087890625,18.795960580206206,18.12346488761401,18.68820179026465,434687000
2021-07-21,19.36668586730957,19.48342535694125,18.700177259556888,18.83986423648893,371017000
2021-07-22,19.550277709960938,19.842623177456858,19.232986505120362,19.598170937456786,323826000
2021-07-23,19.514358520507812,19.65604185729442,19.207045233457105,19.612139415403593,195672000
2021-07-26,19.250946044921875,19.39861459525191,18.871792949550414,19.267908307327364,203943000
2021-07-27,19.165136337280273,19.57821202904054,18.699177517637054,19.22200834655241,248863000
2021-07-28,19.45948028564453,19.60216083809746,18.952614440884304,19.275890857255888,202191000
2021-07-29,19.618125915527344,19.808699693651445,19.284869681606036,19.475443459730137,190781000
2021-07-30,19.455490112304688,19.586196410986457,19.220016666249848,19.374669578351813,183497000
2021-08-02,19.7059268951416,19.916456479690652,19.317795028840045,19.656039233859172,217444000
2021-08-03,19.77077865600586,20.176869927810476,19.1771053217884,19.695945275075143,301811000
2021-08-04,20.2287540435791,20.27265647160843,19.783748345309515,19.945387459474443,231309000
2021-08-05,20.590946197509766,20.686732636563846,20.296604434887584,20.454252790573072,211435000
2021-08-06,20.3205509185791,20.524096148760073,20.164898907628032,20.478199273286513,178497000
2021-08-09,20.249710083007812,20.46223410099579,20.098048857451968,20.400372185145788,146443000
2021-08-10,19.891511917114258,20.384408995827474,19.790735571713213,20.276650205072418,179238000
2021-08-11,19.655038833618164,20.0042581491868,19.3866400361588,19.9982710212323,185925000
2021-08-12,19.860578536987305,19.984300450191405,19.576214726020186,19.82565679901534,151652000
2021-08-13,20.1429500579834,20.168893013178696,19.806702182493282,19.860582533688213,183063000
2021-08-16,19.905481338500977,20.24172919957382,19.409588774585117,20.09006796888295,210876000
2021-08-17,19.414579391479492,19.72588343328819,19.224005625797794,19.641072122334368,204585000
2021-08-18,18.997509002685547,19.590183225168474,18.957597357921568,19.456481498919505,285913000
2021-08-19,19.75382423400879,20.449269491332213,18.720134701148606,19.450501709268725,766555000
2021-08-20,20.769550323486328,20.818440769765257,19.888521263811523,19.946390500496992,675741000
2021-08-23,21.908994674682617,21.947907193598294,20.903244891262354,20.924197932454785,575807000
2021-08-24,21.744367599487305,21.909997531385216,21.48694391201485,21.70445785017865,297299000
2021-08-25,22.163433074951172,22.419859572593847,21.673529472839984,21.68849539272734,347701000
2021-08-26,22.018753051757812,22.290145407367774,21.74137356832189,22.150458445376195,237940000
2021-08-27,22.58548927307129,22.671297812529208,22.117535945744294,22.134498209537867,304722000
2021-08-30,22.637374877929688,22.991582292262514,22.500681440564495,22.77905822428135,262580000
2021-08-31,22.338985443115234,22.64834767167244,22.074530788334712,22.64834767167244,259850000
2021-09-01,22.394874572753906,22.650348906025947,22.31104759248821,22.438784759124236,201767000
2021-09-02,22.34996223449707,22.546557779786212,22.249170019657587,22.471711189943935,187834000
2021-09-03,22.796043395996094,22.938749089053665,22.154365523608845,22.279108568441263,280532000
2021-09-07,22.61541748046875,22.851929824701582,22.475703964992363,22.786065507103327,198107000
2021-09-08,22.29308319091797,22.563526062752924,21.93182586082569,22.466725323109348,254434000
2021-09-09,22.131412506103516,22.491670487300535,22.085507536787368,22.26613522548103,196856000
2021-09-10,22.43179702758789,22.579491625302524,22.224224389626503,22.30206317714799,248376000
2021-09-13,22.106464385986328,22.916795498614167,21.813068113227185,22.637370386299374,297500000
2021-09-14,22.196279525756836,22.363933451036715,22.040600065099298,22.22921073103916,199755000
2021-09-15,22.295074462890625,22.321021990703297,21.920845329366998,22.263140654637013,166538000
2021-09-16,22.196279525756836,22.231207426856813,21.881926512429214,22.13740079198433,156033000
2021-09-17,21.854984283447266,22.275118448091163,21.78512847263095,22.25416170484627,294503000
2021-09-20,21.06960105895996,21.388942963530003,20.619527919799644,21.102532264947648,349440000
2021-09-21,21.20232391357422,21.380954884379932,20.90693288638775,21.372971908988507,204688000
2021-09-22,21.89590072631836,21.91486077380473,21.15243122045159,21.32208186520741,268726000
2021-09-23,22.435791015625,22.48868157731644,21.845006848668227,22.09449300053855,248555000
2021-09-24,22.03561019897461,22.10347121162325,21.816063110959004,22.02463313008802,217655000
2021-09-27,21.615478515625,21.754192745335704,21.281168009429962,21.665374981095614,245215000
2021-09-28,20.656452178955078,21.374973422098716,20.608550508955098,21.170394880020993,343069000
2021-09-29,20.474824905395508,20.9737970920563,20.424926544672726,20.89695571031384,218394000
2021-09-30,20.673416137695312,21.022697064179454,20.645473815850814,20.725309293039082,221009000
2021-10-01,20.699365615844727,20.816123798789594,20.161472062841753,20.707348593286746,240978000
2021-10-04,19.691442489624023,20.49977705360861,19.514806256090917,20.46185505357973,345635000
2021-10-05,20.408966064453125,20.60556166121766,19.813192992009895,19.90899634754412,279282000
2021-10-06,20.657453536987305,20.677410981952494,20.038727060788936,20.07864575757577,297202000
2021-10-07,21.031681060791016,21.278173092978495,20.928892137925292,21.048644411788743,256919000
2021-10-08,20.788175582885742,21.162404668273087,20.732290949773294,21.05762098118724,151258000
2021-10-11,20.65245819091797,21.019701745235178,20.468836413759362,20.532705933838944,163388000
2021-10-12,20.628511428833008,21.013717707370695,20.48580570766781,20.785188312861532,162134000
2021-10-13,20.895957946777344,20.946853707427614,20.67042266932905,20.87500120476158,180652000
2021-10-14,21.70130157470703,21.710281948455567,21.078583653114016,21.24424280701027,243589000
2021-10-15,21.817062377929688,21.885920792719308,21.6174746181001,21.765169217756938,226994000
2021-10-18,22.17631721496582,22.245175611760306,21.599504419018132,21.704290011729686,189494000
2021-10-19,22.24418067932129,22.33299652432015,21.991700497587633,22.23020761577493,161473000
2021-10-20,22.057565689086914,22.38688726459648,21.936814127495424,22.259150122667332,146276000
2021-10-21,22.645357131958008,22.66431908339026,22.037609648043592,22.05158081081339,187590000
2021-10-22,22.679288864135742,23.08245781345406,22.51462899454063,22.77608961237726,249384000
2021-10-25,23.118383407592773,23.306994101972588,22.72319746404904,22.92577932097551,230235000
2021-10-26,24.666189193725586,25.20707674420547,23.874820066677863,23.939686981437962,485898000
2021-10-27,24.400737762451172,25.03842414765746,24.232084541266754,24.423691198422762,245990000
2021-10-28,24.889732360839844,24.89871463743383,24.472592314193292,24.82686213496586,234204000
2021-10-29,25.514442443847656,25.65615073845339,24.9486085650079,24.9496059611633,292503000
2021-11-01,25.773914337158203,25.840776060615124,25.175147208367978,25.596280704392232,265740000
2021-11-02,26.346731185913086,26.62316223217399,25.746966723249745,25.768922765601214,294112000
2021-11-03,26.5433292388916,26.728947751139437,26.181076395550274,26.615181750416074,239910000
2021-11-04,29.739742279052734,31.30052653095148,27.062256834548624,27.17302872617055,1153631000
2021-11-05,29.690847396850586,31.335458846244542,29.349549397535192,30.124952748085423,851260000
2021-11-08,30.740680694580078,31.036071770159673,29.845523288055762,30.0870264157735,503101000
2021-11-09,30.59398078918457,32.243584649409264,29.90240643770052,32.215642328275685,646746000
2021-11-10,29.3984432220459,30.78658460535375,28.718843340660385,29.295656214442552,636206000
2021-11-11,30.327531814575195,30.527121469817228,29.715792890325954,30.405372503422235,332172000
2021-11-12,30.327531814575195,30.61693662433334,29.56909378945469,29.948313753728954,413054000
2021-11-15,29.963281631469727,30.581008726244367,29.186880973756832,30.48919878124828,384909000
2021-11-16,30.14091682434082,30.32753271977368,29.644938667134358,29.697831126511854,264484000
2021-11-17,29.200849533081055,30.446285187958786,28.74079674255149,30.35547074388643,428508000
2021-11-18,31.609893798828125,32.69266275409548,31.256621326269865,32.30047278795472,781711000
2021-11-19,32.91720199584961,33.01999092531616,31.839421944726077,32.17672655199687,533867000
2021-11-22,31.890310287475586,34.575778624471646,31.834425645300712,33.44810039838388,754335000
2021-11-23,31.680744171142578,32.29348237107467,30.81652316774115,31.470177454770493,532163000
2021-11-24,32.606834411621094,32.78746210050022,30.864423237348433,31.39632853521681,435162000
2021-11-26,31.438243865966797,32.64276162923178,31.285558488884924,32.532987132035885,283069000
2021-11-29,33.307395935058594,33.34332123751521,31.970150118608004,32.299473639315565,454964000
2021-11-30,32.608829498291016,33.284439797778,31.798500284928068,33.100816111812016,622066000
2021-12-01,31.37422752380371,33.2246452598097,31.31933354836932,33.15478089240637,484368000
2021-12-02,32.06388854980469,32.41520919739524,30.96501733909854,31.153653016640646,472890000
2021-12-03,30.6336612701416,32.06688583887325,30.07174810217101,31.938133623399295,544325000
2021-12-06,29.978925704956055,30.18252985019902,27.98379011741207,29.822227763677287,658938000
2021-12-07,32.36430358886719,32.38626422162918,30.591738246734344,30.897148284520917,593053000
2021-12-08,31.76446533203125,32.227568898635525,31.360247705435075,31.937131175325288,475551000
2021-12-09,30.43105125427246,32.142737576964656,30.369170849219458,31.672645621504326,488507000
2021-12-10,30.139616012573242,31.24447612099294,29.80326766525303,31.089775108201945,488825000
2021-12-13,28.106552124023438,30.235429453900565,28.06163905199242,30.190516381869546,598344000
2021-12-14,28.282215118408203,28.62255545688328,27.197316754829743,27.64544809567348,667035000
2021-12-15,30.400115966796875,30.441037070657124,27.784182622942243,28.345096432600926,698297000
2021-12-16,28.332117080688477,31.099756612539498,28.038686765312615,31.091772658065082,707366000
2021-12-17,27.747251510620117,28.866084513821278,27.706330412496648,27.930895789317223,713758000
2021-12-20,27.665409088134766,28.08958664914624,27.092519430074276,27.25220994036055,461847000
2021-12-21,29.018787384033203,29.063700457531855,27.348022192079924,28.319142478736474,524385000
2021-12-22,29.34316062927246,29.497861653248666,28.393998983391853,28.8351458054204,395184000
2021-12-23,29.582693099975586,30.000883625325518,29.374097548298604,29.697470529314675,343022000
2021-12-27,30.885168075561523,31.026893719009394,29.582690965802353,29.60265275302843,403686000
2021-12-28,30.263378143310547,31.269428770384458,29.95397610422819,31.251463920554766,420591000
2021-12-29,29.9429931640625,30.48893643463612,29.30922069445387,30.214468521948493,343139000
2021-12-30,29.528799057006836,30.39811536049081,29.482888465222835,29.76933233244258,308864000
2021-12-31,29.354137420654297,29.97194206030295,29.274292165132447,29.616629435851035,266530000
2022-01-03,30.06276512145996,30.651624582903967,29.727414293582168,29.75735697767053,391547000
2022-01-04,29.23337173461914,30.40909369115047,28.294191075815277,30.218462985082912,527154000
2022-01-05,27.55063247680664,29.359129558729837,27.479770596008006,28.893031463942076,498064000
2022-01-06,28.123519897460938,28.38301743954945,27.01267281731573,27.586559964920273,454186000
2022-01-07,27.19432258605957,28.367052077902994,27.004689383729875,28.086595203604723,409939000
2022-01-10,27.347023010253906,27.415889845673522,25.594417635721964,26.529606264497083,594681000
2022-01-11,27.76321792602539,28.010739538240262,26.78711005956988,27.27017354560003,404089000
2022-01-12,27.944868087768555,28.539714564955542,27.554623289676226,28.012735506788296,383413000
2022-01-13,26.52362060546875,28.42493625647017,26.446767908799874,28.324131697586143,540171000
2022-01-14,26.889909744262695,27.144417793034062,26.15932464358932,26.249150789783805,395832000
2022-01-18,25.852920532226562,26.586500135365398,25.720178245364497,26.209230679570027,424270000
2022-01-19,25.018535614013672,26.49168179020978,25.003565223757168,26.02858007768311,488315000
2022-01-20,24.103307723999023,25.529545731359246,24.031446427083026,25.255077800339837,435181000
2022-01-21,23.328811645507812,24.77500970305523,23.218026180646312,23.461553938187595,718958000
2022-01-24,23.326812744140625,23.334796698374127,20.847616010504623,22.286827510617645,913982000
2022-01-25,22.280839920043945,22.898644579433583,21.957466910396736,22.502410844337714,664616000
2022-01-26,22.72797966003418,24.0104955223675,22.256891943722337,23.195075397952778,755959000
2022-01-27,21.90157699584961,23.948612493124184,21.633096035086837,23.522437945377376,573353000
2022-01-28,22.79584503173828,22.813809883208478,21.254829324418658,21.969444731157765,543774000
2022-01-31,24.43865966796875,24.461615916333805,23.007432099177755,23.13717992402368,564680000
2022-02-01,24.590368270874023,25.09638806614209,23.843813269742828,25.05546696522535,518925000
2022-02-02,25.193199157714844,25.767086343817308,24.505530149134337,25.744131998569852,543419000
2022-02-03,23.901697158813477,25.02851397918987,23.734022713171655,24.4107113163615,410178000
2022-02-04,24.27198028564453,24.587369295180423,23.586308302613325,23.925651076488982,354829000
2022-02-07,24.680191040039062,25.133311835992746,24.15520704406836,24.324878438884706,376868000
2022-02-08,25.059457778930664,25.18122165390177,23.933638315079907,24.311905294054206,410359000
2022-02-09,26.653369903564453,26.673331693511606,25.303984503910602,25.572463535153865,524282000
2022-02-10,25.774072647094727,26.87294386426825,25.55050669154954,25.944743476270883,513200000
2022-02-11,23.90269660949707,26.1014383680604,23.727038196145745,25.865894587572004,605472000
2022-02-14,24.22008514404297,24.82690950810967,23.70907395093763,23.88772874556484,440424000
2022-02-15,26.44377899169922,26.493681567004096,24.73608636580203,24.90076638723711,699869000
2022-02-16,26.45974349975586,26.530607279677454,25.502597989095346,26.208231811287334,732676000
2022-02-17,24.459619522094727,25.735148587356477,24.118281669763785,25.58044757027019,810595000
2022-02-18,23.59628677368164,24.937687920677885,23.055334950510133,24.620302003508762,761255000
2022-02-22,23.34477996826172,24.01747672423465,22.955534556689436,22.990466739591504,633422000
2022-02-23,22.343713760375977,24.10829687730858,22.257881503798696,23.755978764866608,566511000
2022-02-24,23.702091217041016,23.753990739958894,20.849616301111375,20.97437465983734,735801000
2022-02-25,24.110292434692383,24.17017589267423,23.335793746656655,23.675136514655122,528866000
2022-02-28,24.337852478027344,24.617311790775407,23.661163875602178,23.94561268337216,477319000
2022-03-01,23.43160629272461,24.32986765752615,23.087274038657856,24.24403349765344,412056000
2022-03-02,24.177288055419922,24.365955840930578,23.37370924864072,23.714107509120137,389642000
2022-03-03,23.67218780517578,24.283108229788855,23.427618955251905,24.219219994125485,365095000
2022-03-04,22.895559310913086,23.63824694769257,22.442359346497184,23.342769336842796,431415000
2022-03-07,21.31435203552246,22.992389803663198,21.292391465045675,22.776769140858917,450821000
2022-03-08,21.476062774658203,22.33354729257822,20.613586007361604,21.271424341879477,557467000
2022-03-09,22.973419189453125,23.179055323683137,22.207771447985007,22.34752397571556,492742000
2022-03-10,22.61804962158203,22.74781956359875,21.843416915189174,22.491272744824204,428066000
2022-03-11,22.061031341552734,23.104188764046526,22.00712570703421,22.981404553858948,367209000
2022-03-14,21.292390823364258,22.22274672696289,21.121692803109244,21.830440015715702,385354000
2022-03-15,22.9324893951416,22.99737530841706,21.284401668232853,21.480055192344064,491996000
2022-03-16,24.452804565429688,24.553626296633002,23.13113987283626,23.458560601182327,671422000
2022-03-17,24.72233009338379,24.798194389496683,23.86384594867932,24.077469296534115,471941000
2022-03-18,26.406354904174805,26.522151490123896,24.580581386606394,24.755272049910502,730719000
2022-03-21,26.68686294555664,27.10412711770942,25.92121509093624,26.460263898678804,591727000
2022-03-22,26.477230072021484,27.189971767703643,26.026027424283942,26.679871236174723,547007000
2022-03-23,25.588796615600586,26.565070701682995,25.529900643651544,26.079927675254787,502120000
2022-03-24,28.10036277770996,28.270063093192512,25.86131782488274,26.11986190750109,877379000
2022-03-25,27.643173217773438,28.307999299732625,27.222915992361493,27.836831402895648,579016000
2022-03-28,28.16923713684082,28.200182607054074,27.15802302177653,27.707054268021754,425494000
2022-03-29,28.605470657348633,28.894958306684245,27.930662062478252,28.644401446440966,488984000
2022-03-30,27.641178131103516,28.445756765832428,27.454507571237144,28.254095859610313,463487000
2022-03-31,27.237886428833008,28.19819004641193,27.221915798943442,27.73301213113302,523440000
2022-04-01,26.664899826049805,27.447517830165626,26.220684779158603,27.326730894613775,517235000
2022-04-04,27.311756134033203,27.509406950687776,26.566073594108467,26.680870583661918,397120000
2022-04-05,25.885276794433594,27.27082988410383,25.774472454795866,27.205943962554,436615000
2022-04-06,24.363962173461914,25.25538717602562,23.960675226004746,24.89003332893193,703833000
2022-04-07,24.165315628051758,24.6784092608977,23.436603251438946,24.397904594724462,557992000
2022-04-08,23.078235626220703,23.880818851275105,23.021336921751427,23.874828912703954,524781000
2022-04-11,21.878353118896484,22.280642378826183,21.621806322763018,22.17483029611759,575207000
2022-04-12,21.46607780456543,22.684925263865026,21.244469175601868,22.497257072559588,662258000
2022-04-13,22.163848876953125,22.46032606445315,21.41716862218913,21.689687961003017,516943000
2022-04-14,21.220516204833984,22.736838829968864,21.125684399232618,22.465317170334803,569097000
2022-04-18,21.744586944580078,22.049047482223045,21.04182796602704,21.162614873714208,525701000
2022-04-19,22.158855438232422,22.333546077200904,21.27641352942195,21.681697715813993,512781000
2022-04-20,21.44411849975586,22.630023279185664,21.16261619627235,22.477293204743273,468974000
2022-04-21,20.147409439086914,22.35251367670244,19.964731581536245,21.670717529613366,656209000
2022-04-22,19.480587005615234,20.44987543262351,19.465614065609277,20.267197567812772,624713000
2022-04-25,19.866907119750977,19.909830566482615,19.062328587721677,19.168140672030763,641566000
2022-04-26,18.754871368408203,19.753108075976066,18.63707940645143,19.683231811083985,653143000
2022-04-27,18.382530212402344,19.133203133217663,18.25775062172566,18.56520619274725,499460000
2022-04-28,19.747116088867188,20.001667489116333,18.45739457929483,18.933552723499567,570327000
2022-04-29,18.514297485351562,20.092509128467537,18.484349698064364,19.367789431189383,500435000
2022-05-02,19.49856185913086,19.53948803265964,18.358575147797907,18.508310298522446,572049000
2022-05-03,19.56743621826172,19.790044492832212,19.099263315754698,19.365792728207555,475751000
2022-05-04,20.29814910888672,20.36403273019038,18.717939886168136,19.887874436582134,648855000
2022-05-05,18.810771942138672,19.889865173375625,18.467378659821374,19.83196878609108,626331000
2022-05-06,18.642066955566406,19.47759084783284,17.95827544658024,18.702960208114586,633297000
2022-05-09,16.920114517211914,18.222811941526615,16.79733029414801,18.00220284256642,644455000
2022-05-10,17.56397247314453,18.16590978890649,16.99497790989981,17.657806577427667,761474000
2022-05-11,16.600677490234375,17.72169853655912,16.53878843716362,17.31641425027413,670167000
2022-05-12,16.1464786529541,16.758398648288527,15.53955185958914,16.19040169441591,708728000
2022-05-13,17.674776077270508,17.896384717582276,16.56373981104597,16.758395637485194,670437000
2022-05-16,17.233558654785156,17.756634863058387,17.075838212801916,17.478127488678094,521446000
2022-05-17,18.144948959350586,18.33860712731935,17.60290714990144,18.042129937144267,585830000
2022-05-18,16.90813446044922,18.08605417628394,16.834265532095618,17.67378227574179,545161000
2022-05-19,17.093807220458984,17.65581425511469,16.704493580378365,16.907136667863853,621310000
2022-05-20,16.66456413269043,17.379301231839957,15.727219718341468,17.301439650730654,739105000
2022-05-23,16.868206024169922,16.885176247645457,16.150473907934177,16.24530571772281,639889000
2022-05-24,16.125518798828125,16.567738553668264,15.752178588295978,16.48089204683315,588550000
2022-05-25,16.945070266723633,17.080830153303886,15.971788994098624,15.991754187297795,781132000
2022-05-26,17.819522857666016,18.06009712140226,15.993747492579688,16.00772274521179,996575000
2022-05-27,18.77783203125,18.84770829801262,18.068085271445213,18.15393407231878,738379000
2022-05-31,18.63907241821289,19.166141157238062,18.31763976934224,18.946527913320917,664100000
2022-06-01,18.287696838378906,19.019404173433802,18.090046008838897,18.690985716581736,544514000
2022-06-02,19.557453155517578,19.584405973838475,18.165912046478592,18.25974616242298,648656000
2022-06-03,18.68699073791504,19.297913027935877,18.489339912786797,19.04835384760268,598779000
2022-06-06,18.752872467041016,19.30290143941971,18.531263815257763,19.10525063409832,422406000
2022-06-07,18.892627716064453,18.96649663523193,18.15592818906813,18.439427797960548,388914000
2022-06-08,18.619050979614258,19.150224674884743,18.50622553593558,18.76981563316662,363252000
2022-06-09,18.01998519897461,18.903611679964875,18.01299609524454,18.452313635347775,395574000
2022-06-10,16.94765281677246,17.669530104023234,16.842814357055154,17.572680551655733,465248000
2022-06-13,15.622711181640625,16.286678851618216,15.581774461064812,15.975162900820372,604153000
2022-06-14,15.811418533325195,16.041061051837058,15.388075961207294,15.706581027600341,469680000
2022-06-15,16.501346588134766,16.841816878842977,15.901278698602091,16.070016042814906,563936000
2022-06-16,15.576781272888184,15.917252470030979,15.37709193777764,15.835379033270877,545749000
2022-06-17,15.855350494384766,15.970171757905689,15.304207286851554,15.623710264368553,630334000
2022-06-21,16.540285110473633,16.98159844424935,16.381531524997932,16.44942676298862,483089000
2022-06-22,16.334606170654297,16.63613744371276,16.15488526686756,16.200813392123194,437135000
2022-06-23,16.19981575012207,16.559255659016674,15.828392479583755,16.493358120207393,463680000
2022-06-24,17.09941291809082,17.11339112344329,16.28467969796983,16.47438527374452,472153000
2022-06-27,16.842815399169922,17.30310027621306,16.600192553602746,17.285128566242904,427968000
2022-06-28,15.957191467285156,17.175296973833603,15.920248247332506,16.873765723191674,461149000
2022-06-29,15.517874717712402,15.795443069795565,15.146452414426411,15.789452817507586,482352000
2022-06-30,15.135469436645508,15.542836100215856,14.838930531324044,15.337155541620188,686070000
2022-07-01,14.500454902648926,15.039616592506377,14.369658695440403,14.875871620652088,577610000
2022-07-05,14.94077205657959,14.94776116044216,14.033183597161376,14.152997214317173,651397000
2022-07-06,15.106513977050781,15.295220723870164,14.766042751623154,14.986700366030874,529066000
2022-07-07,15.83338451385498,15.920249363063476,15.365112647572856,15.432009036553442,492903000
2022-07-08,15.813416481018066,16.012107950332496,15.365113062847506,15.406049788102415,467972000
2022-07-11,15.12847900390625,15.502896867323374,15.014655653490305,15.501898015957396,437321000
2022-07-12,15.058588027954102,15.40704625326835,14.853906325120404,15.244299171117744,458483000
2022-07-13,15.140461921691895,15.351134848256727,14.442547507149973,14.567353481526045,521918000
2022-07-14,15.348137855529785,15.448980906104412,14.705137480469018,15.084547722465837,456235000
2022-07-15,15.737531661987305,15.757500119489807,15.42102337409571,15.634691868193833,385935000
2022-07-18,16.076005935668945,16.870769817035264,15.977160590348932,16.276694132734946,670517000
2022-07-19,16.965625762939453,17.083442634965255,16.146898863611145,16.460410653190557,702366000
2022-07-20,17.779359817504883,17.905165600723322,16.774922681217973,16.92069597381479,760538000
2022-07-21,18.021984100341797,18.115838067216817,17.517768741299832,17.857241184682085,557049000
2022-07-22,17.2921142578125,17.939107115384,17.11039568213851,17.86522258702626,536671000
2022-07-25,16.99757194519043,17.097417085099938,16.623154098820503,16.992578640781748,480748000
2022-07-26,16.50733757019043,16.8927380811664,16.452422639321977,16.862783963132348,397865000
2022-07-27,17.76238441467285,17.908157678578863,16.886745027673552,17.005559778739524,569776000
2022-07-28,17.956079483032227,18.11183743352725,17.412925310997032,17.94709458273469,474646000
2022-07-29,18.134807586669922,18.21568123422587,17.66453800022714,17.785350474084527,435460000
2022-08-01,18.412376403808594,18.816748460231146,17.96207621952918,18.153777639044684,476469000
2022-08-02,18.49724006652832,18.90860114970087,18.06391377512959,18.093867889937076,489527000
2022-08-03,18.863672256469727,18.938556596561604,18.108845268842018,18.15577319490234,418146000
2022-08-04,19.18517303466797,19.24408146520657,18.73087939960465,18.819741947233144,409652000
2022-08-05,18.95952606201172,19.199153311398565,18.63702746035856,18.78080304823543,386068000
2022-08-08,17.765380859375,18.210689626521116,17.21523743534715,17.474834090197074,981859000
2022-08-09,17.059476852416992,17.41991651210645,16.69803929354924,17.225219526625484,668263000
2022-08-10,18.068906784057617,18.089874092763363,17.290116951299066,17.670526014260716,597422000
2022-08-11,17.91415023803711,18.67796411597319,17.848252697095948,18.10285795787067,509327000
2022-08-12,18.67995834350586,18.688945150127985,17.925131336436703,18.131810749254285,478094000
2022-08-15,19.002460479736328,19.13425557524463,18.584112079295874,18.671974841505314,457666000
2022-08-16,18.849693298339844,19.112285523433606,18.472279819564992,18.8906300185085,451240000
2022-08-17,18.306537628173828,18.65899030543156,18.11683393671878,18.49424742554819,446799000
2022-08-18,18.74386215209961,18.835718409468257,18.15477776988283,18.272594646326187,415447000
2022-08-19,17.821290969848633,18.491248793105402,17.74241314234734,18.377425454253068,441588000
2022-08-22,17.0075626373291,17.530749526436782,16.939667385058787,17.462854274166467,409593000
2022-08-23,17.15433120727539,17.43789077526951,16.94365828212294,16.962629795617797,369986000
2022-08-24,17.195266723632812,17.378981119005086,16.868774654974345,16.98559171254238,522661000
2022-08-25,17.885194778442383,17.919142398294323,16.80687127701837,16.817853882408595,770691000
2022-08-26,16.234758377075195,17.896174759315368,16.211793365981354,17.82927933310313,769127000
2022-08-29,15.776473999023438,16.312640193283425,15.742527328464707,15.99513489157726,496132000
2022-08-30,15.443988800048828,16.01410156014586,15.158432518208786,15.93522467499421,530181000
2022-08-31,15.070568084716797,15.515875817701323,14.935777428871644,15.360117853461658,573710000
2022-09-01,13.915365219116211,14.35767736958631,13.249400817146027,14.186942340955959,1178865000
2022-09-02,13.625815391540527,14.149001175520134,13.56990161470963,14.078112245537563,743157000
2022-09-06,13.444098472595215,13.757611180820414,13.330275114521564,13.709685355906469,535751000
2022-09-07,13.696781158447266,13.820626019078334,13.329243169761526,13.545970723388965,512657000
2022-09-08,13.972433090209961,13.990411090298151,13.352213517895981,13.442099708429629,624873000
2022-09-09,14.368936538696289,14.455827199487729,14.108264556321975,14.139224819065335,486612000
2022-09-12,14.486787796020508,14.528734878407432,14.18017310182383,14.350958876155167,484159000
2022-09-13,13.114513397216797,13.904520650543393,13.082553985169255,13.784671426649664,714956000
2022-09-14,13.111517906188965,13.273314216178907,12.896787688730967,13.237359163133265,588507000
2022-09-15,12.912766456604004,13.216384660038566,12.77394104372565,12.99865891833725,523625000
2022-09-16,13.18143081665039,13.19541317970104,12.601159892617277,12.726002964127822,670751000
2022-09-19,13.365198135375977,13.446096763090381,12.99366546083005,12.995662804943986,569685000
2022-09-20,13.159457206726074,13.466071929007782,13.040607129076797,13.198408752850991,524818000
2022-09-21,13.244348526000977,14.013382133890827,13.093538106056018,13.1964094143311,807679000
2022-09-22,12.545228958129883,13.132490994300221,12.412396524843558,13.053589709999544,759162000
2022-09-23,12.500284194946289,12.595165175770894,12.241609581149898,12.40440501838907,663309000
2022-09-26,12.212645530700684,12.643105051772439,12.198663170837841,12.475315780941502,547343000
2022-09-27,12.397414207458496,12.720008599389836,12.24260909385547,12.491296042868766,553854000
2022-09-28,12.720008850097656,12.806899506976707,12.338488516455438,12.394417959508273,542414000
2022-09-29,12.204657554626465,12.48430573642893,11.931001405248,12.432370978846492,532763000
2022-09-30,12.123757362365723,12.617137495774331,12.05983759570121,12.071822611480606,565638000
2022-10-03,12.49629020690918,12.662082145584952,12.089800688912364,12.331497416498822,547478000
2022-10-04,13.150465965270996,13.203399862538964,12.86282750128622,12.86282750128622,584182000
2022-10-05,13.192414283752441,13.304274120258059,12.605153237647787,12.894789072692479,507131000
2022-10-06,13.11351490020752,13.638854510072967,13.086548373024156,13.203402054182803,644157000
2022-10-07,12.06083869934082,12.654092790461354,12.006906595827768,12.489299987372316,672478000
2022-10-10,11.65534782409668,12.108777324986262,11.393676694010551,12.021886664391426,698699000
2022-10-11,11.571453094482422,11.831125915365966,11.268833090820673,11.546483912922639,667482000
2022-10-12,11.485560417175293,11.720265004547636,11.330755304332975,11.564461695947893,492590000
2022-10-13,11.94498348236084,12.062835356186497,10.799423302844042,10.95722491597618,850103000
2022-10-14,11.21290397644043,12.095793879242922,11.189933090714273,12.041861778962122,713432000
2022-10-17,11.873071670532227,11.932996747101859,11.502538201372328,11.503536397037033,580774000
2022-10-18,11.951974868774414,12.47631532526222,11.603413077767147,12.328501382530158,659362000
2022-10-19,12.035869598388672,12.334494942688758,11.819142034502585,11.864085613152273,523131000
2022-10-20,12.178689002990723,12.752966821066378,12.089800053684597,12.097790381957378,652398000
2022-10-21,12.450345993041992,12.482306351508834,11.872073525922902,12.082808061772408,609494000
2022-10-24,12.583181381225586,12.69404207682602,12.048853249537009,12.492296031938748,517457000
2022-10-25,13.244348526000977,13.28330006623939,12.648098026202799,12.678061042532914,505482000
2022-10-26,12.87980842590332,13.371190325371368,12.692044742302587,12.852842851331863,532953000
2022-10-27,13.159457206726074,13.820626722681087,13.105525102649018,13.61288768328681,583113000
2022-10-28,13.816631317138672,13.832611976192785,13.04460203977238,13.087548275085938,521040000
2022-10-31,13.480053901672363,13.820626323430826,13.280305197439352,13.760701235922447,486341000
2022-11-01,13.525996208190918,13.907516554815446,13.502026173930659,13.793659368317671,432817000
2022-11-02,13.20240306854248,14.192159017824103,13.194413691854113,13.832611349969781,672628000
2022-11-03,13.40414810180664,13.7636966949046,12.939732756516582,13.02662341252142,500065000
2022-11-04,14.138223648071289,14.211131932127538,13.679799453581435,13.968437050479007,612576000
2022-11-07,14.283044815063477,14.39390551613281,13.936481302213952,14.210136511880672,410061000
2022-11-08,14.583666801452637,14.872303507657966,14.198150808496923,14.782416354106235,595292000
2022-11-09,13.758703231811523,14.193157476096932,13.741724378458798,14.14421826011374,454414000
2022-11-10,15.730224609375,15.753195494812513,14.528735003966306,14.781417601209665,700819000
2022-11-11,16.306499481201172,16.368421908305677,15.462561149104959,15.787152888563263,655487000
2022-11-14,16.2745418548584,16.519235097810885,15.902010008121769,16.19763886291601,527852000
2022-11-15,16.645076751708984,16.976658763192987,16.361432908123934,16.70100620171944,545876000
2022-11-16,15.890024185180664,16.34145634523152,15.853070937382359,16.14170859646812,649547000
2022-11-17,15.657317161560059,16.24557835765425,15.515495248164541,15.69526955824207,710894000
2022-11-18,15.389654159545898,15.981910050388137,15.101016492966707,15.945954045011389,492072000
2022-11-21,15.297768592834473,15.45756754683471,15.06106570167587,15.127981966089996,404739000
2022-11-22,16.017864227294922,16.037839574271395,15.103013909275052,15.308755601738653,472866000
2022-11-23,16.498260498046875,16.506251780380016,16.027853044396444,16.07778951044673,427241000
2022-11-25,16.249570846557617,16.466297423181434,16.151694328082346,16.297510910083282,167934000
2022-11-28,15.807126998901367,16.336462207153392,15.7052557881983,16.005876536577063,303741000
2022-11-29,15.619362831115723,15.911995146685767,15.500512771594675,15.807126494631538,298384000
2022-11-30,16.906076431274414,16.91306940041339,15.581402288704355,15.681301711729667,565298000
2022-12-01,17.117862701416016,17.247731843848307,16.618362775160893,16.98199904158871,470977000
2022-12-02,16.859119415283203,16.916063514428913,16.42855076225467,16.642337412278103,371389000
2022-12-05,16.59339141845703,16.978006665855066,16.455528923945028,16.662322665713035,352255000
2022-12-06,15.9710111618042,16.55642456672552,15.803178964975501,16.513468304609546,352694000
2022-12-07,16.103879928588867,16.169813909620327,15.651331932839504,15.75622742232806,372388000
2022-12-08,17.15183448791504,17.161824718235533,15.943043295317946,16.256730429968265,515456000
2022-12-09,16.983997344970703,17.565416038789124,16.95802427651782,17.142838730956267,465338000
2022-12-12,17.5174617767334,17.52045903534799,16.780200942536133,17.01996067185302,457328000
2022-12-13,18.053930282592773,18.771212764869844,17.693291186070848,18.512470961945905,656589000
2022-12-14,17.656322479248047,18.233745392403016,17.40257681640619,17.96900914629274,496888000
2022-12-15,16.935041427612305,17.3026733227037,16.683294617862668,17.128847600131643,478542000
2022-12-16,16.554426193237305,17.023957357323482,16.393587913415725,16.847134332454832,478232000
2022-12-19,16.23774528503418,16.592389818438555,16.128855034819484,16.55542806937623,354039000
2022-12-20,16.06891441345215,16.29368979912943,15.83614855958652,16.04793550448502,403260000
2022-12-21,16.484495162963867,16.610370494528894,16.085894074796574,16.097883108965103,325025000
2022-12-22,15.323659896850586,16.12186159180077,14.867117143254697,16.07790496925897,565045000
2022-12-23,15.190792083740234,15.323658484858957,14.86811517713691,15.180801856563045,349326000
2022-12-27,14.106878280639648,15.084899302148365,14.041942751760569,15.058925281140848,464902000
2022-12-28,14.021963119506836,14.247736933600988,13.87011470494691,13.913071922510106,351066000
2022-12-29,14.588397026062012,14.66831695169907,14.21277356611197,14.387598760713285,354923000
2022-12-30,14.599386215209961,14.61437060536108,14.218766699664881,14.319665531261037,310490000
2023-01-03,14.300683975219727,14.981003655234762,14.081903121676092,14.836148204062967,401277000
2023-01-04,14.73425006866455,14.838146156406989,14.226758666083303,14.552432867835895,431324000
2023-01-05,14.250733375549316,14.549434120901816,14.133849812431897,14.476507176700567,389168000
2023-01-06,14.84414005279541,14.994989063943777,14.01996530735585,14.45952485401676,405044000
2023-01-09,15.612370491027832,16.03994193956856,15.125857081198152,15.268714667138873,504231000
2023-01-10,15.893091201782227,15.946037698097602,15.456527932742713,15.491492779879401,384101000
2023-01-11,15.984997749328613,16.011971174963055,15.547436042925577,15.824159457593446,353285000
2023-01-12,16.494483947753906,16.620357362874767,15.47650318645187,16.083895766750675,551409000
2023-01-13,16.882102966308594,16.905080685202577,16.148837635119033,16.261723610585914,447287000
2023-01-17,17.684297561645508,17.71027253708016,16.882101069354157,16.882101069354157,511102000
2023-01-18,17.359622955322266,17.8551253151724,17.264716740500983,17.64933195026429,439624000
2023-01-19,16.748231887817383,17.17980093611209,16.714267402001692,17.018960755905177,452932000
2023-01-20,17.821157455444336,17.83814064956411,16.808171757754756,16.993984631195573,564967000
2023-01-23,19.17380714416504,19.22575518813864,17.80018219062393,18.045934566497856,655163000
2023-01-24,19.245737075805664,19.475508556003312,18.801182318643175,18.808175289131913,496204000
2023-01-25,19.303674697875977,19.350628576512324,18.561417754150824,18.894084898187952,449537000
2023-01-26,19.782196044921875,20.14583232825715,19.258719930188406,19.681297222805807,489535000
2023-01-27,20.344633102416992,20.607370568656833,19.385594095701595,19.442536298366885,542142000
2023-01-30,19.142837524414062,20.11985820147362,19.13084848856238,19.93004958460622,488611000
2023-01-31,19.51746368408203,19.667313303213437,18.931050789927134,19.150830104290442,498017000
2023-02-01,20.922054290771484,21.170803892462075,19.591385781806697,19.671305692212208,660477000
2023-02-02,21.687284469604492,21.927044172800503,20.679294884143992,20.978994036778822,564276000
2023-02-03,21.078895568847656,21.723250879049424,20.76820581662644,20.978995210566314,429366000
2023-02-06,21.067913055419922,21.548431080233986,20.765214633558085,20.78519509214831,452197000
2023-02-07,22.150827407836914,22.23674185018041,21.128849688047,21.36061803940656,664150000
2023-02-08,22.18279457092285,22.855121895585874,21.985991071016887,22.364611775367127,559651000
2023-02-09,22.31466293334961,22.996980498584975,22.097880878059367,22.583394939904977,523876000
2023-02-10,21.243730545043945,22.055917123650822,20.79018606002947,21.66830661145846,550737000
2023-02-13,21.766212463378906,22.02595269628812,20.94103823644768,21.516462459286352,474919000
2023-02-14,22.948026657104492,23.025947762746878,21.344630419532418,21.556418285015024,675474000
2023-02-15,22.741235733032227,22.832144335876976,22.083894699328933,22.52645058254248,420575000
2023-02-16,21.979997634887695,22.52744803558797,21.905071876709787,22.110865240742353,412026000
2023-02-17,21.366609573364258,21.71825680895327,20.954022522936867,21.609366570739,465888000
2023-02-21,20.63434410095215,21.472503832330847,20.597380448319672,20.97899838851901,410015000
2023-02-22,20.733245849609375,21.082896233045748,20.400578664452947,20.686293870610594,513184000
2023-02-23,23.640331268310547,23.864108157560736,23.001970445117642,23.416556284501297,1117995000
2023-02-24,23.262714385986328,23.450528025821583,22.92405457439787,23.201776465429027,589716000
2023-02-27,23.477495193481445,23.856115851316737,23.43054322131306,23.646326795039013,452994000
2023-02-28,23.192781448364258,23.801173550334713,23.182791220639693,23.348625571073445,455963000
2023-03-01,22.67530059814453,23.2327431288166,22.48549007597283,23.16880605034979,460026000
2023-03-02,23.290685653686523,23.35661963979288,22.40956766613419,22.465513328824382,389415000
2023-03-03,23.86610984802246,23.876100076867033,23.10686960480691,23.296680141971127,412393000
2023-03-06,23.53044319152832,24.223747422082624,23.463508860514835,23.86710603242782,437429000
2023-03-07,23.26866340637207,24.104968314326598,23.221701547557327,23.580404618172988,515154000
2023-03-08,24.160919189453125,24.179904417575,23.4045478535388,23.467495262178186,513573000
2023-03-09,23.41653823852539,24.43369248287704,23.363580850091193,24.154922945379216,501257000
2023-03-10,22.945932388305664,23.60738338746073,22.70713050905303,23.389563980500274,474866000
2023-03-13,22.946929931640625,23.278654989366956,22.27848671220757,22.733108829622278,421890000
2023-03-14,24.043018341064453,24.198888939320003,23.440518418628685,23.476489729466003,474910000
2023-03-15,24.2078800201416,24.26583051123997,23.340600837359847,23.74126688899198,524486000
2023-03-16,25.51978874206543,25.56674868740069,23.874155298745986,24.00704616957806,583253000
2023-03-17,25.703638076782227,26.377078166810012,25.646684297201393,25.960424630848856,848547000
2023-03-20,25.87849235534668,26.00238993506894,25.109131303094223,25.59372917074599,432747000
2023-03-21,26.177244186401367,26.370084715171625,25.359924553123577,26.158260863210074,547408000
2023-03-22,26.44602394104004,27.566093460595848,26.215214841606247,26.403058470135374,797295000
2023-03-23,27.168418884277344,27.476163665994406,26.667835494751287,27.09248178596672,564889000
2023-03-24,26.756763458251953,27.14444177136707,26.333115738961876,27.008555018771276,454920000
2023-03-27,26.508970260620117,26.977580691716717,26.343107731941966,26.814715931188335,361026000
2023-03-28,26.3880672454834,26.490982347841836,25.828532839951382,26.42503717383145,356104000
2023-03-29,26.96158790588379,27.055509697714722,26.57491019469119,26.802721471437458,393694000
2023-03-30,27.360260009765625,27.47616480917353,27.079493220776026,27.206388565387414,364516000
2023-03-31,27.75393295288086,27.810884824300686,27.082490132563102,27.117460914270833,433933000
2023-04-03,27.941776275634766,27.97674705699484,27.31329892606636,27.486155591511658,398716000
2023-04-04,27.43020248413086,27.976749146372356,27.284323812201485,27.942776983152683,368592000
2023-04-05,26.858680725097656,26.97558225141349,26.373084198934407,26.80672385592453,515015000
2023-04-06,27.01454734802246,27.057510906173512,26.405053322399837,26.561922527602437,397654000
2023-04-10,27.55609893798828,27.598063878336834,26.64685475224009,26.80072620018478,395279000
2023-04-11,27.146438598632812,27.76692318959248,27.103473133288535,27.700978013397847,314378000
2023-04-12,26.472999572753906,27.445191173354328,26.426037716955808,27.347272978771652,446259000
2023-04-13,26.44102668762207,26.86467442012051,26.30713907820163,26.71180158046341,353615000
2023-04-14,26.735780715942383,26.86067692126086,26.198227341528817,26.48199191641149,395660000
2023-04-17,26.97957992553711,26.983576314494652,26.41105214594061,26.542942510363897,321471000
2023-04-18,27.644027709960938,28.08666067670505,27.334285638782283,27.51014009932785,604812000
2023-04-19,27.907806396484375,27.97674934416324,27.209387427098346,27.338280018329133,358660000
2023-04-20,27.08149528503418,28.006727009696085,26.977581546120554,27.64802393339629,427713000
2023-04-21,27.096477508544922,27.16042543986034,26.699807852164234,26.929616382803516,345103000
2023-04-24,27.019546508789062,27.343276892968767,26.64885426501781,26.990571258678283,339282000
2023-04-25,26.219205856323242,27.224370883424804,26.203220303159572,27.05551061422272,378527000
2023-04-26,26.93361473083496,27.307304704799684,26.682823713649157,26.97957796491873,406337000
2023-04-27,27.203392028808594,27.47216966404172,26.60289125219407,27.340279304100545,377161000
2023-04-28,27.7259578704834,27.734949268700237,27.04851947681164,27.20239283065348,292216000
2023-05-01,28.8859920501709,29.033869862760206,27.756931277189757,27.81688091763852,570329000
2023-05-02,28.18657684326172,28.8120584439284,28.05968338673671,28.656187830632053,402730000
2023-05-03,27.778915405273438,28.3434468063841,27.449189488099005,27.8168839597217,383387000
2023-05-04,27.539112091064453,27.83586443324702,27.217378984903736,27.628036978765422,321850000
2023-05-05,28.65618324279785,28.731119816226787,27.707971926376775,27.802892348359304,361494000
2023-05-08,29.126792907714844,29.19573585601291,28.326459346526057,28.498315501122327,344979000
2023-05-09,28.54727554321289,28.94894217400301,28.426377630267304,28.875004213655114,314869000
2023-05-10,28.861013412475586,29.088824715990746,28.437365725975784,28.980912694288506,369350000
2023-05-11,28.55426788330078,28.92596062028458,28.22254475076314,28.872004608217654,322149000
2023-05-12,28.31646728515625,28.756102453152394,28.022710790728325,28.505309520725387,274222000
2023-05-15,28.928956985473633,28.944944446377114,28.128623434840744,28.48432681161874,293926000
2023-05-16,29.188737869262695,29.845193723113187,28.808055678185124,28.817047075448265,449405000
2023-05-17,30.152938842773438,30.173921312310178,29.40556081091014,29.55943225417957,432535000
2023-05-18,31.651691436767578,31.801566483071674,30.294819431722896,30.384744840658275,748725000
2023-05-19,31.238039016723633,31.553776602186183,30.89032841498642,31.50981251370551,473908000
2023-05-22,31.150114059448242,31.493828286869693,30.654525616110014,30.875340877060037,372000000
2023-05-23,30.66251564025879,31.262017766354816,30.60556376728732,30.974256822059314,356253000
2023-05-24,30.51263999938965,30.58158294267241,29.781247533939762,30.184911363622657,721419000
2023-05-25,37.94845962524414,39.44721397289926,36.60457534049064,38.49100796728165,1543911000
2023-05-26,38.91366195678711,39.13747499196258,37.51882115873588,37.85853900635431,714397000
2023-05-30,40.077693939208984,41.903176556488546,39.91582970590061,40.56129320908205,923401000
2023-05-31,37.802581787109375,40.26153667698876,37.79059071532984,39.45520761311079,1002580000
2023-06-01,39.73698043823242,40.01674674166672,38.30816742592722,38.45704197696047,635873000
2023-06-02,39.294342041015625,40.46636830283073,39.025564415674026,40.063703080946816,482731000
2023-06-05,39.13847351074219,39.5321435245976,38.674858118858616,38.87669004097322,396094000
2023-06-06,38.62190628051758,39.12748668498753,38.116325876047625,38.79776265430803,388729000
2023-06-07,37.447750091552734,39.47028049803264,37.32883713586247,38.886705495226614,511998000
2023-06-08,38.48200607299805,38.83574884803621,37.47773933461828,37.69657810413266,417772000
2023-06-09,38.74181365966797,39.68212760699857,38.53896213031096,39.00861783598584,427717000
2023-06-12,39.45329666137695,39.501262102808724,38.58992633945342,39.17150398137998,388701000
2023-06-13,40.9921760559082,41.07112100095235,39.711110397236205,40.15678529799824,613208000
2023-06-14,42.96574783325195,42.96874400584985,40.52252155664653,40.794327015832565,740465000
2023-06-15,42.62199401855469,43.25753327513272,42.116361328067455,42.571032403423146,568622000
2023-06-16,42.66095733642578,43.68920841570231,42.62997783526068,43.41840556812391,655709000
2023-06-20,43.77614974975586,43.95802045275375,42.642975308832675,42.96674106849241,451153000
2023-06-21,43.01370620727539,43.583295347445485,42.04941138244555,43.469375994641815,551603000
2023-06-22,42.993717193603516,43.394422782476106,42.20329197945321,42.22227535860052,417737000
2023-06-23,42.17831039428711,42.77787262265415,41.984451203476524,42.43312605670876,358140000
2023-06-26,40.60246276855469,42.732912892803704,40.070848008649996,42.43013175413964,594322000
2023-06-27,41.84555435180664,41.90950699852485,40.41859495947549,40.769337698334375,462175000
2023-06-28,41.08710479736328,41.814576115847736,40.4885413004538,40.630436345854235,582639000
2023-06-29,40.79231643676758,41.56975062175712,40.57047773361946,41.52778134342767,380514000
2023-06-30,42.271244049072266,42.51906484775984,41.470827697536826,41.649698416136715,501148000
2023-07-03,42.38216018676758,42.86680815864475,42.171315066266786,42.48608466102656,198209000
2023-07-05,42.28623580932617,43.14560736549417,42.05440222255246,42.104365108899316,323618000
2023-07-06,42.072391510009766,42.14833647102733,41.31594188398918,41.81358093287342,303582000
2023-07-07,42.472103118896484,43.18258864442645,42.14933985780963,42.291234930923494,355881000
2023-07-10,42.14934539794922,42.77988732826479,41.61872926646017,42.62599992082499,353908000
2023-07-11,42.37417221069336,42.72691623562603,42.03642048343686,42.45011717550455,298244000
2023-07-12,43.87007522583008,43.90305217383757,42.745893317289315,43.00170767445437,481277000
2023-07-13,45.94357681274414,46.12144500110187,44.459655768689124,44.485637843052004,478204000
2023-07-14,45.435943603515625,48.05303894524698,45.027240569884796,46.54913208580055,772075000
2023-07-17,46.42721939086914,46.46219379188679,45.22909361606182,46.25534736982459,510488000
2023-07-18,47.45947265625,47.86118084029625,45.70075380485252,46.66704987722195,569164000
2023-07-19,47.04277801513672,47.783240488874554,46.708022451305204,47.42949773035123,427502000
2023-07-20,45.48690414428711,47.052766164408155,45.029236960247545,46.47318603639003,537865000
2023-07-21,44.27678298950195,45.83265398251241,44.067935310129315,45.754707765315004,963769000
2023-07-24,44.57957077026367,45.076211144606674,44.0079879634292,44.69848374999772,382516000
2023-07-25,45.645790100097656,46.14942147302996,44.8903392287754,44.90832769720461,348081000
2023-07-26,45.41896057128906,46.019525442170895,44.597559486500465,45.98754720872081,364237000
2023-07-27,45.86663055419922,47.360542567448725,45.716738084889066,46.48518000024853,455976000
2023-07-28,46.71601486206055,46.992813922510294,46.34728362681164,46.63407374046653,331194000
2023-07-31,46.69502639770508,47.095735831876695,46.47218895380473,46.72000974655935,251055000
2023-08-01,46.47318649291992,46.86590231278374,45.99353594015361,46.42621978047181,237858000
2023-08-02,44.236820220947266,45.80667734864654,43.35546141010275,45.79768501941141,530142000
2023-08-03,44.48263168334961,45.08519387093538,43.768151421029266,43.768151421029266,324176000
2023-08-04,44.64751434326172,45.608812879018394,44.360724265707994,44.95229288862931,362666000
2023-08-07,45.38398361206055,45.506895294186684,44.53060434183165,45.07820630485827,322154000
2023-08-08,44.63153839111328,45.209117399814986,44.02397859516087,44.82040019713184,353843000
2023-08-09,42.52306365966797,44.279784996235016,42.10336702177276,44.2418106099287,586449000
2023-08-10,42.3571891784668,43.542327913208446,41.80458974449363,42.12935426842484,492705000
2023-08-11,40.82529830932617,41.98745483103536,40.609455735906536,41.72064683355446,533085000
2023-08-14,43.721187591552734,43.76815430441539,40.28169257903262,40.456564582325726,690286000
2023-08-15,43.908058166503906,45.2350957564997,43.67822581342224,44.527610226384226,676512000
2023-08-16,43.45438003540039,44.64251465307659,43.37443637616986,44.48762857822179,527451000
2023-08-17,43.3124885559082,44.02996504043604,42.9697356160732,43.93803287430319,452395000
2023-08-18,43.26751708984375,43.54631355808522,41.6297088674994,42.603998420369834,583768000
2023-08-21,46.932857513427734,47.030785847728,44.18985399309083,44.46165562877054,692573000
2023-08-22,45.634803771972656,48.151973748830216,45.30004819413079,48.100009595272404,755293000
2023-08-23,47.081748962402344,47.165687530536545,45.175135085824124,45.832657681466124,779046000
2023-08-24,47.12871170043945,50.229456525679716,47.12471680402284,50.17949363700367,1156044000
2023-08-25,45.98453903198242,47.770238343862324,44.99125853712774,46.97781571491374,925341000
2023-08-28,46.80095291137695,46.945847962697144,44.85536966380344,46.44820888033288,685192000
2023-08-29,48.748531341552734,49.04531628812588,46.35726964870884,46.632071231077255,701397000
2023-08-30,49.228187561035156,49.890703795125454,48.3897967692124,49.00834626983168,735206000
2023-08-31,49.31912612915039,49.707843325624495,48.922415326845325,49.34410948280614,528570000
2023-09-01,48.47373580932617,49.763797697596935,48.107002016363225,49.72582712049024,463830000
2023-09-05,48.51271057128906,48.81549172198567,47.825210956107306,48.18794605289678,382653000
2023-09-06,47.03065872192383,48.5176983121161,46.54996984821671,48.409770048373865,468670000
2023-09-07,46.2111930847168,46.314127328933516,45.122894378455285,45.495655031746296,433330000
2023-09-08,45.54261779785156,46.575951562479766,45.24181316746759,45.9123819993529,473069000
2023-09-11,45.14887237548828,46.13323408329751,44.28342961037863,46.118244364675505,473966000
2023-09-12,44.84107208251953,45.64355580633702,44.50228992802937,44.7091572109494,349256000
2023-09-13,45.45568084716797,45.900393693899545,44.47431159036819,44.571249185878756,398355000
2023-09-14,45.55162048339844,45.95735701328926,45.101909783891045,45.92038211332298,370097000
2023-09-15,43.8716926574707,45.56959455833425,43.77974911676851,45.31176150881473,506831000
2023-09-18,43.937652587890625,44.21347561321812,41.97292056005233,42.7204393860463,500271000
2023-09-19,43.491939544677734,43.937651117962965,42.97427198636258,43.80473745342954,373064000
2023-09-20,42.21177291870117,43.874701837692996,42.19578439055347,43.57189573593531,367108000
2023-09-21,40.990562438964844,42.072864617979214,40.95358753623693,41.55619953736175,450736000
2023-09-22,41.58317565917969,42.087851165439716,41.204418374834624,41.54519814398996,479236000
2023-09-25,42.19478225708008,42.508579017607495,41.15045392041829,41.56418850458507,419091000
2023-09-26,41.88398361206055,42.79239807025896,41.62814811031587,41.97392575085955,402282000
2023-09-27,42.440616607666016,42.84435926371942,41.60216067664093,42.302708909565496,444935000
2023-09-28,43.06121826171875,43.41798652388978,42.08784724239294,42.43262220486007,424663000
2023-09-29,43.47096252441406,44.11554723609924,43.27908493939051,43.79875022196394,397830000
2023-10-02,44.75313186645508,45.145876254159724,43.83272417445268,44.00161394425031,433298000
2023-10-03,43.48894119262695,45.10090400420974,43.2181160083425,44.77910920077743,470850000
2023-10-04,44.012611389160156,44.11454682903524,43.26409364811851,43.71380433905175,361821000
2023-10-05,44.6591911315918,44.87105626291606,43.859707622537925,44.021601937102886,393483000
2023-10-06,45.73249435424805,45.759477372005065,43.99761364120761,44.16450577901021,434436000
2023-10-09,45.24380874633789,45.57559541910592,44.33939347095082,44.813086880403254,409675000
2023-10-10,45.76847457885742,46.22917591041197,45.05893322747722,45.280790227106074,368582000
2023-10-11,46.775821685791016,46.82878891705578,46.020308596739376,46.16621437205222,378137000
2023-10-12,46.91473388671875,47.57830726462998,46.30013251687724,46.746842929581085,481325000
2023-10-13,45.43168640136719,47.085621890391806,45.25080334969889,46.92972043199577,474115000
2023-10-16,46.065284729003906,46.19519817588755,44.8830449142491,45.03394854361238,375099000
2023-10-17,43.90967559814453,44.72515146398081,42.452615298122,43.971635905037324,812333000
2023-10-18,42.168792724609375,43.19113575483381,41.79803354808787,42.563538500675094,627294000
2023-10-19,42.07386016845703,43.26908828015481,41.85499958396407,42.783401532452814,501233000
2023-10-20,41.36031723022461,42.44261916103959,41.05151453316081,41.86299127969732,477266000
2023-10-23,42.947296142578125,43.22012278548461,40.91860593108143,41.20242325687503,478530000
2023-10-24,43.63485336303711,43.668831843368594,42.66348359708828,43.049232558078,401463000
2023-10-25,41.75206756591797,43.62186366950043,41.52821293771827,43.37002340053755,398379000
2023-10-26,40.29999923706055,42.22875513682953,39.85428765821612,41.826015100945305,541001000
2023-10-27,40.4738883972168,41.17943449809006,39.98920048176121,41.103483284155644,416784000
2023-10-30,41.13446044921875,41.739069913670384,40.454898579106334,41.06051066207629,388028000
2023-10-31,40.75370788574219,40.8526468966784,39.204707934267006,40.42392261933526,517969000
2023-11-01,42.29771423339844,42.353677886742396,40.842651621979584,40.85764134166272,437593000
2023-11-02,43.47795486450195,43.85570954416318,42.86634987139054,43.300068207297876,409172000
2023-11-03,44.97598648071289,45.27978753454021,43.694811487819166,43.99162089726106,424610000
2023-11-06,45.72150421142578,45.90538750972343,44.87005229839821,45.25580503371784,400733000
2023-11-07,45.925376892089844,46.18820402459903,45.128889794516326,45.68952896873558,343165000
2023-11-08,46.543975830078125,46.83678620591324,45.93836370236791,46.07027857367067,346719000
2023-11-09,46.919734954833984,48.198908596818825,46.71986312021431,47.43639996851601,540496000
2023-11-10,48.30384063720703,48.440753359097926,47.25252065392858,47.46937982263058,421245000
2023-11-13,48.588645935058594,49.08432828132343,48.067981997586955,48.288840154915654,384136000
2023-11-14,49.62398910522461,49.80187576621573,49.00838887341186,49.64797570826254,416954000
2023-11-15,48.856483459472656,49.927790961524366,48.168927272564574,49.902809365822506,475497000
2023-11-16,49.4481086730957,49.49308165204174,48.298852158899884,48.64762624534689,339756000
2023-11-17,49.26622009277344,49.684948701072095,48.97540732164273,49.49207232670018,325205000
2023-11-20,50.37649917602539,50.51540949473078,49.14929028900057,49.280206345168914,414120000
2023-11-21,49.91179656982422,50.484425150048665,49.19026199029503,50.09367842406972,565747000
2023-11-22,48.684593200683594,50.302548939584284,47.659253670052365,49.819862426084605,899420000
2023-11-24,47.74520492553711,48.889467324614394,47.71422286454428,48.438757822338204,294645000
2023-11-27,48.21089553833008,48.49870804491457,47.621275800712816,47.76917918519112,395662000
2023-11-28,47.7901725769043,48.29185168991899,47.442397333062274,48.20490597283938,401491000
2023-11-29,48.10896682739258,48.730567513457544,47.82914854414182,48.34781498680007,382005000
2023-11-30,46.73984909057617,48.078985380939635,46.39207386383031,47.99303847449865,526247000
2023-12-01,46.7348518371582,47.169572782203616,46.15722533542331,46.495008690555146,369317000
2023-12-04,45.480655670166016,46.047291437827624,44.980978046044385,46.047291437827624,437543000
2023-12-05,46.54007339477539,46.57405104711008,45.24579248346221,45.44068360016381,371718000
2023-12-06,45.477657318115234,47.360610785418956,45.386708393351064,47.18870568926755,380590000
2023-12-07,46.57005310058594,46.603035669637734,45.57860492878931,45.67455214099108,350823000
2023-12-08,47.479549407958984,47.71441917110969,46.52408042310089,46.56905734985708,359224000
2023-12-11,46.60103988647461,47.50453592444969,45.8044865345936,47.46456109151934,509728000
2023-12-12,47.630470275878906,47.639464136950096,46.020367077736175,46.020367077736175,372387000
2023-12-13,48.06122589111328,48.5669446692335,47.58149361223289,47.60248182794816,447792000
2023-12-14,48.32307434082031,48.64289584092454,47.395593515547255,48.36305298147659,391232000
2023-12-15,48.86277389526367,49.37648760181643,48.09320222955156,48.16716233251439,479948000
2023-12-18,50.04911422729492,50.404914981750885,49.12263228888661,49.372493076088325,412587000
2023-12-19,49.57637405395508,49.67232125952952,48.86776928450163,49.396473996646186,464444000
2023-12-20,48.08420944213867,49.97115859701397,48.07121619318162,49.62734838444094,397894000
2023-12-21,48.96272277832031,49.06766385409553,48.39203776733346,48.783821596134075,300425000
2023-12-22,48.80281066894531,49.355500319360594,48.44001003124747,49.16760528234189,252507000
2023-12-26,49.251556396484375,49.572376781102484,48.93273380006729,48.9407287654443,244200000
2023-12-27,49.38948440551758,49.65233845498923,49.05766853127738,49.483433835302336,233648000
2023-12-28,49.494422912597656,49.85622084400242,49.384483556355164,49.61535772949362,246587000
2023-12-29,49.494422912597656,49.969160695229064,48.7238523373362,49.78526123454254,389293000
